series_id,x13_spec_id,status,returncode,stderr,stdout,n_observed,segment_start,segment_end,spec_path
00080,,segment_too_short,,,,48,2000-01,2003-12,
00440,,segment_too_short,,,,48,2000-01,2003-12,
00560,,segment_too_short,,,,48,2000-01,2003-12,
00720,,segment_too_short,,,,48,2000-01,2003-12,
00875,,segment_too_short,,,,48,2000-01,2003-12,
01120,,segment_too_short,,,,48,2000-01,2003-12,
01125,,segment_too_short,,,,48,2000-01,2003-12,
01145,,segment_too_short,,,,48,2000-01,2003-12,
01150,,segment_too_short,,,,48,2000-01,2003-12,
01160,,segment_too_short,,,,48,2000-01,2003-12,
01200,,segment_too_short,,,,48,2000-01,2003-12,
01600,,segment_too_short,,,,48,2000-01,2003-12,
01640,,segment_too_short,,,,48,2000-01,2003-12,
01680,,segment_too_short,,,,48,2000-01,2003-12,
01920,,segment_too_short,,,,48,2000-01,2003-12,
01930,,segment_too_short,,,,48,2000-01,2003-12,
02080,,segment_too_short,,,,48,2000-01,2003-12,
02160,,segment_too_short,,,,48,2000-01,2003-12,
02281,,segment_too_short,,,,48,2000-01,2003-12,
02600,,segment_too_short,,,,48,2000-01,2003-12,
02640,,segment_too_short,,,,48,2000-01,2003-12,
02680,,segment_too_short,,,,48,2000-01,2003-12,
02800,,segment_too_short,,,,48,2000-01,2003-12,
02920,,segment_too_short,,,,48,2000-01,2003-12,
02960,,segment_too_short,,,,48,2000-01,2003-12,
03060,,segment_too_short,,,,48,2000-01,2003-12,
03180,,segment_too_short,,,,48,2000-01,2003-12,
03200,,segment_too_short,,,,48,2000-01,2003-12,
03360,,segment_too_short,,,,48,2000-01,2003-12,
03640,,segment_too_short,,,,48,2000-01,2003-12,
03740,,segment_too_short,,,,48,2000-01,2003-12,
03800,,segment_too_short,,,,48,2000-01,2003-12,
04160,,segment_too_short,,,,48,2000-01,2003-12,
04480,,segment_too_short,,,,48,2000-01,2003-12,
04560,,segment_too_short,,,,48,2000-01,2003-12,
04760,,segment_too_short,,,,48,2000-01,2003-12,
05000,,segment_too_short,,,,48,2000-01,2003-12,
05015,,segment_too_short,,,,48,2000-01,2003-12,
05080,,segment_too_short,,,,48,2000-01,2003-12,
05190,,segment_too_short,,,,48,2000-01,2003-12,
05350,,segment_too_short,,,,48,2000-01,2003-12,
05380,,segment_too_short,,,,48,2000-01,2003-12,
05400,,segment_too_short,,,,48,2000-01,2003-12,
05480,,segment_too_short,,,,48,2000-01,2003-12,
05600,,segment_too_short,,,,48,2000-01,2003-12,
05640,,segment_too_short,,,,48,2000-01,2003-12,
05660,,segment_too_short,,,,48,2000-01,2003-12,
05775,,segment_too_short,,,,48,2000-01,2003-12,
05910,,segment_too_short,,,,48,2000-01,2003-12,
05945,,segment_too_short,,,,48,2000-01,2003-12,
06160,,segment_too_short,,,,48,2000-01,2003-12,
06440,,segment_too_short,,,,48,2000-01,2003-12,
06450,,segment_too_short,,,,48,2000-01,2003-12,
06600,,segment_too_short,,,,48,2000-01,2003-12,
06780,,segment_too_short,,,,48,2000-01,2003-12,
06920,,segment_too_short,,,,48,2000-01,2003-12,
07080,,segment_too_short,,,,48,2000-01,2003-12,
07360,,segment_too_short,,,,48,2000-01,2003-12,
07400,,segment_too_short,,,,48,2000-01,2003-12,
07485,,segment_too_short,,,,48,2000-01,2003-12,
07500,,segment_too_short,,,,48,2000-01,2003-12,
07600,,segment_too_short,,,,48,2000-01,2003-12,
08040,,segment_too_short,,,,48,2000-01,2003-12,
08200,,segment_too_short,,,,48,2000-01,2003-12,
08480,,segment_too_short,,,,48,2000-01,2003-12,
08720,,segment_too_short,,,,48,2000-01,2003-12,
08735,,segment_too_short,,,,48,2000-01,2003-12,
08760,,segment_too_short,,,,48,2000-01,2003-12,
08840,,segment_too_short,,,,48,2000-01,2003-12,
08880,,segment_too_short,,,,48,2000-01,2003-12,
09160,,segment_too_short,,,,48,2000-01,2003-12,
09240,,segment_too_short,,,,48,2000-01,2003-12,
09270,,segment_too_short,,,,48,2000-01,2003-12,
09999,,segment_too_short,,,,48,2000-01,2003-12,
10180,permits_10180_200401_202606,ok,0,,,270,2004-01-01,2026-06-01,D:\Programming\Dynamic Paper-dlrhcs_replication\data\zillow\tools\x13\work\permits_10180_200401_202606.spc
10420,permits_10420_200401_202606,ok,0,,,270,2004-01-01,2026-06-01,D:\Programming\Dynamic Paper-dlrhcs_replication\data\zillow\tools\x13\work\permits_10420_200401_202606.spc
10500,permits_10500_200401_202606,ok,0,,,270,2004-01-01,2026-06-01,D:\Programming\Dynamic Paper-dlrhcs_replication\data\zillow\tools\x13\work\permits_10500_200401_202606.spc
10540,permits_10540_201401_202606,ok,0,,,150,2014-01-01,2026-06-01,D:\Programming\Dynamic Paper-dlrhcs_replication\data\zillow\tools\x13\work\permits_10540_201401_202606.spc
10580,permits_10580_200401_202606,ok,0,,,270,2004-01-01,2026-06-01,D:\Programming\Dynamic Paper-dlrhcs_replication\data\zillow\tools\x13\work\permits_10580_200401_202606.spc
10740,permits_10740_200401_202606,ok,0,,,270,2004-01-01,2026-06-01,D:\Programming\Dynamic Paper-dlrhcs_replication\data\zillow\tools\x13\work\permits_10740_200401_202606.spc
10780,permits_10780_200401_202606,ok,0,,,270,2004-01-01,2026-06-01,D:\Programming\Dynamic Paper-dlrhcs_replication\data\zillow\tools\x13\work\permits_10780_200401_202606.spc
10900,permits_10900_200401_202606,ok,0,,,270,2004-01-01,2026-06-01,D:\Programming\Dynamic Paper-dlrhcs_replication\data\zillow\tools\x13\work\permits_10900_200401_202606.spc
11020,permits_11020_200401_202606,ok,0,,,270,2004-01-01,2026-06-01,D:\Programming\Dynamic Paper-dlrhcs_replication\data\zillow\tools\x13\work\permits_11020_200401_202606.spc
11100,permits_11100_200401_202606,ok,0,,,270,2004-01-01,2026-06-01,D:\Programming\Dynamic Paper-dlrhcs_replication\data\zillow\tools\x13\work\permits_11100_200401_202606.spc
11180,permits_11180_200401_202606,ok,0,,,270,2004-01-01,2026-06-01,D:\Programming\Dynamic Paper-dlrhcs_replication\data\zillow\tools\x13\work\permits_11180_200401_202606.spc
11200,,segment_too_short,,,,30,2024-01,2026-06,
11260,permits_11260_200401_202606,ok,0,,,270,2004-01-01,2026-06-01,D:\Programming\Dynamic Paper-dlrhcs_replication\data\zillow\tools\x13\work\permits_11260_200401_202606.spc
11300,permits_11300_200401_201312,ok,0,,,120,2004-01-01,2013-12-01,D:\Programming\Dynamic Paper-dlrhcs_replication\data\zillow\tools\x13\work\permits_11300_200401_201312.spc
11340,permits_11340_200401_201312,ok,0,,,120,2004-01-01,2013-12-01,D:\Programming\Dynamic Paper-dlrhcs_replication\data\zillow\tools\x13\work\permits_11340_200401_201312.spc
11460,permits_11460_200401_202606,ok,0,,,270,2004-01-01,2026-06-01,D:\Programming\Dynamic Paper-dlrhcs_replication\data\zillow\tools\x13\work\permits_11460_200401_202606.spc
11500,permits_11500_200401_202606,ok,0,,,270,2004-01-01,2026-06-01,D:\Programming\Dynamic Paper-dlrhcs_replication\data\zillow\tools\x13\work\permits_11500_200401_202606.spc
11540,permits_11540_200401_202606,ok,0,,,270,2004-01-01,2026-06-01,D:\Programming\Dynamic Paper-dlrhcs_replication\data\zillow\tools\x13\work\permits_11540_200401_202606.spc
11700,permits_11700_200401_202606,ok,0,,,270,2004-01-01,2026-06-01,D:\Programming\Dynamic Paper-dlrhcs_replication\data\zillow\tools\x13\work\permits_11700_200401_202606.spc
12020,permits_12020_200401_202606,ok,0,,,270,2004-01-01,2026-06-01,D:\Programming\Dynamic Paper-dlrhcs_replication\data\zillow\tools\x13\work\permits_12020_200401_202606.spc
12060,permits_12060_200401_202606,ok,0,,,270,2004-01-01,2026-06-01,D:\Programming\Dynamic Paper-dlrhcs_replication\data\zillow\tools\x13\work\permits_12060_200401_202606.spc
12100,permits_12100_200401_202606,ok,0,,,270,2004-01-01,2026-06-01,D:\Programming\Dynamic Paper-dlrhcs_replication\data\zillow\tools\x13\work\permits_12100_200401_202606.spc
12220,permits_12220_200401_202606,ok,0,,,270,2004-01-01,2026-06-01,D:\Programming\Dynamic Paper-dlrhcs_replication\data\zillow\tools\x13\work\permits_12220_200401_202606.spc
12260,permits_12260_200401_202606,ok,0,,,270,2004-01-01,2026-06-01,D:\Programming\Dynamic Paper-dlrhcs_replication\data\zillow\tools\x13\work\permits_12260_200401_202606.spc
12420,permits_12420_200401_202606,ok,0,,,270,2004-01-01,2026-06-01,D:\Programming\Dynamic Paper-dlrhcs_replication\data\zillow\tools\x13\work\permits_12420_200401_202606.spc
12540,permits_12540_200401_202606,ok,0,,,270,2004-01-01,2026-06-01,D:\Programming\Dynamic Paper-dlrhcs_replication\data\zillow\tools\x13\work\permits_12540_200401_202606.spc
12580,permits_12580_200401_202606,ok,0,,,270,2004-01-01,2026-06-01,D:\Programming\Dynamic Paper-dlrhcs_replication\data\zillow\tools\x13\work\permits_12580_200401_202606.spc
12620,permits_12620_200401_202606,ok,0,,,270,2004-01-01,2026-06-01,D:\Programming\Dynamic Paper-dlrhcs_replication\data\zillow\tools\x13\work\permits_12620_200401_202606.spc
12700,permits_12700_200401_202606,ok,0,,,270,2004-01-01,2026-06-01,D:\Programming\Dynamic Paper-dlrhcs_replication\data\zillow\tools\x13\work\permits_12700_200401_202606.spc
12940,permits_12940_200401_202606,ok,0,,,270,2004-01-01,2026-06-01,D:\Programming\Dynamic Paper-dlrhcs_replication\data\zillow\tools\x13\work\permits_12940_200401_202606.spc
12980,permits_12980_200401_202606,ok,0,,,270,2004-01-01,2026-06-01,D:\Programming\Dynamic Paper-dlrhcs_replication\data\zillow\tools\x13\work\permits_12980_200401_202606.spc
13020,permits_13020_200401_202606,ok,0,,,270,2004-01-01,2026-06-01,D:\Programming\Dynamic Paper-dlrhcs_replication\data\zillow\tools\x13\work\permits_13020_200401_202606.spc
13140,permits_13140_200401_202606,ok,0,,,270,2004-01-01,2026-06-01,D:\Programming\Dynamic Paper-dlrhcs_replication\data\zillow\tools\x13\work\permits_13140_200401_202606.spc
13220,permits_13220_201401_202606,ok,0,,,150,2014-01-01,2026-06-01,D:\Programming\Dynamic Paper-dlrhcs_replication\data\zillow\tools\x13\work\permits_13220_201401_202606.spc
13380,permits_13380_200401_202606,ok,0,,,270,2004-01-01,2026-06-01,D:\Programming\Dynamic Paper-dlrhcs_replication\data\zillow\tools\x13\work\permits_13380_200401_202606.spc
13460,permits_13460_200401_202606,ok,0,,,270,2004-01-01,2026-06-01,D:\Programming\Dynamic Paper-dlrhcs_replication\data\zillow\tools\x13\work\permits_13460_200401_202606.spc
13740,permits_13740_200401_202606,ok,0,,,270,2004-01-01,2026-06-01,D:\Programming\Dynamic Paper-dlrhcs_replication\data\zillow\tools\x13\work\permits_13740_200401_202606.spc
13780,permits_13780_200401_202606,ok,0,,,270,2004-01-01,2026-06-01,D:\Programming\Dynamic Paper-dlrhcs_replication\data\zillow\tools\x13\work\permits_13780_200401_202606.spc
13820,permits_13820_200401_202606,ok,0,,,270,2004-01-01,2026-06-01,D:\Programming\Dynamic Paper-dlrhcs_replication\data\zillow\tools\x13\work\permits_13820_200401_202606.spc
13900,permits_13900_200401_202606,ok,0,,,270,2004-01-01,2026-06-01,D:\Programming\Dynamic Paper-dlrhcs_replication\data\zillow\tools\x13\work\permits_13900_200401_202606.spc
13980,,segment_too_short,,,,12,2004-01,2004-12,
13980,permits_13980_201501_202606,ok,0,,,138,2015-01-01,2026-06-01,D:\Programming\Dynamic Paper-dlrhcs_replication\data\zillow\tools\x13\work\permits_13980_201501_202606.spc
14010,permits_14010_201401_202606,ok,0,,,150,2014-01-01,2026-06-01,D:\Programming\Dynamic Paper-dlrhcs_replication\data\zillow\tools\x13\work\permits_14010_201401_202606.spc
14020,permits_14020_200401_202606,ok,0,,,270,2004-01-01,2026-06-01,D:\Programming\Dynamic Paper-dlrhcs_replication\data\zillow\tools\x13\work\permits_14020_200401_202606.spc
14060,permits_14060_200401_201312,ok,0,,,120,2004-01-01,2013-12-01,D:\Programming\Dynamic Paper-dlrhcs_replication\data\zillow\tools\x13\work\permits_14060_200401_201312.spc
14100,permits_14100_201401_202312,ok,0,,,120,2014-01-01,2023-12-01,D:\Programming\Dynamic Paper-dlrhcs_replication\data\zillow\tools\x13\work\permits_14100_201401_202312.spc
14260,permits_14260_200401_202606,ok,0,,,270,2004-01-01,2026-06-01,D:\Programming\Dynamic Paper-dlrhcs_replication\data\zillow\tools\x13\work\permits_14260_200401_202606.spc
14460,permits_14460_200401_202606,ok,0,,,270,2004-01-01,2026-06-01,D:\Programming\Dynamic Paper-dlrhcs_replication\data\zillow\tools\x13\work\permits_14460_200401_202606.spc
14500,permits_14500_200401_202606,ok,0,,,270,2004-01-01,2026-06-01,D:\Programming\Dynamic Paper-dlrhcs_replication\data\zillow\tools\x13\work\permits_14500_200401_202606.spc
14540,permits_14540_200401_202606,ok,0,,,270,2004-01-01,2026-06-01,D:\Programming\Dynamic Paper-dlrhcs_replication\data\zillow\tools\x13\work\permits_14540_200401_202606.spc
14580,,segment_too_short,,,,30,2024-01,2026-06,
14600,,segment_too_short,,,,25,2007-12,2009-12,
14740,permits_14740_200401_202606,ok,0,,,270,2004-01-01,2026-06-01,D:\Programming\Dynamic Paper-dlrhcs_replication\data\zillow\tools\x13\work\permits_14740_200401_202606.spc
14860,permits_14860_200401_202606,ok,0,,,270,2004-01-01,2026-06-01,D:\Programming\Dynamic Paper-dlrhcs_replication\data\zillow\tools\x13\work\permits_14860_200401_202606.spc
15180,permits_15180_200401_202606,ok,0,,,270,2004-01-01,2026-06-01,D:\Programming\Dynamic Paper-dlrhcs_replication\data\zillow\tools\x13\work\permits_15180_200401_202606.spc
15260,permits_15260_200401_202606,ok,0,,,270,2004-01-01,2026-06-01,D:\Programming\Dynamic Paper-dlrhcs_replication\data\zillow\tools\x13\work\permits_15260_200401_202606.spc
15380,permits_15380_200401_202606,ok,0,,,270,2004-01-01,2026-06-01,D:\Programming\Dynamic Paper-dlrhcs_replication\data\zillow\tools\x13\work\permits_15380_200401_202606.spc
15500,permits_15500_200401_202606,ok,0,,,270,2004-01-01,2026-06-01,D:\Programming\Dynamic Paper-dlrhcs_replication\data\zillow\tools\x13\work\permits_15500_200401_202606.spc
15540,permits_15540_200401_202606,ok,0,,,270,2004-01-01,2026-06-01,D:\Programming\Dynamic Paper-dlrhcs_replication\data\zillow\tools\x13\work\permits_15540_200401_202606.spc
15680,permits_15680_201401_202312,ok,0,,,120,2014-01-01,2023-12-01,D:\Programming\Dynamic Paper-dlrhcs_replication\data\zillow\tools\x13\work\permits_15680_201401_202312.spc
15940,permits_15940_200401_202606,ok,0,,,270,2004-01-01,2026-06-01,D:\Programming\Dynamic Paper-dlrhcs_replication\data\zillow\tools\x13\work\permits_15940_200401_202606.spc
15980,permits_15980_200401_202606,ok,0,,,270,2004-01-01,2026-06-01,D:\Programming\Dynamic Paper-dlrhcs_replication\data\zillow\tools\x13\work\permits_15980_200401_202606.spc
16020,permits_16020_200901_202606,ok,0,,,210,2009-01-01,2026-06-01,D:\Programming\Dynamic Paper-dlrhcs_replication\data\zillow\tools\x13\work\permits_16020_200901_202606.spc
16060,,segment_too_short,,,,12,2014-01,2014-12,
16060,,segment_too_short,,,,24,2022-01,2023-12,
16180,permits_16180_200401_202606,ok,0,,,270,2004-01-01,2026-06-01,D:\Programming\Dynamic Paper-dlrhcs_replication\data\zillow\tools\x13\work\permits_16180_200401_202606.spc
16220,permits_16220_200401_202606,ok,0,,,270,2004-01-01,2026-06-01,D:\Programming\Dynamic Paper-dlrhcs_replication\data\zillow\tools\x13\work\permits_16220_200401_202606.spc
16300,permits_16300_200401_202606,ok,0,,,270,2004-01-01,2026-06-01,D:\Programming\Dynamic Paper-dlrhcs_replication\data\zillow\tools\x13\work\permits_16300_200401_202606.spc
16540,permits_16540_201401_202606,ok,0,,,150,2014-01-01,2026-06-01,D:\Programming\Dynamic Paper-dlrhcs_replication\data\zillow\tools\x13\work\permits_16540_201401_202606.spc
16580,permits_16580_200401_202606,ok,0,,,270,2004-01-01,2026-06-01,D:\Programming\Dynamic Paper-dlrhcs_replication\data\zillow\tools\x13\work\permits_16580_200401_202606.spc
16620,permits_16620_200401_202606,ok,0,,,270,2004-01-01,2026-06-01,D:\Programming\Dynamic Paper-dlrhcs_replication\data\zillow\tools\x13\work\permits_16620_200401_202606.spc
16700,permits_16700_200401_202606,ok,0,,,270,2004-01-01,2026-06-01,D:\Programming\Dynamic Paper-dlrhcs_replication\data\zillow\tools\x13\work\permits_16700_200401_202606.spc
16740,permits_16740_200401_202606,ok,0,,,270,2004-01-01,2026-06-01,D:\Programming\Dynamic Paper-dlrhcs_replication\data\zillow\tools\x13\work\permits_16740_200401_202606.spc
16820,permits_16820_200401_202606,ok,0,,,270,2004-01-01,2026-06-01,D:\Programming\Dynamic Paper-dlrhcs_replication\data\zillow\tools\x13\work\permits_16820_200401_202606.spc
16860,permits_16860_200401_202606,ok,0,,,270,2004-01-01,2026-06-01,D:\Programming\Dynamic Paper-dlrhcs_replication\data\zillow\tools\x13\work\permits_16860_200401_202606.spc
16940,permits_16940_200401_202606,ok,0,,,270,2004-01-01,2026-06-01,D:\Programming\Dynamic Paper-dlrhcs_replication\data\zillow\tools\x13\work\permits_16940_200401_202606.spc
16980,permits_16980_200401_202606,ok,0,,,270,2004-01-01,2026-06-01,D:\Programming\Dynamic Paper-dlrhcs_replication\data\zillow\tools\x13\work\permits_16980_200401_202606.spc
17020,permits_17020_200401_202606,ok,0,,,270,2004-01-01,2026-06-01,D:\Programming\Dynamic Paper-dlrhcs_replication\data\zillow\tools\x13\work\permits_17020_200401_202606.spc
17140,permits_17140_200401_202606,ok,0,,,270,2004-01-01,2026-06-01,D:\Programming\Dynamic Paper-dlrhcs_replication\data\zillow\tools\x13\work\permits_17140_200401_202606.spc
17300,permits_17300_200401_202606,ok,0,,,270,2004-01-01,2026-06-01,D:\Programming\Dynamic Paper-dlrhcs_replication\data\zillow\tools\x13\work\permits_17300_200401_202606.spc
17410,,segment_too_short,,,,30,2024-01,2026-06,
17420,permits_17420_200401_202606,ok,0,,,270,2004-01-01,2026-06-01,D:\Programming\Dynamic Paper-dlrhcs_replication\data\zillow\tools\x13\work\permits_17420_200401_202606.spc
17460,permits_17460_200401_202312,ok,0,,,240,2004-01-01,2023-12-01,D:\Programming\Dynamic Paper-dlrhcs_replication\data\zillow\tools\x13\work\permits_17460_200401_202312.spc
17660,permits_17660_200401_202606,ok,0,,,270,2004-01-01,2026-06-01,D:\Programming\Dynamic Paper-dlrhcs_replication\data\zillow\tools\x13\work\permits_17660_200401_202606.spc
17780,permits_17780_200401_202606,ok,0,,,270,2004-01-01,2026-06-01,D:\Programming\Dynamic Paper-dlrhcs_replication\data\zillow\tools\x13\work\permits_17780_200401_202606.spc
17820,permits_17820_200401_202606,ok,0,,,270,2004-01-01,2026-06-01,D:\Programming\Dynamic Paper-dlrhcs_replication\data\zillow\tools\x13\work\permits_17820_200401_202606.spc
17860,permits_17860_200401_202606,ok,0,,,270,2004-01-01,2026-06-01,D:\Programming\Dynamic Paper-dlrhcs_replication\data\zillow\tools\x13\work\permits_17860_200401_202606.spc
17900,permits_17900_200401_202606,ok,0,,,270,2004-01-01,2026-06-01,D:\Programming\Dynamic Paper-dlrhcs_replication\data\zillow\tools\x13\work\permits_17900_200401_202606.spc
17980,permits_17980_200401_202606,ok,0,,,270,2004-01-01,2026-06-01,D:\Programming\Dynamic Paper-dlrhcs_replication\data\zillow\tools\x13\work\permits_17980_200401_202606.spc
18020,permits_18020_200401_202606,ok,0,,,270,2004-01-01,2026-06-01,D:\Programming\Dynamic Paper-dlrhcs_replication\data\zillow\tools\x13\work\permits_18020_200401_202606.spc
18140,permits_18140_200401_202606,ok,0,,,270,2004-01-01,2026-06-01,D:\Programming\Dynamic Paper-dlrhcs_replication\data\zillow\tools\x13\work\permits_18140_200401_202606.spc
18580,permits_18580_200401_202606,ok,0,,,270,2004-01-01,2026-06-01,D:\Programming\Dynamic Paper-dlrhcs_replication\data\zillow\tools\x13\work\permits_18580_200401_202606.spc
18700,permits_18700_200401_202606,ok,0,,,270,2004-01-01,2026-06-01,D:\Programming\Dynamic Paper-dlrhcs_replication\data\zillow\tools\x13\work\permits_18700_200401_202606.spc
18880,permits_18880_201001_202606,ok,0,,,198,2010-01-01,2026-06-01,D:\Programming\Dynamic Paper-dlrhcs_replication\data\zillow\tools\x13\work\permits_18880_201001_202606.spc
19060,permits_19060_200401_202312,ok,0,,,240,2004-01-01,2023-12-01,D:\Programming\Dynamic Paper-dlrhcs_replication\data\zillow\tools\x13\work\permits_19060_200401_202312.spc
19100,permits_19100_200401_202606,ok,0,,,270,2004-01-01,2026-06-01,D:\Programming\Dynamic Paper-dlrhcs_replication\data\zillow\tools\x13\work\permits_19100_200401_202606.spc
19140,permits_19140_200401_201412,ok,0,,,132,2004-01-01,2014-12-01,D:\Programming\Dynamic Paper-dlrhcs_replication\data\zillow\tools\x13\work\permits_19140_200401_201412.spc
19140,,segment_too_short,,,,54,2022-01,2026-06,
19180,permits_19180_200401_202312,ok,0,,,240,2004-01-01,2023-12-01,D:\Programming\Dynamic Paper-dlrhcs_replication\data\zillow\tools\x13\work\permits_19180_200401_202312.spc
19260,permits_19260_200401_201312,ok,0,,,120,2004-01-01,2013-12-01,D:\Programming\Dynamic Paper-dlrhcs_replication\data\zillow\tools\x13\work\permits_19260_200401_201312.spc
19300,permits_19300_201401_202606,ok,0,,,150,2014-01-01,2026-06-01,D:\Programming\Dynamic Paper-dlrhcs_replication\data\zillow\tools\x13\work\permits_19300_201401_202606.spc
19340,permits_19340_200401_202606,ok,0,,,270,2004-01-01,2026-06-01,D:\Programming\Dynamic Paper-dlrhcs_replication\data\zillow\tools\x13\work\permits_19340_200401_202606.spc
19380,permits_19380_200401_201812,ok,0,,,180,2004-01-01,2018-12-01,D:\Programming\Dynamic Paper-dlrhcs_replication\data\zillow\tools\x13\work\permits_19380_200401_201812.spc
19430,permits_19430_201901_202606,ok,0,,,90,2019-01-01,2026-06-01,D:\Programming\Dynamic Paper-dlrhcs_replication\data\zillow\tools\x13\work\permits_19430_201901_202606.spc
19460,permits_19460_200401_202606,ok,0,,,270,2004-01-01,2026-06-01,D:\Programming\Dynamic Paper-dlrhcs_replication\data\zillow\tools\x13\work\permits_19460_200401_202606.spc
19500,permits_19500_200401_202606,ok,0,,,270,2004-01-01,2026-06-01,D:\Programming\Dynamic Paper-dlrhcs_replication\data\zillow\tools\x13\work\permits_19500_200401_202606.spc
19660,permits_19660_200401_202606,ok,0,,,270,2004-01-01,2026-06-01,D:\Programming\Dynamic Paper-dlrhcs_replication\data\zillow\tools\x13\work\permits_19660_200401_202606.spc
19740,permits_19740_200401_202606,ok,0,,,270,2004-01-01,2026-06-01,D:\Programming\Dynamic Paper-dlrhcs_replication\data\zillow\tools\x13\work\permits_19740_200401_202606.spc
19780,permits_19780_200401_202606,ok,0,,,270,2004-01-01,2026-06-01,D:\Programming\Dynamic Paper-dlrhcs_replication\data\zillow\tools\x13\work\permits_19780_200401_202606.spc
19820,permits_19820_200401_202606,ok,0,,,270,2004-01-01,2026-06-01,D:\Programming\Dynamic Paper-dlrhcs_replication\data\zillow\tools\x13\work\permits_19820_200401_202606.spc
20020,permits_20020_200401_202606,ok,0,,,270,2004-01-01,2026-06-01,D:\Programming\Dynamic Paper-dlrhcs_replication\data\zillow\tools\x13\work\permits_20020_200401_202606.spc
20100,permits_20100_200401_202606,ok,0,,,270,2004-01-01,2026-06-01,D:\Programming\Dynamic Paper-dlrhcs_replication\data\zillow\tools\x13\work\permits_20100_200401_202606.spc
20220,permits_20220_200401_202606,ok,0,,,270,2004-01-01,2026-06-01,D:\Programming\Dynamic Paper-dlrhcs_replication\data\zillow\tools\x13\work\permits_20220_200401_202606.spc
20260,permits_20260_200401_202606,ok,0,,,270,2004-01-01,2026-06-01,D:\Programming\Dynamic Paper-dlrhcs_replication\data\zillow\tools\x13\work\permits_20260_200401_202606.spc
20500,permits_20500_200401_202606,ok,0,,,270,2004-01-01,2026-06-01,D:\Programming\Dynamic Paper-dlrhcs_replication\data\zillow\tools\x13\work\permits_20500_200401_202606.spc
20580,,segment_too_short,,,,30,2024-01,2026-06,
20700,permits_20700_201401_202312,ok,0,,,120,2014-01-01,2023-12-01,D:\Programming\Dynamic Paper-dlrhcs_replication\data\zillow\tools\x13\work\permits_20700_201401_202312.spc
20740,permits_20740_200401_202606,ok,0,,,270,2004-01-01,2026-06-01,D:\Programming\Dynamic Paper-dlrhcs_replication\data\zillow\tools\x13\work\permits_20740_200401_202606.spc
20940,permits_20940_200401_202606,ok,0,,,270,2004-01-01,2026-06-01,D:\Programming\Dynamic Paper-dlrhcs_replication\data\zillow\tools\x13\work\permits_20940_200401_202606.spc
21060,permits_21060_200401_202606,ok,0,,,270,2004-01-01,2026-06-01,D:\Programming\Dynamic Paper-dlrhcs_replication\data\zillow\tools\x13\work\permits_21060_200401_202606.spc
21140,permits_21140_200401_202606,ok,0,,,270,2004-01-01,2026-06-01,D:\Programming\Dynamic Paper-dlrhcs_replication\data\zillow\tools\x13\work\permits_21140_200401_202606.spc
21300,permits_21300_200401_202606,ok,0,,,270,2004-01-01,2026-06-01,D:\Programming\Dynamic Paper-dlrhcs_replication\data\zillow\tools\x13\work\permits_21300_200401_202606.spc
21340,permits_21340_200401_202606,ok,0,,,270,2004-01-01,2026-06-01,D:\Programming\Dynamic Paper-dlrhcs_replication\data\zillow\tools\x13\work\permits_21340_200401_202606.spc
21420,permits_21420_201601_202606,ok,0,,,126,2016-01-01,2026-06-01,D:\Programming\Dynamic Paper-dlrhcs_replication\data\zillow\tools\x13\work\permits_21420_201601_202606.spc
21500,permits_21500_200401_202606,ok,0,,,270,2004-01-01,2026-06-01,D:\Programming\Dynamic Paper-dlrhcs_replication\data\zillow\tools\x13\work\permits_21500_200401_202606.spc
21660,permits_21660_200401_202606,ok,0,,,270,2004-01-01,2026-06-01,D:\Programming\Dynamic Paper-dlrhcs_replication\data\zillow\tools\x13\work\permits_21660_200401_202606.spc
21780,permits_21780_200401_202606,ok,0,,,270,2004-01-01,2026-06-01,D:\Programming\Dynamic Paper-dlrhcs_replication\data\zillow\tools\x13\work\permits_21780_200401_202606.spc
21820,permits_21820_200401_202606,ok,0,,,270,2004-01-01,2026-06-01,D:\Programming\Dynamic Paper-dlrhcs_replication\data\zillow\tools\x13\work\permits_21820_200401_202606.spc
22020,permits_22020_200401_202606,ok,0,,,270,2004-01-01,2026-06-01,D:\Programming\Dynamic Paper-dlrhcs_replication\data\zillow\tools\x13\work\permits_22020_200401_202606.spc
22140,permits_22140_200401_202606,ok,0,,,270,2004-01-01,2026-06-01,D:\Programming\Dynamic Paper-dlrhcs_replication\data\zillow\tools\x13\work\permits_22140_200401_202606.spc
22180,permits_22180_200401_202606,ok,0,,,270,2004-01-01,2026-06-01,D:\Programming\Dynamic Paper-dlrhcs_replication\data\zillow\tools\x13\work\permits_22180_200401_202606.spc
22220,permits_22220_200401_202606,ok,0,,,270,2004-01-01,2026-06-01,D:\Programming\Dynamic Paper-dlrhcs_replication\data\zillow\tools\x13\work\permits_22220_200401_202606.spc
22380,permits_22380_200401_202606,ok,0,,,270,2004-01-01,2026-06-01,D:\Programming\Dynamic Paper-dlrhcs_replication\data\zillow\tools\x13\work\permits_22380_200401_202606.spc
22420,permits_22420_200401_202606,ok,0,,,270,2004-01-01,2026-06-01,D:\Programming\Dynamic Paper-dlrhcs_replication\data\zillow\tools\x13\work\permits_22420_200401_202606.spc
22500,permits_22500_200401_202606,ok,0,,,270,2004-01-01,2026-06-01,D:\Programming\Dynamic Paper-dlrhcs_replication\data\zillow\tools\x13\work\permits_22500_200401_202606.spc
22520,permits_22520_200401_202606,ok,0,,,270,2004-01-01,2026-06-01,D:\Programming\Dynamic Paper-dlrhcs_replication\data\zillow\tools\x13\work\permits_22520_200401_202606.spc
22540,permits_22540_200401_202606,ok,0,,,270,2004-01-01,2026-06-01,D:\Programming\Dynamic Paper-dlrhcs_replication\data\zillow\tools\x13\work\permits_22540_200401_202606.spc
22660,permits_22660_200401_202606,ok,0,,,270,2004-01-01,2026-06-01,D:\Programming\Dynamic Paper-dlrhcs_replication\data\zillow\tools\x13\work\permits_22660_200401_202606.spc
22900,permits_22900_200401_202606,ok,0,,,270,2004-01-01,2026-06-01,D:\Programming\Dynamic Paper-dlrhcs_replication\data\zillow\tools\x13\work\permits_22900_200401_202606.spc
23020,,segment_too_short,,,,72,2004-01,2009-12,
23060,permits_23060_200401_202606,ok,0,,,270,2004-01-01,2026-06-01,D:\Programming\Dynamic Paper-dlrhcs_replication\data\zillow\tools\x13\work\permits_23060_200401_202606.spc
23420,permits_23420_200401_202606,ok,0,,,270,2004-01-01,2026-06-01,D:\Programming\Dynamic Paper-dlrhcs_replication\data\zillow\tools\x13\work\permits_23420_200401_202606.spc
23460,permits_23460_200401_202606,ok,0,,,270,2004-01-01,2026-06-01,D:\Programming\Dynamic Paper-dlrhcs_replication\data\zillow\tools\x13\work\permits_23460_200401_202606.spc
23540,permits_23540_200401_202606,ok,0,,,270,2004-01-01,2026-06-01,D:\Programming\Dynamic Paper-dlrhcs_replication\data\zillow\tools\x13\work\permits_23540_200401_202606.spc
23580,permits_23580_200401_202606,ok,0,,,270,2004-01-01,2026-06-01,D:\Programming\Dynamic Paper-dlrhcs_replication\data\zillow\tools\x13\work\permits_23580_200401_202606.spc
23900,permits_23900_201401_202606,ok,0,,,150,2014-01-01,2026-06-01,D:\Programming\Dynamic Paper-dlrhcs_replication\data\zillow\tools\x13\work\permits_23900_201401_202606.spc
24020,permits_24020_200401_202606,ok,0,,,270,2004-01-01,2026-06-01,D:\Programming\Dynamic Paper-dlrhcs_replication\data\zillow\tools\x13\work\permits_24020_200401_202606.spc
24140,permits_24140_200401_201412,ok,0,,,132,2004-01-01,2014-12-01,D:\Programming\Dynamic Paper-dlrhcs_replication\data\zillow\tools\x13\work\permits_24140_200401_201412.spc
24140,,segment_too_short,,,,54,2022-01,2026-06,
24220,permits_24220_200401_202606,ok,0,,,270,2004-01-01,2026-06-01,D:\Programming\Dynamic Paper-dlrhcs_replication\data\zillow\tools\x13\work\permits_24220_200401_202606.spc
24260,permits_24260_201401_202606,ok,0,,,150,2014-01-01,2026-06-01,D:\Programming\Dynamic Paper-dlrhcs_replication\data\zillow\tools\x13\work\permits_24260_201401_202606.spc
24300,permits_24300_200401_202606,ok,0,,,270,2004-01-01,2026-06-01,D:\Programming\Dynamic Paper-dlrhcs_replication\data\zillow\tools\x13\work\permits_24300_200401_202606.spc
24340,permits_24340_200401_202606,ok,0,,,270,2004-01-01,2026-06-01,D:\Programming\Dynamic Paper-dlrhcs_replication\data\zillow\tools\x13\work\permits_24340_200401_202606.spc
24420,,segment_too_short,,,,12,2014-01,2014-12,
24420,,segment_too_short,,,,54,2022-01,2026-06,
24500,permits_24500_200401_202606,ok,0,,,270,2004-01-01,2026-06-01,D:\Programming\Dynamic Paper-dlrhcs_replication\data\zillow\tools\x13\work\permits_24500_200401_202606.spc
24540,permits_24540_200401_202606,ok,0,,,270,2004-01-01,2026-06-01,D:\Programming\Dynamic Paper-dlrhcs_replication\data\zillow\tools\x13\work\permits_24540_200401_202606.spc
24580,permits_24580_200401_202606,ok,0,,,270,2004-01-01,2026-06-01,D:\Programming\Dynamic Paper-dlrhcs_replication\data\zillow\tools\x13\work\permits_24580_200401_202606.spc
24660,permits_24660_200401_202606,ok,0,,,270,2004-01-01,2026-06-01,D:\Programming\Dynamic Paper-dlrhcs_replication\data\zillow\tools\x13\work\permits_24660_200401_202606.spc
24780,permits_24780_200401_202606,ok,0,,,270,2004-01-01,2026-06-01,D:\Programming\Dynamic Paper-dlrhcs_replication\data\zillow\tools\x13\work\permits_24780_200401_202606.spc
24860,permits_24860_200401_202606,ok,0,,,270,2004-01-01,2026-06-01,D:\Programming\Dynamic Paper-dlrhcs_replication\data\zillow\tools\x13\work\permits_24860_200401_202606.spc
25060,permits_25060_200401_202606,ok,0,,,270,2004-01-01,2026-06-01,D:\Programming\Dynamic Paper-dlrhcs_replication\data\zillow\tools\x13\work\permits_25060_200401_202606.spc
25180,permits_25180_200401_202606,ok,0,,,270,2004-01-01,2026-06-01,D:\Programming\Dynamic Paper-dlrhcs_replication\data\zillow\tools\x13\work\permits_25180_200401_202606.spc
25220,permits_25220_201401_202606,ok,0,,,150,2014-01-01,2026-06-01,D:\Programming\Dynamic Paper-dlrhcs_replication\data\zillow\tools\x13\work\permits_25220_201401_202606.spc
25260,permits_25260_200401_201412,ok,0,,,132,2004-01-01,2014-12-01,D:\Programming\Dynamic Paper-dlrhcs_replication\data\zillow\tools\x13\work\permits_25260_200401_201412.spc
25260,,segment_too_short,,,,54,2022-01,2026-06,
25420,permits_25420_200401_202606,ok,0,,,270,2004-01-01,2026-06-01,D:\Programming\Dynamic Paper-dlrhcs_replication\data\zillow\tools\x13\work\permits_25420_200401_202606.spc
25500,permits_25500_200401_202606,ok,0,,,270,2004-01-01,2026-06-01,D:\Programming\Dynamic Paper-dlrhcs_replication\data\zillow\tools\x13\work\permits_25500_200401_202606.spc
25540,permits_25540_200401_202606,ok,0,,,270,2004-01-01,2026-06-01,D:\Programming\Dynamic Paper-dlrhcs_replication\data\zillow\tools\x13\work\permits_25540_200401_202606.spc
25620,permits_25620_200401_202606,ok,0,,,270,2004-01-01,2026-06-01,D:\Programming\Dynamic Paper-dlrhcs_replication\data\zillow\tools\x13\work\permits_25620_200401_202606.spc
25740,,segment_too_short,,,,30,2024-01,2026-06,
25860,permits_25860_200401_202606,ok,0,,,270,2004-01-01,2026-06-01,D:\Programming\Dynamic Paper-dlrhcs_replication\data\zillow\tools\x13\work\permits_25860_200401_202606.spc
25940,permits_25940_201401_202606,ok,0,,,150,2014-01-01,2026-06-01,D:\Programming\Dynamic Paper-dlrhcs_replication\data\zillow\tools\x13\work\permits_25940_201401_202606.spc
25980,permits_25980_200401_202606,ok,0,,,270,2004-01-01,2026-06-01,D:\Programming\Dynamic Paper-dlrhcs_replication\data\zillow\tools\x13\work\permits_25980_200401_202606.spc
26100,permits_26100_200401_201312,ok,0,,,120,2004-01-01,2013-12-01,D:\Programming\Dynamic Paper-dlrhcs_replication\data\zillow\tools\x13\work\permits_26100_200401_201312.spc
26140,permits_26140_201401_202606,ok,0,,,150,2014-01-01,2026-06-01,D:\Programming\Dynamic Paper-dlrhcs_replication\data\zillow\tools\x13\work\permits_26140_201401_202606.spc
26180,permits_26180_200401_201312,ok,0,,,120,2004-01-01,2013-12-01,D:\Programming\Dynamic Paper-dlrhcs_replication\data\zillow\tools\x13\work\permits_26180_200401_201312.spc
26300,permits_26300_200401_202606,ok,0,,,270,2004-01-01,2026-06-01,D:\Programming\Dynamic Paper-dlrhcs_replication\data\zillow\tools\x13\work\permits_26300_200401_202606.spc
26380,permits_26380_200401_202606,ok,0,,,270,2004-01-01,2026-06-01,D:\Programming\Dynamic Paper-dlrhcs_replication\data\zillow\tools\x13\work\permits_26380_200401_202606.spc
26420,permits_26420_200401_202606,ok,0,,,270,2004-01-01,2026-06-01,D:\Programming\Dynamic Paper-dlrhcs_replication\data\zillow\tools\x13\work\permits_26420_200401_202606.spc
26580,permits_26580_200401_202606,ok,0,,,270,2004-01-01,2026-06-01,D:\Programming\Dynamic Paper-dlrhcs_replication\data\zillow\tools\x13\work\permits_26580_200401_202606.spc
26620,permits_26620_200401_202606,ok,0,,,270,2004-01-01,2026-06-01,D:\Programming\Dynamic Paper-dlrhcs_replication\data\zillow\tools\x13\work\permits_26620_200401_202606.spc
26820,permits_26820_200401_202606,ok,0,,,270,2004-01-01,2026-06-01,D:\Programming\Dynamic Paper-dlrhcs_replication\data\zillow\tools\x13\work\permits_26820_200401_202606.spc
26900,permits_26900_200401_202606,ok,0,,,270,2004-01-01,2026-06-01,D:\Programming\Dynamic Paper-dlrhcs_replication\data\zillow\tools\x13\work\permits_26900_200401_202606.spc
26980,permits_26980_200401_202606,ok,0,,,270,2004-01-01,2026-06-01,D:\Programming\Dynamic Paper-dlrhcs_replication\data\zillow\tools\x13\work\permits_26980_200401_202606.spc
27060,permits_27060_200401_202606,ok,0,,,270,2004-01-01,2026-06-01,D:\Programming\Dynamic Paper-dlrhcs_replication\data\zillow\tools\x13\work\permits_27060_200401_202606.spc
27100,permits_27100_200401_202606,ok,0,,,270,2004-01-01,2026-06-01,D:\Programming\Dynamic Paper-dlrhcs_replication\data\zillow\tools\x13\work\permits_27100_200401_202606.spc
27140,permits_27140_200401_202606,ok,0,,,270,2004-01-01,2026-06-01,D:\Programming\Dynamic Paper-dlrhcs_replication\data\zillow\tools\x13\work\permits_27140_200401_202606.spc
27180,permits_27180_200401_202606,ok,0,,,270,2004-01-01,2026-06-01,D:\Programming\Dynamic Paper-dlrhcs_replication\data\zillow\tools\x13\work\permits_27180_200401_202606.spc
27260,permits_27260_200401_202606,ok,0,,,270,2004-01-01,2026-06-01,D:\Programming\Dynamic Paper-dlrhcs_replication\data\zillow\tools\x13\work\permits_27260_200401_202606.spc
27340,permits_27340_200401_202606,ok,0,,,270,2004-01-01,2026-06-01,D:\Programming\Dynamic Paper-dlrhcs_replication\data\zillow\tools\x13\work\permits_27340_200401_202606.spc
27500,permits_27500_200401_202606,ok,0,,,270,2004-01-01,2026-06-01,D:\Programming\Dynamic Paper-dlrhcs_replication\data\zillow\tools\x13\work\permits_27500_200401_202606.spc
27620,permits_27620_200401_201412,ok,0,,,132,2004-01-01,2014-12-01,D:\Programming\Dynamic Paper-dlrhcs_replication\data\zillow\tools\x13\work\permits_27620_200401_201412.spc
27620,,segment_too_short,,,,54,2022-01,2026-06,
27740,permits_27740_200401_202606,ok,0,,,270,2004-01-01,2026-06-01,D:\Programming\Dynamic Paper-dlrhcs_replication\data\zillow\tools\x13\work\permits_27740_200401_202606.spc
27780,permits_27780_200401_202606,ok,0,,,270,2004-01-01,2026-06-01,D:\Programming\Dynamic Paper-dlrhcs_replication\data\zillow\tools\x13\work\permits_27780_200401_202606.spc
27860,permits_27860_200401_202606,ok,0,,,270,2004-01-01,2026-06-01,D:\Programming\Dynamic Paper-dlrhcs_replication\data\zillow\tools\x13\work\permits_27860_200401_202606.spc
27900,permits_27900_200401_202606,ok,0,,,270,2004-01-01,2026-06-01,D:\Programming\Dynamic Paper-dlrhcs_replication\data\zillow\tools\x13\work\permits_27900_200401_202606.spc
27980,permits_27980_201401_202606,ok,0,,,150,2014-01-01,2026-06-01,D:\Programming\Dynamic Paper-dlrhcs_replication\data\zillow\tools\x13\work\permits_27980_201401_202606.spc
28020,permits_28020_200401_202606,ok,0,,,270,2004-01-01,2026-06-01,D:\Programming\Dynamic Paper-dlrhcs_replication\data\zillow\tools\x13\work\permits_28020_200401_202606.spc
28100,permits_28100_200401_202606,ok,0,,,270,2004-01-01,2026-06-01,D:\Programming\Dynamic Paper-dlrhcs_replication\data\zillow\tools\x13\work\permits_28100_200401_202606.spc
28140,permits_28140_200401_202606,ok,0,,,270,2004-01-01,2026-06-01,D:\Programming\Dynamic Paper-dlrhcs_replication\data\zillow\tools\x13\work\permits_28140_200401_202606.spc
28420,permits_28420_200401_202606,ok,0,,,270,2004-01-01,2026-06-01,D:\Programming\Dynamic Paper-dlrhcs_replication\data\zillow\tools\x13\work\permits_28420_200401_202606.spc
28450,,segment_too_short,,,,30,2024-01,2026-06,
28660,permits_28660_200401_202606,ok,0,,,270,2004-01-01,2026-06-01,D:\Programming\Dynamic Paper-dlrhcs_replication\data\zillow\tools\x13\work\permits_28660_200401_202606.spc
28700,permits_28700_200401_202606,ok,0,,,270,2004-01-01,2026-06-01,D:\Programming\Dynamic Paper-dlrhcs_replication\data\zillow\tools\x13\work\permits_28700_200401_202606.spc
28740,permits_28740_200401_202606,ok,0,,,270,2004-01-01,2026-06-01,D:\Programming\Dynamic Paper-dlrhcs_replication\data\zillow\tools\x13\work\permits_28740_200401_202606.spc
28880,,segment_too_short,,,,30,2024-01,2026-06,
28940,permits_28940_200401_202606,ok,0,,,270,2004-01-01,2026-06-01,D:\Programming\Dynamic Paper-dlrhcs_replication\data\zillow\tools\x13\work\permits_28940_200401_202606.spc
29020,permits_29020_200401_202606,ok,0,,,270,2004-01-01,2026-06-01,D:\Programming\Dynamic Paper-dlrhcs_replication\data\zillow\tools\x13\work\permits_29020_200401_202606.spc
29100,permits_29100_200401_202606,ok,0,,,270,2004-01-01,2026-06-01,D:\Programming\Dynamic Paper-dlrhcs_replication\data\zillow\tools\x13\work\permits_29100_200401_202606.spc
29140,permits_29140_200401_201312,ok,0,,,120,2004-01-01,2013-12-01,D:\Programming\Dynamic Paper-dlrhcs_replication\data\zillow\tools\x13\work\permits_29140_200401_201312.spc
29180,permits_29180_200401_202606,ok,0,,,270,2004-01-01,2026-06-01,D:\Programming\Dynamic Paper-dlrhcs_replication\data\zillow\tools\x13\work\permits_29180_200401_202606.spc
29200,permits_29200_201401_202606,ok,0,,,150,2014-01-01,2026-06-01,D:\Programming\Dynamic Paper-dlrhcs_replication\data\zillow\tools\x13\work\permits_29200_201401_202606.spc
29340,permits_29340_200401_202606,ok,0,,,270,2004-01-01,2026-06-01,D:\Programming\Dynamic Paper-dlrhcs_replication\data\zillow\tools\x13\work\permits_29340_200401_202606.spc
29420,permits_29420_200701_202606,ok,0,,,234,2007-01-01,2026-06-01,D:\Programming\Dynamic Paper-dlrhcs_replication\data\zillow\tools\x13\work\permits_29420_200701_202606.spc
29460,permits_29460_200401_202606,ok,0,,,270,2004-01-01,2026-06-01,D:\Programming\Dynamic Paper-dlrhcs_replication\data\zillow\tools\x13\work\permits_29460_200401_202606.spc
29540,permits_29540_200401_202606,ok,0,,,270,2004-01-01,2026-06-01,D:\Programming\Dynamic Paper-dlrhcs_replication\data\zillow\tools\x13\work\permits_29540_200401_202606.spc
29620,permits_29620_200401_202606,ok,0,,,270,2004-01-01,2026-06-01,D:\Programming\Dynamic Paper-dlrhcs_replication\data\zillow\tools\x13\work\permits_29620_200401_202606.spc
29700,permits_29700_200401_202606,ok,0,,,270,2004-01-01,2026-06-01,D:\Programming\Dynamic Paper-dlrhcs_replication\data\zillow\tools\x13\work\permits_29700_200401_202606.spc
29740,permits_29740_200401_202606,ok,0,,,270,2004-01-01,2026-06-01,D:\Programming\Dynamic Paper-dlrhcs_replication\data\zillow\tools\x13\work\permits_29740_200401_202606.spc
29820,permits_29820_200401_202606,ok,0,,,270,2004-01-01,2026-06-01,D:\Programming\Dynamic Paper-dlrhcs_replication\data\zillow\tools\x13\work\permits_29820_200401_202606.spc
29940,permits_29940_200401_202606,ok,0,,,270,2004-01-01,2026-06-01,D:\Programming\Dynamic Paper-dlrhcs_replication\data\zillow\tools\x13\work\permits_29940_200401_202606.spc
30020,permits_30020_200401_202606,ok,0,,,270,2004-01-01,2026-06-01,D:\Programming\Dynamic Paper-dlrhcs_replication\data\zillow\tools\x13\work\permits_30020_200401_202606.spc
30140,permits_30140_200401_202606,ok,0,,,270,2004-01-01,2026-06-01,D:\Programming\Dynamic Paper-dlrhcs_replication\data\zillow\tools\x13\work\permits_30140_200401_202606.spc
30300,permits_30300_200401_202606,ok,0,,,270,2004-01-01,2026-06-01,D:\Programming\Dynamic Paper-dlrhcs_replication\data\zillow\tools\x13\work\permits_30300_200401_202606.spc
30340,permits_30340_200401_202606,ok,0,,,270,2004-01-01,2026-06-01,D:\Programming\Dynamic Paper-dlrhcs_replication\data\zillow\tools\x13\work\permits_30340_200401_202606.spc
30460,permits_30460_200401_202606,failed:0,0,,"
 X-13ARIMA-SEATS Seasonal Adjustment Program
 Version Number 1.1 Build 62
 Execution began  Jul 28, 2026  11.51.40 

  Reading input spec file from D:\Programming\Dynamic Paper-dlrhcs_replication\data\zillow\tools\x13\work\permits_30460_200401_202606.spc
  Storing any program output into D:\Programming\Dynamic Paper-dlrhcs_replication\data\zillow\tools\x13\work\permits_30460_200401_202606.out
  Storing any program error messages into D:\Programming\Dynamic Paper-dlrhcs_replication\data\zillow\tools\x13\work\permits_30460_200401_202606.err
 
  
 ERROR: The covariance matrix of the ARMA parameters is singular;
        cannot compute t-statistics for the ARMA parameters.
  Program error(s) halt execution for D:\Programming\Dynamic Paper-dlrhcs_replication\data\zillow\tools\x13\work\permits_30460_200401_202606.spc

 Check error file D:\Programming\Dynamic Paper-dlrhcs_replication\data\zillow\tools\x13\work\permits_30460_200401_202606.err
",270,2004-01-01,2026-06-01,D:\Programming\Dynamic Paper-dlrhcs_replication\data\zillow\tools\x13\work\permits_30460_200401_202606.spc
30500,,segment_too_short,,,,30,2024-01,2026-06,
30620,permits_30620_200401_202606,ok,0,,,270,2004-01-01,2026-06-01,D:\Programming\Dynamic Paper-dlrhcs_replication\data\zillow\tools\x13\work\permits_30620_200401_202606.spc
30700,permits_30700_200401_202606,ok,0,,,270,2004-01-01,2026-06-01,D:\Programming\Dynamic Paper-dlrhcs_replication\data\zillow\tools\x13\work\permits_30700_200401_202606.spc
30780,permits_30780_200401_202606,ok,0,,,270,2004-01-01,2026-06-01,D:\Programming\Dynamic Paper-dlrhcs_replication\data\zillow\tools\x13\work\permits_30780_200401_202606.spc
30860,permits_30860_200401_202606,ok,0,,,270,2004-01-01,2026-06-01,D:\Programming\Dynamic Paper-dlrhcs_replication\data\zillow\tools\x13\work\permits_30860_200401_202606.spc
30980,permits_30980_200401_202606,ok,0,,,270,2004-01-01,2026-06-01,D:\Programming\Dynamic Paper-dlrhcs_replication\data\zillow\tools\x13\work\permits_30980_200401_202606.spc
31020,permits_31020_200401_202606,ok,0,,,270,2004-01-01,2026-06-01,D:\Programming\Dynamic Paper-dlrhcs_replication\data\zillow\tools\x13\work\permits_31020_200401_202606.spc
31080,permits_31080_201401_202606,ok,0,,,150,2014-01-01,2026-06-01,D:\Programming\Dynamic Paper-dlrhcs_replication\data\zillow\tools\x13\work\permits_31080_201401_202606.spc
31100,permits_31100_200401_201312,ok,0,,,120,2004-01-01,2013-12-01,D:\Programming\Dynamic Paper-dlrhcs_replication\data\zillow\tools\x13\work\permits_31100_200401_201312.spc
31140,permits_31140_200401_202606,ok,0,,,270,2004-01-01,2026-06-01,D:\Programming\Dynamic Paper-dlrhcs_replication\data\zillow\tools\x13\work\permits_31140_200401_202606.spc
31180,permits_31180_200401_202606,ok,0,,,270,2004-01-01,2026-06-01,D:\Programming\Dynamic Paper-dlrhcs_replication\data\zillow\tools\x13\work\permits_31180_200401_202606.spc
31340,permits_31340_200401_202606,ok,0,,,270,2004-01-01,2026-06-01,D:\Programming\Dynamic Paper-dlrhcs_replication\data\zillow\tools\x13\work\permits_31340_200401_202606.spc
31420,permits_31420_200401_202606,ok,0,,,270,2004-01-01,2026-06-01,D:\Programming\Dynamic Paper-dlrhcs_replication\data\zillow\tools\x13\work\permits_31420_200401_202606.spc
31460,permits_31460_200401_202312,ok,0,,,240,2004-01-01,2023-12-01,D:\Programming\Dynamic Paper-dlrhcs_replication\data\zillow\tools\x13\work\permits_31460_200401_202312.spc
31540,permits_31540_200401_202606,ok,0,,,270,2004-01-01,2026-06-01,D:\Programming\Dynamic Paper-dlrhcs_replication\data\zillow\tools\x13\work\permits_31540_200401_202606.spc
31700,permits_31700_200401_202606,ok,0,,,270,2004-01-01,2026-06-01,D:\Programming\Dynamic Paper-dlrhcs_replication\data\zillow\tools\x13\work\permits_31700_200401_202606.spc
31740,permits_31740_200901_202606,ok,0,,,210,2009-01-01,2026-06-01,D:\Programming\Dynamic Paper-dlrhcs_replication\data\zillow\tools\x13\work\permits_31740_200901_202606.spc
31860,permits_31860_200901_202606,ok,0,,,210,2009-01-01,2026-06-01,D:\Programming\Dynamic Paper-dlrhcs_replication\data\zillow\tools\x13\work\permits_31860_200901_202606.spc
31900,permits_31900_200401_201412,ok,0,,,132,2004-01-01,2014-12-01,D:\Programming\Dynamic Paper-dlrhcs_replication\data\zillow\tools\x13\work\permits_31900_200401_201412.spc
31900,,segment_too_short,,,,54,2022-01,2026-06,
32580,permits_32580_200401_202606,ok,0,,,270,2004-01-01,2026-06-01,D:\Programming\Dynamic Paper-dlrhcs_replication\data\zillow\tools\x13\work\permits_32580_200401_202606.spc
32780,permits_32780_200401_202606,ok,0,,,270,2004-01-01,2026-06-01,D:\Programming\Dynamic Paper-dlrhcs_replication\data\zillow\tools\x13\work\permits_32780_200401_202606.spc
32820,permits_32820_200401_202606,ok,0,,,270,2004-01-01,2026-06-01,D:\Programming\Dynamic Paper-dlrhcs_replication\data\zillow\tools\x13\work\permits_32820_200401_202606.spc
32900,permits_32900_200401_202606,ok,0,,,270,2004-01-01,2026-06-01,D:\Programming\Dynamic Paper-dlrhcs_replication\data\zillow\tools\x13\work\permits_32900_200401_202606.spc
33100,permits_33100_200401_202606,ok,0,,,270,2004-01-01,2026-06-01,D:\Programming\Dynamic Paper-dlrhcs_replication\data\zillow\tools\x13\work\permits_33100_200401_202606.spc
33140,permits_33140_200401_202606,ok,0,,,270,2004-01-01,2026-06-01,D:\Programming\Dynamic Paper-dlrhcs_replication\data\zillow\tools\x13\work\permits_33140_200401_202606.spc
33220,permits_33220_201401_202606,ok,0,,,150,2014-01-01,2026-06-01,D:\Programming\Dynamic Paper-dlrhcs_replication\data\zillow\tools\x13\work\permits_33220_201401_202606.spc
33260,permits_33260_200401_202606,ok,0,,,270,2004-01-01,2026-06-01,D:\Programming\Dynamic Paper-dlrhcs_replication\data\zillow\tools\x13\work\permits_33260_200401_202606.spc
33340,permits_33340_200401_202606,ok,0,,,270,2004-01-01,2026-06-01,D:\Programming\Dynamic Paper-dlrhcs_replication\data\zillow\tools\x13\work\permits_33340_200401_202606.spc
33460,permits_33460_200401_202606,ok,0,,,270,2004-01-01,2026-06-01,D:\Programming\Dynamic Paper-dlrhcs_replication\data\zillow\tools\x13\work\permits_33460_200401_202606.spc
33500,,segment_too_short,,,,30,2024-01,2026-06,
33540,permits_33540_200401_202606,ok,0,,,270,2004-01-01,2026-06-01,D:\Programming\Dynamic Paper-dlrhcs_replication\data\zillow\tools\x13\work\permits_33540_200401_202606.spc
33660,permits_33660_200401_202606,ok,0,,,270,2004-01-01,2026-06-01,D:\Programming\Dynamic Paper-dlrhcs_replication\data\zillow\tools\x13\work\permits_33660_200401_202606.spc
33700,permits_33700_200401_202606,ok,0,,,270,2004-01-01,2026-06-01,D:\Programming\Dynamic Paper-dlrhcs_replication\data\zillow\tools\x13\work\permits_33700_200401_202606.spc
33740,permits_33740_200401_202606,ok,0,,,270,2004-01-01,2026-06-01,D:\Programming\Dynamic Paper-dlrhcs_replication\data\zillow\tools\x13\work\permits_33740_200401_202606.spc
33780,permits_33780_200401_202606,ok,0,,,270,2004-01-01,2026-06-01,D:\Programming\Dynamic Paper-dlrhcs_replication\data\zillow\tools\x13\work\permits_33780_200401_202606.spc
33860,permits_33860_200401_202606,ok,0,,,270,2004-01-01,2026-06-01,D:\Programming\Dynamic Paper-dlrhcs_replication\data\zillow\tools\x13\work\permits_33860_200401_202606.spc
34060,permits_34060_200401_202606,ok,0,,,270,2004-01-01,2026-06-01,D:\Programming\Dynamic Paper-dlrhcs_replication\data\zillow\tools\x13\work\permits_34060_200401_202606.spc
34100,permits_34100_200401_201412,ok,0,,,132,2004-01-01,2014-12-01,D:\Programming\Dynamic Paper-dlrhcs_replication\data\zillow\tools\x13\work\permits_34100_200401_201412.spc
34100,,segment_too_short,,,,54,2022-01,2026-06,
34580,permits_34580_200401_202606,ok,0,,,270,2004-01-01,2026-06-01,D:\Programming\Dynamic Paper-dlrhcs_replication\data\zillow\tools\x13\work\permits_34580_200401_202606.spc
34620,permits_34620_200401_202606,ok,0,,,270,2004-01-01,2026-06-01,D:\Programming\Dynamic Paper-dlrhcs_replication\data\zillow\tools\x13\work\permits_34620_200401_202606.spc
34740,permits_34740_200401_202606,ok,0,,,270,2004-01-01,2026-06-01,D:\Programming\Dynamic Paper-dlrhcs_replication\data\zillow\tools\x13\work\permits_34740_200401_202606.spc
34820,permits_34820_200401_202606,ok,0,,,270,2004-01-01,2026-06-01,D:\Programming\Dynamic Paper-dlrhcs_replication\data\zillow\tools\x13\work\permits_34820_200401_202606.spc
34900,permits_34900_200401_201412,ok,0,,,132,2004-01-01,2014-12-01,D:\Programming\Dynamic Paper-dlrhcs_replication\data\zillow\tools\x13\work\permits_34900_200401_201412.spc
34900,,segment_too_short,,,,54,2022-01,2026-06,
34940,permits_34940_200401_202606,ok,0,,,270,2004-01-01,2026-06-01,D:\Programming\Dynamic Paper-dlrhcs_replication\data\zillow\tools\x13\work\permits_34940_200401_202606.spc
34980,permits_34980_200401_202606,ok,0,,,270,2004-01-01,2026-06-01,D:\Programming\Dynamic Paper-dlrhcs_replication\data\zillow\tools\x13\work\permits_34980_200401_202606.spc
35100,,segment_too_short,,,,12,2014-01,2014-12,
35100,,segment_too_short,,,,24,2022-01,2023-12,
35300,permits_35300_200401_202606,ok,0,,,270,2004-01-01,2026-06-01,D:\Programming\Dynamic Paper-dlrhcs_replication\data\zillow\tools\x13\work\permits_35300_200401_202606.spc
35380,permits_35380_200401_202606,ok,0,,,270,2004-01-01,2026-06-01,D:\Programming\Dynamic Paper-dlrhcs_replication\data\zillow\tools\x13\work\permits_35380_200401_202606.spc
35620,permits_35620_200401_202606,ok,0,,,270,2004-01-01,2026-06-01,D:\Programming\Dynamic Paper-dlrhcs_replication\data\zillow\tools\x13\work\permits_35620_200401_202606.spc
35660,permits_35660_200401_202606,ok,0,,,270,2004-01-01,2026-06-01,D:\Programming\Dynamic Paper-dlrhcs_replication\data\zillow\tools\x13\work\permits_35660_200401_202606.spc
35840,permits_35840_201001_202606,ok,0,,,198,2010-01-01,2026-06-01,D:\Programming\Dynamic Paper-dlrhcs_replication\data\zillow\tools\x13\work\permits_35840_201001_202606.spc
35980,permits_35980_200401_202606,ok,0,,,270,2004-01-01,2026-06-01,D:\Programming\Dynamic Paper-dlrhcs_replication\data\zillow\tools\x13\work\permits_35980_200401_202606.spc
36100,permits_36100_200401_202606,ok,0,,,270,2004-01-01,2026-06-01,D:\Programming\Dynamic Paper-dlrhcs_replication\data\zillow\tools\x13\work\permits_36100_200401_202606.spc
36140,permits_36140_200401_202312,ok,0,,,240,2004-01-01,2023-12-01,D:\Programming\Dynamic Paper-dlrhcs_replication\data\zillow\tools\x13\work\permits_36140_200401_202312.spc
36220,permits_36220_200401_202606,ok,0,,,270,2004-01-01,2026-06-01,D:\Programming\Dynamic Paper-dlrhcs_replication\data\zillow\tools\x13\work\permits_36220_200401_202606.spc
36260,permits_36260_200401_202606,ok,0,,,270,2004-01-01,2026-06-01,D:\Programming\Dynamic Paper-dlrhcs_replication\data\zillow\tools\x13\work\permits_36260_200401_202606.spc
36420,permits_36420_200401_202606,ok,0,,,270,2004-01-01,2026-06-01,D:\Programming\Dynamic Paper-dlrhcs_replication\data\zillow\tools\x13\work\permits_36420_200401_202606.spc
36500,permits_36500_200401_202606,ok,0,,,270,2004-01-01,2026-06-01,D:\Programming\Dynamic Paper-dlrhcs_replication\data\zillow\tools\x13\work\permits_36500_200401_202606.spc
36540,permits_36540_200401_202606,failed:0,0,,"
 X-13ARIMA-SEATS Seasonal Adjustment Program
 Version Number 1.1 Build 62
 Execution began  Jul 28, 2026  11.51.45 

  Reading input spec file from D:\Programming\Dynamic Paper-dlrhcs_replication\data\zillow\tools\x13\work\permits_36540_200401_202606.spc
  Storing any program output into D:\Programming\Dynamic Paper-dlrhcs_replication\data\zillow\tools\x13\work\permits_36540_200401_202606.out
  Storing any program error messages into D:\Programming\Dynamic Paper-dlrhcs_replication\data\zillow\tools\x13\work\permits_36540_200401_202606.err
 
  
 ERROR: The covariance matrix of the ARMA parameters is singular;
        cannot compute t-statistics for the ARMA parameters.
  Program error(s) halt execution for D:\Programming\Dynamic Paper-dlrhcs_replication\data\zillow\tools\x13\work\permits_36540_200401_202606.spc

 Check error file D:\Programming\Dynamic Paper-dlrhcs_replication\data\zillow\tools\x13\work\permits_36540_200401_202606.err
",270,2004-01-01,2026-06-01,D:\Programming\Dynamic Paper-dlrhcs_replication\data\zillow\tools\x13\work\permits_36540_200401_202606.spc
36740,permits_36740_200401_202606,ok,0,,,270,2004-01-01,2026-06-01,D:\Programming\Dynamic Paper-dlrhcs_replication\data\zillow\tools\x13\work\permits_36740_200401_202606.spc
36780,permits_36780_200401_202606,ok,0,,,270,2004-01-01,2026-06-01,D:\Programming\Dynamic Paper-dlrhcs_replication\data\zillow\tools\x13\work\permits_36780_200401_202606.spc
36980,permits_36980_200401_202606,ok,0,,,270,2004-01-01,2026-06-01,D:\Programming\Dynamic Paper-dlrhcs_replication\data\zillow\tools\x13\work\permits_36980_200401_202606.spc
37100,permits_37100_200401_202606,ok,0,,,270,2004-01-01,2026-06-01,D:\Programming\Dynamic Paper-dlrhcs_replication\data\zillow\tools\x13\work\permits_37100_200401_202606.spc
37140,,segment_too_short,,,,30,2024-01,2026-06,
37340,permits_37340_200401_202606,ok,0,,,270,2004-01-01,2026-06-01,D:\Programming\Dynamic Paper-dlrhcs_replication\data\zillow\tools\x13\work\permits_37340_200401_202606.spc
37380,permits_37380_200701_201312,ok,0,,,84,2007-01-01,2013-12-01,D:\Programming\Dynamic Paper-dlrhcs_replication\data\zillow\tools\x13\work\permits_37380_200701_201312.spc
37460,permits_37460_200401_202606,ok,0,,,270,2004-01-01,2026-06-01,D:\Programming\Dynamic Paper-dlrhcs_replication\data\zillow\tools\x13\work\permits_37460_200401_202606.spc
37620,permits_37620_200401_202606,ok,0,,,270,2004-01-01,2026-06-01,D:\Programming\Dynamic Paper-dlrhcs_replication\data\zillow\tools\x13\work\permits_37620_200401_202606.spc
37700,permits_37700_200401_201312,ok,0,,,120,2004-01-01,2013-12-01,D:\Programming\Dynamic Paper-dlrhcs_replication\data\zillow\tools\x13\work\permits_37700_200401_201312.spc
37860,permits_37860_200401_202606,ok,0,,,270,2004-01-01,2026-06-01,D:\Programming\Dynamic Paper-dlrhcs_replication\data\zillow\tools\x13\work\permits_37860_200401_202606.spc
37900,permits_37900_200401_202606,ok,0,,,270,2004-01-01,2026-06-01,D:\Programming\Dynamic Paper-dlrhcs_replication\data\zillow\tools\x13\work\permits_37900_200401_202606.spc
37980,permits_37980_200401_202606,ok,0,,,270,2004-01-01,2026-06-01,D:\Programming\Dynamic Paper-dlrhcs_replication\data\zillow\tools\x13\work\permits_37980_200401_202606.spc
38060,permits_38060_200401_202606,ok,0,,,270,2004-01-01,2026-06-01,D:\Programming\Dynamic Paper-dlrhcs_replication\data\zillow\tools\x13\work\permits_38060_200401_202606.spc
38220,permits_38220_200401_202312,ok,0,,,240,2004-01-01,2023-12-01,D:\Programming\Dynamic Paper-dlrhcs_replication\data\zillow\tools\x13\work\permits_38220_200401_202312.spc
38240,,segment_too_short,,,,30,2024-01,2026-06,
38300,permits_38300_200401_202606,ok,0,,,270,2004-01-01,2026-06-01,D:\Programming\Dynamic Paper-dlrhcs_replication\data\zillow\tools\x13\work\permits_38300_200401_202606.spc
38340,permits_38340_200401_202606,ok,0,,,270,2004-01-01,2026-06-01,D:\Programming\Dynamic Paper-dlrhcs_replication\data\zillow\tools\x13\work\permits_38340_200401_202606.spc
38540,permits_38540_200401_202606,ok,0,,,270,2004-01-01,2026-06-01,D:\Programming\Dynamic Paper-dlrhcs_replication\data\zillow\tools\x13\work\permits_38540_200401_202606.spc
38860,permits_38860_200401_202606,ok,0,,,270,2004-01-01,2026-06-01,D:\Programming\Dynamic Paper-dlrhcs_replication\data\zillow\tools\x13\work\permits_38860_200401_202606.spc
38900,permits_38900_200401_202606,ok,0,,,270,2004-01-01,2026-06-01,D:\Programming\Dynamic Paper-dlrhcs_replication\data\zillow\tools\x13\work\permits_38900_200401_202606.spc
38940,permits_38940_200401_202606,ok,0,,,270,2004-01-01,2026-06-01,D:\Programming\Dynamic Paper-dlrhcs_replication\data\zillow\tools\x13\work\permits_38940_200401_202606.spc
39100,permits_39100_200401_201312,ok,0,,,120,2004-01-01,2013-12-01,D:\Programming\Dynamic Paper-dlrhcs_replication\data\zillow\tools\x13\work\permits_39100_200401_201312.spc
39100,,segment_too_short,,,,60,2019-01,2023-12,
39140,permits_39140_200401_201812,ok,0,,,180,2004-01-01,2018-12-01,D:\Programming\Dynamic Paper-dlrhcs_replication\data\zillow\tools\x13\work\permits_39140_200401_201812.spc
39150,permits_39150_201901_202606,ok,0,,,90,2019-01-01,2026-06-01,D:\Programming\Dynamic Paper-dlrhcs_replication\data\zillow\tools\x13\work\permits_39150_201901_202606.spc
39300,permits_39300_200401_202606,ok,0,,,270,2004-01-01,2026-06-01,D:\Programming\Dynamic Paper-dlrhcs_replication\data\zillow\tools\x13\work\permits_39300_200401_202606.spc
39340,permits_39340_200401_202606,ok,0,,,270,2004-01-01,2026-06-01,D:\Programming\Dynamic Paper-dlrhcs_replication\data\zillow\tools\x13\work\permits_39340_200401_202606.spc
39380,permits_39380_200401_202606,ok,0,,,270,2004-01-01,2026-06-01,D:\Programming\Dynamic Paper-dlrhcs_replication\data\zillow\tools\x13\work\permits_39380_200401_202606.spc
39460,permits_39460_200401_202606,ok,0,,,270,2004-01-01,2026-06-01,D:\Programming\Dynamic Paper-dlrhcs_replication\data\zillow\tools\x13\work\permits_39460_200401_202606.spc
39540,permits_39540_200401_202606,ok,0,,,270,2004-01-01,2026-06-01,D:\Programming\Dynamic Paper-dlrhcs_replication\data\zillow\tools\x13\work\permits_39540_200401_202606.spc
39580,permits_39580_200401_202606,ok,0,,,270,2004-01-01,2026-06-01,D:\Programming\Dynamic Paper-dlrhcs_replication\data\zillow\tools\x13\work\permits_39580_200401_202606.spc
39660,permits_39660_200401_202606,ok,0,,,270,2004-01-01,2026-06-01,D:\Programming\Dynamic Paper-dlrhcs_replication\data\zillow\tools\x13\work\permits_39660_200401_202606.spc
39740,permits_39740_200401_202606,ok,0,,,270,2004-01-01,2026-06-01,D:\Programming\Dynamic Paper-dlrhcs_replication\data\zillow\tools\x13\work\permits_39740_200401_202606.spc
39820,permits_39820_200401_202606,ok,0,,,270,2004-01-01,2026-06-01,D:\Programming\Dynamic Paper-dlrhcs_replication\data\zillow\tools\x13\work\permits_39820_200401_202606.spc
39900,permits_39900_200401_202606,ok,0,,,270,2004-01-01,2026-06-01,D:\Programming\Dynamic Paper-dlrhcs_replication\data\zillow\tools\x13\work\permits_39900_200401_202606.spc
40060,permits_40060_200401_202606,ok,0,,,270,2004-01-01,2026-06-01,D:\Programming\Dynamic Paper-dlrhcs_replication\data\zillow\tools\x13\work\permits_40060_200401_202606.spc
40140,permits_40140_200401_202606,ok,0,,"
 X-13ARIMA-SEATS Seasonal Adjustment Program
 Version Number 1.1 Build 62
 Execution began  Jul 28, 2026  11.51.49 

  Reading input spec file from D:\Programming\Dynamic Paper-dlrhcs_replication\data\zillow\tools\x13\work\permits_40140_200401_202606.spc
  Storing any program output into D:\Programming\Dynamic Paper-dlrhcs_replication\data\zillow\tools\x13\work\permits_40140_200401_202606.out
  Storing any program error messages into D:\Programming\Dynamic Paper-dlrhcs_replication\data\zillow\tools\x13\work\permits_40140_200401_202606.err
 

 Execution complete for D:\Programming\Dynamic Paper-dlrhcs_replication\data\zillow\tools\x13\work\permits_40140_200401_202606.spc at  Jul 28, 2026  11.51.58 
",270,2004-01-01,2026-06-01,D:\Programming\Dynamic Paper-dlrhcs_replication\data\zillow\tools\x13\work\permits_40140_200401_202606.spc
40220,permits_40220_200401_201412,ok,0,,,132,2004-01-01,2014-12-01,D:\Programming\Dynamic Paper-dlrhcs_replication\data\zillow\tools\x13\work\permits_40220_200401_201412.spc
40220,,segment_too_short,,,,54,2022-01,2026-06,
40340,permits_40340_200401_202606,ok,0,,,270,2004-01-01,2026-06-01,D:\Programming\Dynamic Paper-dlrhcs_replication\data\zillow\tools\x13\work\permits_40340_200401_202606.spc
40380,permits_40380_200401_202606,ok,0,,,270,2004-01-01,2026-06-01,D:\Programming\Dynamic Paper-dlrhcs_replication\data\zillow\tools\x13\work\permits_40380_200401_202606.spc
40420,permits_40420_200401_202606,ok,0,,"
 X-13ARIMA-SEATS Seasonal Adjustment Program
 Version Number 1.1 Build 62
 Execution began  Jul 28, 2026  11.51.58 

  Reading input spec file from D:\Programming\Dynamic Paper-dlrhcs_replication\data\zillow\tools\x13\work\permits_40420_200401_202606.spc
  Storing any program output into D:\Programming\Dynamic Paper-dlrhcs_replication\data\zillow\tools\x13\work\permits_40420_200401_202606.out
  Storing any program error messages into D:\Programming\Dynamic Paper-dlrhcs_replication\data\zillow\tools\x13\work\permits_40420_200401_202606.err
 


 WARNING: Series should not be a candidate for seasonal adjustment
          because the spectrum of the original series (Table A1 or B1)
          has no visually significant seasonal peaks.

 Execution complete for D:\Programming\Dynamic Paper-dlrhcs_replication\data\zillow\tools\x13\work\permits_40420_200401_202606.spc at  Jul 28, 2026  11.52.01 
",270,2004-01-01,2026-06-01,D:\Programming\Dynamic Paper-dlrhcs_replication\data\zillow\tools\x13\work\permits_40420_200401_202606.spc
40580,permits_40580_200401_201412,ok,0,,,132,2004-01-01,2014-12-01,D:\Programming\Dynamic Paper-dlrhcs_replication\data\zillow\tools\x13\work\permits_40580_200401_201412.spc
40580,,segment_too_short,,,,54,2022-01,2026-06,
40660,permits_40660_200401_202606,ok,0,,,270,2004-01-01,2026-06-01,D:\Programming\Dynamic Paper-dlrhcs_replication\data\zillow\tools\x13\work\permits_40660_200401_202606.spc
40900,permits_40900_200401_202606,ok,0,,,270,2004-01-01,2026-06-01,D:\Programming\Dynamic Paper-dlrhcs_replication\data\zillow\tools\x13\work\permits_40900_200401_202606.spc
40980,permits_40980_200401_202606,ok,0,,"gram
 Version Number 1.1 Build 62
 Execution began  Jul 28, 2026  11.52.01 

  Reading input spec file from D:\Programming\Dynamic Paper-dlrhcs_replication\data\zillow\tools\x13\work\permits_40980_200401_202606.spc
  Storing any program output into D:\Programming\Dynamic Paper-dlrhcs_replication\data\zillow\tools\x13\work\permits_40980_200401_202606.out
  Storing any program error messages into D:\Programming\Dynamic Paper-dlrhcs_replication\data\zillow\tools\x13\work\permits_40980_200401_202606.err
 
  
 WARNING: At least one visually significant seasonal peak has been found
          in the estimated spectrum of the regARIMA residuals.


 WARNING: Series should not be a candidate for seasonal adjustment
          because the spectrum of the original series (Table A1 or B1)
          has no visually significant seasonal peaks.

 Execution complete for D:\Programming\Dynamic Paper-dlrhcs_replication\data\zillow\tools\x13\work\permits_40980_200401_202606.spc at  Jul 28, 2026  11.52.09 
",270,2004-01-01,2026-06-01,D:\Programming\Dynamic Paper-dlrhcs_replication\data\zillow\tools\x13\work\permits_40980_200401_202606.spc
41060,permits_41060_200401_202606,ok,0,,"
 X-13ARIMA-SEATS Seasonal Adjustment Program
 Version Number 1.1 Build 62
 Execution began  Jul 28, 2026  11.52.09 

  Reading input spec file from D:\Programming\Dynamic Paper-dlrhcs_replication\data\zillow\tools\x13\work\permits_41060_200401_202606.spc
  Storing any program output into D:\Programming\Dynamic Paper-dlrhcs_replication\data\zillow\tools\x13\work\permits_41060_200401_202606.out
  Storing any program error messages into D:\Programming\Dynamic Paper-dlrhcs_replication\data\zillow\tools\x13\work\permits_41060_200401_202606.err
 


 WARNING: Series should not be a candidate for seasonal adjustment
          because the spectrum of the prior adjusted series (Table B1)
          has no visually significant seasonal peaks.

 Execution complete for D:\Programming\Dynamic Paper-dlrhcs_replication\data\zillow\tools\x13\work\permits_41060_200401_202606.spc at  Jul 28, 2026  11.52.10 
",270,2004-01-01,2026-06-01,D:\Programming\Dynamic Paper-dlrhcs_replication\data\zillow\tools\x13\work\permits_41060_200401_202606.spc
41100,permits_41100_200401_202606,ok,0,,"
 X-13ARIMA-SEATS Seasonal Adjustment Program
 Version Number 1.1 Build 62
 Execution began  Jul 28, 2026  11.52.10 

  Reading input spec file from D:\Programming\Dynamic Paper-dlrhcs_replication\data\zillow\tools\x13\work\permits_41100_200401_202606.spc
  Storing any program output into D:\Programming\Dynamic Paper-dlrhcs_replication\data\zillow\tools\x13\work\permits_41100_200401_202606.out
  Storing any program error messages into D:\Programming\Dynamic Paper-dlrhcs_replication\data\zillow\tools\x13\work\permits_41100_200401_202606.err
 


 WARNING: Series should not be a candidate for seasonal adjustment
          because the spectrum of the prior adjusted series (Table B1)
          has no visually significant seasonal peaks.

 Execution complete for D:\Programming\Dynamic Paper-dlrhcs_replication\data\zillow\tools\x13\work\permits_41100_200401_202606.spc at  Jul 28, 2026  11.52.14 
",270,2004-01-01,2026-06-01,D:\Programming\Dynamic Paper-dlrhcs_replication\data\zillow\tools\x13\work\permits_41100_200401_202606.spc
41140,permits_41140_200401_202606,ok,0,,"
 X-13ARIMA-SEATS Seasonal Adjustment Program
 Version Number 1.1 Build 62
 Execution began  Jul 28, 2026  11.52.14 

  Reading input spec file from D:\Programming\Dynamic Paper-dlrhcs_replication\data\zillow\tools\x13\work\permits_41140_200401_202606.spc
  Storing any program output into D:\Programming\Dynamic Paper-dlrhcs_replication\data\zillow\tools\x13\work\permits_41140_200401_202606.out
  Storing any program error messages into D:\Programming\Dynamic Paper-dlrhcs_replication\data\zillow\tools\x13\work\permits_41140_200401_202606.err
 

 Execution complete for D:\Programming\Dynamic Paper-dlrhcs_replication\data\zillow\tools\x13\work\permits_41140_200401_202606.spc at  Jul 28, 2026  11.52.17 
",270,2004-01-01,2026-06-01,D:\Programming\Dynamic Paper-dlrhcs_replication\data\zillow\tools\x13\work\permits_41140_200401_202606.spc
41180,permits_41180_200401_202606,ok,0,,"
 X-13ARIMA-SEATS Seasonal Adjustment Program
 Version Number 1.1 Build 62
 Execution began  Jul 28, 2026  11.52.17 

  Reading input spec file from D:\Programming\Dynamic Paper-dlrhcs_replication\data\zillow\tools\x13\work\permits_41180_200401_202606.spc
  Storing any program output into D:\Programming\Dynamic Paper-dlrhcs_replication\data\zillow\tools\x13\work\permits_41180_200401_202606.out
  Storing any program error messages into D:\Programming\Dynamic Paper-dlrhcs_replication\data\zillow\tools\x13\work\permits_41180_200401_202606.err
 


 WARNING: Series should not be a candidate for seasonal adjustment
          because the spectrum of the prior adjusted series (Table B1)
          has no visually significant seasonal peaks.

 Execution complete for D:\Programming\Dynamic Paper-dlrhcs_replication\data\zillow\tools\x13\work\permits_41180_200401_202606.spc at  Jul 28, 2026  11.52.19 
",270,2004-01-01,2026-06-01,D:\Programming\Dynamic Paper-dlrhcs_replication\data\zillow\tools\x13\work\permits_41180_200401_202606.spc
41420,permits_41420_200401_202606,ok,0,,,270,2004-01-01,2026-06-01,D:\Programming\Dynamic Paper-dlrhcs_replication\data\zillow\tools\x13\work\permits_41420_200401_202606.spc
41500,permits_41500_200401_202606,ok,0,,,270,2004-01-01,2026-06-01,D:\Programming\Dynamic Paper-dlrhcs_replication\data\zillow\tools\x13\work\permits_41500_200401_202606.spc
41540,permits_41540_200401_202606,ok,0,,"
 X-13ARIMA-SEATS Seasonal Adjustment Program
 Version Number 1.1 Build 62
 Execution began  Jul 28, 2026  11.52.19 

  Reading input spec file from D:\Programming\Dynamic Paper-dlrhcs_replication\data\zillow\tools\x13\work\permits_41540_200401_202606.spc
  Storing any program output into D:\Programming\Dynamic Paper-dlrhcs_replication\data\zillow\tools\x13\work\permits_41540_200401_202606.out
  Storing any program error messages into D:\Programming\Dynamic Paper-dlrhcs_replication\data\zillow\tools\x13\work\permits_41540_200401_202606.err
 


 WARNING: Series should not be a candidate for seasonal adjustment
          because the spectrum of the original series (Table A1 or B1)
          has no visually significant seasonal peaks.

 Execution complete for D:\Programming\Dynamic Paper-dlrhcs_replication\data\zillow\tools\x13\work\permits_41540_200401_202606.spc at  Jul 28, 2026  11.52.19 
",270,2004-01-01,2026-06-01,D:\Programming\Dynamic Paper-dlrhcs_replication\data\zillow\tools\x13\work\permits_41540_200401_202606.spc
41620,permits_41620_200401_202606,ok,0,,"
 X-13ARIMA-SEATS Seasonal Adjustment Program
 Version Number 1.1 Build 62
 Execution began  Jul 28, 2026  11.52.19 

  Reading input spec file from D:\Programming\Dynamic Paper-dlrhcs_replication\data\zillow\tools\x13\work\permits_41620_200401_202606.spc
  Storing any program output into D:\Programming\Dynamic Paper-dlrhcs_replication\data\zillow\tools\x13\work\permits_41620_200401_202606.out
  Storing any program error messages into D:\Programming\Dynamic Paper-dlrhcs_replication\data\zillow\tools\x13\work\permits_41620_200401_202606.err
 


 WARNING: Series should not be a candidate for seasonal adjustment
          because the spectrum of the original series (Table A1 or B1)
          has no visually significant seasonal peaks.

 Execution complete for D:\Programming\Dynamic Paper-dlrhcs_replication\data\zillow\tools\x13\work\permits_41620_200401_202606.spc at  Jul 28, 2026  11.52.20 
",270,2004-01-01,2026-06-01,D:\Programming\Dynamic Paper-dlrhcs_replication\data\zillow\tools\x13\work\permits_41620_200401_202606.spc
41660,permits_41660_200401_202606,ok,0,,"gram
 Version Number 1.1 Build 62
 Execution began  Jul 28, 2026  11.52.20 

  Reading input spec file from D:\Programming\Dynamic Paper-dlrhcs_replication\data\zillow\tools\x13\work\permits_41660_200401_202606.spc
  Storing any program output into D:\Programming\Dynamic Paper-dlrhcs_replication\data\zillow\tools\x13\work\permits_41660_200401_202606.out
  Storing any program error messages into D:\Programming\Dynamic Paper-dlrhcs_replication\data\zillow\tools\x13\work\permits_41660_200401_202606.err
 
  
 WARNING: At least one visually significant seasonal peak has been found
          in the estimated spectrum of the regARIMA residuals.


 WARNING: Series should not be a candidate for seasonal adjustment
          because the spectrum of the original series (Table A1 or B1)
          has no visually significant seasonal peaks.

 Execution complete for D:\Programming\Dynamic Paper-dlrhcs_replication\data\zillow\tools\x13\work\permits_41660_200401_202606.spc at  Jul 28, 2026  11.52.21 
",270,2004-01-01,2026-06-01,D:\Programming\Dynamic Paper-dlrhcs_replication\data\zillow\tools\x13\work\permits_41660_200401_202606.spc
41700,permits_41700_200401_202606,ok,0,,"
 X-13ARIMA-SEATS Seasonal Adjustment Program
 Version Number 1.1 Build 62
 Execution began  Jul 28, 2026  11.52.21 

  Reading input spec file from D:\Programming\Dynamic Paper-dlrhcs_replication\data\zillow\tools\x13\work\permits_41700_200401_202606.spc
  Storing any program output into D:\Programming\Dynamic Paper-dlrhcs_replication\data\zillow\tools\x13\work\permits_41700_200401_202606.out
  Storing any program error messages into D:\Programming\Dynamic Paper-dlrhcs_replication\data\zillow\tools\x13\work\permits_41700_200401_202606.err
 


 WARNING: Series should not be a candidate for seasonal adjustment
          because the spectrum of the original series (Table A1 or B1)
          has no visually significant seasonal peaks.

 Execution complete for D:\Programming\Dynamic Paper-dlrhcs_replication\data\zillow\tools\x13\work\permits_41700_200401_202606.spc at  Jul 28, 2026  11.52.21 
",270,2004-01-01,2026-06-01,D:\Programming\Dynamic Paper-dlrhcs_replication\data\zillow\tools\x13\work\permits_41700_200401_202606.spc
41740,permits_41740_200401_202606,ok,0,,"gram
 Version Number 1.1 Build 62
 Execution began  Jul 28, 2026  11.52.21 

  Reading input spec file from D:\Programming\Dynamic Paper-dlrhcs_replication\data\zillow\tools\x13\work\permits_41740_200401_202606.spc
  Storing any program output into D:\Programming\Dynamic Paper-dlrhcs_replication\data\zillow\tools\x13\work\permits_41740_200401_202606.out
  Storing any program error messages into D:\Programming\Dynamic Paper-dlrhcs_replication\data\zillow\tools\x13\work\permits_41740_200401_202606.err
 
  
 WARNING: At least one visually significant seasonal peak has been found
          in the estimated spectrum of the regARIMA residuals.


 WARNING: Series should not be a candidate for seasonal adjustment
          because the spectrum of the original series (Table A1 or B1)
          has no visually significant seasonal peaks.

 Execution complete for D:\Programming\Dynamic Paper-dlrhcs_replication\data\zillow\tools\x13\work\permits_41740_200401_202606.spc at  Jul 28, 2026  11.52.22 
",270,2004-01-01,2026-06-01,D:\Programming\Dynamic Paper-dlrhcs_replication\data\zillow\tools\x13\work\permits_41740_200401_202606.spc
41780,permits_41780_200401_201312,ok,0,,"
 X-13ARIMA-SEATS Seasonal Adjustment Program
 Version Number 1.1 Build 62
 Execution began  Jul 28, 2026  11.52.22 

  Reading input spec file from D:\Programming\Dynamic Paper-dlrhcs_replication\data\zillow\tools\x13\work\permits_41780_200401_201312.spc
  Storing any program output into D:\Programming\Dynamic Paper-dlrhcs_replication\data\zillow\tools\x13\work\permits_41780_200401_201312.out
  Storing any program error messages into D:\Programming\Dynamic Paper-dlrhcs_replication\data\zillow\tools\x13\work\permits_41780_200401_201312.err
 


 WARNING: Series should not be a candidate for seasonal adjustment
          because the spectrum of the original series (Table A1 or B1)
          has no visually significant seasonal peaks.

 Execution complete for D:\Programming\Dynamic Paper-dlrhcs_replication\data\zillow\tools\x13\work\permits_41780_200401_201312.spc at  Jul 28, 2026  11.52.22 
",120,2004-01-01,2013-12-01,D:\Programming\Dynamic Paper-dlrhcs_replication\data\zillow\tools\x13\work\permits_41780_200401_201312.spc
41780,,segment_too_short,,,,30,2024-01,2026-06,
41860,permits_41860_200401_202606,ok,0,,"gram
 Version Number 1.1 Build 62
 Execution began  Jul 28, 2026  11.52.22 

  Reading input spec file from D:\Programming\Dynamic Paper-dlrhcs_replication\data\zillow\tools\x13\work\permits_41860_200401_202606.spc
  Storing any program output into D:\Programming\Dynamic Paper-dlrhcs_replication\data\zillow\tools\x13\work\permits_41860_200401_202606.out
  Storing any program error messages into D:\Programming\Dynamic Paper-dlrhcs_replication\data\zillow\tools\x13\work\permits_41860_200401_202606.err
 
  
 WARNING: At least one visually significant seasonal peak has been found
          in the estimated spectrum of the regARIMA residuals.


 WARNING: Series should not be a candidate for seasonal adjustment
          because the spectrum of the prior adjusted series (Table B1)
          has no visually significant seasonal peaks.

 Execution complete for D:\Programming\Dynamic Paper-dlrhcs_replication\data\zillow\tools\x13\work\permits_41860_200401_202606.spc at  Jul 28, 2026  11.52.23 
",270,2004-01-01,2026-06-01,D:\Programming\Dynamic Paper-dlrhcs_replication\data\zillow\tools\x13\work\permits_41860_200401_202606.spc
41940,permits_41940_200401_202606,ok,0,," Paper-dlrhcs_replication\data\zillow\tools\x13\work\permits_41940_200401_202606.spc
  Storing any program output into D:\Programming\Dynamic Paper-dlrhcs_replication\data\zillow\tools\x13\work\permits_41940_200401_202606.out
  Storing any program error messages into D:\Programming\Dynamic Paper-dlrhcs_replication\data\zillow\tools\x13\work\permits_41940_200401_202606.err
 
  
 WARNING: At least one visually significant seasonal peak has been found
          in the estimated spectrum of the regARIMA residuals.
  
 WARNING: At least one visually significant trading day peak has been
          found in one or more of the estimated spectra.


 WARNING: Series should not be a candidate for seasonal adjustment
          because the spectrum of the original series (Table A1 or B1)
          has no visually significant seasonal peaks.

 Execution complete for D:\Programming\Dynamic Paper-dlrhcs_replication\data\zillow\tools\x13\work\permits_41940_200401_202606.spc at  Jul 28, 2026  11.52.25 
",270,2004-01-01,2026-06-01,D:\Programming\Dynamic Paper-dlrhcs_replication\data\zillow\tools\x13\work\permits_41940_200401_202606.spc
42020,permits_42020_200401_202606,ok,0,,"tment Program
 Version Number 1.1 Build 62
 Execution began  Jul 28, 2026  11.52.25 

  Reading input spec file from D:\Programming\Dynamic Paper-dlrhcs_replication\data\zillow\tools\x13\work\permits_42020_200401_202606.spc
  Storing any program output into D:\Programming\Dynamic Paper-dlrhcs_replication\data\zillow\tools\x13\work\permits_42020_200401_202606.out
  Storing any program error messages into D:\Programming\Dynamic Paper-dlrhcs_replication\data\zillow\tools\x13\work\permits_42020_200401_202606.err
 
  
 WARNING: At least one visually significant trading day peak has been
          found in one or more of the estimated spectra.


 WARNING: Series should not be a candidate for seasonal adjustment
          because the spectrum of the prior adjusted series (Table B1)
          has no visually significant seasonal peaks.

 Execution complete for D:\Programming\Dynamic Paper-dlrhcs_replication\data\zillow\tools\x13\work\permits_42020_200401_202606.spc at  Jul 28, 2026  11.52.25 
",270,2004-01-01,2026-06-01,D:\Programming\Dynamic Paper-dlrhcs_replication\data\zillow\tools\x13\work\permits_42020_200401_202606.spc
42060,permits_42060_200401_201312,ok,0,,"gram
 Version Number 1.1 Build 62
 Execution began  Jul 28, 2026  11.52.25 

  Reading input spec file from D:\Programming\Dynamic Paper-dlrhcs_replication\data\zillow\tools\x13\work\permits_42060_200401_201312.spc
  Storing any program output into D:\Programming\Dynamic Paper-dlrhcs_replication\data\zillow\tools\x13\work\permits_42060_200401_201312.out
  Storing any program error messages into D:\Programming\Dynamic Paper-dlrhcs_replication\data\zillow\tools\x13\work\permits_42060_200401_201312.err
 
  
 WARNING: At least one visually significant seasonal peak has been found
          in the estimated spectrum of the regARIMA residuals.


 WARNING: Series should not be a candidate for seasonal adjustment
          because the spectrum of the prior adjusted series (Table B1)
          has no visually significant seasonal peaks.

 Execution complete for D:\Programming\Dynamic Paper-dlrhcs_replication\data\zillow\tools\x13\work\permits_42060_200401_201312.spc at  Jul 28, 2026  11.52.25 
",120,2004-01-01,2013-12-01,D:\Programming\Dynamic Paper-dlrhcs_replication\data\zillow\tools\x13\work\permits_42060_200401_201312.spc
42100,permits_42100_200401_202606,ok,0,,"tment Program
 Version Number 1.1 Build 62
 Execution began  Jul 28, 2026  11.52.25 

  Reading input spec file from D:\Programming\Dynamic Paper-dlrhcs_replication\data\zillow\tools\x13\work\permits_42100_200401_202606.spc
  Storing any program output into D:\Programming\Dynamic Paper-dlrhcs_replication\data\zillow\tools\x13\work\permits_42100_200401_202606.out
  Storing any program error messages into D:\Programming\Dynamic Paper-dlrhcs_replication\data\zillow\tools\x13\work\permits_42100_200401_202606.err
 
  
 WARNING: At least one visually significant trading day peak has been
          found in one or more of the estimated spectra.


 WARNING: Series should not be a candidate for seasonal adjustment
          because the spectrum of the original series (Table A1 or B1)
          has no visually significant seasonal peaks.

 Execution complete for D:\Programming\Dynamic Paper-dlrhcs_replication\data\zillow\tools\x13\work\permits_42100_200401_202606.spc at  Jul 28, 2026  11.52.26 
",270,2004-01-01,2026-06-01,D:\Programming\Dynamic Paper-dlrhcs_replication\data\zillow\tools\x13\work\permits_42100_200401_202606.spc
42140,permits_42140_200401_202606,ok,0,,"mic Paper-dlrhcs_replication\data\zillow\tools\x13\work\permits_42140_200401_202606.spc
  Storing any program output into D:\Programming\Dynamic Paper-dlrhcs_replication\data\zillow\tools\x13\work\permits_42140_200401_202606.out
  Storing any program error messages into D:\Programming\Dynamic Paper-dlrhcs_replication\data\zillow\tools\x13\work\permits_42140_200401_202606.err
 
  
 WARNING: At least one visually significant seasonal peak has been found
          in the estimated spectrum of the regARIMA residuals.
  
 WARNING: At least one visually significant seasonal peak has been
          found in one or more of the estimated spectra.


 WARNING: Series should not be a candidate for seasonal adjustment
          because the spectrum of the original series (Table A1 or B1)
          has no visually significant seasonal peaks.

 Execution complete for D:\Programming\Dynamic Paper-dlrhcs_replication\data\zillow\tools\x13\work\permits_42140_200401_202606.spc at  Jul 28, 2026  11.52.26 
",270,2004-01-01,2026-06-01,D:\Programming\Dynamic Paper-dlrhcs_replication\data\zillow\tools\x13\work\permits_42140_200401_202606.spc
42200,permits_42200_201401_202606,ok,0,,"
 X-13ARIMA-SEATS Seasonal Adjustment Program
 Version Number 1.1 Build 62
 Execution began  Jul 28, 2026  11.52.26 

  Reading input spec file from D:\Programming\Dynamic Paper-dlrhcs_replication\data\zillow\tools\x13\work\permits_42200_201401_202606.spc
  Storing any program output into D:\Programming\Dynamic Paper-dlrhcs_replication\data\zillow\tools\x13\work\permits_42200_201401_202606.out
  Storing any program error messages into D:\Programming\Dynamic Paper-dlrhcs_replication\data\zillow\tools\x13\work\permits_42200_201401_202606.err
 


 WARNING: Series should not be a candidate for seasonal adjustment
          because the spectrum of the original series (Table A1 or B1)
          has no visually significant seasonal peaks.

 Execution complete for D:\Programming\Dynamic Paper-dlrhcs_replication\data\zillow\tools\x13\work\permits_42200_201401_202606.spc at  Jul 28, 2026  11.52.26 
",150,2014-01-01,2026-06-01,D:\Programming\Dynamic Paper-dlrhcs_replication\data\zillow\tools\x13\work\permits_42200_201401_202606.spc
42220,permits_42220_200401_202606,ok,0,,"
 X-13ARIMA-SEATS Seasonal Adjustment Program
 Version Number 1.1 Build 62
 Execution began  Jul 28, 2026  11.52.26 

  Reading input spec file from D:\Programming\Dynamic Paper-dlrhcs_replication\data\zillow\tools\x13\work\permits_42220_200401_202606.spc
  Storing any program output into D:\Programming\Dynamic Paper-dlrhcs_replication\data\zillow\tools\x13\work\permits_42220_200401_202606.out
  Storing any program error messages into D:\Programming\Dynamic Paper-dlrhcs_replication\data\zillow\tools\x13\work\permits_42220_200401_202606.err
 


 WARNING: Series should not be a candidate for seasonal adjustment
          because the spectrum of the prior adjusted series (Table B1)
          has no visually significant seasonal peaks.

 Execution complete for D:\Programming\Dynamic Paper-dlrhcs_replication\data\zillow\tools\x13\work\permits_42220_200401_202606.spc at  Jul 28, 2026  11.52.27 
",270,2004-01-01,2026-06-01,D:\Programming\Dynamic Paper-dlrhcs_replication\data\zillow\tools\x13\work\permits_42220_200401_202606.spc
42260,,segment_too_short,,,,47,2004-01,2007-11,
42340,permits_42340_200401_202606,ok,0,,"
 X-13ARIMA-SEATS Seasonal Adjustment Program
 Version Number 1.1 Build 62
 Execution began  Jul 28, 2026  11.52.27 

  Reading input spec file from D:\Programming\Dynamic Paper-dlrhcs_replication\data\zillow\tools\x13\work\permits_42340_200401_202606.spc
  Storing any program output into D:\Programming\Dynamic Paper-dlrhcs_replication\data\zillow\tools\x13\work\permits_42340_200401_202606.out
  Storing any program error messages into D:\Programming\Dynamic Paper-dlrhcs_replication\data\zillow\tools\x13\work\permits_42340_200401_202606.err
 


 WARNING: Series should not be a candidate for seasonal adjustment
          because the spectrum of the prior adjusted series (Table B1)
          has no visually significant seasonal peaks.

 Execution complete for D:\Programming\Dynamic Paper-dlrhcs_replication\data\zillow\tools\x13\work\permits_42340_200401_202606.spc at  Jul 28, 2026  11.52.27 
",270,2004-01-01,2026-06-01,D:\Programming\Dynamic Paper-dlrhcs_replication\data\zillow\tools\x13\work\permits_42340_200401_202606.spc
42540,permits_42540_200401_202606,ok,0,," Paper-dlrhcs_replication\data\zillow\tools\x13\work\permits_42540_200401_202606.spc
  Storing any program output into D:\Programming\Dynamic Paper-dlrhcs_replication\data\zillow\tools\x13\work\permits_42540_200401_202606.out
  Storing any program error messages into D:\Programming\Dynamic Paper-dlrhcs_replication\data\zillow\tools\x13\work\permits_42540_200401_202606.err
 
  
 WARNING: At least one visually significant seasonal peak has been found
          in the estimated spectrum of the regARIMA residuals.
  
 WARNING: At least one visually significant trading day peak has been
          found in one or more of the estimated spectra.


 WARNING: Series should not be a candidate for seasonal adjustment
          because the spectrum of the original series (Table A1 or B1)
          has no visually significant seasonal peaks.

 Execution complete for D:\Programming\Dynamic Paper-dlrhcs_replication\data\zillow\tools\x13\work\permits_42540_200401_202606.spc at  Jul 28, 2026  11.52.30 
",270,2004-01-01,2026-06-01,D:\Programming\Dynamic Paper-dlrhcs_replication\data\zillow\tools\x13\work\permits_42540_200401_202606.spc
42660,permits_42660_200401_202606,ok,0,,"gram
 Version Number 1.1 Build 62
 Execution began  Jul 28, 2026  11.52.30 

  Reading input spec file from D:\Programming\Dynamic Paper-dlrhcs_replication\data\zillow\tools\x13\work\permits_42660_200401_202606.spc
  Storing any program output into D:\Programming\Dynamic Paper-dlrhcs_replication\data\zillow\tools\x13\work\permits_42660_200401_202606.out
  Storing any program error messages into D:\Programming\Dynamic Paper-dlrhcs_replication\data\zillow\tools\x13\work\permits_42660_200401_202606.err
 
  
 WARNING: At least one visually significant seasonal peak has been found
          in the estimated spectrum of the regARIMA residuals.


 WARNING: Series should not be a candidate for seasonal adjustment
          because the spectrum of the original series (Table A1 or B1)
          has no visually significant seasonal peaks.

 Execution complete for D:\Programming\Dynamic Paper-dlrhcs_replication\data\zillow\tools\x13\work\permits_42660_200401_202606.spc at  Jul 28, 2026  11.52.31 
",270,2004-01-01,2026-06-01,D:\Programming\Dynamic Paper-dlrhcs_replication\data\zillow\tools\x13\work\permits_42660_200401_202606.spc
42680,permits_42680_200601_202606,ok,0,"Note: The following floating-point exceptions are signalling: IEEE_UNDERFLOW_FLAG IEEE_DENORMAL
","
 X-13ARIMA-SEATS Seasonal Adjustment Program
 Version Number 1.1 Build 62
 Execution began  Jul 28, 2026  11.52.31 

  Reading input spec file from D:\Programming\Dynamic Paper-dlrhcs_replication\data\zillow\tools\x13\work\permits_42680_200601_202606.spc
  Storing any program output into D:\Programming\Dynamic Paper-dlrhcs_replication\data\zillow\tools\x13\work\permits_42680_200601_202606.out
  Storing any program error messages into D:\Programming\Dynamic Paper-dlrhcs_replication\data\zillow\tools\x13\work\permits_42680_200601_202606.err
 


 WARNING: Series should not be a candidate for seasonal adjustment
          because the spectrum of the prior adjusted series (Table B1)
          has no visually significant seasonal peaks.

 Execution complete for D:\Programming\Dynamic Paper-dlrhcs_replication\data\zillow\tools\x13\work\permits_42680_200601_202606.spc at  Jul 28, 2026  11.52.31 
",246,2006-01-01,2026-06-01,D:\Programming\Dynamic Paper-dlrhcs_replication\data\zillow\tools\x13\work\permits_42680_200601_202606.spc
42700,,segment_too_short,,,,12,2014-01,2014-12,
42700,,segment_too_short,,,,54,2022-01,2026-06,
43100,permits_43100_200401_202606,ok,0,,"
 X-13ARIMA-SEATS Seasonal Adjustment Program
 Version Number 1.1 Build 62
 Execution began  Jul 28, 2026  11.52.31 

  Reading input spec file from D:\Programming\Dynamic Paper-dlrhcs_replication\data\zillow\tools\x13\work\permits_43100_200401_202606.spc
  Storing any program output into D:\Programming\Dynamic Paper-dlrhcs_replication\data\zillow\tools\x13\work\permits_43100_200401_202606.out
  Storing any program error messages into D:\Programming\Dynamic Paper-dlrhcs_replication\data\zillow\tools\x13\work\permits_43100_200401_202606.err
 
  
 WARNING: At least one visually significant seasonal peak has been found
          in the estimated spectrum of the regARIMA residuals.

 Execution complete for D:\Programming\Dynamic Paper-dlrhcs_replication\data\zillow\tools\x13\work\permits_43100_200401_202606.spc at  Jul 28, 2026  11.52.31 
",270,2004-01-01,2026-06-01,D:\Programming\Dynamic Paper-dlrhcs_replication\data\zillow\tools\x13\work\permits_43100_200401_202606.spc
43300,permits_43300_200401_201412,ok,0,,"tment Program
 Version Number 1.1 Build 62
 Execution began  Jul 28, 2026  11.52.31 

  Reading input spec file from D:\Programming\Dynamic Paper-dlrhcs_replication\data\zillow\tools\x13\work\permits_43300_200401_201412.spc
  Storing any program output into D:\Programming\Dynamic Paper-dlrhcs_replication\data\zillow\tools\x13\work\permits_43300_200401_201412.out
  Storing any program error messages into D:\Programming\Dynamic Paper-dlrhcs_replication\data\zillow\tools\x13\work\permits_43300_200401_201412.err
 
  
 WARNING: At least one visually significant trading day peak has been
          found in one or more of the estimated spectra.


 WARNING: Series should not be a candidate for seasonal adjustment
          because the spectrum of the original series (Table A1 or B1)
          has no visually significant seasonal peaks.

 Execution complete for D:\Programming\Dynamic Paper-dlrhcs_replication\data\zillow\tools\x13\work\permits_43300_200401_201412.spc at  Jul 28, 2026  11.52.32 
",132,2004-01-01,2014-12-01,D:\Programming\Dynamic Paper-dlrhcs_replication\data\zillow\tools\x13\work\permits_43300_200401_201412.spc
43300,,segment_too_short,,,,54,2022-01,2026-06,
43340,permits_43340_200401_202606,ok,0,,"
 X-13ARIMA-SEATS Seasonal Adjustment Program
 Version Number 1.1 Build 62
 Execution began  Jul 28, 2026  11.52.32 

  Reading input spec file from D:\Programming\Dynamic Paper-dlrhcs_replication\data\zillow\tools\x13\work\permits_43340_200401_202606.spc
  Storing any program output into D:\Programming\Dynamic Paper-dlrhcs_replication\data\zillow\tools\x13\work\permits_43340_200401_202606.out
  Storing any program error messages into D:\Programming\Dynamic Paper-dlrhcs_replication\data\zillow\tools\x13\work\permits_43340_200401_202606.err
 


 WARNING: Series should not be a candidate for seasonal adjustment
          because the spectrum of the original series (Table A1 or B1)
          has no visually significant seasonal peaks.

 Execution complete for D:\Programming\Dynamic Paper-dlrhcs_replication\data\zillow\tools\x13\work\permits_43340_200401_202606.spc at  Jul 28, 2026  11.52.34 
",270,2004-01-01,2026-06-01,D:\Programming\Dynamic Paper-dlrhcs_replication\data\zillow\tools\x13\work\permits_43340_200401_202606.spc
43420,permits_43420_201401_202606,ok,0,,"
 X-13ARIMA-SEATS Seasonal Adjustment Program
 Version Number 1.1 Build 62
 Execution began  Jul 28, 2026  11.52.34 

  Reading input spec file from D:\Programming\Dynamic Paper-dlrhcs_replication\data\zillow\tools\x13\work\permits_43420_201401_202606.spc
  Storing any program output into D:\Programming\Dynamic Paper-dlrhcs_replication\data\zillow\tools\x13\work\permits_43420_201401_202606.out
  Storing any program error messages into D:\Programming\Dynamic Paper-dlrhcs_replication\data\zillow\tools\x13\work\permits_43420_201401_202606.err
 


 WARNING: Series should not be a candidate for seasonal adjustment
          because the spectrum of the original series (Table A1 or B1)
          has no visually significant seasonal peaks.

 Execution complete for D:\Programming\Dynamic Paper-dlrhcs_replication\data\zillow\tools\x13\work\permits_43420_201401_202606.spc at  Jul 28, 2026  11.52.35 
",150,2014-01-01,2026-06-01,D:\Programming\Dynamic Paper-dlrhcs_replication\data\zillow\tools\x13\work\permits_43420_201401_202606.spc
43580,permits_43580_200401_202606,ok,0,,"
 X-13ARIMA-SEATS Seasonal Adjustment Program
 Version Number 1.1 Build 62
 Execution began  Jul 28, 2026  11.52.35 

  Reading input spec file from D:\Programming\Dynamic Paper-dlrhcs_replication\data\zillow\tools\x13\work\permits_43580_200401_202606.spc
  Storing any program output into D:\Programming\Dynamic Paper-dlrhcs_replication\data\zillow\tools\x13\work\permits_43580_200401_202606.out
  Storing any program error messages into D:\Programming\Dynamic Paper-dlrhcs_replication\data\zillow\tools\x13\work\permits_43580_200401_202606.err
 


 WARNING: Series should not be a candidate for seasonal adjustment
          because the spectrum of the original series (Table A1 or B1)
          has no visually significant seasonal peaks.

 Execution complete for D:\Programming\Dynamic Paper-dlrhcs_replication\data\zillow\tools\x13\work\permits_43580_200401_202606.spc at  Jul 28, 2026  11.52.36 
",270,2004-01-01,2026-06-01,D:\Programming\Dynamic Paper-dlrhcs_replication\data\zillow\tools\x13\work\permits_43580_200401_202606.spc
43620,permits_43620_200401_202606,ok,0,,"
 X-13ARIMA-SEATS Seasonal Adjustment Program
 Version Number 1.1 Build 62
 Execution began  Jul 28, 2026  11.52.36 

  Reading input spec file from D:\Programming\Dynamic Paper-dlrhcs_replication\data\zillow\tools\x13\work\permits_43620_200401_202606.spc
  Storing any program output into D:\Programming\Dynamic Paper-dlrhcs_replication\data\zillow\tools\x13\work\permits_43620_200401_202606.out
  Storing any program error messages into D:\Programming\Dynamic Paper-dlrhcs_replication\data\zillow\tools\x13\work\permits_43620_200401_202606.err
 

 Execution complete for D:\Programming\Dynamic Paper-dlrhcs_replication\data\zillow\tools\x13\work\permits_43620_200401_202606.spc at  Jul 28, 2026  11.52.40 
",270,2004-01-01,2026-06-01,D:\Programming\Dynamic Paper-dlrhcs_replication\data\zillow\tools\x13\work\permits_43620_200401_202606.spc
43640,,segment_too_short,,,,30,2024-01,2026-06,
43780,permits_43780_200401_202606,ok,0,,"
 X-13ARIMA-SEATS Seasonal Adjustment Program
 Version Number 1.1 Build 62
 Execution began  Jul 28, 2026  11.52.40 

  Reading input spec file from D:\Programming\Dynamic Paper-dlrhcs_replication\data\zillow\tools\x13\work\permits_43780_200401_202606.spc
  Storing any program output into D:\Programming\Dynamic Paper-dlrhcs_replication\data\zillow\tools\x13\work\permits_43780_200401_202606.out
  Storing any program error messages into D:\Programming\Dynamic Paper-dlrhcs_replication\data\zillow\tools\x13\work\permits_43780_200401_202606.err
 
  
 WARNING: At least one visually significant seasonal peak has been found
          in the estimated spectrum of the regARIMA residuals.

 Execution complete for D:\Programming\Dynamic Paper-dlrhcs_replication\data\zillow\tools\x13\work\permits_43780_200401_202606.spc at  Jul 28, 2026  11.52.40 
",270,2004-01-01,2026-06-01,D:\Programming\Dynamic Paper-dlrhcs_replication\data\zillow\tools\x13\work\permits_43780_200401_202606.spc
43900,permits_43900_200401_202606,ok,0,,"tment Program
 Version Number 1.1 Build 62
 Execution began  Jul 28, 2026  11.52.40 

  Reading input spec file from D:\Programming\Dynamic Paper-dlrhcs_replication\data\zillow\tools\x13\work\permits_43900_200401_202606.spc
  Storing any program output into D:\Programming\Dynamic Paper-dlrhcs_replication\data\zillow\tools\x13\work\permits_43900_200401_202606.out
  Storing any program error messages into D:\Programming\Dynamic Paper-dlrhcs_replication\data\zillow\tools\x13\work\permits_43900_200401_202606.err
 
  
 WARNING: At least one visually significant trading day peak has been
          found in one or more of the estimated spectra.


 WARNING: Series should not be a candidate for seasonal adjustment
          because the spectrum of the original series (Table A1 or B1)
          has no visually significant seasonal peaks.

 Execution complete for D:\Programming\Dynamic Paper-dlrhcs_replication\data\zillow\tools\x13\work\permits_43900_200401_202606.spc at  Jul 28, 2026  11.52.42 
",270,2004-01-01,2026-06-01,D:\Programming\Dynamic Paper-dlrhcs_replication\data\zillow\tools\x13\work\permits_43900_200401_202606.spc
44060,permits_44060_200401_202606,ok,0,,"
 X-13ARIMA-SEATS Seasonal Adjustment Program
 Version Number 1.1 Build 62
 Execution began  Jul 28, 2026  11.52.42 

  Reading input spec file from D:\Programming\Dynamic Paper-dlrhcs_replication\data\zillow\tools\x13\work\permits_44060_200401_202606.spc
  Storing any program output into D:\Programming\Dynamic Paper-dlrhcs_replication\data\zillow\tools\x13\work\permits_44060_200401_202606.out
  Storing any program error messages into D:\Programming\Dynamic Paper-dlrhcs_replication\data\zillow\tools\x13\work\permits_44060_200401_202606.err
 
  
 WARNING: At least one visually significant seasonal peak has been found
          in the estimated spectrum of the regARIMA residuals.

 Execution complete for D:\Programming\Dynamic Paper-dlrhcs_replication\data\zillow\tools\x13\work\permits_44060_200401_202606.spc at  Jul 28, 2026  11.52.44 
",270,2004-01-01,2026-06-01,D:\Programming\Dynamic Paper-dlrhcs_replication\data\zillow\tools\x13\work\permits_44060_200401_202606.spc
44100,permits_44100_200401_202606,ok,0,,"
 X-13ARIMA-SEATS Seasonal Adjustment Program
 Version Number 1.1 Build 62
 Execution began  Jul 28, 2026  11.52.44 

  Reading input spec file from D:\Programming\Dynamic Paper-dlrhcs_replication\data\zillow\tools\x13\work\permits_44100_200401_202606.spc
  Storing any program output into D:\Programming\Dynamic Paper-dlrhcs_replication\data\zillow\tools\x13\work\permits_44100_200401_202606.out
  Storing any program error messages into D:\Programming\Dynamic Paper-dlrhcs_replication\data\zillow\tools\x13\work\permits_44100_200401_202606.err
 

 Execution complete for D:\Programming\Dynamic Paper-dlrhcs_replication\data\zillow\tools\x13\work\permits_44100_200401_202606.spc at  Jul 28, 2026  11.52.47 
",270,2004-01-01,2026-06-01,D:\Programming\Dynamic Paper-dlrhcs_replication\data\zillow\tools\x13\work\permits_44100_200401_202606.spc
44140,permits_44140_200401_202606,ok,0,,"
 X-13ARIMA-SEATS Seasonal Adjustment Program
 Version Number 1.1 Build 62
 Execution began  Jul 28, 2026  11.52.47 

  Reading input spec file from D:\Programming\Dynamic Paper-dlrhcs_replication\data\zillow\tools\x13\work\permits_44140_200401_202606.spc
  Storing any program output into D:\Programming\Dynamic Paper-dlrhcs_replication\data\zillow\tools\x13\work\permits_44140_200401_202606.out
  Storing any program error messages into D:\Programming\Dynamic Paper-dlrhcs_replication\data\zillow\tools\x13\work\permits_44140_200401_202606.err
 


 WARNING: Series should not be a candidate for seasonal adjustment
          because the spectrum of the prior adjusted series (Table B1)
          has no visually significant seasonal peaks.

 Execution complete for D:\Programming\Dynamic Paper-dlrhcs_replication\data\zillow\tools\x13\work\permits_44140_200401_202606.spc at  Jul 28, 2026  11.52.50 
",270,2004-01-01,2026-06-01,D:\Programming\Dynamic Paper-dlrhcs_replication\data\zillow\tools\x13\work\permits_44140_200401_202606.spc
44180,permits_44180_200401_202606,ok,0,,"
 X-13ARIMA-SEATS Seasonal Adjustment Program
 Version Number 1.1 Build 62
 Execution began  Jul 28, 2026  11.52.50 

  Reading input spec file from D:\Programming\Dynamic Paper-dlrhcs_replication\data\zillow\tools\x13\work\permits_44180_200401_202606.spc
  Storing any program output into D:\Programming\Dynamic Paper-dlrhcs_replication\data\zillow\tools\x13\work\permits_44180_200401_202606.out
  Storing any program error messages into D:\Programming\Dynamic Paper-dlrhcs_replication\data\zillow\tools\x13\work\permits_44180_200401_202606.err
 


 WARNING: Series should not be a candidate for seasonal adjustment
          because the spectrum of the prior adjusted series (Table B1)
          has no visually significant seasonal peaks.

 Execution complete for D:\Programming\Dynamic Paper-dlrhcs_replication\data\zillow\tools\x13\work\permits_44180_200401_202606.spc at  Jul 28, 2026  11.52.53 
",270,2004-01-01,2026-06-01,D:\Programming\Dynamic Paper-dlrhcs_replication\data\zillow\tools\x13\work\permits_44180_200401_202606.spc
44220,permits_44220_200401_202606,ok,0,,"
 X-13ARIMA-SEATS Seasonal Adjustment Program
 Version Number 1.1 Build 62
 Execution began  Jul 28, 2026  11.52.53 

  Reading input spec file from D:\Programming\Dynamic Paper-dlrhcs_replication\data\zillow\tools\x13\work\permits_44220_200401_202606.spc
  Storing any program output into D:\Programming\Dynamic Paper-dlrhcs_replication\data\zillow\tools\x13\work\permits_44220_200401_202606.out
  Storing any program error messages into D:\Programming\Dynamic Paper-dlrhcs_replication\data\zillow\tools\x13\work\permits_44220_200401_202606.err
 


 WARNING: Series should not be a candidate for seasonal adjustment
          because the spectrum of the prior adjusted series (Table B1)
          has no visually significant seasonal peaks.

 Execution complete for D:\Programming\Dynamic Paper-dlrhcs_replication\data\zillow\tools\x13\work\permits_44220_200401_202606.spc at  Jul 28, 2026  11.52.53 
",270,2004-01-01,2026-06-01,D:\Programming\Dynamic Paper-dlrhcs_replication\data\zillow\tools\x13\work\permits_44220_200401_202606.spc
44300,permits_44300_200401_202606,ok,0,,"tment Program
 Version Number 1.1 Build 62
 Execution began  Jul 28, 2026  11.52.53 

  Reading input spec file from D:\Programming\Dynamic Paper-dlrhcs_replication\data\zillow\tools\x13\work\permits_44300_200401_202606.spc
  Storing any program output into D:\Programming\Dynamic Paper-dlrhcs_replication\data\zillow\tools\x13\work\permits_44300_200401_202606.out
  Storing any program error messages into D:\Programming\Dynamic Paper-dlrhcs_replication\data\zillow\tools\x13\work\permits_44300_200401_202606.err
 
  
 WARNING: At least one visually significant trading day peak has been
          found in one or more of the estimated spectra.


 WARNING: Series should not be a candidate for seasonal adjustment
          because the spectrum of the prior adjusted series (Table B1)
          has no visually significant seasonal peaks.

 Execution complete for D:\Programming\Dynamic Paper-dlrhcs_replication\data\zillow\tools\x13\work\permits_44300_200401_202606.spc at  Jul 28, 2026  11.52.54 
",270,2004-01-01,2026-06-01,D:\Programming\Dynamic Paper-dlrhcs_replication\data\zillow\tools\x13\work\permits_44300_200401_202606.spc
44420,permits_44420_201401_202606,ok,0,,"tment Program
 Version Number 1.1 Build 62
 Execution began  Jul 28, 2026  11.52.54 

  Reading input spec file from D:\Programming\Dynamic Paper-dlrhcs_replication\data\zillow\tools\x13\work\permits_44420_201401_202606.spc
  Storing any program output into D:\Programming\Dynamic Paper-dlrhcs_replication\data\zillow\tools\x13\work\permits_44420_201401_202606.out
  Storing any program error messages into D:\Programming\Dynamic Paper-dlrhcs_replication\data\zillow\tools\x13\work\permits_44420_201401_202606.err
 
  
 WARNING: At least one visually significant trading day peak has been
          found in one or more of the estimated spectra.


 WARNING: Series should not be a candidate for seasonal adjustment
          because the spectrum of the original series (Table A1 or B1)
          has no visually significant seasonal peaks.

 Execution complete for D:\Programming\Dynamic Paper-dlrhcs_replication\data\zillow\tools\x13\work\permits_44420_201401_202606.spc at  Jul 28, 2026  11.52.54 
",150,2014-01-01,2026-06-01,D:\Programming\Dynamic Paper-dlrhcs_replication\data\zillow\tools\x13\work\permits_44420_201401_202606.spc
44600,,segment_too_short,,,,48,2010-01,2013-12,
44700,permits_44700_200401_202606,ok,0,,"
 X-13ARIMA-SEATS Seasonal Adjustment Program
 Version Number 1.1 Build 62
 Execution began  Jul 28, 2026  11.52.54 

  Reading input spec file from D:\Programming\Dynamic Paper-dlrhcs_replication\data\zillow\tools\x13\work\permits_44700_200401_202606.spc
  Storing any program output into D:\Programming\Dynamic Paper-dlrhcs_replication\data\zillow\tools\x13\work\permits_44700_200401_202606.out
  Storing any program error messages into D:\Programming\Dynamic Paper-dlrhcs_replication\data\zillow\tools\x13\work\permits_44700_200401_202606.err
 

 Execution complete for D:\Programming\Dynamic Paper-dlrhcs_replication\data\zillow\tools\x13\work\permits_44700_200401_202606.spc at  Jul 28, 2026  11.52.57 
",270,2004-01-01,2026-06-01,D:\Programming\Dynamic Paper-dlrhcs_replication\data\zillow\tools\x13\work\permits_44700_200401_202606.spc
44940,permits_44940_200401_202606,ok,0,,"tment Program
 Version Number 1.1 Build 62
 Execution began  Jul 28, 2026  11.52.57 

  Reading input spec file from D:\Programming\Dynamic Paper-dlrhcs_replication\data\zillow\tools\x13\work\permits_44940_200401_202606.spc
  Storing any program output into D:\Programming\Dynamic Paper-dlrhcs_replication\data\zillow\tools\x13\work\permits_44940_200401_202606.out
  Storing any program error messages into D:\Programming\Dynamic Paper-dlrhcs_replication\data\zillow\tools\x13\work\permits_44940_200401_202606.err
 
  
 WARNING: At least one visually significant trading day peak has been
          found in one or more of the estimated spectra.


 WARNING: Series should not be a candidate for seasonal adjustment
          because the spectrum of the original series (Table A1 or B1)
          has no visually significant seasonal peaks.

 Execution complete for D:\Programming\Dynamic Paper-dlrhcs_replication\data\zillow\tools\x13\work\permits_44940_200401_202606.spc at  Jul 28, 2026  11.52.57 
",270,2004-01-01,2026-06-01,D:\Programming\Dynamic Paper-dlrhcs_replication\data\zillow\tools\x13\work\permits_44940_200401_202606.spc
45060,permits_45060_200401_202606,ok,0,,"
 X-13ARIMA-SEATS Seasonal Adjustment Program
 Version Number 1.1 Build 62
 Execution began  Jul 28, 2026  11.52.57 

  Reading input spec file from D:\Programming\Dynamic Paper-dlrhcs_replication\data\zillow\tools\x13\work\permits_45060_200401_202606.spc
  Storing any program output into D:\Programming\Dynamic Paper-dlrhcs_replication\data\zillow\tools\x13\work\permits_45060_200401_202606.out
  Storing any program error messages into D:\Programming\Dynamic Paper-dlrhcs_replication\data\zillow\tools\x13\work\permits_45060_200401_202606.err
 


 WARNING: Series should not be a candidate for seasonal adjustment
          because the spectrum of the original series (Table A1 or B1)
          has no visually significant seasonal peaks.

 Execution complete for D:\Programming\Dynamic Paper-dlrhcs_replication\data\zillow\tools\x13\work\permits_45060_200401_202606.spc at  Jul 28, 2026  11.52.58 
",270,2004-01-01,2026-06-01,D:\Programming\Dynamic Paper-dlrhcs_replication\data\zillow\tools\x13\work\permits_45060_200401_202606.spc
45220,permits_45220_200401_202606,ok,0,,"
 X-13ARIMA-SEATS Seasonal Adjustment Program
 Version Number 1.1 Build 62
 Execution began  Jul 28, 2026  11.52.59 

  Reading input spec file from D:\Programming\Dynamic Paper-dlrhcs_replication\data\zillow\tools\x13\work\permits_45220_200401_202606.spc
  Storing any program output into D:\Programming\Dynamic Paper-dlrhcs_replication\data\zillow\tools\x13\work\permits_45220_200401_202606.out
  Storing any program error messages into D:\Programming\Dynamic Paper-dlrhcs_replication\data\zillow\tools\x13\work\permits_45220_200401_202606.err
 


 WARNING: Series should not be a candidate for seasonal adjustment
          because the spectrum of the prior adjusted series (Table B1)
          has no visually significant seasonal peaks.

 Execution complete for D:\Programming\Dynamic Paper-dlrhcs_replication\data\zillow\tools\x13\work\permits_45220_200401_202606.spc at  Jul 28, 2026  11.53.00 
",270,2004-01-01,2026-06-01,D:\Programming\Dynamic Paper-dlrhcs_replication\data\zillow\tools\x13\work\permits_45220_200401_202606.spc
45300,permits_45300_200401_202606,ok,0,,"gram
 Version Number 1.1 Build 62
 Execution began  Jul 28, 2026  11.53.00 

  Reading input spec file from D:\Programming\Dynamic Paper-dlrhcs_replication\data\zillow\tools\x13\work\permits_45300_200401_202606.spc
  Storing any program output into D:\Programming\Dynamic Paper-dlrhcs_replication\data\zillow\tools\x13\work\permits_45300_200401_202606.out
  Storing any program error messages into D:\Programming\Dynamic Paper-dlrhcs_replication\data\zillow\tools\x13\work\permits_45300_200401_202606.err
 
  
 WARNING: At least one visually significant seasonal peak has been found
          in the estimated spectrum of the regARIMA residuals.


 WARNING: Series should not be a candidate for seasonal adjustment
          because the spectrum of the original series (Table A1 or B1)
          has no visually significant seasonal peaks.

 Execution complete for D:\Programming\Dynamic Paper-dlrhcs_replication\data\zillow\tools\x13\work\permits_45300_200401_202606.spc at  Jul 28, 2026  11.53.00 
",270,2004-01-01,2026-06-01,D:\Programming\Dynamic Paper-dlrhcs_replication\data\zillow\tools\x13\work\permits_45300_200401_202606.spc
45460,permits_45460_200401_202606,ok,0,,"
 X-13ARIMA-SEATS Seasonal Adjustment Program
 Version Number 1.1 Build 62
 Execution began  Jul 28, 2026  11.53.01 

  Reading input spec file from D:\Programming\Dynamic Paper-dlrhcs_replication\data\zillow\tools\x13\work\permits_45460_200401_202606.spc
  Storing any program output into D:\Programming\Dynamic Paper-dlrhcs_replication\data\zillow\tools\x13\work\permits_45460_200401_202606.out
  Storing any program error messages into D:\Programming\Dynamic Paper-dlrhcs_replication\data\zillow\tools\x13\work\permits_45460_200401_202606.err
 


 WARNING: Series should not be a candidate for seasonal adjustment
          because the spectrum of the original series (Table A1 or B1)
          has no visually significant seasonal peaks.

 Execution complete for D:\Programming\Dynamic Paper-dlrhcs_replication\data\zillow\tools\x13\work\permits_45460_200401_202606.spc at  Jul 28, 2026  11.53.03 
",270,2004-01-01,2026-06-01,D:\Programming\Dynamic Paper-dlrhcs_replication\data\zillow\tools\x13\work\permits_45460_200401_202606.spc
45500,permits_45500_200401_202606,ok,0,,"gram
 Version Number 1.1 Build 62
 Execution began  Jul 28, 2026  11.53.03 

  Reading input spec file from D:\Programming\Dynamic Paper-dlrhcs_replication\data\zillow\tools\x13\work\permits_45500_200401_202606.spc
  Storing any program output into D:\Programming\Dynamic Paper-dlrhcs_replication\data\zillow\tools\x13\work\permits_45500_200401_202606.out
  Storing any program error messages into D:\Programming\Dynamic Paper-dlrhcs_replication\data\zillow\tools\x13\work\permits_45500_200401_202606.err
 
  
 WARNING: At least one visually significant seasonal peak has been found
          in the estimated spectrum of the regARIMA residuals.


 WARNING: Series should not be a candidate for seasonal adjustment
          because the spectrum of the original series (Table A1 or B1)
          has no visually significant seasonal peaks.

 Execution complete for D:\Programming\Dynamic Paper-dlrhcs_replication\data\zillow\tools\x13\work\permits_45500_200401_202606.spc at  Jul 28, 2026  11.53.03 
",270,2004-01-01,2026-06-01,D:\Programming\Dynamic Paper-dlrhcs_replication\data\zillow\tools\x13\work\permits_45500_200401_202606.spc
45540,permits_45540_201401_202312,ok,0,,"
 X-13ARIMA-SEATS Seasonal Adjustment Program
 Version Number 1.1 Build 62
 Execution began  Jul 28, 2026  11.53.04 

  Reading input spec file from D:\Programming\Dynamic Paper-dlrhcs_replication\data\zillow\tools\x13\work\permits_45540_201401_202312.spc
  Storing any program output into D:\Programming\Dynamic Paper-dlrhcs_replication\data\zillow\tools\x13\work\permits_45540_201401_202312.out
  Storing any program error messages into D:\Programming\Dynamic Paper-dlrhcs_replication\data\zillow\tools\x13\work\permits_45540_201401_202312.err
 


 WARNING: Series should not be a candidate for seasonal adjustment
          because the spectrum of the original series (Table A1 or B1)
          has no visually significant seasonal peaks.

 Execution complete for D:\Programming\Dynamic Paper-dlrhcs_replication\data\zillow\tools\x13\work\permits_45540_201401_202312.spc at  Jul 28, 2026  11.53.04 
",120,2014-01-01,2023-12-01,D:\Programming\Dynamic Paper-dlrhcs_replication\data\zillow\tools\x13\work\permits_45540_201401_202312.spc
45780,permits_45780_200401_202606,ok,0,,"
 X-13ARIMA-SEATS Seasonal Adjustment Program
 Version Number 1.1 Build 62
 Execution began  Jul 28, 2026  11.53.04 

  Reading input spec file from D:\Programming\Dynamic Paper-dlrhcs_replication\data\zillow\tools\x13\work\permits_45780_200401_202606.spc
  Storing any program output into D:\Programming\Dynamic Paper-dlrhcs_replication\data\zillow\tools\x13\work\permits_45780_200401_202606.out
  Storing any program error messages into D:\Programming\Dynamic Paper-dlrhcs_replication\data\zillow\tools\x13\work\permits_45780_200401_202606.err
 


 WARNING: Series should not be a candidate for seasonal adjustment
          because the spectrum of the original series (Table A1 or B1)
          has no visually significant seasonal peaks.

 Execution complete for D:\Programming\Dynamic Paper-dlrhcs_replication\data\zillow\tools\x13\work\permits_45780_200401_202606.spc at  Jul 28, 2026  11.53.09 
",270,2004-01-01,2026-06-01,D:\Programming\Dynamic Paper-dlrhcs_replication\data\zillow\tools\x13\work\permits_45780_200401_202606.spc
45820,permits_45820_200401_202606,ok,0,,"tment Program
 Version Number 1.1 Build 62
 Execution began  Jul 28, 2026  11.53.09 

  Reading input spec file from D:\Programming\Dynamic Paper-dlrhcs_replication\data\zillow\tools\x13\work\permits_45820_200401_202606.spc
  Storing any program output into D:\Programming\Dynamic Paper-dlrhcs_replication\data\zillow\tools\x13\work\permits_45820_200401_202606.out
  Storing any program error messages into D:\Programming\Dynamic Paper-dlrhcs_replication\data\zillow\tools\x13\work\permits_45820_200401_202606.err
 
  
 WARNING: At least one visually significant trading day peak has been
          found in one or more of the estimated spectra.


 WARNING: Series should not be a candidate for seasonal adjustment
          because the spectrum of the original series (Table A1 or B1)
          has no visually significant seasonal peaks.

 Execution complete for D:\Programming\Dynamic Paper-dlrhcs_replication\data\zillow\tools\x13\work\permits_45820_200401_202606.spc at  Jul 28, 2026  11.53.10 
",270,2004-01-01,2026-06-01,D:\Programming\Dynamic Paper-dlrhcs_replication\data\zillow\tools\x13\work\permits_45820_200401_202606.spc
45900,,segment_too_short,,,,30,2024-01,2026-06,
45940,permits_45940_200401_202606,ok,0,,"
 X-13ARIMA-SEATS Seasonal Adjustment Program
 Version Number 1.1 Build 62
 Execution began  Jul 28, 2026  11.53.10 

  Reading input spec file from D:\Programming\Dynamic Paper-dlrhcs_replication\data\zillow\tools\x13\work\permits_45940_200401_202606.spc
  Storing any program output into D:\Programming\Dynamic Paper-dlrhcs_replication\data\zillow\tools\x13\work\permits_45940_200401_202606.out
  Storing any program error messages into D:\Programming\Dynamic Paper-dlrhcs_replication\data\zillow\tools\x13\work\permits_45940_200401_202606.err
 


 WARNING: Series should not be a candidate for seasonal adjustment
          because the spectrum of the prior adjusted series (Table B1)
          has no visually significant seasonal peaks.

 Execution complete for D:\Programming\Dynamic Paper-dlrhcs_replication\data\zillow\tools\x13\work\permits_45940_200401_202606.spc at  Jul 28, 2026  11.53.10 
",270,2004-01-01,2026-06-01,D:\Programming\Dynamic Paper-dlrhcs_replication\data\zillow\tools\x13\work\permits_45940_200401_202606.spc
46060,permits_46060_200401_202606,ok,0,,"
 X-13ARIMA-SEATS Seasonal Adjustment Program
 Version Number 1.1 Build 62
 Execution began  Jul 28, 2026  11.53.10 

  Reading input spec file from D:\Programming\Dynamic Paper-dlrhcs_replication\data\zillow\tools\x13\work\permits_46060_200401_202606.spc
  Storing any program output into D:\Programming\Dynamic Paper-dlrhcs_replication\data\zillow\tools\x13\work\permits_46060_200401_202606.out
  Storing any program error messages into D:\Programming\Dynamic Paper-dlrhcs_replication\data\zillow\tools\x13\work\permits_46060_200401_202606.err
 
  
 WARNING: At least one visually significant trading day peak has been
          found in one or more of the estimated spectra.

 Execution complete for D:\Programming\Dynamic Paper-dlrhcs_replication\data\zillow\tools\x13\work\permits_46060_200401_202606.spc at  Jul 28, 2026  11.53.13 
",270,2004-01-01,2026-06-01,D:\Programming\Dynamic Paper-dlrhcs_replication\data\zillow\tools\x13\work\permits_46060_200401_202606.spc
46140,permits_46140_200401_202606,ok,0,,"
 X-13ARIMA-SEATS Seasonal Adjustment Program
 Version Number 1.1 Build 62
 Execution began  Jul 28, 2026  11.53.13 

  Reading input spec file from D:\Programming\Dynamic Paper-dlrhcs_replication\data\zillow\tools\x13\work\permits_46140_200401_202606.spc
  Storing any program output into D:\Programming\Dynamic Paper-dlrhcs_replication\data\zillow\tools\x13\work\permits_46140_200401_202606.out
  Storing any program error messages into D:\Programming\Dynamic Paper-dlrhcs_replication\data\zillow\tools\x13\work\permits_46140_200401_202606.err
 


 WARNING: Series should not be a candidate for seasonal adjustment
          because the spectrum of the prior adjusted series (Table B1)
          has no visually significant seasonal peaks.

 Execution complete for D:\Programming\Dynamic Paper-dlrhcs_replication\data\zillow\tools\x13\work\permits_46140_200401_202606.spc at  Jul 28, 2026  11.53.13 
",270,2004-01-01,2026-06-01,D:\Programming\Dynamic Paper-dlrhcs_replication\data\zillow\tools\x13\work\permits_46140_200401_202606.spc
46220,permits_46220_200401_202606,ok,0,,"gram
 Version Number 1.1 Build 62
 Execution began  Jul 28, 2026  11.53.13 

  Reading input spec file from D:\Programming\Dynamic Paper-dlrhcs_replication\data\zillow\tools\x13\work\permits_46220_200401_202606.spc
  Storing any program output into D:\Programming\Dynamic Paper-dlrhcs_replication\data\zillow\tools\x13\work\permits_46220_200401_202606.out
  Storing any program error messages into D:\Programming\Dynamic Paper-dlrhcs_replication\data\zillow\tools\x13\work\permits_46220_200401_202606.err
 
  
 WARNING: At least one visually significant seasonal peak has been found
          in the estimated spectrum of the regARIMA residuals.


 WARNING: Series should not be a candidate for seasonal adjustment
          because the spectrum of the original series (Table A1 or B1)
          has no visually significant seasonal peaks.

 Execution complete for D:\Programming\Dynamic Paper-dlrhcs_replication\data\zillow\tools\x13\work\permits_46220_200401_202606.spc at  Jul 28, 2026  11.53.14 
",270,2004-01-01,2026-06-01,D:\Programming\Dynamic Paper-dlrhcs_replication\data\zillow\tools\x13\work\permits_46220_200401_202606.spc
46300,permits_46300_201801_202606,ok,0,,"
 X-13ARIMA-SEATS Seasonal Adjustment Program
 Version Number 1.1 Build 62
 Execution began  Jul 28, 2026  11.53.14 

  Reading input spec file from D:\Programming\Dynamic Paper-dlrhcs_replication\data\zillow\tools\x13\work\permits_46300_201801_202606.spc
  Storing any program output into D:\Programming\Dynamic Paper-dlrhcs_replication\data\zillow\tools\x13\work\permits_46300_201801_202606.out
  Storing any program error messages into D:\Programming\Dynamic Paper-dlrhcs_replication\data\zillow\tools\x13\work\permits_46300_201801_202606.err
 
  
 WARNING: At least one visually significant seasonal peak has been found
          in the estimated spectrum of the regARIMA residuals.

 Execution complete for D:\Programming\Dynamic Paper-dlrhcs_replication\data\zillow\tools\x13\work\permits_46300_201801_202606.spc at  Jul 28, 2026  11.53.14 
",102,2018-01-01,2026-06-01,D:\Programming\Dynamic Paper-dlrhcs_replication\data\zillow\tools\x13\work\permits_46300_201801_202606.spc
46340,permits_46340_200401_202606,ok,0,,"per-dlrhcs_replication\data\zillow\tools\x13\work\permits_46340_200401_202606.spc
  Storing any program output into D:\Programming\Dynamic Paper-dlrhcs_replication\data\zillow\tools\x13\work\permits_46340_200401_202606.out
  Storing any program error messages into D:\Programming\Dynamic Paper-dlrhcs_replication\data\zillow\tools\x13\work\permits_46340_200401_202606.err
 
  
 WARNING: At least one visually significant trading day peak has been
          found in the estimated spectrum of the regARIMA residuals.
  
 WARNING: At least one visually significant trading day peak has been
          found in one or more of the estimated spectra.


 WARNING: Series should not be a candidate for seasonal adjustment
          because the spectrum of the prior adjusted series (Table B1)
          has no visually significant seasonal peaks.

 Execution complete for D:\Programming\Dynamic Paper-dlrhcs_replication\data\zillow\tools\x13\work\permits_46340_200401_202606.spc at  Jul 28, 2026  11.53.14 
",270,2004-01-01,2026-06-01,D:\Programming\Dynamic Paper-dlrhcs_replication\data\zillow\tools\x13\work\permits_46340_200401_202606.spc
46520,permits_46520_201401_202606,ok,0,,"tment Program
 Version Number 1.1 Build 62
 Execution began  Jul 28, 2026  11.53.14 

  Reading input spec file from D:\Programming\Dynamic Paper-dlrhcs_replication\data\zillow\tools\x13\work\permits_46520_201401_202606.spc
  Storing any program output into D:\Programming\Dynamic Paper-dlrhcs_replication\data\zillow\tools\x13\work\permits_46520_201401_202606.out
  Storing any program error messages into D:\Programming\Dynamic Paper-dlrhcs_replication\data\zillow\tools\x13\work\permits_46520_201401_202606.err
 
  
 WARNING: At least one visually significant trading day peak has been
          found in one or more of the estimated spectra.


 WARNING: Series should not be a candidate for seasonal adjustment
          because the spectrum of the original series (Table A1 or B1)
          has no visually significant seasonal peaks.

 Execution complete for D:\Programming\Dynamic Paper-dlrhcs_replication\data\zillow\tools\x13\work\permits_46520_201401_202606.spc at  Jul 28, 2026  11.53.15 
",150,2014-01-01,2026-06-01,D:\Programming\Dynamic Paper-dlrhcs_replication\data\zillow\tools\x13\work\permits_46520_201401_202606.spc
46540,permits_46540_200401_202606,ok,0,,"tment Program
 Version Number 1.1 Build 62
 Execution began  Jul 28, 2026  11.53.15 

  Reading input spec file from D:\Programming\Dynamic Paper-dlrhcs_replication\data\zillow\tools\x13\work\permits_46540_200401_202606.spc
  Storing any program output into D:\Programming\Dynamic Paper-dlrhcs_replication\data\zillow\tools\x13\work\permits_46540_200401_202606.out
  Storing any program error messages into D:\Programming\Dynamic Paper-dlrhcs_replication\data\zillow\tools\x13\work\permits_46540_200401_202606.err
 
  
 WARNING: At least one visually significant trading day peak has been
          found in one or more of the estimated spectra.


 WARNING: Series should not be a candidate for seasonal adjustment
          because the spectrum of the original series (Table A1 or B1)
          has no visually significant seasonal peaks.

 Execution complete for D:\Programming\Dynamic Paper-dlrhcs_replication\data\zillow\tools\x13\work\permits_46540_200401_202606.spc at  Jul 28, 2026  11.53.15 
",270,2004-01-01,2026-06-01,D:\Programming\Dynamic Paper-dlrhcs_replication\data\zillow\tools\x13\work\permits_46540_200401_202606.spc
46660,permits_46660_200401_202606,ok,0,,"
 X-13ARIMA-SEATS Seasonal Adjustment Program
 Version Number 1.1 Build 62
 Execution began  Jul 28, 2026  11.53.15 

  Reading input spec file from D:\Programming\Dynamic Paper-dlrhcs_replication\data\zillow\tools\x13\work\permits_46660_200401_202606.spc
  Storing any program output into D:\Programming\Dynamic Paper-dlrhcs_replication\data\zillow\tools\x13\work\permits_46660_200401_202606.out
  Storing any program error messages into D:\Programming\Dynamic Paper-dlrhcs_replication\data\zillow\tools\x13\work\permits_46660_200401_202606.err
 
  
 WARNING: At least one visually significant seasonal peak has been found
          in the estimated spectrum of the regARIMA residuals.

 Execution complete for D:\Programming\Dynamic Paper-dlrhcs_replication\data\zillow\tools\x13\work\permits_46660_200401_202606.spc at  Jul 28, 2026  11.53.15 
",270,2004-01-01,2026-06-01,D:\Programming\Dynamic Paper-dlrhcs_replication\data\zillow\tools\x13\work\permits_46660_200401_202606.spc
46700,permits_46700_200401_202606,ok,0,,"
 X-13ARIMA-SEATS Seasonal Adjustment Program
 Version Number 1.1 Build 62
 Execution began  Jul 28, 2026  11.53.15 

  Reading input spec file from D:\Programming\Dynamic Paper-dlrhcs_replication\data\zillow\tools\x13\work\permits_46700_200401_202606.spc
  Storing any program output into D:\Programming\Dynamic Paper-dlrhcs_replication\data\zillow\tools\x13\work\permits_46700_200401_202606.out
  Storing any program error messages into D:\Programming\Dynamic Paper-dlrhcs_replication\data\zillow\tools\x13\work\permits_46700_200401_202606.err
 
  
 WARNING: At least one visually significant trading day peak has been
          found in the estimated spectrum of the regARIMA residuals.

 Execution complete for D:\Programming\Dynamic Paper-dlrhcs_replication\data\zillow\tools\x13\work\permits_46700_200401_202606.spc at  Jul 28, 2026  11.53.17 
",270,2004-01-01,2026-06-01,D:\Programming\Dynamic Paper-dlrhcs_replication\data\zillow\tools\x13\work\permits_46700_200401_202606.spc
46940,,segment_too_short,,,,24,2004-01,2005-12,
47020,permits_47020_200401_201412,ok,0,,"justment Program
 Version Number 1.1 Build 62
 Execution began  Jul 28, 2026  11.53.17 

  Reading input spec file from D:\Programming\Dynamic Paper-dlrhcs_replication\data\zillow\tools\x13\work\permits_47020_200401_201412.spc
  Storing any program output into D:\Programming\Dynamic Paper-dlrhcs_replication\data\zillow\tools\x13\work\permits_47020_200401_201412.out
  Storing any program error messages into D:\Programming\Dynamic Paper-dlrhcs_replication\data\zillow\tools\x13\work\permits_47020_200401_201412.err
 
  
 WARNING: At least one visually significant seasonal peak has been
          found in one or more of the estimated spectra.


 WARNING: Series should not be a candidate for seasonal adjustment
          because the spectrum of the prior adjusted series (Table B1)
          has no visually significant seasonal peaks.

 Execution complete for D:\Programming\Dynamic Paper-dlrhcs_replication\data\zillow\tools\x13\work\permits_47020_200401_201412.spc at  Jul 28, 2026  11.53.17 
",132,2004-01-01,2014-12-01,D:\Programming\Dynamic Paper-dlrhcs_replication\data\zillow\tools\x13\work\permits_47020_200401_201412.spc
47020,,segment_too_short,,,,54,2022-01,2026-06,
47220,permits_47220_200401_202606,ok,0,,"
 X-13ARIMA-SEATS Seasonal Adjustment Program
 Version Number 1.1 Build 62
 Execution began  Jul 28, 2026  11.53.17 

  Reading input spec file from D:\Programming\Dynamic Paper-dlrhcs_replication\data\zillow\tools\x13\work\permits_47220_200401_202606.spc
  Storing any program output into D:\Programming\Dynamic Paper-dlrhcs_replication\data\zillow\tools\x13\work\permits_47220_200401_202606.out
  Storing any program error messages into D:\Programming\Dynamic Paper-dlrhcs_replication\data\zillow\tools\x13\work\permits_47220_200401_202606.err
 


 WARNING: Series should not be a candidate for seasonal adjustment
          because the spectrum of the prior adjusted series (Table B1)
          has no visually significant seasonal peaks.

 Execution complete for D:\Programming\Dynamic Paper-dlrhcs_replication\data\zillow\tools\x13\work\permits_47220_200401_202606.spc at  Jul 28, 2026  11.53.18 
",270,2004-01-01,2026-06-01,D:\Programming\Dynamic Paper-dlrhcs_replication\data\zillow\tools\x13\work\permits_47220_200401_202606.spc
47260,permits_47260_200401_202606,ok,0,,"
 X-13ARIMA-SEATS Seasonal Adjustment Program
 Version Number 1.1 Build 62
 Execution began  Jul 28, 2026  11.53.18 

  Reading input spec file from D:\Programming\Dynamic Paper-dlrhcs_replication\data\zillow\tools\x13\work\permits_47260_200401_202606.spc
  Storing any program output into D:\Programming\Dynamic Paper-dlrhcs_replication\data\zillow\tools\x13\work\permits_47260_200401_202606.out
  Storing any program error messages into D:\Programming\Dynamic Paper-dlrhcs_replication\data\zillow\tools\x13\work\permits_47260_200401_202606.err
 


 WARNING: Series should not be a candidate for seasonal adjustment
          because the spectrum of the original series (Table A1 or B1)
          has no visually significant seasonal peaks.

 Execution complete for D:\Programming\Dynamic Paper-dlrhcs_replication\data\zillow\tools\x13\work\permits_47260_200401_202606.spc at  Jul 28, 2026  11.53.18 
",270,2004-01-01,2026-06-01,D:\Programming\Dynamic Paper-dlrhcs_replication\data\zillow\tools\x13\work\permits_47260_200401_202606.spc
47300,permits_47300_200401_202606,ok,0,,"
 X-13ARIMA-SEATS Seasonal Adjustment Program
 Version Number 1.1 Build 62
 Execution began  Jul 28, 2026  11.53.18 

  Reading input spec file from D:\Programming\Dynamic Paper-dlrhcs_replication\data\zillow\tools\x13\work\permits_47300_200401_202606.spc
  Storing any program output into D:\Programming\Dynamic Paper-dlrhcs_replication\data\zillow\tools\x13\work\permits_47300_200401_202606.out
  Storing any program error messages into D:\Programming\Dynamic Paper-dlrhcs_replication\data\zillow\tools\x13\work\permits_47300_200401_202606.err
 


 WARNING: Series should not be a candidate for seasonal adjustment
          because the spectrum of the original series (Table A1 or B1)
          has no visually significant seasonal peaks.

 Execution complete for D:\Programming\Dynamic Paper-dlrhcs_replication\data\zillow\tools\x13\work\permits_47300_200401_202606.spc at  Jul 28, 2026  11.53.18 
",270,2004-01-01,2026-06-01,D:\Programming\Dynamic Paper-dlrhcs_replication\data\zillow\tools\x13\work\permits_47300_200401_202606.spc
47380,permits_47380_200401_202606,ok,0,,"tment Program
 Version Number 1.1 Build 62
 Execution began  Jul 28, 2026  11.53.18 

  Reading input spec file from D:\Programming\Dynamic Paper-dlrhcs_replication\data\zillow\tools\x13\work\permits_47380_200401_202606.spc
  Storing any program output into D:\Programming\Dynamic Paper-dlrhcs_replication\data\zillow\tools\x13\work\permits_47380_200401_202606.out
  Storing any program error messages into D:\Programming\Dynamic Paper-dlrhcs_replication\data\zillow\tools\x13\work\permits_47380_200401_202606.err
 
  
 WARNING: At least one visually significant trading day peak has been
          found in one or more of the estimated spectra.


 WARNING: Series should not be a candidate for seasonal adjustment
          because the spectrum of the original series (Table A1 or B1)
          has no visually significant seasonal peaks.

 Execution complete for D:\Programming\Dynamic Paper-dlrhcs_replication\data\zillow\tools\x13\work\permits_47380_200401_202606.spc at  Jul 28, 2026  11.53.19 
",270,2004-01-01,2026-06-01,D:\Programming\Dynamic Paper-dlrhcs_replication\data\zillow\tools\x13\work\permits_47380_200401_202606.spc
47460,permits_47460_201401_202606,ok,0,,"
 X-13ARIMA-SEATS Seasonal Adjustment Program
 Version Number 1.1 Build 62
 Execution began  Jul 28, 2026  11.53.19 

  Reading input spec file from D:\Programming\Dynamic Paper-dlrhcs_replication\data\zillow\tools\x13\work\permits_47460_201401_202606.spc
  Storing any program output into D:\Programming\Dynamic Paper-dlrhcs_replication\data\zillow\tools\x13\work\permits_47460_201401_202606.out
  Storing any program error messages into D:\Programming\Dynamic Paper-dlrhcs_replication\data\zillow\tools\x13\work\permits_47460_201401_202606.err
 


 WARNING: Series should not be a candidate for seasonal adjustment
          because the spectrum of the original series (Table A1 or B1)
          has no visually significant seasonal peaks.

 Execution complete for D:\Programming\Dynamic Paper-dlrhcs_replication\data\zillow\tools\x13\work\permits_47460_201401_202606.spc at  Jul 28, 2026  11.53.19 
",150,2014-01-01,2026-06-01,D:\Programming\Dynamic Paper-dlrhcs_replication\data\zillow\tools\x13\work\permits_47460_201401_202606.spc
47580,permits_47580_200401_202606,ok,0,,"
 X-13ARIMA-SEATS Seasonal Adjustment Program
 Version Number 1.1 Build 62
 Execution began  Jul 28, 2026  11.53.19 

  Reading input spec file from D:\Programming\Dynamic Paper-dlrhcs_replication\data\zillow\tools\x13\work\permits_47580_200401_202606.spc
  Storing any program output into D:\Programming\Dynamic Paper-dlrhcs_replication\data\zillow\tools\x13\work\permits_47580_200401_202606.out
  Storing any program error messages into D:\Programming\Dynamic Paper-dlrhcs_replication\data\zillow\tools\x13\work\permits_47580_200401_202606.err
 
  
 WARNING: At least one visually significant seasonal peak has been found
          in the estimated spectrum of the regARIMA residuals.

 Execution complete for D:\Programming\Dynamic Paper-dlrhcs_replication\data\zillow\tools\x13\work\permits_47580_200401_202606.spc at  Jul 28, 2026  11.53.20 
",270,2004-01-01,2026-06-01,D:\Programming\Dynamic Paper-dlrhcs_replication\data\zillow\tools\x13\work\permits_47580_200401_202606.spc
47900,permits_47900_200401_202606,ok,0,,"
 X-13ARIMA-SEATS Seasonal Adjustment Program
 Version Number 1.1 Build 62
 Execution began  Jul 28, 2026  11.53.20 

  Reading input spec file from D:\Programming\Dynamic Paper-dlrhcs_replication\data\zillow\tools\x13\work\permits_47900_200401_202606.spc
  Storing any program output into D:\Programming\Dynamic Paper-dlrhcs_replication\data\zillow\tools\x13\work\permits_47900_200401_202606.out
  Storing any program error messages into D:\Programming\Dynamic Paper-dlrhcs_replication\data\zillow\tools\x13\work\permits_47900_200401_202606.err
 


 WARNING: Series should not be a candidate for seasonal adjustment
          because the spectrum of the prior adjusted series (Table B1)
          has no visually significant seasonal peaks.

 Execution complete for D:\Programming\Dynamic Paper-dlrhcs_replication\data\zillow\tools\x13\work\permits_47900_200401_202606.spc at  Jul 28, 2026  11.53.21 
",270,2004-01-01,2026-06-01,D:\Programming\Dynamic Paper-dlrhcs_replication\data\zillow\tools\x13\work\permits_47900_200401_202606.spc
47930,,segment_too_short,,,,30,2024-01,2026-06,
47940,permits_47940_200401_202606,ok,0,,"
 X-13ARIMA-SEATS Seasonal Adjustment Program
 Version Number 1.1 Build 62
 Execution began  Jul 28, 2026  11.53.21 

  Reading input spec file from D:\Programming\Dynamic Paper-dlrhcs_replication\data\zillow\tools\x13\work\permits_47940_200401_202606.spc
  Storing any program output into D:\Programming\Dynamic Paper-dlrhcs_replication\data\zillow\tools\x13\work\permits_47940_200401_202606.out
  Storing any program error messages into D:\Programming\Dynamic Paper-dlrhcs_replication\data\zillow\tools\x13\work\permits_47940_200401_202606.err
 


 WARNING: Series should not be a candidate for seasonal adjustment
          because the spectrum of the original series (Table A1 or B1)
          has no visually significant seasonal peaks.

 Execution complete for D:\Programming\Dynamic Paper-dlrhcs_replication\data\zillow\tools\x13\work\permits_47940_200401_202606.spc at  Jul 28, 2026  11.53.23 
",270,2004-01-01,2026-06-01,D:\Programming\Dynamic Paper-dlrhcs_replication\data\zillow\tools\x13\work\permits_47940_200401_202606.spc
48060,permits_48060_201401_202606,ok,0,,"
 X-13ARIMA-SEATS Seasonal Adjustment Program
 Version Number 1.1 Build 62
 Execution began  Jul 28, 2026  11.53.23 

  Reading input spec file from D:\Programming\Dynamic Paper-dlrhcs_replication\data\zillow\tools\x13\work\permits_48060_201401_202606.spc
  Storing any program output into D:\Programming\Dynamic Paper-dlrhcs_replication\data\zillow\tools\x13\work\permits_48060_201401_202606.out
  Storing any program error messages into D:\Programming\Dynamic Paper-dlrhcs_replication\data\zillow\tools\x13\work\permits_48060_201401_202606.err
 


 WARNING: Series should not be a candidate for seasonal adjustment
          because the spectrum of the original series (Table A1 or B1)
          has no visually significant seasonal peaks.

 Execution complete for D:\Programming\Dynamic Paper-dlrhcs_replication\data\zillow\tools\x13\work\permits_48060_201401_202606.spc at  Jul 28, 2026  11.53.24 
",150,2014-01-01,2026-06-01,D:\Programming\Dynamic Paper-dlrhcs_replication\data\zillow\tools\x13\work\permits_48060_201401_202606.spc
48140,permits_48140_200401_202606,ok,0,,"tment Program
 Version Number 1.1 Build 62
 Execution began  Jul 28, 2026  11.53.24 

  Reading input spec file from D:\Programming\Dynamic Paper-dlrhcs_replication\data\zillow\tools\x13\work\permits_48140_200401_202606.spc
  Storing any program output into D:\Programming\Dynamic Paper-dlrhcs_replication\data\zillow\tools\x13\work\permits_48140_200401_202606.out
  Storing any program error messages into D:\Programming\Dynamic Paper-dlrhcs_replication\data\zillow\tools\x13\work\permits_48140_200401_202606.err
 
  
 WARNING: At least one visually significant trading day peak has been
          found in one or more of the estimated spectra.


 WARNING: Series should not be a candidate for seasonal adjustment
          because the spectrum of the original series (Table A1 or B1)
          has no visually significant seasonal peaks.

 Execution complete for D:\Programming\Dynamic Paper-dlrhcs_replication\data\zillow\tools\x13\work\permits_48140_200401_202606.spc at  Jul 28, 2026  11.53.28 
",270,2004-01-01,2026-06-01,D:\Programming\Dynamic Paper-dlrhcs_replication\data\zillow\tools\x13\work\permits_48140_200401_202606.spc
48260,,segment_too_short,,,,72,2004-01,2009-12,
48260,permits_48260_201401_202606,ok,0,,"-dlrhcs_replication\data\zillow\tools\x13\work\permits_48260_201401_202606.spc
  Storing any program output into D:\Programming\Dynamic Paper-dlrhcs_replication\data\zillow\tools\x13\work\permits_48260_201401_202606.out
  Storing any program error messages into D:\Programming\Dynamic Paper-dlrhcs_replication\data\zillow\tools\x13\work\permits_48260_201401_202606.err
 
  
 WARNING: Visually significant seasonal and trading day peaks have 
          been found in the estimated spectrum of the regARIMA residuals.
  
 WARNING: At least one visually significant trading day peak has been
          found in one or more of the estimated spectra.


 WARNING: Series should not be a candidate for seasonal adjustment
          because the spectrum of the original series (Table A1 or B1)
          has no visually significant seasonal peaks.

 Execution complete for D:\Programming\Dynamic Paper-dlrhcs_replication\data\zillow\tools\x13\work\permits_48260_201401_202606.spc at  Jul 28, 2026  11.53.28 
",150,2014-01-01,2026-06-01,D:\Programming\Dynamic Paper-dlrhcs_replication\data\zillow\tools\x13\work\permits_48260_201401_202606.spc
48300,permits_48300_200401_202606,ok,0,,"
 X-13ARIMA-SEATS Seasonal Adjustment Program
 Version Number 1.1 Build 62
 Execution began  Jul 28, 2026  11.53.28 

  Reading input spec file from D:\Programming\Dynamic Paper-dlrhcs_replication\data\zillow\tools\x13\work\permits_48300_200401_202606.spc
  Storing any program output into D:\Programming\Dynamic Paper-dlrhcs_replication\data\zillow\tools\x13\work\permits_48300_200401_202606.out
  Storing any program error messages into D:\Programming\Dynamic Paper-dlrhcs_replication\data\zillow\tools\x13\work\permits_48300_200401_202606.err
 


 WARNING: Series should not be a candidate for seasonal adjustment
          because the spectrum of the original series (Table A1 or B1)
          has no visually significant seasonal peaks.

 Execution complete for D:\Programming\Dynamic Paper-dlrhcs_replication\data\zillow\tools\x13\work\permits_48300_200401_202606.spc at  Jul 28, 2026  11.53.29 
",270,2004-01-01,2026-06-01,D:\Programming\Dynamic Paper-dlrhcs_replication\data\zillow\tools\x13\work\permits_48300_200401_202606.spc
48540,permits_48540_200401_202606,ok,0,,"
 X-13ARIMA-SEATS Seasonal Adjustment Program
 Version Number 1.1 Build 62
 Execution began  Jul 28, 2026  11.53.29 

  Reading input spec file from D:\Programming\Dynamic Paper-dlrhcs_replication\data\zillow\tools\x13\work\permits_48540_200401_202606.spc
  Storing any program output into D:\Programming\Dynamic Paper-dlrhcs_replication\data\zillow\tools\x13\work\permits_48540_200401_202606.out
  Storing any program error messages into D:\Programming\Dynamic Paper-dlrhcs_replication\data\zillow\tools\x13\work\permits_48540_200401_202606.err
 
  
 WARNING: At least one visually significant seasonal peak has been found
          in the estimated spectrum of the regARIMA residuals.

 Execution complete for D:\Programming\Dynamic Paper-dlrhcs_replication\data\zillow\tools\x13\work\permits_48540_200401_202606.spc at  Jul 28, 2026  11.53.29 
",270,2004-01-01,2026-06-01,D:\Programming\Dynamic Paper-dlrhcs_replication\data\zillow\tools\x13\work\permits_48540_200401_202606.spc
48620,permits_48620_200401_202606,ok,0,,"
 X-13ARIMA-SEATS Seasonal Adjustment Program
 Version Number 1.1 Build 62
 Execution began  Jul 28, 2026  11.53.29 

  Reading input spec file from D:\Programming\Dynamic Paper-dlrhcs_replication\data\zillow\tools\x13\work\permits_48620_200401_202606.spc
  Storing any program output into D:\Programming\Dynamic Paper-dlrhcs_replication\data\zillow\tools\x13\work\permits_48620_200401_202606.out
  Storing any program error messages into D:\Programming\Dynamic Paper-dlrhcs_replication\data\zillow\tools\x13\work\permits_48620_200401_202606.err
 

 Execution complete for D:\Programming\Dynamic Paper-dlrhcs_replication\data\zillow\tools\x13\work\permits_48620_200401_202606.spc at  Jul 28, 2026  11.53.35 
",270,2004-01-01,2026-06-01,D:\Programming\Dynamic Paper-dlrhcs_replication\data\zillow\tools\x13\work\permits_48620_200401_202606.spc
48660,permits_48660_200401_202606,ok,0,,"
 X-13ARIMA-SEATS Seasonal Adjustment Program
 Version Number 1.1 Build 62
 Execution began  Jul 28, 2026  11.53.35 

  Reading input spec file from D:\Programming\Dynamic Paper-dlrhcs_replication\data\zillow\tools\x13\work\permits_48660_200401_202606.spc
  Storing any program output into D:\Programming\Dynamic Paper-dlrhcs_replication\data\zillow\tools\x13\work\permits_48660_200401_202606.out
  Storing any program error messages into D:\Programming\Dynamic Paper-dlrhcs_replication\data\zillow\tools\x13\work\permits_48660_200401_202606.err
 


 WARNING: Series should not be a candidate for seasonal adjustment
          because the spectrum of the original series (Table A1 or B1)
          has no visually significant seasonal peaks.

 Execution complete for D:\Programming\Dynamic Paper-dlrhcs_replication\data\zillow\tools\x13\work\permits_48660_200401_202606.spc at  Jul 28, 2026  11.53.36 
",270,2004-01-01,2026-06-01,D:\Programming\Dynamic Paper-dlrhcs_replication\data\zillow\tools\x13\work\permits_48660_200401_202606.spc
48680,,segment_too_short,,,,30,2024-01,2026-06,
48700,permits_48700_200401_202606,ok,0,,"
 X-13ARIMA-SEATS Seasonal Adjustment Program
 Version Number 1.1 Build 62
 Execution began  Jul 28, 2026  11.53.36 

  Reading input spec file from D:\Programming\Dynamic Paper-dlrhcs_replication\data\zillow\tools\x13\work\permits_48700_200401_202606.spc
  Storing any program output into D:\Programming\Dynamic Paper-dlrhcs_replication\data\zillow\tools\x13\work\permits_48700_200401_202606.out
  Storing any program error messages into D:\Programming\Dynamic Paper-dlrhcs_replication\data\zillow\tools\x13\work\permits_48700_200401_202606.err
 


 WARNING: Series should not be a candidate for seasonal adjustment
          because the spectrum of the original series (Table A1 or B1)
          has no visually significant seasonal peaks.

 Execution complete for D:\Programming\Dynamic Paper-dlrhcs_replication\data\zillow\tools\x13\work\permits_48700_200401_202606.spc at  Jul 28, 2026  11.53.37 
",270,2004-01-01,2026-06-01,D:\Programming\Dynamic Paper-dlrhcs_replication\data\zillow\tools\x13\work\permits_48700_200401_202606.spc
48900,permits_48900_200401_202606,ok,0,,"
 X-13ARIMA-SEATS Seasonal Adjustment Program
 Version Number 1.1 Build 62
 Execution began  Jul 28, 2026  11.53.37 

  Reading input spec file from D:\Programming\Dynamic Paper-dlrhcs_replication\data\zillow\tools\x13\work\permits_48900_200401_202606.spc
  Storing any program output into D:\Programming\Dynamic Paper-dlrhcs_replication\data\zillow\tools\x13\work\permits_48900_200401_202606.out
  Storing any program error messages into D:\Programming\Dynamic Paper-dlrhcs_replication\data\zillow\tools\x13\work\permits_48900_200401_202606.err
 
  
 WARNING: At least one visually significant seasonal peak has been found
          in the estimated spectrum of the regARIMA residuals.

 Execution complete for D:\Programming\Dynamic Paper-dlrhcs_replication\data\zillow\tools\x13\work\permits_48900_200401_202606.spc at  Jul 28, 2026  11.53.37 
",270,2004-01-01,2026-06-01,D:\Programming\Dynamic Paper-dlrhcs_replication\data\zillow\tools\x13\work\permits_48900_200401_202606.spc
49020,permits_49020_200401_202606,ok,0,,"tment Program
 Version Number 1.1 Build 62
 Execution began  Jul 28, 2026  11.53.37 

  Reading input spec file from D:\Programming\Dynamic Paper-dlrhcs_replication\data\zillow\tools\x13\work\permits_49020_200401_202606.spc
  Storing any program output into D:\Programming\Dynamic Paper-dlrhcs_replication\data\zillow\tools\x13\work\permits_49020_200401_202606.out
  Storing any program error messages into D:\Programming\Dynamic Paper-dlrhcs_replication\data\zillow\tools\x13\work\permits_49020_200401_202606.err
 
  
 WARNING: At least one visually significant trading day peak has been
          found in one or more of the estimated spectra.


 WARNING: Series should not be a candidate for seasonal adjustment
          because the spectrum of the prior adjusted series (Table B1)
          has no visually significant seasonal peaks.

 Execution complete for D:\Programming\Dynamic Paper-dlrhcs_replication\data\zillow\tools\x13\work\permits_49020_200401_202606.spc at  Jul 28, 2026  11.53.39 
",270,2004-01-01,2026-06-01,D:\Programming\Dynamic Paper-dlrhcs_replication\data\zillow\tools\x13\work\permits_49020_200401_202606.spc
49180,permits_49180_200401_202606,ok,0,,"tment Program
 Version Number 1.1 Build 62
 Execution began  Jul 28, 2026  11.53.39 

  Reading input spec file from D:\Programming\Dynamic Paper-dlrhcs_replication\data\zillow\tools\x13\work\permits_49180_200401_202606.spc
  Storing any program output into D:\Programming\Dynamic Paper-dlrhcs_replication\data\zillow\tools\x13\work\permits_49180_200401_202606.out
  Storing any program error messages into D:\Programming\Dynamic Paper-dlrhcs_replication\data\zillow\tools\x13\work\permits_49180_200401_202606.err
 
  
 WARNING: At least one visually significant trading day peak has been
          found in one or more of the estimated spectra.


 WARNING: Series should not be a candidate for seasonal adjustment
          because the spectrum of the original series (Table A1 or B1)
          has no visually significant seasonal peaks.

 Execution complete for D:\Programming\Dynamic Paper-dlrhcs_replication\data\zillow\tools\x13\work\permits_49180_200401_202606.spc at  Jul 28, 2026  11.53.40 
",270,2004-01-01,2026-06-01,D:\Programming\Dynamic Paper-dlrhcs_replication\data\zillow\tools\x13\work\permits_49180_200401_202606.spc
49340,permits_49340_200401_202606,ok,0,,"
 X-13ARIMA-SEATS Seasonal Adjustment Program
 Version Number 1.1 Build 62
 Execution began  Jul 28, 2026  11.53.40 

  Reading input spec file from D:\Programming\Dynamic Paper-dlrhcs_replication\data\zillow\tools\x13\work\permits_49340_200401_202606.spc
  Storing any program output into D:\Programming\Dynamic Paper-dlrhcs_replication\data\zillow\tools\x13\work\permits_49340_200401_202606.out
  Storing any program error messages into D:\Programming\Dynamic Paper-dlrhcs_replication\data\zillow\tools\x13\work\permits_49340_200401_202606.err
 


 WARNING: Series should not be a candidate for seasonal adjustment
          because the spectrum of the prior adjusted series (Table B1)
          has no visually significant seasonal peaks.

 Execution complete for D:\Programming\Dynamic Paper-dlrhcs_replication\data\zillow\tools\x13\work\permits_49340_200401_202606.spc at  Jul 28, 2026  11.53.40 
",270,2004-01-01,2026-06-01,D:\Programming\Dynamic Paper-dlrhcs_replication\data\zillow\tools\x13\work\permits_49340_200401_202606.spc
49420,permits_49420_200401_202606,ok,0,,"
 X-13ARIMA-SEATS Seasonal Adjustment Program
 Version Number 1.1 Build 62
 Execution began  Jul 28, 2026  11.53.40 

  Reading input spec file from D:\Programming\Dynamic Paper-dlrhcs_replication\data\zillow\tools\x13\work\permits_49420_200401_202606.spc
  Storing any program output into D:\Programming\Dynamic Paper-dlrhcs_replication\data\zillow\tools\x13\work\permits_49420_200401_202606.out
  Storing any program error messages into D:\Programming\Dynamic Paper-dlrhcs_replication\data\zillow\tools\x13\work\permits_49420_200401_202606.err
 


 WARNING: Series should not be a candidate for seasonal adjustment
          because the spectrum of the prior adjusted series (Table B1)
          has no visually significant seasonal peaks.

 Execution complete for D:\Programming\Dynamic Paper-dlrhcs_replication\data\zillow\tools\x13\work\permits_49420_200401_202606.spc at  Jul 28, 2026  11.53.42 
",270,2004-01-01,2026-06-01,D:\Programming\Dynamic Paper-dlrhcs_replication\data\zillow\tools\x13\work\permits_49420_200401_202606.spc
49620,permits_49620_200401_202606,ok,0,,"
 X-13ARIMA-SEATS Seasonal Adjustment Program
 Version Number 1.1 Build 62
 Execution began  Jul 28, 2026  11.53.42 

  Reading input spec file from D:\Programming\Dynamic Paper-dlrhcs_replication\data\zillow\tools\x13\work\permits_49620_200401_202606.spc
  Storing any program output into D:\Programming\Dynamic Paper-dlrhcs_replication\data\zillow\tools\x13\work\permits_49620_200401_202606.out
  Storing any program error messages into D:\Programming\Dynamic Paper-dlrhcs_replication\data\zillow\tools\x13\work\permits_49620_200401_202606.err
 


 WARNING: Series should not be a candidate for seasonal adjustment
          because the spectrum of the original series (Table A1 or B1)
          has no visually significant seasonal peaks.

 Execution complete for D:\Programming\Dynamic Paper-dlrhcs_replication\data\zillow\tools\x13\work\permits_49620_200401_202606.spc at  Jul 28, 2026  11.53.43 
",270,2004-01-01,2026-06-01,D:\Programming\Dynamic Paper-dlrhcs_replication\data\zillow\tools\x13\work\permits_49620_200401_202606.spc
49660,permits_49660_200401_202606,ok,0,,"
 X-13ARIMA-SEATS Seasonal Adjustment Program
 Version Number 1.1 Build 62
 Execution began  Jul 28, 2026  11.53.43 

  Reading input spec file from D:\Programming\Dynamic Paper-dlrhcs_replication\data\zillow\tools\x13\work\permits_49660_200401_202606.spc
  Storing any program output into D:\Programming\Dynamic Paper-dlrhcs_replication\data\zillow\tools\x13\work\permits_49660_200401_202606.out
  Storing any program error messages into D:\Programming\Dynamic Paper-dlrhcs_replication\data\zillow\tools\x13\work\permits_49660_200401_202606.err
 

 Execution complete for D:\Programming\Dynamic Paper-dlrhcs_replication\data\zillow\tools\x13\work\permits_49660_200401_202606.spc at  Jul 28, 2026  11.53.46 
",270,2004-01-01,2026-06-01,D:\Programming\Dynamic Paper-dlrhcs_replication\data\zillow\tools\x13\work\permits_49660_200401_202606.spc
49700,permits_49700_200401_201412,ok,0,," Paper-dlrhcs_replication\data\zillow\tools\x13\work\permits_49700_200401_201412.spc
  Storing any program output into D:\Programming\Dynamic Paper-dlrhcs_replication\data\zillow\tools\x13\work\permits_49700_200401_201412.out
  Storing any program error messages into D:\Programming\Dynamic Paper-dlrhcs_replication\data\zillow\tools\x13\work\permits_49700_200401_201412.err
 
  
 WARNING: At least one visually significant seasonal peak has been found
          in the estimated spectrum of the regARIMA residuals.
  
 WARNING: At least one visually significant trading day peak has been
          found in one or more of the estimated spectra.


 WARNING: Series should not be a candidate for seasonal adjustment
          because the spectrum of the original series (Table A1 or B1)
          has no visually significant seasonal peaks.

 Execution complete for D:\Programming\Dynamic Paper-dlrhcs_replication\data\zillow\tools\x13\work\permits_49700_200401_201412.spc at  Jul 28, 2026  11.53.46 
",132,2004-01-01,2014-12-01,D:\Programming\Dynamic Paper-dlrhcs_replication\data\zillow\tools\x13\work\permits_49700_200401_201412.spc
49700,,segment_too_short,,,,54,2022-01,2026-06,
49740,permits_49740_200401_202606,ok,0,,"
 X-13ARIMA-SEATS Seasonal Adjustment Program
 Version Number 1.1 Build 62
 Execution began  Jul 28, 2026  11.53.46 

  Reading input spec file from D:\Programming\Dynamic Paper-dlrhcs_replication\data\zillow\tools\x13\work\permits_49740_200401_202606.spc
  Storing any program output into D:\Programming\Dynamic Paper-dlrhcs_replication\data\zillow\tools\x13\work\permits_49740_200401_202606.out
  Storing any program error messages into D:\Programming\Dynamic Paper-dlrhcs_replication\data\zillow\tools\x13\work\permits_49740_200401_202606.err
 


 WARNING: Series should not be a candidate for seasonal adjustment
          because the spectrum of the original series (Table A1 or B1)
          has no visually significant seasonal peaks.

 Execution complete for D:\Programming\Dynamic Paper-dlrhcs_replication\data\zillow\tools\x13\work\permits_49740_200401_202606.spc at  Jul 28, 2026  11.53.47 
",270,2004-01-01,2026-06-01,D:\Programming\Dynamic Paper-dlrhcs_replication\data\zillow\tools\x13\work\permits_49740_200401_202606.spc
