zillow_region_id,zillow_region_name,state_name,region_type,normalized_title,cbsa_code,official_title,classification,classification_reason,deterministic_rule
394297,"Aberdeen, SD",SD,msa,aberdeen sd,10100,"Aberdeen, SD",current_micropolitan_cbsa,exact normalized Census micropolitan title match,normalized_title_exact
394298,"Aberdeen, WA",WA,msa,aberdeen wa,10140,"Aberdeen, WA",current_micropolitan_cbsa,exact normalized Census micropolitan title match,normalized_title_exact
394299,"Abilene, TX",TX,msa,abilene tx,10180,"Abilene, TX",current_metropolitan_cbsa,exact normalized Census CBSA title match,normalized_title_exact
394300,"Ada, OK",OK,msa,ada ok,10220,"Ada, OK",current_micropolitan_cbsa,exact normalized Census micropolitan title match,normalized_title_exact
394302,"Adrian, MI",MI,msa,adrian mi,10300,"Adrian, MI",current_micropolitan_cbsa,exact normalized Census micropolitan title match,normalized_title_exact
394304,"Akron, OH",OH,msa,akron oh,10420,"Akron, OH",current_metropolitan_cbsa,exact normalized Census CBSA title match,normalized_title_exact
394305,"Alamogordo, NM",NM,msa,alamogordo nm,10460,"Alamogordo, NM",current_micropolitan_cbsa,exact normalized Census micropolitan title match,normalized_title_exact
394306,"Albany, GA",GA,msa,albany ga,10500,"Albany, GA",current_metropolitan_cbsa,exact normalized Census CBSA title match,normalized_title_exact
394308,"Albany, NY",NY,msa,albany ny,,,unresolved,no deterministic exact-code or exact-title match,
394307,"Albany, OR",OR,msa,albany or,10540,"Albany, OR",current_metropolitan_cbsa,exact normalized Census CBSA title match,normalized_title_exact
394309,"Albemarle, NC",NC,msa,albemarle nc,10620,"Albemarle, NC",current_micropolitan_cbsa,exact normalized Census micropolitan title match,normalized_title_exact
394310,"Albert Lea, MN",MN,msa,albert lea mn,10660,"Albert Lea, MN",current_micropolitan_cbsa,exact normalized Census micropolitan title match,normalized_title_exact
394311,"Albertville, AL",AL,msa,albertville al,10700,"Albertville, AL",current_micropolitan_cbsa,exact normalized Census micropolitan title match,normalized_title_exact
394312,"Albuquerque, NM",NM,msa,albuquerque nm,10740,"Albuquerque, NM",current_metropolitan_cbsa,exact normalized Census CBSA title match,normalized_title_exact
394314,"Alexandria, LA",LA,msa,alexandria la,10780,"Alexandria, LA",current_metropolitan_cbsa,exact normalized Census CBSA title match,normalized_title_exact
394315,"Alexandria, MN",MN,msa,alexandria mn,10820,"Alexandria, MN",current_micropolitan_cbsa,exact normalized Census micropolitan title match,normalized_title_exact
394316,"Alice, TX",TX,msa,alice tx,10860,"Alice, TX",current_micropolitan_cbsa,exact normalized Census micropolitan title match,normalized_title_exact
394318,"Allentown, PA",PA,msa,allentown pa,,,unresolved,no deterministic exact-code or exact-title match,
394319,"Alma, MI",MI,msa,alma mi,10940,"Alma, MI",current_micropolitan_cbsa,exact normalized Census micropolitan title match,normalized_title_exact
394320,"Alpena, MI",MI,msa,alpena mi,10980,"Alpena, MI",current_micropolitan_cbsa,exact normalized Census micropolitan title match,normalized_title_exact
394321,"Altoona, PA",PA,msa,altoona pa,11020,"Altoona, PA",current_metropolitan_cbsa,exact normalized Census CBSA title match,normalized_title_exact
394322,"Altus, OK",OK,msa,altus ok,11060,"Altus, OK",current_micropolitan_cbsa,exact normalized Census micropolitan title match,normalized_title_exact
394323,"Amarillo, TX",TX,msa,amarillo tx,11100,"Amarillo, TX",current_metropolitan_cbsa,exact normalized Census CBSA title match,normalized_title_exact
394324,"Americus, GA",GA,msa,americus ga,11140,"Americus, GA",current_micropolitan_cbsa,exact normalized Census micropolitan title match,normalized_title_exact
394325,"Ames, IA",IA,msa,ames ia,11180,"Ames, IA",current_metropolitan_cbsa,exact normalized Census CBSA title match,normalized_title_exact
394326,"Amsterdam, NY",NY,msa,amsterdam ny,11220,"Amsterdam, NY",current_micropolitan_cbsa,exact normalized Census micropolitan title match,normalized_title_exact
394327,"Anchorage, AK",AK,msa,anchorage ak,11260,"Anchorage, AK",current_metropolitan_cbsa,exact normalized Census CBSA title match,normalized_title_exact
394330,"Andrews, TX",TX,msa,andrews tx,11380,"Andrews, TX",current_micropolitan_cbsa,exact normalized Census micropolitan title match,normalized_title_exact
394331,"Angola, IN",IN,msa,angola in,11420,"Angola, IN",current_micropolitan_cbsa,exact normalized Census micropolitan title match,normalized_title_exact
394332,"Ann Arbor, MI",MI,msa,ann arbor mi,11460,"Ann Arbor, MI",current_metropolitan_cbsa,exact normalized Census CBSA title match,normalized_title_exact
394333,"Anniston, AL",AL,msa,anniston al,,,unresolved,no deterministic exact-code or exact-title match,
394334,"Appleton, WI",WI,msa,appleton wi,11540,"Appleton, WI",current_metropolitan_cbsa,exact normalized Census CBSA title match,normalized_title_exact
394335,"Arcadia, FL",FL,msa,arcadia fl,11580,"Arcadia, FL",current_micropolitan_cbsa,exact normalized Census micropolitan title match,normalized_title_exact
394336,"Ardmore, OK",OK,msa,ardmore ok,11620,"Ardmore, OK",current_micropolitan_cbsa,exact normalized Census micropolitan title match,normalized_title_exact
394337,"Arkadelphia, AR",AR,msa,arkadelphia ar,11660,"Arkadelphia, AR",current_micropolitan_cbsa,exact normalized Census micropolitan title match,normalized_title_exact
394338,"Asheville, NC",NC,msa,asheville nc,11700,"Asheville, NC",current_metropolitan_cbsa,exact normalized Census CBSA title match,normalized_title_exact
394339,"Ashland, OH",OH,msa,ashland oh,11740,"Ashland, OH",current_micropolitan_cbsa,exact normalized Census micropolitan title match,normalized_title_exact
394340,"Ashtabula, OH",OH,msa,ashtabula oh,,,unresolved,no deterministic exact-code or exact-title match,
394341,"Astoria, OR",OR,msa,astoria or,11820,"Astoria, OR",current_micropolitan_cbsa,exact normalized Census micropolitan title match,normalized_title_exact
394342,"Atchison, KS",KS,msa,atchison ks,11860,"Atchison, KS",current_micropolitan_cbsa,exact normalized Census micropolitan title match,normalized_title_exact
394346,"Athens, GA",GA,msa,athens ga,,,unresolved,no deterministic exact-code or exact-title match,
394343,"Athens, OH",OH,msa,athens oh,11900,"Athens, OH",current_micropolitan_cbsa,exact normalized Census micropolitan title match,normalized_title_exact
394344,"Athens, TN",TN,msa,athens tn,11940,"Athens, TN",current_micropolitan_cbsa,exact normalized Census micropolitan title match,normalized_title_exact
394345,"Athens, TX",TX,msa,athens tx,11980,"Athens, TX",current_micropolitan_cbsa,exact normalized Census micropolitan title match,normalized_title_exact
394347,"Atlanta, GA",GA,msa,atlanta ga,,,unresolved,no deterministic exact-code or exact-title match,
394348,"Atlantic City, NJ",NJ,msa,atlantic city nj,12100,"Atlantic City, NJ",historical_or_retired_cbsa,observed in BPS/BLS but not current 2023 CBSA title,legacy_source_title_exact
394351,"Auburn, AL",AL,msa,auburn al,,,unresolved,no deterministic exact-code or exact-title match,
394349,"Auburn, IN",IN,msa,auburn in,12140,"Auburn, IN",current_micropolitan_cbsa,exact normalized Census micropolitan title match,normalized_title_exact
394350,"Auburn, NY",NY,msa,auburn ny,12180,"Auburn, NY",current_micropolitan_cbsa,exact normalized Census micropolitan title match,normalized_title_exact
394352,"Augusta, GA",GA,msa,augusta ga,,,unresolved,no deterministic exact-code or exact-title match,
394353,"Augusta, ME",ME,msa,augusta me,,,unresolved,no deterministic exact-code or exact-title match,
394354,"Austin, MN",MN,msa,austin mn,12380,"Austin, MN",current_micropolitan_cbsa,exact normalized Census micropolitan title match,normalized_title_exact
394355,"Austin, TX",TX,msa,austin tx,,,unresolved,no deterministic exact-code or exact-title match,
394356,"Bainbridge, GA",GA,msa,bainbridge ga,12460,"Bainbridge, GA",current_micropolitan_cbsa,exact normalized Census micropolitan title match,normalized_title_exact
394357,"Bakersfield, CA",CA,msa,bakersfield ca,12540,"Bakersfield, CA",historical_or_retired_cbsa,observed in BPS/BLS but not current 2023 CBSA title,legacy_source_title_exact
394358,"Baltimore, MD",MD,msa,baltimore md,,,unresolved,no deterministic exact-code or exact-title match,
394359,"Bangor, ME",ME,msa,bangor me,12620,"Bangor, ME",current_metropolitan_cbsa,exact normalized Census CBSA title match,normalized_title_exact
394360,"Baraboo, WI",WI,msa,baraboo wi,12660,"Baraboo, WI",current_micropolitan_cbsa,exact normalized Census micropolitan title match,normalized_title_exact
753865,"Bardstown, KY",KY,msa,bardstown ky,,,unresolved,no deterministic exact-code or exact-title match,
394361,"Barnstable Town, MA",MA,msa,barnstable town ma,12700,"Barnstable Town, MA",current_metropolitan_cbsa,exact normalized Census CBSA title match,normalized_title_exact
394362,"Barre, VT",VT,msa,barre vt,12740,"Barre, VT",current_micropolitan_cbsa,exact normalized Census micropolitan title match,normalized_title_exact
394363,"Bartlesville, OK",OK,msa,bartlesville ok,12780,"Bartlesville, OK",current_micropolitan_cbsa,exact normalized Census micropolitan title match,normalized_title_exact
394365,"Batavia, NY",NY,msa,batavia ny,12860,"Batavia, NY",current_micropolitan_cbsa,exact normalized Census micropolitan title match,normalized_title_exact
394366,"Batesville, AR",AR,msa,batesville ar,12900,"Batesville, AR",current_micropolitan_cbsa,exact normalized Census micropolitan title match,normalized_title_exact
394367,"Baton Rouge, LA",LA,msa,baton rouge la,12940,"Baton Rouge, LA",current_metropolitan_cbsa,exact normalized Census CBSA title match,normalized_title_exact
394368,"Battle Creek, MI",MI,msa,battle creek mi,12980,"Battle Creek, MI",current_metropolitan_cbsa,exact normalized Census CBSA title match,normalized_title_exact
394369,"Bay City, MI",MI,msa,bay city mi,13020,"Bay City, MI",current_metropolitan_cbsa,exact normalized Census CBSA title match,normalized_title_exact
394370,"Bay City, TX",TX,msa,bay city tx,13060,"Bay City, TX",current_micropolitan_cbsa,exact normalized Census micropolitan title match,normalized_title_exact
394371,"Beatrice, NE",NE,msa,beatrice ne,13100,"Beatrice, NE",current_micropolitan_cbsa,exact normalized Census micropolitan title match,normalized_title_exact
394372,"Beaumont, TX",TX,msa,beaumont tx,,,unresolved,no deterministic exact-code or exact-title match,
394373,"Beaver Dam, WI",WI,msa,beaver dam wi,13180,"Beaver Dam, WI",current_micropolitan_cbsa,exact normalized Census micropolitan title match,normalized_title_exact
394374,"Beckley, WV",WV,msa,beckley wv,13220,"Beckley, WV",current_metropolitan_cbsa,exact normalized Census CBSA title match,normalized_title_exact
394375,"Bedford, IN",IN,msa,bedford in,13260,"Bedford, IN",current_micropolitan_cbsa,exact normalized Census micropolitan title match,normalized_title_exact
394376,"Beeville, TX",TX,msa,beeville tx,13300,"Beeville, TX",current_micropolitan_cbsa,exact normalized Census micropolitan title match,normalized_title_exact
394377,"Bellefontaine, OH",OH,msa,bellefontaine oh,13340,"Bellefontaine, OH",current_micropolitan_cbsa,exact normalized Census micropolitan title match,normalized_title_exact
394378,"Bellingham, WA",WA,msa,bellingham wa,13380,"Bellingham, WA",current_metropolitan_cbsa,exact normalized Census CBSA title match,normalized_title_exact
394379,"Bemidji, MN",MN,msa,bemidji mn,13420,"Bemidji, MN",current_micropolitan_cbsa,exact normalized Census micropolitan title match,normalized_title_exact
394380,"Bend, OR",OR,msa,bend or,13460,"Bend, OR",current_metropolitan_cbsa,exact normalized Census CBSA title match,normalized_title_exact
394381,"Bennettsville, SC",SC,msa,bennettsville sc,,,unresolved,no deterministic exact-code or exact-title match,
394382,"Bennington, VT",VT,msa,bennington vt,13540,"Bennington, VT",current_micropolitan_cbsa,exact normalized Census micropolitan title match,normalized_title_exact
394383,"Berlin, NH",NH,msa,berlin nh,,,unresolved,no deterministic exact-code or exact-title match,
394384,"Big Rapids, MI",MI,msa,big rapids mi,13660,"Big Rapids, MI",current_micropolitan_cbsa,exact normalized Census micropolitan title match,normalized_title_exact
394385,"Big Spring, TX",TX,msa,big spring tx,13700,"Big Spring, TX",current_micropolitan_cbsa,exact normalized Census micropolitan title match,normalized_title_exact
753866,"Big Stone Gap, VA",VA,msa,big stone gap va,,,unresolved,no deterministic exact-code or exact-title match,
394386,"Billings, MT",MT,msa,billings mt,13740,"Billings, MT",current_metropolitan_cbsa,exact normalized Census CBSA title match,normalized_title_exact
394387,"Binghamton, NY",NY,msa,binghamton ny,13780,"Binghamton, NY",current_metropolitan_cbsa,exact normalized Census CBSA title match,normalized_title_exact
394388,"Birmingham, AL",AL,msa,birmingham al,13820,"Birmingham, AL",current_metropolitan_cbsa,exact normalized Census CBSA title match,normalized_title_exact
394390,"Bismarck, ND",ND,msa,bismarck nd,13900,"Bismarck, ND",current_metropolitan_cbsa,exact normalized Census CBSA title match,normalized_title_exact
394391,"Blackfoot, ID",ID,msa,blackfoot id,13940,"Blackfoot, ID",current_micropolitan_cbsa,exact normalized Census micropolitan title match,normalized_title_exact
394392,"Blacksburg, VA",VA,msa,blacksburg va,,,unresolved,no deterministic exact-code or exact-title match,
753869,"Bloomington, IL",IL,msa,bloomington il,14010,"Bloomington, IL",current_metropolitan_cbsa,exact normalized Census CBSA title match,normalized_title_exact
394393,"Bloomington, IN",IN,msa,bloomington in,14020,"Bloomington, IN",current_metropolitan_cbsa,exact normalized Census CBSA title match,normalized_title_exact
394395,"Bloomsburg, PA",PA,msa,bloomsburg pa,,,unresolved,no deterministic exact-code or exact-title match,
394396,"Bluefield, WV",VA,msa,bluefield wv,,,unresolved,no deterministic exact-code or exact-title match,
394397,"Blytheville, AR",AR,msa,blytheville ar,14180,"Blytheville, AR",current_micropolitan_cbsa,exact normalized Census micropolitan title match,normalized_title_exact
394398,"Bogalusa, LA",LA,msa,bogalusa la,14220,"Bogalusa, LA",current_micropolitan_cbsa,exact normalized Census micropolitan title match,normalized_title_exact
394399,"Boise City, ID",ID,msa,boise city id,14260,"Boise City, ID",current_metropolitan_cbsa,exact normalized Census CBSA title match,normalized_title_exact
394402,"Boone, NC",NC,msa,boone nc,14380,"Boone, NC",current_micropolitan_cbsa,exact normalized Census micropolitan title match,normalized_title_exact
394403,"Borger, TX",TX,msa,borger tx,14420,"Borger, TX",current_micropolitan_cbsa,exact normalized Census micropolitan title match,normalized_title_exact
394404,"Boston, MA",MA,msa,boston ma,14460,"Boston, MA",metropolitan_division,exact normalized Census metropolitan division title match,division_title_exact
394405,"Boulder, CO",CO,msa,boulder co,14500,"Boulder, CO",current_metropolitan_cbsa,exact normalized Census CBSA title match,normalized_title_exact
394406,"Bowling Green, KY",KY,msa,bowling green ky,14540,"Bowling Green, KY",current_metropolitan_cbsa,exact normalized Census CBSA title match,normalized_title_exact
394407,"Bozeman, MT",MT,msa,bozeman mt,14580,"Bozeman, MT",current_metropolitan_cbsa,exact normalized Census CBSA title match,normalized_title_exact
394409,"Bradford, PA",PA,msa,bradford pa,14620,"Bradford, PA",current_micropolitan_cbsa,exact normalized Census micropolitan title match,normalized_title_exact
394410,"Brainerd, MN",MN,msa,brainerd mn,14660,"Brainerd, MN",current_micropolitan_cbsa,exact normalized Census micropolitan title match,normalized_title_exact
394411,"Branson, MO",MO,msa,branson mo,14700,"Branson, MO",current_micropolitan_cbsa,exact normalized Census micropolitan title match,normalized_title_exact
753871,"Breckenridge, CO",CO,msa,breckenridge co,14720,"Breckenridge, CO",current_micropolitan_cbsa,exact normalized Census micropolitan title match,normalized_title_exact
394412,"Bremerton, WA",WA,msa,bremerton wa,,,unresolved,no deterministic exact-code or exact-title match,
394413,"Brenham, TX",TX,msa,brenham tx,14780,"Brenham, TX",current_micropolitan_cbsa,exact normalized Census micropolitan title match,normalized_title_exact
394414,"Brevard, NC",NC,msa,brevard nc,14820,"Brevard, NC",current_micropolitan_cbsa,exact normalized Census micropolitan title match,normalized_title_exact
394415,"Bridgeport, CT",CT,msa,bridgeport ct,,,unresolved,no deterministic exact-code or exact-title match,
394417,"Brookhaven, MS",MS,msa,brookhaven ms,15020,"Brookhaven, MS",current_micropolitan_cbsa,exact normalized Census micropolitan title match,normalized_title_exact
394418,"Brookings, OR",OR,msa,brookings or,15060,"Brookings, OR",current_micropolitan_cbsa,exact normalized Census micropolitan title match,normalized_title_exact
394419,"Brookings, SD",SD,msa,brookings sd,15100,"Brookings, SD",current_micropolitan_cbsa,exact normalized Census micropolitan title match,normalized_title_exact
394421,"Brownsville, TX",TX,msa,brownsville tx,,,unresolved,no deterministic exact-code or exact-title match,
394422,"Brownwood, TX",TX,msa,brownwood tx,15220,"Brownwood, TX",current_micropolitan_cbsa,exact normalized Census micropolitan title match,normalized_title_exact
394423,"Brunswick, GA",GA,msa,brunswick ga,15260,"Brunswick, GA",historical_or_retired_cbsa,observed in BPS/BLS but not current 2023 CBSA title,legacy_source_title_exact
394424,"Bucyrus, OH",OH,msa,bucyrus oh,15340,"Bucyrus, OH",current_micropolitan_cbsa,exact normalized Census micropolitan title match,normalized_title_exact
394425,"Buffalo, NY",NY,msa,buffalo ny,,,unresolved,no deterministic exact-code or exact-title match,
394426,"Burley, ID",ID,msa,burley id,15420,"Burley, ID",current_micropolitan_cbsa,exact normalized Census micropolitan title match,normalized_title_exact
394427,"Burlington, IA",IA,msa,burlington ia,,,unresolved,no deterministic exact-code or exact-title match,
394428,"Burlington, NC",NC,msa,burlington nc,15500,"Burlington, NC",current_metropolitan_cbsa,exact normalized Census CBSA title match,normalized_title_exact
394429,"Burlington, VT",VT,msa,burlington vt,,,unresolved,no deterministic exact-code or exact-title match,
394430,"Butte, MT",MT,msa,butte mt,,,unresolved,no deterministic exact-code or exact-title match,
394431,"Cadillac, MI",MI,msa,cadillac mi,15620,"Cadillac, MI",current_micropolitan_cbsa,exact normalized Census micropolitan title match,normalized_title_exact
394432,"Calhoun, GA",GA,msa,calhoun ga,15660,"Calhoun, GA",current_micropolitan_cbsa,exact normalized Census micropolitan title match,normalized_title_exact
753872,"California, MD",MD,msa,california md,,,unresolved,no deterministic exact-code or exact-title match,
394433,"Cambridge, MD",MD,msa,cambridge md,15700,"Cambridge, MD",current_micropolitan_cbsa,exact normalized Census micropolitan title match,normalized_title_exact
394434,"Cambridge, OH",OH,msa,cambridge oh,15740,"Cambridge, OH",current_micropolitan_cbsa,exact normalized Census micropolitan title match,normalized_title_exact
394435,"Camden, AR",AR,msa,camden ar,15780,"Camden, AR",current_micropolitan_cbsa,exact normalized Census micropolitan title match,normalized_title_exact
394436,"Campbellsville, KY",KY,msa,campbellsville ky,15820,"Campbellsville, KY",current_micropolitan_cbsa,exact normalized Census micropolitan title match,normalized_title_exact
394439,"Canton, OH",OH,msa,canton oh,,,unresolved,no deterministic exact-code or exact-title match,
394440,"Cape Coral, FL",FL,msa,cape coral fl,,,unresolved,no deterministic exact-code or exact-title match,
394441,"Cape Girardeau, MO",MO,msa,cape girardeau mo,,,unresolved,no deterministic exact-code or exact-title match,
394442,"Carbondale, IL",IL,msa,carbondale il,16060,"Carbondale, IL",current_micropolitan_cbsa,exact normalized Census micropolitan title match,normalized_title_exact
394443,"Carlsbad, NM",NM,msa,carlsbad nm,,,unresolved,no deterministic exact-code or exact-title match,
394444,"Carson City, NV",NV,msa,carson city nv,16180,"Carson City, NV",current_metropolitan_cbsa,exact normalized Census CBSA title match,normalized_title_exact
394445,"Casper, WY",WY,msa,casper wy,16220,"Casper, WY",current_metropolitan_cbsa,exact normalized Census CBSA title match,normalized_title_exact
394437,"Ca±on City, CO",CO,msa,caon city co,,,unresolved,no deterministic exact-code or exact-title match,
394446,"Cedar City, UT",UT,msa,cedar city ut,16260,"Cedar City, UT",current_micropolitan_cbsa,exact normalized Census micropolitan title match,normalized_title_exact
394447,"Cedar Rapids, IA",IA,msa,cedar rapids ia,16300,"Cedar Rapids, IA",current_metropolitan_cbsa,exact normalized Census CBSA title match,normalized_title_exact
394448,"Cedartown, GA",GA,msa,cedartown ga,16340,"Cedartown, GA",current_micropolitan_cbsa,exact normalized Census micropolitan title match,normalized_title_exact
394449,"Celina, OH",OH,msa,celina oh,16380,"Celina, OH",current_micropolitan_cbsa,exact normalized Census micropolitan title match,normalized_title_exact
394451,"Centralia, IL",IL,msa,centralia il,16460,"Centralia, IL",current_micropolitan_cbsa,exact normalized Census micropolitan title match,normalized_title_exact
394452,"Centralia, WA",WA,msa,centralia wa,16500,"Centralia, WA",current_micropolitan_cbsa,exact normalized Census micropolitan title match,normalized_title_exact
394453,"Chambersburg, PA",PA,msa,chambersburg pa,16540,"Chambersburg, PA",current_metropolitan_cbsa,exact normalized Census CBSA title match,normalized_title_exact
394454,"Champaign, IL",IL,msa,champaign il,,,unresolved,no deterministic exact-code or exact-title match,
394456,"Charleston, IL",IL,msa,charleston il,,,unresolved,no deterministic exact-code or exact-title match,
394457,"Charleston, SC",SC,msa,charleston sc,,,unresolved,no deterministic exact-code or exact-title match,
394455,"Charleston, WV",WV,msa,charleston wv,16620,"Charleston, WV",current_metropolitan_cbsa,exact normalized Census CBSA title match,normalized_title_exact
394458,"Charlotte, NC",NC,msa,charlotte nc,,,unresolved,no deterministic exact-code or exact-title match,
394459,"Charlottesville, VA",VA,msa,charlottesville va,16820,"Charlottesville, VA",current_metropolitan_cbsa,exact normalized Census CBSA title match,normalized_title_exact
394460,"Chattanooga, TN",TN,msa,chattanooga tn,,,unresolved,no deterministic exact-code or exact-title match,
394462,"Cheyenne, WY",WY,msa,cheyenne wy,16940,"Cheyenne, WY",current_metropolitan_cbsa,exact normalized Census CBSA title match,normalized_title_exact
394463,"Chicago, IL",IL,msa,chicago il,,,unresolved,no deterministic exact-code or exact-title match,
394464,"Chico, CA",CA,msa,chico ca,17020,"Chico, CA",current_metropolitan_cbsa,exact normalized Census CBSA title match,normalized_title_exact
394465,"Chillicothe, OH",OH,msa,chillicothe oh,17060,"Chillicothe, OH",current_micropolitan_cbsa,exact normalized Census micropolitan title match,normalized_title_exact
394466,"Cincinnati, OH",OH,msa,cincinnati oh,,,unresolved,no deterministic exact-code or exact-title match,
394469,"Clarksburg, WV",WV,msa,clarksburg wv,17220,"Clarksburg, WV",current_micropolitan_cbsa,exact normalized Census micropolitan title match,normalized_title_exact
394470,"Clarksdale, MS",MS,msa,clarksdale ms,17260,"Clarksdale, MS",current_micropolitan_cbsa,exact normalized Census micropolitan title match,normalized_title_exact
394471,"Clarksville, TN",TN,msa,clarksville tn,,,unresolved,no deterministic exact-code or exact-title match,
394472,"Clearlake, CA",CA,msa,clearlake ca,17340,"Clearlake, CA",current_micropolitan_cbsa,exact normalized Census micropolitan title match,normalized_title_exact
394473,"Cleveland, MS",MS,msa,cleveland ms,17380,"Cleveland, MS",current_micropolitan_cbsa,exact normalized Census micropolitan title match,normalized_title_exact
394475,"Cleveland, OH",OH,msa,cleveland oh,17410,"Cleveland, OH",current_metropolitan_cbsa,exact normalized Census CBSA title match,normalized_title_exact
394474,"Cleveland, TN",TN,msa,cleveland tn,17420,"Cleveland, TN",current_metropolitan_cbsa,exact normalized Census CBSA title match,normalized_title_exact
394476,"Clewiston, FL",FL,msa,clewiston fl,17500,"Clewiston, FL",current_micropolitan_cbsa,exact normalized Census micropolitan title match,normalized_title_exact
394477,"Clinton, IA",IA,msa,clinton ia,17540,"Clinton, IA",current_micropolitan_cbsa,exact normalized Census micropolitan title match,normalized_title_exact
394478,"Clovis, NM",NM,msa,clovis nm,17580,"Clovis, NM",current_micropolitan_cbsa,exact normalized Census micropolitan title match,normalized_title_exact
394480,"Coeur d'Alene, ID",ID,msa,coeur d alene id,17660,"Coeur d'Alene, ID",current_metropolitan_cbsa,exact normalized Census CBSA title match,normalized_title_exact
394481,"Coffeyville, KS",KS,msa,coffeyville ks,,,unresolved,no deterministic exact-code or exact-title match,
394482,"Coldwater, MI",MI,msa,coldwater mi,17740,"Coldwater, MI",current_micropolitan_cbsa,exact normalized Census micropolitan title match,normalized_title_exact
394483,"College Station, TX",TX,msa,college station tx,,,unresolved,no deterministic exact-code or exact-title match,
394484,"Colorado Springs, CO",CO,msa,colorado springs co,17820,"Colorado Springs, CO",current_metropolitan_cbsa,exact normalized Census CBSA title match,normalized_title_exact
394485,"Columbia, MO",MO,msa,columbia mo,17860,"Columbia, MO",current_metropolitan_cbsa,exact normalized Census CBSA title match,normalized_title_exact
394486,"Columbia, SC",SC,msa,columbia sc,17900,"Columbia, SC",current_metropolitan_cbsa,exact normalized Census CBSA title match,normalized_title_exact
394488,"Columbus, GA",GA,msa,columbus ga,,,unresolved,no deterministic exact-code or exact-title match,
394489,"Columbus, IN",IN,msa,columbus in,18020,"Columbus, IN",current_metropolitan_cbsa,exact normalized Census CBSA title match,normalized_title_exact
394490,"Columbus, MS",MS,msa,columbus ms,18060,"Columbus, MS",current_micropolitan_cbsa,exact normalized Census micropolitan title match,normalized_title_exact
394491,"Columbus, NE",NE,msa,columbus ne,18100,"Columbus, NE",current_micropolitan_cbsa,exact normalized Census micropolitan title match,normalized_title_exact
394492,"Columbus, OH",OH,msa,columbus oh,18140,"Columbus, OH",current_metropolitan_cbsa,exact normalized Census CBSA title match,normalized_title_exact
394493,"Concord, NH",NH,msa,concord nh,18180,"Concord, NH",current_micropolitan_cbsa,exact normalized Census micropolitan title match,normalized_title_exact
394494,"Connersville, IN",IN,msa,connersville in,18220,"Connersville, IN",current_micropolitan_cbsa,exact normalized Census micropolitan title match,normalized_title_exact
394495,"Cookeville, TN",TN,msa,cookeville tn,18260,"Cookeville, TN",current_micropolitan_cbsa,exact normalized Census micropolitan title match,normalized_title_exact
394496,"Coos Bay, OR",OR,msa,coos bay or,,,unresolved,no deterministic exact-code or exact-title match,
394498,"Cordele, GA",GA,msa,cordele ga,18380,"Cordele, GA",current_micropolitan_cbsa,exact normalized Census micropolitan title match,normalized_title_exact
394499,"Corinth, MS",MS,msa,corinth ms,18420,"Corinth, MS",current_micropolitan_cbsa,exact normalized Census micropolitan title match,normalized_title_exact
394500,"Cornelia, GA",GA,msa,cornelia ga,18460,"Cornelia, GA",current_micropolitan_cbsa,exact normalized Census micropolitan title match,normalized_title_exact
394501,"Corning, NY",NY,msa,corning ny,18500,"Corning, NY",current_micropolitan_cbsa,exact normalized Census micropolitan title match,normalized_title_exact
394502,"Corpus Christi, TX",TX,msa,corpus christi tx,18580,"Corpus Christi, TX",current_metropolitan_cbsa,exact normalized Census CBSA title match,normalized_title_exact
394503,"Corsicana, TX",TX,msa,corsicana tx,18620,"Corsicana, TX",current_micropolitan_cbsa,exact normalized Census micropolitan title match,normalized_title_exact
394504,"Cortland, NY",NY,msa,cortland ny,18660,"Cortland, NY",current_micropolitan_cbsa,exact normalized Census micropolitan title match,normalized_title_exact
394505,"Corvallis, OR",OR,msa,corvallis or,18700,"Corvallis, OR",current_metropolitan_cbsa,exact normalized Census CBSA title match,normalized_title_exact
394506,"Coshocton, OH",OH,msa,coshocton oh,18740,"Coshocton, OH",current_micropolitan_cbsa,exact normalized Census micropolitan title match,normalized_title_exact
753874,"Craig, CO",CO,msa,craig co,,,unresolved,no deterministic exact-code or exact-title match,
394507,"Crawfordsville, IN",IN,msa,crawfordsville in,18820,"Crawfordsville, IN",current_micropolitan_cbsa,exact normalized Census micropolitan title match,normalized_title_exact
394508,"Crescent City, CA",CA,msa,crescent city ca,18860,"Crescent City, CA",current_micropolitan_cbsa,exact normalized Census micropolitan title match,normalized_title_exact
753875,"Crestview, FL",FL,msa,crestview fl,,,unresolved,no deterministic exact-code or exact-title match,
394509,"Crossville, TN",TN,msa,crossville tn,18900,"Crossville, TN",current_micropolitan_cbsa,exact normalized Census micropolitan title match,normalized_title_exact
394511,"Cullman, AL",AL,msa,cullman al,18980,"Cullman, AL",current_micropolitan_cbsa,exact normalized Census micropolitan title match,normalized_title_exact
753877,"Cullowhee, NC",NC,msa,cullowhee nc,,,unresolved,no deterministic exact-code or exact-title match,
394513,"Cumberland, MD",MD,msa,cumberland md,,,unresolved,no deterministic exact-code or exact-title match,
394514,"Dallas, TX",TX,msa,dallas tx,,,unresolved,no deterministic exact-code or exact-title match,
394515,"Dalton, GA",GA,msa,dalton ga,19140,"Dalton, GA",current_metropolitan_cbsa,exact normalized Census CBSA title match,normalized_title_exact
394516,"Danville, IL",IL,msa,danville il,19180,"Danville, IL",current_micropolitan_cbsa,exact normalized Census micropolitan title match,normalized_title_exact
394517,"Danville, KY",KY,msa,danville ky,19220,"Danville, KY",current_micropolitan_cbsa,exact normalized Census micropolitan title match,normalized_title_exact
394518,"Danville, VA",VA,msa,danville va,19260,"Danville, VA",current_micropolitan_cbsa,exact normalized Census micropolitan title match,normalized_title_exact
394519,"Daphne, AL",AL,msa,daphne al,,,unresolved,no deterministic exact-code or exact-title match,
394520,"Davenport, IA",IL,msa,davenport ia,,,unresolved,no deterministic exact-code or exact-title match,
753878,"Dayton, TN",TN,msa,dayton tn,,,unresolved,no deterministic exact-code or exact-title match,
394522,"DeRidder, LA",LA,msa,deridder la,19760,"DeRidder, LA",current_micropolitan_cbsa,exact normalized Census micropolitan title match,normalized_title_exact
394523,"Decatur, AL",AL,msa,decatur al,19460,"Decatur, AL",current_metropolitan_cbsa,exact normalized Census CBSA title match,normalized_title_exact
394524,"Decatur, IL",IL,msa,decatur il,19500,"Decatur, IL",current_metropolitan_cbsa,exact normalized Census CBSA title match,normalized_title_exact
394525,"Decatur, IN",IN,msa,decatur in,19540,"Decatur, IN",current_micropolitan_cbsa,exact normalized Census micropolitan title match,normalized_title_exact
394526,"Defiance, OH",OH,msa,defiance oh,19580,"Defiance, OH",current_micropolitan_cbsa,exact normalized Census micropolitan title match,normalized_title_exact
394527,"Del Rio, TX",TX,msa,del rio tx,19620,"Del Rio, TX",current_micropolitan_cbsa,exact normalized Census micropolitan title match,normalized_title_exact
394528,"Deltona, FL",FL,msa,deltona fl,,,unresolved,no deterministic exact-code or exact-title match,
394529,"Deming, NM",NM,msa,deming nm,19700,"Deming, NM",current_micropolitan_cbsa,exact normalized Census micropolitan title match,normalized_title_exact
394530,"Denver, CO",CO,msa,denver co,,,unresolved,no deterministic exact-code or exact-title match,
394531,"Des Moines, IA",IA,msa,des moines ia,19780,"Des Moines, IA",historical_or_retired_cbsa,observed in BPS/BLS but not current 2023 CBSA title,legacy_source_title_exact
394532,"Detroit, MI",MI,msa,detroit mi,,,unresolved,no deterministic exact-code or exact-title match,
394533,"Dickinson, ND",ND,msa,dickinson nd,19860,"Dickinson, ND",current_micropolitan_cbsa,exact normalized Census micropolitan title match,normalized_title_exact
394535,"Dixon, IL",IL,msa,dixon il,19940,"Dixon, IL",current_micropolitan_cbsa,exact normalized Census micropolitan title match,normalized_title_exact
394536,"Dodge City, KS",KS,msa,dodge city ks,19980,"Dodge City, KS",current_micropolitan_cbsa,exact normalized Census micropolitan title match,normalized_title_exact
394537,"Dothan, AL",AL,msa,dothan al,20020,"Dothan, AL",current_metropolitan_cbsa,exact normalized Census CBSA title match,normalized_title_exact
394538,"Douglas, GA",GA,msa,douglas ga,20060,"Douglas, GA",current_micropolitan_cbsa,exact normalized Census micropolitan title match,normalized_title_exact
394539,"Dover, DE",DE,msa,dover de,20100,"Dover, DE",current_metropolitan_cbsa,exact normalized Census CBSA title match,normalized_title_exact
394541,"DuBois, PA",PA,msa,dubois pa,20180,"DuBois, PA",current_micropolitan_cbsa,exact normalized Census micropolitan title match,normalized_title_exact
394540,"Dublin, GA",GA,msa,dublin ga,20140,"Dublin, GA",current_micropolitan_cbsa,exact normalized Census micropolitan title match,normalized_title_exact
394542,"Dubuque, IA",IA,msa,dubuque ia,20220,"Dubuque, IA",current_metropolitan_cbsa,exact normalized Census CBSA title match,normalized_title_exact
394543,"Duluth, MN",MN,msa,duluth mn,,,unresolved,no deterministic exact-code or exact-title match,
394544,"Dumas, TX",TX,msa,dumas tx,20300,"Dumas, TX",current_micropolitan_cbsa,exact normalized Census micropolitan title match,normalized_title_exact
394545,"Duncan, OK",OK,msa,duncan ok,20340,"Duncan, OK",current_micropolitan_cbsa,exact normalized Census micropolitan title match,normalized_title_exact
394547,"Durango, CO",CO,msa,durango co,20420,"Durango, CO",current_micropolitan_cbsa,exact normalized Census micropolitan title match,normalized_title_exact
394548,"Durant, OK",OK,msa,durant ok,20460,"Durant, OK",current_micropolitan_cbsa,exact normalized Census micropolitan title match,normalized_title_exact
394549,"Durham, NC",NC,msa,durham nc,20500,"Durham, NC",historical_or_retired_cbsa,observed in BPS/BLS but not current 2023 CBSA title,legacy_source_title_exact
394550,"Dyersburg, TN",TN,msa,dyersburg tn,20540,"Dyersburg, TN",current_micropolitan_cbsa,exact normalized Census micropolitan title match,normalized_title_exact
394551,"Eagle Pass, TX",TX,msa,eagle pass tx,20580,"Eagle Pass, TX",current_metropolitan_cbsa,exact normalized Census CBSA title match,normalized_title_exact
394553,"East Stroudsburg, PA",PA,msa,east stroudsburg pa,20700,"East Stroudsburg, PA",current_micropolitan_cbsa,exact normalized Census micropolitan title match,normalized_title_exact
394554,"Easton, MD",MD,msa,easton md,20660,"Easton, MD",current_micropolitan_cbsa,exact normalized Census micropolitan title match,normalized_title_exact
394555,"Eau Claire, WI",WI,msa,eau claire wi,20740,"Eau Claire, WI",current_metropolitan_cbsa,exact normalized Census CBSA title match,normalized_title_exact
394556,"Edwards, CO",CO,msa,edwards co,20780,"Edwards, CO",current_micropolitan_cbsa,exact normalized Census micropolitan title match,normalized_title_exact
394557,"Effingham, IL",IL,msa,effingham il,20820,"Effingham, IL",current_micropolitan_cbsa,exact normalized Census micropolitan title match,normalized_title_exact
394558,"El Campo, TX",TX,msa,el campo tx,20900,"El Campo, TX",current_micropolitan_cbsa,exact normalized Census micropolitan title match,normalized_title_exact
394559,"El Centro, CA",CA,msa,el centro ca,20940,"El Centro, CA",current_metropolitan_cbsa,exact normalized Census CBSA title match,normalized_title_exact
394560,"El Dorado, AR",AR,msa,el dorado ar,20980,"El Dorado, AR",current_micropolitan_cbsa,exact normalized Census micropolitan title match,normalized_title_exact
394561,"El Paso, TX",TX,msa,el paso tx,21340,"El Paso, TX",current_metropolitan_cbsa,exact normalized Census CBSA title match,normalized_title_exact
394562,"Elizabeth City, NC",NC,msa,elizabeth city nc,21020,"Elizabeth City, NC",current_micropolitan_cbsa,exact normalized Census micropolitan title match,normalized_title_exact
394563,"Elizabethtown, KY",KY,msa,elizabethtown ky,21060,"Elizabethtown, KY",current_metropolitan_cbsa,exact normalized Census CBSA title match,normalized_title_exact
394564,"Elk City, OK",OK,msa,elk city ok,21120,"Elk City, OK",current_micropolitan_cbsa,exact normalized Census micropolitan title match,normalized_title_exact
394565,"Elkhart, IN",IN,msa,elkhart in,,,unresolved,no deterministic exact-code or exact-title match,
753879,"Elkins, WV",WV,msa,elkins wv,21180,"Elkins, WV",current_micropolitan_cbsa,exact normalized Census micropolitan title match,normalized_title_exact
394566,"Elko, NV",NV,msa,elko nv,21220,"Elko, NV",current_micropolitan_cbsa,exact normalized Census micropolitan title match,normalized_title_exact
394567,"Ellensburg, WA",WA,msa,ellensburg wa,21260,"Ellensburg, WA",current_micropolitan_cbsa,exact normalized Census micropolitan title match,normalized_title_exact
394568,"Elmira, NY",NY,msa,elmira ny,21300,"Elmira, NY",current_metropolitan_cbsa,exact normalized Census CBSA title match,normalized_title_exact
394569,"Emporia, KS",KS,msa,emporia ks,21380,"Emporia, KS",current_micropolitan_cbsa,exact normalized Census micropolitan title match,normalized_title_exact
394570,"Enid, OK",OK,msa,enid ok,21420,"Enid, OK",current_metropolitan_cbsa,exact normalized Census CBSA title match,normalized_title_exact
394571,"Enterprise, AL",AL,msa,enterprise al,21460,"Enterprise, AL",current_micropolitan_cbsa,exact normalized Census micropolitan title match,normalized_title_exact
394572,"Erie, PA",PA,msa,erie pa,21500,"Erie, PA",current_metropolitan_cbsa,exact normalized Census CBSA title match,normalized_title_exact
394573,"Escanaba, MI",MI,msa,escanaba mi,21540,"Escanaba, MI",current_micropolitan_cbsa,exact normalized Census micropolitan title match,normalized_title_exact
394574,"Espa±ola, NM",NM,msa,espaola nm,,,unresolved,no deterministic exact-code or exact-title match,
394576,"Eugene, OR",OR,msa,eugene or,21660,"Eugene, OR",historical_or_retired_cbsa,observed in BPS/BLS but not current 2023 CBSA title,legacy_source_title_exact
394577,"Eureka, CA",CA,msa,eureka ca,,,unresolved,no deterministic exact-code or exact-title match,
394578,"Evanston, WY",WY,msa,evanston wy,,,unresolved,no deterministic exact-code or exact-title match,
394579,"Evansville, IN",IN,msa,evansville in,21780,"Evansville, IN",current_metropolitan_cbsa,exact normalized Census CBSA title match,normalized_title_exact
394580,"Fairbanks, AK",AK,msa,fairbanks ak,21820,"Fairbanks, AK",historical_or_retired_cbsa,observed in BPS/BLS but not current 2023 CBSA title,legacy_source_title_exact
753880,"Fairfield, IA",IA,msa,fairfield ia,,,unresolved,no deterministic exact-code or exact-title match,
394582,"Fairmont, WV",WV,msa,fairmont wv,21900,"Fairmont, WV",current_micropolitan_cbsa,exact normalized Census micropolitan title match,normalized_title_exact
394584,"Fallon, NV",NV,msa,fallon nv,21980,"Fallon, NV",current_micropolitan_cbsa,exact normalized Census micropolitan title match,normalized_title_exact
394585,"Fargo, ND",ND,msa,fargo nd,,,unresolved,no deterministic exact-code or exact-title match,
394586,"Faribault, MN",MN,msa,faribault mn,,,unresolved,no deterministic exact-code or exact-title match,
394587,"Farmington, MO",MO,msa,farmington mo,22100,"Farmington, MO",current_micropolitan_cbsa,exact normalized Census micropolitan title match,normalized_title_exact
394588,"Farmington, NM",NM,msa,farmington nm,22140,"Farmington, NM",current_metropolitan_cbsa,exact normalized Census CBSA title match,normalized_title_exact
394590,"Fayetteville, AR",AR,msa,fayetteville ar,,,unresolved,no deterministic exact-code or exact-title match,
394589,"Fayetteville, NC",NC,msa,fayetteville nc,22180,"Fayetteville, NC",current_metropolitan_cbsa,exact normalized Census CBSA title match,normalized_title_exact
394591,"Fergus Falls, MN",MN,msa,fergus falls mn,22260,"Fergus Falls, MN",current_micropolitan_cbsa,exact normalized Census micropolitan title match,normalized_title_exact
394592,"Fernley, NV",NV,msa,fernley nv,,,unresolved,no deterministic exact-code or exact-title match,
394593,"Findlay, OH",OH,msa,findlay oh,22300,"Findlay, OH",current_micropolitan_cbsa,exact normalized Census micropolitan title match,normalized_title_exact
394594,"Fitzgerald, GA",GA,msa,fitzgerald ga,22340,"Fitzgerald, GA",current_micropolitan_cbsa,exact normalized Census micropolitan title match,normalized_title_exact
394595,"Flagstaff, AZ",AZ,msa,flagstaff az,22380,"Flagstaff, AZ",current_metropolitan_cbsa,exact normalized Census CBSA title match,normalized_title_exact
394596,"Flint, MI",MI,msa,flint mi,22420,"Flint, MI",current_metropolitan_cbsa,exact normalized Census CBSA title match,normalized_title_exact
394598,"Florence, AL",AL,msa,florence al,,,unresolved,no deterministic exact-code or exact-title match,
394597,"Florence, SC",SC,msa,florence sc,22500,"Florence, SC",current_metropolitan_cbsa,exact normalized Census CBSA title match,normalized_title_exact
394599,"Fond du Lac, WI",WI,msa,fond du lac wi,22540,"Fond du Lac, WI",current_metropolitan_cbsa,exact normalized Census CBSA title match,normalized_title_exact
394600,"Forest City, NC",NC,msa,forest city nc,22580,"Forest City, NC",current_micropolitan_cbsa,exact normalized Census micropolitan title match,normalized_title_exact
394601,"Forrest City, AR",AR,msa,forrest city ar,22620,"Forrest City, AR",current_micropolitan_cbsa,exact normalized Census micropolitan title match,normalized_title_exact
394602,"Fort Collins, CO",CO,msa,fort collins co,22660,"Fort Collins, CO",historical_or_retired_cbsa,observed in BPS/BLS but not current 2023 CBSA title,legacy_source_title_exact
394604,"Fort Leonard Wood, MO",MO,msa,fort leonard wood mo,22780,"Fort Leonard Wood, MO",current_micropolitan_cbsa,exact normalized Census micropolitan title match,normalized_title_exact
394605,"Fort Madison, IA",IA,msa,fort madison ia,22800,"Fort Madison, IA",current_micropolitan_cbsa,exact normalized Census micropolitan title match,normalized_title_exact
394606,"Fort Morgan, CO",CO,msa,fort morgan co,22820,"Fort Morgan, CO",current_micropolitan_cbsa,exact normalized Census micropolitan title match,normalized_title_exact
394608,"Fort Polk South, LA",LA,msa,fort polk south la,,,unresolved,no deterministic exact-code or exact-title match,
394609,"Fort Smith, AR",AR,msa,fort smith ar,,,unresolved,no deterministic exact-code or exact-title match,
394612,"Fort Wayne, IN",IN,msa,fort wayne in,23060,"Fort Wayne, IN",current_metropolitan_cbsa,exact normalized Census CBSA title match,normalized_title_exact
394613,"Frankfort, IN",IN,msa,frankfort in,23140,"Frankfort, IN",current_micropolitan_cbsa,exact normalized Census micropolitan title match,normalized_title_exact
394614,"Frankfort, KY",KY,msa,frankfort ky,23180,"Frankfort, KY",current_micropolitan_cbsa,exact normalized Census micropolitan title match,normalized_title_exact
394615,"Fredericksburg, TX",TX,msa,fredericksburg tx,23240,"Fredericksburg, TX",current_micropolitan_cbsa,exact normalized Census micropolitan title match,normalized_title_exact
394616,"Freeport, IL",IL,msa,freeport il,23300,"Freeport, IL",current_micropolitan_cbsa,exact normalized Census micropolitan title match,normalized_title_exact
394617,"Fremont, NE",NE,msa,fremont ne,23340,"Fremont, NE",current_micropolitan_cbsa,exact normalized Census micropolitan title match,normalized_title_exact
394618,"Fremont, OH",OH,msa,fremont oh,23380,"Fremont, OH",current_micropolitan_cbsa,exact normalized Census micropolitan title match,normalized_title_exact
394619,"Fresno, CA",CA,msa,fresno ca,23420,"Fresno, CA",current_metropolitan_cbsa,exact normalized Census CBSA title match,normalized_title_exact
394620,"Gadsden, AL",AL,msa,gadsden al,23460,"Gadsden, AL",current_metropolitan_cbsa,exact normalized Census CBSA title match,normalized_title_exact
394621,"Gaffney, SC",SC,msa,gaffney sc,23500,"Gaffney, SC",current_micropolitan_cbsa,exact normalized Census micropolitan title match,normalized_title_exact
394622,"Gainesville, FL",FL,msa,gainesville fl,23540,"Gainesville, FL",current_metropolitan_cbsa,exact normalized Census CBSA title match,normalized_title_exact
394623,"Gainesville, GA",GA,msa,gainesville ga,23580,"Gainesville, GA",current_metropolitan_cbsa,exact normalized Census CBSA title match,normalized_title_exact
394624,"Gainesville, TX",TX,msa,gainesville tx,23620,"Gainesville, TX",current_micropolitan_cbsa,exact normalized Census micropolitan title match,normalized_title_exact
394625,"Galesburg, IL",IL,msa,galesburg il,23660,"Galesburg, IL",current_micropolitan_cbsa,exact normalized Census micropolitan title match,normalized_title_exact
394626,"Gallup, NM",NM,msa,gallup nm,23700,"Gallup, NM",current_micropolitan_cbsa,exact normalized Census micropolitan title match,normalized_title_exact
394627,"Garden City, KS",KS,msa,garden city ks,23780,"Garden City, KS",current_micropolitan_cbsa,exact normalized Census micropolitan title match,normalized_title_exact
394628,"Gardnerville Ranchos, NV",NV,msa,gardnerville ranchos nv,,,unresolved,no deterministic exact-code or exact-title match,
394629,"Georgetown, SC",SC,msa,georgetown sc,,,unresolved,no deterministic exact-code or exact-title match,
394630,"Gettysburg, PA",PA,msa,gettysburg pa,23900,"Gettysburg, PA",current_metropolitan_cbsa,exact normalized Census CBSA title match,normalized_title_exact
394631,"Gillette, WY",WY,msa,gillette wy,23940,"Gillette, WY",current_micropolitan_cbsa,exact normalized Census micropolitan title match,normalized_title_exact
394632,"Glasgow, KY",KY,msa,glasgow ky,23980,"Glasgow, KY",current_micropolitan_cbsa,exact normalized Census micropolitan title match,normalized_title_exact
394633,"Glens Falls, NY",NY,msa,glens falls ny,24020,"Glens Falls, NY",current_metropolitan_cbsa,exact normalized Census CBSA title match,normalized_title_exact
753881,"Glenwood Springs, CO",CO,msa,glenwood springs co,,,unresolved,no deterministic exact-code or exact-title match,
394634,"Gloversville, NY",NY,msa,gloversville ny,24100,"Gloversville, NY",current_micropolitan_cbsa,exact normalized Census micropolitan title match,normalized_title_exact
394635,"Goldsboro, NC",NC,msa,goldsboro nc,24140,"Goldsboro, NC",current_metropolitan_cbsa,exact normalized Census CBSA title match,normalized_title_exact
394637,"Grand Forks, ND",MN,msa,grand forks nd,,,unresolved,no deterministic exact-code or exact-title match,
394638,"Grand Island, NE",NE,msa,grand island ne,24260,"Grand Island, NE",current_metropolitan_cbsa,exact normalized Census CBSA title match,normalized_title_exact
394639,"Grand Junction, CO",CO,msa,grand junction co,24300,"Grand Junction, CO",current_metropolitan_cbsa,exact normalized Census CBSA title match,normalized_title_exact
394640,"Grand Rapids, MI",MI,msa,grand rapids mi,,,unresolved,no deterministic exact-code or exact-title match,
394641,"Grants Pass, OR",OR,msa,grants pass or,24420,"Grants Pass, OR",current_metropolitan_cbsa,exact normalized Census CBSA title match,normalized_title_exact
394642,"Grants, NM",NM,msa,grants nm,,,unresolved,no deterministic exact-code or exact-title match,
394643,"Great Bend, KS",KS,msa,great bend ks,24460,"Great Bend, KS",current_micropolitan_cbsa,exact normalized Census micropolitan title match,normalized_title_exact
394644,"Great Falls, MT",MT,msa,great falls mt,24500,"Great Falls, MT",current_metropolitan_cbsa,exact normalized Census CBSA title match,normalized_title_exact
394645,"Greeley, CO",CO,msa,greeley co,24540,"Greeley, CO",current_metropolitan_cbsa,exact normalized Census CBSA title match,normalized_title_exact
394646,"Green Bay, WI",WI,msa,green bay wi,24580,"Green Bay, WI",current_metropolitan_cbsa,exact normalized Census CBSA title match,normalized_title_exact
394647,"Greeneville, TN",TN,msa,greeneville tn,24620,"Greeneville, TN",current_micropolitan_cbsa,exact normalized Census micropolitan title match,normalized_title_exact
394648,"Greensboro, NC",NC,msa,greensboro nc,,,unresolved,no deterministic exact-code or exact-title match,
394649,"Greensburg, IN",IN,msa,greensburg in,24700,"Greensburg, IN",current_micropolitan_cbsa,exact normalized Census micropolitan title match,normalized_title_exact
394650,"Greenville, MS",MS,msa,greenville ms,24740,"Greenville, MS",current_micropolitan_cbsa,exact normalized Census micropolitan title match,normalized_title_exact
394651,"Greenville, NC",NC,msa,greenville nc,24780,"Greenville, NC",current_metropolitan_cbsa,exact normalized Census CBSA title match,normalized_title_exact
394652,"Greenville, OH",OH,msa,greenville oh,24820,"Greenville, OH",current_micropolitan_cbsa,exact normalized Census micropolitan title match,normalized_title_exact
394653,"Greenville, SC",SC,msa,greenville sc,24860,"Greenville, SC",historical_or_retired_cbsa,observed in BPS/BLS but not current 2023 CBSA title,legacy_source_title_exact
394654,"Greenwood, MS",MS,msa,greenwood ms,24900,"Greenwood, MS",current_micropolitan_cbsa,exact normalized Census micropolitan title match,normalized_title_exact
394655,"Greenwood, SC",SC,msa,greenwood sc,24940,"Greenwood, SC",current_micropolitan_cbsa,exact normalized Census micropolitan title match,normalized_title_exact
394656,"Grenada, MS",MS,msa,grenada ms,24980,"Grenada, MS",current_micropolitan_cbsa,exact normalized Census micropolitan title match,normalized_title_exact
394658,"Gulfport, MS",MS,msa,gulfport ms,,,unresolved,no deterministic exact-code or exact-title match,
394659,"Guymon, OK",OK,msa,guymon ok,25100,"Guymon, OK",current_micropolitan_cbsa,exact normalized Census micropolitan title match,normalized_title_exact
394660,"Hagerstown, MD",MD,msa,hagerstown md,,,unresolved,no deterministic exact-code or exact-title match,
753884,"Hailey, ID",ID,msa,hailey id,25200,"Hailey, ID",current_micropolitan_cbsa,exact normalized Census micropolitan title match,normalized_title_exact
394661,"Hammond, LA",LA,msa,hammond la,25220,"Hammond, LA",current_metropolitan_cbsa,exact normalized Census CBSA title match,normalized_title_exact
394662,"Hanford, CA",CA,msa,hanford ca,,,unresolved,no deterministic exact-code or exact-title match,
394663,"Hannibal, MO",MO,msa,hannibal mo,25300,"Hannibal, MO",current_micropolitan_cbsa,exact normalized Census micropolitan title match,normalized_title_exact
394666,"Harrisburg, PA",PA,msa,harrisburg pa,,,unresolved,no deterministic exact-code or exact-title match,
394667,"Harrison, AR",AR,msa,harrison ar,25460,"Harrison, AR",current_micropolitan_cbsa,exact normalized Census micropolitan title match,normalized_title_exact
394668,"Harrisonburg, VA",VA,msa,harrisonburg va,25500,"Harrisonburg, VA",current_metropolitan_cbsa,exact normalized Census CBSA title match,normalized_title_exact
394669,"Hartford, CT",CT,msa,hartford ct,,,unresolved,no deterministic exact-code or exact-title match,
394670,"Hastings, NE",NE,msa,hastings ne,25580,"Hastings, NE",current_micropolitan_cbsa,exact normalized Census micropolitan title match,normalized_title_exact
394671,"Hattiesburg, MS",MS,msa,hattiesburg ms,25620,"Hattiesburg, MS",current_metropolitan_cbsa,exact normalized Census CBSA title match,normalized_title_exact
394673,"Hays, KS",KS,msa,hays ks,25700,"Hays, KS",current_micropolitan_cbsa,exact normalized Census micropolitan title match,normalized_title_exact
394674,"Heber, UT",UT,msa,heber ut,25720,"Heber, UT",current_micropolitan_cbsa,exact normalized Census micropolitan title match,normalized_title_exact
394676,"Helena, AR",AR,msa,helena ar,,,unresolved,no deterministic exact-code or exact-title match,
394675,"Helena, MT",MT,msa,helena mt,25740,"Helena, MT",current_metropolitan_cbsa,exact normalized Census CBSA title match,normalized_title_exact
394677,"Henderson, NC",NC,msa,henderson nc,25780,"Henderson, NC",current_micropolitan_cbsa,exact normalized Census micropolitan title match,normalized_title_exact
394678,"Hereford, TX",TX,msa,hereford tx,25820,"Hereford, TX",current_micropolitan_cbsa,exact normalized Census micropolitan title match,normalized_title_exact
753887,"Hermiston, OR",OR,msa,hermiston or,,,unresolved,no deterministic exact-code or exact-title match,
394679,"Hickory, NC",NC,msa,hickory nc,,,unresolved,no deterministic exact-code or exact-title match,
753889,"Hillsdale, MI",MI,msa,hillsdale mi,25880,"Hillsdale, MI",current_micropolitan_cbsa,exact normalized Census micropolitan title match,normalized_title_exact
394680,"Hilo, HI",HI,msa,hilo hi,,,unresolved,no deterministic exact-code or exact-title match,
394681,"Hilton Head Island, SC",SC,msa,hilton head island sc,,,unresolved,no deterministic exact-code or exact-title match,
394682,"Hinesville, GA",GA,msa,hinesville ga,25980,"Hinesville, GA",current_metropolitan_cbsa,exact normalized Census CBSA title match,normalized_title_exact
394683,"Hobbs, NM",NM,msa,hobbs nm,26020,"Hobbs, NM",current_micropolitan_cbsa,exact normalized Census micropolitan title match,normalized_title_exact
753890,"Holland, MI",MI,msa,holland mi,26090,"Holland, MI",current_micropolitan_cbsa,exact normalized Census micropolitan title match,normalized_title_exact
394685,"Homosassa Springs, FL",FL,msa,homosassa springs fl,26140,"Homosassa Springs, FL",current_metropolitan_cbsa,exact normalized Census CBSA title match,normalized_title_exact
394687,"Hood River, OR",OR,msa,hood river or,26220,"Hood River, OR",current_micropolitan_cbsa,exact normalized Census micropolitan title match,normalized_title_exact
394689,"Hot Springs, AR",AR,msa,hot springs ar,26300,"Hot Springs, AR",current_metropolitan_cbsa,exact normalized Census CBSA title match,normalized_title_exact
394690,"Houghton, MI",MI,msa,houghton mi,26340,"Houghton, MI",current_micropolitan_cbsa,exact normalized Census micropolitan title match,normalized_title_exact
394691,"Houma, LA",LA,msa,houma la,,,unresolved,no deterministic exact-code or exact-title match,
394692,"Houston, TX",TX,msa,houston tx,,,unresolved,no deterministic exact-code or exact-title match,
394693,"Hudson, NY",NY,msa,hudson ny,26460,"Hudson, NY",current_micropolitan_cbsa,exact normalized Census micropolitan title match,normalized_title_exact
394695,"Huntingdon, PA",PA,msa,huntingdon pa,26500,"Huntingdon, PA",current_micropolitan_cbsa,exact normalized Census micropolitan title match,normalized_title_exact
394696,"Huntington, IN",IN,msa,huntington in,26540,"Huntington, IN",current_micropolitan_cbsa,exact normalized Census micropolitan title match,normalized_title_exact
394697,"Huntington, WV",OH,msa,huntington wv,,,unresolved,no deterministic exact-code or exact-title match,
394698,"Huntsville, AL",AL,msa,huntsville al,26620,"Huntsville, AL",current_metropolitan_cbsa,exact normalized Census CBSA title match,normalized_title_exact
394699,"Huntsville, TX",TX,msa,huntsville tx,26660,"Huntsville, TX",current_micropolitan_cbsa,exact normalized Census micropolitan title match,normalized_title_exact
394700,"Huron, SD",SD,msa,huron sd,26700,"Huron, SD",current_micropolitan_cbsa,exact normalized Census micropolitan title match,normalized_title_exact
394701,"Hutchinson, KS",KS,msa,hutchinson ks,26740,"Hutchinson, KS",current_micropolitan_cbsa,exact normalized Census micropolitan title match,normalized_title_exact
394702,"Hutchinson, MN",MN,msa,hutchinson mn,26780,"Hutchinson, MN",current_micropolitan_cbsa,exact normalized Census micropolitan title match,normalized_title_exact
394703,"Idaho Falls, ID",ID,msa,idaho falls id,26820,"Idaho Falls, ID",current_metropolitan_cbsa,exact normalized Census CBSA title match,normalized_title_exact
394704,"Indiana, PA",PA,msa,indiana pa,26860,"Indiana, PA",current_micropolitan_cbsa,exact normalized Census micropolitan title match,normalized_title_exact
394705,"Indianapolis, IN",IN,msa,indianapolis in,26900,"Indianapolis, IN",historical_or_retired_cbsa,observed in BPS/BLS but not current 2023 CBSA title,legacy_source_title_exact
394706,"Indianola, MS",MS,msa,indianola ms,,,unresolved,no deterministic exact-code or exact-title match,
394707,"Iowa City, IA",IA,msa,iowa city ia,26980,"Iowa City, IA",current_metropolitan_cbsa,exact normalized Census CBSA title match,normalized_title_exact
394708,"Iron Mountain, MI",MI,msa,iron mountain mi,,,unresolved,no deterministic exact-code or exact-title match,
394709,"Ithaca, NY",NY,msa,ithaca ny,27060,"Ithaca, NY",current_metropolitan_cbsa,exact normalized Census CBSA title match,normalized_title_exact
394710,"Jackson, MI",MI,msa,jackson mi,27100,"Jackson, MI",current_metropolitan_cbsa,exact normalized Census CBSA title match,normalized_title_exact
394711,"Jackson, MS",MS,msa,jackson ms,27140,"Jackson, MS",current_metropolitan_cbsa,exact normalized Census CBSA title match,normalized_title_exact
753892,"Jackson, OH",OH,msa,jackson oh,,,unresolved,no deterministic exact-code or exact-title match,
394712,"Jackson, TN",TN,msa,jackson tn,27180,"Jackson, TN",current_metropolitan_cbsa,exact normalized Census CBSA title match,normalized_title_exact
394713,"Jackson, WY",WY,msa,jackson wy,,,unresolved,no deterministic exact-code or exact-title match,
394714,"Jacksonville, FL",FL,msa,jacksonville fl,27260,"Jacksonville, FL",current_metropolitan_cbsa,exact normalized Census CBSA title match,normalized_title_exact
394715,"Jacksonville, IL",IL,msa,jacksonville il,27300,"Jacksonville, IL",current_micropolitan_cbsa,exact normalized Census micropolitan title match,normalized_title_exact
394716,"Jacksonville, NC",NC,msa,jacksonville nc,27340,"Jacksonville, NC",current_metropolitan_cbsa,exact normalized Census CBSA title match,normalized_title_exact
394717,"Jacksonville, TX",TX,msa,jacksonville tx,27380,"Jacksonville, TX",current_micropolitan_cbsa,exact normalized Census micropolitan title match,normalized_title_exact
394718,"Jamestown, ND",ND,msa,jamestown nd,27420,"Jamestown, ND",current_micropolitan_cbsa,exact normalized Census micropolitan title match,normalized_title_exact
394719,"Jamestown, NY",NY,msa,jamestown ny,,,unresolved,no deterministic exact-code or exact-title match,
394720,"Janesville, WI",WI,msa,janesville wi,27500,"Janesville, WI",historical_or_retired_cbsa,observed in BPS/BLS but not current 2023 CBSA title,legacy_source_title_exact
394721,"Jasper, IN",IN,msa,jasper in,27540,"Jasper, IN",current_micropolitan_cbsa,exact normalized Census micropolitan title match,normalized_title_exact
394723,"Jefferson City, MO",MO,msa,jefferson city mo,27620,"Jefferson City, MO",current_metropolitan_cbsa,exact normalized Census CBSA title match,normalized_title_exact
753893,"Jefferson, GA",GA,msa,jefferson ga,27600,"Jefferson, GA",current_micropolitan_cbsa,exact normalized Census micropolitan title match,normalized_title_exact
394725,"Jesup, GA",GA,msa,jesup ga,27700,"Jesup, GA",current_micropolitan_cbsa,exact normalized Census micropolitan title match,normalized_title_exact
394726,"Johnson City, TN",TN,msa,johnson city tn,27740,"Johnson City, TN",current_metropolitan_cbsa,exact normalized Census CBSA title match,normalized_title_exact
394727,"Johnstown, PA",PA,msa,johnstown pa,27780,"Johnstown, PA",current_metropolitan_cbsa,exact normalized Census CBSA title match,normalized_title_exact
394728,"Jonesboro, AR",AR,msa,jonesboro ar,27860,"Jonesboro, AR",current_metropolitan_cbsa,exact normalized Census CBSA title match,normalized_title_exact
394729,"Joplin, MO",MO,msa,joplin mo,27900,"Joplin, MO",historical_or_retired_cbsa,observed in BPS/BLS but not current 2023 CBSA title,legacy_source_title_exact
394730,"Juneau, AK",AK,msa,juneau ak,27940,"Juneau, AK",current_micropolitan_cbsa,exact normalized Census micropolitan title match,normalized_title_exact
394731,"Kahului, HI",HI,msa,kahului hi,,,unresolved,no deterministic exact-code or exact-title match,
394732,"Kalamazoo, MI",MI,msa,kalamazoo mi,,,unresolved,no deterministic exact-code or exact-title match,
394733,"Kalispell, MT",MT,msa,kalispell mt,28060,"Kalispell, MT",current_micropolitan_cbsa,exact normalized Census micropolitan title match,normalized_title_exact
394734,"Kankakee, IL",IL,msa,kankakee il,28100,"Kankakee, IL",current_metropolitan_cbsa,exact normalized Census CBSA title match,normalized_title_exact
394735,"Kansas City, MO",MO,msa,kansas city mo,,,unresolved,no deterministic exact-code or exact-title match,
394736,"Kapaa, HI",HI,msa,kapaa hi,28180,"Kapaa, HI",current_micropolitan_cbsa,exact normalized Census micropolitan title match,normalized_title_exact
394737,"Kearney, NE",NE,msa,kearney ne,28260,"Kearney, NE",current_micropolitan_cbsa,exact normalized Census micropolitan title match,normalized_title_exact
394738,"Keene, NH",NH,msa,keene nh,28300,"Keene, NH",current_micropolitan_cbsa,exact normalized Census micropolitan title match,normalized_title_exact
394739,"Kendallville, IN",IN,msa,kendallville in,28340,"Kendallville, IN",current_micropolitan_cbsa,exact normalized Census micropolitan title match,normalized_title_exact
394740,"Kennett, MO",MO,msa,kennett mo,28380,"Kennett, MO",current_micropolitan_cbsa,exact normalized Census micropolitan title match,normalized_title_exact
394741,"Kennewick, WA",WA,msa,kennewick wa,,,unresolved,no deterministic exact-code or exact-title match,
394742,"Kerrville, TX",TX,msa,kerrville tx,28500,"Kerrville, TX",current_micropolitan_cbsa,exact normalized Census micropolitan title match,normalized_title_exact
394743,"Ketchikan, AK",AK,msa,ketchikan ak,28540,"Ketchikan, AK",current_micropolitan_cbsa,exact normalized Census micropolitan title match,normalized_title_exact
394744,"Key West, FL",FL,msa,key west fl,,,unresolved,no deterministic exact-code or exact-title match,
394745,"Kill Devil Hills, NC",NC,msa,kill devil hills nc,28620,"Kill Devil Hills, NC",current_micropolitan_cbsa,exact normalized Census micropolitan title match,normalized_title_exact
394746,"Killeen, TX",TX,msa,killeen tx,,,unresolved,no deterministic exact-code or exact-title match,
394747,"Kingsport, TN",TN,msa,kingsport tn,,,unresolved,no deterministic exact-code or exact-title match,
394748,"Kingston, NY",NY,msa,kingston ny,28740,"Kingston, NY",current_metropolitan_cbsa,exact normalized Census CBSA title match,normalized_title_exact
394749,"Kingsville, TX",TX,msa,kingsville tx,28780,"Kingsville, TX",current_micropolitan_cbsa,exact normalized Census micropolitan title match,normalized_title_exact
394750,"Kinston, NC",NC,msa,kinston nc,28820,"Kinston, NC",current_micropolitan_cbsa,exact normalized Census micropolitan title match,normalized_title_exact
394751,"Kirksville, MO",MO,msa,kirksville mo,28860,"Kirksville, MO",current_micropolitan_cbsa,exact normalized Census micropolitan title match,normalized_title_exact
394752,"Klamath Falls, OR",OR,msa,klamath falls or,28900,"Klamath Falls, OR",current_micropolitan_cbsa,exact normalized Census micropolitan title match,normalized_title_exact
394753,"Knoxville, TN",TN,msa,knoxville tn,28940,"Knoxville, TN",current_metropolitan_cbsa,exact normalized Census CBSA title match,normalized_title_exact
394755,"Kokomo, IN",IN,msa,kokomo in,29020,"Kokomo, IN",current_metropolitan_cbsa,exact normalized Census CBSA title match,normalized_title_exact
394756,"La Crosse, WI",WI,msa,la crosse wi,,,unresolved,no deterministic exact-code or exact-title match,
394758,"La Grande, OR",OR,msa,la grande or,29260,"La Grande, OR",current_micropolitan_cbsa,exact normalized Census micropolitan title match,normalized_title_exact
394762,"LaGrange, GA",GA,msa,lagrange ga,,,unresolved,no deterministic exact-code or exact-title match,
394759,"Laconia, NH",NH,msa,laconia nh,29060,"Laconia, NH",current_micropolitan_cbsa,exact normalized Census micropolitan title match,normalized_title_exact
753895,"Lafayette, IN",IN,msa,lafayette in,29140,"Lafayette, IN",historical_or_retired_cbsa,observed in BPS/BLS but not current 2023 CBSA title,legacy_source_title_exact
394761,"Lafayette, LA",LA,msa,lafayette la,29180,"Lafayette, LA",current_metropolitan_cbsa,exact normalized Census CBSA title match,normalized_title_exact
394763,"Lake Charles, LA",LA,msa,lake charles la,29340,"Lake Charles, LA",current_metropolitan_cbsa,exact normalized Census CBSA title match,normalized_title_exact
394764,"Lake City, FL",FL,msa,lake city fl,29380,"Lake City, FL",current_micropolitan_cbsa,exact normalized Census micropolitan title match,normalized_title_exact
394765,"Lake Havasu City, AZ",AZ,msa,lake havasu city az,,,unresolved,no deterministic exact-code or exact-title match,
394766,"Lakeland, FL",FL,msa,lakeland fl,29460,"Lakeland, FL",historical_or_retired_cbsa,observed in BPS/BLS but not current 2023 CBSA title,legacy_source_title_exact
394767,"Lamesa, TX",TX,msa,lamesa tx,,,unresolved,no deterministic exact-code or exact-title match,
394768,"Lancaster, PA",PA,msa,lancaster pa,29540,"Lancaster, PA",current_metropolitan_cbsa,exact normalized Census CBSA title match,normalized_title_exact
394770,"Lansing, MI",MI,msa,lansing mi,,,unresolved,no deterministic exact-code or exact-title match,
394771,"Laramie, WY",WY,msa,laramie wy,29660,"Laramie, WY",current_micropolitan_cbsa,exact normalized Census micropolitan title match,normalized_title_exact
394772,"Laredo, TX",TX,msa,laredo tx,29700,"Laredo, TX",current_metropolitan_cbsa,exact normalized Census CBSA title match,normalized_title_exact
394773,"Las Cruces, NM",NM,msa,las cruces nm,29740,"Las Cruces, NM",current_metropolitan_cbsa,exact normalized Census CBSA title match,normalized_title_exact
394774,"Las Vegas, NM",NM,msa,las vegas nm,29780,"Las Vegas, NM",current_micropolitan_cbsa,exact normalized Census micropolitan title match,normalized_title_exact
394775,"Las Vegas, NV",NV,msa,las vegas nv,,,unresolved,no deterministic exact-code or exact-title match,
394776,"Laurel, MS",MS,msa,laurel ms,29860,"Laurel, MS",current_micropolitan_cbsa,exact normalized Census micropolitan title match,normalized_title_exact
394777,"Laurinburg, NC",NC,msa,laurinburg nc,29900,"Laurinburg, NC",current_micropolitan_cbsa,exact normalized Census micropolitan title match,normalized_title_exact
394778,"Lawrence, KS",KS,msa,lawrence ks,29940,"Lawrence, KS",current_metropolitan_cbsa,exact normalized Census CBSA title match,normalized_title_exact
394779,"Lawrenceburg, TN",TN,msa,lawrenceburg tn,29980,"Lawrenceburg, TN",current_micropolitan_cbsa,exact normalized Census micropolitan title match,normalized_title_exact
394780,"Lawton, OK",OK,msa,lawton ok,30020,"Lawton, OK",current_metropolitan_cbsa,exact normalized Census CBSA title match,normalized_title_exact
394781,"Lebanon, MO",MO,msa,lebanon mo,30060,"Lebanon, MO",current_micropolitan_cbsa,exact normalized Census micropolitan title match,normalized_title_exact
394783,"Lebanon, PA",PA,msa,lebanon pa,30140,"Lebanon, PA",current_metropolitan_cbsa,exact normalized Census CBSA title match,normalized_title_exact
394784,"Levelland, TX",TX,msa,levelland tx,,,unresolved,no deterministic exact-code or exact-title match,
394785,"Lewisburg, PA",PA,msa,lewisburg pa,30260,"Lewisburg, PA",current_micropolitan_cbsa,exact normalized Census micropolitan title match,normalized_title_exact
394786,"Lewisburg, TN",TN,msa,lewisburg tn,30280,"Lewisburg, TN",current_micropolitan_cbsa,exact normalized Census micropolitan title match,normalized_title_exact
394787,"Lewiston, ID",ID,msa,lewiston id,,,unresolved,no deterministic exact-code or exact-title match,
394788,"Lewiston, ME",ME,msa,lewiston me,,,unresolved,no deterministic exact-code or exact-title match,
394789,"Lewistown, PA",PA,msa,lewistown pa,30380,"Lewistown, PA",current_micropolitan_cbsa,exact normalized Census micropolitan title match,normalized_title_exact
394792,"Lexington, KY",KY,msa,lexington ky,,,unresolved,no deterministic exact-code or exact-title match,
394791,"Lexington, NE",NE,msa,lexington ne,30420,"Lexington, NE",current_micropolitan_cbsa,exact normalized Census micropolitan title match,normalized_title_exact
394793,"Liberal, KS",KS,msa,liberal ks,30580,"Liberal, KS",current_micropolitan_cbsa,exact normalized Census micropolitan title match,normalized_title_exact
394794,"Lima, OH",OH,msa,lima oh,30620,"Lima, OH",current_metropolitan_cbsa,exact normalized Census CBSA title match,normalized_title_exact
394795,"Lincoln, IL",IL,msa,lincoln il,30660,"Lincoln, IL",current_micropolitan_cbsa,exact normalized Census micropolitan title match,normalized_title_exact
394796,"Lincoln, NE",NE,msa,lincoln ne,30700,"Lincoln, NE",current_metropolitan_cbsa,exact normalized Census CBSA title match,normalized_title_exact
394798,"Little Rock, AR",AR,msa,little rock ar,,,unresolved,no deterministic exact-code or exact-title match,
394799,"Lock Haven, PA",PA,msa,lock haven pa,30820,"Lock Haven, PA",current_micropolitan_cbsa,exact normalized Census micropolitan title match,normalized_title_exact
394800,"Logan, UT",UT,msa,logan ut,,,unresolved,no deterministic exact-code or exact-title match,
394801,"Logansport, IN",IN,msa,logansport in,30900,"Logansport, IN",current_micropolitan_cbsa,exact normalized Census micropolitan title match,normalized_title_exact
394802,"London, KY",KY,msa,london ky,,,unresolved,no deterministic exact-code or exact-title match,
394803,"Longview, TX",TX,msa,longview tx,30980,"Longview, TX",current_metropolitan_cbsa,exact normalized Census CBSA title match,normalized_title_exact
394804,"Longview, WA",WA,msa,longview wa,31020,"Longview, WA",historical_or_retired_cbsa,observed in BPS/BLS but not current 2023 CBSA title,legacy_source_title_exact
394805,"Los Alamos, NM",NM,msa,los alamos nm,31060,"Los Alamos, NM",current_micropolitan_cbsa,exact normalized Census micropolitan title match,normalized_title_exact
753899,"Los Angeles, CA",CA,msa,los angeles ca,,,unresolved,no deterministic exact-code or exact-title match,
394807,"Louisville, KY",KY,msa,louisville ky,,,unresolved,no deterministic exact-code or exact-title match,
394808,"Lubbock, TX",TX,msa,lubbock tx,31180,"Lubbock, TX",current_metropolitan_cbsa,exact normalized Census CBSA title match,normalized_title_exact
753901,"Ludington, MI",MI,msa,ludington mi,31220,"Ludington, MI",current_micropolitan_cbsa,exact normalized Census micropolitan title match,normalized_title_exact
394809,"Lufkin, TX",TX,msa,lufkin tx,31260,"Lufkin, TX",current_micropolitan_cbsa,exact normalized Census micropolitan title match,normalized_title_exact
394810,"Lumberton, NC",NC,msa,lumberton nc,31300,"Lumberton, NC",current_micropolitan_cbsa,exact normalized Census micropolitan title match,normalized_title_exact
394811,"Lynchburg, VA",VA,msa,lynchburg va,31340,"Lynchburg, VA",current_metropolitan_cbsa,exact normalized Census CBSA title match,normalized_title_exact
394812,"Macomb, IL",IL,msa,macomb il,31380,"Macomb, IL",current_micropolitan_cbsa,exact normalized Census micropolitan title match,normalized_title_exact
394813,"Macon, GA",GA,msa,macon ga,31420,"Macon, GA",historical_or_retired_cbsa,observed in BPS/BLS but not current 2023 CBSA title,legacy_source_title_exact
394814,"Madera, CA",CA,msa,madera ca,31460,"Madera, CA",historical_or_retired_cbsa,observed in BPS/BLS but not current 2023 CBSA title,legacy_source_title_exact
394815,"Madison, IN",IN,msa,madison in,31500,"Madison, IN",current_micropolitan_cbsa,exact normalized Census micropolitan title match,normalized_title_exact
394816,"Madison, WI",WI,msa,madison wi,31540,"Madison, WI",current_metropolitan_cbsa,exact normalized Census CBSA title match,normalized_title_exact
394817,"Madisonville, KY",KY,msa,madisonville ky,31580,"Madisonville, KY",current_micropolitan_cbsa,exact normalized Census micropolitan title match,normalized_title_exact
394818,"Magnolia, AR",AR,msa,magnolia ar,31620,"Magnolia, AR",current_micropolitan_cbsa,exact normalized Census micropolitan title match,normalized_title_exact
394819,"Malone, NY",NY,msa,malone ny,,,unresolved,no deterministic exact-code or exact-title match,
753902,"Malvern, AR",AR,msa,malvern ar,31680,"Malvern, AR",current_micropolitan_cbsa,exact normalized Census micropolitan title match,normalized_title_exact
394820,"Manchester, NH",NH,msa,manchester nh,,,unresolved,no deterministic exact-code or exact-title match,
394821,"Manhattan, KS",KS,msa,manhattan ks,31740,"Manhattan, KS",current_metropolitan_cbsa,exact normalized Census CBSA title match,normalized_title_exact
394822,"Manitowoc, WI",WI,msa,manitowoc wi,31820,"Manitowoc, WI",current_micropolitan_cbsa,exact normalized Census micropolitan title match,normalized_title_exact
394823,"Mankato, MN",MN,msa,mankato mn,31860,"Mankato, MN",current_metropolitan_cbsa,exact normalized Census CBSA title match,normalized_title_exact
394824,"Mansfield, OH",OH,msa,mansfield oh,31900,"Mansfield, OH",current_metropolitan_cbsa,exact normalized Census CBSA title match,normalized_title_exact
753903,"Marietta, OH",OH,msa,marietta oh,31930,"Marietta, OH",current_micropolitan_cbsa,exact normalized Census micropolitan title match,normalized_title_exact
394825,"Marinette, WI",WI,msa,marinette wi,,,unresolved,no deterministic exact-code or exact-title match,
394826,"Marion, IN",IN,msa,marion in,31980,"Marion, IN",current_micropolitan_cbsa,exact normalized Census micropolitan title match,normalized_title_exact
753904,"Marion, NC",NC,msa,marion nc,32000,"Marion, NC",current_micropolitan_cbsa,exact normalized Census micropolitan title match,normalized_title_exact
394827,"Marion, OH",OH,msa,marion oh,32020,"Marion, OH",current_micropolitan_cbsa,exact normalized Census micropolitan title match,normalized_title_exact
394829,"Marquette, MI",MI,msa,marquette mi,32100,"Marquette, MI",current_micropolitan_cbsa,exact normalized Census micropolitan title match,normalized_title_exact
394830,"Marshall, MN",MN,msa,marshall mn,32140,"Marshall, MN",current_micropolitan_cbsa,exact normalized Census micropolitan title match,normalized_title_exact
394831,"Marshall, MO",MO,msa,marshall mo,32180,"Marshall, MO",current_micropolitan_cbsa,exact normalized Census micropolitan title match,normalized_title_exact
394833,"Marshalltown, IA",IA,msa,marshalltown ia,32260,"Marshalltown, IA",current_micropolitan_cbsa,exact normalized Census micropolitan title match,normalized_title_exact
394835,"Martin, TN",TN,msa,martin tn,32280,"Martin, TN",current_micropolitan_cbsa,exact normalized Census micropolitan title match,normalized_title_exact
394836,"Martinsville, VA",VA,msa,martinsville va,32300,"Martinsville, VA",current_micropolitan_cbsa,exact normalized Census micropolitan title match,normalized_title_exact
394837,"Maryville, MO",MO,msa,maryville mo,32340,"Maryville, MO",current_micropolitan_cbsa,exact normalized Census micropolitan title match,normalized_title_exact
394838,"Mason City, IA",IA,msa,mason city ia,32380,"Mason City, IA",current_micropolitan_cbsa,exact normalized Census micropolitan title match,normalized_title_exact
394840,"Mayfield, KY",KY,msa,mayfield ky,32460,"Mayfield, KY",current_micropolitan_cbsa,exact normalized Census micropolitan title match,normalized_title_exact
394841,"Maysville, KY",KY,msa,maysville ky,,,unresolved,no deterministic exact-code or exact-title match,
394842,"McAlester, OK",OK,msa,mcalester ok,32540,"McAlester, OK",current_micropolitan_cbsa,exact normalized Census micropolitan title match,normalized_title_exact
394843,"McAllen, TX",TX,msa,mcallen tx,,,unresolved,no deterministic exact-code or exact-title match,
394844,"McComb, MS",MS,msa,mccomb ms,32620,"McComb, MS",current_micropolitan_cbsa,exact normalized Census micropolitan title match,normalized_title_exact
394845,"McMinnville, TN",TN,msa,mcminnville tn,32660,"McMinnville, TN",current_micropolitan_cbsa,exact normalized Census micropolitan title match,normalized_title_exact
394846,"McPherson, KS",KS,msa,mcpherson ks,32700,"McPherson, KS",current_micropolitan_cbsa,exact normalized Census micropolitan title match,normalized_title_exact
394847,"Meadville, PA",PA,msa,meadville pa,32740,"Meadville, PA",current_micropolitan_cbsa,exact normalized Census micropolitan title match,normalized_title_exact
394848,"Medford, OR",OR,msa,medford or,32780,"Medford, OR",current_metropolitan_cbsa,exact normalized Census CBSA title match,normalized_title_exact
394849,"Memphis, TN",TN,msa,memphis tn,,,unresolved,no deterministic exact-code or exact-title match,
394850,"Menomonie, WI",WI,msa,menomonie wi,32860,"Menomonie, WI",current_micropolitan_cbsa,exact normalized Census micropolitan title match,normalized_title_exact
394851,"Merced, CA",CA,msa,merced ca,32900,"Merced, CA",current_metropolitan_cbsa,exact normalized Census CBSA title match,normalized_title_exact
394852,"Meridian, MS",MS,msa,meridian ms,32940,"Meridian, MS",current_micropolitan_cbsa,exact normalized Census micropolitan title match,normalized_title_exact
394854,"Mexico, MO",MO,msa,mexico mo,33020,"Mexico, MO",current_micropolitan_cbsa,exact normalized Census micropolitan title match,normalized_title_exact
394856,"Miami, FL",FL,msa,miami fl,,,unresolved,no deterministic exact-code or exact-title match,
394855,"Miami, OK",OK,msa,miami ok,33060,"Miami, OK",current_micropolitan_cbsa,exact normalized Census micropolitan title match,normalized_title_exact
394857,"Michigan City, IN",IN,msa,michigan city in,,,unresolved,no deterministic exact-code or exact-title match,
394858,"Middlesborough, KY",KY,msa,middlesborough ky,33180,"Middlesborough, KY",current_micropolitan_cbsa,exact normalized Census micropolitan title match,normalized_title_exact
394859,"Midland, MI",MI,msa,midland mi,33220,"Midland, MI",current_metropolitan_cbsa,exact normalized Census CBSA title match,normalized_title_exact
394860,"Midland, TX",TX,msa,midland tx,33260,"Midland, TX",current_metropolitan_cbsa,exact normalized Census CBSA title match,normalized_title_exact
394861,"Milledgeville, GA",GA,msa,milledgeville ga,33300,"Milledgeville, GA",current_micropolitan_cbsa,exact normalized Census micropolitan title match,normalized_title_exact
394862,"Milwaukee, WI",WI,msa,milwaukee wi,,,unresolved,no deterministic exact-code or exact-title match,
394864,"Mineral Wells, TX",TX,msa,mineral wells tx,33420,"Mineral Wells, TX",current_micropolitan_cbsa,exact normalized Census micropolitan title match,normalized_title_exact
394865,"Minneapolis, MN",MN,msa,minneapolis mn,,,unresolved,no deterministic exact-code or exact-title match,
394866,"Minot, ND",ND,msa,minot nd,33500,"Minot, ND",current_metropolitan_cbsa,exact normalized Census CBSA title match,normalized_title_exact
394867,"Missoula, MT",MT,msa,missoula mt,33540,"Missoula, MT",current_metropolitan_cbsa,exact normalized Census CBSA title match,normalized_title_exact
394868,"Mitchell, SD",SD,msa,mitchell sd,33580,"Mitchell, SD",current_micropolitan_cbsa,exact normalized Census micropolitan title match,normalized_title_exact
394869,"Moberly, MO",MO,msa,moberly mo,33620,"Moberly, MO",current_micropolitan_cbsa,exact normalized Census micropolitan title match,normalized_title_exact
394870,"Mobile, AL",AL,msa,mobile al,33660,"Mobile, AL",current_metropolitan_cbsa,exact normalized Census CBSA title match,normalized_title_exact
394871,"Modesto, CA",CA,msa,modesto ca,33700,"Modesto, CA",current_metropolitan_cbsa,exact normalized Census CBSA title match,normalized_title_exact
394872,"Monroe, LA",LA,msa,monroe la,33740,"Monroe, LA",current_metropolitan_cbsa,exact normalized Census CBSA title match,normalized_title_exact
394873,"Monroe, MI",MI,msa,monroe mi,33780,"Monroe, MI",current_metropolitan_cbsa,exact normalized Census CBSA title match,normalized_title_exact
394875,"Montgomery, AL",AL,msa,montgomery al,33860,"Montgomery, AL",current_metropolitan_cbsa,exact normalized Census CBSA title match,normalized_title_exact
394876,"Montrose, CO",CO,msa,montrose co,33940,"Montrose, CO",current_micropolitan_cbsa,exact normalized Census micropolitan title match,normalized_title_exact
394877,"Morehead City, NC",NC,msa,morehead city nc,33980,"Morehead City, NC",current_micropolitan_cbsa,exact normalized Census micropolitan title match,normalized_title_exact
394878,"Morgan City, LA",LA,msa,morgan city la,34020,"Morgan City, LA",current_micropolitan_cbsa,exact normalized Census micropolitan title match,normalized_title_exact
394879,"Morgantown, WV",WV,msa,morgantown wv,34060,"Morgantown, WV",current_metropolitan_cbsa,exact normalized Census CBSA title match,normalized_title_exact
394880,"Morristown, TN",TN,msa,morristown tn,34100,"Morristown, TN",current_metropolitan_cbsa,exact normalized Census CBSA title match,normalized_title_exact
394881,"Moscow, ID",ID,msa,moscow id,34140,"Moscow, ID",current_micropolitan_cbsa,exact normalized Census micropolitan title match,normalized_title_exact
394882,"Moses Lake, WA",WA,msa,moses lake wa,34180,"Moses Lake, WA",current_micropolitan_cbsa,exact normalized Census micropolitan title match,normalized_title_exact
394883,"Moultrie, GA",GA,msa,moultrie ga,34220,"Moultrie, GA",current_micropolitan_cbsa,exact normalized Census micropolitan title match,normalized_title_exact
394884,"Mount Airy, NC",NC,msa,mount airy nc,34340,"Mount Airy, NC",current_micropolitan_cbsa,exact normalized Census micropolitan title match,normalized_title_exact
394885,"Mount Pleasant, MI",MI,msa,mount pleasant mi,34380,"Mount Pleasant, MI",current_micropolitan_cbsa,exact normalized Census micropolitan title match,normalized_title_exact
394886,"Mount Pleasant, TX",TX,msa,mount pleasant tx,34420,"Mount Pleasant, TX",current_micropolitan_cbsa,exact normalized Census micropolitan title match,normalized_title_exact
394887,"Mount Sterling, KY",KY,msa,mount sterling ky,34460,"Mount Sterling, KY",current_micropolitan_cbsa,exact normalized Census micropolitan title match,normalized_title_exact
394888,"Mount Vernon, IL",IL,msa,mount vernon il,34500,"Mount Vernon, IL",current_micropolitan_cbsa,exact normalized Census micropolitan title match,normalized_title_exact
394889,"Mount Vernon, OH",OH,msa,mount vernon oh,34540,"Mount Vernon, OH",current_micropolitan_cbsa,exact normalized Census micropolitan title match,normalized_title_exact
394890,"Mount Vernon, WA",WA,msa,mount vernon wa,,,unresolved,no deterministic exact-code or exact-title match,
394891,"Mountain Home, AR",AR,msa,mountain home ar,34260,"Mountain Home, AR",current_micropolitan_cbsa,exact normalized Census micropolitan title match,normalized_title_exact
394892,"Mountain Home, ID",ID,msa,mountain home id,34300,"Mountain Home, ID",current_micropolitan_cbsa,exact normalized Census micropolitan title match,normalized_title_exact
394893,"Muncie, IN",IN,msa,muncie in,34620,"Muncie, IN",current_metropolitan_cbsa,exact normalized Census CBSA title match,normalized_title_exact
394894,"Murray, KY",KY,msa,murray ky,34660,"Murray, KY",current_micropolitan_cbsa,exact normalized Census micropolitan title match,normalized_title_exact
394895,"Muscatine, IA",IA,msa,muscatine ia,34700,"Muscatine, IA",current_micropolitan_cbsa,exact normalized Census micropolitan title match,normalized_title_exact
394896,"Muskegon, MI",MI,msa,muskegon mi,34740,"Muskegon, MI",historical_or_retired_cbsa,observed in BPS/BLS but not current 2023 CBSA title,legacy_source_title_exact
394897,"Muskogee, OK",OK,msa,muskogee ok,34780,"Muskogee, OK",current_micropolitan_cbsa,exact normalized Census micropolitan title match,normalized_title_exact
394898,"Myrtle Beach, SC",SC,msa,myrtle beach sc,,,unresolved,no deterministic exact-code or exact-title match,
394899,"Nacogdoches, TX",TX,msa,nacogdoches tx,34860,"Nacogdoches, TX",current_micropolitan_cbsa,exact normalized Census micropolitan title match,normalized_title_exact
394900,"Napa, CA",CA,msa,napa ca,34900,"Napa, CA",current_metropolitan_cbsa,exact normalized Census CBSA title match,normalized_title_exact
394901,"Naples, FL",FL,msa,naples fl,,,unresolved,no deterministic exact-code or exact-title match,
394902,"Nashville, TN",TN,msa,nashville tn,,,unresolved,no deterministic exact-code or exact-title match,
394903,"Natchez, MS",LA,msa,natchez ms,,,unresolved,no deterministic exact-code or exact-title match,
394904,"Natchitoches, LA",LA,msa,natchitoches la,35060,"Natchitoches, LA",current_micropolitan_cbsa,exact normalized Census micropolitan title match,normalized_title_exact
394905,"New Bern, NC",NC,msa,new bern nc,35100,"New Bern, NC",current_micropolitan_cbsa,exact normalized Census micropolitan title match,normalized_title_exact
394906,"New Castle, IN",IN,msa,new castle in,35220,"New Castle, IN",current_micropolitan_cbsa,exact normalized Census micropolitan title match,normalized_title_exact
394907,"New Castle, PA",PA,msa,new castle pa,,,unresolved,no deterministic exact-code or exact-title match,
394908,"New Haven, CT",CT,msa,new haven ct,35300,"New Haven, CT",current_metropolitan_cbsa,exact normalized Census CBSA title match,normalized_title_exact
394910,"New Orleans, LA",LA,msa,new orleans la,,,unresolved,no deterministic exact-code or exact-title match,
394911,"New Philadelphia, OH",OH,msa,new philadelphia oh,,,unresolved,no deterministic exact-code or exact-title match,
394912,"New Ulm, MN",MN,msa,new ulm mn,35580,"New Ulm, MN",current_micropolitan_cbsa,exact normalized Census micropolitan title match,normalized_title_exact
394913,"New York, NY",NY,msa,new york ny,,,unresolved,no deterministic exact-code or exact-title match,
394914,"Newberry, SC",SC,msa,newberry sc,35140,"Newberry, SC",current_micropolitan_cbsa,exact normalized Census micropolitan title match,normalized_title_exact
753905,"Newport, OR",OR,msa,newport or,35440,"Newport, OR",current_micropolitan_cbsa,exact normalized Census micropolitan title match,normalized_title_exact
394915,"Newport, TN",TN,msa,newport tn,35460,"Newport, TN",current_micropolitan_cbsa,exact normalized Census micropolitan title match,normalized_title_exact
394917,"Niles, MI",MI,msa,niles mi,35660,"Niles, MI",current_metropolitan_cbsa,exact normalized Census CBSA title match,normalized_title_exact
394918,"Nogales, AZ",AZ,msa,nogales az,35700,"Nogales, AZ",current_micropolitan_cbsa,exact normalized Census micropolitan title match,normalized_title_exact
394919,"Norfolk, NE",NE,msa,norfolk ne,35740,"Norfolk, NE",current_micropolitan_cbsa,exact normalized Census micropolitan title match,normalized_title_exact
394920,"North Platte, NE",NE,msa,north platte ne,35820,"North Platte, NE",current_micropolitan_cbsa,exact normalized Census micropolitan title match,normalized_title_exact
753906,"North Port, FL",FL,msa,north port fl,,,unresolved,no deterministic exact-code or exact-title match,
394921,"North Vernon, IN",IN,msa,north vernon in,,,unresolved,no deterministic exact-code or exact-title match,
394922,"North Wilkesboro, NC",NC,msa,north wilkesboro nc,35900,"North Wilkesboro, NC",current_micropolitan_cbsa,exact normalized Census micropolitan title match,normalized_title_exact
394923,"Norwalk, OH",OH,msa,norwalk oh,35940,"Norwalk, OH",current_micropolitan_cbsa,exact normalized Census micropolitan title match,normalized_title_exact
394924,"Norwich, CT",CT,msa,norwich ct,,,unresolved,no deterministic exact-code or exact-title match,
394925,"Oak Harbor, WA",WA,msa,oak harbor wa,36020,"Oak Harbor, WA",current_micropolitan_cbsa,exact normalized Census micropolitan title match,normalized_title_exact
394927,"Ocala, FL",FL,msa,ocala fl,36100,"Ocala, FL",current_metropolitan_cbsa,exact normalized Census CBSA title match,normalized_title_exact
394928,"Ocean City, NJ",NJ,msa,ocean city nj,36140,"Ocean City, NJ",historical_or_retired_cbsa,observed in BPS/BLS but not current 2023 CBSA title,legacy_source_title_exact
394930,"Odessa, TX",TX,msa,odessa tx,36220,"Odessa, TX",current_metropolitan_cbsa,exact normalized Census CBSA title match,normalized_title_exact
394931,"Ogden, UT",UT,msa,ogden ut,36260,"Ogden, UT",current_metropolitan_cbsa,exact normalized Census CBSA title match,normalized_title_exact
394932,"Ogdensburg, NY",NY,msa,ogdensburg ny,,,unresolved,no deterministic exact-code or exact-title match,
394933,"Oil City, PA",PA,msa,oil city pa,36340,"Oil City, PA",current_micropolitan_cbsa,exact normalized Census micropolitan title match,normalized_title_exact
394934,"Okeechobee, FL",FL,msa,okeechobee fl,36380,"Okeechobee, FL",current_micropolitan_cbsa,exact normalized Census micropolitan title match,normalized_title_exact
394935,"Oklahoma City, OK",OK,msa,oklahoma city ok,36420,"Oklahoma City, OK",current_metropolitan_cbsa,exact normalized Census CBSA title match,normalized_title_exact
394936,"Olean, NY",NY,msa,olean ny,36460,"Olean, NY",current_micropolitan_cbsa,exact normalized Census micropolitan title match,normalized_title_exact
394937,"Olympia, WA",WA,msa,olympia wa,36500,"Olympia, WA",historical_or_retired_cbsa,observed in BPS/BLS but not current 2023 CBSA title,legacy_source_title_exact
394938,"Omaha, NE",NE,msa,omaha ne,,,unresolved,no deterministic exact-code or exact-title match,
394939,"Oneonta, NY",NY,msa,oneonta ny,36580,"Oneonta, NY",current_micropolitan_cbsa,exact normalized Census micropolitan title match,normalized_title_exact
394940,"Ontario, OR",OR,msa,ontario or,,,unresolved,no deterministic exact-code or exact-title match,
394941,"Opelousas, LA",LA,msa,opelousas la,36660,"Opelousas, LA",current_micropolitan_cbsa,exact normalized Census micropolitan title match,normalized_title_exact
394942,"Orangeburg, SC",SC,msa,orangeburg sc,36700,"Orangeburg, SC",current_micropolitan_cbsa,exact normalized Census micropolitan title match,normalized_title_exact
394943,"Orlando, FL",FL,msa,orlando fl,36740,"Orlando, FL",historical_or_retired_cbsa,observed in BPS/BLS but not current 2023 CBSA title,legacy_source_title_exact
394944,"Oshkosh, WI",WI,msa,oshkosh wi,,,unresolved,no deterministic exact-code or exact-title match,
394945,"Oskaloosa, IA",IA,msa,oskaloosa ia,36820,"Oskaloosa, IA",current_micropolitan_cbsa,exact normalized Census micropolitan title match,normalized_title_exact
753908,"Othello, WA",WA,msa,othello wa,36830,"Othello, WA",current_micropolitan_cbsa,exact normalized Census micropolitan title match,normalized_title_exact
753909,"Ottawa, KS",KS,msa,ottawa ks,36840,"Ottawa, KS",current_micropolitan_cbsa,exact normalized Census micropolitan title match,normalized_title_exact
394947,"Ottumwa, IA",IA,msa,ottumwa ia,36900,"Ottumwa, IA",current_micropolitan_cbsa,exact normalized Census micropolitan title match,normalized_title_exact
394948,"Owatonna, MN",MN,msa,owatonna mn,36940,"Owatonna, MN",current_micropolitan_cbsa,exact normalized Census micropolitan title match,normalized_title_exact
394949,"Owensboro, KY",KY,msa,owensboro ky,36980,"Owensboro, KY",current_metropolitan_cbsa,exact normalized Census CBSA title match,normalized_title_exact
394951,"Oxford, MS",MS,msa,oxford ms,37060,"Oxford, MS",current_micropolitan_cbsa,exact normalized Census micropolitan title match,normalized_title_exact
394952,"Oxnard, CA",CA,msa,oxnard ca,,,unresolved,no deterministic exact-code or exact-title match,
753911,"Ozark, AL",AL,msa,ozark al,37120,"Ozark, AL",current_micropolitan_cbsa,exact normalized Census micropolitan title match,normalized_title_exact
394953,"Paducah, KY",KY,msa,paducah ky,,,unresolved,no deterministic exact-code or exact-title match,
394954,"Pahrump, NV",NV,msa,pahrump nv,37220,"Pahrump, NV",current_micropolitan_cbsa,exact normalized Census micropolitan title match,normalized_title_exact
394955,"Palatka, FL",FL,msa,palatka fl,37260,"Palatka, FL",current_micropolitan_cbsa,exact normalized Census micropolitan title match,normalized_title_exact
394956,"Palestine, TX",TX,msa,palestine tx,37300,"Palestine, TX",current_micropolitan_cbsa,exact normalized Census micropolitan title match,normalized_title_exact
394957,"Palm Bay, FL",FL,msa,palm bay fl,,,unresolved,no deterministic exact-code or exact-title match,
394959,"Pampa, TX",TX,msa,pampa tx,37420,"Pampa, TX",current_micropolitan_cbsa,exact normalized Census micropolitan title match,normalized_title_exact
394960,"Panama City, FL",FL,msa,panama city fl,37460,"Panama City, FL",historical_or_retired_cbsa,observed in BPS/BLS but not current 2023 CBSA title,legacy_source_title_exact
394961,"Paragould, AR",AR,msa,paragould ar,37500,"Paragould, AR",current_micropolitan_cbsa,exact normalized Census micropolitan title match,normalized_title_exact
394962,"Paris, TN",TN,msa,paris tn,37540,"Paris, TN",current_micropolitan_cbsa,exact normalized Census micropolitan title match,normalized_title_exact
394963,"Paris, TX",TX,msa,paris tx,37580,"Paris, TX",current_micropolitan_cbsa,exact normalized Census micropolitan title match,normalized_title_exact
394964,"Parkersburg, WV",WV,msa,parkersburg wv,,,unresolved,no deterministic exact-code or exact-title match,
394965,"Parsons, KS",KS,msa,parsons ks,,,unresolved,no deterministic exact-code or exact-title match,
394967,"Payson, AZ",AZ,msa,payson az,37740,"Payson, AZ",current_micropolitan_cbsa,exact normalized Census micropolitan title match,normalized_title_exact
394968,"Pecos, TX",TX,msa,pecos tx,,,unresolved,no deterministic exact-code or exact-title match,
394971,"Pensacola, FL",FL,msa,pensacola fl,,,unresolved,no deterministic exact-code or exact-title match,
394972,"Peoria, IL",IL,msa,peoria il,37900,"Peoria, IL",current_metropolitan_cbsa,exact normalized Census CBSA title match,normalized_title_exact
394973,"Peru, IN",IN,msa,peru in,37940,"Peru, IN",current_micropolitan_cbsa,exact normalized Census micropolitan title match,normalized_title_exact
394974,"Philadelphia, PA",PA,msa,philadelphia pa,37980,"Philadelphia, PA",metropolitan_division,exact normalized Census metropolitan division title match,division_title_exact
394976,"Phoenix, AZ",AZ,msa,phoenix az,,,unresolved,no deterministic exact-code or exact-title match,
394977,"Picayune, MS",MS,msa,picayune ms,38100,"Picayune, MS",current_micropolitan_cbsa,exact normalized Census micropolitan title match,normalized_title_exact
394979,"Pierre, SD",SD,msa,pierre sd,38180,"Pierre, SD",current_micropolitan_cbsa,exact normalized Census micropolitan title match,normalized_title_exact
394980,"Pine Bluff, AR",AR,msa,pine bluff ar,38220,"Pine Bluff, AR",current_micropolitan_cbsa,exact normalized Census micropolitan title match,normalized_title_exact
753912,"Pinehurst, NC",NC,msa,pinehurst nc,,,unresolved,no deterministic exact-code or exact-title match,
394981,"Pittsburg, KS",KS,msa,pittsburg ks,38260,"Pittsburg, KS",current_micropolitan_cbsa,exact normalized Census micropolitan title match,normalized_title_exact
394982,"Pittsburgh, PA",PA,msa,pittsburgh pa,38300,"Pittsburgh, PA",current_metropolitan_cbsa,exact normalized Census CBSA title match,normalized_title_exact
394983,"Pittsfield, MA",MA,msa,pittsfield ma,38340,"Pittsfield, MA",current_metropolitan_cbsa,exact normalized Census CBSA title match,normalized_title_exact
394984,"Plainview, TX",TX,msa,plainview tx,38380,"Plainview, TX",current_micropolitan_cbsa,exact normalized Census micropolitan title match,normalized_title_exact
394985,"Platteville, WI",WI,msa,platteville wi,38420,"Platteville, WI",current_micropolitan_cbsa,exact normalized Census micropolitan title match,normalized_title_exact
394986,"Plattsburgh, NY",NY,msa,plattsburgh ny,38460,"Plattsburgh, NY",current_micropolitan_cbsa,exact normalized Census micropolitan title match,normalized_title_exact
394987,"Plymouth, IN",IN,msa,plymouth in,38500,"Plymouth, IN",current_micropolitan_cbsa,exact normalized Census micropolitan title match,normalized_title_exact
394988,"Pocatello, ID",ID,msa,pocatello id,38540,"Pocatello, ID",current_metropolitan_cbsa,exact normalized Census CBSA title match,normalized_title_exact
394989,"Point Pleasant, WV",OH,msa,point pleasant wv,,,unresolved,no deterministic exact-code or exact-title match,
394990,"Ponca City, OK",OK,msa,ponca city ok,38620,"Ponca City, OK",current_micropolitan_cbsa,exact normalized Census micropolitan title match,normalized_title_exact
394992,"Pontiac, IL",IL,msa,pontiac il,38700,"Pontiac, IL",current_micropolitan_cbsa,exact normalized Census micropolitan title match,normalized_title_exact
394993,"Poplar Bluff, MO",MO,msa,poplar bluff mo,38740,"Poplar Bluff, MO",current_micropolitan_cbsa,exact normalized Census micropolitan title match,normalized_title_exact
394994,"Port Angeles, WA",WA,msa,port angeles wa,38820,"Port Angeles, WA",current_micropolitan_cbsa,exact normalized Census micropolitan title match,normalized_title_exact
753914,"Port Lavaca, TX",TX,msa,port lavaca tx,38920,"Port Lavaca, TX",current_micropolitan_cbsa,exact normalized Census micropolitan title match,normalized_title_exact
394995,"Port St. Lucie, FL",FL,msa,port st lucie fl,38940,"Port St. Lucie, FL",current_metropolitan_cbsa,exact normalized Census CBSA title match,normalized_title_exact
394996,"Portales, NM",NM,msa,portales nm,,,unresolved,no deterministic exact-code or exact-title match,
394997,"Portland, ME",ME,msa,portland me,,,unresolved,no deterministic exact-code or exact-title match,
394998,"Portland, OR",OR,msa,portland or,,,unresolved,no deterministic exact-code or exact-title match,
394999,"Portsmouth, OH",OH,msa,portsmouth oh,39020,"Portsmouth, OH",current_micropolitan_cbsa,exact normalized Census micropolitan title match,normalized_title_exact
395000,"Pottsville, PA",PA,msa,pottsville pa,39060,"Pottsville, PA",current_micropolitan_cbsa,exact normalized Census micropolitan title match,normalized_title_exact
395003,"Price, UT",UT,msa,price ut,39220,"Price, UT",current_micropolitan_cbsa,exact normalized Census micropolitan title match,normalized_title_exact
395004,"Prineville, OR",OR,msa,prineville or,,,unresolved,no deterministic exact-code or exact-title match,
395005,"Providence, RI",RI,msa,providence ri,,,unresolved,no deterministic exact-code or exact-title match,
395006,"Provo, UT",UT,msa,provo ut,,,unresolved,no deterministic exact-code or exact-title match,
395007,"Pueblo, CO",CO,msa,pueblo co,39380,"Pueblo, CO",current_metropolitan_cbsa,exact normalized Census CBSA title match,normalized_title_exact
395008,"Pullman, WA",WA,msa,pullman wa,39420,"Pullman, WA",current_micropolitan_cbsa,exact normalized Census micropolitan title match,normalized_title_exact
395009,"Punta Gorda, FL",FL,msa,punta gorda fl,39460,"Punta Gorda, FL",current_metropolitan_cbsa,exact normalized Census CBSA title match,normalized_title_exact
395010,"Quincy, IL",IL,msa,quincy il,,,unresolved,no deterministic exact-code or exact-title match,
395011,"Racine, WI",WI,msa,racine wi,39540,"Racine, WI",historical_or_retired_cbsa,observed in BPS/BLS but not current 2023 CBSA title,legacy_source_title_exact
395012,"Raleigh, NC",NC,msa,raleigh nc,39580,"Raleigh, NC",historical_or_retired_cbsa,observed in BPS/BLS but not current 2023 CBSA title,legacy_source_title_exact
395013,"Rapid City, SD",SD,msa,rapid city sd,39660,"Rapid City, SD",current_metropolitan_cbsa,exact normalized Census CBSA title match,normalized_title_exact
395014,"Raymondville, TX",TX,msa,raymondville tx,39700,"Raymondville, TX",current_micropolitan_cbsa,exact normalized Census micropolitan title match,normalized_title_exact
395015,"Reading, PA",PA,msa,reading pa,39740,"Reading, PA",current_metropolitan_cbsa,exact normalized Census CBSA title match,normalized_title_exact
395016,"Red Bluff, CA",CA,msa,red bluff ca,39780,"Red Bluff, CA",current_micropolitan_cbsa,exact normalized Census micropolitan title match,normalized_title_exact
395017,"Red Wing, MN",MN,msa,red wing mn,39860,"Red Wing, MN",current_micropolitan_cbsa,exact normalized Census micropolitan title match,normalized_title_exact
395018,"Redding, CA",CA,msa,redding ca,39820,"Redding, CA",current_metropolitan_cbsa,exact normalized Census CBSA title match,normalized_title_exact
395019,"Reno, NV",NV,msa,reno nv,39900,"Reno, NV",current_metropolitan_cbsa,exact normalized Census CBSA title match,normalized_title_exact
395020,"Rexburg, ID",ID,msa,rexburg id,39940,"Rexburg, ID",current_micropolitan_cbsa,exact normalized Census micropolitan title match,normalized_title_exact
395021,"Richmond, IN",IN,msa,richmond in,39980,"Richmond, IN",current_micropolitan_cbsa,exact normalized Census micropolitan title match,normalized_title_exact
395023,"Richmond, KY",KY,msa,richmond ky,,,unresolved,no deterministic exact-code or exact-title match,
395022,"Richmond, VA",VA,msa,richmond va,40060,"Richmond, VA",current_metropolitan_cbsa,exact normalized Census CBSA title match,normalized_title_exact
395024,"Rio Grande City, TX",TX,msa,rio grande city tx,,,unresolved,no deterministic exact-code or exact-title match,
395025,"Riverside, CA",CA,msa,riverside ca,,,unresolved,no deterministic exact-code or exact-title match,
395026,"Riverton, WY",WY,msa,riverton wy,40180,"Riverton, WY",current_micropolitan_cbsa,exact normalized Census micropolitan title match,normalized_title_exact
395027,"Roanoke Rapids, NC",NC,msa,roanoke rapids nc,40260,"Roanoke Rapids, NC",current_micropolitan_cbsa,exact normalized Census micropolitan title match,normalized_title_exact
395028,"Roanoke, VA",VA,msa,roanoke va,40220,"Roanoke, VA",current_metropolitan_cbsa,exact normalized Census CBSA title match,normalized_title_exact
395029,"Rochelle, IL",IL,msa,rochelle il,40300,"Rochelle, IL",current_micropolitan_cbsa,exact normalized Census micropolitan title match,normalized_title_exact
395030,"Rochester, MN",MN,msa,rochester mn,40340,"Rochester, MN",current_metropolitan_cbsa,exact normalized Census CBSA title match,normalized_title_exact
395031,"Rochester, NY",NY,msa,rochester ny,40380,"Rochester, NY",current_metropolitan_cbsa,exact normalized Census CBSA title match,normalized_title_exact
395032,"Rock Springs, WY",WY,msa,rock springs wy,40540,"Rock Springs, WY",current_micropolitan_cbsa,exact normalized Census micropolitan title match,normalized_title_exact
395033,"Rockford, IL",IL,msa,rockford il,40420,"Rockford, IL",current_metropolitan_cbsa,exact normalized Census CBSA title match,normalized_title_exact
395034,"Rockingham, NC",NC,msa,rockingham nc,40460,"Rockingham, NC",current_micropolitan_cbsa,exact normalized Census micropolitan title match,normalized_title_exact
395036,"Rocky Mount, NC",NC,msa,rocky mount nc,40580,"Rocky Mount, NC",current_metropolitan_cbsa,exact normalized Census CBSA title match,normalized_title_exact
395037,"Rolla, MO",MO,msa,rolla mo,40620,"Rolla, MO",current_micropolitan_cbsa,exact normalized Census micropolitan title match,normalized_title_exact
395038,"Rome, GA",GA,msa,rome ga,40660,"Rome, GA",current_metropolitan_cbsa,exact normalized Census CBSA title match,normalized_title_exact
395039,"Roseburg, OR",OR,msa,roseburg or,40700,"Roseburg, OR",current_micropolitan_cbsa,exact normalized Census micropolitan title match,normalized_title_exact
395040,"Roswell, NM",NM,msa,roswell nm,40740,"Roswell, NM",current_micropolitan_cbsa,exact normalized Census micropolitan title match,normalized_title_exact
395042,"Russellville, AR",AR,msa,russellville ar,40780,"Russellville, AR",current_micropolitan_cbsa,exact normalized Census micropolitan title match,normalized_title_exact
395043,"Ruston, LA",LA,msa,ruston la,40820,"Ruston, LA",current_micropolitan_cbsa,exact normalized Census micropolitan title match,normalized_title_exact
395044,"Rutland, VT",VT,msa,rutland vt,40860,"Rutland, VT",current_micropolitan_cbsa,exact normalized Census micropolitan title match,normalized_title_exact
395045,"Sacramento, CA",CA,msa,sacramento ca,,,unresolved,no deterministic exact-code or exact-title match,
395046,"Safford, AZ",AZ,msa,safford az,40940,"Safford, AZ",current_micropolitan_cbsa,exact normalized Census micropolitan title match,normalized_title_exact
395047,"Saginaw, MI",MI,msa,saginaw mi,40980,"Saginaw, MI",current_metropolitan_cbsa,exact normalized Census CBSA title match,normalized_title_exact
753915,"Salem, OH",OH,msa,salem oh,41400,"Salem, OH",current_micropolitan_cbsa,exact normalized Census micropolitan title match,normalized_title_exact
395048,"Salem, OR",OR,msa,salem or,41420,"Salem, OR",current_metropolitan_cbsa,exact normalized Census CBSA title match,normalized_title_exact
395049,"Salina, KS",KS,msa,salina ks,41460,"Salina, KS",current_micropolitan_cbsa,exact normalized Census micropolitan title match,normalized_title_exact
395050,"Salinas, CA",CA,msa,salinas ca,41500,"Salinas, CA",current_metropolitan_cbsa,exact normalized Census CBSA title match,normalized_title_exact
395051,"Salisbury, MD",DE,msa,salisbury md,41540,"Salisbury, MD",current_metropolitan_cbsa,exact normalized Census CBSA title match,normalized_title_exact
395053,"Salt Lake City, UT",UT,msa,salt lake city ut,41620,"Salt Lake City, UT",historical_or_retired_cbsa,observed in BPS/BLS but not current 2023 CBSA title,legacy_source_title_exact
395054,"San Angelo, TX",TX,msa,san angelo tx,41660,"San Angelo, TX",current_metropolitan_cbsa,exact normalized Census CBSA title match,normalized_title_exact
395055,"San Antonio, TX",TX,msa,san antonio tx,41700,"San Antonio, TX",historical_or_retired_cbsa,observed in BPS/BLS but not current 2023 CBSA title,legacy_source_title_exact
395056,"San Diego, CA",CA,msa,san diego ca,,,unresolved,no deterministic exact-code or exact-title match,
395057,"San Francisco, CA",CA,msa,san francisco ca,,,unresolved,no deterministic exact-code or exact-title match,
395059,"San Jose, CA",CA,msa,san jose ca,,,unresolved,no deterministic exact-code or exact-title match,
395061,"San Luis Obispo, CA",CA,msa,san luis obispo ca,,,unresolved,no deterministic exact-code or exact-title match,
753916,"Sandpoint, ID",ID,msa,sandpoint id,41760,"Sandpoint, ID",current_micropolitan_cbsa,exact normalized Census micropolitan title match,normalized_title_exact
395062,"Sandusky, OH",OH,msa,sandusky oh,41780,"Sandusky, OH",current_metropolitan_cbsa,exact normalized Census CBSA title match,normalized_title_exact
395063,"Sanford, NC",NC,msa,sanford nc,41820,"Sanford, NC",current_micropolitan_cbsa,exact normalized Census micropolitan title match,normalized_title_exact
395065,"Santa Cruz, CA",CA,msa,santa cruz ca,,,unresolved,no deterministic exact-code or exact-title match,
395066,"Santa Fe, NM",NM,msa,santa fe nm,42140,"Santa Fe, NM",current_metropolitan_cbsa,exact normalized Census CBSA title match,normalized_title_exact
753917,"Santa Maria, CA",CA,msa,santa maria ca,,,unresolved,no deterministic exact-code or exact-title match,
395068,"Santa Rosa, CA",CA,msa,santa rosa ca,42220,"Santa Rosa, CA",historical_or_retired_cbsa,observed in BPS/BLS but not current 2023 CBSA title,legacy_source_title_exact
395069,"Sault Ste. Marie, MI",MI,msa,sault ste marie mi,42300,"Sault Ste. Marie, MI",current_micropolitan_cbsa,exact normalized Census micropolitan title match,normalized_title_exact
395070,"Savannah, GA",GA,msa,savannah ga,42340,"Savannah, GA",current_metropolitan_cbsa,exact normalized Census CBSA title match,normalized_title_exact
395071,"Sayre, PA",PA,msa,sayre pa,42380,"Sayre, PA",current_micropolitan_cbsa,exact normalized Census micropolitan title match,normalized_title_exact
395072,"Scottsbluff, NE",NE,msa,scottsbluff ne,42420,"Scottsbluff, NE",current_micropolitan_cbsa,exact normalized Census micropolitan title match,normalized_title_exact
395073,"Scottsboro, AL",AL,msa,scottsboro al,42460,"Scottsboro, AL",current_micropolitan_cbsa,exact normalized Census micropolitan title match,normalized_title_exact
395075,"Scranton, PA",PA,msa,scranton pa,,,unresolved,no deterministic exact-code or exact-title match,
395077,"Searcy, AR",AR,msa,searcy ar,42620,"Searcy, AR",current_micropolitan_cbsa,exact normalized Census micropolitan title match,normalized_title_exact
395078,"Seattle, WA",WA,msa,seattle wa,,,unresolved,no deterministic exact-code or exact-title match,
395079,"Sebastian, FL",FL,msa,sebastian fl,,,unresolved,no deterministic exact-code or exact-title match,
395080,"Sebring, FL",FL,msa,sebring fl,42700,"Sebring, FL",current_metropolitan_cbsa,exact normalized Census CBSA title match,normalized_title_exact
395081,"Sedalia, MO",MO,msa,sedalia mo,42740,"Sedalia, MO",current_micropolitan_cbsa,exact normalized Census micropolitan title match,normalized_title_exact
395082,"Selinsgrove, PA",PA,msa,selinsgrove pa,42780,"Selinsgrove, PA",current_micropolitan_cbsa,exact normalized Census micropolitan title match,normalized_title_exact
395083,"Selma, AL",AL,msa,selma al,42820,"Selma, AL",current_micropolitan_cbsa,exact normalized Census micropolitan title match,normalized_title_exact
395084,"Seneca Falls, NY",NY,msa,seneca falls ny,42900,"Seneca Falls, NY",current_micropolitan_cbsa,exact normalized Census micropolitan title match,normalized_title_exact
395085,"Seneca, SC",SC,msa,seneca sc,42860,"Seneca, SC",current_micropolitan_cbsa,exact normalized Census micropolitan title match,normalized_title_exact
395086,"Sevierville, TN",TN,msa,sevierville tn,42940,"Sevierville, TN",current_micropolitan_cbsa,exact normalized Census micropolitan title match,normalized_title_exact
395087,"Seymour, IN",IN,msa,seymour in,42980,"Seymour, IN",current_micropolitan_cbsa,exact normalized Census micropolitan title match,normalized_title_exact
753918,"Shawano, WI",WI,msa,shawano wi,43020,"Shawano, WI",current_micropolitan_cbsa,exact normalized Census micropolitan title match,normalized_title_exact
395088,"Shawnee, OK",OK,msa,shawnee ok,43060,"Shawnee, OK",current_micropolitan_cbsa,exact normalized Census micropolitan title match,normalized_title_exact
395089,"Sheboygan, WI",WI,msa,sheboygan wi,43100,"Sheboygan, WI",current_metropolitan_cbsa,exact normalized Census CBSA title match,normalized_title_exact
395090,"Shelby, NC",NC,msa,shelby nc,,,unresolved,no deterministic exact-code or exact-title match,
395091,"Shelbyville, TN",TN,msa,shelbyville tn,43180,"Shelbyville, TN",current_micropolitan_cbsa,exact normalized Census micropolitan title match,normalized_title_exact
395092,"Shelton, WA",WA,msa,shelton wa,43220,"Shelton, WA",current_micropolitan_cbsa,exact normalized Census micropolitan title match,normalized_title_exact
395093,"Sheridan, WY",WY,msa,sheridan wy,43260,"Sheridan, WY",current_micropolitan_cbsa,exact normalized Census micropolitan title match,normalized_title_exact
395094,"Sherman, TX",TX,msa,sherman tx,,,unresolved,no deterministic exact-code or exact-title match,
395095,"Show Low, AZ",AZ,msa,show low az,43320,"Show Low, AZ",current_micropolitan_cbsa,exact normalized Census micropolitan title match,normalized_title_exact
395096,"Shreveport, LA",LA,msa,shreveport la,,,unresolved,no deterministic exact-code or exact-title match,
395097,"Sidney, OH",OH,msa,sidney oh,43380,"Sidney, OH",current_micropolitan_cbsa,exact normalized Census micropolitan title match,normalized_title_exact
395098,"Sierra Vista, AZ",AZ,msa,sierra vista az,,,unresolved,no deterministic exact-code or exact-title match,
395099,"Sikeston, MO",MO,msa,sikeston mo,43460,"Sikeston, MO",current_micropolitan_cbsa,exact normalized Census micropolitan title match,normalized_title_exact
395100,"Silver City, NM",NM,msa,silver city nm,43500,"Silver City, NM",current_micropolitan_cbsa,exact normalized Census micropolitan title match,normalized_title_exact
395102,"Sioux City, IA",IA,msa,sioux city ia,,,unresolved,no deterministic exact-code or exact-title match,
395103,"Sioux Falls, SD",SD,msa,sioux falls sd,43620,"Sioux Falls, SD",historical_or_retired_cbsa,observed in BPS/BLS but not current 2023 CBSA title,legacy_source_title_exact
395104,"Snyder, TX",TX,msa,snyder tx,43660,"Snyder, TX",current_micropolitan_cbsa,exact normalized Census micropolitan title match,normalized_title_exact
395105,"Somerset, KY",KY,msa,somerset ky,43700,"Somerset, KY",current_micropolitan_cbsa,exact normalized Census micropolitan title match,normalized_title_exact
395106,"Somerset, PA",PA,msa,somerset pa,43740,"Somerset, PA",current_micropolitan_cbsa,exact normalized Census micropolitan title match,normalized_title_exact
753920,"Sonora, CA",CA,msa,sonora ca,43760,"Sonora, CA",current_micropolitan_cbsa,exact normalized Census micropolitan title match,normalized_title_exact
395107,"South Bend, IN",IN,msa,south bend in,,,unresolved,no deterministic exact-code or exact-title match,
395109,"Spartanburg, SC",SC,msa,spartanburg sc,43900,"Spartanburg, SC",current_metropolitan_cbsa,exact normalized Census CBSA title match,normalized_title_exact
395110,"Spearfish, SD",SD,msa,spearfish sd,43940,"Spearfish, SD",current_micropolitan_cbsa,exact normalized Census micropolitan title match,normalized_title_exact
395111,"Spencer, IA",IA,msa,spencer ia,43980,"Spencer, IA",current_micropolitan_cbsa,exact normalized Census micropolitan title match,normalized_title_exact
395112,"Spirit Lake, IA",IA,msa,spirit lake ia,44020,"Spirit Lake, IA",current_micropolitan_cbsa,exact normalized Census micropolitan title match,normalized_title_exact
395113,"Spokane, WA",WA,msa,spokane wa,44060,"Spokane, WA",historical_or_retired_cbsa,observed in BPS/BLS but not current 2023 CBSA title,legacy_source_title_exact
395114,"Springfield, IL",IL,msa,springfield il,44100,"Springfield, IL",current_metropolitan_cbsa,exact normalized Census CBSA title match,normalized_title_exact
395115,"Springfield, MA",MA,msa,springfield ma,44140,"Springfield, MA",current_metropolitan_cbsa,exact normalized Census CBSA title match,normalized_title_exact
395116,"Springfield, MO",MO,msa,springfield mo,44180,"Springfield, MO",current_metropolitan_cbsa,exact normalized Census CBSA title match,normalized_title_exact
395117,"Springfield, OH",OH,msa,springfield oh,44220,"Springfield, OH",current_metropolitan_cbsa,exact normalized Census CBSA title match,normalized_title_exact
395118,"St. Cloud, MN",MN,msa,st cloud mn,41060,"St. Cloud, MN",current_metropolitan_cbsa,exact normalized Census CBSA title match,normalized_title_exact
395119,"St. George, UT",UT,msa,st george ut,41100,"St. George, UT",current_metropolitan_cbsa,exact normalized Census CBSA title match,normalized_title_exact
395120,"St. Joseph, MO",MO,msa,st joseph mo,,,unresolved,no deterministic exact-code or exact-title match,
395121,"St. Louis, MO",MO,msa,st louis mo,,,unresolved,no deterministic exact-code or exact-title match,
395122,"St. Marys, GA",GA,msa,st marys ga,,,unresolved,no deterministic exact-code or exact-title match,
395124,"Starkville, MS",MS,msa,starkville ms,44260,"Starkville, MS",current_micropolitan_cbsa,exact normalized Census micropolitan title match,normalized_title_exact
395125,"State College, PA",PA,msa,state college pa,44300,"State College, PA",current_metropolitan_cbsa,exact normalized Census CBSA title match,normalized_title_exact
395126,"Statesboro, GA",GA,msa,statesboro ga,44340,"Statesboro, GA",current_micropolitan_cbsa,exact normalized Census micropolitan title match,normalized_title_exact
395128,"Staunton, VA",VA,msa,staunton va,44420,"Staunton, VA",historical_or_retired_cbsa,observed in BPS/BLS but not current 2023 CBSA title,legacy_source_title_exact
753921,"Steamboat Springs, CO",CO,msa,steamboat springs co,44460,"Steamboat Springs, CO",current_micropolitan_cbsa,exact normalized Census micropolitan title match,normalized_title_exact
395129,"Stephenville, TX",TX,msa,stephenville tx,44500,"Stephenville, TX",current_micropolitan_cbsa,exact normalized Census micropolitan title match,normalized_title_exact
395130,"Sterling, CO",CO,msa,sterling co,44540,"Sterling, CO",current_micropolitan_cbsa,exact normalized Census micropolitan title match,normalized_title_exact
395131,"Sterling, IL",IL,msa,sterling il,44580,"Sterling, IL",current_micropolitan_cbsa,exact normalized Census micropolitan title match,normalized_title_exact
395132,"Stevens Point, WI",WI,msa,stevens point wi,,,unresolved,no deterministic exact-code or exact-title match,
395133,"Stillwater, OK",OK,msa,stillwater ok,44660,"Stillwater, OK",current_micropolitan_cbsa,exact normalized Census micropolitan title match,normalized_title_exact
395134,"Stockton, CA",CA,msa,stockton ca,44700,"Stockton, CA",historical_or_retired_cbsa,observed in BPS/BLS but not current 2023 CBSA title,legacy_source_title_exact
395135,"Storm Lake, IA",IA,msa,storm lake ia,44740,"Storm Lake, IA",current_micropolitan_cbsa,exact normalized Census micropolitan title match,normalized_title_exact
395136,"Sturgis, MI",MI,msa,sturgis mi,44780,"Sturgis, MI",current_micropolitan_cbsa,exact normalized Census micropolitan title match,normalized_title_exact
395137,"Sulphur Springs, TX",TX,msa,sulphur springs tx,44860,"Sulphur Springs, TX",current_micropolitan_cbsa,exact normalized Census micropolitan title match,normalized_title_exact
395138,"Summerville, GA",GA,msa,summerville ga,44900,"Summerville, GA",current_micropolitan_cbsa,exact normalized Census micropolitan title match,normalized_title_exact
395139,"Sumter, SC",SC,msa,sumter sc,44940,"Sumter, SC",current_metropolitan_cbsa,exact normalized Census CBSA title match,normalized_title_exact
395140,"Sunbury, PA",PA,msa,sunbury pa,44980,"Sunbury, PA",current_micropolitan_cbsa,exact normalized Census micropolitan title match,normalized_title_exact
395141,"Susanville, CA",CA,msa,susanville ca,45000,"Susanville, CA",current_micropolitan_cbsa,exact normalized Census micropolitan title match,normalized_title_exact
395142,"Sweetwater, TX",TX,msa,sweetwater tx,45020,"Sweetwater, TX",current_micropolitan_cbsa,exact normalized Census micropolitan title match,normalized_title_exact
395143,"Syracuse, NY",NY,msa,syracuse ny,45060,"Syracuse, NY",current_metropolitan_cbsa,exact normalized Census CBSA title match,normalized_title_exact
395144,"Tahlequah, OK",OK,msa,tahlequah ok,45140,"Tahlequah, OK",current_micropolitan_cbsa,exact normalized Census micropolitan title match,normalized_title_exact
395145,"Talladega, AL",AL,msa,talladega al,,,unresolved,no deterministic exact-code or exact-title match,
395146,"Tallahassee, FL",FL,msa,tallahassee fl,45220,"Tallahassee, FL",current_metropolitan_cbsa,exact normalized Census CBSA title match,normalized_title_exact
395148,"Tampa, FL",FL,msa,tampa fl,45300,"Tampa, FL",metropolitan_division,exact normalized Census metropolitan division title match,division_title_exact
395149,"Taos, NM",NM,msa,taos nm,45340,"Taos, NM",current_micropolitan_cbsa,exact normalized Census micropolitan title match,normalized_title_exact
395150,"Taylorville, IL",IL,msa,taylorville il,45380,"Taylorville, IL",current_micropolitan_cbsa,exact normalized Census micropolitan title match,normalized_title_exact
395151,"Terre Haute, IN",IN,msa,terre haute in,45460,"Terre Haute, IN",current_metropolitan_cbsa,exact normalized Census CBSA title match,normalized_title_exact
395152,"Texarkana, TX",TX,msa,texarkana tx,,,unresolved,no deterministic exact-code or exact-title match,
753923,"The Dalles, OR",OR,msa,the dalles or,45520,"The Dalles, OR",current_micropolitan_cbsa,exact normalized Census micropolitan title match,normalized_title_exact
395153,"The Villages, FL",FL,msa,the villages fl,45540,"The Villages, FL",historical_or_retired_cbsa,observed in BPS/BLS but not current 2023 CBSA title,legacy_source_title_exact
395154,"Thomaston, GA",GA,msa,thomaston ga,45580,"Thomaston, GA",current_micropolitan_cbsa,exact normalized Census micropolitan title match,normalized_title_exact
395155,"Thomasville, GA",GA,msa,thomasville ga,45620,"Thomasville, GA",current_micropolitan_cbsa,exact normalized Census micropolitan title match,normalized_title_exact
395157,"Tiffin, OH",OH,msa,tiffin oh,45660,"Tiffin, OH",current_micropolitan_cbsa,exact normalized Census micropolitan title match,normalized_title_exact
395158,"Tifton, GA",GA,msa,tifton ga,45700,"Tifton, GA",current_micropolitan_cbsa,exact normalized Census micropolitan title match,normalized_title_exact
395159,"Toccoa, GA",GA,msa,toccoa ga,45740,"Toccoa, GA",current_micropolitan_cbsa,exact normalized Census micropolitan title match,normalized_title_exact
395160,"Toledo, OH",OH,msa,toledo oh,45780,"Toledo, OH",current_metropolitan_cbsa,exact normalized Census CBSA title match,normalized_title_exact
395161,"Topeka, KS",KS,msa,topeka ks,45820,"Topeka, KS",current_metropolitan_cbsa,exact normalized Census CBSA title match,normalized_title_exact
395162,"Torrington, CT",CT,msa,torrington ct,45860,"Torrington, CT",current_micropolitan_cbsa,exact normalized Census micropolitan title match,normalized_title_exact
395163,"Traverse City, MI",MI,msa,traverse city mi,45900,"Traverse City, MI",current_metropolitan_cbsa,exact normalized Census CBSA title match,normalized_title_exact
395164,"Trenton, NJ",NJ,msa,trenton nj,45940,"Trenton, NJ",historical_or_retired_cbsa,observed in BPS/BLS but not current 2023 CBSA title,legacy_source_title_exact
395165,"Troy, AL",AL,msa,troy al,45980,"Troy, AL",current_micropolitan_cbsa,exact normalized Census micropolitan title match,normalized_title_exact
395166,"Truckee, CA",CA,msa,truckee ca,,,unresolved,no deterministic exact-code or exact-title match,
395167,"Tucson, AZ",AZ,msa,tucson az,46060,"Tucson, AZ",current_metropolitan_cbsa,exact normalized Census CBSA title match,normalized_title_exact
395168,"Tullahoma, TN",TN,msa,tullahoma tn,,,unresolved,no deterministic exact-code or exact-title match,
395169,"Tulsa, OK",OK,msa,tulsa ok,46140,"Tulsa, OK",current_metropolitan_cbsa,exact normalized Census CBSA title match,normalized_title_exact
395170,"Tupelo, MS",MS,msa,tupelo ms,46180,"Tupelo, MS",current_micropolitan_cbsa,exact normalized Census micropolitan title match,normalized_title_exact
395171,"Tuscaloosa, AL",AL,msa,tuscaloosa al,46220,"Tuscaloosa, AL",current_metropolitan_cbsa,exact normalized Census CBSA title match,normalized_title_exact
395173,"Twin Falls, ID",ID,msa,twin falls id,46300,"Twin Falls, ID",current_metropolitan_cbsa,exact normalized Census CBSA title match,normalized_title_exact
395174,"Tyler, TX",TX,msa,tyler tx,46340,"Tyler, TX",current_metropolitan_cbsa,exact normalized Census CBSA title match,normalized_title_exact
395175,"Ukiah, CA",CA,msa,ukiah ca,46380,"Ukiah, CA",current_micropolitan_cbsa,exact normalized Census micropolitan title match,normalized_title_exact
395176,"Union City, TN",TN,msa,union city tn,46460,"Union City, TN",current_micropolitan_cbsa,exact normalized Census micropolitan title match,normalized_title_exact
753924,"Urban Honolulu, HI",HI,msa,urban honolulu hi,46520,"Urban Honolulu, HI",current_metropolitan_cbsa,exact normalized Census CBSA title match,normalized_title_exact
395178,"Urbana, OH",OH,msa,urbana oh,46500,"Urbana, OH",current_micropolitan_cbsa,exact normalized Census micropolitan title match,normalized_title_exact
395179,"Utica, NY",NY,msa,utica ny,,,unresolved,no deterministic exact-code or exact-title match,
395181,"Uvalde, TX",TX,msa,uvalde tx,46620,"Uvalde, TX",current_micropolitan_cbsa,exact normalized Census micropolitan title match,normalized_title_exact
395182,"Valdosta, GA",GA,msa,valdosta ga,46660,"Valdosta, GA",current_metropolitan_cbsa,exact normalized Census CBSA title match,normalized_title_exact
395183,"Vallejo, CA",CA,msa,vallejo ca,46700,"Vallejo, CA",current_metropolitan_cbsa,exact normalized Census CBSA title match,normalized_title_exact
395185,"Van Wert, OH",OH,msa,van wert oh,46780,"Van Wert, OH",current_micropolitan_cbsa,exact normalized Census micropolitan title match,normalized_title_exact
395186,"Vermillion, SD",SD,msa,vermillion sd,46820,"Vermillion, SD",current_micropolitan_cbsa,exact normalized Census micropolitan title match,normalized_title_exact
395187,"Vernal, UT",UT,msa,vernal ut,46860,"Vernal, UT",current_micropolitan_cbsa,exact normalized Census micropolitan title match,normalized_title_exact
395188,"Vernon, TX",TX,msa,vernon tx,46900,"Vernon, TX",current_micropolitan_cbsa,exact normalized Census micropolitan title match,normalized_title_exact
395189,"Vicksburg, MS",MS,msa,vicksburg ms,46980,"Vicksburg, MS",current_micropolitan_cbsa,exact normalized Census micropolitan title match,normalized_title_exact
395190,"Victoria, TX",TX,msa,victoria tx,47020,"Victoria, TX",current_metropolitan_cbsa,exact normalized Census CBSA title match,normalized_title_exact
395191,"Vidalia, GA",GA,msa,vidalia ga,47080,"Vidalia, GA",current_micropolitan_cbsa,exact normalized Census micropolitan title match,normalized_title_exact
395192,"Vincennes, IN",IN,msa,vincennes in,47180,"Vincennes, IN",current_micropolitan_cbsa,exact normalized Census micropolitan title match,normalized_title_exact
395193,"Vineland, NJ",NJ,msa,vineland nj,47220,"Vineland, NJ",current_metropolitan_cbsa,exact normalized Census CBSA title match,normalized_title_exact
753925,"Vineyard Haven, MA",MA,msa,vineyard haven ma,47240,"Vineyard Haven, MA",current_micropolitan_cbsa,exact normalized Census micropolitan title match,normalized_title_exact
395194,"Virginia Beach, VA",VA,msa,virginia beach va,,,unresolved,no deterministic exact-code or exact-title match,
395195,"Visalia, CA",CA,msa,visalia ca,47300,"Visalia, CA",current_metropolitan_cbsa,exact normalized Census CBSA title match,normalized_title_exact
395196,"Wabash, IN",IN,msa,wabash in,47340,"Wabash, IN",current_micropolitan_cbsa,exact normalized Census micropolitan title match,normalized_title_exact
395197,"Waco, TX",TX,msa,waco tx,47380,"Waco, TX",current_metropolitan_cbsa,exact normalized Census CBSA title match,normalized_title_exact
395198,"Wahpeton, ND",ND,msa,wahpeton nd,,,unresolved,no deterministic exact-code or exact-title match,
395199,"Walla Walla, WA",WA,msa,walla walla wa,47460,"Walla Walla, WA",current_metropolitan_cbsa,exact normalized Census CBSA title match,normalized_title_exact
395201,"Wapakoneta, OH",OH,msa,wapakoneta oh,47540,"Wapakoneta, OH",current_micropolitan_cbsa,exact normalized Census micropolitan title match,normalized_title_exact
395202,"Warner Robins, GA",GA,msa,warner robins ga,47580,"Warner Robins, GA",current_metropolitan_cbsa,exact normalized Census CBSA title match,normalized_title_exact
395203,"Warren, PA",PA,msa,warren pa,47620,"Warren, PA",current_micropolitan_cbsa,exact normalized Census micropolitan title match,normalized_title_exact
395204,"Warrensburg, MO",MO,msa,warrensburg mo,47660,"Warrensburg, MO",current_micropolitan_cbsa,exact normalized Census micropolitan title match,normalized_title_exact
395205,"Warsaw, IN",IN,msa,warsaw in,47700,"Warsaw, IN",current_micropolitan_cbsa,exact normalized Census micropolitan title match,normalized_title_exact
395206,"Washington Court House, OH",OH,msa,washington court house oh,47920,"Washington Court House, OH",current_micropolitan_cbsa,exact normalized Census micropolitan title match,normalized_title_exact
395209,"Washington, DC",VA,msa,washington dc,,,unresolved,no deterministic exact-code or exact-title match,
395207,"Washington, IN",IN,msa,washington in,47780,"Washington, IN",current_micropolitan_cbsa,exact normalized Census micropolitan title match,normalized_title_exact
395208,"Washington, NC",NC,msa,washington nc,47820,"Washington, NC",current_micropolitan_cbsa,exact normalized Census micropolitan title match,normalized_title_exact
395210,"Waterloo, IA",IA,msa,waterloo ia,,,unresolved,no deterministic exact-code or exact-title match,
395213,"Watertown, NY",NY,msa,watertown ny,,,unresolved,no deterministic exact-code or exact-title match,
395211,"Watertown, SD",SD,msa,watertown sd,47980,"Watertown, SD",current_micropolitan_cbsa,exact normalized Census micropolitan title match,normalized_title_exact
395212,"Watertown, WI",WI,msa,watertown wi,,,unresolved,no deterministic exact-code or exact-title match,
395214,"Wauchula, FL",FL,msa,wauchula fl,,,unresolved,no deterministic exact-code or exact-title match,
395215,"Wausau, WI",WI,msa,wausau wi,48140,"Wausau, WI",current_metropolitan_cbsa,exact normalized Census CBSA title match,normalized_title_exact
395216,"Waycross, GA",GA,msa,waycross ga,48180,"Waycross, GA",current_micropolitan_cbsa,exact normalized Census micropolitan title match,normalized_title_exact
753926,"Weatherford, OK",OK,msa,weatherford ok,48220,"Weatherford, OK",current_micropolitan_cbsa,exact normalized Census micropolitan title match,normalized_title_exact
395217,"Weirton, WV",OH,msa,weirton wv,,,unresolved,no deterministic exact-code or exact-title match,
395218,"Wenatchee, WA",WA,msa,wenatchee wa,48300,"Wenatchee, WA",historical_or_retired_cbsa,observed in BPS/BLS but not current 2023 CBSA title,legacy_source_title_exact
395219,"West Plains, MO",MO,msa,west plains mo,48460,"West Plains, MO",current_micropolitan_cbsa,exact normalized Census micropolitan title match,normalized_title_exact
395221,"Wheeling, WV",OH,msa,wheeling wv,,,unresolved,no deterministic exact-code or exact-title match,
395222,"Whitewater, WI",WI,msa,whitewater wi,,,unresolved,no deterministic exact-code or exact-title match,
395223,"Wichita Falls, TX",TX,msa,wichita falls tx,48660,"Wichita Falls, TX",current_metropolitan_cbsa,exact normalized Census CBSA title match,normalized_title_exact
395224,"Wichita, KS",KS,msa,wichita ks,48620,"Wichita, KS",current_metropolitan_cbsa,exact normalized Census CBSA title match,normalized_title_exact
395225,"Williamsport, PA",PA,msa,williamsport pa,48700,"Williamsport, PA",current_metropolitan_cbsa,exact normalized Census CBSA title match,normalized_title_exact
395227,"Williston, ND",ND,msa,williston nd,48780,"Williston, ND",current_micropolitan_cbsa,exact normalized Census micropolitan title match,normalized_title_exact
395228,"Willmar, MN",MN,msa,willmar mn,48820,"Willmar, MN",current_micropolitan_cbsa,exact normalized Census micropolitan title match,normalized_title_exact
395229,"Wilmington, NC",NC,msa,wilmington nc,48900,"Wilmington, NC",current_metropolitan_cbsa,exact normalized Census CBSA title match,normalized_title_exact
395230,"Wilmington, OH",OH,msa,wilmington oh,48940,"Wilmington, OH",current_micropolitan_cbsa,exact normalized Census micropolitan title match,normalized_title_exact
395231,"Wilson, NC",NC,msa,wilson nc,48980,"Wilson, NC",current_micropolitan_cbsa,exact normalized Census micropolitan title match,normalized_title_exact
395232,"Winchester, VA",VA,msa,winchester va,,,unresolved,no deterministic exact-code or exact-title match,
753927,"Winnemucca, NV",NV,msa,winnemucca nv,49080,"Winnemucca, NV",current_micropolitan_cbsa,exact normalized Census micropolitan title match,normalized_title_exact
395234,"Winona, MN",MN,msa,winona mn,49100,"Winona, MN",current_micropolitan_cbsa,exact normalized Census micropolitan title match,normalized_title_exact
395235,"Winston, NC",NC,msa,winston nc,,,unresolved,no deterministic exact-code or exact-title match,
753928,"Wisconsin Rapids, WI",WI,msa,wisconsin rapids wi,,,unresolved,no deterministic exact-code or exact-title match,
395236,"Woodward, OK",OK,msa,woodward ok,49260,"Woodward, OK",current_micropolitan_cbsa,exact normalized Census micropolitan title match,normalized_title_exact
395238,"Worcester, MA",MA,msa,worcester ma,49340,"Worcester, MA",current_metropolitan_cbsa,exact normalized Census CBSA title match,normalized_title_exact
395239,"Worthington, MN",MN,msa,worthington mn,49380,"Worthington, MN",current_micropolitan_cbsa,exact normalized Census micropolitan title match,normalized_title_exact
395240,"Yakima, WA",WA,msa,yakima wa,49420,"Yakima, WA",current_metropolitan_cbsa,exact normalized Census CBSA title match,normalized_title_exact
395241,"Yankton, SD",SD,msa,yankton sd,49460,"Yankton, SD",current_micropolitan_cbsa,exact normalized Census micropolitan title match,normalized_title_exact
395244,"York, PA",PA,msa,york pa,,,unresolved,no deterministic exact-code or exact-title match,
395245,"Youngstown, OH",OH,msa,youngstown oh,,,unresolved,no deterministic exact-code or exact-title match,
395246,"Yuba City, CA",CA,msa,yuba city ca,49700,"Yuba City, CA",current_metropolitan_cbsa,exact normalized Census CBSA title match,normalized_title_exact
395247,"Yuma, AZ",AZ,msa,yuma az,49740,"Yuma, AZ",current_metropolitan_cbsa,exact normalized Census CBSA title match,normalized_title_exact
395248,"Zanesville, OH",OH,msa,zanesville oh,49780,"Zanesville, OH",current_micropolitan_cbsa,exact normalized Census micropolitan title match,normalized_title_exact
753929,"Zapata, TX",TX,msa,zapata tx,49820,"Zapata, TX",current_micropolitan_cbsa,exact normalized Census micropolitan title match,normalized_title_exact
