agency,dataset,official_source_page,url,local_path,status,size,sha256,seasonal_adjustment_status,error
U.S. Bureau of Labor Statistics,LAUS smoothed seasonally adjusted metro Table 1,https://www.bls.gov/lau/metrossa.htm,https://www.bls.gov/web/metro/ssamatab1.txt,D:\Programming\Dynamic Paper-dlrhcs_replication\outputs\empirical\unemployment\raw_sa_pilot\raw\bls_laus\ssamatab1.txt,accepted-existing,29196525,83424ee6ed54ad7b9b58e1e67879233f714c9967ab180f948378eecff6bb5b2b,official smoothed seasonally adjusted; no local adjustment,
U.S. Bureau of Labor Statistics,CES/SAE area metadata,https://www.bls.gov/sae/,https://download.bls.gov/pub/time.series/SM/sm.area,D:\Programming\Dynamic Paper-dlrhcs_replication\outputs\empirical\unemployment\raw_sa_pilot\raw\bls_ces\sm.area,accepted-existing,12644,357930421d05d7883c8ddb7657d0046e55e10e48840de2cb63e106d2d66e5649,metadata-defined,
U.S. Bureau of Labor Statistics,CES/SAE seasonal metadata,https://www.bls.gov/sae/,https://download.bls.gov/pub/time.series/SM/sm.seasonal,D:\Programming\Dynamic Paper-dlrhcs_replication\outputs\empirical\unemployment\raw_sa_pilot\raw\bls_ces\sm.seasonal,accepted-existing,79,801baddf3511b8d9b03c0dbd1a9d9365c668b911a2228c6c594ea8a684ace5d7,metadata-defined,
U.S. Bureau of Labor Statistics,CES/SAE industry metadata,https://www.bls.gov/sae/,https://download.bls.gov/pub/time.series/SM/sm.industry,D:\Programming\Dynamic Paper-dlrhcs_replication\outputs\empirical\unemployment\raw_sa_pilot\raw\bls_ces\sm.industry,accepted-existing,14684,63562d3efc25f54bc6163fc4282df1abb7c0653d24add398a685f3b4e836dbb9,metadata-defined,
U.S. Bureau of Labor Statistics,CES/SAE data-type metadata,https://www.bls.gov/sae/,https://download.bls.gov/pub/time.series/SM/sm.data_type,D:\Programming\Dynamic Paper-dlrhcs_replication\outputs\empirical\unemployment\raw_sa_pilot\raw\bls_ces\sm.data_type,missing-local-cache,,,metadata-defined,missing D:\Programming\Dynamic Paper-dlrhcs_replication\data\zillow\raw\bls_ces\sm.data_type
U.S. Bureau of Labor Statistics,CES/SAE series metadata,https://www.bls.gov/sae/,https://download.bls.gov/pub/time.series/SM/sm.series,D:\Programming\Dynamic Paper-dlrhcs_replication\outputs\empirical\unemployment\raw_sa_pilot\raw\bls_ces\sm.series,accepted-existing,1880196,ec75c6c5e296bd392a492225f3d4b1ef0c6166db7589d8a914f9a0a51bfaf46f,metadata-defined,
U.S. Bureau of Labor Statistics,CES/SAE total-private current data,https://www.bls.gov/sae/,https://download.bls.gov/pub/time.series/SM/sm.data.56.TotalPrivate.Current,D:\Programming\Dynamic Paper-dlrhcs_replication\outputs\empirical\unemployment\raw_sa_pilot\raw\bls_ces\sm.data.56.TotalPrivate.Current,missing-local-cache,,,metadata-defined,missing D:\Programming\Dynamic Paper-dlrhcs_replication\data\zillow\raw\bls_ces\sm.data.56.TotalPrivate.Current
U.S. Census Bureau,BPS monthly MSA/CBSA permits,https://www.census.gov/construction/bps/index.html,repo official raw cache,D:\Programming\Dynamic Paper-dlrhcs_replication\outputs\empirical\unemployment\raw_sa_pilot\raw\census_bps\cbsa2401c.txt,copied-from-repo-official-cache,88064,1385ea3bcded8385effae59f91b9fcddd4a88b0f3397a6c29bffda9825c4c05f,not seasonally adjusted,
U.S. Census Bureau,BPS monthly MSA/CBSA permits,https://www.census.gov/construction/bps/index.html,repo official raw cache,D:\Programming\Dynamic Paper-dlrhcs_replication\outputs\empirical\unemployment\raw_sa_pilot\raw\census_bps\cbsa2402c.txt,copied-from-repo-official-cache,88477,02f7ac54bc504acf3185b7e1784f94b404f9fc9d963665df554cdffab859ec16,not seasonally adjusted,
U.S. Census Bureau,BPS monthly MSA/CBSA permits,https://www.census.gov/construction/bps/index.html,repo official raw cache,D:\Programming\Dynamic Paper-dlrhcs_replication\outputs\empirical\unemployment\raw_sa_pilot\raw\census_bps\cbsa2403c.txt,copied-from-repo-official-cache,89053,5f9a3754b29e0df40fa6eaeeaff4893b28c3b8969e748bde14e956f00393c586,not seasonally adjusted,
U.S. Census Bureau,BPS monthly MSA/CBSA permits,https://www.census.gov/construction/bps/index.html,repo official raw cache,D:\Programming\Dynamic Paper-dlrhcs_replication\outputs\empirical\unemployment\raw_sa_pilot\raw\census_bps\cbsa2404c.txt,copied-from-repo-official-cache,89418,7bc4adf5095353d8ac5994be7a08d83061444dd4d4ec7b5aaf7f435b33e793b7,not seasonally adjusted,
U.S. Census Bureau,BPS monthly MSA/CBSA permits,https://www.census.gov/construction/bps/index.html,repo official raw cache,D:\Programming\Dynamic Paper-dlrhcs_replication\outputs\empirical\unemployment\raw_sa_pilot\raw\census_bps\cbsa2405c.txt,copied-from-repo-official-cache,89672,b8228b4bc8b427ef1bf8350522ad948544832f01ae94ffbc2d85e9fc98df7426,not seasonally adjusted,
U.S. Census Bureau,BPS monthly MSA/CBSA permits,https://www.census.gov/construction/bps/index.html,repo official raw cache,D:\Programming\Dynamic Paper-dlrhcs_replication\outputs\empirical\unemployment\raw_sa_pilot\raw\census_bps\cbsa2406c.txt,copied-from-repo-official-cache,89202,5918292ac2f765e6a3100fec03ed9baf6accccb80d61eed25bc949780afb50f4,not seasonally adjusted,
U.S. Census Bureau,BPS monthly MSA/CBSA permits,https://www.census.gov/construction/bps/index.html,repo official raw cache,D:\Programming\Dynamic Paper-dlrhcs_replication\outputs\empirical\unemployment\raw_sa_pilot\raw\census_bps\cbsa2407c.txt,copied-from-repo-official-cache,89578,19bbc79b72f2300d4acf432e2f2fea39dad32cec23ed44bae4aa3cc60c2913c6,not seasonally adjusted,
U.S. Census Bureau,BPS monthly MSA/CBSA permits,https://www.census.gov/construction/bps/index.html,repo official raw cache,D:\Programming\Dynamic Paper-dlrhcs_replication\outputs\empirical\unemployment\raw_sa_pilot\raw\census_bps\cbsa2408c.txt,copied-from-repo-official-cache,89853,d14b174a813fcfb07a18b446076acfb7450eb98cc584b8ad2662544b4b93b820,not seasonally adjusted,
U.S. Census Bureau,BPS monthly MSA/CBSA permits,https://www.census.gov/construction/bps/index.html,repo official raw cache,D:\Programming\Dynamic Paper-dlrhcs_replication\outputs\empirical\unemployment\raw_sa_pilot\raw\census_bps\cbsa2409c.txt,copied-from-repo-official-cache,89179,c3e27d984981f2346b6326652c69299849f929f8c1c3a83fa636ce351204d62f,not seasonally adjusted,
U.S. Census Bureau,BPS monthly MSA/CBSA permits,https://www.census.gov/construction/bps/index.html,repo official raw cache,D:\Programming\Dynamic Paper-dlrhcs_replication\outputs\empirical\unemployment\raw_sa_pilot\raw\census_bps\cbsa2410c.txt,copied-from-repo-official-cache,89577,71a68a933b2f4a97e58c9c32b613f8e64bd9b6662ccbb3f5107cc8b6c1e04920,not seasonally adjusted,
U.S. Census Bureau,BPS monthly MSA/CBSA permits,https://www.census.gov/construction/bps/index.html,repo official raw cache,D:\Programming\Dynamic Paper-dlrhcs_replication\outputs\empirical\unemployment\raw_sa_pilot\raw\census_bps\cbsa2411c.txt,copied-from-repo-official-cache,88723,5867fdf0d5f5e6f02f6da2e2c8ef57d2b40f75c023b51c66b86019e357da0faf,not seasonally adjusted,
U.S. Census Bureau,BPS monthly MSA/CBSA permits,https://www.census.gov/construction/bps/index.html,repo official raw cache,D:\Programming\Dynamic Paper-dlrhcs_replication\outputs\empirical\unemployment\raw_sa_pilot\raw\census_bps\cbsa2412c.txt,copied-from-repo-official-cache,88445,73fca0e560cd4c3a2295fedd9e3daeeaaefc4d5d15d907c8fad7aac8b8316113,not seasonally adjusted,
U.S. Census Bureau,BPS monthly MSA/CBSA permits,https://www.census.gov/construction/bps/index.html,repo official raw cache,D:\Programming\Dynamic Paper-dlrhcs_replication\outputs\empirical\unemployment\raw_sa_pilot\raw\census_bps\cbsa2501c.txt,copied-from-repo-official-cache,88260,c7f4441804672361c3be38e2f1eb2beb2dc3cf1b8db0fc430b17e9ae263e23a8,not seasonally adjusted,
U.S. Census Bureau,BPS monthly MSA/CBSA permits,https://www.census.gov/construction/bps/index.html,repo official raw cache,D:\Programming\Dynamic Paper-dlrhcs_replication\outputs\empirical\unemployment\raw_sa_pilot\raw\census_bps\cbsa2502c.txt,copied-from-repo-official-cache,88318,5540c5a89383a8e7c8e200540a186ab6fab3c8943304e408b272688e18439be2,not seasonally adjusted,
U.S. Census Bureau,BPS monthly MSA/CBSA permits,https://www.census.gov/construction/bps/index.html,repo official raw cache,D:\Programming\Dynamic Paper-dlrhcs_replication\outputs\empirical\unemployment\raw_sa_pilot\raw\census_bps\cbsa2503c.txt,copied-from-repo-official-cache,89391,a9a6b26c59b8d42a129f101dc815f8f6bfefaa411d1c84837427399a6cfb74bd,not seasonally adjusted,
U.S. Census Bureau,BPS monthly MSA/CBSA permits,https://www.census.gov/construction/bps/index.html,repo official raw cache,D:\Programming\Dynamic Paper-dlrhcs_replication\outputs\empirical\unemployment\raw_sa_pilot\raw\census_bps\cbsa2504c.txt,copied-from-repo-official-cache,89701,06b7b7c747680a788b0a5dcf416582f192b1a9d84e68c7a63130ad9fee46f8fb,not seasonally adjusted,
U.S. Census Bureau,BPS monthly MSA/CBSA permits,https://www.census.gov/construction/bps/index.html,repo official raw cache,D:\Programming\Dynamic Paper-dlrhcs_replication\outputs\empirical\unemployment\raw_sa_pilot\raw\census_bps\cbsa2505c.txt,copied-from-repo-official-cache,89507,1610e89045f37225e96a784b8d0bcb7f329c785861cc8f2aafba8b9d1991fe91,not seasonally adjusted,
U.S. Census Bureau,BPS monthly MSA/CBSA permits,https://www.census.gov/construction/bps/index.html,repo official raw cache,D:\Programming\Dynamic Paper-dlrhcs_replication\outputs\empirical\unemployment\raw_sa_pilot\raw\census_bps\cbsa2506c.txt,copied-from-repo-official-cache,89443,238524283987a98aac7f6582d39e176b37a5a858f4b05a10d0cbdb962458e9fa,not seasonally adjusted,
U.S. Census Bureau,BPS monthly MSA/CBSA permits,https://www.census.gov/construction/bps/index.html,repo official raw cache,D:\Programming\Dynamic Paper-dlrhcs_replication\outputs\empirical\unemployment\raw_sa_pilot\raw\census_bps\cbsa2507c.txt,copied-from-repo-official-cache,89224,46e9926381b1f721c703d7eaa07e5253c07e55f09f939fffbe351375bbcb79a4,not seasonally adjusted,
U.S. Census Bureau,BPS monthly MSA/CBSA permits,https://www.census.gov/construction/bps/index.html,repo official raw cache,D:\Programming\Dynamic Paper-dlrhcs_replication\outputs\empirical\unemployment\raw_sa_pilot\raw\census_bps\cbsa2508c.txt,copied-from-repo-official-cache,89407,26df6b68be3389379842fc93d3e6ec5ae0db731f64b08f6dee6d4cf109df5817,not seasonally adjusted,
U.S. Census Bureau,BPS monthly MSA/CBSA permits,https://www.census.gov/construction/bps/index.html,repo official raw cache,D:\Programming\Dynamic Paper-dlrhcs_replication\outputs\empirical\unemployment\raw_sa_pilot\raw\census_bps\cbsa2509c.txt,copied-from-repo-official-cache,89563,2d126ed4ee9097332ff626482db1f006267a42fcceb8aa7b3a3745df1b847328,not seasonally adjusted,
U.S. Census Bureau,BPS monthly MSA/CBSA permits,https://www.census.gov/construction/bps/index.html,repo official raw cache,D:\Programming\Dynamic Paper-dlrhcs_replication\outputs\empirical\unemployment\raw_sa_pilot\raw\census_bps\cbsa2510c.txt,copied-from-repo-official-cache,89992,cc70382d2e64858ab0e0581be9e0ba099e7e3e556a0277d58ae01303f7b00797,not seasonally adjusted,
U.S. Census Bureau,BPS monthly MSA/CBSA permits,https://www.census.gov/construction/bps/index.html,repo official raw cache,D:\Programming\Dynamic Paper-dlrhcs_replication\outputs\empirical\unemployment\raw_sa_pilot\raw\census_bps\cbsa2511c.txt,copied-from-repo-official-cache,88668,7281e6a94e242f88f383d8a5ade740a2cd0f8f78be6ade680745a58d836638af,not seasonally adjusted,
U.S. Census Bureau,BPS monthly MSA/CBSA permits,https://www.census.gov/construction/bps/index.html,repo official raw cache,D:\Programming\Dynamic Paper-dlrhcs_replication\outputs\empirical\unemployment\raw_sa_pilot\raw\census_bps\cbsa2512c.txt,copied-from-repo-official-cache,88760,7406d4917252185fe1b2106ec41a482cf78bb3cdf2eafb607061cdd306acc96e,not seasonally adjusted,
U.S. Census Bureau,BPS monthly MSA/CBSA permits,https://www.census.gov/construction/bps/index.html,repo official raw cache,D:\Programming\Dynamic Paper-dlrhcs_replication\outputs\empirical\unemployment\raw_sa_pilot\raw\census_bps\cbsa2601c.txt,copied-from-repo-official-cache,88082,0e59c75538fea7fa80f327f5bb7764261915e0cd8218795435f787c43b6e20c7,not seasonally adjusted,
U.S. Census Bureau,BPS monthly MSA/CBSA permits,https://www.census.gov/construction/bps/index.html,repo official raw cache,D:\Programming\Dynamic Paper-dlrhcs_replication\outputs\empirical\unemployment\raw_sa_pilot\raw\census_bps\cbsa2602c.txt,copied-from-repo-official-cache,88375,d87470e9350dcc368f6256fe1de267be7c3bcb417e06c2f7c9f0730d47d1d399,not seasonally adjusted,
U.S. Census Bureau,BPS monthly MSA/CBSA permits,https://www.census.gov/construction/bps/index.html,repo official raw cache,D:\Programming\Dynamic Paper-dlrhcs_replication\outputs\empirical\unemployment\raw_sa_pilot\raw\census_bps\cbsa2603c.txt,copied-from-repo-official-cache,89264,61d301c4b2a6379837f29108a23f13d282939a3c3341e46add513d698cae48df,not seasonally adjusted,
U.S. Census Bureau,BPS monthly MSA/CBSA permits,https://www.census.gov/construction/bps/index.html,repo official raw cache,D:\Programming\Dynamic Paper-dlrhcs_replication\outputs\empirical\unemployment\raw_sa_pilot\raw\census_bps\cbsa2604c.txt,copied-from-repo-official-cache,89694,a14232f714e49d55bfd91df8d39f7a33d2e0a62214ba4fc94792278ec24cf05a,not seasonally adjusted,
U.S. Census Bureau,BPS monthly MSA/CBSA permits,https://www.census.gov/construction/bps/index.html,repo official raw cache,D:\Programming\Dynamic Paper-dlrhcs_replication\outputs\empirical\unemployment\raw_sa_pilot\raw\census_bps\cbsa2605c.txt,copied-from-repo-official-cache,89317,e4160af1aacfb0ea1c4fec860f2f31d4095df9b96adcdf1ec02cebf07c3d23e7,not seasonally adjusted,
U.S. Census Bureau,BPS monthly MSA/CBSA permits,https://www.census.gov/construction/bps/index.html,repo official raw cache,D:\Programming\Dynamic Paper-dlrhcs_replication\outputs\empirical\unemployment\raw_sa_pilot\raw\census_bps\cbsa2606c.txt,copied-from-repo-official-cache,89694,829a11fc0f3fbcfbc252d0cf5ba86558947889f64001afe1a973814110d56029,not seasonally adjusted,
U.S. Census Bureau,BPS monthly MSA/CBSA permits,https://www.census.gov/construction/bps/index.html,repo official raw cache,D:\Programming\Dynamic Paper-dlrhcs_replication\outputs\empirical\unemployment\raw_sa_pilot\raw\census_bps\ma0001c.txt,copied-from-repo-official-cache,38691,0b50ee564ca083a2ff9448ec361b9197d1301f5caeccd98be49022dbf64a7410,not seasonally adjusted,
U.S. Census Bureau,BPS monthly MSA/CBSA permits,https://www.census.gov/construction/bps/index.html,repo official raw cache,D:\Programming\Dynamic Paper-dlrhcs_replication\outputs\empirical\unemployment\raw_sa_pilot\raw\census_bps\ma0002c.txt,copied-from-repo-official-cache,38994,c52444c298d112d7c2f7dccd941a7f490011db630d00a9c85a796f77f4f33fd1,not seasonally adjusted,
U.S. Census Bureau,BPS monthly MSA/CBSA permits,https://www.census.gov/construction/bps/index.html,repo official raw cache,D:\Programming\Dynamic Paper-dlrhcs_replication\outputs\empirical\unemployment\raw_sa_pilot\raw\census_bps\ma0003c.txt,copied-from-repo-official-cache,39586,ad1dd1697bd91c6a081cc05b1e0fe01964a9f8f2586f9c1716f7b73c78888a6a,not seasonally adjusted,
U.S. Census Bureau,BPS monthly MSA/CBSA permits,https://www.census.gov/construction/bps/index.html,repo official raw cache,D:\Programming\Dynamic Paper-dlrhcs_replication\outputs\empirical\unemployment\raw_sa_pilot\raw\census_bps\ma0004c.txt,copied-from-repo-official-cache,39537,1edfc6c7c8694c25b0633173fa27552402022914582324f40c011e645cb2c5df,not seasonally adjusted,
U.S. Census Bureau,BPS monthly MSA/CBSA permits,https://www.census.gov/construction/bps/index.html,repo official raw cache,D:\Programming\Dynamic Paper-dlrhcs_replication\outputs\empirical\unemployment\raw_sa_pilot\raw\census_bps\ma0005c.txt,copied-from-repo-official-cache,39946,e7c4ba696ed6c1c6059aeddbf45e4538d7cefc39e76bff79d1c6db5f8e3223a1,not seasonally adjusted,
U.S. Census Bureau,BPS monthly MSA/CBSA permits,https://www.census.gov/construction/bps/index.html,repo official raw cache,D:\Programming\Dynamic Paper-dlrhcs_replication\outputs\empirical\unemployment\raw_sa_pilot\raw\census_bps\ma0006c.txt,copied-from-repo-official-cache,39953,fbb06c6df1b41d2a3a71c2d249ba69eb9f5abd37caf26e3a150ad444778a6daa,not seasonally adjusted,
U.S. Census Bureau,BPS monthly MSA/CBSA permits,https://www.census.gov/construction/bps/index.html,repo official raw cache,D:\Programming\Dynamic Paper-dlrhcs_replication\outputs\empirical\unemployment\raw_sa_pilot\raw\census_bps\ma0007c.txt,copied-from-repo-official-cache,39433,0ebb01bac3fffa7c47bcd212409fdc512ae11013d1e2616bb5dbf0470fca6363,not seasonally adjusted,
U.S. Census Bureau,BPS monthly MSA/CBSA permits,https://www.census.gov/construction/bps/index.html,repo official raw cache,D:\Programming\Dynamic Paper-dlrhcs_replication\outputs\empirical\unemployment\raw_sa_pilot\raw\census_bps\ma0008c.txt,copied-from-repo-official-cache,39877,1b44010ae18f0bf8c5f5ca45bc0124ec25a4f3d2beac125d1fab115fdb7f6d80,not seasonally adjusted,
U.S. Census Bureau,BPS monthly MSA/CBSA permits,https://www.census.gov/construction/bps/index.html,repo official raw cache,D:\Programming\Dynamic Paper-dlrhcs_replication\outputs\empirical\unemployment\raw_sa_pilot\raw\census_bps\ma0009c.txt,copied-from-repo-official-cache,39665,4ff3d1a467bdab7ad75162151acc171b118581a97907a95d392a1cbed0c462c5,not seasonally adjusted,
U.S. Census Bureau,BPS monthly MSA/CBSA permits,https://www.census.gov/construction/bps/index.html,repo official raw cache,D:\Programming\Dynamic Paper-dlrhcs_replication\outputs\empirical\unemployment\raw_sa_pilot\raw\census_bps\ma0010c.txt,copied-from-repo-official-cache,39745,d0111ee91105f10fe825f6b2c68fcced3b7100f044ccf87f49946cb905a8f3f8,not seasonally adjusted,
U.S. Census Bureau,BPS monthly MSA/CBSA permits,https://www.census.gov/construction/bps/index.html,repo official raw cache,D:\Programming\Dynamic Paper-dlrhcs_replication\outputs\empirical\unemployment\raw_sa_pilot\raw\census_bps\ma0011c.txt,copied-from-repo-official-cache,39513,283b25ce5daff7c4d36ff9e588f0c8ec51893fbae55a93f02db9365fded285cf,not seasonally adjusted,
U.S. Census Bureau,BPS monthly MSA/CBSA permits,https://www.census.gov/construction/bps/index.html,repo official raw cache,D:\Programming\Dynamic Paper-dlrhcs_replication\outputs\empirical\unemployment\raw_sa_pilot\raw\census_bps\ma0012c.txt,copied-from-repo-official-cache,38821,db5e02e9ff64dddc4ff6b1860b88d9877318d0661c383129f4214c82fa22f3fa,not seasonally adjusted,
U.S. Census Bureau,BPS monthly MSA/CBSA permits,https://www.census.gov/construction/bps/index.html,repo official raw cache,D:\Programming\Dynamic Paper-dlrhcs_replication\outputs\empirical\unemployment\raw_sa_pilot\raw\census_bps\ma0101c.txt,copied-from-repo-official-cache,39004,6bffac674b865fc79173fd496c4f93199d002921e91bc90250acb7562d082837,not seasonally adjusted,
U.S. Census Bureau,BPS monthly MSA/CBSA permits,https://www.census.gov/construction/bps/index.html,repo official raw cache,D:\Programming\Dynamic Paper-dlrhcs_replication\outputs\empirical\unemployment\raw_sa_pilot\raw\census_bps\ma0102c.txt,copied-from-repo-official-cache,39068,5c1d41ff6dac9d736706b02d2a413b5297b6c13977d7b7930a51b038725228a5,not seasonally adjusted,
U.S. Census Bureau,BPS monthly MSA/CBSA permits,https://www.census.gov/construction/bps/index.html,repo official raw cache,D:\Programming\Dynamic Paper-dlrhcs_replication\outputs\empirical\unemployment\raw_sa_pilot\raw\census_bps\ma0103c.txt,copied-from-repo-official-cache,39685,136702b216720a5f4d439f3543524fb8e942a66f6d999259a994c0c9652c939c,not seasonally adjusted,
U.S. Census Bureau,BPS monthly MSA/CBSA permits,https://www.census.gov/construction/bps/index.html,repo official raw cache,D:\Programming\Dynamic Paper-dlrhcs_replication\outputs\empirical\unemployment\raw_sa_pilot\raw\census_bps\ma0104c.txt,copied-from-repo-official-cache,39829,6399984270764c05ecd932f8c3fce3bf9b2d1dc27370b7266df31383c5746363,not seasonally adjusted,
U.S. Census Bureau,BPS monthly MSA/CBSA permits,https://www.census.gov/construction/bps/index.html,repo official raw cache,D:\Programming\Dynamic Paper-dlrhcs_replication\outputs\empirical\unemployment\raw_sa_pilot\raw\census_bps\ma0105c.txt,copied-from-repo-official-cache,40017,18f579fb0526fa81a34647fa502e937a50d7fd0f7995c5c1990877de51905243,not seasonally adjusted,
U.S. Census Bureau,BPS monthly MSA/CBSA permits,https://www.census.gov/construction/bps/index.html,repo official raw cache,D:\Programming\Dynamic Paper-dlrhcs_replication\outputs\empirical\unemployment\raw_sa_pilot\raw\census_bps\ma0106c.txt,copied-from-repo-official-cache,39990,142704e5ea767b66612617f8b554de7e57a1d7e10e00ff2788cb09f574a8af09,not seasonally adjusted,
U.S. Census Bureau,BPS monthly MSA/CBSA permits,https://www.census.gov/construction/bps/index.html,repo official raw cache,D:\Programming\Dynamic Paper-dlrhcs_replication\outputs\empirical\unemployment\raw_sa_pilot\raw\census_bps\ma0107c.txt,copied-from-repo-official-cache,39613,9f4fcf3d1c79942fdbeb1d401100c8e89c447146f9cc393d31ea49ba1c0920cb,not seasonally adjusted,
U.S. Census Bureau,BPS monthly MSA/CBSA permits,https://www.census.gov/construction/bps/index.html,repo official raw cache,D:\Programming\Dynamic Paper-dlrhcs_replication\outputs\empirical\unemployment\raw_sa_pilot\raw\census_bps\ma0108c.txt,copied-from-repo-official-cache,39978,d75d0836c21f3024a063141305e5da97fa312c78e80907f87c1dbaa98173c03b,not seasonally adjusted,
U.S. Census Bureau,BPS monthly MSA/CBSA permits,https://www.census.gov/construction/bps/index.html,repo official raw cache,D:\Programming\Dynamic Paper-dlrhcs_replication\outputs\empirical\unemployment\raw_sa_pilot\raw\census_bps\ma0109c.txt,copied-from-repo-official-cache,39429,208c833d9bd27db65c611e649f560b415c3673646bcb5aa031df9ee92aff9775,not seasonally adjusted,
U.S. Census Bureau,BPS monthly MSA/CBSA permits,https://www.census.gov/construction/bps/index.html,repo official raw cache,D:\Programming\Dynamic Paper-dlrhcs_replication\outputs\empirical\unemployment\raw_sa_pilot\raw\census_bps\ma0110c.txt,copied-from-repo-official-cache,39979,fe64b9417d45e149d96f2d1ee0335eb3189b95abbd9bc6e06d143c8e9135d873,not seasonally adjusted,
U.S. Census Bureau,BPS monthly MSA/CBSA permits,https://www.census.gov/construction/bps/index.html,repo official raw cache,D:\Programming\Dynamic Paper-dlrhcs_replication\outputs\empirical\unemployment\raw_sa_pilot\raw\census_bps\ma0111c.txt,copied-from-repo-official-cache,39422,3f2531846544b3c5ebbea0c60b882696d806b46d5c26afba2de51f1ac987c6b0,not seasonally adjusted,
U.S. Census Bureau,BPS monthly MSA/CBSA permits,https://www.census.gov/construction/bps/index.html,repo official raw cache,D:\Programming\Dynamic Paper-dlrhcs_replication\outputs\empirical\unemployment\raw_sa_pilot\raw\census_bps\ma0112c.txt,copied-from-repo-official-cache,39345,7368d2e85f51a37d8b438e8c4bfc54f1bf520c3d54cb8fc10369b29e8042f47d,not seasonally adjusted,
U.S. Census Bureau,BPS monthly MSA/CBSA permits,https://www.census.gov/construction/bps/index.html,repo official raw cache,D:\Programming\Dynamic Paper-dlrhcs_replication\outputs\empirical\unemployment\raw_sa_pilot\raw\census_bps\ma0201c.txt,copied-from-repo-official-cache,39348,8524193d6c2edc88067897d9d988c191652b650bf2ff6e7e719e967859fcb821,not seasonally adjusted,
U.S. Census Bureau,BPS monthly MSA/CBSA permits,https://www.census.gov/construction/bps/index.html,repo official raw cache,D:\Programming\Dynamic Paper-dlrhcs_replication\outputs\empirical\unemployment\raw_sa_pilot\raw\census_bps\ma0202c.txt,copied-from-repo-official-cache,39616,d04777519e2234ae06707cbc81846106b98f6ea4d2a930a66f5f1948ab729414,not seasonally adjusted,
U.S. Census Bureau,BPS monthly MSA/CBSA permits,https://www.census.gov/construction/bps/index.html,repo official raw cache,D:\Programming\Dynamic Paper-dlrhcs_replication\outputs\empirical\unemployment\raw_sa_pilot\raw\census_bps\ma0203c.txt,copied-from-repo-official-cache,39871,dddea6546f9dd9193c360be5600f0ebec1d4ded1da3a8ba55fcc0a58ce3b5bbd,not seasonally adjusted,
U.S. Census Bureau,BPS monthly MSA/CBSA permits,https://www.census.gov/construction/bps/index.html,repo official raw cache,D:\Programming\Dynamic Paper-dlrhcs_replication\outputs\empirical\unemployment\raw_sa_pilot\raw\census_bps\ma0204c.txt,copied-from-repo-official-cache,40126,8c67268381938ef219556ccd3ff4be8c60bad5763ae36cb718e8f8e29872c36b,not seasonally adjusted,
U.S. Census Bureau,BPS monthly MSA/CBSA permits,https://www.census.gov/construction/bps/index.html,repo official raw cache,D:\Programming\Dynamic Paper-dlrhcs_replication\outputs\empirical\unemployment\raw_sa_pilot\raw\census_bps\ma0205c.txt,copied-from-repo-official-cache,40265,80760cca315dfcf52328ce3ccd715a0f1800b7c9bf3e59e383503508c3b8e567,not seasonally adjusted,
U.S. Census Bureau,BPS monthly MSA/CBSA permits,https://www.census.gov/construction/bps/index.html,repo official raw cache,D:\Programming\Dynamic Paper-dlrhcs_replication\outputs\empirical\unemployment\raw_sa_pilot\raw\census_bps\ma0206c.txt,copied-from-repo-official-cache,40148,48addb19709b8657d2e1fb6d2123db5e9b46175697afe861e4d1aa26d3ae1996,not seasonally adjusted,
U.S. Census Bureau,BPS monthly MSA/CBSA permits,https://www.census.gov/construction/bps/index.html,repo official raw cache,D:\Programming\Dynamic Paper-dlrhcs_replication\outputs\empirical\unemployment\raw_sa_pilot\raw\census_bps\ma0207c.txt,copied-from-repo-official-cache,40221,3154481905e61fccd4735e993d2fffabb5ae01ba20a366333261fa35fdbc8f81,not seasonally adjusted,
U.S. Census Bureau,BPS monthly MSA/CBSA permits,https://www.census.gov/construction/bps/index.html,repo official raw cache,D:\Programming\Dynamic Paper-dlrhcs_replication\outputs\empirical\unemployment\raw_sa_pilot\raw\census_bps\ma0208c.txt,copied-from-repo-official-cache,40171,5e040a93f4ef9d744c986e36332b850ac58ae4aa252661810fae396b15add6fc,not seasonally adjusted,
U.S. Census Bureau,BPS monthly MSA/CBSA permits,https://www.census.gov/construction/bps/index.html,repo official raw cache,D:\Programming\Dynamic Paper-dlrhcs_replication\outputs\empirical\unemployment\raw_sa_pilot\raw\census_bps\ma0209c.txt,copied-from-repo-official-cache,40065,24d8408414cde59548dd9f965f4472e11e71c51fd12e2bb97fe2f4be54ca7c1a,not seasonally adjusted,
U.S. Census Bureau,BPS monthly MSA/CBSA permits,https://www.census.gov/construction/bps/index.html,repo official raw cache,D:\Programming\Dynamic Paper-dlrhcs_replication\outputs\empirical\unemployment\raw_sa_pilot\raw\census_bps\ma0210c.txt,copied-from-repo-official-cache,40436,aa58238bf08862f4eb879101266ea99ed665135e93696c190cf27bebc48c0767,not seasonally adjusted,
U.S. Census Bureau,BPS monthly MSA/CBSA permits,https://www.census.gov/construction/bps/index.html,repo official raw cache,D:\Programming\Dynamic Paper-dlrhcs_replication\outputs\empirical\unemployment\raw_sa_pilot\raw\census_bps\ma0211c.txt,copied-from-repo-official-cache,39581,0390b28d229f4e62ba28b74aac64f95c26fafa0d19a23305e703d7f2aa4001eb,not seasonally adjusted,
U.S. Census Bureau,BPS monthly MSA/CBSA permits,https://www.census.gov/construction/bps/index.html,repo official raw cache,D:\Programming\Dynamic Paper-dlrhcs_replication\outputs\empirical\unemployment\raw_sa_pilot\raw\census_bps\ma0212c.txt,copied-from-repo-official-cache,39855,7fcb1eced3480b7323d2d16a25d1f26d42b4e84963f1f7610bdcabb6ea2c6f72,not seasonally adjusted,
U.S. Census Bureau,BPS monthly MSA/CBSA permits,https://www.census.gov/construction/bps/index.html,repo official raw cache,D:\Programming\Dynamic Paper-dlrhcs_replication\outputs\empirical\unemployment\raw_sa_pilot\raw\census_bps\ma0301c.txt,copied-from-repo-official-cache,39387,f25b7242a1b8593d7ffd0fdbc13b08d0e6f08b697dae03b78949723f66deaf0d,not seasonally adjusted,
U.S. Census Bureau,BPS monthly MSA/CBSA permits,https://www.census.gov/construction/bps/index.html,repo official raw cache,D:\Programming\Dynamic Paper-dlrhcs_replication\outputs\empirical\unemployment\raw_sa_pilot\raw\census_bps\ma0302c.txt,copied-from-repo-official-cache,39432,b666d10a2e05eedf3f38d664aa11ca61edddb56330629d9cab1e1390c5cae3ef,not seasonally adjusted,
U.S. Census Bureau,BPS monthly MSA/CBSA permits,https://www.census.gov/construction/bps/index.html,repo official raw cache,D:\Programming\Dynamic Paper-dlrhcs_replication\outputs\empirical\unemployment\raw_sa_pilot\raw\census_bps\ma0303c.txt,copied-from-repo-official-cache,39979,79eb194c92480fda6b73f3765c4ff7e9bb84ddd39956f3c4e402d5ecb4fb13ab,not seasonally adjusted,
U.S. Census Bureau,BPS monthly MSA/CBSA permits,https://www.census.gov/construction/bps/index.html,repo official raw cache,D:\Programming\Dynamic Paper-dlrhcs_replication\outputs\empirical\unemployment\raw_sa_pilot\raw\census_bps\ma0304c.txt,copied-from-repo-official-cache,40354,b04b2dc359f18e8b56faebe0f79971049db63b3a56d9e7ea50815e6843f88394,not seasonally adjusted,
U.S. Census Bureau,BPS monthly MSA/CBSA permits,https://www.census.gov/construction/bps/index.html,repo official raw cache,D:\Programming\Dynamic Paper-dlrhcs_replication\outputs\empirical\unemployment\raw_sa_pilot\raw\census_bps\ma0305c.txt,copied-from-repo-official-cache,40463,fee5b4b3be092fd79594f5cfd29d9de356fed0d84ec6343482d9ad075b8d29e3,not seasonally adjusted,
U.S. Census Bureau,BPS monthly MSA/CBSA permits,https://www.census.gov/construction/bps/index.html,repo official raw cache,D:\Programming\Dynamic Paper-dlrhcs_replication\outputs\empirical\unemployment\raw_sa_pilot\raw\census_bps\ma0306c.txt,copied-from-repo-official-cache,40406,8cd9410a5937c602426133a34e327ad103c6489a567141862e3249efd43a38e2,not seasonally adjusted,
U.S. Census Bureau,BPS monthly MSA/CBSA permits,https://www.census.gov/construction/bps/index.html,repo official raw cache,D:\Programming\Dynamic Paper-dlrhcs_replication\outputs\empirical\unemployment\raw_sa_pilot\raw\census_bps\ma0307c.txt,copied-from-repo-official-cache,40307,8c7ea5c1cac379c665b31c806af114a603d229e4ef7e920f80ae0f5c7c85ab18,not seasonally adjusted,
U.S. Census Bureau,BPS monthly MSA/CBSA permits,https://www.census.gov/construction/bps/index.html,repo official raw cache,D:\Programming\Dynamic Paper-dlrhcs_replication\outputs\empirical\unemployment\raw_sa_pilot\raw\census_bps\ma0308c.txt,copied-from-repo-official-cache,40367,bc1357d64a39d48a175b9632e38daac4ac8a6496f97f551a393843d8de41cfcf,not seasonally adjusted,
U.S. Census Bureau,BPS monthly MSA/CBSA permits,https://www.census.gov/construction/bps/index.html,repo official raw cache,D:\Programming\Dynamic Paper-dlrhcs_replication\outputs\empirical\unemployment\raw_sa_pilot\raw\census_bps\ma0309c.txt,copied-from-repo-official-cache,40429,743bbe6d4861f958078747d9b0d0acd0a8e66c36105009b5af95ea079f7a4c2d,not seasonally adjusted,
U.S. Census Bureau,BPS monthly MSA/CBSA permits,https://www.census.gov/construction/bps/index.html,repo official raw cache,D:\Programming\Dynamic Paper-dlrhcs_replication\outputs\empirical\unemployment\raw_sa_pilot\raw\census_bps\ma0310c.txt,copied-from-repo-official-cache,40705,cec2c352c856a27c18843c1bfae3984dc491cacb1d632091c0293059ca2713bb,not seasonally adjusted,
U.S. Census Bureau,BPS monthly MSA/CBSA permits,https://www.census.gov/construction/bps/index.html,repo official raw cache,D:\Programming\Dynamic Paper-dlrhcs_replication\outputs\empirical\unemployment\raw_sa_pilot\raw\census_bps\ma0311c.txt,copied-from-repo-official-cache,39801,ab22ea80fe57ab5e82f8605e6e7cf06f7c28161e05f399198fb7847143e8d248,not seasonally adjusted,
U.S. Census Bureau,BPS monthly MSA/CBSA permits,https://www.census.gov/construction/bps/index.html,repo official raw cache,D:\Programming\Dynamic Paper-dlrhcs_replication\outputs\empirical\unemployment\raw_sa_pilot\raw\census_bps\ma0312c.txt,copied-from-repo-official-cache,40070,94521ece175f2e90a0ff59521d24f34e6747f0244995b5d45d902091774e7801,not seasonally adjusted,
U.S. Census Bureau,BPS monthly MSA/CBSA permits,https://www.census.gov/construction/bps/index.html,repo official raw cache,D:\Programming\Dynamic Paper-dlrhcs_replication\outputs\empirical\unemployment\raw_sa_pilot\raw\census_bps\ma0401c.txt,copied-from-repo-official-cache,39588,323a93cc2e173c2783ff25320243324482ea34eeabb4fbbcfcc37d1c5758b05f,not seasonally adjusted,
U.S. Census Bureau,BPS monthly MSA/CBSA permits,https://www.census.gov/construction/bps/index.html,repo official raw cache,D:\Programming\Dynamic Paper-dlrhcs_replication\outputs\empirical\unemployment\raw_sa_pilot\raw\census_bps\ma0402c.txt,copied-from-repo-official-cache,39353,a7b33d662a30a2fcc5f476fd9f83f6ef6436c50226026445505ebcdadeef9edb,not seasonally adjusted,
U.S. Census Bureau,BPS monthly MSA/CBSA permits,https://www.census.gov/construction/bps/index.html,repo official raw cache,D:\Programming\Dynamic Paper-dlrhcs_replication\outputs\empirical\unemployment\raw_sa_pilot\raw\census_bps\ma0403c.txt,copied-from-repo-official-cache,40425,7daab77c58f8eed7fc1f8302a76e7458402bea908a32d5f6898b89aabc4b04d8,not seasonally adjusted,
U.S. Census Bureau,BPS monthly MSA/CBSA permits,https://www.census.gov/construction/bps/index.html,repo official raw cache,D:\Programming\Dynamic Paper-dlrhcs_replication\outputs\empirical\unemployment\raw_sa_pilot\raw\census_bps\ma0404c.txt,copied-from-repo-official-cache,40429,2223ccea197a79d15da539dc0c6bf8e4217db2b822454e289b486cf320caff55,not seasonally adjusted,
U.S. Census Bureau,BPS monthly MSA/CBSA permits,https://www.census.gov/construction/bps/index.html,repo official raw cache,D:\Programming\Dynamic Paper-dlrhcs_replication\outputs\empirical\unemployment\raw_sa_pilot\raw\census_bps\ma0405c.txt,copied-from-repo-official-cache,40215,e0c016a7aa3c33b9ede1eece373092182078d904af84f3a53b644b636c4b35cc,not seasonally adjusted,
U.S. Census Bureau,BPS monthly MSA/CBSA permits,https://www.census.gov/construction/bps/index.html,repo official raw cache,D:\Programming\Dynamic Paper-dlrhcs_replication\outputs\empirical\unemployment\raw_sa_pilot\raw\census_bps\ma0406c.txt,copied-from-repo-official-cache,40319,5aa569acec75eb502efbdc66944eda96befff9fc311ae8b34efe26b3c322b45a,not seasonally adjusted,
U.S. Census Bureau,BPS monthly MSA/CBSA permits,https://www.census.gov/construction/bps/index.html,repo official raw cache,D:\Programming\Dynamic Paper-dlrhcs_replication\outputs\empirical\unemployment\raw_sa_pilot\raw\census_bps\ma0407c.txt,copied-from-repo-official-cache,40372,8fbd79d5a9d2d3fdbc026b2fe0a66cd3185ba326e6019561aeda838dcdeb42ad,not seasonally adjusted,
U.S. Census Bureau,BPS monthly MSA/CBSA permits,https://www.census.gov/construction/bps/index.html,repo official raw cache,D:\Programming\Dynamic Paper-dlrhcs_replication\outputs\empirical\unemployment\raw_sa_pilot\raw\census_bps\ma0408c.txt,copied-from-repo-official-cache,40182,38b2cc448192e428844140ce2e2e00be09c6994d240157b541e39108768e02ea,not seasonally adjusted,
U.S. Census Bureau,BPS monthly MSA/CBSA permits,https://www.census.gov/construction/bps/index.html,repo official raw cache,D:\Programming\Dynamic Paper-dlrhcs_replication\outputs\empirical\unemployment\raw_sa_pilot\raw\census_bps\ma0409c.txt,copied-from-repo-official-cache,40007,cb8d69e565a2fdef0913d34de45c99b2f4d040772b22c8a0e5509660ba1e90fe,not seasonally adjusted,
U.S. Census Bureau,BPS monthly MSA/CBSA permits,https://www.census.gov/construction/bps/index.html,repo official raw cache,D:\Programming\Dynamic Paper-dlrhcs_replication\outputs\empirical\unemployment\raw_sa_pilot\raw\census_bps\ma0410c.txt,copied-from-repo-official-cache,40111,14e091319ef4746aac66119e64c0899c4305c64f1085872e41498be407954379,not seasonally adjusted,
U.S. Census Bureau,BPS monthly MSA/CBSA permits,https://www.census.gov/construction/bps/index.html,repo official raw cache,D:\Programming\Dynamic Paper-dlrhcs_replication\outputs\empirical\unemployment\raw_sa_pilot\raw\census_bps\ma0411c.txt,copied-from-repo-official-cache,39917,4f8aebd59d2f5a656f9e2e0e6d82243ae921ff303f24b0a8db212d92bb814f8c,not seasonally adjusted,
U.S. Census Bureau,BPS monthly MSA/CBSA permits,https://www.census.gov/construction/bps/index.html,repo official raw cache,D:\Programming\Dynamic Paper-dlrhcs_replication\outputs\empirical\unemployment\raw_sa_pilot\raw\census_bps\ma0412c.txt,copied-from-repo-official-cache,39852,5cbf7b383598f16df4f708f83520c0407e1635eb45b6f3da0d58dbd02ddd929e,not seasonally adjusted,
U.S. Census Bureau,BPS monthly MSA/CBSA permits,https://www.census.gov/construction/bps/index.html,repo official raw cache,D:\Programming\Dynamic Paper-dlrhcs_replication\outputs\empirical\unemployment\raw_sa_pilot\raw\census_bps\ma0501c.txt,copied-from-repo-official-cache,38846,a8617ebc2827d47a3d24dea29c6861090754c6b445059fbdc07cf58a37e06f9a,not seasonally adjusted,
U.S. Census Bureau,BPS monthly MSA/CBSA permits,https://www.census.gov/construction/bps/index.html,repo official raw cache,D:\Programming\Dynamic Paper-dlrhcs_replication\outputs\empirical\unemployment\raw_sa_pilot\raw\census_bps\ma0502c.txt,copied-from-repo-official-cache,39081,a3ccd2e40495b5cea7a804178be6ced0269e6b8e965fd26a3a97b77f7a4b4810,not seasonally adjusted,
U.S. Census Bureau,BPS monthly MSA/CBSA permits,https://www.census.gov/construction/bps/index.html,repo official raw cache,D:\Programming\Dynamic Paper-dlrhcs_replication\outputs\empirical\unemployment\raw_sa_pilot\raw\census_bps\ma0503c.txt,copied-from-repo-official-cache,39794,63ebb71885aebe4ec2bbab66cc13a086cadad27363e7de8c8ccadb393fae8386,not seasonally adjusted,
U.S. Census Bureau,BPS monthly MSA/CBSA permits,https://www.census.gov/construction/bps/index.html,repo official raw cache,D:\Programming\Dynamic Paper-dlrhcs_replication\outputs\empirical\unemployment\raw_sa_pilot\raw\census_bps\ma0504c.txt,copied-from-repo-official-cache,39881,981a3e64743f55acc40030ee051145f2505bba2677481e53f146ee6b10fb3192,not seasonally adjusted,
U.S. Census Bureau,BPS monthly MSA/CBSA permits,https://www.census.gov/construction/bps/index.html,repo official raw cache,D:\Programming\Dynamic Paper-dlrhcs_replication\outputs\empirical\unemployment\raw_sa_pilot\raw\census_bps\ma0505c.txt,copied-from-repo-official-cache,39772,992c892a3238fb06a31c065ae9a29a9898776dfdb7c4e2c70e9c4e8a632659e2,not seasonally adjusted,
U.S. Census Bureau,BPS monthly MSA/CBSA permits,https://www.census.gov/construction/bps/index.html,repo official raw cache,D:\Programming\Dynamic Paper-dlrhcs_replication\outputs\empirical\unemployment\raw_sa_pilot\raw\census_bps\ma0506c.txt,copied-from-repo-official-cache,40069,11c83d4384bbda373424ba3d178e1ec051eb6c0a3f03b267a0f17dac4085628d,not seasonally adjusted,
U.S. Census Bureau,BPS monthly MSA/CBSA permits,https://www.census.gov/construction/bps/index.html,repo official raw cache,D:\Programming\Dynamic Paper-dlrhcs_replication\outputs\empirical\unemployment\raw_sa_pilot\raw\census_bps\ma0507c.txt,copied-from-repo-official-cache,39611,fa6bcfa03e3aa34921a8ad0d669efc56781b6808d6c986a1519348116ec1f32e,not seasonally adjusted,
U.S. Census Bureau,BPS monthly MSA/CBSA permits,https://www.census.gov/construction/bps/index.html,repo official raw cache,D:\Programming\Dynamic Paper-dlrhcs_replication\outputs\empirical\unemployment\raw_sa_pilot\raw\census_bps\ma0508c.txt,copied-from-repo-official-cache,39949,e8a1102ae876078a80389ccfc83d7734dcfcdc77003fb3dc71dfda730a020cdb,not seasonally adjusted,
U.S. Census Bureau,BPS monthly MSA/CBSA permits,https://www.census.gov/construction/bps/index.html,repo official raw cache,D:\Programming\Dynamic Paper-dlrhcs_replication\outputs\empirical\unemployment\raw_sa_pilot\raw\census_bps\ma0509c.txt,copied-from-repo-official-cache,39861,6b0711a71a082272d128f3fa7cd79053bb05f2f5ba41d08aedbaa2bb7f1bc9d2,not seasonally adjusted,
U.S. Census Bureau,BPS monthly MSA/CBSA permits,https://www.census.gov/construction/bps/index.html,repo official raw cache,D:\Programming\Dynamic Paper-dlrhcs_replication\outputs\empirical\unemployment\raw_sa_pilot\raw\census_bps\ma0510c.txt,copied-from-repo-official-cache,39616,839a4683a7ac709e59bc2a9ea03126a71392d15b2b56b1e6ee6c5daf62799db0,not seasonally adjusted,
U.S. Census Bureau,BPS monthly MSA/CBSA permits,https://www.census.gov/construction/bps/index.html,repo official raw cache,D:\Programming\Dynamic Paper-dlrhcs_replication\outputs\empirical\unemployment\raw_sa_pilot\raw\census_bps\ma0511c.txt,copied-from-repo-official-cache,39466,b3c3b031b170b961f670671ab3211661d6e1a1ccf617ed35287b2ffaffcd58a9,not seasonally adjusted,
U.S. Census Bureau,BPS monthly MSA/CBSA permits,https://www.census.gov/construction/bps/index.html,repo official raw cache,D:\Programming\Dynamic Paper-dlrhcs_replication\outputs\empirical\unemployment\raw_sa_pilot\raw\census_bps\ma0512c.txt,copied-from-repo-official-cache,39207,d0cf96589a201c4e72a8e801e5d2a6756df5ab17397d34fdf0df2d5a55938d8a,not seasonally adjusted,
U.S. Census Bureau,BPS monthly MSA/CBSA permits,https://www.census.gov/construction/bps/index.html,repo official raw cache,D:\Programming\Dynamic Paper-dlrhcs_replication\outputs\empirical\unemployment\raw_sa_pilot\raw\census_bps\ma0601c.txt,copied-from-repo-official-cache,39102,97c2331a64efa63263d020d9607b7b5ee489ba12c3229870179530200b0b9420,not seasonally adjusted,
U.S. Census Bureau,BPS monthly MSA/CBSA permits,https://www.census.gov/construction/bps/index.html,repo official raw cache,D:\Programming\Dynamic Paper-dlrhcs_replication\outputs\empirical\unemployment\raw_sa_pilot\raw\census_bps\ma0602c.txt,copied-from-repo-official-cache,39249,ed00b6d1282e62987fb122ff0e4e67d489d86ca74f97c04e184199f512379a86,not seasonally adjusted,
U.S. Census Bureau,BPS monthly MSA/CBSA permits,https://www.census.gov/construction/bps/index.html,repo official raw cache,D:\Programming\Dynamic Paper-dlrhcs_replication\outputs\empirical\unemployment\raw_sa_pilot\raw\census_bps\ma0603c.txt,copied-from-repo-official-cache,39862,000007b2e51f2e0b6901d7a493ad27d192146d36b03bff799cd49689497b4d34,not seasonally adjusted,
U.S. Census Bureau,BPS monthly MSA/CBSA permits,https://www.census.gov/construction/bps/index.html,repo official raw cache,D:\Programming\Dynamic Paper-dlrhcs_replication\outputs\empirical\unemployment\raw_sa_pilot\raw\census_bps\ma0604c.txt,copied-from-repo-official-cache,39372,87e2c51b1e6aa4437a4492e4420704054c372b9a8fa77d57e408a7686837c1b4,not seasonally adjusted,
U.S. Census Bureau,BPS monthly MSA/CBSA permits,https://www.census.gov/construction/bps/index.html,repo official raw cache,D:\Programming\Dynamic Paper-dlrhcs_replication\outputs\empirical\unemployment\raw_sa_pilot\raw\census_bps\ma0605c.txt,copied-from-repo-official-cache,39764,f5f7615f79147e680a4602197bc1932c9399ec8f9c4a92130760cabf28234918,not seasonally adjusted,
U.S. Census Bureau,BPS monthly MSA/CBSA permits,https://www.census.gov/construction/bps/index.html,repo official raw cache,D:\Programming\Dynamic Paper-dlrhcs_replication\outputs\empirical\unemployment\raw_sa_pilot\raw\census_bps\ma0606c.txt,copied-from-repo-official-cache,39666,ab2abbb407f6a8ed1e44c87e2a77d3cc272dc9a431ad44f7e6a4a7fe13db21aa,not seasonally adjusted,
U.S. Census Bureau,BPS monthly MSA/CBSA permits,https://www.census.gov/construction/bps/index.html,repo official raw cache,D:\Programming\Dynamic Paper-dlrhcs_replication\outputs\empirical\unemployment\raw_sa_pilot\raw\census_bps\ma0607c.txt,copied-from-repo-official-cache,39172,a7b5bd4c44c577a7c033542f6b4843fe8aee9d64ec4522e7ef9a34c6f463ef30,not seasonally adjusted,
U.S. Census Bureau,BPS monthly MSA/CBSA permits,https://www.census.gov/construction/bps/index.html,repo official raw cache,D:\Programming\Dynamic Paper-dlrhcs_replication\outputs\empirical\unemployment\raw_sa_pilot\raw\census_bps\ma0608c.txt,copied-from-repo-official-cache,39471,95a7a27887b463391e70abec2f12238f8832953a45984fdbac916ef446d98751,not seasonally adjusted,
U.S. Census Bureau,BPS monthly MSA/CBSA permits,https://www.census.gov/construction/bps/index.html,repo official raw cache,D:\Programming\Dynamic Paper-dlrhcs_replication\outputs\empirical\unemployment\raw_sa_pilot\raw\census_bps\ma0609c.txt,copied-from-repo-official-cache,39219,326290abe572d5d9f63130036bd82e9c6cc929fd795e9173982e8453bfe55010,not seasonally adjusted,
U.S. Census Bureau,BPS monthly MSA/CBSA permits,https://www.census.gov/construction/bps/index.html,repo official raw cache,D:\Programming\Dynamic Paper-dlrhcs_replication\outputs\empirical\unemployment\raw_sa_pilot\raw\census_bps\ma0610c.txt,copied-from-repo-official-cache,39315,81fec2920f2bd044de7da691c9a8c2e1742a3439c1cf3b27efc7105417e2eb29,not seasonally adjusted,
U.S. Census Bureau,BPS monthly MSA/CBSA permits,https://www.census.gov/construction/bps/index.html,repo official raw cache,D:\Programming\Dynamic Paper-dlrhcs_replication\outputs\empirical\unemployment\raw_sa_pilot\raw\census_bps\ma0611c.txt,copied-from-repo-official-cache,38709,b1c435d44d286e4b0a726238ff2dd8f15441a9760969b279f749ee8df82cc873,not seasonally adjusted,
U.S. Census Bureau,BPS monthly MSA/CBSA permits,https://www.census.gov/construction/bps/index.html,repo official raw cache,D:\Programming\Dynamic Paper-dlrhcs_replication\outputs\empirical\unemployment\raw_sa_pilot\raw\census_bps\ma0612c.txt,copied-from-repo-official-cache,38767,91286d1a64915d58f8d9f4d4c9d5b3788d26120df2c13e9bbea7189793e6e222,not seasonally adjusted,
U.S. Census Bureau,BPS monthly MSA/CBSA permits,https://www.census.gov/construction/bps/index.html,repo official raw cache,D:\Programming\Dynamic Paper-dlrhcs_replication\outputs\empirical\unemployment\raw_sa_pilot\raw\census_bps\ma0701c.txt,copied-from-repo-official-cache,38997,95aded2752cef9a769e825c6ecf6a6fd4c7c40034b56521e6af64e39afea8c87,not seasonally adjusted,
U.S. Census Bureau,BPS monthly MSA/CBSA permits,https://www.census.gov/construction/bps/index.html,repo official raw cache,D:\Programming\Dynamic Paper-dlrhcs_replication\outputs\empirical\unemployment\raw_sa_pilot\raw\census_bps\ma0702c.txt,copied-from-repo-official-cache,38858,889e25558e17460c6282fcd7341c33c5baca586927823170d116871963bee88e,not seasonally adjusted,
U.S. Census Bureau,BPS monthly MSA/CBSA permits,https://www.census.gov/construction/bps/index.html,repo official raw cache,D:\Programming\Dynamic Paper-dlrhcs_replication\outputs\empirical\unemployment\raw_sa_pilot\raw\census_bps\ma0703c.txt,copied-from-repo-official-cache,39387,27704d81eb9fb5a5202906697976ddbf288f49cf67de6f2ec3f999bef55c153e,not seasonally adjusted,
U.S. Census Bureau,BPS monthly MSA/CBSA permits,https://www.census.gov/construction/bps/index.html,repo official raw cache,D:\Programming\Dynamic Paper-dlrhcs_replication\outputs\empirical\unemployment\raw_sa_pilot\raw\census_bps\ma0704c.txt,copied-from-repo-official-cache,39259,0f2246653cde135bebc22d37210eaf1847d19c60cbc2cfadec611bbaa6ed294d,not seasonally adjusted,
U.S. Census Bureau,BPS monthly MSA/CBSA permits,https://www.census.gov/construction/bps/index.html,repo official raw cache,D:\Programming\Dynamic Paper-dlrhcs_replication\outputs\empirical\unemployment\raw_sa_pilot\raw\census_bps\ma0705c.txt,copied-from-repo-official-cache,39697,e8a3278979355b066f3c0c0507069ee024fd9a02dd5a1e3156117db1db951ba4,not seasonally adjusted,
U.S. Census Bureau,BPS monthly MSA/CBSA permits,https://www.census.gov/construction/bps/index.html,repo official raw cache,D:\Programming\Dynamic Paper-dlrhcs_replication\outputs\empirical\unemployment\raw_sa_pilot\raw\census_bps\ma0706c.txt,copied-from-repo-official-cache,39217,f374c04a7f87a1bdedc2d98720feab0529ecdb50e07ee97eb2fa67359b226573,not seasonally adjusted,
U.S. Census Bureau,BPS monthly MSA/CBSA permits,https://www.census.gov/construction/bps/index.html,repo official raw cache,D:\Programming\Dynamic Paper-dlrhcs_replication\outputs\empirical\unemployment\raw_sa_pilot\raw\census_bps\ma0707c.txt,copied-from-repo-official-cache,39203,aa0fc3e63307cf7d9e2ec5b3ff7f563ebda42d82360f0742d8551ab5a8c167c0,not seasonally adjusted,
U.S. Census Bureau,BPS monthly MSA/CBSA permits,https://www.census.gov/construction/bps/index.html,repo official raw cache,D:\Programming\Dynamic Paper-dlrhcs_replication\outputs\empirical\unemployment\raw_sa_pilot\raw\census_bps\ma0708c.txt,copied-from-repo-official-cache,39227,eeb2f5fb6a3144856e7ab96fe675fdd36a74e3848ffa21a018e2190b09338ce9,not seasonally adjusted,
U.S. Census Bureau,BPS monthly MSA/CBSA permits,https://www.census.gov/construction/bps/index.html,repo official raw cache,D:\Programming\Dynamic Paper-dlrhcs_replication\outputs\empirical\unemployment\raw_sa_pilot\raw\census_bps\ma0709c.txt,copied-from-repo-official-cache,38676,17eab4523eb1d2912715fdeb117bab5852d83efc2642ab4b177a1909d413bca0,not seasonally adjusted,
U.S. Census Bureau,BPS monthly MSA/CBSA permits,https://www.census.gov/construction/bps/index.html,repo official raw cache,D:\Programming\Dynamic Paper-dlrhcs_replication\outputs\empirical\unemployment\raw_sa_pilot\raw\census_bps\ma0710c.txt,copied-from-repo-official-cache,38724,71272526ce4c95a30a30c109a382190b1e0e371993f6fb16f3b5ee60ab1e2d95,not seasonally adjusted,
U.S. Census Bureau,BPS monthly MSA/CBSA permits,https://www.census.gov/construction/bps/index.html,repo official raw cache,D:\Programming\Dynamic Paper-dlrhcs_replication\outputs\empirical\unemployment\raw_sa_pilot\raw\census_bps\ma0711c.txt,copied-from-repo-official-cache,38772,812a8fe69e89cb8b65002882b44caffaa9fdd1237eb69feed7e2a11dcfa316f8,not seasonally adjusted,
U.S. Census Bureau,BPS monthly MSA/CBSA permits,https://www.census.gov/construction/bps/index.html,repo official raw cache,D:\Programming\Dynamic Paper-dlrhcs_replication\outputs\empirical\unemployment\raw_sa_pilot\raw\census_bps\ma0712c.txt,copied-from-repo-official-cache,38287,2807bb01e6400697e1654e6fa2a2521fce53eaf2c413e68a1cb13c62128fd9a5,not seasonally adjusted,
U.S. Census Bureau,BPS monthly MSA/CBSA permits,https://www.census.gov/construction/bps/index.html,repo official raw cache,D:\Programming\Dynamic Paper-dlrhcs_replication\outputs\empirical\unemployment\raw_sa_pilot\raw\census_bps\ma0801c.txt,copied-from-repo-official-cache,38160,8e303df08c9b8482587cf49f57eb4a14280ba12625042c171c376314100baec7,not seasonally adjusted,
U.S. Census Bureau,BPS monthly MSA/CBSA permits,https://www.census.gov/construction/bps/index.html,repo official raw cache,D:\Programming\Dynamic Paper-dlrhcs_replication\outputs\empirical\unemployment\raw_sa_pilot\raw\census_bps\ma0802c.txt,copied-from-repo-official-cache,38191,5affdd9b119e1d6bdc0eea10f41aa0b4d43f85d8bfef083e216b53c3744cf57c,not seasonally adjusted,
U.S. Census Bureau,BPS monthly MSA/CBSA permits,https://www.census.gov/construction/bps/index.html,repo official raw cache,D:\Programming\Dynamic Paper-dlrhcs_replication\outputs\empirical\unemployment\raw_sa_pilot\raw\census_bps\ma0803c.txt,copied-from-repo-official-cache,38199,e22e7d45f66e835f800e18fe6a4fb34cc02ef7e7872f8f95f1ad10a9fcf11393,not seasonally adjusted,
U.S. Census Bureau,BPS monthly MSA/CBSA permits,https://www.census.gov/construction/bps/index.html,repo official raw cache,D:\Programming\Dynamic Paper-dlrhcs_replication\outputs\empirical\unemployment\raw_sa_pilot\raw\census_bps\ma0804c.txt,copied-from-repo-official-cache,38581,93c342c902ba7826eebbfc018a865891e4ecc726065eedb582a475bc3ef36074,not seasonally adjusted,
U.S. Census Bureau,BPS monthly MSA/CBSA permits,https://www.census.gov/construction/bps/index.html,repo official raw cache,D:\Programming\Dynamic Paper-dlrhcs_replication\outputs\empirical\unemployment\raw_sa_pilot\raw\census_bps\ma0805c.txt,copied-from-repo-official-cache,38336,eecd41cbb9afaa1266b52bf649fb9002e1c82ba498085be53d5a92623e77ca14,not seasonally adjusted,
U.S. Census Bureau,BPS monthly MSA/CBSA permits,https://www.census.gov/construction/bps/index.html,repo official raw cache,D:\Programming\Dynamic Paper-dlrhcs_replication\outputs\empirical\unemployment\raw_sa_pilot\raw\census_bps\ma0806c.txt,copied-from-repo-official-cache,38397,6131a8a951fc4e5e9e6ef276dbc1c332a962a4a9b8f931fbd6cc9fcb09ae650f,not seasonally adjusted,
U.S. Census Bureau,BPS monthly MSA/CBSA permits,https://www.census.gov/construction/bps/index.html,repo official raw cache,D:\Programming\Dynamic Paper-dlrhcs_replication\outputs\empirical\unemployment\raw_sa_pilot\raw\census_bps\ma0807c.txt,copied-from-repo-official-cache,38411,7fcd5631258817cd26d9e94efe58ac212889830045fcb236f606880ac1032304,not seasonally adjusted,
U.S. Census Bureau,BPS monthly MSA/CBSA permits,https://www.census.gov/construction/bps/index.html,repo official raw cache,D:\Programming\Dynamic Paper-dlrhcs_replication\outputs\empirical\unemployment\raw_sa_pilot\raw\census_bps\ma0808c.txt,copied-from-repo-official-cache,38165,9eff7ee2da691175048e5c344694961cad5b71131ab5c1fb9c0ef6bff4aeced2,not seasonally adjusted,
U.S. Census Bureau,BPS monthly MSA/CBSA permits,https://www.census.gov/construction/bps/index.html,repo official raw cache,D:\Programming\Dynamic Paper-dlrhcs_replication\outputs\empirical\unemployment\raw_sa_pilot\raw\census_bps\ma0809c.txt,copied-from-repo-official-cache,38324,adfd3cab92d4cb5523d86e0052422ada1e940c942c47c8329971d91cc5145dfe,not seasonally adjusted,
U.S. Census Bureau,BPS monthly MSA/CBSA permits,https://www.census.gov/construction/bps/index.html,repo official raw cache,D:\Programming\Dynamic Paper-dlrhcs_replication\outputs\empirical\unemployment\raw_sa_pilot\raw\census_bps\ma0810c.txt,copied-from-repo-official-cache,38018,7a79b9aff03ec2a4a5591b1c1e154c1ea3be6c0c9c6e56da0d4a89d12e0d8363,not seasonally adjusted,
U.S. Census Bureau,BPS monthly MSA/CBSA permits,https://www.census.gov/construction/bps/index.html,repo official raw cache,D:\Programming\Dynamic Paper-dlrhcs_replication\outputs\empirical\unemployment\raw_sa_pilot\raw\census_bps\ma0811c.txt,copied-from-repo-official-cache,37196,a009f6287eb5cd8c9f4e23dba79b052e5bce45e51b2c0a538499c0bdc71a8e32,not seasonally adjusted,
U.S. Census Bureau,BPS monthly MSA/CBSA permits,https://www.census.gov/construction/bps/index.html,repo official raw cache,D:\Programming\Dynamic Paper-dlrhcs_replication\outputs\empirical\unemployment\raw_sa_pilot\raw\census_bps\ma0812c.txt,copied-from-repo-official-cache,37169,ea2a793b5a6295649de5f56cc64c65ff77e30ed9256c038a51bcb57284f703d8,not seasonally adjusted,
U.S. Census Bureau,BPS monthly MSA/CBSA permits,https://www.census.gov/construction/bps/index.html,repo official raw cache,D:\Programming\Dynamic Paper-dlrhcs_replication\outputs\empirical\unemployment\raw_sa_pilot\raw\census_bps\ma0901c.txt,copied-from-repo-official-cache,37156,ac876f7bde746fd988f7ebf35af8c39591ff8287969cb845275cf47928f513c5,not seasonally adjusted,
U.S. Census Bureau,BPS monthly MSA/CBSA permits,https://www.census.gov/construction/bps/index.html,repo official raw cache,D:\Programming\Dynamic Paper-dlrhcs_replication\outputs\empirical\unemployment\raw_sa_pilot\raw\census_bps\ma0902c.txt,copied-from-repo-official-cache,37190,6b59c217ad18198c6ba7fec91b79dd3b6d631b73352281e8e09b0e796e7f1d19,not seasonally adjusted,
U.S. Census Bureau,BPS monthly MSA/CBSA permits,https://www.census.gov/construction/bps/index.html,repo official raw cache,D:\Programming\Dynamic Paper-dlrhcs_replication\outputs\empirical\unemployment\raw_sa_pilot\raw\census_bps\ma0903c.txt,copied-from-repo-official-cache,37662,728a07bfba0ff6918dfb09e0cb0dc0d245561dc7e74cf46d4a7f1c315de7911b,not seasonally adjusted,
U.S. Census Bureau,BPS monthly MSA/CBSA permits,https://www.census.gov/construction/bps/index.html,repo official raw cache,D:\Programming\Dynamic Paper-dlrhcs_replication\outputs\empirical\unemployment\raw_sa_pilot\raw\census_bps\ma0904c.txt,copied-from-repo-official-cache,37694,b8c3275ca45538d9d70dc2f246d549719bf7d337ab5623d380ed74dd18304c6b,not seasonally adjusted,
U.S. Census Bureau,BPS monthly MSA/CBSA permits,https://www.census.gov/construction/bps/index.html,repo official raw cache,D:\Programming\Dynamic Paper-dlrhcs_replication\outputs\empirical\unemployment\raw_sa_pilot\raw\census_bps\ma0905c.txt,copied-from-repo-official-cache,37657,8206c49d73bfdacac291e49d0ae4fecd6590b6142861c40617e4fd773368747c,not seasonally adjusted,
U.S. Census Bureau,BPS monthly MSA/CBSA permits,https://www.census.gov/construction/bps/index.html,repo official raw cache,D:\Programming\Dynamic Paper-dlrhcs_replication\outputs\empirical\unemployment\raw_sa_pilot\raw\census_bps\ma0906c.txt,copied-from-repo-official-cache,38016,b19a9d2a256b6907faccfd8cc3b040f64e112cb72293cdce64cd6c0210ef965b,not seasonally adjusted,
U.S. Census Bureau,BPS monthly MSA/CBSA permits,https://www.census.gov/construction/bps/index.html,repo official raw cache,D:\Programming\Dynamic Paper-dlrhcs_replication\outputs\empirical\unemployment\raw_sa_pilot\raw\census_bps\ma0907c.txt,copied-from-repo-official-cache,37751,5fd4b7f141ee00682fb673be1b2dcabaac6e9190d4ad71a7975ea15c58803350,not seasonally adjusted,
U.S. Census Bureau,BPS monthly MSA/CBSA permits,https://www.census.gov/construction/bps/index.html,repo official raw cache,D:\Programming\Dynamic Paper-dlrhcs_replication\outputs\empirical\unemployment\raw_sa_pilot\raw\census_bps\ma0908c.txt,copied-from-repo-official-cache,37844,66ffc162bcd54e58cb47e2a8f12dfba6075095160db8f813d5e3736c0ee14b5a,not seasonally adjusted,
U.S. Census Bureau,BPS monthly MSA/CBSA permits,https://www.census.gov/construction/bps/index.html,repo official raw cache,D:\Programming\Dynamic Paper-dlrhcs_replication\outputs\empirical\unemployment\raw_sa_pilot\raw\census_bps\ma0909c.txt,copied-from-repo-official-cache,37907,10a21e6c9b58aa2a8cf9acba4b0b3fc28f3e3f71849bc42734194156eefbf397,not seasonally adjusted,
U.S. Census Bureau,BPS monthly MSA/CBSA permits,https://www.census.gov/construction/bps/index.html,repo official raw cache,D:\Programming\Dynamic Paper-dlrhcs_replication\outputs\empirical\unemployment\raw_sa_pilot\raw\census_bps\ma0910c.txt,copied-from-repo-official-cache,37710,4360476c261d3e1165093dfb0ceeb9b3a17cc1a082f3f1e752c896d5d87167b0,not seasonally adjusted,
U.S. Census Bureau,BPS monthly MSA/CBSA permits,https://www.census.gov/construction/bps/index.html,repo official raw cache,D:\Programming\Dynamic Paper-dlrhcs_replication\outputs\empirical\unemployment\raw_sa_pilot\raw\census_bps\ma0911c.txt,copied-from-repo-official-cache,37600,7cea1c1009c1b62d689955e567c0bf0fb6686b257d1d6ab00eac8316056cac26,not seasonally adjusted,
U.S. Census Bureau,BPS monthly MSA/CBSA permits,https://www.census.gov/construction/bps/index.html,repo official raw cache,D:\Programming\Dynamic Paper-dlrhcs_replication\outputs\empirical\unemployment\raw_sa_pilot\raw\census_bps\ma0912c.txt,copied-from-repo-official-cache,37707,536f86ae1c02a4360909cb1337917989aa5fbcde85c465d068afa42d598a1a10,not seasonally adjusted,
U.S. Census Bureau,BPS monthly MSA/CBSA permits,https://www.census.gov/construction/bps/index.html,repo official raw cache,D:\Programming\Dynamic Paper-dlrhcs_replication\outputs\empirical\unemployment\raw_sa_pilot\raw\census_bps\ma1001c.txt,copied-from-repo-official-cache,37355,51f23f23eae05ed2bab1ef320d15b7a494d60a38082a69d08234df14df53603d,not seasonally adjusted,
U.S. Census Bureau,BPS monthly MSA/CBSA permits,https://www.census.gov/construction/bps/index.html,repo official raw cache,D:\Programming\Dynamic Paper-dlrhcs_replication\outputs\empirical\unemployment\raw_sa_pilot\raw\census_bps\ma1002c.txt,copied-from-repo-official-cache,37545,ef474dbb1eada8217c7ef4f5345d0859a60393de7c5200f2601558f0bc4fe09b,not seasonally adjusted,
U.S. Census Bureau,BPS monthly MSA/CBSA permits,https://www.census.gov/construction/bps/index.html,repo official raw cache,D:\Programming\Dynamic Paper-dlrhcs_replication\outputs\empirical\unemployment\raw_sa_pilot\raw\census_bps\ma1003c.txt,copied-from-repo-official-cache,38142,d1204a5cab1bfc90f6fa00abd61aa7a8f1a3cf535f3fa9b30b6ea9eba7db1915,not seasonally adjusted,
U.S. Census Bureau,BPS monthly MSA/CBSA permits,https://www.census.gov/construction/bps/index.html,repo official raw cache,D:\Programming\Dynamic Paper-dlrhcs_replication\outputs\empirical\unemployment\raw_sa_pilot\raw\census_bps\ma1004c.txt,copied-from-repo-official-cache,38031,ebdcf4ba350ae0aea6769400ad3a5591dcc6a9891af3341cf3ed7c684edd659d,not seasonally adjusted,
U.S. Census Bureau,BPS monthly MSA/CBSA permits,https://www.census.gov/construction/bps/index.html,repo official raw cache,D:\Programming\Dynamic Paper-dlrhcs_replication\outputs\empirical\unemployment\raw_sa_pilot\raw\census_bps\ma1005c.txt,copied-from-repo-official-cache,37960,07849dd8baaf07016641def6c3daf78d8f1c9453c0a5a85a1ad349d06bc953c0,not seasonally adjusted,
U.S. Census Bureau,BPS monthly MSA/CBSA permits,https://www.census.gov/construction/bps/index.html,repo official raw cache,D:\Programming\Dynamic Paper-dlrhcs_replication\outputs\empirical\unemployment\raw_sa_pilot\raw\census_bps\ma1006c.txt,copied-from-repo-official-cache,38011,d49e59d0d7fd2e7da0f2d179d30dc926f29b57398e0bc0d5977ae4e7b61ac48e,not seasonally adjusted,
U.S. Census Bureau,BPS monthly MSA/CBSA permits,https://www.census.gov/construction/bps/index.html,repo official raw cache,D:\Programming\Dynamic Paper-dlrhcs_replication\outputs\empirical\unemployment\raw_sa_pilot\raw\census_bps\ma1007c.txt,copied-from-repo-official-cache,37785,11a28c530a7653f5601c0cbc6bb738a15febd2476045eeb189c237c20427d6b3,not seasonally adjusted,
U.S. Census Bureau,BPS monthly MSA/CBSA permits,https://www.census.gov/construction/bps/index.html,repo official raw cache,D:\Programming\Dynamic Paper-dlrhcs_replication\outputs\empirical\unemployment\raw_sa_pilot\raw\census_bps\ma1008c.txt,copied-from-repo-official-cache,37925,cdebcd7bdc2743ce6715bda3561c433efd04cb1365c4c419fad718ccb61412ce,not seasonally adjusted,
U.S. Census Bureau,BPS monthly MSA/CBSA permits,https://www.census.gov/construction/bps/index.html,repo official raw cache,D:\Programming\Dynamic Paper-dlrhcs_replication\outputs\empirical\unemployment\raw_sa_pilot\raw\census_bps\ma1009c.txt,copied-from-repo-official-cache,37840,659d1365b8df8b7b159883b8dc6e2461ab9b90ff35312a24c6d3c97861857679,not seasonally adjusted,
U.S. Census Bureau,BPS monthly MSA/CBSA permits,https://www.census.gov/construction/bps/index.html,repo official raw cache,D:\Programming\Dynamic Paper-dlrhcs_replication\outputs\empirical\unemployment\raw_sa_pilot\raw\census_bps\ma1010c.txt,copied-from-repo-official-cache,37846,18cda20b5756c95d0bd88620ba134e3fe392e78c0691efa44d19147dc79cb808,not seasonally adjusted,
U.S. Census Bureau,BPS monthly MSA/CBSA permits,https://www.census.gov/construction/bps/index.html,repo official raw cache,D:\Programming\Dynamic Paper-dlrhcs_replication\outputs\empirical\unemployment\raw_sa_pilot\raw\census_bps\ma1011c.txt,copied-from-repo-official-cache,37632,65cdfd56c56bc572bfb38b47cae0d2917fd28a7ab5db8eb570f0a40a19be7b12,not seasonally adjusted,
U.S. Census Bureau,BPS monthly MSA/CBSA permits,https://www.census.gov/construction/bps/index.html,repo official raw cache,D:\Programming\Dynamic Paper-dlrhcs_replication\outputs\empirical\unemployment\raw_sa_pilot\raw\census_bps\ma1012c.txt,copied-from-repo-official-cache,37612,8743a9dc1244609baad3b0d264badd8a9487c21dc664c5fc1306f02c2dd97282,not seasonally adjusted,
U.S. Census Bureau,BPS monthly MSA/CBSA permits,https://www.census.gov/construction/bps/index.html,repo official raw cache,D:\Programming\Dynamic Paper-dlrhcs_replication\outputs\empirical\unemployment\raw_sa_pilot\raw\census_bps\ma1101c.txt,copied-from-repo-official-cache,36958,560a980885032abe8af4ea082bb7021a3c2fc199a483604fc1a47abf63c06753,not seasonally adjusted,
U.S. Census Bureau,BPS monthly MSA/CBSA permits,https://www.census.gov/construction/bps/index.html,repo official raw cache,D:\Programming\Dynamic Paper-dlrhcs_replication\outputs\empirical\unemployment\raw_sa_pilot\raw\census_bps\ma1102c.txt,copied-from-repo-official-cache,37200,0aae0b7515db3710c100be9280958913a821f2b485aceed38b3c0f3c95307e24,not seasonally adjusted,
U.S. Census Bureau,BPS monthly MSA/CBSA permits,https://www.census.gov/construction/bps/index.html,repo official raw cache,D:\Programming\Dynamic Paper-dlrhcs_replication\outputs\empirical\unemployment\raw_sa_pilot\raw\census_bps\ma1103c.txt,copied-from-repo-official-cache,37780,f431136f9782d0557e1bfa8d8643ea69b08686510ad3edcfcb81afc314db1fc2,not seasonally adjusted,
U.S. Census Bureau,BPS monthly MSA/CBSA permits,https://www.census.gov/construction/bps/index.html,repo official raw cache,D:\Programming\Dynamic Paper-dlrhcs_replication\outputs\empirical\unemployment\raw_sa_pilot\raw\census_bps\ma1104c.txt,copied-from-repo-official-cache,37738,3d4d5d3f528b1bb75981a891304d23bd28d1a36d1a7e21d6d2a5bbed0006facc,not seasonally adjusted,
U.S. Census Bureau,BPS monthly MSA/CBSA permits,https://www.census.gov/construction/bps/index.html,repo official raw cache,D:\Programming\Dynamic Paper-dlrhcs_replication\outputs\empirical\unemployment\raw_sa_pilot\raw\census_bps\ma1105c.txt,copied-from-repo-official-cache,37963,0925b0d307a85373901273d313b21e10e454af3c1d99b261c23be3ca44463243,not seasonally adjusted,
U.S. Census Bureau,BPS monthly MSA/CBSA permits,https://www.census.gov/construction/bps/index.html,repo official raw cache,D:\Programming\Dynamic Paper-dlrhcs_replication\outputs\empirical\unemployment\raw_sa_pilot\raw\census_bps\ma1106c.txt,copied-from-repo-official-cache,37937,3ea49034ef1637c5a89249c7534648351d6ca41309b8a2d9a81b086d6dcabb3c,not seasonally adjusted,
U.S. Census Bureau,BPS monthly MSA/CBSA permits,https://www.census.gov/construction/bps/index.html,repo official raw cache,D:\Programming\Dynamic Paper-dlrhcs_replication\outputs\empirical\unemployment\raw_sa_pilot\raw\census_bps\ma1107c.txt,copied-from-repo-official-cache,37837,c323fd7001ae0c311f0c21b7be34b84eb1265508d82fbe64b1988bc067b33ccf,not seasonally adjusted,
U.S. Census Bureau,BPS monthly MSA/CBSA permits,https://www.census.gov/construction/bps/index.html,repo official raw cache,D:\Programming\Dynamic Paper-dlrhcs_replication\outputs\empirical\unemployment\raw_sa_pilot\raw\census_bps\ma1108c.txt,copied-from-repo-official-cache,38072,8b8791503762db71c2a4bc4e8e6903f2ed0d95ae230a1e8c9905886f9c857253,not seasonally adjusted,
U.S. Census Bureau,BPS monthly MSA/CBSA permits,https://www.census.gov/construction/bps/index.html,repo official raw cache,D:\Programming\Dynamic Paper-dlrhcs_replication\outputs\empirical\unemployment\raw_sa_pilot\raw\census_bps\ma1109c.txt,copied-from-repo-official-cache,38041,aef5c5d14014a149755d35ebaadf8abe7a3d32df731c62b795d6739c967025a1,not seasonally adjusted,
U.S. Census Bureau,BPS monthly MSA/CBSA permits,https://www.census.gov/construction/bps/index.html,repo official raw cache,D:\Programming\Dynamic Paper-dlrhcs_replication\outputs\empirical\unemployment\raw_sa_pilot\raw\census_bps\ma1110c.txt,copied-from-repo-official-cache,37865,d161520233a9b2242a3acac6c90376d5b7254012d4944be6d14dd4d674c0948d,not seasonally adjusted,
U.S. Census Bureau,BPS monthly MSA/CBSA permits,https://www.census.gov/construction/bps/index.html,repo official raw cache,D:\Programming\Dynamic Paper-dlrhcs_replication\outputs\empirical\unemployment\raw_sa_pilot\raw\census_bps\ma1111c.txt,copied-from-repo-official-cache,37859,a0c9060718af42118bbab75386a767d41b7ab82dd5fbf8fa355eece29899ca43,not seasonally adjusted,
U.S. Census Bureau,BPS monthly MSA/CBSA permits,https://www.census.gov/construction/bps/index.html,repo official raw cache,D:\Programming\Dynamic Paper-dlrhcs_replication\outputs\empirical\unemployment\raw_sa_pilot\raw\census_bps\ma1112c.txt,copied-from-repo-official-cache,37728,1275ea67960ca0be990dc0c83931de3e136e116d11505528f419c8b3a05f3d6f,not seasonally adjusted,
U.S. Census Bureau,BPS monthly MSA/CBSA permits,https://www.census.gov/construction/bps/index.html,repo official raw cache,D:\Programming\Dynamic Paper-dlrhcs_replication\outputs\empirical\unemployment\raw_sa_pilot\raw\census_bps\ma1201c.txt,copied-from-repo-official-cache,37452,3e51283f8cde725b5a706a04bcd61b6f00a84a9d5ebb3ab689e5f24309b5f6e8,not seasonally adjusted,
U.S. Census Bureau,BPS monthly MSA/CBSA permits,https://www.census.gov/construction/bps/index.html,repo official raw cache,D:\Programming\Dynamic Paper-dlrhcs_replication\outputs\empirical\unemployment\raw_sa_pilot\raw\census_bps\ma1202c.txt,copied-from-repo-official-cache,37808,704310b2549bd686e66fedadfb9f35ebcb60df440c59319691c7a64e2cfb8611,not seasonally adjusted,
U.S. Census Bureau,BPS monthly MSA/CBSA permits,https://www.census.gov/construction/bps/index.html,repo official raw cache,D:\Programming\Dynamic Paper-dlrhcs_replication\outputs\empirical\unemployment\raw_sa_pilot\raw\census_bps\ma1203c.txt,copied-from-repo-official-cache,38324,f5c81c34cea588663629db03486dc8d0f40364d7f6ab3a48758d72d3530624ed,not seasonally adjusted,
U.S. Census Bureau,BPS monthly MSA/CBSA permits,https://www.census.gov/construction/bps/index.html,repo official raw cache,D:\Programming\Dynamic Paper-dlrhcs_replication\outputs\empirical\unemployment\raw_sa_pilot\raw\census_bps\ma1204c.txt,copied-from-repo-official-cache,38194,1a7076d466f9eea649dee7301eaac42be7e7422c81386615b48d7a7ae466e1d0,not seasonally adjusted,
U.S. Census Bureau,BPS monthly MSA/CBSA permits,https://www.census.gov/construction/bps/index.html,repo official raw cache,D:\Programming\Dynamic Paper-dlrhcs_replication\outputs\empirical\unemployment\raw_sa_pilot\raw\census_bps\ma1205c.txt,copied-from-repo-official-cache,38421,aaddfd86a24633569687c82a3354cf61cb609f31d55b29ea32fff86f9f3c66c6,not seasonally adjusted,
U.S. Census Bureau,BPS monthly MSA/CBSA permits,https://www.census.gov/construction/bps/index.html,repo official raw cache,D:\Programming\Dynamic Paper-dlrhcs_replication\outputs\empirical\unemployment\raw_sa_pilot\raw\census_bps\ma1206c.txt,copied-from-repo-official-cache,38535,b4d475d5c9ea9d3090c1f0dd34814a243924e51d44ac2b3c423216ae5082326c,not seasonally adjusted,
U.S. Census Bureau,BPS monthly MSA/CBSA permits,https://www.census.gov/construction/bps/index.html,repo official raw cache,D:\Programming\Dynamic Paper-dlrhcs_replication\outputs\empirical\unemployment\raw_sa_pilot\raw\census_bps\ma1207c.txt,copied-from-repo-official-cache,38404,7242c9767f6c2f86ba91938336556df9d8c9b96e7548e552a7403cc312a07031,not seasonally adjusted,
U.S. Census Bureau,BPS monthly MSA/CBSA permits,https://www.census.gov/construction/bps/index.html,repo official raw cache,D:\Programming\Dynamic Paper-dlrhcs_replication\outputs\empirical\unemployment\raw_sa_pilot\raw\census_bps\ma1208c.txt,copied-from-repo-official-cache,38567,4c2356529abe9aa858295dbc591955c5594bec0c63ac80a02cd234f0c2a9257d,not seasonally adjusted,
U.S. Census Bureau,BPS monthly MSA/CBSA permits,https://www.census.gov/construction/bps/index.html,repo official raw cache,D:\Programming\Dynamic Paper-dlrhcs_replication\outputs\empirical\unemployment\raw_sa_pilot\raw\census_bps\ma1209c.txt,copied-from-repo-official-cache,38403,9c2905cb9b3c7b062a4ebca9338c31c3cb27b60722255c6aeaa7b4d29f2ab92e,not seasonally adjusted,
U.S. Census Bureau,BPS monthly MSA/CBSA permits,https://www.census.gov/construction/bps/index.html,repo official raw cache,D:\Programming\Dynamic Paper-dlrhcs_replication\outputs\empirical\unemployment\raw_sa_pilot\raw\census_bps\ma1210c.txt,copied-from-repo-official-cache,38542,61cbc99a99b8d356c2e7933793e1b07d7d7d7627e6b2f1195e771c4ac1d82128,not seasonally adjusted,
U.S. Census Bureau,BPS monthly MSA/CBSA permits,https://www.census.gov/construction/bps/index.html,repo official raw cache,D:\Programming\Dynamic Paper-dlrhcs_replication\outputs\empirical\unemployment\raw_sa_pilot\raw\census_bps\ma1211c.txt,copied-from-repo-official-cache,38320,13cf84637bba576b98b4c076d3af4eda6f9f380eba37fd8224239e77aeba2a71,not seasonally adjusted,
U.S. Census Bureau,BPS monthly MSA/CBSA permits,https://www.census.gov/construction/bps/index.html,repo official raw cache,D:\Programming\Dynamic Paper-dlrhcs_replication\outputs\empirical\unemployment\raw_sa_pilot\raw\census_bps\ma1212c.txt,copied-from-repo-official-cache,38067,2f781d1a95b0aad8db3c1c9eee4bf11ffbc47f6f87bbaca083974a32aa53da56,not seasonally adjusted,
U.S. Census Bureau,BPS monthly MSA/CBSA permits,https://www.census.gov/construction/bps/index.html,repo official raw cache,D:\Programming\Dynamic Paper-dlrhcs_replication\outputs\empirical\unemployment\raw_sa_pilot\raw\census_bps\ma1301c.txt,copied-from-repo-official-cache,38024,dc664f4a90f13891d66a3f826cc6581baf9e28e40aabd6df13f55879fd2cd5c7,not seasonally adjusted,
U.S. Census Bureau,BPS monthly MSA/CBSA permits,https://www.census.gov/construction/bps/index.html,repo official raw cache,D:\Programming\Dynamic Paper-dlrhcs_replication\outputs\empirical\unemployment\raw_sa_pilot\raw\census_bps\ma1302c.txt,copied-from-repo-official-cache,38061,2680798e15aeba71d350f7dac784f35630c18f787f5d5f261fb1ce957891c9a7,not seasonally adjusted,
U.S. Census Bureau,BPS monthly MSA/CBSA permits,https://www.census.gov/construction/bps/index.html,repo official raw cache,D:\Programming\Dynamic Paper-dlrhcs_replication\outputs\empirical\unemployment\raw_sa_pilot\raw\census_bps\ma1303c.txt,copied-from-repo-official-cache,38522,0daf82083502563848e36ff3769ba9356d6d05e809e6395cf8fa6dafa397a860,not seasonally adjusted,
U.S. Census Bureau,BPS monthly MSA/CBSA permits,https://www.census.gov/construction/bps/index.html,repo official raw cache,D:\Programming\Dynamic Paper-dlrhcs_replication\outputs\empirical\unemployment\raw_sa_pilot\raw\census_bps\ma1304c.txt,copied-from-repo-official-cache,38960,45ee36e6a773384400579a07c2556fb28ba8c45999962e67b956f76233f92189,not seasonally adjusted,
U.S. Census Bureau,BPS monthly MSA/CBSA permits,https://www.census.gov/construction/bps/index.html,repo official raw cache,D:\Programming\Dynamic Paper-dlrhcs_replication\outputs\empirical\unemployment\raw_sa_pilot\raw\census_bps\ma1305c.txt,copied-from-repo-official-cache,38847,77fbb3b433e6b182a57e966ac1498f07d7d26dcebd1b8066730421017c97a1a2,not seasonally adjusted,
U.S. Census Bureau,BPS monthly MSA/CBSA permits,https://www.census.gov/construction/bps/index.html,repo official raw cache,D:\Programming\Dynamic Paper-dlrhcs_replication\outputs\empirical\unemployment\raw_sa_pilot\raw\census_bps\ma1306c.txt,copied-from-repo-official-cache,38704,676fef0636f0d6a7ff32c3faab7cfa0a42496bb0c8b35f839fb880cb0bbf03e5,not seasonally adjusted,
U.S. Census Bureau,BPS monthly MSA/CBSA permits,https://www.census.gov/construction/bps/index.html,repo official raw cache,D:\Programming\Dynamic Paper-dlrhcs_replication\outputs\empirical\unemployment\raw_sa_pilot\raw\census_bps\ma1307c.txt,copied-from-repo-official-cache,38882,28ffd4e872bae3497e0c6f3ce9883ebe167747b4f8f3daf290832c9eabe5c4ed,not seasonally adjusted,
U.S. Census Bureau,BPS monthly MSA/CBSA permits,https://www.census.gov/construction/bps/index.html,repo official raw cache,D:\Programming\Dynamic Paper-dlrhcs_replication\outputs\empirical\unemployment\raw_sa_pilot\raw\census_bps\ma1308c.txt,copied-from-repo-official-cache,38716,435107ef102530e8f6434a9e070d10412532fb91ec0b55362028cf701ac026c5,not seasonally adjusted,
U.S. Census Bureau,BPS monthly MSA/CBSA permits,https://www.census.gov/construction/bps/index.html,repo official raw cache,D:\Programming\Dynamic Paper-dlrhcs_replication\outputs\empirical\unemployment\raw_sa_pilot\raw\census_bps\ma1309c.txt,copied-from-repo-official-cache,38672,e47509ba4064919f0c008dee0668c2422481185dab9babe94b28f22cb32de403,not seasonally adjusted,
U.S. Census Bureau,BPS monthly MSA/CBSA permits,https://www.census.gov/construction/bps/index.html,repo official raw cache,D:\Programming\Dynamic Paper-dlrhcs_replication\outputs\empirical\unemployment\raw_sa_pilot\raw\census_bps\ma1310c.txt,copied-from-repo-official-cache,38841,05ebc018230e8ac46b4d84c503cdb31fe5d736c9cb93ac5208f8632c9e8cfb6c,not seasonally adjusted,
U.S. Census Bureau,BPS monthly MSA/CBSA permits,https://www.census.gov/construction/bps/index.html,repo official raw cache,D:\Programming\Dynamic Paper-dlrhcs_replication\outputs\empirical\unemployment\raw_sa_pilot\raw\census_bps\ma1311c.txt,copied-from-repo-official-cache,38513,c0f89297dbfa53016a4e0c5a00af4214bcd5c1bebc282f6960015750e16164c3,not seasonally adjusted,
U.S. Census Bureau,BPS monthly MSA/CBSA permits,https://www.census.gov/construction/bps/index.html,repo official raw cache,D:\Programming\Dynamic Paper-dlrhcs_replication\outputs\empirical\unemployment\raw_sa_pilot\raw\census_bps\ma1312c.txt,copied-from-repo-official-cache,38427,1d32cb3eaa2445c688b85ec7c74d1f5d17bc329296e28b54128cb68dc4b359c0,not seasonally adjusted,
U.S. Census Bureau,BPS monthly MSA/CBSA permits,https://www.census.gov/construction/bps/index.html,repo official raw cache,D:\Programming\Dynamic Paper-dlrhcs_replication\outputs\empirical\unemployment\raw_sa_pilot\raw\census_bps\ma1401c.txt,copied-from-repo-official-cache,39515,cfbd0583db395c2522e0e474ac71bffca95a7a174b75bd0adba088de23bc73cc,not seasonally adjusted,
U.S. Census Bureau,BPS monthly MSA/CBSA permits,https://www.census.gov/construction/bps/index.html,repo official raw cache,D:\Programming\Dynamic Paper-dlrhcs_replication\outputs\empirical\unemployment\raw_sa_pilot\raw\census_bps\ma1402c.txt,copied-from-repo-official-cache,39349,fe6fc7b53532659a02178da4d9b0a9c02860d289bca427cb60bd4a6d536417c7,not seasonally adjusted,
U.S. Census Bureau,BPS monthly MSA/CBSA permits,https://www.census.gov/construction/bps/index.html,repo official raw cache,D:\Programming\Dynamic Paper-dlrhcs_replication\outputs\empirical\unemployment\raw_sa_pilot\raw\census_bps\ma1403c.txt,copied-from-repo-official-cache,40024,c1738e42314af80d4e96d97723d7aacff72a53e789ba83ace44e0591591cc73c,not seasonally adjusted,
U.S. Census Bureau,BPS monthly MSA/CBSA permits,https://www.census.gov/construction/bps/index.html,repo official raw cache,D:\Programming\Dynamic Paper-dlrhcs_replication\outputs\empirical\unemployment\raw_sa_pilot\raw\census_bps\ma1404c.txt,copied-from-repo-official-cache,40204,d66aa4fc2420bea26c8e37e5115dd6b8ec690d8d6c487d8eca1658f0420b4ba3,not seasonally adjusted,
U.S. Census Bureau,BPS monthly MSA/CBSA permits,https://www.census.gov/construction/bps/index.html,repo official raw cache,D:\Programming\Dynamic Paper-dlrhcs_replication\outputs\empirical\unemployment\raw_sa_pilot\raw\census_bps\ma1405c.txt,copied-from-repo-official-cache,40292,05325084caf05092a6fe00e8b5db508cbfddb91df6bb83e0a278e4dd1a475693,not seasonally adjusted,
U.S. Census Bureau,BPS monthly MSA/CBSA permits,https://www.census.gov/construction/bps/index.html,repo official raw cache,D:\Programming\Dynamic Paper-dlrhcs_replication\outputs\empirical\unemployment\raw_sa_pilot\raw\census_bps\ma1406c.txt,copied-from-repo-official-cache,40270,bcf6df6e5ebc750434903461f5174e3a809dba4e9e813e70788e3d2829a14eca,not seasonally adjusted,
U.S. Census Bureau,BPS monthly MSA/CBSA permits,https://www.census.gov/construction/bps/index.html,repo official raw cache,D:\Programming\Dynamic Paper-dlrhcs_replication\outputs\empirical\unemployment\raw_sa_pilot\raw\census_bps\ma1407c.txt,copied-from-repo-official-cache,40447,346074178754e4451620e087e6392bc84da24f3a2e4c7b513ab40bd785c6bf8e,not seasonally adjusted,
U.S. Census Bureau,BPS monthly MSA/CBSA permits,https://www.census.gov/construction/bps/index.html,repo official raw cache,D:\Programming\Dynamic Paper-dlrhcs_replication\outputs\empirical\unemployment\raw_sa_pilot\raw\census_bps\ma1408c.txt,copied-from-repo-official-cache,40147,9c97fe4c7d54ea93840cfb194d7b96da5e8a544bc87799854295cd61bf986174,not seasonally adjusted,
U.S. Census Bureau,BPS monthly MSA/CBSA permits,https://www.census.gov/construction/bps/index.html,repo official raw cache,D:\Programming\Dynamic Paper-dlrhcs_replication\outputs\empirical\unemployment\raw_sa_pilot\raw\census_bps\ma1409c.txt,copied-from-repo-official-cache,40364,246c89225dc7451ffd86583b2481f801222ac0645698db214fcf89e396b458c6,not seasonally adjusted,
U.S. Census Bureau,BPS monthly MSA/CBSA permits,https://www.census.gov/construction/bps/index.html,repo official raw cache,D:\Programming\Dynamic Paper-dlrhcs_replication\outputs\empirical\unemployment\raw_sa_pilot\raw\census_bps\ma1410c.txt,copied-from-repo-official-cache,40524,6fcb4b18705cf67b236d76d65223f4fa6100c3dab80c047ff503c855f2bb1033,not seasonally adjusted,
U.S. Census Bureau,BPS monthly MSA/CBSA permits,https://www.census.gov/construction/bps/index.html,repo official raw cache,D:\Programming\Dynamic Paper-dlrhcs_replication\outputs\empirical\unemployment\raw_sa_pilot\raw\census_bps\ma1411c.txt,copied-from-repo-official-cache,39664,8c9b9a244bfaadd25888db0116338a2fceacf5055fe9f863a4b185f1c28749b5,not seasonally adjusted,
U.S. Census Bureau,BPS monthly MSA/CBSA permits,https://www.census.gov/construction/bps/index.html,repo official raw cache,D:\Programming\Dynamic Paper-dlrhcs_replication\outputs\empirical\unemployment\raw_sa_pilot\raw\census_bps\ma1412c.txt,copied-from-repo-official-cache,39929,d6dc8a5105ee2bf0e1a371a41d2f3ee78e8a1f9ee82244378997ae56cfd70f1d,not seasonally adjusted,
U.S. Census Bureau,BPS monthly MSA/CBSA permits,https://www.census.gov/construction/bps/index.html,repo official raw cache,D:\Programming\Dynamic Paper-dlrhcs_replication\outputs\empirical\unemployment\raw_sa_pilot\raw\census_bps\ma1501c.txt,copied-from-repo-official-cache,37936,eaa0e20a150b983bdc246613444eba7fe252ef37055b275a1c3a0bf32154537f,not seasonally adjusted,
U.S. Census Bureau,BPS monthly MSA/CBSA permits,https://www.census.gov/construction/bps/index.html,repo official raw cache,D:\Programming\Dynamic Paper-dlrhcs_replication\outputs\empirical\unemployment\raw_sa_pilot\raw\census_bps\ma1502c.txt,copied-from-repo-official-cache,37922,b4faba957740fca146eb813b0ef9aada2ada9084909a898c914936df2b8f3cb5,not seasonally adjusted,
U.S. Census Bureau,BPS monthly MSA/CBSA permits,https://www.census.gov/construction/bps/index.html,repo official raw cache,D:\Programming\Dynamic Paper-dlrhcs_replication\outputs\empirical\unemployment\raw_sa_pilot\raw\census_bps\ma1503c.txt,copied-from-repo-official-cache,38478,5b793f583316769c9c507c39bf13f23fc2c2a3f1b501537174acb4560083bf93,not seasonally adjusted,
U.S. Census Bureau,BPS monthly MSA/CBSA permits,https://www.census.gov/construction/bps/index.html,repo official raw cache,D:\Programming\Dynamic Paper-dlrhcs_replication\outputs\empirical\unemployment\raw_sa_pilot\raw\census_bps\ma1504c.txt,copied-from-repo-official-cache,38758,98c431d3903864371fcd4e7bb4ee50fe1ba3215940644c75c178575d0f662433,not seasonally adjusted,
U.S. Census Bureau,BPS monthly MSA/CBSA permits,https://www.census.gov/construction/bps/index.html,repo official raw cache,D:\Programming\Dynamic Paper-dlrhcs_replication\outputs\empirical\unemployment\raw_sa_pilot\raw\census_bps\ma1505c.txt,copied-from-repo-official-cache,38821,454a69f88a4ba7432125f3dabdadd98edaf22a8894a58ac1ce92b5863e237485,not seasonally adjusted,
U.S. Census Bureau,BPS monthly MSA/CBSA permits,https://www.census.gov/construction/bps/index.html,repo official raw cache,D:\Programming\Dynamic Paper-dlrhcs_replication\outputs\empirical\unemployment\raw_sa_pilot\raw\census_bps\ma1506c.txt,copied-from-repo-official-cache,39108,3d8f6d8c1ec0a4e7815382cfe20c8302c7576e37748d21bed8b3305a622e290c,not seasonally adjusted,
U.S. Census Bureau,BPS monthly MSA/CBSA permits,https://www.census.gov/construction/bps/index.html,repo official raw cache,D:\Programming\Dynamic Paper-dlrhcs_replication\outputs\empirical\unemployment\raw_sa_pilot\raw\census_bps\ma1507c.txt,copied-from-repo-official-cache,38904,3b48c665568b32243c9affc30aebff09b289736b03399622f944450c5b419921,not seasonally adjusted,
U.S. Census Bureau,BPS monthly MSA/CBSA permits,https://www.census.gov/construction/bps/index.html,repo official raw cache,D:\Programming\Dynamic Paper-dlrhcs_replication\outputs\empirical\unemployment\raw_sa_pilot\raw\census_bps\ma1508c.txt,copied-from-repo-official-cache,38716,e76e06bcd5a08f0d1aadfa3a831483c4601f435babc0222a6173cd61f56611c9,not seasonally adjusted,
U.S. Census Bureau,BPS monthly MSA/CBSA permits,https://www.census.gov/construction/bps/index.html,repo official raw cache,D:\Programming\Dynamic Paper-dlrhcs_replication\outputs\empirical\unemployment\raw_sa_pilot\raw\census_bps\ma1509c.txt,copied-from-repo-official-cache,38835,7812634642f4acba0ab2ebd321bed8a62c72a991bf65c44999d3226687f8fc3a,not seasonally adjusted,
U.S. Census Bureau,BPS monthly MSA/CBSA permits,https://www.census.gov/construction/bps/index.html,repo official raw cache,D:\Programming\Dynamic Paper-dlrhcs_replication\outputs\empirical\unemployment\raw_sa_pilot\raw\census_bps\ma1510c.txt,copied-from-repo-official-cache,38807,095d9b30482cefedd8ada97d3c5844dbcd562d8707100130b69efc7c668831b3,not seasonally adjusted,
U.S. Census Bureau,BPS monthly MSA/CBSA permits,https://www.census.gov/construction/bps/index.html,repo official raw cache,D:\Programming\Dynamic Paper-dlrhcs_replication\outputs\empirical\unemployment\raw_sa_pilot\raw\census_bps\ma1511c.txt,copied-from-repo-official-cache,38437,7a14db75dd5a4db2661900ae002415cbf3cf0cf78f866027b6f5cfe3f5f7dd65,not seasonally adjusted,
U.S. Census Bureau,BPS monthly MSA/CBSA permits,https://www.census.gov/construction/bps/index.html,repo official raw cache,D:\Programming\Dynamic Paper-dlrhcs_replication\outputs\empirical\unemployment\raw_sa_pilot\raw\census_bps\ma1512c.txt,copied-from-repo-official-cache,38451,ea64194048decd22d68a2183790e474b3f5bc46f64a3b9f0e90e578717337069,not seasonally adjusted,
U.S. Census Bureau,BPS monthly MSA/CBSA permits,https://www.census.gov/construction/bps/index.html,repo official raw cache,D:\Programming\Dynamic Paper-dlrhcs_replication\outputs\empirical\unemployment\raw_sa_pilot\raw\census_bps\ma1601c.txt,copied-from-repo-official-cache,38176,9d3d2b8861db9e522f74f1b4fa4afaf1dc0a7b4f5eb0b118acd5d08cd796fd34,not seasonally adjusted,
U.S. Census Bureau,BPS monthly MSA/CBSA permits,https://www.census.gov/construction/bps/index.html,repo official raw cache,D:\Programming\Dynamic Paper-dlrhcs_replication\outputs\empirical\unemployment\raw_sa_pilot\raw\census_bps\ma1602c.txt,copied-from-repo-official-cache,38402,14957bab0e05c253a87bc8283ed3f9eb0c53284b3f05ab1cadc16341ded96f19,not seasonally adjusted,
U.S. Census Bureau,BPS monthly MSA/CBSA permits,https://www.census.gov/construction/bps/index.html,repo official raw cache,D:\Programming\Dynamic Paper-dlrhcs_replication\outputs\empirical\unemployment\raw_sa_pilot\raw\census_bps\ma1603c.txt,copied-from-repo-official-cache,38944,7568e76308631a1af9e91e14aca8c38b74d28b0dce6c02100a366c81badc9525,not seasonally adjusted,
U.S. Census Bureau,BPS monthly MSA/CBSA permits,https://www.census.gov/construction/bps/index.html,repo official raw cache,D:\Programming\Dynamic Paper-dlrhcs_replication\outputs\empirical\unemployment\raw_sa_pilot\raw\census_bps\ma1604c.txt,copied-from-repo-official-cache,38866,a4b114d72efe972399d4140ae7901931e566a20e96ef840643c09b7e1a1062c1,not seasonally adjusted,
U.S. Census Bureau,BPS monthly MSA/CBSA permits,https://www.census.gov/construction/bps/index.html,repo official raw cache,D:\Programming\Dynamic Paper-dlrhcs_replication\outputs\empirical\unemployment\raw_sa_pilot\raw\census_bps\ma1605c.txt,copied-from-repo-official-cache,39050,821337eddadadd5987d8ba04756c7b72234143914ed41bf95bafe8da5f2065ea,not seasonally adjusted,
U.S. Census Bureau,BPS monthly MSA/CBSA permits,https://www.census.gov/construction/bps/index.html,repo official raw cache,D:\Programming\Dynamic Paper-dlrhcs_replication\outputs\empirical\unemployment\raw_sa_pilot\raw\census_bps\ma1606c.txt,copied-from-repo-official-cache,39278,6f331749e6d7bee1d5b883bca7676c5e48ba1200a94335580cc7223cd45fa9e5,not seasonally adjusted,
U.S. Census Bureau,BPS monthly MSA/CBSA permits,https://www.census.gov/construction/bps/index.html,repo official raw cache,D:\Programming\Dynamic Paper-dlrhcs_replication\outputs\empirical\unemployment\raw_sa_pilot\raw\census_bps\ma1607c.txt,copied-from-repo-official-cache,38803,b0c9bfd5e7c62c48dcba2306977d9dc4389d7a4bec775f0538c7bcbea968d137,not seasonally adjusted,
U.S. Census Bureau,BPS monthly MSA/CBSA permits,https://www.census.gov/construction/bps/index.html,repo official raw cache,D:\Programming\Dynamic Paper-dlrhcs_replication\outputs\empirical\unemployment\raw_sa_pilot\raw\census_bps\ma1608c.txt,copied-from-repo-official-cache,39227,d8d68ffad7abf712e7cc97572c559617eb223bf464dc8aafc314f4f56580e2d5,not seasonally adjusted,
U.S. Census Bureau,BPS monthly MSA/CBSA permits,https://www.census.gov/construction/bps/index.html,repo official raw cache,D:\Programming\Dynamic Paper-dlrhcs_replication\outputs\empirical\unemployment\raw_sa_pilot\raw\census_bps\ma1609c.txt,copied-from-repo-official-cache,38995,31f41b33a29320b1443faeacb134d34c95b464eb366cbf68caa1d45059896398,not seasonally adjusted,
U.S. Census Bureau,BPS monthly MSA/CBSA permits,https://www.census.gov/construction/bps/index.html,repo official raw cache,D:\Programming\Dynamic Paper-dlrhcs_replication\outputs\empirical\unemployment\raw_sa_pilot\raw\census_bps\ma1610c.txt,copied-from-repo-official-cache,38850,a6eff90683356b4af6af870f1f7546a5e9153ad543c42325a867b431a1047529,not seasonally adjusted,
U.S. Census Bureau,BPS monthly MSA/CBSA permits,https://www.census.gov/construction/bps/index.html,repo official raw cache,D:\Programming\Dynamic Paper-dlrhcs_replication\outputs\empirical\unemployment\raw_sa_pilot\raw\census_bps\ma1611c.txt,copied-from-repo-official-cache,38707,97dc5581acad5f36eac3b7799f1c29b4c2e401b155f375f0906ce69d6946454b,not seasonally adjusted,
U.S. Census Bureau,BPS monthly MSA/CBSA permits,https://www.census.gov/construction/bps/index.html,repo official raw cache,D:\Programming\Dynamic Paper-dlrhcs_replication\outputs\empirical\unemployment\raw_sa_pilot\raw\census_bps\ma1612c.txt,copied-from-repo-official-cache,38738,89dcb950aa032cef433c7a0593e6c65be699de4b3387a36936b59dfafd5a72bb,not seasonally adjusted,
U.S. Census Bureau,BPS monthly MSA/CBSA permits,https://www.census.gov/construction/bps/index.html,repo official raw cache,D:\Programming\Dynamic Paper-dlrhcs_replication\outputs\empirical\unemployment\raw_sa_pilot\raw\census_bps\ma1701c.txt,copied-from-repo-official-cache,38271,5c1731c017a9b76c1b54dfdf7671717cce960e37b1e38ce28f84d9621b202039,not seasonally adjusted,
U.S. Census Bureau,BPS monthly MSA/CBSA permits,https://www.census.gov/construction/bps/index.html,repo official raw cache,D:\Programming\Dynamic Paper-dlrhcs_replication\outputs\empirical\unemployment\raw_sa_pilot\raw\census_bps\ma1702c.txt,copied-from-repo-official-cache,38086,55dcc7027364a2ad6ab7a3dedbf67081688322b58b6efd5116fc17978ef1c5c9,not seasonally adjusted,
U.S. Census Bureau,BPS monthly MSA/CBSA permits,https://www.census.gov/construction/bps/index.html,repo official raw cache,D:\Programming\Dynamic Paper-dlrhcs_replication\outputs\empirical\unemployment\raw_sa_pilot\raw\census_bps\ma1703c.txt,copied-from-repo-official-cache,39131,825b7e893e97a75601288db7450e8238632c81053d0be1edae9fdea5cf835b21,not seasonally adjusted,
U.S. Census Bureau,BPS monthly MSA/CBSA permits,https://www.census.gov/construction/bps/index.html,repo official raw cache,D:\Programming\Dynamic Paper-dlrhcs_replication\outputs\empirical\unemployment\raw_sa_pilot\raw\census_bps\ma1704c.txt,copied-from-repo-official-cache,38931,8502c53cf783bf11c1f1ad77d17693b66221da452feb398d9a83d94ca69a96e3,not seasonally adjusted,
U.S. Census Bureau,BPS monthly MSA/CBSA permits,https://www.census.gov/construction/bps/index.html,repo official raw cache,D:\Programming\Dynamic Paper-dlrhcs_replication\outputs\empirical\unemployment\raw_sa_pilot\raw\census_bps\ma1705c.txt,copied-from-repo-official-cache,39218,29ad97eb43245133ea80b094707bdbcaf538d5169bfe43f1c811e3e3399f0b7b,not seasonally adjusted,
U.S. Census Bureau,BPS monthly MSA/CBSA permits,https://www.census.gov/construction/bps/index.html,repo official raw cache,D:\Programming\Dynamic Paper-dlrhcs_replication\outputs\empirical\unemployment\raw_sa_pilot\raw\census_bps\ma1706c.txt,copied-from-repo-official-cache,39454,3448e942c8e06c4de10b2187d55c20e97cef3e06c32cec66cb3c581ce01b6d29,not seasonally adjusted,
U.S. Census Bureau,BPS monthly MSA/CBSA permits,https://www.census.gov/construction/bps/index.html,repo official raw cache,D:\Programming\Dynamic Paper-dlrhcs_replication\outputs\empirical\unemployment\raw_sa_pilot\raw\census_bps\ma1707c.txt,copied-from-repo-official-cache,38898,12f27b55014f8101923ba7511b7f3da0c1ac207cd769bd0ad85ff44ffef70202,not seasonally adjusted,
U.S. Census Bureau,BPS monthly MSA/CBSA permits,https://www.census.gov/construction/bps/index.html,repo official raw cache,D:\Programming\Dynamic Paper-dlrhcs_replication\outputs\empirical\unemployment\raw_sa_pilot\raw\census_bps\ma1708c.txt,copied-from-repo-official-cache,38958,bbcfde507079cfc5fb600495d257848096cd53dacb97578b56ae33e3b9fccc13,not seasonally adjusted,
U.S. Census Bureau,BPS monthly MSA/CBSA permits,https://www.census.gov/construction/bps/index.html,repo official raw cache,D:\Programming\Dynamic Paper-dlrhcs_replication\outputs\empirical\unemployment\raw_sa_pilot\raw\census_bps\ma1709c.txt,copied-from-repo-official-cache,38569,b063aceb417908e160cee9e2dba05b58580168bf9d7e03dc2736eeb360cd0235,not seasonally adjusted,
U.S. Census Bureau,BPS monthly MSA/CBSA permits,https://www.census.gov/construction/bps/index.html,repo official raw cache,D:\Programming\Dynamic Paper-dlrhcs_replication\outputs\empirical\unemployment\raw_sa_pilot\raw\census_bps\ma1710c.txt,copied-from-repo-official-cache,38635,55e6a2910358522ae5394f2d513a9248d1ca0585850d852b8492079b203bc54c,not seasonally adjusted,
U.S. Census Bureau,BPS monthly MSA/CBSA permits,https://www.census.gov/construction/bps/index.html,repo official raw cache,D:\Programming\Dynamic Paper-dlrhcs_replication\outputs\empirical\unemployment\raw_sa_pilot\raw\census_bps\ma1711c.txt,copied-from-repo-official-cache,38405,8ab5151de548f42c745328d023e52b9f10a559524fb6a25296d2cca66462e47a,not seasonally adjusted,
U.S. Census Bureau,BPS monthly MSA/CBSA permits,https://www.census.gov/construction/bps/index.html,repo official raw cache,D:\Programming\Dynamic Paper-dlrhcs_replication\outputs\empirical\unemployment\raw_sa_pilot\raw\census_bps\ma1712c.txt,copied-from-repo-official-cache,38270,5229f14746a45cc44be6f6d76ed544ae82bcc82185a276863e3c8b3206b653cb,not seasonally adjusted,
U.S. Census Bureau,BPS monthly MSA/CBSA permits,https://www.census.gov/construction/bps/index.html,repo official raw cache,D:\Programming\Dynamic Paper-dlrhcs_replication\outputs\empirical\unemployment\raw_sa_pilot\raw\census_bps\ma1801c.txt,copied-from-repo-official-cache,38746,746fafd70ee312ad443bce0b7c3da1c58f6fe7f6a2be669589410f76bada3c57,not seasonally adjusted,
U.S. Census Bureau,BPS monthly MSA/CBSA permits,https://www.census.gov/construction/bps/index.html,repo official raw cache,D:\Programming\Dynamic Paper-dlrhcs_replication\outputs\empirical\unemployment\raw_sa_pilot\raw\census_bps\ma1802c.txt,copied-from-repo-official-cache,38678,838c9ab77c3820332e3eff0e485253294c91a0d509d2b873c2b02f498e59cac3,not seasonally adjusted,
U.S. Census Bureau,BPS monthly MSA/CBSA permits,https://www.census.gov/construction/bps/index.html,repo official raw cache,D:\Programming\Dynamic Paper-dlrhcs_replication\outputs\empirical\unemployment\raw_sa_pilot\raw\census_bps\ma1803c.txt,copied-from-repo-official-cache,38865,54231c59def042746bd8d68d0e70d1e6ecd36cb2262626eb3a1c921f55490b2d,not seasonally adjusted,
U.S. Census Bureau,BPS monthly MSA/CBSA permits,https://www.census.gov/construction/bps/index.html,repo official raw cache,D:\Programming\Dynamic Paper-dlrhcs_replication\outputs\empirical\unemployment\raw_sa_pilot\raw\census_bps\ma1804c.txt,copied-from-repo-official-cache,38926,22d60694c1d2c1f1cec07ae5cdd12f23fedc6d3237e66cdd6b41659b269ade01,not seasonally adjusted,
U.S. Census Bureau,BPS monthly MSA/CBSA permits,https://www.census.gov/construction/bps/index.html,repo official raw cache,D:\Programming\Dynamic Paper-dlrhcs_replication\outputs\empirical\unemployment\raw_sa_pilot\raw\census_bps\ma1805c.txt,copied-from-repo-official-cache,39073,09df39493880431d7d69600901b4235a2206f3c711f5b38253163f5ec0ff411c,not seasonally adjusted,
U.S. Census Bureau,BPS monthly MSA/CBSA permits,https://www.census.gov/construction/bps/index.html,repo official raw cache,D:\Programming\Dynamic Paper-dlrhcs_replication\outputs\empirical\unemployment\raw_sa_pilot\raw\census_bps\ma1806c.txt,copied-from-repo-official-cache,38737,11a71a3e35991b3f1445a482835ffe5bd17fa3d6a5adc7ca4bae91bf678642f6,not seasonally adjusted,
U.S. Census Bureau,BPS monthly MSA/CBSA permits,https://www.census.gov/construction/bps/index.html,repo official raw cache,D:\Programming\Dynamic Paper-dlrhcs_replication\outputs\empirical\unemployment\raw_sa_pilot\raw\census_bps\ma1807c.txt,copied-from-repo-official-cache,38644,b7d96f506bb2aac4b56c0502c9d98eab805f16d84fbaf52c5d65fb8da938f1f7,not seasonally adjusted,
U.S. Census Bureau,BPS monthly MSA/CBSA permits,https://www.census.gov/construction/bps/index.html,repo official raw cache,D:\Programming\Dynamic Paper-dlrhcs_replication\outputs\empirical\unemployment\raw_sa_pilot\raw\census_bps\ma1808c.txt,copied-from-repo-official-cache,39060,8111af7b16c18c455eb2fc83a85fde40b6d36893bbc5ebd7c003067c7addb229,not seasonally adjusted,
U.S. Census Bureau,BPS monthly MSA/CBSA permits,https://www.census.gov/construction/bps/index.html,repo official raw cache,D:\Programming\Dynamic Paper-dlrhcs_replication\outputs\empirical\unemployment\raw_sa_pilot\raw\census_bps\ma1809c.txt,copied-from-repo-official-cache,38676,ca78d5bd3b43b1edb4e513dfd2a1ab883736e80c06efef4be162af09468ef2e9,not seasonally adjusted,
U.S. Census Bureau,BPS monthly MSA/CBSA permits,https://www.census.gov/construction/bps/index.html,repo official raw cache,D:\Programming\Dynamic Paper-dlrhcs_replication\outputs\empirical\unemployment\raw_sa_pilot\raw\census_bps\ma1810c.txt,copied-from-repo-official-cache,39072,64b3943f89481c39495530e57ff97d2f48f66a7fd7e1766b1e9118833e4dba60,not seasonally adjusted,
U.S. Census Bureau,BPS monthly MSA/CBSA permits,https://www.census.gov/construction/bps/index.html,repo official raw cache,D:\Programming\Dynamic Paper-dlrhcs_replication\outputs\empirical\unemployment\raw_sa_pilot\raw\census_bps\ma1811c.txt,copied-from-repo-official-cache,38583,f850829345f09426324fee94c6649a0a3763c9b672619255cfa9552444dfe56d,not seasonally adjusted,
U.S. Census Bureau,BPS monthly MSA/CBSA permits,https://www.census.gov/construction/bps/index.html,repo official raw cache,D:\Programming\Dynamic Paper-dlrhcs_replication\outputs\empirical\unemployment\raw_sa_pilot\raw\census_bps\ma1812c.txt,copied-from-repo-official-cache,38119,1a16aea53da2fc8b2a53e80ce5bd90e6e2837deb05261f9f691cebb30702cfd7,not seasonally adjusted,
U.S. Census Bureau,BPS monthly MSA/CBSA permits,https://www.census.gov/construction/bps/index.html,repo official raw cache,D:\Programming\Dynamic Paper-dlrhcs_replication\outputs\empirical\unemployment\raw_sa_pilot\raw\census_bps\ma1901c.txt,copied-from-repo-official-cache,38387,5a607dea95933134e488f1f3aa5b562b19910a1f7c301e9b2379d581c482015e,not seasonally adjusted,
U.S. Census Bureau,BPS monthly MSA/CBSA permits,https://www.census.gov/construction/bps/index.html,repo official raw cache,D:\Programming\Dynamic Paper-dlrhcs_replication\outputs\empirical\unemployment\raw_sa_pilot\raw\census_bps\ma1902c.txt,copied-from-repo-official-cache,38252,284fea794608aa5a6a3f724d20336b50d00a2a615a4b0dcda580cbda342be6b2,not seasonally adjusted,
U.S. Census Bureau,BPS monthly MSA/CBSA permits,https://www.census.gov/construction/bps/index.html,repo official raw cache,D:\Programming\Dynamic Paper-dlrhcs_replication\outputs\empirical\unemployment\raw_sa_pilot\raw\census_bps\ma1903c.txt,copied-from-repo-official-cache,38627,ad968bcfa83bf9dd113f863e03ee240971791815c42480c626a8d7c1e7e1f918,not seasonally adjusted,
U.S. Census Bureau,BPS monthly MSA/CBSA permits,https://www.census.gov/construction/bps/index.html,repo official raw cache,D:\Programming\Dynamic Paper-dlrhcs_replication\outputs\empirical\unemployment\raw_sa_pilot\raw\census_bps\ma1904c.txt,copied-from-repo-official-cache,39079,e81b3696b60e5cf78201595a7a5b26568475f4b8531f551ca5eac8ffcb986b2e,not seasonally adjusted,
U.S. Census Bureau,BPS monthly MSA/CBSA permits,https://www.census.gov/construction/bps/index.html,repo official raw cache,D:\Programming\Dynamic Paper-dlrhcs_replication\outputs\empirical\unemployment\raw_sa_pilot\raw\census_bps\ma1905c.txt,copied-from-repo-official-cache,39049,6eb885a04919ce2dba029c0c9bd4e887a2e738f5c2e17236e022274937bdb63d,not seasonally adjusted,
U.S. Census Bureau,BPS monthly MSA/CBSA permits,https://www.census.gov/construction/bps/index.html,repo official raw cache,D:\Programming\Dynamic Paper-dlrhcs_replication\outputs\empirical\unemployment\raw_sa_pilot\raw\census_bps\ma1906c.txt,copied-from-repo-official-cache,38890,d562ddbf57d41be9185e7a80105b9bcfb9031ba3838878325fbe5f541db7d418,not seasonally adjusted,
U.S. Census Bureau,BPS monthly MSA/CBSA permits,https://www.census.gov/construction/bps/index.html,repo official raw cache,D:\Programming\Dynamic Paper-dlrhcs_replication\outputs\empirical\unemployment\raw_sa_pilot\raw\census_bps\ma1907c.txt,copied-from-repo-official-cache,39158,d9b15a742dc99cede11afb83317827ca37df6725929bef0d2a350caddd171708,not seasonally adjusted,
U.S. Census Bureau,BPS monthly MSA/CBSA permits,https://www.census.gov/construction/bps/index.html,repo official raw cache,D:\Programming\Dynamic Paper-dlrhcs_replication\outputs\empirical\unemployment\raw_sa_pilot\raw\census_bps\ma1908c.txt,copied-from-repo-official-cache,39204,0ab2a00730f266c093d90ca57c961264f30e03a1aa17b2b196fabdf1f576cf34,not seasonally adjusted,
U.S. Census Bureau,BPS monthly MSA/CBSA permits,https://www.census.gov/construction/bps/index.html,repo official raw cache,D:\Programming\Dynamic Paper-dlrhcs_replication\outputs\empirical\unemployment\raw_sa_pilot\raw\census_bps\ma1909c.txt,copied-from-repo-official-cache,38995,24f17958b50e48916aae2e91682fac06ea42f254fedc59c6d36224aaddc79d60,not seasonally adjusted,
U.S. Census Bureau,BPS monthly MSA/CBSA permits,https://www.census.gov/construction/bps/index.html,repo official raw cache,D:\Programming\Dynamic Paper-dlrhcs_replication\outputs\empirical\unemployment\raw_sa_pilot\raw\census_bps\ma1910c.txt,copied-from-repo-official-cache,39266,a59e92c830700fe3fa27b35c946987ab5ecbf5a0024f248d1016ebe06cef0999,not seasonally adjusted,
U.S. Census Bureau,BPS monthly MSA/CBSA permits,https://www.census.gov/construction/bps/index.html,repo official raw cache,D:\Programming\Dynamic Paper-dlrhcs_replication\outputs\empirical\unemployment\raw_sa_pilot\raw\census_bps\ma1911c.txt,copied-from-repo-official-cache,38786,de320b32466990853d24ec44b75f8f55bbaf2292fb7c5511d5392b250d2e10c4,not seasonally adjusted,
U.S. Census Bureau,BPS monthly MSA/CBSA permits,https://www.census.gov/construction/bps/index.html,repo official raw cache,D:\Programming\Dynamic Paper-dlrhcs_replication\outputs\empirical\unemployment\raw_sa_pilot\raw\census_bps\ma1912c.txt,copied-from-repo-official-cache,38690,27400cc49f8adb3af8ea6e8e1e6a47a9e7b5689deec5390bdab58173438f7174,not seasonally adjusted,
U.S. Census Bureau,BPS monthly MSA/CBSA permits,https://www.census.gov/construction/bps/index.html,repo official raw cache,D:\Programming\Dynamic Paper-dlrhcs_replication\outputs\empirical\unemployment\raw_sa_pilot\raw\census_bps\ma2001c.txt,copied-from-repo-official-cache,38598,57cadc3e2388b2f37a493f6b776d806ca0018999bac138daace95e9110d9c37b,not seasonally adjusted,
U.S. Census Bureau,BPS monthly MSA/CBSA permits,https://www.census.gov/construction/bps/index.html,repo official raw cache,D:\Programming\Dynamic Paper-dlrhcs_replication\outputs\empirical\unemployment\raw_sa_pilot\raw\census_bps\ma2002c.txt,copied-from-repo-official-cache,38557,18c5f479d7c872b1d9ecfc3ce720ad175ad99992dc730a8039cc213c60325199,not seasonally adjusted,
U.S. Census Bureau,BPS monthly MSA/CBSA permits,https://www.census.gov/construction/bps/index.html,repo official raw cache,D:\Programming\Dynamic Paper-dlrhcs_replication\outputs\empirical\unemployment\raw_sa_pilot\raw\census_bps\ma2003c.txt,copied-from-repo-official-cache,38843,d9c8372d26e041537647d77823972c4ebb54d1efc4a795068cc501cd8ce98b03,not seasonally adjusted,
U.S. Census Bureau,BPS monthly MSA/CBSA permits,https://www.census.gov/construction/bps/index.html,repo official raw cache,D:\Programming\Dynamic Paper-dlrhcs_replication\outputs\empirical\unemployment\raw_sa_pilot\raw\census_bps\ma2004c.txt,copied-from-repo-official-cache,38431,a70765c081bea3f534d5ec19bad7ab1dfa04990ea76aa6b6e95cb495fe9673df,not seasonally adjusted,
U.S. Census Bureau,BPS monthly MSA/CBSA permits,https://www.census.gov/construction/bps/index.html,repo official raw cache,D:\Programming\Dynamic Paper-dlrhcs_replication\outputs\empirical\unemployment\raw_sa_pilot\raw\census_bps\ma2005c.txt,copied-from-repo-official-cache,38880,f00c9c5f0e9fe2b099509c0df36d342c8d3554c4209c94df2375bcf10e3c1ab9,not seasonally adjusted,
U.S. Census Bureau,BPS monthly MSA/CBSA permits,https://www.census.gov/construction/bps/index.html,repo official raw cache,D:\Programming\Dynamic Paper-dlrhcs_replication\outputs\empirical\unemployment\raw_sa_pilot\raw\census_bps\ma2006c.txt,copied-from-repo-official-cache,39243,51a0270bf52179f38ff65dd8eb628ea28aa6371d207fb3f3cdb2d9a853468d8b,not seasonally adjusted,
U.S. Census Bureau,BPS monthly MSA/CBSA permits,https://www.census.gov/construction/bps/index.html,repo official raw cache,D:\Programming\Dynamic Paper-dlrhcs_replication\outputs\empirical\unemployment\raw_sa_pilot\raw\census_bps\ma2007c.txt,copied-from-repo-official-cache,39512,53cd17c8985eb315b75ff6fb398140e53fdfb9f3d8690ef8ab621d348d8a377e,not seasonally adjusted,
U.S. Census Bureau,BPS monthly MSA/CBSA permits,https://www.census.gov/construction/bps/index.html,repo official raw cache,D:\Programming\Dynamic Paper-dlrhcs_replication\outputs\empirical\unemployment\raw_sa_pilot\raw\census_bps\ma2008c.txt,copied-from-repo-official-cache,39332,a557ee7a8bc1dd719b88e4787e365ee0d23c0dbfe38c2ec79cbb4d81dd038e99,not seasonally adjusted,
U.S. Census Bureau,BPS monthly MSA/CBSA permits,https://www.census.gov/construction/bps/index.html,repo official raw cache,D:\Programming\Dynamic Paper-dlrhcs_replication\outputs\empirical\unemployment\raw_sa_pilot\raw\census_bps\ma2009c.txt,copied-from-repo-official-cache,39363,ac5e4a126c64f83198976cc57d5256e65448c1d82cec72dbf832b0b65d8de1fe,not seasonally adjusted,
U.S. Census Bureau,BPS monthly MSA/CBSA permits,https://www.census.gov/construction/bps/index.html,repo official raw cache,D:\Programming\Dynamic Paper-dlrhcs_replication\outputs\empirical\unemployment\raw_sa_pilot\raw\census_bps\ma2010c.txt,copied-from-repo-official-cache,39415,19df2e9a555d920bea97f495655c9e576ad0a552aa6c1ece41853c6a61771e7b,not seasonally adjusted,
U.S. Census Bureau,BPS monthly MSA/CBSA permits,https://www.census.gov/construction/bps/index.html,repo official raw cache,D:\Programming\Dynamic Paper-dlrhcs_replication\outputs\empirical\unemployment\raw_sa_pilot\raw\census_bps\ma2011c.txt,copied-from-repo-official-cache,38993,e030ea5218f1c39bee36db84b6a4757444571d81986d540ce84d7236024a7ddb,not seasonally adjusted,
U.S. Census Bureau,BPS monthly MSA/CBSA permits,https://www.census.gov/construction/bps/index.html,repo official raw cache,D:\Programming\Dynamic Paper-dlrhcs_replication\outputs\empirical\unemployment\raw_sa_pilot\raw\census_bps\ma2012c.txt,copied-from-repo-official-cache,39117,ed7eba45e2e7912700e80c70eb1e97b56102d8ffdb5d87ef64cf16d056c8d5a8,not seasonally adjusted,
U.S. Census Bureau,BPS monthly MSA/CBSA permits,https://www.census.gov/construction/bps/index.html,repo official raw cache,D:\Programming\Dynamic Paper-dlrhcs_replication\outputs\empirical\unemployment\raw_sa_pilot\raw\census_bps\ma2101c.txt,copied-from-repo-official-cache,38758,0aeb57c39d9b74a9ed27e4a317f342a7903869218f123120315be759ceec43ac,not seasonally adjusted,
U.S. Census Bureau,BPS monthly MSA/CBSA permits,https://www.census.gov/construction/bps/index.html,repo official raw cache,D:\Programming\Dynamic Paper-dlrhcs_replication\outputs\empirical\unemployment\raw_sa_pilot\raw\census_bps\ma2102c.txt,copied-from-repo-official-cache,38860,00c8bd2ef5e9530b6802a3eb31b2f74b565630a3dd73a4df787d97337b8d6e63,not seasonally adjusted,
U.S. Census Bureau,BPS monthly MSA/CBSA permits,https://www.census.gov/construction/bps/index.html,repo official raw cache,D:\Programming\Dynamic Paper-dlrhcs_replication\outputs\empirical\unemployment\raw_sa_pilot\raw\census_bps\ma2103c.txt,copied-from-repo-official-cache,39761,1606bcf490a1c6eed292ddc91e4549e9ac44b1351b37e4359e7826b5a05df2c5,not seasonally adjusted,
U.S. Census Bureau,BPS monthly MSA/CBSA permits,https://www.census.gov/construction/bps/index.html,repo official raw cache,D:\Programming\Dynamic Paper-dlrhcs_replication\outputs\empirical\unemployment\raw_sa_pilot\raw\census_bps\ma2104c.txt,copied-from-repo-official-cache,39551,b269c742e87890dc293efa6f0f9d31423c00e82a3e3fcb9e18e485dc339d6c89,not seasonally adjusted,
U.S. Census Bureau,BPS monthly MSA/CBSA permits,https://www.census.gov/construction/bps/index.html,repo official raw cache,D:\Programming\Dynamic Paper-dlrhcs_replication\outputs\empirical\unemployment\raw_sa_pilot\raw\census_bps\ma2105c.txt,copied-from-repo-official-cache,39353,d81e8799edcf271e7d70d2c5d91ff85273362d5ce9071dc5cc0074d423babb99,not seasonally adjusted,
U.S. Census Bureau,BPS monthly MSA/CBSA permits,https://www.census.gov/construction/bps/index.html,repo official raw cache,D:\Programming\Dynamic Paper-dlrhcs_replication\outputs\empirical\unemployment\raw_sa_pilot\raw\census_bps\ma2106c.txt,copied-from-repo-official-cache,39642,85d816e496bc78c68b155b88684413b90caa784afcdf237924777582e7d94335,not seasonally adjusted,
U.S. Census Bureau,BPS monthly MSA/CBSA permits,https://www.census.gov/construction/bps/index.html,repo official raw cache,D:\Programming\Dynamic Paper-dlrhcs_replication\outputs\empirical\unemployment\raw_sa_pilot\raw\census_bps\ma2107c.txt,copied-from-repo-official-cache,39242,9d46b355d18d050bc671e9aa395b82bec3d80500592cd8c27ee05f2bb8360b15,not seasonally adjusted,
U.S. Census Bureau,BPS monthly MSA/CBSA permits,https://www.census.gov/construction/bps/index.html,repo official raw cache,D:\Programming\Dynamic Paper-dlrhcs_replication\outputs\empirical\unemployment\raw_sa_pilot\raw\census_bps\ma2108c.txt,copied-from-repo-official-cache,39430,6c46461f1f89c69596bc36037c233a07438f3cc2f07e16f2b20ab9790187b01d,not seasonally adjusted,
U.S. Census Bureau,BPS monthly MSA/CBSA permits,https://www.census.gov/construction/bps/index.html,repo official raw cache,D:\Programming\Dynamic Paper-dlrhcs_replication\outputs\empirical\unemployment\raw_sa_pilot\raw\census_bps\ma2109c.txt,copied-from-repo-official-cache,39346,5888ca1c629a50a84d8b5c8558b1584aeae15ef229dd9d474cb80b53c7c26345,not seasonally adjusted,
U.S. Census Bureau,BPS monthly MSA/CBSA permits,https://www.census.gov/construction/bps/index.html,repo official raw cache,D:\Programming\Dynamic Paper-dlrhcs_replication\outputs\empirical\unemployment\raw_sa_pilot\raw\census_bps\ma2110c.txt,copied-from-repo-official-cache,39288,1ec519445179bfda7e943da6b288bfae4a47ef635b553e9c4282cf830d09ec95,not seasonally adjusted,
U.S. Census Bureau,BPS monthly MSA/CBSA permits,https://www.census.gov/construction/bps/index.html,repo official raw cache,D:\Programming\Dynamic Paper-dlrhcs_replication\outputs\empirical\unemployment\raw_sa_pilot\raw\census_bps\ma2111c.txt,copied-from-repo-official-cache,39172,fc29e45e562dda974efc1f7aa5e0769d3abc0abdcaaba780704544585f89ae19,not seasonally adjusted,
U.S. Census Bureau,BPS monthly MSA/CBSA permits,https://www.census.gov/construction/bps/index.html,repo official raw cache,D:\Programming\Dynamic Paper-dlrhcs_replication\outputs\empirical\unemployment\raw_sa_pilot\raw\census_bps\ma2112c.txt,copied-from-repo-official-cache,39392,089b6c8fdf93f8f0c56dfb0a8111b4396356b3cb2f297237856813052f958858,not seasonally adjusted,
U.S. Census Bureau,BPS monthly MSA/CBSA permits,https://www.census.gov/construction/bps/index.html,repo official raw cache,D:\Programming\Dynamic Paper-dlrhcs_replication\outputs\empirical\unemployment\raw_sa_pilot\raw\census_bps\ma2201c.txt,copied-from-repo-official-cache,41268,e72aa81e40ebc297d0f4d1684b4f24cbebc6d9ceb3bbc59a68aefc3c521ed291,not seasonally adjusted,
U.S. Census Bureau,BPS monthly MSA/CBSA permits,https://www.census.gov/construction/bps/index.html,repo official raw cache,D:\Programming\Dynamic Paper-dlrhcs_replication\outputs\empirical\unemployment\raw_sa_pilot\raw\census_bps\ma2202c.txt,copied-from-repo-official-cache,41222,f0e4fe5d8c7d290ce609131bd1d0950d587e2ed32d00c32b9bd119cb9c7e9991,not seasonally adjusted,
U.S. Census Bureau,BPS monthly MSA/CBSA permits,https://www.census.gov/construction/bps/index.html,repo official raw cache,D:\Programming\Dynamic Paper-dlrhcs_replication\outputs\empirical\unemployment\raw_sa_pilot\raw\census_bps\ma2203c.txt,copied-from-repo-official-cache,41983,488f07fffc6e4cfa0a4a48b0be107c5d872395a00ce722d92b97f0f39e4fdf3f,not seasonally adjusted,
U.S. Census Bureau,BPS monthly MSA/CBSA permits,https://www.census.gov/construction/bps/index.html,repo official raw cache,D:\Programming\Dynamic Paper-dlrhcs_replication\outputs\empirical\unemployment\raw_sa_pilot\raw\census_bps\ma2204c.txt,copied-from-repo-official-cache,41905,e3bf57b162e9366c90b2a076cd7c3ed560d88e30129606c2380d61ff5d7300c0,not seasonally adjusted,
U.S. Census Bureau,BPS monthly MSA/CBSA permits,https://www.census.gov/construction/bps/index.html,repo official raw cache,D:\Programming\Dynamic Paper-dlrhcs_replication\outputs\empirical\unemployment\raw_sa_pilot\raw\census_bps\ma2205c.txt,copied-from-repo-official-cache,41869,55068c66dbe64b7982eede23673e7c8d210c98b33b90095b7aaabeacdbcd8bb9,not seasonally adjusted,
U.S. Census Bureau,BPS monthly MSA/CBSA permits,https://www.census.gov/construction/bps/index.html,repo official raw cache,D:\Programming\Dynamic Paper-dlrhcs_replication\outputs\empirical\unemployment\raw_sa_pilot\raw\census_bps\ma2206c.txt,copied-from-repo-official-cache,41947,35f2c2af1283b8d837ff72cbc1923ff30aecf8dae342c40e38921cb5b2311ed4,not seasonally adjusted,
U.S. Census Bureau,BPS monthly MSA/CBSA permits,https://www.census.gov/construction/bps/index.html,repo official raw cache,D:\Programming\Dynamic Paper-dlrhcs_replication\outputs\empirical\unemployment\raw_sa_pilot\raw\census_bps\ma2207c.txt,copied-from-repo-official-cache,41636,4dec830875959cdff64b7552bee0bdbae7b266ffc2c699a761c56e2ee3e765a8,not seasonally adjusted,
U.S. Census Bureau,BPS monthly MSA/CBSA permits,https://www.census.gov/construction/bps/index.html,repo official raw cache,D:\Programming\Dynamic Paper-dlrhcs_replication\outputs\empirical\unemployment\raw_sa_pilot\raw\census_bps\ma2208c.txt,copied-from-repo-official-cache,41800,31b4a5ca352053679d7b946bda2a0e8740d6e3e22250b267c68e67d917e24d7a,not seasonally adjusted,
U.S. Census Bureau,BPS monthly MSA/CBSA permits,https://www.census.gov/construction/bps/index.html,repo official raw cache,D:\Programming\Dynamic Paper-dlrhcs_replication\outputs\empirical\unemployment\raw_sa_pilot\raw\census_bps\ma2209c.txt,copied-from-repo-official-cache,41526,a5d16472cefa561f9d3d8183f79de212ee5d53f63f05c714f813e1366d9877d8,not seasonally adjusted,
U.S. Census Bureau,BPS monthly MSA/CBSA permits,https://www.census.gov/construction/bps/index.html,repo official raw cache,D:\Programming\Dynamic Paper-dlrhcs_replication\outputs\empirical\unemployment\raw_sa_pilot\raw\census_bps\ma2210c.txt,copied-from-repo-official-cache,41542,36ad245c217bbbc9f98b54d75bf79c81ed04038827ca7242d6d7c06d1a7b4a16,not seasonally adjusted,
U.S. Census Bureau,BPS monthly MSA/CBSA permits,https://www.census.gov/construction/bps/index.html,repo official raw cache,D:\Programming\Dynamic Paper-dlrhcs_replication\outputs\empirical\unemployment\raw_sa_pilot\raw\census_bps\ma2211c.txt,copied-from-repo-official-cache,41072,a416b0727e03d3402fdf4dc5c6e9ac61ba38ea61d460bce64b66f2a3562475fc,not seasonally adjusted,
U.S. Census Bureau,BPS monthly MSA/CBSA permits,https://www.census.gov/construction/bps/index.html,repo official raw cache,D:\Programming\Dynamic Paper-dlrhcs_replication\outputs\empirical\unemployment\raw_sa_pilot\raw\census_bps\ma2212c.txt,copied-from-repo-official-cache,40696,55526a692c3f217886f537f065775af638e379e0238ecd720bffaf3767c7cdd6,not seasonally adjusted,
U.S. Census Bureau,BPS monthly MSA/CBSA permits,https://www.census.gov/construction/bps/index.html,repo official raw cache,D:\Programming\Dynamic Paper-dlrhcs_replication\outputs\empirical\unemployment\raw_sa_pilot\raw\census_bps\ma2301c.txt,copied-from-repo-official-cache,40764,f5e37d971ed342202fafdcdbdcaefa6193c04a51d68512ceab202d30c0b10427,not seasonally adjusted,
U.S. Census Bureau,BPS monthly MSA/CBSA permits,https://www.census.gov/construction/bps/index.html,repo official raw cache,D:\Programming\Dynamic Paper-dlrhcs_replication\outputs\empirical\unemployment\raw_sa_pilot\raw\census_bps\ma2302c.txt,copied-from-repo-official-cache,40925,8837c4efdae28844d78c818f1ba47a4efbac5d401848ef54836fbeb5a4f21178,not seasonally adjusted,
U.S. Census Bureau,BPS monthly MSA/CBSA permits,https://www.census.gov/construction/bps/index.html,repo official raw cache,D:\Programming\Dynamic Paper-dlrhcs_replication\outputs\empirical\unemployment\raw_sa_pilot\raw\census_bps\ma2303c.txt,copied-from-repo-official-cache,41578,38a7dd58c52731c8143c12ca2f9cb0c0637e7f8bed53e5a7046beca7a8ca19f6,not seasonally adjusted,
U.S. Census Bureau,BPS monthly MSA/CBSA permits,https://www.census.gov/construction/bps/index.html,repo official raw cache,D:\Programming\Dynamic Paper-dlrhcs_replication\outputs\empirical\unemployment\raw_sa_pilot\raw\census_bps\ma2304c.txt,copied-from-repo-official-cache,41415,7ce85cd8cd1bff49df1692f17876eff10fd7757b9554630bf68c8355448003db,not seasonally adjusted,
U.S. Census Bureau,BPS monthly MSA/CBSA permits,https://www.census.gov/construction/bps/index.html,repo official raw cache,D:\Programming\Dynamic Paper-dlrhcs_replication\outputs\empirical\unemployment\raw_sa_pilot\raw\census_bps\ma2305c.txt,copied-from-repo-official-cache,41755,d101c23062bb0b3d71bbde3fbca6fa234057a55bdafebbddd2e88a7a69adde4b,not seasonally adjusted,
U.S. Census Bureau,BPS monthly MSA/CBSA permits,https://www.census.gov/construction/bps/index.html,repo official raw cache,D:\Programming\Dynamic Paper-dlrhcs_replication\outputs\empirical\unemployment\raw_sa_pilot\raw\census_bps\ma2306c.txt,copied-from-repo-official-cache,41698,1d55549e3f77c2f6116a0392cfc129e511a6adcdfa33267e9d4390cd7f916dca,not seasonally adjusted,
U.S. Census Bureau,BPS monthly MSA/CBSA permits,https://www.census.gov/construction/bps/index.html,repo official raw cache,D:\Programming\Dynamic Paper-dlrhcs_replication\outputs\empirical\unemployment\raw_sa_pilot\raw\census_bps\ma2307c.txt,copied-from-repo-official-cache,41430,7bbfc8ecc5a6d3d71418183ddb732db268601198628e19f168b1ad1b6e50d2ab,not seasonally adjusted,
U.S. Census Bureau,BPS monthly MSA/CBSA permits,https://www.census.gov/construction/bps/index.html,repo official raw cache,D:\Programming\Dynamic Paper-dlrhcs_replication\outputs\empirical\unemployment\raw_sa_pilot\raw\census_bps\ma2308c.txt,copied-from-repo-official-cache,41854,f1a7f19edebdf4b7acc60fc612779bd37cc21fdab894cc2a99043f45ccdecfb9,not seasonally adjusted,
U.S. Census Bureau,BPS monthly MSA/CBSA permits,https://www.census.gov/construction/bps/index.html,repo official raw cache,D:\Programming\Dynamic Paper-dlrhcs_replication\outputs\empirical\unemployment\raw_sa_pilot\raw\census_bps\ma2309c.txt,copied-from-repo-official-cache,41446,415cee703f81e0abe12880eb71ff5f78a02bd11389055d316d603e283f066146,not seasonally adjusted,
U.S. Census Bureau,BPS monthly MSA/CBSA permits,https://www.census.gov/construction/bps/index.html,repo official raw cache,D:\Programming\Dynamic Paper-dlrhcs_replication\outputs\empirical\unemployment\raw_sa_pilot\raw\census_bps\ma2310c.txt,copied-from-repo-official-cache,41583,ffc37fe67857fb8bac735a56295c99c0451b74b05ecea32c61bbb7ca3a214fd3,not seasonally adjusted,
U.S. Census Bureau,BPS monthly MSA/CBSA permits,https://www.census.gov/construction/bps/index.html,repo official raw cache,D:\Programming\Dynamic Paper-dlrhcs_replication\outputs\empirical\unemployment\raw_sa_pilot\raw\census_bps\ma2311c.txt,copied-from-repo-official-cache,41122,8e01b81d24d4a3a29ba5fc2ae9a0bbb63ac8c6f317ed2d564693fd851ab5aa6e,not seasonally adjusted,
U.S. Census Bureau,BPS monthly MSA/CBSA permits,https://www.census.gov/construction/bps/index.html,repo official raw cache,D:\Programming\Dynamic Paper-dlrhcs_replication\outputs\empirical\unemployment\raw_sa_pilot\raw\census_bps\ma2312c.txt,copied-from-repo-official-cache,40946,93a5699612b36b821b28c173e4a84823ea7a1f614212f46cfe669b6c0fd101ec,not seasonally adjusted,
U.S. Census Bureau,BPS monthly MSA/CBSA permits,https://www.census.gov/construction/bps/index.html,repo official raw cache,D:\Programming\Dynamic Paper-dlrhcs_replication\outputs\empirical\unemployment\raw_sa_pilot\raw\census_bps\ma8801c.txt,copied-from-repo-official-cache,41516,31d710b590a30dc71aced03216f5629e78e67d935414c9acc30093ecb94da958,not seasonally adjusted,
U.S. Census Bureau,BPS monthly MSA/CBSA permits,https://www.census.gov/construction/bps/index.html,repo official raw cache,D:\Programming\Dynamic Paper-dlrhcs_replication\outputs\empirical\unemployment\raw_sa_pilot\raw\census_bps\ma8802c.txt,copied-from-repo-official-cache,42317,0761be4bff37ec27b8c65252da08a069350b21cdb60a2548c4ba1cab67a7d1aa,not seasonally adjusted,
U.S. Census Bureau,BPS monthly MSA/CBSA permits,https://www.census.gov/construction/bps/index.html,repo official raw cache,D:\Programming\Dynamic Paper-dlrhcs_replication\outputs\empirical\unemployment\raw_sa_pilot\raw\census_bps\ma8803c.txt,copied-from-repo-official-cache,43141,d5211b1a5c06f942c6c94c497ddc1ed87d687083e80e922c73ac85391fe23aff,not seasonally adjusted,
U.S. Census Bureau,BPS monthly MSA/CBSA permits,https://www.census.gov/construction/bps/index.html,repo official raw cache,D:\Programming\Dynamic Paper-dlrhcs_replication\outputs\empirical\unemployment\raw_sa_pilot\raw\census_bps\ma8804c.txt,copied-from-repo-official-cache,43484,def277d40bb69fc5f969d731f37ce1471421d4c3049cf9060e0f0a80d7953c07,not seasonally adjusted,
U.S. Census Bureau,BPS monthly MSA/CBSA permits,https://www.census.gov/construction/bps/index.html,repo official raw cache,D:\Programming\Dynamic Paper-dlrhcs_replication\outputs\empirical\unemployment\raw_sa_pilot\raw\census_bps\ma8805c.txt,copied-from-repo-official-cache,43227,74c3ce0d43d547d51b418d127145cbe4fd764e11798eab325805f5d58fe869e2,not seasonally adjusted,
U.S. Census Bureau,BPS monthly MSA/CBSA permits,https://www.census.gov/construction/bps/index.html,repo official raw cache,D:\Programming\Dynamic Paper-dlrhcs_replication\outputs\empirical\unemployment\raw_sa_pilot\raw\census_bps\ma8806c.txt,copied-from-repo-official-cache,43691,54d264297add8e15b788dd9513b87048521a56f8543c3e0b28e6372b0588ed5f,not seasonally adjusted,
U.S. Census Bureau,BPS monthly MSA/CBSA permits,https://www.census.gov/construction/bps/index.html,repo official raw cache,D:\Programming\Dynamic Paper-dlrhcs_replication\outputs\empirical\unemployment\raw_sa_pilot\raw\census_bps\ma8807c.txt,copied-from-repo-official-cache,43100,e520b1016a20bafc1064d518772c45e033c4f8c726a0899784dc932e7a7317d5,not seasonally adjusted,
U.S. Census Bureau,BPS monthly MSA/CBSA permits,https://www.census.gov/construction/bps/index.html,repo official raw cache,D:\Programming\Dynamic Paper-dlrhcs_replication\outputs\empirical\unemployment\raw_sa_pilot\raw\census_bps\ma8808c.txt,copied-from-repo-official-cache,43257,17a0702f5c7580de02f432aac5087aded942c3b2f56358882cee0dd09817d52a,not seasonally adjusted,
U.S. Census Bureau,BPS monthly MSA/CBSA permits,https://www.census.gov/construction/bps/index.html,repo official raw cache,D:\Programming\Dynamic Paper-dlrhcs_replication\outputs\empirical\unemployment\raw_sa_pilot\raw\census_bps\ma8809c.txt,copied-from-repo-official-cache,42848,e926ff1f50e5af935a64b0fc2529e934555d9dd0a456a7647f9b9bb2e91cbe36,not seasonally adjusted,
U.S. Census Bureau,BPS monthly MSA/CBSA permits,https://www.census.gov/construction/bps/index.html,repo official raw cache,D:\Programming\Dynamic Paper-dlrhcs_replication\outputs\empirical\unemployment\raw_sa_pilot\raw\census_bps\ma8810c.txt,copied-from-repo-official-cache,38695,d4e4f6397dd7d08479e08e2002aa54c59378f473039d5ad7ca7b2a094a6486f2,not seasonally adjusted,
U.S. Census Bureau,BPS monthly MSA/CBSA permits,https://www.census.gov/construction/bps/index.html,repo official raw cache,D:\Programming\Dynamic Paper-dlrhcs_replication\outputs\empirical\unemployment\raw_sa_pilot\raw\census_bps\ma8811c.txt,copied-from-repo-official-cache,39308,a9e50aafb943ef1e0704b69d024119d162c9d73adf15dc4bb1a673f164014781,not seasonally adjusted,
U.S. Census Bureau,BPS monthly MSA/CBSA permits,https://www.census.gov/construction/bps/index.html,repo official raw cache,D:\Programming\Dynamic Paper-dlrhcs_replication\outputs\empirical\unemployment\raw_sa_pilot\raw\census_bps\ma8812c.txt,copied-from-repo-official-cache,39055,663fd68b9b6fed96e50c916dfc214935cd1ac71c851f59b053186c4784f58bae,not seasonally adjusted,
U.S. Census Bureau,BPS monthly MSA/CBSA permits,https://www.census.gov/construction/bps/index.html,repo official raw cache,D:\Programming\Dynamic Paper-dlrhcs_replication\outputs\empirical\unemployment\raw_sa_pilot\raw\census_bps\ma8901c.txt,copied-from-repo-official-cache,38821,31748b4e1058432e0d43b6d33b008fffbd1b83e271662f6ab39d47b4be0c26f4,not seasonally adjusted,
U.S. Census Bureau,BPS monthly MSA/CBSA permits,https://www.census.gov/construction/bps/index.html,repo official raw cache,D:\Programming\Dynamic Paper-dlrhcs_replication\outputs\empirical\unemployment\raw_sa_pilot\raw\census_bps\ma8902c.txt,copied-from-repo-official-cache,38727,043ce7178102853774b8f5d41f12486b7ae23c639641a762959ceb96dd91638d,not seasonally adjusted,
U.S. Census Bureau,BPS monthly MSA/CBSA permits,https://www.census.gov/construction/bps/index.html,repo official raw cache,D:\Programming\Dynamic Paper-dlrhcs_replication\outputs\empirical\unemployment\raw_sa_pilot\raw\census_bps\ma8903c.txt,copied-from-repo-official-cache,39716,6e67f0d6f4f9f6da533cdeed48d59890ceca9bdf7e298d4b93b2cc6eeb7454fa,not seasonally adjusted,
U.S. Census Bureau,BPS monthly MSA/CBSA permits,https://www.census.gov/construction/bps/index.html,repo official raw cache,D:\Programming\Dynamic Paper-dlrhcs_replication\outputs\empirical\unemployment\raw_sa_pilot\raw\census_bps\ma8904c.txt,copied-from-repo-official-cache,39810,c65eb256f385f6c3d68911cfe171a82b9f73f51b89ad6fdcaf0c39dae80a85d0,not seasonally adjusted,
U.S. Census Bureau,BPS monthly MSA/CBSA permits,https://www.census.gov/construction/bps/index.html,repo official raw cache,D:\Programming\Dynamic Paper-dlrhcs_replication\outputs\empirical\unemployment\raw_sa_pilot\raw\census_bps\ma8905c.txt,copied-from-repo-official-cache,38834,a40e376b4ca5fabf0995ec402d905e1dea1fdeb75e8bc3256e4ffc0f8bc5698b,not seasonally adjusted,
U.S. Census Bureau,BPS monthly MSA/CBSA permits,https://www.census.gov/construction/bps/index.html,repo official raw cache,D:\Programming\Dynamic Paper-dlrhcs_replication\outputs\empirical\unemployment\raw_sa_pilot\raw\census_bps\ma8906c.txt,copied-from-repo-official-cache,38899,cfe02fd33a989b36dddc744ee2b90d8f62e4bddbbd08815385dff68a194a5821,not seasonally adjusted,
U.S. Census Bureau,BPS monthly MSA/CBSA permits,https://www.census.gov/construction/bps/index.html,repo official raw cache,D:\Programming\Dynamic Paper-dlrhcs_replication\outputs\empirical\unemployment\raw_sa_pilot\raw\census_bps\ma8907c.txt,copied-from-repo-official-cache,38404,7300f5b251698b87fc9cfa91f67cc3450ed6a6f665fb16aa62d7ed55244ffa03,not seasonally adjusted,
U.S. Census Bureau,BPS monthly MSA/CBSA permits,https://www.census.gov/construction/bps/index.html,repo official raw cache,D:\Programming\Dynamic Paper-dlrhcs_replication\outputs\empirical\unemployment\raw_sa_pilot\raw\census_bps\ma8908c.txt,copied-from-repo-official-cache,38895,7d650331ad0e7e1ca3baccc10bb223e67a7bf826c70fd5484c26dd0ff8d19dbb,not seasonally adjusted,
U.S. Census Bureau,BPS monthly MSA/CBSA permits,https://www.census.gov/construction/bps/index.html,repo official raw cache,D:\Programming\Dynamic Paper-dlrhcs_replication\outputs\empirical\unemployment\raw_sa_pilot\raw\census_bps\ma8909c.txt,copied-from-repo-official-cache,38410,770f58756b8cee8456f1930f02fe16e69f6760c2d57d3da60c20ea13a1ea2cc7,not seasonally adjusted,
U.S. Census Bureau,BPS monthly MSA/CBSA permits,https://www.census.gov/construction/bps/index.html,repo official raw cache,D:\Programming\Dynamic Paper-dlrhcs_replication\outputs\empirical\unemployment\raw_sa_pilot\raw\census_bps\ma8910c.txt,copied-from-repo-official-cache,38666,8bc0ef9481b0188146f1af3a5279c0ced65a33795a55047712a5fba934854506,not seasonally adjusted,
U.S. Census Bureau,BPS monthly MSA/CBSA permits,https://www.census.gov/construction/bps/index.html,repo official raw cache,D:\Programming\Dynamic Paper-dlrhcs_replication\outputs\empirical\unemployment\raw_sa_pilot\raw\census_bps\ma8911c.txt,copied-from-repo-official-cache,38247,4d0321a92c697486fee23d945db0118f43c529e5067c287384db26b32d5ccea7,not seasonally adjusted,
U.S. Census Bureau,BPS monthly MSA/CBSA permits,https://www.census.gov/construction/bps/index.html,repo official raw cache,D:\Programming\Dynamic Paper-dlrhcs_replication\outputs\empirical\unemployment\raw_sa_pilot\raw\census_bps\ma8912c.txt,copied-from-repo-official-cache,37861,0380c26504b499efab1726d88d6d41fb8877e8f45d7be278b32d04bbafc9b000,not seasonally adjusted,
U.S. Census Bureau,BPS monthly MSA/CBSA permits,https://www.census.gov/construction/bps/index.html,repo official raw cache,D:\Programming\Dynamic Paper-dlrhcs_replication\outputs\empirical\unemployment\raw_sa_pilot\raw\census_bps\ma9001c.txt,copied-from-repo-official-cache,38215,1e31b8e2100ab3e18b35b5ce75a63fb7c6bb029d73ee4ec50acc499a1d2941a6,not seasonally adjusted,
U.S. Census Bureau,BPS monthly MSA/CBSA permits,https://www.census.gov/construction/bps/index.html,repo official raw cache,D:\Programming\Dynamic Paper-dlrhcs_replication\outputs\empirical\unemployment\raw_sa_pilot\raw\census_bps\ma9002c.txt,copied-from-repo-official-cache,37596,ed8204bb48b427ecc39f5ee0615a552f50fa9a835e90132962d177c6cbbb13d6,not seasonally adjusted,
U.S. Census Bureau,BPS monthly MSA/CBSA permits,https://www.census.gov/construction/bps/index.html,repo official raw cache,D:\Programming\Dynamic Paper-dlrhcs_replication\outputs\empirical\unemployment\raw_sa_pilot\raw\census_bps\ma9003c.txt,copied-from-repo-official-cache,38317,2d726604c019671e5fa9e2d5243d7d072607f2f498f21563106ec25f5b7c93f9,not seasonally adjusted,
U.S. Census Bureau,BPS monthly MSA/CBSA permits,https://www.census.gov/construction/bps/index.html,repo official raw cache,D:\Programming\Dynamic Paper-dlrhcs_replication\outputs\empirical\unemployment\raw_sa_pilot\raw\census_bps\ma9004c.txt,copied-from-repo-official-cache,38469,29559fa96bced7d131bbf6ec951f9391cdc2819bd7b8cbfb1903baf8c853fc76,not seasonally adjusted,
U.S. Census Bureau,BPS monthly MSA/CBSA permits,https://www.census.gov/construction/bps/index.html,repo official raw cache,D:\Programming\Dynamic Paper-dlrhcs_replication\outputs\empirical\unemployment\raw_sa_pilot\raw\census_bps\ma9005c.txt,copied-from-repo-official-cache,38514,260f0adca530c60f7be143b8a50c7d3e5d0933e31ce2a926e584f4250656d2af,not seasonally adjusted,
U.S. Census Bureau,BPS monthly MSA/CBSA permits,https://www.census.gov/construction/bps/index.html,repo official raw cache,D:\Programming\Dynamic Paper-dlrhcs_replication\outputs\empirical\unemployment\raw_sa_pilot\raw\census_bps\ma9006c.txt,copied-from-repo-official-cache,38414,e3ff4842c15f4642d8ef503ddacfaca3696b585dd0ad7cf6fa79545733c7601b,not seasonally adjusted,
U.S. Census Bureau,BPS monthly MSA/CBSA permits,https://www.census.gov/construction/bps/index.html,repo official raw cache,D:\Programming\Dynamic Paper-dlrhcs_replication\outputs\empirical\unemployment\raw_sa_pilot\raw\census_bps\ma9007c.txt,copied-from-repo-official-cache,38350,c3b8620a576c59343ba1c5b3124bb0661546b4ecc5d205bb8aa3da2adc734923,not seasonally adjusted,
U.S. Census Bureau,BPS monthly MSA/CBSA permits,https://www.census.gov/construction/bps/index.html,repo official raw cache,D:\Programming\Dynamic Paper-dlrhcs_replication\outputs\empirical\unemployment\raw_sa_pilot\raw\census_bps\ma9008c.txt,copied-from-repo-official-cache,38496,a5d37119d885a241d33ef9e3fe3fc8ef1ac527f64b5828c44de4f1286e587a42,not seasonally adjusted,
U.S. Census Bureau,BPS monthly MSA/CBSA permits,https://www.census.gov/construction/bps/index.html,repo official raw cache,D:\Programming\Dynamic Paper-dlrhcs_replication\outputs\empirical\unemployment\raw_sa_pilot\raw\census_bps\ma9009c.txt,copied-from-repo-official-cache,37885,f6f42a7f0303fd2f8d7340b5ddf632117cdaae33cbe72eaef0c6171608e2aae2,not seasonally adjusted,
U.S. Census Bureau,BPS monthly MSA/CBSA permits,https://www.census.gov/construction/bps/index.html,repo official raw cache,D:\Programming\Dynamic Paper-dlrhcs_replication\outputs\empirical\unemployment\raw_sa_pilot\raw\census_bps\ma9010c.txt,copied-from-repo-official-cache,37944,dcc390f963cd5d4e57ea39deb35182c0c6dabe1786a3706da8f81e9852013104,not seasonally adjusted,
U.S. Census Bureau,BPS monthly MSA/CBSA permits,https://www.census.gov/construction/bps/index.html,repo official raw cache,D:\Programming\Dynamic Paper-dlrhcs_replication\outputs\empirical\unemployment\raw_sa_pilot\raw\census_bps\ma9011c.txt,copied-from-repo-official-cache,37683,3dc6b247925893cb9a63bc66a97fb69bb018462208732e7ad9582d7576339910,not seasonally adjusted,
U.S. Census Bureau,BPS monthly MSA/CBSA permits,https://www.census.gov/construction/bps/index.html,repo official raw cache,D:\Programming\Dynamic Paper-dlrhcs_replication\outputs\empirical\unemployment\raw_sa_pilot\raw\census_bps\ma9012c.txt,copied-from-repo-official-cache,37048,91c9cbe9e88bd8284ca0e36d80e94a8db4701147a763fa5ce2fd6d58a3670612,not seasonally adjusted,
U.S. Census Bureau,BPS monthly MSA/CBSA permits,https://www.census.gov/construction/bps/index.html,repo official raw cache,D:\Programming\Dynamic Paper-dlrhcs_replication\outputs\empirical\unemployment\raw_sa_pilot\raw\census_bps\ma9101c.txt,copied-from-repo-official-cache,36726,9a76d770f071497eeb978606a2881765eea4c12189527ee39a22f2d78c5818ab,not seasonally adjusted,
U.S. Census Bureau,BPS monthly MSA/CBSA permits,https://www.census.gov/construction/bps/index.html,repo official raw cache,D:\Programming\Dynamic Paper-dlrhcs_replication\outputs\empirical\unemployment\raw_sa_pilot\raw\census_bps\ma9102c.txt,copied-from-repo-official-cache,37062,1c4567a9bd2393edd0003bbfeb7598b54ede1a472b868cba611e2f478cadcf0a,not seasonally adjusted,
U.S. Census Bureau,BPS monthly MSA/CBSA permits,https://www.census.gov/construction/bps/index.html,repo official raw cache,D:\Programming\Dynamic Paper-dlrhcs_replication\outputs\empirical\unemployment\raw_sa_pilot\raw\census_bps\ma9103c.txt,copied-from-repo-official-cache,37811,4bce6e6c7f9dc7d96686930b9224334b91c30c0c6f525a644039b8c50207c8f8,not seasonally adjusted,
U.S. Census Bureau,BPS monthly MSA/CBSA permits,https://www.census.gov/construction/bps/index.html,repo official raw cache,D:\Programming\Dynamic Paper-dlrhcs_replication\outputs\empirical\unemployment\raw_sa_pilot\raw\census_bps\ma9104c.txt,copied-from-repo-official-cache,38117,2e5e35daa27a3f67f4897b9187ef2d96f5901d778276a515fcc682e91778548b,not seasonally adjusted,
U.S. Census Bureau,BPS monthly MSA/CBSA permits,https://www.census.gov/construction/bps/index.html,repo official raw cache,D:\Programming\Dynamic Paper-dlrhcs_replication\outputs\empirical\unemployment\raw_sa_pilot\raw\census_bps\ma9105c.txt,copied-from-repo-official-cache,38205,3fe00c5a4285b5c8c2e57ba58e72b9a524d9f7557917c844a616eba123b457f9,not seasonally adjusted,
U.S. Census Bureau,BPS monthly MSA/CBSA permits,https://www.census.gov/construction/bps/index.html,repo official raw cache,D:\Programming\Dynamic Paper-dlrhcs_replication\outputs\empirical\unemployment\raw_sa_pilot\raw\census_bps\ma9106c.txt,copied-from-repo-official-cache,38261,00138b2f8588ec2076a98cd1040fdf8a349f1077111ad1ce8b4a2ae05172b8f4,not seasonally adjusted,
U.S. Census Bureau,BPS monthly MSA/CBSA permits,https://www.census.gov/construction/bps/index.html,repo official raw cache,D:\Programming\Dynamic Paper-dlrhcs_replication\outputs\empirical\unemployment\raw_sa_pilot\raw\census_bps\ma9107c.txt,copied-from-repo-official-cache,38048,4b61f229ad9803dba8b7c1da7e94a5be7ae4d9c749feeffe1f222ba80e3b9bb6,not seasonally adjusted,
U.S. Census Bureau,BPS monthly MSA/CBSA permits,https://www.census.gov/construction/bps/index.html,repo official raw cache,D:\Programming\Dynamic Paper-dlrhcs_replication\outputs\empirical\unemployment\raw_sa_pilot\raw\census_bps\ma9108c.txt,copied-from-repo-official-cache,38071,bc8514f0ffc72456d63c4bf874343a6d51796b90adbf2aab6bb5d743e87a2e6e,not seasonally adjusted,
U.S. Census Bureau,BPS monthly MSA/CBSA permits,https://www.census.gov/construction/bps/index.html,repo official raw cache,D:\Programming\Dynamic Paper-dlrhcs_replication\outputs\empirical\unemployment\raw_sa_pilot\raw\census_bps\ma9109c.txt,copied-from-repo-official-cache,38120,723430f7f463cff2d66c713b4d19c06a0d3a033dc720739e22498d5e11e5dfea,not seasonally adjusted,
U.S. Census Bureau,BPS monthly MSA/CBSA permits,https://www.census.gov/construction/bps/index.html,repo official raw cache,D:\Programming\Dynamic Paper-dlrhcs_replication\outputs\empirical\unemployment\raw_sa_pilot\raw\census_bps\ma9110c.txt,copied-from-repo-official-cache,38184,e502ac61a81d6a2b153ee0c34dd4203ce18b50925001cc68b7902c8c2d72c03b,not seasonally adjusted,
U.S. Census Bureau,BPS monthly MSA/CBSA permits,https://www.census.gov/construction/bps/index.html,repo official raw cache,D:\Programming\Dynamic Paper-dlrhcs_replication\outputs\empirical\unemployment\raw_sa_pilot\raw\census_bps\ma9111c.txt,copied-from-repo-official-cache,37585,eb43369c611e37c6c4d1f0ac58abc5bebd0fd8270ab502f1edaac396a8ab9a26,not seasonally adjusted,
U.S. Census Bureau,BPS monthly MSA/CBSA permits,https://www.census.gov/construction/bps/index.html,repo official raw cache,D:\Programming\Dynamic Paper-dlrhcs_replication\outputs\empirical\unemployment\raw_sa_pilot\raw\census_bps\ma9112c.txt,copied-from-repo-official-cache,37523,a42f6bbaf0d12bde91befa87d99b13a37be7238ed1f0aa97e0d2d26ed4c29643,not seasonally adjusted,
U.S. Census Bureau,BPS monthly MSA/CBSA permits,https://www.census.gov/construction/bps/index.html,repo official raw cache,D:\Programming\Dynamic Paper-dlrhcs_replication\outputs\empirical\unemployment\raw_sa_pilot\raw\census_bps\ma9201c.txt,copied-from-repo-official-cache,37432,651b5bab23bbc026c089fec825c0e6b28a20e4c04cfee982a9b00ceb5315d029,not seasonally adjusted,
U.S. Census Bureau,BPS monthly MSA/CBSA permits,https://www.census.gov/construction/bps/index.html,repo official raw cache,D:\Programming\Dynamic Paper-dlrhcs_replication\outputs\empirical\unemployment\raw_sa_pilot\raw\census_bps\ma9202c.txt,copied-from-repo-official-cache,37461,3b19344885e4ce7d7a00e56858394962d0bc30ab212af73c11bcfdaab7fd3fb8,not seasonally adjusted,
U.S. Census Bureau,BPS monthly MSA/CBSA permits,https://www.census.gov/construction/bps/index.html,repo official raw cache,D:\Programming\Dynamic Paper-dlrhcs_replication\outputs\empirical\unemployment\raw_sa_pilot\raw\census_bps\ma9203c.txt,copied-from-repo-official-cache,38141,dbd5a95d27a53f59705782e26737b494f978a91b25add99a0c044d7ae966d116,not seasonally adjusted,
U.S. Census Bureau,BPS monthly MSA/CBSA permits,https://www.census.gov/construction/bps/index.html,repo official raw cache,D:\Programming\Dynamic Paper-dlrhcs_replication\outputs\empirical\unemployment\raw_sa_pilot\raw\census_bps\ma9204c.txt,copied-from-repo-official-cache,38388,0dd3147ca56daf3e14f485f48bb2a10c00ee1c63e15bfe334174cef56e09cc79,not seasonally adjusted,
U.S. Census Bureau,BPS monthly MSA/CBSA permits,https://www.census.gov/construction/bps/index.html,repo official raw cache,D:\Programming\Dynamic Paper-dlrhcs_replication\outputs\empirical\unemployment\raw_sa_pilot\raw\census_bps\ma9205c.txt,copied-from-repo-official-cache,38186,aebcc2a4341f7c839c54b85aaabb218bde00618e36a1c38973466e4140b759e8,not seasonally adjusted,
U.S. Census Bureau,BPS monthly MSA/CBSA permits,https://www.census.gov/construction/bps/index.html,repo official raw cache,D:\Programming\Dynamic Paper-dlrhcs_replication\outputs\empirical\unemployment\raw_sa_pilot\raw\census_bps\ma9206c.txt,copied-from-repo-official-cache,38489,1ba65ab364b9d0797792ea93d696a110acfe2185b50dfa54cbcde30aa9ab267d,not seasonally adjusted,
U.S. Census Bureau,BPS monthly MSA/CBSA permits,https://www.census.gov/construction/bps/index.html,repo official raw cache,D:\Programming\Dynamic Paper-dlrhcs_replication\outputs\empirical\unemployment\raw_sa_pilot\raw\census_bps\ma9207c.txt,copied-from-repo-official-cache,38412,812eca5c019a1ab7fe4d391a1c69b19c1783a2e6fb4146a39eb33a5ee9563545,not seasonally adjusted,
U.S. Census Bureau,BPS monthly MSA/CBSA permits,https://www.census.gov/construction/bps/index.html,repo official raw cache,D:\Programming\Dynamic Paper-dlrhcs_replication\outputs\empirical\unemployment\raw_sa_pilot\raw\census_bps\ma9208c.txt,copied-from-repo-official-cache,38140,e224b6e345bff9995eb255871c6d97559e54fefb8c0f80d888e819cbdf2e5e0a,not seasonally adjusted,
U.S. Census Bureau,BPS monthly MSA/CBSA permits,https://www.census.gov/construction/bps/index.html,repo official raw cache,D:\Programming\Dynamic Paper-dlrhcs_replication\outputs\empirical\unemployment\raw_sa_pilot\raw\census_bps\ma9209c.txt,copied-from-repo-official-cache,38460,1f3ee2ee144fd2f1fab6982f4b065813c5923fd9ad6a290933ba3ce7b82472f8,not seasonally adjusted,
U.S. Census Bureau,BPS monthly MSA/CBSA permits,https://www.census.gov/construction/bps/index.html,repo official raw cache,D:\Programming\Dynamic Paper-dlrhcs_replication\outputs\empirical\unemployment\raw_sa_pilot\raw\census_bps\ma9210c.txt,copied-from-repo-official-cache,38084,29d6c6ee859fc4c2c94e40cf9dd0e73eb0ab9fd576a892435046654cdf646df1,not seasonally adjusted,
U.S. Census Bureau,BPS monthly MSA/CBSA permits,https://www.census.gov/construction/bps/index.html,repo official raw cache,D:\Programming\Dynamic Paper-dlrhcs_replication\outputs\empirical\unemployment\raw_sa_pilot\raw\census_bps\ma9211c.txt,copied-from-repo-official-cache,37565,53162b370016d5c398438af362e2695a6b962c5204d73e4b44ee3b384859e1ff,not seasonally adjusted,
U.S. Census Bureau,BPS monthly MSA/CBSA permits,https://www.census.gov/construction/bps/index.html,repo official raw cache,D:\Programming\Dynamic Paper-dlrhcs_replication\outputs\empirical\unemployment\raw_sa_pilot\raw\census_bps\ma9212c.txt,copied-from-repo-official-cache,37743,beb2349fdc43b9cb8c61985fa6baaa8679cddd023055b12d0227da8675f4b370,not seasonally adjusted,
U.S. Census Bureau,BPS monthly MSA/CBSA permits,https://www.census.gov/construction/bps/index.html,repo official raw cache,D:\Programming\Dynamic Paper-dlrhcs_replication\outputs\empirical\unemployment\raw_sa_pilot\raw\census_bps\ma9301c.txt,copied-from-repo-official-cache,34719,8fdb2da60ddfbe85aff0bbbc01e8f8033e6718648b25a291882ac33d0b0d5c46,not seasonally adjusted,
U.S. Census Bureau,BPS monthly MSA/CBSA permits,https://www.census.gov/construction/bps/index.html,repo official raw cache,D:\Programming\Dynamic Paper-dlrhcs_replication\outputs\empirical\unemployment\raw_sa_pilot\raw\census_bps\ma9302c.txt,copied-from-repo-official-cache,34882,33381bd2c6f817d4917942f769839ce1ee73fb2bdacbfa2f0a2194dcf00aadc5,not seasonally adjusted,
U.S. Census Bureau,BPS monthly MSA/CBSA permits,https://www.census.gov/construction/bps/index.html,repo official raw cache,D:\Programming\Dynamic Paper-dlrhcs_replication\outputs\empirical\unemployment\raw_sa_pilot\raw\census_bps\ma9303c.txt,copied-from-repo-official-cache,35663,17f5b558435e0b25fee2083d506aef09556b73d1d225f00097f94f634b9ce734,not seasonally adjusted,
U.S. Census Bureau,BPS monthly MSA/CBSA permits,https://www.census.gov/construction/bps/index.html,repo official raw cache,D:\Programming\Dynamic Paper-dlrhcs_replication\outputs\empirical\unemployment\raw_sa_pilot\raw\census_bps\ma9304c.txt,copied-from-repo-official-cache,35960,1e4d1eef112b54d77fd440530273f6e1c6056a491364dda187d22ec12fc4e994,not seasonally adjusted,
U.S. Census Bureau,BPS monthly MSA/CBSA permits,https://www.census.gov/construction/bps/index.html,repo official raw cache,D:\Programming\Dynamic Paper-dlrhcs_replication\outputs\empirical\unemployment\raw_sa_pilot\raw\census_bps\ma9305c.txt,copied-from-repo-official-cache,35823,7f21c244a2238e3c881ead8b5ba175089753d96ef5fe4340a8c8625efad9788b,not seasonally adjusted,
U.S. Census Bureau,BPS monthly MSA/CBSA permits,https://www.census.gov/construction/bps/index.html,repo official raw cache,D:\Programming\Dynamic Paper-dlrhcs_replication\outputs\empirical\unemployment\raw_sa_pilot\raw\census_bps\ma9306c.txt,copied-from-repo-official-cache,36127,878b821d49e39ea20d309cc391fefb15f392470a9e96c319d234af2371913f4b,not seasonally adjusted,
U.S. Census Bureau,BPS monthly MSA/CBSA permits,https://www.census.gov/construction/bps/index.html,repo official raw cache,D:\Programming\Dynamic Paper-dlrhcs_replication\outputs\empirical\unemployment\raw_sa_pilot\raw\census_bps\ma9307c.txt,copied-from-repo-official-cache,35846,8507d04638404f6d1ab68315ae200fab674ae84114a50bcf04af1998920e0a83,not seasonally adjusted,
U.S. Census Bureau,BPS monthly MSA/CBSA permits,https://www.census.gov/construction/bps/index.html,repo official raw cache,D:\Programming\Dynamic Paper-dlrhcs_replication\outputs\empirical\unemployment\raw_sa_pilot\raw\census_bps\ma9308c.txt,copied-from-repo-official-cache,35971,f3cb7a9eec4fe91fdfd61bc319476b14dc8422aa137faad68bf8b0e3d340002a,not seasonally adjusted,
U.S. Census Bureau,BPS monthly MSA/CBSA permits,https://www.census.gov/construction/bps/index.html,repo official raw cache,D:\Programming\Dynamic Paper-dlrhcs_replication\outputs\empirical\unemployment\raw_sa_pilot\raw\census_bps\ma9309c.txt,copied-from-repo-official-cache,36088,dfaab74d7661248f4cff5faa93b7718331c53d2dd2ce3dca55fa7402b5bfd055,not seasonally adjusted,
U.S. Census Bureau,BPS monthly MSA/CBSA permits,https://www.census.gov/construction/bps/index.html,repo official raw cache,D:\Programming\Dynamic Paper-dlrhcs_replication\outputs\empirical\unemployment\raw_sa_pilot\raw\census_bps\ma9310c.txt,copied-from-repo-official-cache,35800,b463d973ecf7c00191446c800d3b98f7f06c1e2f20e10e21a12aa0bc429e5c21,not seasonally adjusted,
U.S. Census Bureau,BPS monthly MSA/CBSA permits,https://www.census.gov/construction/bps/index.html,repo official raw cache,D:\Programming\Dynamic Paper-dlrhcs_replication\outputs\empirical\unemployment\raw_sa_pilot\raw\census_bps\ma9311c.txt,copied-from-repo-official-cache,35588,775d0e9c43778619be38547eb7c57740188220287ec94ae36cbc2ab741c0b2b1,not seasonally adjusted,
U.S. Census Bureau,BPS monthly MSA/CBSA permits,https://www.census.gov/construction/bps/index.html,repo official raw cache,D:\Programming\Dynamic Paper-dlrhcs_replication\outputs\empirical\unemployment\raw_sa_pilot\raw\census_bps\ma9312c.txt,copied-from-repo-official-cache,35765,edea2140c066c5d7d8064f2b820f60dcbf88ef24ff79614a35da69ab3b5e6285,not seasonally adjusted,
U.S. Census Bureau,BPS monthly MSA/CBSA permits,https://www.census.gov/construction/bps/index.html,repo official raw cache,D:\Programming\Dynamic Paper-dlrhcs_replication\outputs\empirical\unemployment\raw_sa_pilot\raw\census_bps\ma9401c.txt,copied-from-repo-official-cache,36512,609028187328a120adf66ef659e974a5c25a08b29fd929f6d5644f58431f1d62,not seasonally adjusted,
U.S. Census Bureau,BPS monthly MSA/CBSA permits,https://www.census.gov/construction/bps/index.html,repo official raw cache,D:\Programming\Dynamic Paper-dlrhcs_replication\outputs\empirical\unemployment\raw_sa_pilot\raw\census_bps\ma9402c.txt,copied-from-repo-official-cache,36625,615bbed600fc632d03b7315cb1868c44987d4418f85cb80a0e90540f998e5aa6,not seasonally adjusted,
U.S. Census Bureau,BPS monthly MSA/CBSA permits,https://www.census.gov/construction/bps/index.html,repo official raw cache,D:\Programming\Dynamic Paper-dlrhcs_replication\outputs\empirical\unemployment\raw_sa_pilot\raw\census_bps\ma9403c.txt,copied-from-repo-official-cache,37997,ff3539c63ca7762558f31c8d352d1f082df9f32e306b92a98510fd20927770fb,not seasonally adjusted,
U.S. Census Bureau,BPS monthly MSA/CBSA permits,https://www.census.gov/construction/bps/index.html,repo official raw cache,D:\Programming\Dynamic Paper-dlrhcs_replication\outputs\empirical\unemployment\raw_sa_pilot\raw\census_bps\ma9404c.txt,copied-from-repo-official-cache,38032,a5e40e53c1bcc437d814f3fbd19791b45d1745bb048dd309af2f5d6b9b672ebc,not seasonally adjusted,
U.S. Census Bureau,BPS monthly MSA/CBSA permits,https://www.census.gov/construction/bps/index.html,repo official raw cache,D:\Programming\Dynamic Paper-dlrhcs_replication\outputs\empirical\unemployment\raw_sa_pilot\raw\census_bps\ma9405c.txt,copied-from-repo-official-cache,38163,fa325d39c10539a98bb4153c076621ddc894e7f775bea6678826344fb99a3c03,not seasonally adjusted,
U.S. Census Bureau,BPS monthly MSA/CBSA permits,https://www.census.gov/construction/bps/index.html,repo official raw cache,D:\Programming\Dynamic Paper-dlrhcs_replication\outputs\empirical\unemployment\raw_sa_pilot\raw\census_bps\ma9406c.txt,copied-from-repo-official-cache,38190,edd8d6170a811ee493f98df644aab01959c0f71e1d93ba4d30c6418a3a79c5fb,not seasonally adjusted,
U.S. Census Bureau,BPS monthly MSA/CBSA permits,https://www.census.gov/construction/bps/index.html,repo official raw cache,D:\Programming\Dynamic Paper-dlrhcs_replication\outputs\empirical\unemployment\raw_sa_pilot\raw\census_bps\ma9407c.txt,copied-from-repo-official-cache,37795,abac10b74ceb5fcec8f423b882e6b2d919b4dc5b4cd516ad9573b71ad0febc4e,not seasonally adjusted,
U.S. Census Bureau,BPS monthly MSA/CBSA permits,https://www.census.gov/construction/bps/index.html,repo official raw cache,D:\Programming\Dynamic Paper-dlrhcs_replication\outputs\empirical\unemployment\raw_sa_pilot\raw\census_bps\ma9408c.txt,copied-from-repo-official-cache,38181,a398c9a61f8f0a7bf902196730f03b825d6af1f940a8b5cd440acf6351fd978c,not seasonally adjusted,
U.S. Census Bureau,BPS monthly MSA/CBSA permits,https://www.census.gov/construction/bps/index.html,repo official raw cache,D:\Programming\Dynamic Paper-dlrhcs_replication\outputs\empirical\unemployment\raw_sa_pilot\raw\census_bps\ma9409c.txt,copied-from-repo-official-cache,38153,1335fa3296f6d164610f9221128fbe6ba979217380ec256e1a336dee908c8a7d,not seasonally adjusted,
U.S. Census Bureau,BPS monthly MSA/CBSA permits,https://www.census.gov/construction/bps/index.html,repo official raw cache,D:\Programming\Dynamic Paper-dlrhcs_replication\outputs\empirical\unemployment\raw_sa_pilot\raw\census_bps\ma9410c.txt,copied-from-repo-official-cache,37901,3354b52395be6141334312b7d88ca43b5c40e6fd58dda901feba662a2a61a1ad,not seasonally adjusted,
U.S. Census Bureau,BPS monthly MSA/CBSA permits,https://www.census.gov/construction/bps/index.html,repo official raw cache,D:\Programming\Dynamic Paper-dlrhcs_replication\outputs\empirical\unemployment\raw_sa_pilot\raw\census_bps\ma9411c.txt,copied-from-repo-official-cache,37740,24acefc0756a47c60faf8b7e128821691c4a0db071ca038ad133d9e08eaa89e3,not seasonally adjusted,
U.S. Census Bureau,BPS monthly MSA/CBSA permits,https://www.census.gov/construction/bps/index.html,repo official raw cache,D:\Programming\Dynamic Paper-dlrhcs_replication\outputs\empirical\unemployment\raw_sa_pilot\raw\census_bps\ma9412c.txt,copied-from-repo-official-cache,37292,865d2e996fbf1169fcd9896d000bca8a8de9e7f40a32b963d2b49866f8908822,not seasonally adjusted,
U.S. Census Bureau,BPS monthly MSA/CBSA permits,https://www.census.gov/construction/bps/index.html,repo official raw cache,D:\Programming\Dynamic Paper-dlrhcs_replication\outputs\empirical\unemployment\raw_sa_pilot\raw\census_bps\ma9501c.txt,copied-from-repo-official-cache,36680,b560cf756174b32cd01f4957c6a5d149944f0e8c9caa6099a4be656d6376bfcf,not seasonally adjusted,
U.S. Census Bureau,BPS monthly MSA/CBSA permits,https://www.census.gov/construction/bps/index.html,repo official raw cache,D:\Programming\Dynamic Paper-dlrhcs_replication\outputs\empirical\unemployment\raw_sa_pilot\raw\census_bps\ma9502c.txt,copied-from-repo-official-cache,36847,07e5778be3c483b5911550bdf510fb92de8dcea027b5686e32aff91307ff881e,not seasonally adjusted,
U.S. Census Bureau,BPS monthly MSA/CBSA permits,https://www.census.gov/construction/bps/index.html,repo official raw cache,D:\Programming\Dynamic Paper-dlrhcs_replication\outputs\empirical\unemployment\raw_sa_pilot\raw\census_bps\ma9503c.txt,copied-from-repo-official-cache,37678,408c5329065da260c99b0fc9f945f4ad2c6c286220029c72a0ec45d3cb315691,not seasonally adjusted,
U.S. Census Bureau,BPS monthly MSA/CBSA permits,https://www.census.gov/construction/bps/index.html,repo official raw cache,D:\Programming\Dynamic Paper-dlrhcs_replication\outputs\empirical\unemployment\raw_sa_pilot\raw\census_bps\ma9504c.txt,copied-from-repo-official-cache,37572,0d33a8e89eec7e362ec4107e9d82d217e326fa0f9237d06c8860fee61244b84f,not seasonally adjusted,
U.S. Census Bureau,BPS monthly MSA/CBSA permits,https://www.census.gov/construction/bps/index.html,repo official raw cache,D:\Programming\Dynamic Paper-dlrhcs_replication\outputs\empirical\unemployment\raw_sa_pilot\raw\census_bps\ma9505c.txt,copied-from-repo-official-cache,37866,ca08045a66777931eaff914b0e94d72baafce44c6ecc112723b75463137b5f0c,not seasonally adjusted,
U.S. Census Bureau,BPS monthly MSA/CBSA permits,https://www.census.gov/construction/bps/index.html,repo official raw cache,D:\Programming\Dynamic Paper-dlrhcs_replication\outputs\empirical\unemployment\raw_sa_pilot\raw\census_bps\ma9506c.txt,copied-from-repo-official-cache,37834,497ac08cd0b4f3c2039b1fe0df71d542787c65db884789a8c39eac846d2e6b5f,not seasonally adjusted,
U.S. Census Bureau,BPS monthly MSA/CBSA permits,https://www.census.gov/construction/bps/index.html,repo official raw cache,D:\Programming\Dynamic Paper-dlrhcs_replication\outputs\empirical\unemployment\raw_sa_pilot\raw\census_bps\ma9507c.txt,copied-from-repo-official-cache,37523,2b32680666dc881769147ff01c606a9982ae78125b1d0139e6a0e28bfee7074d,not seasonally adjusted,
U.S. Census Bureau,BPS monthly MSA/CBSA permits,https://www.census.gov/construction/bps/index.html,repo official raw cache,D:\Programming\Dynamic Paper-dlrhcs_replication\outputs\empirical\unemployment\raw_sa_pilot\raw\census_bps\ma9508c.txt,copied-from-repo-official-cache,38056,ca34e3de7b9b9c25814842d15825385976cb09d6aeb935746d6dfabe52cfb021,not seasonally adjusted,
U.S. Census Bureau,BPS monthly MSA/CBSA permits,https://www.census.gov/construction/bps/index.html,repo official raw cache,D:\Programming\Dynamic Paper-dlrhcs_replication\outputs\empirical\unemployment\raw_sa_pilot\raw\census_bps\ma9509c.txt,copied-from-repo-official-cache,37789,eb595b3d824dc3e636490e4f4b93e62d9e06c5d17e4c70dfc24853040f5579b9,not seasonally adjusted,
U.S. Census Bureau,BPS monthly MSA/CBSA permits,https://www.census.gov/construction/bps/index.html,repo official raw cache,D:\Programming\Dynamic Paper-dlrhcs_replication\outputs\empirical\unemployment\raw_sa_pilot\raw\census_bps\ma9510c.txt,copied-from-repo-official-cache,38070,8db9194ec3e0e85baea8d589ff1ea74f6eec61db9b7ab04b3b18a4b5cff27f6b,not seasonally adjusted,
U.S. Census Bureau,BPS monthly MSA/CBSA permits,https://www.census.gov/construction/bps/index.html,repo official raw cache,D:\Programming\Dynamic Paper-dlrhcs_replication\outputs\empirical\unemployment\raw_sa_pilot\raw\census_bps\ma9511c.txt,copied-from-repo-official-cache,37719,c5d62bf0f008e64af70139faeae9d71a6398288106fd7089e6242b422f669cc9,not seasonally adjusted,
U.S. Census Bureau,BPS monthly MSA/CBSA permits,https://www.census.gov/construction/bps/index.html,repo official raw cache,D:\Programming\Dynamic Paper-dlrhcs_replication\outputs\empirical\unemployment\raw_sa_pilot\raw\census_bps\ma9512c.txt,copied-from-repo-official-cache,37167,992e13a3324cb661f631c60d8358348c1acf15e9a42dd0ca0a935f5520ad97ef,not seasonally adjusted,
U.S. Census Bureau,BPS monthly MSA/CBSA permits,https://www.census.gov/construction/bps/index.html,repo official raw cache,D:\Programming\Dynamic Paper-dlrhcs_replication\outputs\empirical\unemployment\raw_sa_pilot\raw\census_bps\ma9601c.txt,copied-from-repo-official-cache,36948,859f12b64aa1b279247f68bbbcdd4f76a23821ad91553425cc65dd4322ed2c1d,not seasonally adjusted,
U.S. Census Bureau,BPS monthly MSA/CBSA permits,https://www.census.gov/construction/bps/index.html,repo official raw cache,D:\Programming\Dynamic Paper-dlrhcs_replication\outputs\empirical\unemployment\raw_sa_pilot\raw\census_bps\ma9602c.txt,copied-from-repo-official-cache,37133,071a69ece396700cb4feffb2f31c3b3fbef20c336b3cf289ffc0345aa83b9ca8,not seasonally adjusted,
U.S. Census Bureau,BPS monthly MSA/CBSA permits,https://www.census.gov/construction/bps/index.html,repo official raw cache,D:\Programming\Dynamic Paper-dlrhcs_replication\outputs\empirical\unemployment\raw_sa_pilot\raw\census_bps\ma9603c.txt,copied-from-repo-official-cache,37850,40b73a0639131ad1d256d35cd030199f08257f3007a9f46c853cb6c74f346b14,not seasonally adjusted,
U.S. Census Bureau,BPS monthly MSA/CBSA permits,https://www.census.gov/construction/bps/index.html,repo official raw cache,D:\Programming\Dynamic Paper-dlrhcs_replication\outputs\empirical\unemployment\raw_sa_pilot\raw\census_bps\ma9604c.txt,copied-from-repo-official-cache,38373,5bc4896bb021045b79847dd5d74f25ed4fe85d067b1268feb0ca3c3e959cbe3d,not seasonally adjusted,
U.S. Census Bureau,BPS monthly MSA/CBSA permits,https://www.census.gov/construction/bps/index.html,repo official raw cache,D:\Programming\Dynamic Paper-dlrhcs_replication\outputs\empirical\unemployment\raw_sa_pilot\raw\census_bps\ma9605c.txt,copied-from-repo-official-cache,38195,6bf2f9e02cd83bb8c0ccd69c00db7a7cb65ddfd2f7039fc00e5389bc0d6684d5,not seasonally adjusted,
U.S. Census Bureau,BPS monthly MSA/CBSA permits,https://www.census.gov/construction/bps/index.html,repo official raw cache,D:\Programming\Dynamic Paper-dlrhcs_replication\outputs\empirical\unemployment\raw_sa_pilot\raw\census_bps\ma9606c.txt,copied-from-repo-official-cache,37970,6e5558dfe6f1a92e9282c2dbf48c8a81f7f0fd2870c431ce5ecb35c0449a53f2,not seasonally adjusted,
U.S. Census Bureau,BPS monthly MSA/CBSA permits,https://www.census.gov/construction/bps/index.html,repo official raw cache,D:\Programming\Dynamic Paper-dlrhcs_replication\outputs\empirical\unemployment\raw_sa_pilot\raw\census_bps\ma9607c.txt,copied-from-repo-official-cache,38250,292d0281b747b3726a693d44050f594d87249f0233895fbfbd388cf0942d3323,not seasonally adjusted,
U.S. Census Bureau,BPS monthly MSA/CBSA permits,https://www.census.gov/construction/bps/index.html,repo official raw cache,D:\Programming\Dynamic Paper-dlrhcs_replication\outputs\empirical\unemployment\raw_sa_pilot\raw\census_bps\ma9608c.txt,copied-from-repo-official-cache,38155,a69a32bedeedebab706d626594abaf1911218990f58b1276b6ec327b78f5ae8f,not seasonally adjusted,
U.S. Census Bureau,BPS monthly MSA/CBSA permits,https://www.census.gov/construction/bps/index.html,repo official raw cache,D:\Programming\Dynamic Paper-dlrhcs_replication\outputs\empirical\unemployment\raw_sa_pilot\raw\census_bps\ma9609c.txt,copied-from-repo-official-cache,38137,92add5bf6dab8d84b3c55c131204ee9e92c00b8b52958e9c276626fe5a964867,not seasonally adjusted,
U.S. Census Bureau,BPS monthly MSA/CBSA permits,https://www.census.gov/construction/bps/index.html,repo official raw cache,D:\Programming\Dynamic Paper-dlrhcs_replication\outputs\empirical\unemployment\raw_sa_pilot\raw\census_bps\ma9610c.txt,copied-from-repo-official-cache,38389,f77736af65196d7487ff386b810e40ca15760f1e21bacef7a8d3f624cd620cce,not seasonally adjusted,
U.S. Census Bureau,BPS monthly MSA/CBSA permits,https://www.census.gov/construction/bps/index.html,repo official raw cache,D:\Programming\Dynamic Paper-dlrhcs_replication\outputs\empirical\unemployment\raw_sa_pilot\raw\census_bps\ma9611c.txt,copied-from-repo-official-cache,37893,401c007a5afbaa981516c315c963644aac06fe4dd952aa19cd45d1b377bdb321,not seasonally adjusted,
U.S. Census Bureau,BPS monthly MSA/CBSA permits,https://www.census.gov/construction/bps/index.html,repo official raw cache,D:\Programming\Dynamic Paper-dlrhcs_replication\outputs\empirical\unemployment\raw_sa_pilot\raw\census_bps\ma9612c.txt,copied-from-repo-official-cache,37491,ea04322b601c894821c25e92f052cb9602409543d286b5cbe7e872ba2abf8ba4,not seasonally adjusted,
U.S. Census Bureau,BPS monthly MSA/CBSA permits,https://www.census.gov/construction/bps/index.html,repo official raw cache,D:\Programming\Dynamic Paper-dlrhcs_replication\outputs\empirical\unemployment\raw_sa_pilot\raw\census_bps\ma9701c.txt,copied-from-repo-official-cache,37368,0ede084d4246bf1cf50c7a511a863a463804ca9d82f8db879f93ebe857cbaa7d,not seasonally adjusted,
U.S. Census Bureau,BPS monthly MSA/CBSA permits,https://www.census.gov/construction/bps/index.html,repo official raw cache,D:\Programming\Dynamic Paper-dlrhcs_replication\outputs\empirical\unemployment\raw_sa_pilot\raw\census_bps\ma9702c.txt,copied-from-repo-official-cache,37560,d54c9ecf95ed491344e85bf4278e2573d58f1631235d3d65de88a2f786320cc5,not seasonally adjusted,
U.S. Census Bureau,BPS monthly MSA/CBSA permits,https://www.census.gov/construction/bps/index.html,repo official raw cache,D:\Programming\Dynamic Paper-dlrhcs_replication\outputs\empirical\unemployment\raw_sa_pilot\raw\census_bps\ma9703c.txt,copied-from-repo-official-cache,38254,fbc59261fc46b18b5170ee98ecab4bebd8a8f43bad6b2673eeb031434c0f20ea,not seasonally adjusted,
U.S. Census Bureau,BPS monthly MSA/CBSA permits,https://www.census.gov/construction/bps/index.html,repo official raw cache,D:\Programming\Dynamic Paper-dlrhcs_replication\outputs\empirical\unemployment\raw_sa_pilot\raw\census_bps\ma9704c.txt,copied-from-repo-official-cache,38632,bb2a8c7fe863550f742df743dc317d66fede52edf56b8a30aa17acd482010be7,not seasonally adjusted,
U.S. Census Bureau,BPS monthly MSA/CBSA permits,https://www.census.gov/construction/bps/index.html,repo official raw cache,D:\Programming\Dynamic Paper-dlrhcs_replication\outputs\empirical\unemployment\raw_sa_pilot\raw\census_bps\ma9705c.txt,copied-from-repo-official-cache,38321,3c8cd2a37da01012b5db1563b6aa1b3787a24c976d000660f2994abaeab082a9,not seasonally adjusted,
U.S. Census Bureau,BPS monthly MSA/CBSA permits,https://www.census.gov/construction/bps/index.html,repo official raw cache,D:\Programming\Dynamic Paper-dlrhcs_replication\outputs\empirical\unemployment\raw_sa_pilot\raw\census_bps\ma9706c.txt,copied-from-repo-official-cache,38532,56d5bcb8df94fc1b556c99b674aa1e902e46e94512f156381b62ee22be475cf4,not seasonally adjusted,
U.S. Census Bureau,BPS monthly MSA/CBSA permits,https://www.census.gov/construction/bps/index.html,repo official raw cache,D:\Programming\Dynamic Paper-dlrhcs_replication\outputs\empirical\unemployment\raw_sa_pilot\raw\census_bps\ma9707c.txt,copied-from-repo-official-cache,38585,38c6c3e2b18fb4f9d50b9e10b140426076a7b7b5a157bc6f5edb68319af1c391,not seasonally adjusted,
U.S. Census Bureau,BPS monthly MSA/CBSA permits,https://www.census.gov/construction/bps/index.html,repo official raw cache,D:\Programming\Dynamic Paper-dlrhcs_replication\outputs\empirical\unemployment\raw_sa_pilot\raw\census_bps\ma9708c.txt,copied-from-repo-official-cache,38272,16b9e93b6e9b9248b11666695ff89eae164adb1d7972a78b79a8820c5d1af378,not seasonally adjusted,
U.S. Census Bureau,BPS monthly MSA/CBSA permits,https://www.census.gov/construction/bps/index.html,repo official raw cache,D:\Programming\Dynamic Paper-dlrhcs_replication\outputs\empirical\unemployment\raw_sa_pilot\raw\census_bps\ma9709c.txt,copied-from-repo-official-cache,38613,c70a704b48fd937044b1e2a92dc0aa3b058e0fb65db835e402e26eb398252daa,not seasonally adjusted,
U.S. Census Bureau,BPS monthly MSA/CBSA permits,https://www.census.gov/construction/bps/index.html,repo official raw cache,D:\Programming\Dynamic Paper-dlrhcs_replication\outputs\empirical\unemployment\raw_sa_pilot\raw\census_bps\ma9710c.txt,copied-from-repo-official-cache,38534,65d18e3fd4f36db0aced8900379fbe74a727c6ee448c68aad5abbade01ebe0e9,not seasonally adjusted,
U.S. Census Bureau,BPS monthly MSA/CBSA permits,https://www.census.gov/construction/bps/index.html,repo official raw cache,D:\Programming\Dynamic Paper-dlrhcs_replication\outputs\empirical\unemployment\raw_sa_pilot\raw\census_bps\ma9711c.txt,copied-from-repo-official-cache,37806,dbe2a5f92f80a66a482ee34a7b2fd1c8c688f2aecb4b223a12daf5bf8031515c,not seasonally adjusted,
U.S. Census Bureau,BPS monthly MSA/CBSA permits,https://www.census.gov/construction/bps/index.html,repo official raw cache,D:\Programming\Dynamic Paper-dlrhcs_replication\outputs\empirical\unemployment\raw_sa_pilot\raw\census_bps\ma9712c.txt,copied-from-repo-official-cache,37990,5e364161facffe8d9b2fee11847be5e15c945e0ba2508bcc61eeb3b006133d5a,not seasonally adjusted,
U.S. Census Bureau,BPS monthly MSA/CBSA permits,https://www.census.gov/construction/bps/index.html,repo official raw cache,D:\Programming\Dynamic Paper-dlrhcs_replication\outputs\empirical\unemployment\raw_sa_pilot\raw\census_bps\ma9801c.txt,copied-from-repo-official-cache,46244,191dc042cd7a3b781e1e127c207d32a053439b16ed8c144b5a3e62d9dfa74e33,not seasonally adjusted,
U.S. Census Bureau,BPS monthly MSA/CBSA permits,https://www.census.gov/construction/bps/index.html,repo official raw cache,D:\Programming\Dynamic Paper-dlrhcs_replication\outputs\empirical\unemployment\raw_sa_pilot\raw\census_bps\ma9802c.txt,copied-from-repo-official-cache,38068,59785d29822c2d26783f79184ecb56f2415aec416d56edafc40ba88f455d5f96,not seasonally adjusted,
U.S. Census Bureau,BPS monthly MSA/CBSA permits,https://www.census.gov/construction/bps/index.html,repo official raw cache,D:\Programming\Dynamic Paper-dlrhcs_replication\outputs\empirical\unemployment\raw_sa_pilot\raw\census_bps\ma9803c.txt,copied-from-repo-official-cache,47336,645997434cb8e6f79501278b0833138da973fc36e597de4c39c6766440e6d75a,not seasonally adjusted,
U.S. Census Bureau,BPS monthly MSA/CBSA permits,https://www.census.gov/construction/bps/index.html,repo official raw cache,D:\Programming\Dynamic Paper-dlrhcs_replication\outputs\empirical\unemployment\raw_sa_pilot\raw\census_bps\ma9804c.txt,copied-from-repo-official-cache,38815,ec5261013d056555fc52847f69e3187881a825750c021b075fa78305bb53d9be,not seasonally adjusted,
U.S. Census Bureau,BPS monthly MSA/CBSA permits,https://www.census.gov/construction/bps/index.html,repo official raw cache,D:\Programming\Dynamic Paper-dlrhcs_replication\outputs\empirical\unemployment\raw_sa_pilot\raw\census_bps\ma9805c.txt,copied-from-repo-official-cache,38743,ba23142d237abfcc7e1a7fc4160437ee7fe78dd081371335f9a31ac615171517,not seasonally adjusted,
U.S. Census Bureau,BPS monthly MSA/CBSA permits,https://www.census.gov/construction/bps/index.html,repo official raw cache,D:\Programming\Dynamic Paper-dlrhcs_replication\outputs\empirical\unemployment\raw_sa_pilot\raw\census_bps\ma9806c.txt,copied-from-repo-official-cache,39127,67a8c05633e46195db9b84a3520d1fb21b1f679c0c812c4a42d523ed6ba53221,not seasonally adjusted,
U.S. Census Bureau,BPS monthly MSA/CBSA permits,https://www.census.gov/construction/bps/index.html,repo official raw cache,D:\Programming\Dynamic Paper-dlrhcs_replication\outputs\empirical\unemployment\raw_sa_pilot\raw\census_bps\ma9807c.txt,copied-from-repo-official-cache,38953,4174a02081c2712502647af3e42133798093a8262bec3ebeffa682e5974f2091,not seasonally adjusted,
U.S. Census Bureau,BPS monthly MSA/CBSA permits,https://www.census.gov/construction/bps/index.html,repo official raw cache,D:\Programming\Dynamic Paper-dlrhcs_replication\outputs\empirical\unemployment\raw_sa_pilot\raw\census_bps\ma9808c.txt,copied-from-repo-official-cache,39037,579dd576a36be117e54db4bd8ddce7dffca4e47aa032cca35df3fb183c51c0dd,not seasonally adjusted,
U.S. Census Bureau,BPS monthly MSA/CBSA permits,https://www.census.gov/construction/bps/index.html,repo official raw cache,D:\Programming\Dynamic Paper-dlrhcs_replication\outputs\empirical\unemployment\raw_sa_pilot\raw\census_bps\ma9809c.txt,copied-from-repo-official-cache,38943,8da04acbf03131d1a0c0bf3bf9cebbdde303697d95526a50f30aae443b3567f0,not seasonally adjusted,
U.S. Census Bureau,BPS monthly MSA/CBSA permits,https://www.census.gov/construction/bps/index.html,repo official raw cache,D:\Programming\Dynamic Paper-dlrhcs_replication\outputs\empirical\unemployment\raw_sa_pilot\raw\census_bps\ma9810c.txt,copied-from-repo-official-cache,39050,89e9fdbb8479fc6d2177fce1cec6ad5d81fd37728ac74cb3c41562b0c5a9cbad,not seasonally adjusted,
U.S. Census Bureau,BPS monthly MSA/CBSA permits,https://www.census.gov/construction/bps/index.html,repo official raw cache,D:\Programming\Dynamic Paper-dlrhcs_replication\outputs\empirical\unemployment\raw_sa_pilot\raw\census_bps\ma9811c.txt,copied-from-repo-official-cache,38493,8bf7565d57188d1cc3c3981a656ef7c96de34663946bb12c118b456961ce8034,not seasonally adjusted,
U.S. Census Bureau,BPS monthly MSA/CBSA permits,https://www.census.gov/construction/bps/index.html,repo official raw cache,D:\Programming\Dynamic Paper-dlrhcs_replication\outputs\empirical\unemployment\raw_sa_pilot\raw\census_bps\ma9812c.txt,copied-from-repo-official-cache,38567,322fb379ffc1c4b2023caa479d6929b5b136bd0e670a5cca820bcb7db1db0851,not seasonally adjusted,
U.S. Census Bureau,BPS monthly MSA/CBSA permits,https://www.census.gov/construction/bps/index.html,repo official raw cache,D:\Programming\Dynamic Paper-dlrhcs_replication\outputs\empirical\unemployment\raw_sa_pilot\raw\census_bps\ma9901c.txt,copied-from-repo-official-cache,37949,0db47896f695793320944310353097788f37cd7b746226df746a975ee66334e1,not seasonally adjusted,
U.S. Census Bureau,BPS monthly MSA/CBSA permits,https://www.census.gov/construction/bps/index.html,repo official raw cache,D:\Programming\Dynamic Paper-dlrhcs_replication\outputs\empirical\unemployment\raw_sa_pilot\raw\census_bps\ma9902c.txt,copied-from-repo-official-cache,38190,4ba257cae710dec1325b47dc10fe8082ce3e073982c92e7ce4899c77742d447c,not seasonally adjusted,
U.S. Census Bureau,BPS monthly MSA/CBSA permits,https://www.census.gov/construction/bps/index.html,repo official raw cache,D:\Programming\Dynamic Paper-dlrhcs_replication\outputs\empirical\unemployment\raw_sa_pilot\raw\census_bps\ma9903c.txt,copied-from-repo-official-cache,39078,71fb7c3abfc7f2b0d70b160f3fc933cc47e5365267441202ca5afc3357b2f79e,not seasonally adjusted,
U.S. Census Bureau,BPS monthly MSA/CBSA permits,https://www.census.gov/construction/bps/index.html,repo official raw cache,D:\Programming\Dynamic Paper-dlrhcs_replication\outputs\empirical\unemployment\raw_sa_pilot\raw\census_bps\ma9904c.txt,copied-from-repo-official-cache,39032,dd1e5ca3711f98430ace35f01f184623e92254be7ab09122e7b7f8ea2cde5eaf,not seasonally adjusted,
U.S. Census Bureau,BPS monthly MSA/CBSA permits,https://www.census.gov/construction/bps/index.html,repo official raw cache,D:\Programming\Dynamic Paper-dlrhcs_replication\outputs\empirical\unemployment\raw_sa_pilot\raw\census_bps\ma9905c.txt,copied-from-repo-official-cache,38930,ed9e2c5bf057ec162b5ea32462acffd4d207e44e4faba724600286209c21571d,not seasonally adjusted,
U.S. Census Bureau,BPS monthly MSA/CBSA permits,https://www.census.gov/construction/bps/index.html,repo official raw cache,D:\Programming\Dynamic Paper-dlrhcs_replication\outputs\empirical\unemployment\raw_sa_pilot\raw\census_bps\ma9906c.txt,copied-from-repo-official-cache,39403,28dbe5f647078f8c057d7917792c77dd49617749029380c07c4191a8d28f25dc,not seasonally adjusted,
U.S. Census Bureau,BPS monthly MSA/CBSA permits,https://www.census.gov/construction/bps/index.html,repo official raw cache,D:\Programming\Dynamic Paper-dlrhcs_replication\outputs\empirical\unemployment\raw_sa_pilot\raw\census_bps\ma9907c.txt,copied-from-repo-official-cache,38894,205c416bc9681e5b447437169828804fb223b1e359a11323c6c4b8356e228430,not seasonally adjusted,
U.S. Census Bureau,BPS monthly MSA/CBSA permits,https://www.census.gov/construction/bps/index.html,repo official raw cache,D:\Programming\Dynamic Paper-dlrhcs_replication\outputs\empirical\unemployment\raw_sa_pilot\raw\census_bps\ma9908c.txt,copied-from-repo-official-cache,39089,2b52f3cf71c4ed590397973f149452cd4cf0613592f09439de2fac7c677c44d6,not seasonally adjusted,
U.S. Census Bureau,BPS monthly MSA/CBSA permits,https://www.census.gov/construction/bps/index.html,repo official raw cache,D:\Programming\Dynamic Paper-dlrhcs_replication\outputs\empirical\unemployment\raw_sa_pilot\raw\census_bps\ma9909c.txt,copied-from-repo-official-cache,38832,181d098669864cb1633403a364bcc43f5098bd66d2bbaf6d253af701256bbcd4,not seasonally adjusted,
U.S. Census Bureau,BPS monthly MSA/CBSA permits,https://www.census.gov/construction/bps/index.html,repo official raw cache,D:\Programming\Dynamic Paper-dlrhcs_replication\outputs\empirical\unemployment\raw_sa_pilot\raw\census_bps\ma9910c.txt,copied-from-repo-official-cache,39008,8c28ff8f5b864f40b092d79091fe1a4c9fcbcdb604471082aa03a391e0065461,not seasonally adjusted,
U.S. Census Bureau,BPS monthly MSA/CBSA permits,https://www.census.gov/construction/bps/index.html,repo official raw cache,D:\Programming\Dynamic Paper-dlrhcs_replication\outputs\empirical\unemployment\raw_sa_pilot\raw\census_bps\ma9911c.txt,copied-from-repo-official-cache,38649,0ebff5be6fc4957297961f118fceb94cf20bcaeb070d0a56a87959ce8dda3f4c,not seasonally adjusted,
U.S. Census Bureau,BPS monthly MSA/CBSA permits,https://www.census.gov/construction/bps/index.html,repo official raw cache,D:\Programming\Dynamic Paper-dlrhcs_replication\outputs\empirical\unemployment\raw_sa_pilot\raw\census_bps\ma9912c.txt,copied-from-repo-official-cache,38592,467ed63d80927d9797a08aec2d690751491e4cbbca6d11314148d76f771f5581,not seasonally adjusted,
U.S. Bureau of Labor Statistics,CES/SAE total-private average weekly hours API response,https://www.bls.gov/developers/,https://api.bls.gov/publicAPI/v2/timeseries/data/,D:\Programming\Dynamic Paper-dlrhcs_replication\outputs\empirical\unemployment\raw_sa_pilot\raw\bls_api_ces_total_private_hours\ces_hours_2007_2016_chunk001.json,accepted-existing,224,48d4a57eed253437dd9f0664c33b90bbc2a7cb9ab553605f7a8a367cee05a818,metadata-defined,"Request could not be serviced, as the daily threshold for total number of requests allocated to the user with registration key  has been reached."
U.S. Bureau of Labor Statistics,CES/SAE total-private average weekly hours API response,https://www.bls.gov/developers/,https://api.bls.gov/publicAPI/v2/timeseries/data/,D:\Programming\Dynamic Paper-dlrhcs_replication\outputs\empirical\unemployment\raw_sa_pilot\raw\bls_api_ces_total_private_hours\ces_hours_2007_2016_chunk002.json,accepted-existing,224,48d4a57eed253437dd9f0664c33b90bbc2a7cb9ab553605f7a8a367cee05a818,metadata-defined,"Request could not be serviced, as the daily threshold for total number of requests allocated to the user with registration key  has been reached."
U.S. Bureau of Labor Statistics,CES/SAE total-private average weekly hours API response,https://www.bls.gov/developers/,https://api.bls.gov/publicAPI/v2/timeseries/data/,D:\Programming\Dynamic Paper-dlrhcs_replication\outputs\empirical\unemployment\raw_sa_pilot\raw\bls_api_ces_total_private_hours\ces_hours_2007_2016_chunk003.json,accepted-existing,224,48d4a57eed253437dd9f0664c33b90bbc2a7cb9ab553605f7a8a367cee05a818,metadata-defined,"Request could not be serviced, as the daily threshold for total number of requests allocated to the user with registration key  has been reached."
U.S. Bureau of Labor Statistics,CES/SAE total-private average weekly hours API response,https://www.bls.gov/developers/,https://api.bls.gov/publicAPI/v2/timeseries/data/,D:\Programming\Dynamic Paper-dlrhcs_replication\outputs\empirical\unemployment\raw_sa_pilot\raw\bls_api_ces_total_private_hours\ces_hours_2007_2016_chunk004.json,accepted-existing,224,48d4a57eed253437dd9f0664c33b90bbc2a7cb9ab553605f7a8a367cee05a818,metadata-defined,"Request could not be serviced, as the daily threshold for total number of requests allocated to the user with registration key  has been reached."
U.S. Bureau of Labor Statistics,CES/SAE total-private average weekly hours API response,https://www.bls.gov/developers/,https://api.bls.gov/publicAPI/v2/timeseries/data/,D:\Programming\Dynamic Paper-dlrhcs_replication\outputs\empirical\unemployment\raw_sa_pilot\raw\bls_api_ces_total_private_hours\ces_hours_2007_2016_chunk005.json,accepted-existing,224,48d4a57eed253437dd9f0664c33b90bbc2a7cb9ab553605f7a8a367cee05a818,metadata-defined,"Request could not be serviced, as the daily threshold for total number of requests allocated to the user with registration key  has been reached."
U.S. Bureau of Labor Statistics,CES/SAE total-private average weekly hours API response,https://www.bls.gov/developers/,https://api.bls.gov/publicAPI/v2/timeseries/data/,D:\Programming\Dynamic Paper-dlrhcs_replication\outputs\empirical\unemployment\raw_sa_pilot\raw\bls_api_ces_total_private_hours\ces_hours_2007_2016_chunk006.json,accepted-existing,224,48d4a57eed253437dd9f0664c33b90bbc2a7cb9ab553605f7a8a367cee05a818,metadata-defined,"Request could not be serviced, as the daily threshold for total number of requests allocated to the user with registration key  has been reached."
U.S. Bureau of Labor Statistics,CES/SAE total-private average weekly hours API response,https://www.bls.gov/developers/,https://api.bls.gov/publicAPI/v2/timeseries/data/,D:\Programming\Dynamic Paper-dlrhcs_replication\outputs\empirical\unemployment\raw_sa_pilot\raw\bls_api_ces_total_private_hours\ces_hours_2007_2016_chunk007.json,accepted-existing,224,48d4a57eed253437dd9f0664c33b90bbc2a7cb9ab553605f7a8a367cee05a818,metadata-defined,"Request could not be serviced, as the daily threshold for total number of requests allocated to the user with registration key  has been reached."
U.S. Bureau of Labor Statistics,CES/SAE total-private average weekly hours API response,https://www.bls.gov/developers/,https://api.bls.gov/publicAPI/v2/timeseries/data/,D:\Programming\Dynamic Paper-dlrhcs_replication\outputs\empirical\unemployment\raw_sa_pilot\raw\bls_api_ces_total_private_hours\ces_hours_2007_2016_chunk008.json,accepted-existing,224,48d4a57eed253437dd9f0664c33b90bbc2a7cb9ab553605f7a8a367cee05a818,metadata-defined,"Request could not be serviced, as the daily threshold for total number of requests allocated to the user with registration key  has been reached."
U.S. Bureau of Labor Statistics,CES/SAE total-private average weekly hours API response,https://www.bls.gov/developers/,https://api.bls.gov/publicAPI/v2/timeseries/data/,D:\Programming\Dynamic Paper-dlrhcs_replication\outputs\empirical\unemployment\raw_sa_pilot\raw\bls_api_ces_total_private_hours\ces_hours_2007_2016_chunk009.json,accepted-existing,224,48d4a57eed253437dd9f0664c33b90bbc2a7cb9ab553605f7a8a367cee05a818,metadata-defined,"Request could not be serviced, as the daily threshold for total number of requests allocated to the user with registration key  has been reached."
U.S. Bureau of Labor Statistics,CES/SAE total-private average weekly hours API response,https://www.bls.gov/developers/,https://api.bls.gov/publicAPI/v2/timeseries/data/,D:\Programming\Dynamic Paper-dlrhcs_replication\outputs\empirical\unemployment\raw_sa_pilot\raw\bls_api_ces_total_private_hours\ces_hours_2007_2016_chunk010.json,accepted-existing,224,48d4a57eed253437dd9f0664c33b90bbc2a7cb9ab553605f7a8a367cee05a818,metadata-defined,"Request could not be serviced, as the daily threshold for total number of requests allocated to the user with registration key  has been reached."
U.S. Bureau of Labor Statistics,CES/SAE total-private average weekly hours API response,https://www.bls.gov/developers/,https://api.bls.gov/publicAPI/v2/timeseries/data/,D:\Programming\Dynamic Paper-dlrhcs_replication\outputs\empirical\unemployment\raw_sa_pilot\raw\bls_api_ces_total_private_hours\ces_hours_2007_2016_chunk011.json,accepted-existing,224,48d4a57eed253437dd9f0664c33b90bbc2a7cb9ab553605f7a8a367cee05a818,metadata-defined,"Request could not be serviced, as the daily threshold for total number of requests allocated to the user with registration key  has been reached."
U.S. Bureau of Labor Statistics,CES/SAE total-private average weekly hours API response,https://www.bls.gov/developers/,https://api.bls.gov/publicAPI/v2/timeseries/data/,D:\Programming\Dynamic Paper-dlrhcs_replication\outputs\empirical\unemployment\raw_sa_pilot\raw\bls_api_ces_total_private_hours\ces_hours_2007_2016_chunk012.json,accepted-existing,224,48d4a57eed253437dd9f0664c33b90bbc2a7cb9ab553605f7a8a367cee05a818,metadata-defined,"Request could not be serviced, as the daily threshold for total number of requests allocated to the user with registration key  has been reached."
U.S. Bureau of Labor Statistics,CES/SAE total-private average weekly hours API response,https://www.bls.gov/developers/,https://api.bls.gov/publicAPI/v2/timeseries/data/,D:\Programming\Dynamic Paper-dlrhcs_replication\outputs\empirical\unemployment\raw_sa_pilot\raw\bls_api_ces_total_private_hours\ces_hours_2007_2016_chunk013.json,accepted-existing,224,48d4a57eed253437dd9f0664c33b90bbc2a7cb9ab553605f7a8a367cee05a818,metadata-defined,"Request could not be serviced, as the daily threshold for total number of requests allocated to the user with registration key  has been reached."
U.S. Bureau of Labor Statistics,CES/SAE total-private average weekly hours API response,https://www.bls.gov/developers/,https://api.bls.gov/publicAPI/v2/timeseries/data/,D:\Programming\Dynamic Paper-dlrhcs_replication\outputs\empirical\unemployment\raw_sa_pilot\raw\bls_api_ces_total_private_hours\ces_hours_2007_2016_chunk014.json,accepted-existing,224,48d4a57eed253437dd9f0664c33b90bbc2a7cb9ab553605f7a8a367cee05a818,metadata-defined,"Request could not be serviced, as the daily threshold for total number of requests allocated to the user with registration key  has been reached."
U.S. Bureau of Labor Statistics,CES/SAE total-private average weekly hours API response,https://www.bls.gov/developers/,https://api.bls.gov/publicAPI/v2/timeseries/data/,D:\Programming\Dynamic Paper-dlrhcs_replication\outputs\empirical\unemployment\raw_sa_pilot\raw\bls_api_ces_total_private_hours\ces_hours_2007_2016_chunk015.json,accepted-existing,224,48d4a57eed253437dd9f0664c33b90bbc2a7cb9ab553605f7a8a367cee05a818,metadata-defined,"Request could not be serviced, as the daily threshold for total number of requests allocated to the user with registration key  has been reached."
U.S. Bureau of Labor Statistics,CES/SAE total-private average weekly hours API response,https://www.bls.gov/developers/,https://api.bls.gov/publicAPI/v2/timeseries/data/,D:\Programming\Dynamic Paper-dlrhcs_replication\outputs\empirical\unemployment\raw_sa_pilot\raw\bls_api_ces_total_private_hours\ces_hours_2007_2016_chunk016.json,accepted-existing,224,48d4a57eed253437dd9f0664c33b90bbc2a7cb9ab553605f7a8a367cee05a818,metadata-defined,"Request could not be serviced, as the daily threshold for total number of requests allocated to the user with registration key  has been reached."
U.S. Bureau of Labor Statistics,CES/SAE total-private average weekly hours API response,https://www.bls.gov/developers/,https://api.bls.gov/publicAPI/v2/timeseries/data/,D:\Programming\Dynamic Paper-dlrhcs_replication\outputs\empirical\unemployment\raw_sa_pilot\raw\bls_api_ces_total_private_hours\ces_hours_2007_2016_chunk017.json,accepted-existing,224,48d4a57eed253437dd9f0664c33b90bbc2a7cb9ab553605f7a8a367cee05a818,metadata-defined,"Request could not be serviced, as the daily threshold for total number of requests allocated to the user with registration key  has been reached."
U.S. Bureau of Labor Statistics,CES/SAE total-private average weekly hours API response,https://www.bls.gov/developers/,https://api.bls.gov/publicAPI/v2/timeseries/data/,D:\Programming\Dynamic Paper-dlrhcs_replication\outputs\empirical\unemployment\raw_sa_pilot\raw\bls_api_ces_total_private_hours\ces_hours_2007_2016_chunk018.json,accepted-existing,224,48d4a57eed253437dd9f0664c33b90bbc2a7cb9ab553605f7a8a367cee05a818,metadata-defined,"Request could not be serviced, as the daily threshold for total number of requests allocated to the user with registration key  has been reached."
U.S. Bureau of Labor Statistics,CES/SAE total-private average weekly hours API response,https://www.bls.gov/developers/,https://api.bls.gov/publicAPI/v2/timeseries/data/,D:\Programming\Dynamic Paper-dlrhcs_replication\outputs\empirical\unemployment\raw_sa_pilot\raw\bls_api_ces_total_private_hours\ces_hours_2017_2026_chunk001.json,accepted-existing,224,48d4a57eed253437dd9f0664c33b90bbc2a7cb9ab553605f7a8a367cee05a818,metadata-defined,"Request could not be serviced, as the daily threshold for total number of requests allocated to the user with registration key  has been reached."
U.S. Bureau of Labor Statistics,CES/SAE total-private average weekly hours API response,https://www.bls.gov/developers/,https://api.bls.gov/publicAPI/v2/timeseries/data/,D:\Programming\Dynamic Paper-dlrhcs_replication\outputs\empirical\unemployment\raw_sa_pilot\raw\bls_api_ces_total_private_hours\ces_hours_2017_2026_chunk002.json,accepted-existing,224,48d4a57eed253437dd9f0664c33b90bbc2a7cb9ab553605f7a8a367cee05a818,metadata-defined,"Request could not be serviced, as the daily threshold for total number of requests allocated to the user with registration key  has been reached."
U.S. Bureau of Labor Statistics,CES/SAE total-private average weekly hours API response,https://www.bls.gov/developers/,https://api.bls.gov/publicAPI/v2/timeseries/data/,D:\Programming\Dynamic Paper-dlrhcs_replication\outputs\empirical\unemployment\raw_sa_pilot\raw\bls_api_ces_total_private_hours\ces_hours_2017_2026_chunk003.json,accepted-existing,224,48d4a57eed253437dd9f0664c33b90bbc2a7cb9ab553605f7a8a367cee05a818,metadata-defined,"Request could not be serviced, as the daily threshold for total number of requests allocated to the user with registration key  has been reached."
U.S. Bureau of Labor Statistics,CES/SAE total-private average weekly hours API response,https://www.bls.gov/developers/,https://api.bls.gov/publicAPI/v2/timeseries/data/,D:\Programming\Dynamic Paper-dlrhcs_replication\outputs\empirical\unemployment\raw_sa_pilot\raw\bls_api_ces_total_private_hours\ces_hours_2017_2026_chunk004.json,accepted-existing,224,48d4a57eed253437dd9f0664c33b90bbc2a7cb9ab553605f7a8a367cee05a818,metadata-defined,"Request could not be serviced, as the daily threshold for total number of requests allocated to the user with registration key  has been reached."
U.S. Bureau of Labor Statistics,CES/SAE total-private average weekly hours API response,https://www.bls.gov/developers/,https://api.bls.gov/publicAPI/v2/timeseries/data/,D:\Programming\Dynamic Paper-dlrhcs_replication\outputs\empirical\unemployment\raw_sa_pilot\raw\bls_api_ces_total_private_hours\ces_hours_2017_2026_chunk005.json,accepted-existing,224,48d4a57eed253437dd9f0664c33b90bbc2a7cb9ab553605f7a8a367cee05a818,metadata-defined,"Request could not be serviced, as the daily threshold for total number of requests allocated to the user with registration key  has been reached."
U.S. Bureau of Labor Statistics,CES/SAE total-private average weekly hours API response,https://www.bls.gov/developers/,https://api.bls.gov/publicAPI/v2/timeseries/data/,D:\Programming\Dynamic Paper-dlrhcs_replication\outputs\empirical\unemployment\raw_sa_pilot\raw\bls_api_ces_total_private_hours\ces_hours_2017_2026_chunk006.json,accepted-existing,224,48d4a57eed253437dd9f0664c33b90bbc2a7cb9ab553605f7a8a367cee05a818,metadata-defined,"Request could not be serviced, as the daily threshold for total number of requests allocated to the user with registration key  has been reached."
U.S. Bureau of Labor Statistics,CES/SAE total-private average weekly hours API response,https://www.bls.gov/developers/,https://api.bls.gov/publicAPI/v2/timeseries/data/,D:\Programming\Dynamic Paper-dlrhcs_replication\outputs\empirical\unemployment\raw_sa_pilot\raw\bls_api_ces_total_private_hours\ces_hours_2017_2026_chunk007.json,accepted-existing,224,48d4a57eed253437dd9f0664c33b90bbc2a7cb9ab553605f7a8a367cee05a818,metadata-defined,"Request could not be serviced, as the daily threshold for total number of requests allocated to the user with registration key  has been reached."
U.S. Bureau of Labor Statistics,CES/SAE total-private average weekly hours API response,https://www.bls.gov/developers/,https://api.bls.gov/publicAPI/v2/timeseries/data/,D:\Programming\Dynamic Paper-dlrhcs_replication\outputs\empirical\unemployment\raw_sa_pilot\raw\bls_api_ces_total_private_hours\ces_hours_2017_2026_chunk008.json,accepted-existing,224,48d4a57eed253437dd9f0664c33b90bbc2a7cb9ab553605f7a8a367cee05a818,metadata-defined,"Request could not be serviced, as the daily threshold for total number of requests allocated to the user with registration key  has been reached."
U.S. Bureau of Labor Statistics,CES/SAE total-private average weekly hours API response,https://www.bls.gov/developers/,https://api.bls.gov/publicAPI/v2/timeseries/data/,D:\Programming\Dynamic Paper-dlrhcs_replication\outputs\empirical\unemployment\raw_sa_pilot\raw\bls_api_ces_total_private_hours\ces_hours_2017_2026_chunk009.json,accepted-existing,224,48d4a57eed253437dd9f0664c33b90bbc2a7cb9ab553605f7a8a367cee05a818,metadata-defined,"Request could not be serviced, as the daily threshold for total number of requests allocated to the user with registration key  has been reached."
U.S. Bureau of Labor Statistics,CES/SAE total-private average weekly hours API response,https://www.bls.gov/developers/,https://api.bls.gov/publicAPI/v2/timeseries/data/,D:\Programming\Dynamic Paper-dlrhcs_replication\outputs\empirical\unemployment\raw_sa_pilot\raw\bls_api_ces_total_private_hours\ces_hours_2017_2026_chunk010.json,accepted-existing,224,48d4a57eed253437dd9f0664c33b90bbc2a7cb9ab553605f7a8a367cee05a818,metadata-defined,"Request could not be serviced, as the daily threshold for total number of requests allocated to the user with registration key  has been reached."
U.S. Bureau of Labor Statistics,CES/SAE total-private average weekly hours API response,https://www.bls.gov/developers/,https://api.bls.gov/publicAPI/v2/timeseries/data/,D:\Programming\Dynamic Paper-dlrhcs_replication\outputs\empirical\unemployment\raw_sa_pilot\raw\bls_api_ces_total_private_hours\ces_hours_2017_2026_chunk011.json,accepted-existing,224,48d4a57eed253437dd9f0664c33b90bbc2a7cb9ab553605f7a8a367cee05a818,metadata-defined,"Request could not be serviced, as the daily threshold for total number of requests allocated to the user with registration key  has been reached."
U.S. Bureau of Labor Statistics,CES/SAE total-private average weekly hours API response,https://www.bls.gov/developers/,https://api.bls.gov/publicAPI/v2/timeseries/data/,D:\Programming\Dynamic Paper-dlrhcs_replication\outputs\empirical\unemployment\raw_sa_pilot\raw\bls_api_ces_total_private_hours\ces_hours_2017_2026_chunk012.json,accepted-existing,224,48d4a57eed253437dd9f0664c33b90bbc2a7cb9ab553605f7a8a367cee05a818,metadata-defined,"Request could not be serviced, as the daily threshold for total number of requests allocated to the user with registration key  has been reached."
U.S. Bureau of Labor Statistics,CES/SAE total-private average weekly hours API response,https://www.bls.gov/developers/,https://api.bls.gov/publicAPI/v2/timeseries/data/,D:\Programming\Dynamic Paper-dlrhcs_replication\outputs\empirical\unemployment\raw_sa_pilot\raw\bls_api_ces_total_private_hours\ces_hours_2017_2026_chunk013.json,accepted-existing,224,48d4a57eed253437dd9f0664c33b90bbc2a7cb9ab553605f7a8a367cee05a818,metadata-defined,"Request could not be serviced, as the daily threshold for total number of requests allocated to the user with registration key  has been reached."
U.S. Bureau of Labor Statistics,CES/SAE total-private average weekly hours API response,https://www.bls.gov/developers/,https://api.bls.gov/publicAPI/v2/timeseries/data/,D:\Programming\Dynamic Paper-dlrhcs_replication\outputs\empirical\unemployment\raw_sa_pilot\raw\bls_api_ces_total_private_hours\ces_hours_2017_2026_chunk014.json,accepted-existing,224,48d4a57eed253437dd9f0664c33b90bbc2a7cb9ab553605f7a8a367cee05a818,metadata-defined,"Request could not be serviced, as the daily threshold for total number of requests allocated to the user with registration key  has been reached."
U.S. Bureau of Labor Statistics,CES/SAE total-private average weekly hours API response,https://www.bls.gov/developers/,https://api.bls.gov/publicAPI/v2/timeseries/data/,D:\Programming\Dynamic Paper-dlrhcs_replication\outputs\empirical\unemployment\raw_sa_pilot\raw\bls_api_ces_total_private_hours\ces_hours_2017_2026_chunk015.json,accepted-existing,224,48d4a57eed253437dd9f0664c33b90bbc2a7cb9ab553605f7a8a367cee05a818,metadata-defined,"Request could not be serviced, as the daily threshold for total number of requests allocated to the user with registration key  has been reached."
U.S. Bureau of Labor Statistics,CES/SAE total-private average weekly hours API response,https://www.bls.gov/developers/,https://api.bls.gov/publicAPI/v2/timeseries/data/,D:\Programming\Dynamic Paper-dlrhcs_replication\outputs\empirical\unemployment\raw_sa_pilot\raw\bls_api_ces_total_private_hours\ces_hours_2017_2026_chunk016.json,accepted-existing,224,48d4a57eed253437dd9f0664c33b90bbc2a7cb9ab553605f7a8a367cee05a818,metadata-defined,"Request could not be serviced, as the daily threshold for total number of requests allocated to the user with registration key  has been reached."
U.S. Bureau of Labor Statistics,CES/SAE total-private average weekly hours API response,https://www.bls.gov/developers/,https://api.bls.gov/publicAPI/v2/timeseries/data/,D:\Programming\Dynamic Paper-dlrhcs_replication\outputs\empirical\unemployment\raw_sa_pilot\raw\bls_api_ces_total_private_hours\ces_hours_2017_2026_chunk017.json,accepted-existing,224,48d4a57eed253437dd9f0664c33b90bbc2a7cb9ab553605f7a8a367cee05a818,metadata-defined,"Request could not be serviced, as the daily threshold for total number of requests allocated to the user with registration key  has been reached."
U.S. Bureau of Labor Statistics,CES/SAE total-private average weekly hours API response,https://www.bls.gov/developers/,https://api.bls.gov/publicAPI/v2/timeseries/data/,D:\Programming\Dynamic Paper-dlrhcs_replication\outputs\empirical\unemployment\raw_sa_pilot\raw\bls_api_ces_total_private_hours\ces_hours_2017_2026_chunk018.json,accepted-existing,224,48d4a57eed253437dd9f0664c33b90bbc2a7cb9ab553605f7a8a367cee05a818,metadata-defined,"Request could not be serviced, as the daily threshold for total number of requests allocated to the user with registration key  has been reached."
U.S. Bureau of Labor Statistics,CES/SAE total-private average weekly hours API response,https://www.bls.gov/developers/,https://api.bls.gov/publicAPI/v2/timeseries/data/,D:\Programming\Dynamic Paper-dlrhcs_replication\outputs\empirical\unemployment\raw_sa_pilot\raw\bls_api_ces_total_private_hours\ces_hours_2007_2025_chunk001.json,accepted-existing-successful-cache,249135,e596b2dcbc522cb5f16fa4711000da736cb448f516409a7ec2ecbb3b1cb5a055,metadata-defined,parsed preserved successful cached official BLS API response
U.S. Bureau of Labor Statistics,CES/SAE total-private average weekly hours API response,https://www.bls.gov/developers/,https://api.bls.gov/publicAPI/v2/timeseries/data/,D:\Programming\Dynamic Paper-dlrhcs_replication\outputs\empirical\unemployment\raw_sa_pilot\raw\bls_api_ces_total_private_hours\ces_hours_2007_2025_chunk002.json,accepted-existing-successful-cache,249135,f995ed7fbebb7c8ed1d080d9e342e8059388365933ba32dc5ceac976389878de,metadata-defined,parsed preserved successful cached official BLS API response
U.S. Bureau of Labor Statistics,CES/SAE total-private average weekly hours API response,https://www.bls.gov/developers/,https://api.bls.gov/publicAPI/v2/timeseries/data/,D:\Programming\Dynamic Paper-dlrhcs_replication\outputs\empirical\unemployment\raw_sa_pilot\raw\bls_api_ces_total_private_hours\ces_hours_2007_2025_chunk003.json,accepted-existing-successful-cache,245299,bd0adfe524366e373b7f3b083ea96942283281eea74903e9463ac852f2bbf42a,metadata-defined,parsed preserved successful cached official BLS API response
U.S. Bureau of Labor Statistics,CES/SAE total-private average weekly hours API response,https://www.bls.gov/developers/,https://api.bls.gov/publicAPI/v2/timeseries/data/,D:\Programming\Dynamic Paper-dlrhcs_replication\outputs\empirical\unemployment\raw_sa_pilot\raw\bls_api_ces_total_private_hours\ces_hours_2007_2025_chunk004.json,accepted-existing-successful-cache,233791,2ed281fecfe0badf7aecebe523df98397a93233e2035488ad10d52e81c31c821,metadata-defined,parsed preserved successful cached official BLS API response
U.S. Bureau of Labor Statistics,CES/SAE total-private average weekly hours API response,https://www.bls.gov/developers/,https://api.bls.gov/publicAPI/v2/timeseries/data/,D:\Programming\Dynamic Paper-dlrhcs_replication\outputs\empirical\unemployment\raw_sa_pilot\raw\bls_api_ces_total_private_hours\ces_hours_2007_2025_chunk005.json,accepted-existing-successful-cache,233791,e7375182680dcadbe382413df2b4c38ae0b5c3dbc7faa4683ccd536afd47926b,metadata-defined,parsed preserved successful cached official BLS API response
U.S. Bureau of Labor Statistics,CES/SAE total-private average weekly hours API response,https://www.bls.gov/developers/,https://api.bls.gov/publicAPI/v2/timeseries/data/,D:\Programming\Dynamic Paper-dlrhcs_replication\outputs\empirical\unemployment\raw_sa_pilot\raw\bls_api_ces_total_private_hours\ces_hours_2007_2025_chunk006.json,accepted-existing-successful-cache,245299,bc94d292d923490cb547071066a539025bebad28226b6160c6fb4c27d1568d76,metadata-defined,parsed preserved successful cached official BLS API response
U.S. Bureau of Labor Statistics,CES/SAE total-private average weekly hours API response,https://www.bls.gov/developers/,https://api.bls.gov/publicAPI/v2/timeseries/data/,D:\Programming\Dynamic Paper-dlrhcs_replication\outputs\empirical\unemployment\raw_sa_pilot\raw\bls_api_ces_total_private_hours\ces_hours_2007_2025_chunk007.json,accepted-existing-successful-cache,244340,5c2596370fe8b1ddf84e453e811723e31e0dca63e4e51469fb661b874b0fd68d,metadata-defined,parsed preserved successful cached official BLS API response
U.S. Bureau of Labor Statistics,CES/SAE total-private average weekly hours API response,https://www.bls.gov/developers/,https://api.bls.gov/publicAPI/v2/timeseries/data/,D:\Programming\Dynamic Paper-dlrhcs_replication\outputs\empirical\unemployment\raw_sa_pilot\raw\bls_api_ces_total_private_hours\ces_hours_2007_2025_chunk008.json,accepted-existing-successful-cache,229955,7efe9bf803ad4397695dbbadb4ded819091e512ec8fb9de955c5686e48860098,metadata-defined,parsed preserved successful cached official BLS API response
U.S. Bureau of Labor Statistics,CES/SAE total-private average weekly hours API response,https://www.bls.gov/developers/,https://api.bls.gov/publicAPI/v2/timeseries/data/,D:\Programming\Dynamic Paper-dlrhcs_replication\outputs\empirical\unemployment\raw_sa_pilot\raw\bls_api_ces_total_private_hours\ces_hours_2007_2025_chunk009.json,accepted-existing-successful-cache,239545,6c9f13d6431d749028999d4a958c2468c158dbe9ed771aeee37e785b2eb2d976,metadata-defined,parsed preserved successful cached official BLS API response
U.S. Bureau of Labor Statistics,CES/SAE total-private average weekly hours API response,https://www.bls.gov/developers/,https://api.bls.gov/publicAPI/v2/timeseries/data/,D:\Programming\Dynamic Paper-dlrhcs_replication\outputs\empirical\unemployment\raw_sa_pilot\raw\bls_api_ces_total_private_hours\ces_hours_2007_2025_chunk010.json,accepted-existing-successful-cache,233791,7cd3934e618da690c75237151ee2062c002490cc4a6c851d830b93f35de01bc8,metadata-defined,parsed preserved successful cached official BLS API response
U.S. Bureau of Labor Statistics,CES/SAE total-private average weekly hours API response,https://www.bls.gov/developers/,https://api.bls.gov/publicAPI/v2/timeseries/data/,D:\Programming\Dynamic Paper-dlrhcs_replication\outputs\empirical\unemployment\raw_sa_pilot\raw\bls_api_ces_total_private_hours\ces_hours_2007_2025_chunk011.json,accepted-existing-successful-cache,237627,1aeaf85f8be5fac21bc6b9213d3e959ef17f2cf47635abdb733329d18603f39e,metadata-defined,parsed preserved successful cached official BLS API response
U.S. Bureau of Labor Statistics,CES/SAE total-private average weekly hours API response,https://www.bls.gov/developers/,https://api.bls.gov/publicAPI/v2/timeseries/data/,D:\Programming\Dynamic Paper-dlrhcs_replication\outputs\empirical\unemployment\raw_sa_pilot\raw\bls_api_ces_total_private_hours\ces_hours_2007_2025_chunk012.json,accepted-existing-successful-cache,241463,5def5727594b0c280458d05362135ec00fc754277838020821afdeabb534c340,metadata-defined,parsed preserved successful cached official BLS API response
U.S. Bureau of Labor Statistics,CES/SAE total-private average weekly hours API response,https://www.bls.gov/developers/,https://api.bls.gov/publicAPI/v2/timeseries/data/,D:\Programming\Dynamic Paper-dlrhcs_replication\outputs\empirical\unemployment\raw_sa_pilot\raw\bls_api_ces_total_private_hours\ces_hours_2007_2025_chunk013.json,accepted-existing-successful-cache,233791,6bf1effc39f10355a11cf631fe060fff85919980b88feff2e143e4839fac0cb3,metadata-defined,parsed preserved successful cached official BLS API response
U.S. Bureau of Labor Statistics,CES/SAE total-private average weekly hours API response,https://www.bls.gov/developers/,https://api.bls.gov/publicAPI/v2/timeseries/data/,D:\Programming\Dynamic Paper-dlrhcs_replication\outputs\empirical\unemployment\raw_sa_pilot\raw\bls_api_ces_total_private_hours\ces_hours_2007_2025_chunk014.json,accepted-existing-successful-cache,249135,56cf7aff2146a13a41a2a5c1132562eebe78a883669a75af6c84aa71377ab711,metadata-defined,parsed preserved successful cached official BLS API response
U.S. Bureau of Labor Statistics,CES/SAE total-private average weekly hours API response,https://www.bls.gov/developers/,https://api.bls.gov/publicAPI/v2/timeseries/data/,D:\Programming\Dynamic Paper-dlrhcs_replication\outputs\empirical\unemployment\raw_sa_pilot\raw\bls_api_ces_total_private_hours\ces_hours_2007_2025_chunk015.json,accepted-existing-successful-cache,252971,7005cc535943117ed1db3a18da1150de159345c0662cccd6f20a3a1f9f3298c9,metadata-defined,parsed preserved successful cached official BLS API response
U.S. Bureau of Labor Statistics,CES/SAE total-private average weekly hours API response,https://www.bls.gov/developers/,https://api.bls.gov/publicAPI/v2/timeseries/data/,D:\Programming\Dynamic Paper-dlrhcs_replication\outputs\empirical\unemployment\raw_sa_pilot\raw\bls_api_ces_total_private_hours\ces_hours_2007_2025_chunk016.json,accepted-existing-successful-cache,237627,92b71dbfc5ce1ac9e2153b5a756afcc89eda2b148a6fa9456241074c19a9f1d4,metadata-defined,parsed preserved successful cached official BLS API response
U.S. Bureau of Labor Statistics,CES/SAE total-private average weekly hours API response,https://www.bls.gov/developers/,https://api.bls.gov/publicAPI/v2/timeseries/data/,D:\Programming\Dynamic Paper-dlrhcs_replication\outputs\empirical\unemployment\raw_sa_pilot\raw\bls_api_ces_total_private_hours\ces_hours_2007_2025_chunk017.json,accepted-existing-successful-cache,245299,af592d792397e8d3fb0b1320c20d8a2ea419519cffde2c1f0db953ed5a09de1e,metadata-defined,parsed preserved successful cached official BLS API response
U.S. Bureau of Labor Statistics,CES/SAE total-private average weekly hours API response,https://www.bls.gov/developers/,https://api.bls.gov/publicAPI/v2/timeseries/data/,D:\Programming\Dynamic Paper-dlrhcs_replication\outputs\empirical\unemployment\raw_sa_pilot\raw\bls_api_ces_total_private_hours\ces_hours_2007_2025_chunk018.json,accepted-existing-successful-cache,18015,7dfa8f54783638f243257529204a8f187909ffddad92427438259d50c9517418,metadata-defined,parsed preserved successful cached official BLS API response
U.S. Bureau of Labor Statistics,CES/SAE total-private average weekly hours API response,https://www.bls.gov/developers/,https://api.bls.gov/publicAPI/v2/timeseries/data/,D:\Programming\Dynamic Paper-dlrhcs_replication\outputs\empirical\unemployment\raw_sa_pilot\raw\bls_api_ces_total_private_hours\ces_hours_2026_2026_chunk001.json,accepted-existing-successful-cache,15062,15657a229898cadc466df3e730a90ac304e1b180edeae341287d052be7108aa4,metadata-defined,parsed preserved successful cached official BLS API response
U.S. Bureau of Labor Statistics,CES/SAE total-private average weekly hours API response,https://www.bls.gov/developers/,https://api.bls.gov/publicAPI/v2/timeseries/data/,D:\Programming\Dynamic Paper-dlrhcs_replication\outputs\empirical\unemployment\raw_sa_pilot\raw\bls_api_ces_total_private_hours\ces_hours_2026_2026_chunk002.json,accepted-existing-successful-cache,15062,52ff66c75d8b8c42f8977c5c0fea21044d76b17e118e7a326f8958a52bd14f9c,metadata-defined,parsed preserved successful cached official BLS API response
U.S. Bureau of Labor Statistics,CES/SAE total-private average weekly hours API response,https://www.bls.gov/developers/,https://api.bls.gov/publicAPI/v2/timeseries/data/,D:\Programming\Dynamic Paper-dlrhcs_replication\outputs\empirical\unemployment\raw_sa_pilot\raw\bls_api_ces_total_private_hours\ces_hours_2026_2026_chunk003.json,accepted-existing-successful-cache,15062,a83d4eaf9cc40bfd7a1a84c27a08f825679ad546c1a89ae78c1b6544e65b917a,metadata-defined,parsed preserved successful cached official BLS API response
U.S. Bureau of Labor Statistics,CES/SAE total-private average weekly hours API response,https://www.bls.gov/developers/,https://api.bls.gov/publicAPI/v2/timeseries/data/,D:\Programming\Dynamic Paper-dlrhcs_replication\outputs\empirical\unemployment\raw_sa_pilot\raw\bls_api_ces_total_private_hours\ces_hours_2026_2026_chunk004.json,accepted-existing-successful-cache,15062,51bcf2ca60736be8734002e3b85ff3ae6482a29c27be27c317d8a6ba95d5f967,metadata-defined,parsed preserved successful cached official BLS API response
U.S. Bureau of Labor Statistics,CES/SAE total-private average weekly hours API response,https://www.bls.gov/developers/,https://api.bls.gov/publicAPI/v2/timeseries/data/,D:\Programming\Dynamic Paper-dlrhcs_replication\outputs\empirical\unemployment\raw_sa_pilot\raw\bls_api_ces_total_private_hours\ces_hours_2026_2026_chunk005.json,accepted-existing-successful-cache,15062,f887b7851fa9405d559f439afbad3b9f7de51a65fde370d07178c0230b202d8b,metadata-defined,parsed preserved successful cached official BLS API response
U.S. Bureau of Labor Statistics,CES/SAE total-private average weekly hours API response,https://www.bls.gov/developers/,https://api.bls.gov/publicAPI/v2/timeseries/data/,D:\Programming\Dynamic Paper-dlrhcs_replication\outputs\empirical\unemployment\raw_sa_pilot\raw\bls_api_ces_total_private_hours\ces_hours_2026_2026_chunk006.json,accepted-existing-successful-cache,15062,c91410f7f0481a040b345e3bd8dd5c967b8dfe3795bb48354c7b30212c6786aa,metadata-defined,parsed preserved successful cached official BLS API response
U.S. Bureau of Labor Statistics,CES/SAE total-private average weekly hours API response,https://www.bls.gov/developers/,https://api.bls.gov/publicAPI/v2/timeseries/data/,D:\Programming\Dynamic Paper-dlrhcs_replication\outputs\empirical\unemployment\raw_sa_pilot\raw\bls_api_ces_total_private_hours\ces_hours_2026_2026_chunk007.json,accepted-existing-successful-cache,15062,20854701e94e23697e03d47d5e24a527ca04e3412c9162a675eee83ce3507126,metadata-defined,parsed preserved successful cached official BLS API response
