variable,cbsa_code,area_title,x13_mode,x13_spec_id,x13_status,returncode,reused_existing_x13_output,n_observed,segment_start,segment_end,x13_transformation,x13_x11_mode,warning_or_error,warning_excerpt,outlier_excerpt,model_diagnostics_excerpt
ces_hours,10180,"Abilene, TX",additive_level,ces_hours_additive_level_10180_200701_201612,ok,0,1,120,2007-01-01,2016-12-01,none,add,0,,,"
"
ces_hours,10180,"Abilene, TX",log_additive,ces_hours_log_additive_10180_200701_201612,ok,0,1,120,2007-01-01,2016-12-01,log,add,0,,,"
"
ces_hours,10380,,,,segment_too_short,,,21,,,,,,,,
ces_hours,10420,"Akron, OH",additive_level,ces_hours_additive_level_10420_200701_201612,ok,0,1,120,2007-01-01,2016-12-01,none,add,0,,,"
"
ces_hours,10420,"Akron, OH",log_additive,ces_hours_log_additive_10420_200701_201612,ok,0,1,120,2007-01-01,2016-12-01,log,add,0,,,"
"
ces_hours,10500,"Albany, GA",additive_level,ces_hours_additive_level_10500_200701_201612,ok,0,1,120,2007-01-01,2016-12-01,none,add,0,,,"
"
ces_hours,10500,"Albany, GA",log_additive,ces_hours_log_additive_10500_200701_201612,ok,0,1,120,2007-01-01,2016-12-01,log,add,0,,,"
"
ces_hours,10500,,,,segment_too_short,,,6,,,,,,,,
ces_hours,10540,,,,segment_too_short,,,72,,,,,,,,
ces_hours,10580,"Albany-Schenectady-Troy, NY",additive_level,ces_hours_additive_level_10580_200701_201612,ok,0,1,120,2007-01-01,2016-12-01,none,add,0,,,"
"
ces_hours,10580,"Albany-Schenectady-Troy, NY",log_additive,ces_hours_log_additive_10580_200701_201612,ok,0,1,120,2007-01-01,2016-12-01,log,add,0,,,"
"
ces_hours,10740,"Albuquerque, NM",additive_level,ces_hours_additive_level_10740_200701_201612,ok,0,1,120,2007-01-01,2016-12-01,none,add,0,,,"
"
ces_hours,10740,"Albuquerque, NM",log_additive,ces_hours_log_additive_10740_200701_201612,ok,0,1,120,2007-01-01,2016-12-01,log,add,0,,,"
"
ces_hours,10780,"Alexandria, LA",additive_level,ces_hours_additive_level_10780_200701_201612,ok,0,1,120,2007-01-01,2016-12-01,none,add,0,,,"
"
ces_hours,10780,"Alexandria, LA",log_additive,ces_hours_log_additive_10780_200701_201612,ok,0,1,120,2007-01-01,2016-12-01,log,add,0,,,"
"
ces_hours,10780,,,,segment_too_short,,,6,,,,,,,,
ces_hours,10900,"Allentown-Bethlehem-Easton, PA-NJ",additive_level,ces_hours_additive_level_10900_200701_201612,ok,0,1,120,2007-01-01,2016-12-01,none,add,0,,,"
"
ces_hours,10900,"Allentown-Bethlehem-Easton, PA-NJ",log_additive,ces_hours_log_additive_10900_200701_201612,ok,0,1,120,2007-01-01,2016-12-01,log,add,0,,,"
"
ces_hours,11020,"Altoona, PA",additive_level,ces_hours_additive_level_11020_200701_201612,ok,0,1,120,2007-01-01,2016-12-01,none,add,0,,,"
"
ces_hours,11020,"Altoona, PA",log_additive,ces_hours_log_additive_11020_200701_201612,ok,0,1,120,2007-01-01,2016-12-01,log,add,0,,,"
"
ces_hours,11100,"Amarillo, TX",additive_level,ces_hours_additive_level_11100_200701_201612,ok,0,1,120,2007-01-01,2016-12-01,none,add,0,,,"
"
ces_hours,11100,"Amarillo, TX",log_additive,ces_hours_log_additive_11100_200701_201612,ok,0,1,120,2007-01-01,2016-12-01,log,add,0,,,"
"
ces_hours,11180,"Ames, IA",additive_level,ces_hours_additive_level_11180_200701_201612,ok,0,1,120,2007-01-01,2016-12-01,none,add,0,,,"
"
ces_hours,11180,"Ames, IA",log_additive,ces_hours_log_additive_11180_200701_201612,failed:0,0,0,120,2007-01-01,2016-12-01,log,add,1,"  Storing any program error messages into D:\Programming\Dynamic Paper-dlrhcs_replication\outputs\empirical\unemployment\raw_sa_pilot\x13_work\ces_hours_log_additive_11180_200701_201612.err
 ERROR: Additive seasonal adjustment will not be performed when
  Program error(s) halt execution for D:\Programming\Dynamic Paper-dlrhcs_replication\outputs\empirical\unemployment\raw_sa_pilot\x13_work\ces_hours_log_additive_11180_200701_201612.spc
 Check error file D:\Programming\Dynamic Paper-dlrhcs_replication\outputs\empirical\unemployment\raw_sa_pilot\x13_work\ces_hours_log_additive_11180_200701_201612.err",,"
 X-13ARIMA-SEATS Seasonal Adjustment Program
 Version Number 1.1 Build 62
 Execution began  Jul 29, 2026  08.54.55 

  Reading input spec file from D:\Programming\Dynamic Paper-dlrhcs_replication\outputs\empirical\unemployment\raw_sa_pilot\x13_work\ces_hours_log_additive_11180_200701_201612.spc
  Storing any program output into D:\Programming\Dynamic Paper-dlrhcs_replication\outputs\empirical\unemployment\raw_sa_pilot\x13_work\ces_hours_log_additive_11180_200701_201612.out
  Storing any program error messages into D:\Programming\Dynamic Paper-dlrhcs_replication\outputs\empirical\unemployment\raw_sa_pilot\x13_work\ces_hours_log_additive_11180_200701_201612.err
 
  
 ERROR: Additive seasonal adjustment will not be performed when
        preadjustment factors are derived from a REGARIMA model 
        for transformed data.
  
        Check the values for the power or function arguments of the 
        transform spec and mode of the x11 spec.
  Program error(s) halt execution for D:\Programming\Dynamic Paper-dlrhcs_replication\outputs\empirical\unemployment\raw_sa_pilot\x13_work\ces_hours_log_additive_11180_200701_201612.spc

 Check error file D:\Programming\Dynamic Paper-dlrhcs_replication\outputs\empirical\unemployment\raw_sa_pilot\x13_work\ces_hours_log_additive_11180_200701_201612.err

"
ces_hours,11180,,,,segment_too_short,,,6,,,,,,,,
ces_hours,11200,,,,segment_too_short,,,72,,,,,,,,
ces_hours,11244,"Anaheim-Santa Ana-Irvine, CA Metropolitan Division",additive_level,ces_hours_additive_level_11244_200701_201612,ok,0,1,120,2007-01-01,2016-12-01,none,add,0,,,"
"
ces_hours,11244,"Anaheim-Santa Ana-Irvine, CA Metropolitan Division",log_additive,ces_hours_log_additive_11244_200701_201612,failed:0,0,0,120,2007-01-01,2016-12-01,log,add,1,"  Storing any program error messages into D:\Programming\Dynamic Paper-dlrhcs_replication\outputs\empirical\unemployment\raw_sa_pilot\x13_work\ces_hours_log_additive_11244_200701_201612.err
 ERROR: Additive seasonal adjustment will not be performed when
  Program error(s) halt execution for D:\Programming\Dynamic Paper-dlrhcs_replication\outputs\empirical\unemployment\raw_sa_pilot\x13_work\ces_hours_log_additive_11244_200701_201612.spc
 Check error file D:\Programming\Dynamic Paper-dlrhcs_replication\outputs\empirical\unemployment\raw_sa_pilot\x13_work\ces_hours_log_additive_11244_200701_201612.err",,"
 X-13ARIMA-SEATS Seasonal Adjustment Program
 Version Number 1.1 Build 62
 Execution began  Jul 29, 2026  08.54.55 

  Reading input spec file from D:\Programming\Dynamic Paper-dlrhcs_replication\outputs\empirical\unemployment\raw_sa_pilot\x13_work\ces_hours_log_additive_11244_200701_201612.spc
  Storing any program output into D:\Programming\Dynamic Paper-dlrhcs_replication\outputs\empirical\unemployment\raw_sa_pilot\x13_work\ces_hours_log_additive_11244_200701_201612.out
  Storing any program error messages into D:\Programming\Dynamic Paper-dlrhcs_replication\outputs\empirical\unemployment\raw_sa_pilot\x13_work\ces_hours_log_additive_11244_200701_201612.err
 
  
 ERROR: Additive seasonal adjustment will not be performed when
        preadjustment factors are derived from a REGARIMA model 
        for transformed data.
  
        Check the values for the power or function arguments of the 
        transform spec and mode of the x11 spec.
  Program error(s) halt execution for D:\Programming\Dynamic Paper-dlrhcs_replication\outputs\empirical\unemployment\raw_sa_pilot\x13_work\ces_hours_log_additive_11244_200701_201612.spc

 Check error file D:\Programming\Dynamic Paper-dlrhcs_replication\outputs\empirical\unemployment\raw_sa_pilot\x13_work\ces_hours_log_additive_11244_200701_201612.err

"
ces_hours,11244,,,,segment_too_short,,,6,,,,,,,,
ces_hours,11260,"Anchorage, AK",additive_level,ces_hours_additive_level_11260_200701_201612,ok,0,1,120,2007-01-01,2016-12-01,none,add,0,,,"
"
ces_hours,11260,"Anchorage, AK",log_additive,ces_hours_log_additive_11260_200701_201612,failed:0,0,0,120,2007-01-01,2016-12-01,log,add,1,"  Storing any program error messages into D:\Programming\Dynamic Paper-dlrhcs_replication\outputs\empirical\unemployment\raw_sa_pilot\x13_work\ces_hours_log_additive_11260_200701_201612.err
 ERROR: Additive seasonal adjustment will not be performed when
  Program error(s) halt execution for D:\Programming\Dynamic Paper-dlrhcs_replication\outputs\empirical\unemployment\raw_sa_pilot\x13_work\ces_hours_log_additive_11260_200701_201612.spc
 Check error file D:\Programming\Dynamic Paper-dlrhcs_replication\outputs\empirical\unemployment\raw_sa_pilot\x13_work\ces_hours_log_additive_11260_200701_201612.err",,"
 X-13ARIMA-SEATS Seasonal Adjustment Program
 Version Number 1.1 Build 62
 Execution began  Jul 29, 2026  08.54.55 

  Reading input spec file from D:\Programming\Dynamic Paper-dlrhcs_replication\outputs\empirical\unemployment\raw_sa_pilot\x13_work\ces_hours_log_additive_11260_200701_201612.spc
  Storing any program output into D:\Programming\Dynamic Paper-dlrhcs_replication\outputs\empirical\unemployment\raw_sa_pilot\x13_work\ces_hours_log_additive_11260_200701_201612.out
  Storing any program error messages into D:\Programming\Dynamic Paper-dlrhcs_replication\outputs\empirical\unemployment\raw_sa_pilot\x13_work\ces_hours_log_additive_11260_200701_201612.err
 
  
 ERROR: Additive seasonal adjustment will not be performed when
        preadjustment factors are derived from a REGARIMA model 
        for transformed data.
  
        Check the values for the power or function arguments of the 
        transform spec and mode of the x11 spec.
  Program error(s) halt execution for D:\Programming\Dynamic Paper-dlrhcs_replication\outputs\empirical\unemployment\raw_sa_pilot\x13_work\ces_hours_log_additive_11260_200701_201612.spc

 Check error file D:\Programming\Dynamic Paper-dlrhcs_replication\outputs\empirical\unemployment\raw_sa_pilot\x13_work\ces_hours_log_additive_11260_200701_201612.err

"
ces_hours,11260,,,,segment_too_short,,,6,,,,,,,,
ces_hours,11460,"Ann Arbor, MI",additive_level,ces_hours_additive_level_11460_200701_201612,ok,0,1,120,2007-01-01,2016-12-01,none,add,0,,,"
"
ces_hours,11460,"Ann Arbor, MI",log_additive,ces_hours_log_additive_11460_200701_201612,ok,0,1,120,2007-01-01,2016-12-01,log,add,0,,,"
"
ces_hours,11500,"Anniston-Oxford, AL",additive_level,ces_hours_additive_level_11500_200701_201612,ok,0,1,120,2007-01-01,2016-12-01,none,add,0,,,"
"
ces_hours,11500,"Anniston-Oxford, AL",log_additive,ces_hours_log_additive_11500_200701_201612,ok,0,1,120,2007-01-01,2016-12-01,log,add,0,,,"
"
ces_hours,11500,,,,segment_too_short,,,6,,,,,,,,
ces_hours,11540,"Appleton, WI",additive_level,ces_hours_additive_level_11540_200701_201612,ok,0,1,120,2007-01-01,2016-12-01,none,add,0,,,"
"
ces_hours,11540,"Appleton, WI",log_additive,ces_hours_log_additive_11540_200701_201612,ok,0,1,120,2007-01-01,2016-12-01,log,add,0,,,"
"
ces_hours,11640,,,,segment_too_short,,,21,,,,,,,,
ces_hours,11694,,,,segment_too_short,,,72,,,,,,,,
ces_hours,11700,"Asheville, NC",additive_level,ces_hours_additive_level_11700_200701_201612,ok,0,1,120,2007-01-01,2016-12-01,none,add,0,,,"
"
ces_hours,11700,"Asheville, NC",log_additive,ces_hours_log_additive_11700_200701_201612,ok,0,1,120,2007-01-01,2016-12-01,log,add,0,,,"
"
ces_hours,12020,"Athens-Clarke County, GA",additive_level,ces_hours_additive_level_12020_200701_201612,ok,0,1,120,2007-01-01,2016-12-01,none,add,0,,,"
"
ces_hours,12020,"Athens-Clarke County, GA",log_additive,ces_hours_log_additive_12020_200701_201612,failed:0,0,0,120,2007-01-01,2016-12-01,log,add,1,"  Storing any program error messages into D:\Programming\Dynamic Paper-dlrhcs_replication\outputs\empirical\unemployment\raw_sa_pilot\x13_work\ces_hours_log_additive_12020_200701_201612.err
 WARNING: At least one visually significant seasonal peak has been found
 ERROR: Additive seasonal adjustment will not be performed when
  Program error(s) halt execution for D:\Programming\Dynamic Paper-dlrhcs_replication\outputs\empirical\unemployment\raw_sa_pilot\x13_work\ces_hours_log_additive_12020_200701_201612.spc
 Check error file D:\Programming\Dynamic Paper-dlrhcs_replication\outputs\empirical\unemployment\raw_sa_pilot\x13_work\ces_hours_log_additive_12020_200701_201612.err",,"
 X-13ARIMA-SEATS Seasonal Adjustment Program
 Version Number 1.1 Build 62
 Execution began  Jul 29, 2026  08.54.58 

  Reading input spec file from D:\Programming\Dynamic Paper-dlrhcs_replication\outputs\empirical\unemployment\raw_sa_pilot\x13_work\ces_hours_log_additive_12020_200701_201612.spc
  Storing any program output into D:\Programming\Dynamic Paper-dlrhcs_replication\outputs\empirical\unemployment\raw_sa_pilot\x13_work\ces_hours_log_additive_12020_200701_201612.out
  Storing any program error messages into D:\Programming\Dynamic Paper-dlrhcs_replication\outputs\empirical\unemployment\raw_sa_pilot\x13_work\ces_hours_log_additive_12020_200701_201612.err
 
  
 WARNING: At least one visually significant seasonal peak has been found
          in the estimated spectrum of the regARIMA residuals.
  
 ERROR: Additive seasonal adjustment will not be performed when
        preadjustment factors are derived from a REGARIMA model 
        for transformed data.
  
        Check the values for the power or function arguments of the 
        transform spec and mode of the x11 spec.
  Program error(s) halt execution for D:\Programming\Dynamic Paper-dlrhcs_replication\outputs\empirical\unemployment\raw_sa_pilot\x13_work\ces_hours_log_additive_12020_200701_201612.spc

 Check error file D:\Programming\Dynamic Paper-dlrhcs_replication\outputs\empirical\unemployment\raw_sa_pilot\x13_work\ces_hours_log_additive_12020_200701_201612.err

"
ces_hours,12020,,,,segment_too_short,,,6,,,,,,,,
ces_hours,12054,,,,segment_too_short,,,72,,,,,,,,
ces_hours,12054,,,,segment_too_short,,,6,,,,,,,,
ces_hours,12060,,,,segment_too_short,,,72,,,,,,,,
ces_hours,12060,,,,segment_too_short,,,6,,,,,,,,
ces_hours,12100,"Atlantic City-Hammonton, NJ",additive_level,ces_hours_additive_level_12100_200701_201612,ok,0,1,120,2007-01-01,2016-12-01,none,add,0,,,"
"
ces_hours,12100,"Atlantic City-Hammonton, NJ",log_additive,ces_hours_log_additive_12100_200701_201612,ok,0,1,120,2007-01-01,2016-12-01,log,add,0,,,"
"
ces_hours,12220,"Auburn-Opelika, AL",additive_level,ces_hours_additive_level_12220_200701_201612,ok,0,1,120,2007-01-01,2016-12-01,none,add,0,,,"
"
ces_hours,12220,"Auburn-Opelika, AL",log_additive,ces_hours_log_additive_12220_200701_201612,ok,0,1,120,2007-01-01,2016-12-01,log,add,0,,,"
"
ces_hours,12220,,,,segment_too_short,,,6,,,,,,,,
ces_hours,12260,"Augusta-Richmond County, GA-SC",additive_level,ces_hours_additive_level_12260_200701_201612,ok,0,1,120,2007-01-01,2016-12-01,none,add,0,,,"
"
ces_hours,12260,"Augusta-Richmond County, GA-SC",log_additive,ces_hours_log_additive_12260_200701_201612,ok,0,1,120,2007-01-01,2016-12-01,log,add,0,,,"
"
ces_hours,12260,,,,segment_too_short,,,6,,,,,,,,
ces_hours,12420,"Austin-Round Rock-San Marcos, TX",additive_level,ces_hours_additive_level_12420_200701_201612,ok,0,1,120,2007-01-01,2016-12-01,none,add,0,,,"
"
ces_hours,12420,"Austin-Round Rock-San Marcos, TX",log_additive,ces_hours_log_additive_12420_200701_201612,failed:0,0,0,120,2007-01-01,2016-12-01,log,add,1,"  Storing any program error messages into D:\Programming\Dynamic Paper-dlrhcs_replication\outputs\empirical\unemployment\raw_sa_pilot\x13_work\ces_hours_log_additive_12420_200701_201612.err
 ERROR: Additive seasonal adjustment will not be performed when
  Program error(s) halt execution for D:\Programming\Dynamic Paper-dlrhcs_replication\outputs\empirical\unemployment\raw_sa_pilot\x13_work\ces_hours_log_additive_12420_200701_201612.spc
 Check error file D:\Programming\Dynamic Paper-dlrhcs_replication\outputs\empirical\unemployment\raw_sa_pilot\x13_work\ces_hours_log_additive_12420_200701_201612.err",,"
 X-13ARIMA-SEATS Seasonal Adjustment Program
 Version Number 1.1 Build 62
 Execution began  Jul 29, 2026  08.54.58 

  Reading input spec file from D:\Programming\Dynamic Paper-dlrhcs_replication\outputs\empirical\unemployment\raw_sa_pilot\x13_work\ces_hours_log_additive_12420_200701_201612.spc
  Storing any program output into D:\Programming\Dynamic Paper-dlrhcs_replication\outputs\empirical\unemployment\raw_sa_pilot\x13_work\ces_hours_log_additive_12420_200701_201612.out
  Storing any program error messages into D:\Programming\Dynamic Paper-dlrhcs_replication\outputs\empirical\unemployment\raw_sa_pilot\x13_work\ces_hours_log_additive_12420_200701_201612.err
 
  
 ERROR: Additive seasonal adjustment will not be performed when
        preadjustment factors are derived from a REGARIMA model 
        for transformed data.
  
        Check the values for the power or function arguments of the 
        transform spec and mode of the x11 spec.
  Program error(s) halt execution for D:\Programming\Dynamic Paper-dlrhcs_replication\outputs\empirical\unemployment\raw_sa_pilot\x13_work\ces_hours_log_additive_12420_200701_201612.spc

 Check error file D:\Programming\Dynamic Paper-dlrhcs_replication\outputs\empirical\unemployment\raw_sa_pilot\x13_work\ces_hours_log_additive_12420_200701_201612.err

"
ces_hours,12540,"Bakersfield-Delano, CA",additive_level,ces_hours_additive_level_12540_200701_201612,ok,0,1,120,2007-01-01,2016-12-01,none,add,0,,,"
"
ces_hours,12540,"Bakersfield-Delano, CA",log_additive,ces_hours_log_additive_12540_200701_201612,failed:0,0,0,120,2007-01-01,2016-12-01,log,add,1,"  Storing any program error messages into D:\Programming\Dynamic Paper-dlrhcs_replication\outputs\empirical\unemployment\raw_sa_pilot\x13_work\ces_hours_log_additive_12540_200701_201612.err
 ERROR: Additive seasonal adjustment will not be performed when
  Program error(s) halt execution for D:\Programming\Dynamic Paper-dlrhcs_replication\outputs\empirical\unemployment\raw_sa_pilot\x13_work\ces_hours_log_additive_12540_200701_201612.spc
 Check error file D:\Programming\Dynamic Paper-dlrhcs_replication\outputs\empirical\unemployment\raw_sa_pilot\x13_work\ces_hours_log_additive_12540_200701_201612.err",,"
 X-13ARIMA-SEATS Seasonal Adjustment Program
 Version Number 1.1 Build 62
 Execution began  Jul 29, 2026  08.54.59 

  Reading input spec file from D:\Programming\Dynamic Paper-dlrhcs_replication\outputs\empirical\unemployment\raw_sa_pilot\x13_work\ces_hours_log_additive_12540_200701_201612.spc
  Storing any program output into D:\Programming\Dynamic Paper-dlrhcs_replication\outputs\empirical\unemployment\raw_sa_pilot\x13_work\ces_hours_log_additive_12540_200701_201612.out
  Storing any program error messages into D:\Programming\Dynamic Paper-dlrhcs_replication\outputs\empirical\unemployment\raw_sa_pilot\x13_work\ces_hours_log_additive_12540_200701_201612.err
 
  
 ERROR: Additive seasonal adjustment will not be performed when
        preadjustment factors are derived from a REGARIMA model 
        for transformed data.
  
        Check the values for the power or function arguments of the 
        transform spec and mode of the x11 spec.
  Program error(s) halt execution for D:\Programming\Dynamic Paper-dlrhcs_replication\outputs\empirical\unemployment\raw_sa_pilot\x13_work\ces_hours_log_additive_12540_200701_201612.spc

 Check error file D:\Programming\Dynamic Paper-dlrhcs_replication\outputs\empirical\unemployment\raw_sa_pilot\x13_work\ces_hours_log_additive_12540_200701_201612.err

"
ces_hours,12540,,,,segment_too_short,,,6,,,,,,,,
ces_hours,12580,"Baltimore-Columbia-Towson, MD",additive_level,ces_hours_additive_level_12580_200701_201612,ok,0,1,120,2007-01-01,2016-12-01,none,add,0,,,"
"
ces_hours,12580,"Baltimore-Columbia-Towson, MD",log_additive,ces_hours_log_additive_12580_200701_201612,ok,0,1,120,2007-01-01,2016-12-01,log,add,0,,,"
"
ces_hours,12620,"Bangor, ME",additive_level,ces_hours_additive_level_12620_200701_201612,ok,0,1,120,2007-01-01,2016-12-01,none,add,0,,,"
"
ces_hours,12620,"Bangor, ME",log_additive,ces_hours_log_additive_12620_200701_201612,ok,0,1,120,2007-01-01,2016-12-01,log,add,0,,,"
"
ces_hours,12700,"Barnstable Town, MA",additive_level,ces_hours_additive_level_12700_200701_201612,ok,0,1,120,2007-01-01,2016-12-01,none,add,0,,,"
"
ces_hours,12700,"Barnstable Town, MA",log_additive,ces_hours_log_additive_12700_200701_201612,ok,0,1,120,2007-01-01,2016-12-01,log,add,0,,,"
"
ces_hours,12940,"Baton Rouge, LA",additive_level,ces_hours_additive_level_12940_200701_201612,ok,0,1,120,2007-01-01,2016-12-01,none,add,0,,,"
"
ces_hours,12940,"Baton Rouge, LA",log_additive,ces_hours_log_additive_12940_200701_201612,failed:0,0,0,120,2007-01-01,2016-12-01,log,add,1,"  Storing any program error messages into D:\Programming\Dynamic Paper-dlrhcs_replication\outputs\empirical\unemployment\raw_sa_pilot\x13_work\ces_hours_log_additive_12940_200701_201612.err
 ERROR: Additive seasonal adjustment will not be performed when
  Program error(s) halt execution for D:\Programming\Dynamic Paper-dlrhcs_replication\outputs\empirical\unemployment\raw_sa_pilot\x13_work\ces_hours_log_additive_12940_200701_201612.spc
 Check error file D:\Programming\Dynamic Paper-dlrhcs_replication\outputs\empirical\unemployment\raw_sa_pilot\x13_work\ces_hours_log_additive_12940_200701_201612.err",,"
 X-13ARIMA-SEATS Seasonal Adjustment Program
 Version Number 1.1 Build 62
 Execution began  Jul 29, 2026  08.54.59 

  Reading input spec file from D:\Programming\Dynamic Paper-dlrhcs_replication\outputs\empirical\unemployment\raw_sa_pilot\x13_work\ces_hours_log_additive_12940_200701_201612.spc
  Storing any program output into D:\Programming\Dynamic Paper-dlrhcs_replication\outputs\empirical\unemployment\raw_sa_pilot\x13_work\ces_hours_log_additive_12940_200701_201612.out
  Storing any program error messages into D:\Programming\Dynamic Paper-dlrhcs_replication\outputs\empirical\unemployment\raw_sa_pilot\x13_work\ces_hours_log_additive_12940_200701_201612.err
 
  
 ERROR: Additive seasonal adjustment will not be performed when
        preadjustment factors are derived from a REGARIMA model 
        for transformed data.
  
        Check the values for the power or function arguments of the 
        transform spec and mode of the x11 spec.
  Program error(s) halt execution for D:\Programming\Dynamic Paper-dlrhcs_replication\outputs\empirical\unemployment\raw_sa_pilot\x13_work\ces_hours_log_additive_12940_200701_201612.spc

 Check error file D:\Programming\Dynamic Paper-dlrhcs_replication\outputs\empirical\unemployment\raw_sa_pilot\x13_work\ces_hours_log_additive_12940_200701_201612.err

"
ces_hours,12940,,,,segment_too_short,,,6,,,,,,,,
ces_hours,12980,"Battle Creek, MI",additive_level,ces_hours_additive_level_12980_200701_201612,ok,0,1,120,2007-01-01,2016-12-01,none,add,0,,,"
"
ces_hours,12980,"Battle Creek, MI",log_additive,ces_hours_log_additive_12980_200701_201612,ok,0,1,120,2007-01-01,2016-12-01,log,add,0,,,"
"
ces_hours,13020,"Bay City, MI",additive_level,ces_hours_additive_level_13020_200701_201612,ok,0,1,120,2007-01-01,2016-12-01,none,add,0,,,"
"
ces_hours,13020,"Bay City, MI",log_additive,ces_hours_log_additive_13020_200701_201612,ok,0,1,120,2007-01-01,2016-12-01,log,add,0,,,"
"
ces_hours,13140,"Beaumont-Port Arthur, TX",additive_level,ces_hours_additive_level_13140_200701_201612,ok,0,1,120,2007-01-01,2016-12-01,none,add,0,,,"
"
ces_hours,13140,"Beaumont-Port Arthur, TX",log_additive,ces_hours_log_additive_13140_200701_201612,ok,0,1,120,2007-01-01,2016-12-01,log,add,0,,,"
"
ces_hours,13220,,,,segment_too_short,,,72,,,,,,,,
ces_hours,13380,"Bellingham, WA",additive_level,ces_hours_additive_level_13380_200701_201612,ok,0,1,120,2007-01-01,2016-12-01,none,add,0,,,"
"
ces_hours,13380,"Bellingham, WA",log_additive,ces_hours_log_additive_13380_200701_201612,failed:0,0,0,120,2007-01-01,2016-12-01,log,add,1,"  Storing any program error messages into D:\Programming\Dynamic Paper-dlrhcs_replication\outputs\empirical\unemployment\raw_sa_pilot\x13_work\ces_hours_log_additive_13380_200701_201612.err
 ERROR: Additive seasonal adjustment will not be performed when
  Program error(s) halt execution for D:\Programming\Dynamic Paper-dlrhcs_replication\outputs\empirical\unemployment\raw_sa_pilot\x13_work\ces_hours_log_additive_13380_200701_201612.spc
 Check error file D:\Programming\Dynamic Paper-dlrhcs_replication\outputs\empirical\unemployment\raw_sa_pilot\x13_work\ces_hours_log_additive_13380_200701_201612.err",,"
 X-13ARIMA-SEATS Seasonal Adjustment Program
 Version Number 1.1 Build 62
 Execution began  Jul 29, 2026  08.55.00 

  Reading input spec file from D:\Programming\Dynamic Paper-dlrhcs_replication\outputs\empirical\unemployment\raw_sa_pilot\x13_work\ces_hours_log_additive_13380_200701_201612.spc
  Storing any program output into D:\Programming\Dynamic Paper-dlrhcs_replication\outputs\empirical\unemployment\raw_sa_pilot\x13_work\ces_hours_log_additive_13380_200701_201612.out
  Storing any program error messages into D:\Programming\Dynamic Paper-dlrhcs_replication\outputs\empirical\unemployment\raw_sa_pilot\x13_work\ces_hours_log_additive_13380_200701_201612.err
 
  
 ERROR: Additive seasonal adjustment will not be performed when
        preadjustment factors are derived from a REGARIMA model 
        for transformed data.
  
        Check the values for the power or function arguments of the 
        transform spec and mode of the x11 spec.
  Program error(s) halt execution for D:\Programming\Dynamic Paper-dlrhcs_replication\outputs\empirical\unemployment\raw_sa_pilot\x13_work\ces_hours_log_additive_13380_200701_201612.spc

 Check error file D:\Programming\Dynamic Paper-dlrhcs_replication\outputs\empirical\unemployment\raw_sa_pilot\x13_work\ces_hours_log_additive_13380_200701_201612.err

"
ces_hours,13460,"Bend, OR",additive_level,ces_hours_additive_level_13460_200701_201612,ok,0,1,120,2007-01-01,2016-12-01,none,add,0,,,"
"
ces_hours,13460,"Bend, OR",log_additive,ces_hours_log_additive_13460_200701_201612,failed:0,0,0,120,2007-01-01,2016-12-01,log,add,1,"  Storing any program error messages into D:\Programming\Dynamic Paper-dlrhcs_replication\outputs\empirical\unemployment\raw_sa_pilot\x13_work\ces_hours_log_additive_13460_200701_201612.err
 ERROR: Additive seasonal adjustment will not be performed when
  Program error(s) halt execution for D:\Programming\Dynamic Paper-dlrhcs_replication\outputs\empirical\unemployment\raw_sa_pilot\x13_work\ces_hours_log_additive_13460_200701_201612.spc
 Check error file D:\Programming\Dynamic Paper-dlrhcs_replication\outputs\empirical\unemployment\raw_sa_pilot\x13_work\ces_hours_log_additive_13460_200701_201612.err",,"
 X-13ARIMA-SEATS Seasonal Adjustment Program
 Version Number 1.1 Build 62
 Execution began  Jul 29, 2026  08.55.03 

  Reading input spec file from D:\Programming\Dynamic Paper-dlrhcs_replication\outputs\empirical\unemployment\raw_sa_pilot\x13_work\ces_hours_log_additive_13460_200701_201612.spc
  Storing any program output into D:\Programming\Dynamic Paper-dlrhcs_replication\outputs\empirical\unemployment\raw_sa_pilot\x13_work\ces_hours_log_additive_13460_200701_201612.out
  Storing any program error messages into D:\Programming\Dynamic Paper-dlrhcs_replication\outputs\empirical\unemployment\raw_sa_pilot\x13_work\ces_hours_log_additive_13460_200701_201612.err
 
  
 ERROR: Additive seasonal adjustment will not be performed when
        preadjustment factors are derived from a REGARIMA model 
        for transformed data.
  
        Check the values for the power or function arguments of the 
        transform spec and mode of the x11 spec.
  Program error(s) halt execution for D:\Programming\Dynamic Paper-dlrhcs_replication\outputs\empirical\unemployment\raw_sa_pilot\x13_work\ces_hours_log_additive_13460_200701_201612.spc

 Check error file D:\Programming\Dynamic Paper-dlrhcs_replication\outputs\empirical\unemployment\raw_sa_pilot\x13_work\ces_hours_log_additive_13460_200701_201612.err

"
ces_hours,13740,"Billings, MT",additive_level,ces_hours_additive_level_13740_200701_201612,ok,0,1,120,2007-01-01,2016-12-01,none,add,0,,,"
"
ces_hours,13740,"Billings, MT",log_additive,ces_hours_log_additive_13740_200701_201612,ok,0,1,120,2007-01-01,2016-12-01,log,add,0,,,"
"
ces_hours,13780,"Binghamton, NY",additive_level,ces_hours_additive_level_13780_200701_201612,ok,0,1,120,2007-01-01,2016-12-01,none,add,0,,,"
"
ces_hours,13780,"Binghamton, NY",log_additive,ces_hours_log_additive_13780_200701_201612,ok,0,1,120,2007-01-01,2016-12-01,log,add,0,,,"
"
ces_hours,13820,"Birmingham, AL",additive_level,ces_hours_additive_level_13820_200701_201612,ok,0,1,120,2007-01-01,2016-12-01,none,add,0,,,"
"
ces_hours,13820,"Birmingham, AL",log_additive,ces_hours_log_additive_13820_200701_201612,ok,0,1,120,2007-01-01,2016-12-01,log,add,0,,,"
"
ces_hours,13820,,,,segment_too_short,,,6,,,,,,,,
ces_hours,13900,"Bismarck, ND",additive_level,ces_hours_additive_level_13900_200701_201612,ok,0,1,120,2007-01-01,2016-12-01,none,add,0,,,"
"
ces_hours,13900,"Bismarck, ND",log_additive,ces_hours_log_additive_13900_200701_201612,ok,0,1,120,2007-01-01,2016-12-01,log,add,0,,,"
"
ces_hours,13980,"Blacksburg-Christiansburg-Radford, VA",additive_level,ces_hours_additive_level_13980_200701_201612,ok,0,1,120,2007-01-01,2016-12-01,none,add,0,,,"
"
ces_hours,13980,"Blacksburg-Christiansburg-Radford, VA",log_additive,ces_hours_log_additive_13980_200701_201612,ok,0,1,120,2007-01-01,2016-12-01,log,add,0,,,"
"
ces_hours,14010,,,,segment_too_short,,,72,,,,,,,,
ces_hours,14010,,,,segment_too_short,,,6,,,,,,,,
ces_hours,14020,"Bloomington, IN",additive_level,ces_hours_additive_level_14020_200701_201612,ok,0,1,120,2007-01-01,2016-12-01,none,add,0,,,"
"
ces_hours,14020,"Bloomington, IN",log_additive,ces_hours_log_additive_14020_200701_201612,ok,0,1,120,2007-01-01,2016-12-01,log,add,0,,,"
"
ces_hours,14020,,,,segment_too_short,,,6,,,,,,,,
ces_hours,14260,"Boise City, ID",additive_level,ces_hours_additive_level_14260_200701_201612,ok,0,1,120,2007-01-01,2016-12-01,none,add,0,,,"
"
ces_hours,14260,"Boise City, ID",log_additive,ces_hours_log_additive_14260_200701_201612,failed:0,0,0,120,2007-01-01,2016-12-01,log,add,1,"  Storing any program error messages into D:\Programming\Dynamic Paper-dlrhcs_replication\outputs\empirical\unemployment\raw_sa_pilot\x13_work\ces_hours_log_additive_14260_200701_201612.err
 WARNING: At least one visually significant trading day peak has been
 ERROR: Additive seasonal adjustment will not be performed when
  Program error(s) halt execution for D:\Programming\Dynamic Paper-dlrhcs_replication\outputs\empirical\unemployment\raw_sa_pilot\x13_work\ces_hours_log_additive_14260_200701_201612.spc
 Check error file D:\Programming\Dynamic Paper-dlrhcs_replication\outputs\empirical\unemployment\raw_sa_pilot\x13_work\ces_hours_log_additive_14260_200701_201612.err",,"
 X-13ARIMA-SEATS Seasonal Adjustment Program
 Version Number 1.1 Build 62
 Execution began  Jul 29, 2026  08.55.04 

  Reading input spec file from D:\Programming\Dynamic Paper-dlrhcs_replication\outputs\empirical\unemployment\raw_sa_pilot\x13_work\ces_hours_log_additive_14260_200701_201612.spc
  Storing any program output into D:\Programming\Dynamic Paper-dlrhcs_replication\outputs\empirical\unemployment\raw_sa_pilot\x13_work\ces_hours_log_additive_14260_200701_201612.out
  Storing any program error messages into D:\Programming\Dynamic Paper-dlrhcs_replication\outputs\empirical\unemployment\raw_sa_pilot\x13_work\ces_hours_log_additive_14260_200701_201612.err
 
  
 WARNING: At least one visually significant trading day peak has been
          found in the estimated spectrum of the regARIMA residuals.
  
 ERROR: Additive seasonal adjustment will not be performed when
        preadjustment factors are derived from a REGARIMA model 
        for transformed data.
  
        Check the values for the power or function arguments of the 
        transform spec and mode of the x11 spec.
  Program error(s) halt execution for D:\Programming\Dynamic Paper-dlrhcs_replication\outputs\empirical\unemployment\raw_sa_pilot\x13_work\ces_hours_log_additive_14260_200701_201612.spc

 Check error file D:\Programming\Dynamic Paper-dlrhcs_replication\outputs\empirical\unemployment\raw_sa_pilot\x13_work\ces_hours_log_additive_14260_200701_201612.err

"
ces_hours,14260,,,,segment_too_short,,,6,,,,,,,,
ces_hours,14454,,,,segment_too_short,,,72,,,,,,,,
ces_hours,14460,,,,segment_too_short,,,72,,,,,,,,
ces_hours,14500,"Boulder, CO",additive_level,ces_hours_additive_level_14500_200701_201612,ok,0,1,120,2007-01-01,2016-12-01,none,add,0,,,"
"
ces_hours,14500,"Boulder, CO",log_additive,ces_hours_log_additive_14500_200701_201612,failed:0,0,0,120,2007-01-01,2016-12-01,log,add,1,"  Storing any program error messages into D:\Programming\Dynamic Paper-dlrhcs_replication\outputs\empirical\unemployment\raw_sa_pilot\x13_work\ces_hours_log_additive_14500_200701_201612.err
 ERROR: Additive seasonal adjustment will not be performed when
  Program error(s) halt execution for D:\Programming\Dynamic Paper-dlrhcs_replication\outputs\empirical\unemployment\raw_sa_pilot\x13_work\ces_hours_log_additive_14500_200701_201612.spc
 Check error file D:\Programming\Dynamic Paper-dlrhcs_replication\outputs\empirical\unemployment\raw_sa_pilot\x13_work\ces_hours_log_additive_14500_200701_201612.err",,"
 X-13ARIMA-SEATS Seasonal Adjustment Program
 Version Number 1.1 Build 62
 Execution began  Jul 29, 2026  08.55.06 

  Reading input spec file from D:\Programming\Dynamic Paper-dlrhcs_replication\outputs\empirical\unemployment\raw_sa_pilot\x13_work\ces_hours_log_additive_14500_200701_201612.spc
  Storing any program output into D:\Programming\Dynamic Paper-dlrhcs_replication\outputs\empirical\unemployment\raw_sa_pilot\x13_work\ces_hours_log_additive_14500_200701_201612.out
  Storing any program error messages into D:\Programming\Dynamic Paper-dlrhcs_replication\outputs\empirical\unemployment\raw_sa_pilot\x13_work\ces_hours_log_additive_14500_200701_201612.err
 
  
 ERROR: Additive seasonal adjustment will not be performed when
        preadjustment factors are derived from a REGARIMA model 
        for transformed data.
  
        Check the values for the power or function arguments of the 
        transform spec and mode of the x11 spec.
  Program error(s) halt execution for D:\Programming\Dynamic Paper-dlrhcs_replication\outputs\empirical\unemployment\raw_sa_pilot\x13_work\ces_hours_log_additive_14500_200701_201612.spc

 Check error file D:\Programming\Dynamic Paper-dlrhcs_replication\outputs\empirical\unemployment\raw_sa_pilot\x13_work\ces_hours_log_additive_14500_200701_201612.err

"
ces_hours,14500,,,,segment_too_short,,,6,,,,,,,,
ces_hours,14540,"Bowling Green, KY",additive_level,ces_hours_additive_level_14540_200701_201612,ok,0,1,120,2007-01-01,2016-12-01,none,add,0,,,"
"
ces_hours,14540,"Bowling Green, KY",log_additive,ces_hours_log_additive_14540_200701_201612,ok,0,1,120,2007-01-01,2016-12-01,log,add,0,,,"
"
ces_hours,14540,,,,segment_too_short,,,6,,,,,,,,
ces_hours,14580,,,,segment_too_short,,,72,,,,,,,,
ces_hours,14740,"Bremerton-Silverdale-Port Orchard, WA",additive_level,ces_hours_additive_level_14740_200701_201612,ok,0,1,120,2007-01-01,2016-12-01,none,add,0,,,"
"
ces_hours,14740,"Bremerton-Silverdale-Port Orchard, WA",log_additive,ces_hours_log_additive_14740_200701_201612,failed:0,0,0,120,2007-01-01,2016-12-01,log,add,1,"  Storing any program error messages into D:\Programming\Dynamic Paper-dlrhcs_replication\outputs\empirical\unemployment\raw_sa_pilot\x13_work\ces_hours_log_additive_14740_200701_201612.err
 WARNING: At least one visually significant trading day peak has been
 ERROR: Additive seasonal adjustment will not be performed when
  Program error(s) halt execution for D:\Programming\Dynamic Paper-dlrhcs_replication\outputs\empirical\unemployment\raw_sa_pilot\x13_work\ces_hours_log_additive_14740_200701_201612.spc
 Check error file D:\Programming\Dynamic Paper-dlrhcs_replication\outputs\empirical\unemployment\raw_sa_pilot\x13_work\ces_hours_log_additive_14740_200701_201612.err",,"
 X-13ARIMA-SEATS Seasonal Adjustment Program
 Version Number 1.1 Build 62
 Execution began  Jul 29, 2026  08.55.06 

  Reading input spec file from D:\Programming\Dynamic Paper-dlrhcs_replication\outputs\empirical\unemployment\raw_sa_pilot\x13_work\ces_hours_log_additive_14740_200701_201612.spc
  Storing any program output into D:\Programming\Dynamic Paper-dlrhcs_replication\outputs\empirical\unemployment\raw_sa_pilot\x13_work\ces_hours_log_additive_14740_200701_201612.out
  Storing any program error messages into D:\Programming\Dynamic Paper-dlrhcs_replication\outputs\empirical\unemployment\raw_sa_pilot\x13_work\ces_hours_log_additive_14740_200701_201612.err
 
  
 WARNING: At least one visually significant trading day peak has been
          found in the estimated spectrum of the regARIMA residuals.
  
 ERROR: Additive seasonal adjustment will not be performed when
        preadjustment factors are derived from a REGARIMA model 
        for transformed data.
  
        Check the values for the power or function arguments of the 
        transform spec and mode of the x11 spec.
  Program error(s) halt execution for D:\Programming\Dynamic Paper-dlrhcs_replication\outputs\empirical\unemployment\raw_sa_pilot\x13_work\ces_hours_log_additive_14740_200701_201612.spc

 Check error file D:\Programming\Dynamic Paper-dlrhcs_replication\outputs\empirical\unemployment\raw_sa_pilot\x13_work\ces_hours_log_additive_14740_200701_201612.err

"
ces_hours,14860,"Bridgeport-Stamford-Danbury, CT",additive_level,ces_hours_additive_level_14860_200701_201612,ok,0,1,120,2007-01-01,2016-12-01,none,add,0,,,"
"
ces_hours,14860,"Bridgeport-Stamford-Danbury, CT",log_additive,ces_hours_log_additive_14860_200701_201612,failed:0,0,0,120,2007-01-01,2016-12-01,log,add,1,"  Storing any program error messages into D:\Programming\Dynamic Paper-dlrhcs_replication\outputs\empirical\unemployment\raw_sa_pilot\x13_work\ces_hours_log_additive_14860_200701_201612.err
 ERROR: Additive seasonal adjustment will not be performed when
  Program error(s) halt execution for D:\Programming\Dynamic Paper-dlrhcs_replication\outputs\empirical\unemployment\raw_sa_pilot\x13_work\ces_hours_log_additive_14860_200701_201612.spc
 Check error file D:\Programming\Dynamic Paper-dlrhcs_replication\outputs\empirical\unemployment\raw_sa_pilot\x13_work\ces_hours_log_additive_14860_200701_201612.err",,"
 X-13ARIMA-SEATS Seasonal Adjustment Program
 Version Number 1.1 Build 62
 Execution began  Jul 29, 2026  08.55.07 

  Reading input spec file from D:\Programming\Dynamic Paper-dlrhcs_replication\outputs\empirical\unemployment\raw_sa_pilot\x13_work\ces_hours_log_additive_14860_200701_201612.spc
  Storing any program output into D:\Programming\Dynamic Paper-dlrhcs_replication\outputs\empirical\unemployment\raw_sa_pilot\x13_work\ces_hours_log_additive_14860_200701_201612.out
  Storing any program error messages into D:\Programming\Dynamic Paper-dlrhcs_replication\outputs\empirical\unemployment\raw_sa_pilot\x13_work\ces_hours_log_additive_14860_200701_201612.err
 
  
 ERROR: Additive seasonal adjustment will not be performed when
        preadjustment factors are derived from a REGARIMA model 
        for transformed data.
  
        Check the values for the power or function arguments of the 
        transform spec and mode of the x11 spec.
  Program error(s) halt execution for D:\Programming\Dynamic Paper-dlrhcs_replication\outputs\empirical\unemployment\raw_sa_pilot\x13_work\ces_hours_log_additive_14860_200701_201612.spc

 Check error file D:\Programming\Dynamic Paper-dlrhcs_replication\outputs\empirical\unemployment\raw_sa_pilot\x13_work\ces_hours_log_additive_14860_200701_201612.err

"
ces_hours,14860,,,,segment_too_short,,,6,,,,,,,,
ces_hours,15180,"Brownsville-Harlingen, TX",additive_level,ces_hours_additive_level_15180_200701_201612,ok,0,1,120,2007-01-01,2016-12-01,none,add,0,,,"
"
ces_hours,15180,"Brownsville-Harlingen, TX",log_additive,ces_hours_log_additive_15180_200701_201612,failed:0,0,0,120,2007-01-01,2016-12-01,log,add,1,"  Storing any program error messages into D:\Programming\Dynamic Paper-dlrhcs_replication\outputs\empirical\unemployment\raw_sa_pilot\x13_work\ces_hours_log_additive_15180_200701_201612.err
 ERROR: Additive seasonal adjustment will not be performed when
  Program error(s) halt execution for D:\Programming\Dynamic Paper-dlrhcs_replication\outputs\empirical\unemployment\raw_sa_pilot\x13_work\ces_hours_log_additive_15180_200701_201612.spc
 Check error file D:\Programming\Dynamic Paper-dlrhcs_replication\outputs\empirical\unemployment\raw_sa_pilot\x13_work\ces_hours_log_additive_15180_200701_201612.err",,"
 X-13ARIMA-SEATS Seasonal Adjustment Program
 Version Number 1.1 Build 62
 Execution began  Jul 29, 2026  08.55.08 

  Reading input spec file from D:\Programming\Dynamic Paper-dlrhcs_replication\outputs\empirical\unemployment\raw_sa_pilot\x13_work\ces_hours_log_additive_15180_200701_201612.spc
  Storing any program output into D:\Programming\Dynamic Paper-dlrhcs_replication\outputs\empirical\unemployment\raw_sa_pilot\x13_work\ces_hours_log_additive_15180_200701_201612.out
  Storing any program error messages into D:\Programming\Dynamic Paper-dlrhcs_replication\outputs\empirical\unemployment\raw_sa_pilot\x13_work\ces_hours_log_additive_15180_200701_201612.err
 
  
 ERROR: Additive seasonal adjustment will not be performed when
        preadjustment factors are derived from a REGARIMA model 
        for transformed data.
  
        Check the values for the power or function arguments of the 
        transform spec and mode of the x11 spec.
  Program error(s) halt execution for D:\Programming\Dynamic Paper-dlrhcs_replication\outputs\empirical\unemployment\raw_sa_pilot\x13_work\ces_hours_log_additive_15180_200701_201612.spc

 Check error file D:\Programming\Dynamic Paper-dlrhcs_replication\outputs\empirical\unemployment\raw_sa_pilot\x13_work\ces_hours_log_additive_15180_200701_201612.err

"
ces_hours,15260,"Brunswick-St. Simons, GA",additive_level,ces_hours_additive_level_15260_200701_201612,ok,0,1,120,2007-01-01,2016-12-01,none,add,0,,,"
"
ces_hours,15260,"Brunswick-St. Simons, GA",log_additive,ces_hours_log_additive_15260_200701_201612,ok,0,1,120,2007-01-01,2016-12-01,log,add,0,,,"
"
ces_hours,15260,,,,segment_too_short,,,6,,,,,,,,
ces_hours,15380,"Buffalo-Cheektowaga, NY",additive_level,ces_hours_additive_level_15380_200701_201612,ok,0,1,120,2007-01-01,2016-12-01,none,add,0,,,"
"
ces_hours,15380,"Buffalo-Cheektowaga, NY",log_additive,ces_hours_log_additive_15380_200701_201612,ok,0,1,120,2007-01-01,2016-12-01,log,add,0,,,"
"
ces_hours,15500,"Burlington, NC",additive_level,ces_hours_additive_level_15500_200701_201612,ok,0,1,120,2007-01-01,2016-12-01,none,add,0,,,"
"
ces_hours,15500,"Burlington, NC",log_additive,ces_hours_log_additive_15500_200701_201612,ok,0,1,120,2007-01-01,2016-12-01,log,add,0,,,"
"
ces_hours,15540,,,,segment_too_short,,,72,,,,,,,,
ces_hours,15764,,,,segment_too_short,,,72,,,,,,,,
ces_hours,15804,"Camden, NJ Metropolitan Division",additive_level,ces_hours_additive_level_15804_200701_201612,ok,0,1,120,2007-01-01,2016-12-01,none,add,0,,,"
"
ces_hours,15804,"Camden, NJ Metropolitan Division",log_additive,ces_hours_log_additive_15804_200701_201612,ok,0,1,120,2007-01-01,2016-12-01,log,add,0,,,"
"
ces_hours,15940,"Canton-Massillon, OH",additive_level,ces_hours_additive_level_15940_200701_201612,ok,0,1,120,2007-01-01,2016-12-01,none,add,0,,,"
"
ces_hours,15940,"Canton-Massillon, OH",log_additive,ces_hours_log_additive_15940_200701_201612,ok,0,1,120,2007-01-01,2016-12-01,log,add,0,,,"
"
ces_hours,15980,"Cape Coral-Fort Myers, FL",additive_level,ces_hours_additive_level_15980_200701_201612,ok,0,1,120,2007-01-01,2016-12-01,none,add,0,,,"
"
ces_hours,15980,"Cape Coral-Fort Myers, FL",log_additive,ces_hours_log_additive_15980_200701_201612,ok,0,1,120,2007-01-01,2016-12-01,log,add,0,,,"
"
ces_hours,15980,,,,segment_too_short,,,6,,,,,,,,
ces_hours,16020,"Cape Girardeau, MO-IL",additive_level,ces_hours_additive_level_16020_200801_201612,ok,0,1,108,2008-01-01,2016-12-01,none,add,0,,,"
"
ces_hours,16020,"Cape Girardeau, MO-IL",log_additive,ces_hours_log_additive_16020_200801_201612,ok,0,1,108,2008-01-01,2016-12-01,log,add,0,,,"
"
ces_hours,16180,"Carson City, NV",additive_level,ces_hours_additive_level_16180_200701_201612,ok,0,1,120,2007-01-01,2016-12-01,none,add,0,,,"
"
ces_hours,16180,"Carson City, NV",log_additive,ces_hours_log_additive_16180_200701_201612,ok,0,1,120,2007-01-01,2016-12-01,log,add,0,,,"
"
ces_hours,16220,"Casper, WY",additive_level,ces_hours_additive_level_16220_200701_201612,ok,0,1,120,2007-01-01,2016-12-01,none,add,0,,,"
"
ces_hours,16220,"Casper, WY",log_additive,ces_hours_log_additive_16220_200701_201612,failed:0,0,0,120,2007-01-01,2016-12-01,log,add,1,"  Storing any program error messages into D:\Programming\Dynamic Paper-dlrhcs_replication\outputs\empirical\unemployment\raw_sa_pilot\x13_work\ces_hours_log_additive_16220_200701_201612.err
 ERROR: Additive seasonal adjustment will not be performed when
  Program error(s) halt execution for D:\Programming\Dynamic Paper-dlrhcs_replication\outputs\empirical\unemployment\raw_sa_pilot\x13_work\ces_hours_log_additive_16220_200701_201612.spc
 Check error file D:\Programming\Dynamic Paper-dlrhcs_replication\outputs\empirical\unemployment\raw_sa_pilot\x13_work\ces_hours_log_additive_16220_200701_201612.err",,"
 X-13ARIMA-SEATS Seasonal Adjustment Program
 Version Number 1.1 Build 62
 Execution began  Jul 29, 2026  08.55.09 

  Reading input spec file from D:\Programming\Dynamic Paper-dlrhcs_replication\outputs\empirical\unemployment\raw_sa_pilot\x13_work\ces_hours_log_additive_16220_200701_201612.spc
  Storing any program output into D:\Programming\Dynamic Paper-dlrhcs_replication\outputs\empirical\unemployment\raw_sa_pilot\x13_work\ces_hours_log_additive_16220_200701_201612.out
  Storing any program error messages into D:\Programming\Dynamic Paper-dlrhcs_replication\outputs\empirical\unemployment\raw_sa_pilot\x13_work\ces_hours_log_additive_16220_200701_201612.err
 
  
 ERROR: Additive seasonal adjustment will not be performed when
        preadjustment factors are derived from a REGARIMA model 
        for transformed data.
  
        Check the values for the power or function arguments of the 
        transform spec and mode of the x11 spec.
  Program error(s) halt execution for D:\Programming\Dynamic Paper-dlrhcs_replication\outputs\empirical\unemployment\raw_sa_pilot\x13_work\ces_hours_log_additive_16220_200701_201612.spc

 Check error file D:\Programming\Dynamic Paper-dlrhcs_replication\outputs\empirical\unemployment\raw_sa_pilot\x13_work\ces_hours_log_additive_16220_200701_201612.err

"
ces_hours,16300,"Cedar Rapids, IA",additive_level,ces_hours_additive_level_16300_200701_201612,ok,0,1,120,2007-01-01,2016-12-01,none,add,0,,,"
"
ces_hours,16300,"Cedar Rapids, IA",log_additive,ces_hours_log_additive_16300_200701_201612,ok,0,1,120,2007-01-01,2016-12-01,log,add,0,,,"
"
ces_hours,16300,,,,segment_too_short,,,6,,,,,,,,
ces_hours,16540,,,,segment_too_short,,,72,,,,,,,,
ces_hours,16580,"Champaign-Urbana, IL",additive_level,ces_hours_additive_level_16580_200701_201612,ok,0,1,120,2007-01-01,2016-12-01,none,add,0,,,"
"
ces_hours,16580,"Champaign-Urbana, IL",log_additive,ces_hours_log_additive_16580_200701_201612,ok,0,1,120,2007-01-01,2016-12-01,log,add,0,,,"
"
ces_hours,16580,,,,segment_too_short,,,6,,,,,,,,
ces_hours,16620,"Charleston, WV",additive_level,ces_hours_additive_level_16620_200701_201612,ok,0,1,120,2007-01-01,2016-12-01,none,add,0,,,"
"
ces_hours,16620,"Charleston, WV",log_additive,ces_hours_log_additive_16620_200701_201612,ok,0,1,120,2007-01-01,2016-12-01,log,add,0,,,"
"
ces_hours,16700,"Charleston-North Charleston, SC",additive_level,ces_hours_additive_level_16700_200701_201612,ok,0,1,120,2007-01-01,2016-12-01,none,add,0,,,"
"
ces_hours,16700,"Charleston-North Charleston, SC",log_additive,ces_hours_log_additive_16700_200701_201612,ok,0,1,120,2007-01-01,2016-12-01,log,add,0,,,"
"
ces_hours,16740,"Charlotte-Concord-Gastonia, NC-SC",additive_level,ces_hours_additive_level_16740_200701_201612,ok,0,1,120,2007-01-01,2016-12-01,none,add,0,,,"
"
ces_hours,16740,"Charlotte-Concord-Gastonia, NC-SC",log_additive,ces_hours_log_additive_16740_200701_201612,ok,0,1,120,2007-01-01,2016-12-01,log,add,0,,,"
"
ces_hours,16820,"Charlottesville, VA",additive_level,ces_hours_additive_level_16820_200701_201612,ok,0,1,120,2007-01-01,2016-12-01,none,add,0,,,"
"
ces_hours,16820,"Charlottesville, VA",log_additive,ces_hours_log_additive_16820_200701_201612,failed:0,0,0,120,2007-01-01,2016-12-01,log,add,1,"  Storing any program error messages into D:\Programming\Dynamic Paper-dlrhcs_replication\outputs\empirical\unemployment\raw_sa_pilot\x13_work\ces_hours_log_additive_16820_200701_201612.err
 ERROR: Additive seasonal adjustment will not be performed when
  Program error(s) halt execution for D:\Programming\Dynamic Paper-dlrhcs_replication\outputs\empirical\unemployment\raw_sa_pilot\x13_work\ces_hours_log_additive_16820_200701_201612.spc
 Check error file D:\Programming\Dynamic Paper-dlrhcs_replication\outputs\empirical\unemployment\raw_sa_pilot\x13_work\ces_hours_log_additive_16820_200701_201612.err",,"
 X-13ARIMA-SEATS Seasonal Adjustment Program
 Version Number 1.1 Build 62
 Execution began  Jul 29, 2026  08.55.09 

  Reading input spec file from D:\Programming\Dynamic Paper-dlrhcs_replication\outputs\empirical\unemployment\raw_sa_pilot\x13_work\ces_hours_log_additive_16820_200701_201612.spc
  Storing any program output into D:\Programming\Dynamic Paper-dlrhcs_replication\outputs\empirical\unemployment\raw_sa_pilot\x13_work\ces_hours_log_additive_16820_200701_201612.out
  Storing any program error messages into D:\Programming\Dynamic Paper-dlrhcs_replication\outputs\empirical\unemployment\raw_sa_pilot\x13_work\ces_hours_log_additive_16820_200701_201612.err
 
  
 ERROR: Additive seasonal adjustment will not be performed when
        preadjustment factors are derived from a REGARIMA model 
        for transformed data.
  
        Check the values for the power or function arguments of the 
        transform spec and mode of the x11 spec.
  Program error(s) halt execution for D:\Programming\Dynamic Paper-dlrhcs_replication\outputs\empirical\unemployment\raw_sa_pilot\x13_work\ces_hours_log_additive_16820_200701_201612.spc

 Check error file D:\Programming\Dynamic Paper-dlrhcs_replication\outputs\empirical\unemployment\raw_sa_pilot\x13_work\ces_hours_log_additive_16820_200701_201612.err

"
ces_hours,16860,"Chattanooga, TN-GA",additive_level,ces_hours_additive_level_16860_200701_201612,ok,0,1,120,2007-01-01,2016-12-01,none,add,0,,,"
"
ces_hours,16860,"Chattanooga, TN-GA",log_additive,ces_hours_log_additive_16860_200701_201612,ok,0,1,120,2007-01-01,2016-12-01,log,add,0,,,"
"
ces_hours,16940,"Cheyenne, WY",additive_level,ces_hours_additive_level_16940_200701_201612,ok,0,1,120,2007-01-01,2016-12-01,none,add,0,,,"
"
ces_hours,16940,"Cheyenne, WY",log_additive,ces_hours_log_additive_16940_200701_201612,ok,0,1,120,2007-01-01,2016-12-01,log,add,0,,,"
"
ces_hours,16980,,,,segment_too_short,,,72,,,,,,,,
ces_hours,16980,,,,segment_too_short,,,6,,,,,,,,
ces_hours,16984,"Chicago-Naperville-Schaumburg, IL Metropolitan Division",additive_level,ces_hours_additive_level_16984_200701_201612,ok,0,1,120,2007-01-01,2016-12-01,none,add,0,,,"
"
ces_hours,16984,"Chicago-Naperville-Schaumburg, IL Metropolitan Division",log_additive,ces_hours_log_additive_16984_200701_201612,ok,0,1,120,2007-01-01,2016-12-01,log,add,0,,,"
"
ces_hours,16984,,,,segment_too_short,,,6,,,,,,,,
ces_hours,17020,"Chico, CA",additive_level,ces_hours_additive_level_17020_200701_201612,ok,0,1,120,2007-01-01,2016-12-01,none,add,0,,,"
"
ces_hours,17020,"Chico, CA",log_additive,ces_hours_log_additive_17020_200701_201612,failed:0,0,0,120,2007-01-01,2016-12-01,log,add,1,"  Storing any program error messages into D:\Programming\Dynamic Paper-dlrhcs_replication\outputs\empirical\unemployment\raw_sa_pilot\x13_work\ces_hours_log_additive_17020_200701_201612.err
 WARNING: Visually significant seasonal and trading day peaks have 
 ERROR: Additive seasonal adjustment will not be performed when
  Program error(s) halt execution for D:\Programming\Dynamic Paper-dlrhcs_replication\outputs\empirical\unemployment\raw_sa_pilot\x13_work\ces_hours_log_additive_17020_200701_201612.spc
 Check error file D:\Programming\Dynamic Paper-dlrhcs_replication\outputs\empirical\unemployment\raw_sa_pilot\x13_work\ces_hours_log_additive_17020_200701_201612.err",,"
 X-13ARIMA-SEATS Seasonal Adjustment Program
 Version Number 1.1 Build 62
 Execution began  Jul 29, 2026  08.55.09 

  Reading input spec file from D:\Programming\Dynamic Paper-dlrhcs_replication\outputs\empirical\unemployment\raw_sa_pilot\x13_work\ces_hours_log_additive_17020_200701_201612.spc
  Storing any program output into D:\Programming\Dynamic Paper-dlrhcs_replication\outputs\empirical\unemployment\raw_sa_pilot\x13_work\ces_hours_log_additive_17020_200701_201612.out
  Storing any program error messages into D:\Programming\Dynamic Paper-dlrhcs_replication\outputs\empirical\unemployment\raw_sa_pilot\x13_work\ces_hours_log_additive_17020_200701_201612.err
 
  
 WARNING: Visually significant seasonal and trading day peaks have 
          been found in the estimated spectrum of the regARIMA residuals.
  
 ERROR: Additive seasonal adjustment will not be performed when
        preadjustment factors are derived from a REGARIMA model 
        for transformed data.
  
        Check the values for the power or function arguments of the 
        transform spec and mode of the x11 spec.
  Program error(s) halt execution for D:\Programming\Dynamic Paper-dlrhcs_replication\outputs\empirical\unemployment\raw_sa_pilot\x13_work\ces_hours_log_additive_17020_200701_201612.spc

 Check error file D:\Programming\Dynamic Paper-dlrhcs_replication\outputs\empirical\unemployment\raw_sa_pilot\x13_work\ces_hours_log_additive_17020_200701_201612.err

"
ces_hours,17020,,,,segment_too_short,,,6,,,,,,,,
ces_hours,17140,"Cincinnati, OH-KY-IN",additive_level,ces_hours_additive_level_17140_200701_201612,ok,0,1,120,2007-01-01,2016-12-01,none,add,0,,,"
"
ces_hours,17140,"Cincinnati, OH-KY-IN",log_additive,ces_hours_log_additive_17140_200701_201612,failed:0,0,0,120,2007-01-01,2016-12-01,log,add,1,"  Storing any program error messages into D:\Programming\Dynamic Paper-dlrhcs_replication\outputs\empirical\unemployment\raw_sa_pilot\x13_work\ces_hours_log_additive_17140_200701_201612.err
 WARNING: At least one visually significant trading day peak has been
 ERROR: Additive seasonal adjustment will not be performed when
  Program error(s) halt execution for D:\Programming\Dynamic Paper-dlrhcs_replication\outputs\empirical\unemployment\raw_sa_pilot\x13_work\ces_hours_log_additive_17140_200701_201612.spc
 Check error file D:\Programming\Dynamic Paper-dlrhcs_replication\outputs\empirical\unemployment\raw_sa_pilot\x13_work\ces_hours_log_additive_17140_200701_201612.err",,"
 X-13ARIMA-SEATS Seasonal Adjustment Program
 Version Number 1.1 Build 62
 Execution began  Jul 29, 2026  08.55.09 

  Reading input spec file from D:\Programming\Dynamic Paper-dlrhcs_replication\outputs\empirical\unemployment\raw_sa_pilot\x13_work\ces_hours_log_additive_17140_200701_201612.spc
  Storing any program output into D:\Programming\Dynamic Paper-dlrhcs_replication\outputs\empirical\unemployment\raw_sa_pilot\x13_work\ces_hours_log_additive_17140_200701_201612.out
  Storing any program error messages into D:\Programming\Dynamic Paper-dlrhcs_replication\outputs\empirical\unemployment\raw_sa_pilot\x13_work\ces_hours_log_additive_17140_200701_201612.err
 
  
 WARNING: At least one visually significant trading day peak has been
          found in the estimated spectrum of the regARIMA residuals.
  
 ERROR: Additive seasonal adjustment will not be performed when
        preadjustment factors are derived from a REGARIMA model 
        for transformed data.
  
        Check the values for the power or function arguments of the 
        transform spec and mode of the x11 spec.
  Program error(s) halt execution for D:\Programming\Dynamic Paper-dlrhcs_replication\outputs\empirical\unemployment\raw_sa_pilot\x13_work\ces_hours_log_additive_17140_200701_201612.spc

 Check error file D:\Programming\Dynamic Paper-dlrhcs_replication\outputs\empirical\unemployment\raw_sa_pilot\x13_work\ces_hours_log_additive_17140_200701_201612.err

"
ces_hours,17300,"Clarksville, TN-KY",additive_level,ces_hours_additive_level_17300_200701_201612,ok,0,1,120,2007-01-01,2016-12-01,none,add,0,,,"
"
ces_hours,17300,"Clarksville, TN-KY",log_additive,ces_hours_log_additive_17300_200701_201612,failed:0,0,0,120,2007-01-01,2016-12-01,log,add,1,"  Storing any program error messages into D:\Programming\Dynamic Paper-dlrhcs_replication\outputs\empirical\unemployment\raw_sa_pilot\x13_work\ces_hours_log_additive_17300_200701_201612.err
 ERROR: Additive seasonal adjustment will not be performed when
  Program error(s) halt execution for D:\Programming\Dynamic Paper-dlrhcs_replication\outputs\empirical\unemployment\raw_sa_pilot\x13_work\ces_hours_log_additive_17300_200701_201612.spc
 Check error file D:\Programming\Dynamic Paper-dlrhcs_replication\outputs\empirical\unemployment\raw_sa_pilot\x13_work\ces_hours_log_additive_17300_200701_201612.err",,"
 X-13ARIMA-SEATS Seasonal Adjustment Program
 Version Number 1.1 Build 62
 Execution began  Jul 29, 2026  08.55.10 

  Reading input spec file from D:\Programming\Dynamic Paper-dlrhcs_replication\outputs\empirical\unemployment\raw_sa_pilot\x13_work\ces_hours_log_additive_17300_200701_201612.spc
  Storing any program output into D:\Programming\Dynamic Paper-dlrhcs_replication\outputs\empirical\unemployment\raw_sa_pilot\x13_work\ces_hours_log_additive_17300_200701_201612.out
  Storing any program error messages into D:\Programming\Dynamic Paper-dlrhcs_replication\outputs\empirical\unemployment\raw_sa_pilot\x13_work\ces_hours_log_additive_17300_200701_201612.err
 
  
 ERROR: Additive seasonal adjustment will not be performed when
        preadjustment factors are derived from a REGARIMA model 
        for transformed data.
  
        Check the values for the power or function arguments of the 
        transform spec and mode of the x11 spec.
  Program error(s) halt execution for D:\Programming\Dynamic Paper-dlrhcs_replication\outputs\empirical\unemployment\raw_sa_pilot\x13_work\ces_hours_log_additive_17300_200701_201612.spc

 Check error file D:\Programming\Dynamic Paper-dlrhcs_replication\outputs\empirical\unemployment\raw_sa_pilot\x13_work\ces_hours_log_additive_17300_200701_201612.err

"
ces_hours,17410,"Cleveland, OH",additive_level,ces_hours_additive_level_17410_200701_201612,ok,0,1,120,2007-01-01,2016-12-01,none,add,0,,,"
"
ces_hours,17410,"Cleveland, OH",log_additive,ces_hours_log_additive_17410_200701_201612,ok,0,1,120,2007-01-01,2016-12-01,log,add,0,,,"
"
ces_hours,17420,"Cleveland, TN",additive_level,ces_hours_additive_level_17420_200701_201612,ok,0,1,120,2007-01-01,2016-12-01,none,add,0,,,"
"
ces_hours,17420,"Cleveland, TN",log_additive,ces_hours_log_additive_17420_200701_201612,ok,0,1,120,2007-01-01,2016-12-01,log,add,0,,,"
"
ces_hours,17660,"Coeur d'Alene, ID",additive_level,ces_hours_additive_level_17660_200701_201612,ok,0,1,120,2007-01-01,2016-12-01,none,add,0,,,"
"
ces_hours,17660,"Coeur d'Alene, ID",log_additive,ces_hours_log_additive_17660_200701_201612,failed:0,0,0,120,2007-01-01,2016-12-01,log,add,1,"  Storing any program error messages into D:\Programming\Dynamic Paper-dlrhcs_replication\outputs\empirical\unemployment\raw_sa_pilot\x13_work\ces_hours_log_additive_17660_200701_201612.err
 WARNING: At least one visually significant seasonal peak has been found
 ERROR: Additive seasonal adjustment will not be performed when
  Program error(s) halt execution for D:\Programming\Dynamic Paper-dlrhcs_replication\outputs\empirical\unemployment\raw_sa_pilot\x13_work\ces_hours_log_additive_17660_200701_201612.spc
 Check error file D:\Programming\Dynamic Paper-dlrhcs_replication\outputs\empirical\unemployment\raw_sa_pilot\x13_work\ces_hours_log_additive_17660_200701_201612.err",,"
 X-13ARIMA-SEATS Seasonal Adjustment Program
 Version Number 1.1 Build 62
 Execution began  Jul 29, 2026  08.55.10 

  Reading input spec file from D:\Programming\Dynamic Paper-dlrhcs_replication\outputs\empirical\unemployment\raw_sa_pilot\x13_work\ces_hours_log_additive_17660_200701_201612.spc
  Storing any program output into D:\Programming\Dynamic Paper-dlrhcs_replication\outputs\empirical\unemployment\raw_sa_pilot\x13_work\ces_hours_log_additive_17660_200701_201612.out
  Storing any program error messages into D:\Programming\Dynamic Paper-dlrhcs_replication\outputs\empirical\unemployment\raw_sa_pilot\x13_work\ces_hours_log_additive_17660_200701_201612.err
 
  
 WARNING: At least one visually significant seasonal peak has been found
          in the estimated spectrum of the regARIMA residuals.
  
 ERROR: Additive seasonal adjustment will not be performed when
        preadjustment factors are derived from a REGARIMA model 
        for transformed data.
  
        Check the values for the power or function arguments of the 
        transform spec and mode of the x11 spec.
  Program error(s) halt execution for D:\Programming\Dynamic Paper-dlrhcs_replication\outputs\empirical\unemployment\raw_sa_pilot\x13_work\ces_hours_log_additive_17660_200701_201612.spc

 Check error file D:\Programming\Dynamic Paper-dlrhcs_replication\outputs\empirical\unemployment\raw_sa_pilot\x13_work\ces_hours_log_additive_17660_200701_201612.err

"
ces_hours,17660,,,,segment_too_short,,,6,,,,,,,,
ces_hours,17780,"College Station-Bryan, TX",additive_level,ces_hours_additive_level_17780_200701_201612,ok,0,1,120,2007-01-01,2016-12-01,none,add,0,,,"
"
ces_hours,17780,"College Station-Bryan, TX",log_additive,ces_hours_log_additive_17780_200701_201612,ok,0,1,120,2007-01-01,2016-12-01,log,add,0,,,"
"
ces_hours,17820,"Colorado Springs, CO",additive_level,ces_hours_additive_level_17820_200701_201612,ok,0,1,120,2007-01-01,2016-12-01,none,add,0,,,"
"
ces_hours,17820,"Colorado Springs, CO",log_additive,ces_hours_log_additive_17820_200701_201612,ok,0,1,120,2007-01-01,2016-12-01,log,add,0,,,"
"
ces_hours,17820,,,,segment_too_short,,,6,,,,,,,,
ces_hours,17860,"Columbia, MO",additive_level,ces_hours_additive_level_17860_200701_201612,ok,0,1,120,2007-01-01,2016-12-01,none,add,0,,,"
"
ces_hours,17860,"Columbia, MO",log_additive,ces_hours_log_additive_17860_200701_201612,ok,0,1,120,2007-01-01,2016-12-01,log,add,0,,,"
"
ces_hours,17900,"Columbia, SC",additive_level,ces_hours_additive_level_17900_200701_201612,ok,0,1,120,2007-01-01,2016-12-01,none,add,0,,,"
"
ces_hours,17900,"Columbia, SC",log_additive,ces_hours_log_additive_17900_200701_201612,ok,0,1,120,2007-01-01,2016-12-01,log,add,0,,,"
"
ces_hours,17980,"Columbus, GA-AL",additive_level,ces_hours_additive_level_17980_200701_201612,ok,0,1,120,2007-01-01,2016-12-01,none,add,0,,,"
"
ces_hours,17980,"Columbus, GA-AL",log_additive,ces_hours_log_additive_17980_200701_201612,ok,0,1,120,2007-01-01,2016-12-01,log,add,0,,,"
"
ces_hours,17980,,,,segment_too_short,,,6,,,,,,,,
ces_hours,18020,"Columbus, IN",additive_level,ces_hours_additive_level_18020_200701_201612,ok,0,1,120,2007-01-01,2016-12-01,none,add,0,,,"
"
ces_hours,18020,"Columbus, IN",log_additive,ces_hours_log_additive_18020_200701_201612,failed:0,0,0,120,2007-01-01,2016-12-01,log,add,1,"  Storing any program error messages into D:\Programming\Dynamic Paper-dlrhcs_replication\outputs\empirical\unemployment\raw_sa_pilot\x13_work\ces_hours_log_additive_18020_200701_201612.err
 ERROR: Additive seasonal adjustment will not be performed when
  Program error(s) halt execution for D:\Programming\Dynamic Paper-dlrhcs_replication\outputs\empirical\unemployment\raw_sa_pilot\x13_work\ces_hours_log_additive_18020_200701_201612.spc
 Check error file D:\Programming\Dynamic Paper-dlrhcs_replication\outputs\empirical\unemployment\raw_sa_pilot\x13_work\ces_hours_log_additive_18020_200701_201612.err",,"
 X-13ARIMA-SEATS Seasonal Adjustment Program
 Version Number 1.1 Build 62
 Execution began  Jul 29, 2026  08.55.10 

  Reading input spec file from D:\Programming\Dynamic Paper-dlrhcs_replication\outputs\empirical\unemployment\raw_sa_pilot\x13_work\ces_hours_log_additive_18020_200701_201612.spc
  Storing any program output into D:\Programming\Dynamic Paper-dlrhcs_replication\outputs\empirical\unemployment\raw_sa_pilot\x13_work\ces_hours_log_additive_18020_200701_201612.out
  Storing any program error messages into D:\Programming\Dynamic Paper-dlrhcs_replication\outputs\empirical\unemployment\raw_sa_pilot\x13_work\ces_hours_log_additive_18020_200701_201612.err
 
  
 ERROR: Additive seasonal adjustment will not be performed when
        preadjustment factors are derived from a REGARIMA model 
        for transformed data.
  
        Check the values for the power or function arguments of the 
        transform spec and mode of the x11 spec.
  Program error(s) halt execution for D:\Programming\Dynamic Paper-dlrhcs_replication\outputs\empirical\unemployment\raw_sa_pilot\x13_work\ces_hours_log_additive_18020_200701_201612.spc

 Check error file D:\Programming\Dynamic Paper-dlrhcs_replication\outputs\empirical\unemployment\raw_sa_pilot\x13_work\ces_hours_log_additive_18020_200701_201612.err

"
ces_hours,18020,,,,segment_too_short,,,6,,,,,,,,
ces_hours,18140,"Columbus, OH",additive_level,ces_hours_additive_level_18140_200701_201612,ok,0,1,120,2007-01-01,2016-12-01,none,add,0,,,"
"
ces_hours,18140,"Columbus, OH",log_additive,ces_hours_log_additive_18140_200701_201612,ok,0,1,120,2007-01-01,2016-12-01,log,add,0,,,"
"
ces_hours,18580,"Corpus Christi, TX",additive_level,ces_hours_additive_level_18580_200701_201612,ok,0,1,120,2007-01-01,2016-12-01,none,add,0,,,"
"
ces_hours,18580,"Corpus Christi, TX",log_additive,ces_hours_log_additive_18580_200701_201612,ok,0,1,120,2007-01-01,2016-12-01,log,add,0,,,"
"
ces_hours,18700,"Corvallis, OR",additive_level,ces_hours_additive_level_18700_200701_201612,ok,0,1,120,2007-01-01,2016-12-01,none,add,0,,,"
"
ces_hours,18700,"Corvallis, OR",log_additive,ces_hours_log_additive_18700_200701_201612,failed:0,0,0,120,2007-01-01,2016-12-01,log,add,1,"  Storing any program error messages into D:\Programming\Dynamic Paper-dlrhcs_replication\outputs\empirical\unemployment\raw_sa_pilot\x13_work\ces_hours_log_additive_18700_200701_201612.err
 ERROR: Additive seasonal adjustment will not be performed when
  Program error(s) halt execution for D:\Programming\Dynamic Paper-dlrhcs_replication\outputs\empirical\unemployment\raw_sa_pilot\x13_work\ces_hours_log_additive_18700_200701_201612.spc
 Check error file D:\Programming\Dynamic Paper-dlrhcs_replication\outputs\empirical\unemployment\raw_sa_pilot\x13_work\ces_hours_log_additive_18700_200701_201612.err",,"
 X-13ARIMA-SEATS Seasonal Adjustment Program
 Version Number 1.1 Build 62
 Execution began  Jul 29, 2026  08.55.11 

  Reading input spec file from D:\Programming\Dynamic Paper-dlrhcs_replication\outputs\empirical\unemployment\raw_sa_pilot\x13_work\ces_hours_log_additive_18700_200701_201612.spc
  Storing any program output into D:\Programming\Dynamic Paper-dlrhcs_replication\outputs\empirical\unemployment\raw_sa_pilot\x13_work\ces_hours_log_additive_18700_200701_201612.out
  Storing any program error messages into D:\Programming\Dynamic Paper-dlrhcs_replication\outputs\empirical\unemployment\raw_sa_pilot\x13_work\ces_hours_log_additive_18700_200701_201612.err
 
  
 ERROR: Additive seasonal adjustment will not be performed when
        preadjustment factors are derived from a REGARIMA model 
        for transformed data.
  
        Check the values for the power or function arguments of the 
        transform spec and mode of the x11 spec.
  Program error(s) halt execution for D:\Programming\Dynamic Paper-dlrhcs_replication\outputs\empirical\unemployment\raw_sa_pilot\x13_work\ces_hours_log_additive_18700_200701_201612.spc

 Check error file D:\Programming\Dynamic Paper-dlrhcs_replication\outputs\empirical\unemployment\raw_sa_pilot\x13_work\ces_hours_log_additive_18700_200701_201612.err

"
ces_hours,18880,"Crestview-Fort Walton Beach-Destin, FL",additive_level,ces_hours_additive_level_18880_200701_201612,ok,0,1,120,2007-01-01,2016-12-01,none,add,0,,,"
"
ces_hours,18880,"Crestview-Fort Walton Beach-Destin, FL",log_additive,ces_hours_log_additive_18880_200701_201612,ok,0,1,120,2007-01-01,2016-12-01,log,add,0,,,"
"
ces_hours,18880,,,,segment_too_short,,,6,,,,,,,,
ces_hours,19100,"Dallas-Fort Worth-Arlington, TX",additive_level,ces_hours_additive_level_19100_200701_201612,ok,0,1,120,2007-01-01,2016-12-01,none,add,0,,,"
"
ces_hours,19100,"Dallas-Fort Worth-Arlington, TX",log_additive,ces_hours_log_additive_19100_200701_201612,failed:0,0,0,120,2007-01-01,2016-12-01,log,add,1,"  Storing any program error messages into D:\Programming\Dynamic Paper-dlrhcs_replication\outputs\empirical\unemployment\raw_sa_pilot\x13_work\ces_hours_log_additive_19100_200701_201612.err
 ERROR: Additive seasonal adjustment will not be performed when
  Program error(s) halt execution for D:\Programming\Dynamic Paper-dlrhcs_replication\outputs\empirical\unemployment\raw_sa_pilot\x13_work\ces_hours_log_additive_19100_200701_201612.spc
 Check error file D:\Programming\Dynamic Paper-dlrhcs_replication\outputs\empirical\unemployment\raw_sa_pilot\x13_work\ces_hours_log_additive_19100_200701_201612.err",,"
 X-13ARIMA-SEATS Seasonal Adjustment Program
 Version Number 1.1 Build 62
 Execution began  Jul 29, 2026  08.55.15 

  Reading input spec file from D:\Programming\Dynamic Paper-dlrhcs_replication\outputs\empirical\unemployment\raw_sa_pilot\x13_work\ces_hours_log_additive_19100_200701_201612.spc
  Storing any program output into D:\Programming\Dynamic Paper-dlrhcs_replication\outputs\empirical\unemployment\raw_sa_pilot\x13_work\ces_hours_log_additive_19100_200701_201612.out
  Storing any program error messages into D:\Programming\Dynamic Paper-dlrhcs_replication\outputs\empirical\unemployment\raw_sa_pilot\x13_work\ces_hours_log_additive_19100_200701_201612.err
 
  
 ERROR: Additive seasonal adjustment will not be performed when
        preadjustment factors are derived from a REGARIMA model 
        for transformed data.
  
        Check the values for the power or function arguments of the 
        transform spec and mode of the x11 spec.
  Program error(s) halt execution for D:\Programming\Dynamic Paper-dlrhcs_replication\outputs\empirical\unemployment\raw_sa_pilot\x13_work\ces_hours_log_additive_19100_200701_201612.spc

 Check error file D:\Programming\Dynamic Paper-dlrhcs_replication\outputs\empirical\unemployment\raw_sa_pilot\x13_work\ces_hours_log_additive_19100_200701_201612.err

"
ces_hours,19124,"Dallas-Plano-Irving, TX Metropolitan Division",additive_level,ces_hours_additive_level_19124_200701_201612,ok,0,1,120,2007-01-01,2016-12-01,none,add,0,,,"
"
ces_hours,19124,"Dallas-Plano-Irving, TX Metropolitan Division",log_additive,ces_hours_log_additive_19124_200701_201612,failed:0,0,0,120,2007-01-01,2016-12-01,log,add,1,"  Storing any program error messages into D:\Programming\Dynamic Paper-dlrhcs_replication\outputs\empirical\unemployment\raw_sa_pilot\x13_work\ces_hours_log_additive_19124_200701_201612.err
 ERROR: Additive seasonal adjustment will not be performed when
  Program error(s) halt execution for D:\Programming\Dynamic Paper-dlrhcs_replication\outputs\empirical\unemployment\raw_sa_pilot\x13_work\ces_hours_log_additive_19124_200701_201612.spc
 Check error file D:\Programming\Dynamic Paper-dlrhcs_replication\outputs\empirical\unemployment\raw_sa_pilot\x13_work\ces_hours_log_additive_19124_200701_201612.err",,"
 X-13ARIMA-SEATS Seasonal Adjustment Program
 Version Number 1.1 Build 62
 Execution began  Jul 29, 2026  08.55.15 

  Reading input spec file from D:\Programming\Dynamic Paper-dlrhcs_replication\outputs\empirical\unemployment\raw_sa_pilot\x13_work\ces_hours_log_additive_19124_200701_201612.spc
  Storing any program output into D:\Programming\Dynamic Paper-dlrhcs_replication\outputs\empirical\unemployment\raw_sa_pilot\x13_work\ces_hours_log_additive_19124_200701_201612.out
  Storing any program error messages into D:\Programming\Dynamic Paper-dlrhcs_replication\outputs\empirical\unemployment\raw_sa_pilot\x13_work\ces_hours_log_additive_19124_200701_201612.err
 
  
 ERROR: Additive seasonal adjustment will not be performed when
        preadjustment factors are derived from a REGARIMA model 
        for transformed data.
  
        Check the values for the power or function arguments of the 
        transform spec and mode of the x11 spec.
  Program error(s) halt execution for D:\Programming\Dynamic Paper-dlrhcs_replication\outputs\empirical\unemployment\raw_sa_pilot\x13_work\ces_hours_log_additive_19124_200701_201612.spc

 Check error file D:\Programming\Dynamic Paper-dlrhcs_replication\outputs\empirical\unemployment\raw_sa_pilot\x13_work\ces_hours_log_additive_19124_200701_201612.err

"
ces_hours,19140,"Dalton, GA",additive_level,ces_hours_additive_level_19140_200701_201612,ok,0,1,120,2007-01-01,2016-12-01,none,add,0,,,"
"
ces_hours,19140,"Dalton, GA",log_additive,ces_hours_log_additive_19140_200701_201612,ok,0,1,120,2007-01-01,2016-12-01,log,add,0,,,"
"
ces_hours,19140,,,,segment_too_short,,,6,,,,,,,,
ces_hours,19300,,,,segment_too_short,,,72,,,,,,,,
ces_hours,19300,,,,segment_too_short,,,6,,,,,,,,
ces_hours,19340,"Davenport-Moline-Rock Island, IA-IL",additive_level,ces_hours_additive_level_19340_200701_201612,ok,0,1,120,2007-01-01,2016-12-01,none,add,0,,,"
"
ces_hours,19340,"Davenport-Moline-Rock Island, IA-IL",log_additive,ces_hours_log_additive_19340_200701_201612,failed:0,0,0,120,2007-01-01,2016-12-01,log,add,1,"  Storing any program error messages into D:\Programming\Dynamic Paper-dlrhcs_replication\outputs\empirical\unemployment\raw_sa_pilot\x13_work\ces_hours_log_additive_19340_200701_201612.err
 ERROR: Additive seasonal adjustment will not be performed when
  Program error(s) halt execution for D:\Programming\Dynamic Paper-dlrhcs_replication\outputs\empirical\unemployment\raw_sa_pilot\x13_work\ces_hours_log_additive_19340_200701_201612.spc
 Check error file D:\Programming\Dynamic Paper-dlrhcs_replication\outputs\empirical\unemployment\raw_sa_pilot\x13_work\ces_hours_log_additive_19340_200701_201612.err",,"
 X-13ARIMA-SEATS Seasonal Adjustment Program
 Version Number 1.1 Build 62
 Execution began  Jul 29, 2026  08.55.16 

  Reading input spec file from D:\Programming\Dynamic Paper-dlrhcs_replication\outputs\empirical\unemployment\raw_sa_pilot\x13_work\ces_hours_log_additive_19340_200701_201612.spc
  Storing any program output into D:\Programming\Dynamic Paper-dlrhcs_replication\outputs\empirical\unemployment\raw_sa_pilot\x13_work\ces_hours_log_additive_19340_200701_201612.out
  Storing any program error messages into D:\Programming\Dynamic Paper-dlrhcs_replication\outputs\empirical\unemployment\raw_sa_pilot\x13_work\ces_hours_log_additive_19340_200701_201612.err
 
  
 ERROR: Additive seasonal adjustment will not be performed when
        preadjustment factors are derived from a REGARIMA model 
        for transformed data.
  
        Check the values for the power or function arguments of the 
        transform spec and mode of the x11 spec.
  Program error(s) halt execution for D:\Programming\Dynamic Paper-dlrhcs_replication\outputs\empirical\unemployment\raw_sa_pilot\x13_work\ces_hours_log_additive_19340_200701_201612.spc

 Check error file D:\Programming\Dynamic Paper-dlrhcs_replication\outputs\empirical\unemployment\raw_sa_pilot\x13_work\ces_hours_log_additive_19340_200701_201612.err

"
ces_hours,19340,,,,segment_too_short,,,6,,,,,,,,
ces_hours,19430,"Dayton-Kettering-Beavercreek, OH",additive_level,ces_hours_additive_level_19430_200701_201612,ok,0,1,120,2007-01-01,2016-12-01,none,add,0,,,"
"
ces_hours,19430,"Dayton-Kettering-Beavercreek, OH",log_additive,ces_hours_log_additive_19430_200701_201612,ok,0,1,120,2007-01-01,2016-12-01,log,add,0,,,"
"
ces_hours,19460,"Decatur, AL",additive_level,ces_hours_additive_level_19460_200701_201612,ok,0,1,120,2007-01-01,2016-12-01,none,add,0,,,"
"
ces_hours,19460,"Decatur, AL",log_additive,ces_hours_log_additive_19460_200701_201612,failed:0,0,0,120,2007-01-01,2016-12-01,log,add,1,"  Storing any program error messages into D:\Programming\Dynamic Paper-dlrhcs_replication\outputs\empirical\unemployment\raw_sa_pilot\x13_work\ces_hours_log_additive_19460_200701_201612.err
 WARNING: At least one visually significant seasonal peak has been found
 ERROR: Additive seasonal adjustment will not be performed when
  Program error(s) halt execution for D:\Programming\Dynamic Paper-dlrhcs_replication\outputs\empirical\unemployment\raw_sa_pilot\x13_work\ces_hours_log_additive_19460_200701_201612.spc
 Check error file D:\Programming\Dynamic Paper-dlrhcs_replication\outputs\empirical\unemployment\raw_sa_pilot\x13_work\ces_hours_log_additive_19460_200701_201612.err",,"
 X-13ARIMA-SEATS Seasonal Adjustment Program
 Version Number 1.1 Build 62
 Execution began  Jul 29, 2026  08.55.16 

  Reading input spec file from D:\Programming\Dynamic Paper-dlrhcs_replication\outputs\empirical\unemployment\raw_sa_pilot\x13_work\ces_hours_log_additive_19460_200701_201612.spc
  Storing any program output into D:\Programming\Dynamic Paper-dlrhcs_replication\outputs\empirical\unemployment\raw_sa_pilot\x13_work\ces_hours_log_additive_19460_200701_201612.out
  Storing any program error messages into D:\Programming\Dynamic Paper-dlrhcs_replication\outputs\empirical\unemployment\raw_sa_pilot\x13_work\ces_hours_log_additive_19460_200701_201612.err
 
  
 WARNING: At least one visually significant seasonal peak has been found
          in the estimated spectrum of the regARIMA residuals.
  
 ERROR: Additive seasonal adjustment will not be performed when
        preadjustment factors are derived from a REGARIMA model 
        for transformed data.
  
        Check the values for the power or function arguments of the 
        transform spec and mode of the x11 spec.
  Program error(s) halt execution for D:\Programming\Dynamic Paper-dlrhcs_replication\outputs\empirical\unemployment\raw_sa_pilot\x13_work\ces_hours_log_additive_19460_200701_201612.spc

 Check error file D:\Programming\Dynamic Paper-dlrhcs_replication\outputs\empirical\unemployment\raw_sa_pilot\x13_work\ces_hours_log_additive_19460_200701_201612.err

"
ces_hours,19460,,,,segment_too_short,,,6,,,,,,,,
ces_hours,19500,"Decatur, IL",additive_level,ces_hours_additive_level_19500_200701_201612,ok,0,1,120,2007-01-01,2016-12-01,none,add,0,,,"
"
ces_hours,19500,"Decatur, IL",log_additive,ces_hours_log_additive_19500_200701_201612,ok,0,1,120,2007-01-01,2016-12-01,log,add,0,,,"
"
ces_hours,19500,,,,segment_too_short,,,6,,,,,,,,
ces_hours,19660,"Deltona-Daytona Beach-Ormond Beach, FL",additive_level,ces_hours_additive_level_19660_200701_201612,ok,0,1,120,2007-01-01,2016-12-01,none,add,0,,,"
"
ces_hours,19660,"Deltona-Daytona Beach-Ormond Beach, FL",log_additive,ces_hours_log_additive_19660_200701_201612,failed:0,0,0,120,2007-01-01,2016-12-01,log,add,1,"  Storing any program error messages into D:\Programming\Dynamic Paper-dlrhcs_replication\outputs\empirical\unemployment\raw_sa_pilot\x13_work\ces_hours_log_additive_19660_200701_201612.err
 ERROR: Additive seasonal adjustment will not be performed when
  Program error(s) halt execution for D:\Programming\Dynamic Paper-dlrhcs_replication\outputs\empirical\unemployment\raw_sa_pilot\x13_work\ces_hours_log_additive_19660_200701_201612.spc
 Check error file D:\Programming\Dynamic Paper-dlrhcs_replication\outputs\empirical\unemployment\raw_sa_pilot\x13_work\ces_hours_log_additive_19660_200701_201612.err",,"
 X-13ARIMA-SEATS Seasonal Adjustment Program
 Version Number 1.1 Build 62
 Execution began  Jul 29, 2026  08.55.16 

  Reading input spec file from D:\Programming\Dynamic Paper-dlrhcs_replication\outputs\empirical\unemployment\raw_sa_pilot\x13_work\ces_hours_log_additive_19660_200701_201612.spc
  Storing any program output into D:\Programming\Dynamic Paper-dlrhcs_replication\outputs\empirical\unemployment\raw_sa_pilot\x13_work\ces_hours_log_additive_19660_200701_201612.out
  Storing any program error messages into D:\Programming\Dynamic Paper-dlrhcs_replication\outputs\empirical\unemployment\raw_sa_pilot\x13_work\ces_hours_log_additive_19660_200701_201612.err
 
  
 ERROR: Additive seasonal adjustment will not be performed when
        preadjustment factors are derived from a REGARIMA model 
        for transformed data.
  
        Check the values for the power or function arguments of the 
        transform spec and mode of the x11 spec.
  Program error(s) halt execution for D:\Programming\Dynamic Paper-dlrhcs_replication\outputs\empirical\unemployment\raw_sa_pilot\x13_work\ces_hours_log_additive_19660_200701_201612.spc

 Check error file D:\Programming\Dynamic Paper-dlrhcs_replication\outputs\empirical\unemployment\raw_sa_pilot\x13_work\ces_hours_log_additive_19660_200701_201612.err

"
ces_hours,19660,,,,segment_too_short,,,6,,,,,,,,
ces_hours,19740,"Denver-Aurora-Centennial, CO",additive_level,ces_hours_additive_level_19740_200701_201612,ok,0,1,120,2007-01-01,2016-12-01,none,add,0,,,"
"
ces_hours,19740,"Denver-Aurora-Centennial, CO",log_additive,ces_hours_log_additive_19740_200701_201612,failed:0,0,0,120,2007-01-01,2016-12-01,log,add,1,"  Storing any program error messages into D:\Programming\Dynamic Paper-dlrhcs_replication\outputs\empirical\unemployment\raw_sa_pilot\x13_work\ces_hours_log_additive_19740_200701_201612.err
 ERROR: Additive seasonal adjustment will not be performed when
  Program error(s) halt execution for D:\Programming\Dynamic Paper-dlrhcs_replication\outputs\empirical\unemployment\raw_sa_pilot\x13_work\ces_hours_log_additive_19740_200701_201612.spc
 Check error file D:\Programming\Dynamic Paper-dlrhcs_replication\outputs\empirical\unemployment\raw_sa_pilot\x13_work\ces_hours_log_additive_19740_200701_201612.err",,"
 X-13ARIMA-SEATS Seasonal Adjustment Program
 Version Number 1.1 Build 62
 Execution began  Jul 29, 2026  08.55.17 

  Reading input spec file from D:\Programming\Dynamic Paper-dlrhcs_replication\outputs\empirical\unemployment\raw_sa_pilot\x13_work\ces_hours_log_additive_19740_200701_201612.spc
  Storing any program output into D:\Programming\Dynamic Paper-dlrhcs_replication\outputs\empirical\unemployment\raw_sa_pilot\x13_work\ces_hours_log_additive_19740_200701_201612.out
  Storing any program error messages into D:\Programming\Dynamic Paper-dlrhcs_replication\outputs\empirical\unemployment\raw_sa_pilot\x13_work\ces_hours_log_additive_19740_200701_201612.err
 
  
 ERROR: Additive seasonal adjustment will not be performed when
        preadjustment factors are derived from a REGARIMA model 
        for transformed data.
  
        Check the values for the power or function arguments of the 
        transform spec and mode of the x11 spec.
  Program error(s) halt execution for D:\Programming\Dynamic Paper-dlrhcs_replication\outputs\empirical\unemployment\raw_sa_pilot\x13_work\ces_hours_log_additive_19740_200701_201612.spc

 Check error file D:\Programming\Dynamic Paper-dlrhcs_replication\outputs\empirical\unemployment\raw_sa_pilot\x13_work\ces_hours_log_additive_19740_200701_201612.err

"
ces_hours,19740,,,,segment_too_short,,,6,,,,,,,,
ces_hours,19780,"Des Moines-West Des Moines, IA",additive_level,ces_hours_additive_level_19780_200701_201612,ok,0,1,120,2007-01-01,2016-12-01,none,add,0,,,"
"
ces_hours,19780,"Des Moines-West Des Moines, IA",log_additive,ces_hours_log_additive_19780_200701_201612,ok,0,1,120,2007-01-01,2016-12-01,log,add,0,,,"
"
ces_hours,19780,,,,segment_too_short,,,6,,,,,,,,
ces_hours,19804,"Detroit-Dearborn-Livonia, MI Metropolitan Division",additive_level,ces_hours_additive_level_19804_200701_201612,ok,0,1,120,2007-01-01,2016-12-01,none,add,0,,,"
"
ces_hours,19804,"Detroit-Dearborn-Livonia, MI Metropolitan Division",log_additive,ces_hours_log_additive_19804_200701_201612,ok,0,1,120,2007-01-01,2016-12-01,log,add,0,,,"
"
ces_hours,19820,,,,segment_too_short,,,72,,,,,,,,
ces_hours,20020,"Dothan, AL",additive_level,ces_hours_additive_level_20020_200701_201612,ok,0,1,120,2007-01-01,2016-12-01,none,add,0,,,"
"
ces_hours,20020,"Dothan, AL",log_additive,ces_hours_log_additive_20020_200701_201612,ok,0,1,120,2007-01-01,2016-12-01,log,add,0,,,"
"
ces_hours,20020,,,,segment_too_short,,,6,,,,,,,,
ces_hours,20100,"Dover, DE",additive_level,ces_hours_additive_level_20100_200701_201612,ok,0,1,120,2007-01-01,2016-12-01,none,add,0,,,"
"
ces_hours,20100,"Dover, DE",log_additive,ces_hours_log_additive_20100_200701_201612,ok,0,1,120,2007-01-01,2016-12-01,log,add,0,,,"
"
ces_hours,20100,,,,segment_too_short,,,6,,,,,,,,
ces_hours,20220,"Dubuque, IA",additive_level,ces_hours_additive_level_20220_200701_201612,ok,0,1,120,2007-01-01,2016-12-01,none,add,0,,,"
"
ces_hours,20220,"Dubuque, IA",log_additive,ces_hours_log_additive_20220_200701_201612,ok,0,1,120,2007-01-01,2016-12-01,log,add,0,,,"
"
ces_hours,20220,,,,segment_too_short,,,6,,,,,,,,
ces_hours,20260,"Duluth, MN-WI",additive_level,ces_hours_additive_level_20260_200701_201612,ok,0,1,120,2007-01-01,2016-12-01,none,add,0,,,"
"
ces_hours,20260,"Duluth, MN-WI",log_additive,ces_hours_log_additive_20260_200701_201612,ok,0,1,120,2007-01-01,2016-12-01,log,add,0,,,"
"
ces_hours,20500,"Durham-Chapel Hill, NC",additive_level,ces_hours_additive_level_20500_200701_201612,ok,0,1,120,2007-01-01,2016-12-01,none,add,0,,,"
"
ces_hours,20500,"Durham-Chapel Hill, NC",log_additive,ces_hours_log_additive_20500_200701_201612,failed:0,0,0,120,2007-01-01,2016-12-01,log,add,1,"  Storing any program error messages into D:\Programming\Dynamic Paper-dlrhcs_replication\outputs\empirical\unemployment\raw_sa_pilot\x13_work\ces_hours_log_additive_20500_200701_201612.err
 WARNING: At least one visually significant seasonal peak has been found
 ERROR: Additive seasonal adjustment will not be performed when
  Program error(s) halt execution for D:\Programming\Dynamic Paper-dlrhcs_replication\outputs\empirical\unemployment\raw_sa_pilot\x13_work\ces_hours_log_additive_20500_200701_201612.spc
 Check error file D:\Programming\Dynamic Paper-dlrhcs_replication\outputs\empirical\unemployment\raw_sa_pilot\x13_work\ces_hours_log_additive_20500_200701_201612.err",,"
 X-13ARIMA-SEATS Seasonal Adjustment Program
 Version Number 1.1 Build 62
 Execution began  Jul 29, 2026  08.55.17 

  Reading input spec file from D:\Programming\Dynamic Paper-dlrhcs_replication\outputs\empirical\unemployment\raw_sa_pilot\x13_work\ces_hours_log_additive_20500_200701_201612.spc
  Storing any program output into D:\Programming\Dynamic Paper-dlrhcs_replication\outputs\empirical\unemployment\raw_sa_pilot\x13_work\ces_hours_log_additive_20500_200701_201612.out
  Storing any program error messages into D:\Programming\Dynamic Paper-dlrhcs_replication\outputs\empirical\unemployment\raw_sa_pilot\x13_work\ces_hours_log_additive_20500_200701_201612.err
 
  
 WARNING: At least one visually significant seasonal peak has been found
          in the estimated spectrum of the regARIMA residuals.
  
 ERROR: Additive seasonal adjustment will not be performed when
        preadjustment factors are derived from a REGARIMA model 
        for transformed data.
  
        Check the values for the power or function arguments of the 
        transform spec and mode of the x11 spec.
  Program error(s) halt execution for D:\Programming\Dynamic Paper-dlrhcs_replication\outputs\empirical\unemployment\raw_sa_pilot\x13_work\ces_hours_log_additive_20500_200701_201612.spc

 Check error file D:\Programming\Dynamic Paper-dlrhcs_replication\outputs\empirical\unemployment\raw_sa_pilot\x13_work\ces_hours_log_additive_20500_200701_201612.err

"
ces_hours,20580,,,,segment_too_short,,,72,,,,,,,,
ces_hours,20740,"Eau Claire, WI",additive_level,ces_hours_additive_level_20740_200701_201612,ok,0,1,120,2007-01-01,2016-12-01,none,add,0,,,"
"
ces_hours,20740,"Eau Claire, WI",log_additive,ces_hours_log_additive_20740_200701_201612,ok,0,1,120,2007-01-01,2016-12-01,log,add,0,,,"
"
ces_hours,20940,"El Centro, CA",additive_level,ces_hours_additive_level_20940_200701_201612,ok,0,1,120,2007-01-01,2016-12-01,none,add,0,,,"
"
ces_hours,20940,"El Centro, CA",log_additive,ces_hours_log_additive_20940_200701_201612,ok,0,1,120,2007-01-01,2016-12-01,log,add,0,,,"
"
ces_hours,20940,,,,segment_too_short,,,6,,,,,,,,
ces_hours,20994,,,,segment_too_short,,,72,,,,,,,,
ces_hours,20994,,,,segment_too_short,,,6,,,,,,,,
ces_hours,21060,"Elizabethtown, KY",additive_level,ces_hours_additive_level_21060_200701_201612,ok,0,1,120,2007-01-01,2016-12-01,none,add,0,,,"
"
ces_hours,21060,"Elizabethtown, KY",log_additive,ces_hours_log_additive_21060_200701_201612,ok,0,1,120,2007-01-01,2016-12-01,log,add,0,,,"
"
ces_hours,21060,,,,segment_too_short,,,6,,,,,,,,
ces_hours,21140,"Elkhart-Goshen, IN",additive_level,ces_hours_additive_level_21140_200701_201612,ok,0,1,120,2007-01-01,2016-12-01,none,add,0,,,"
"
ces_hours,21140,"Elkhart-Goshen, IN",log_additive,ces_hours_log_additive_21140_200701_201612,ok,0,1,120,2007-01-01,2016-12-01,log,add,0,,,"
"
ces_hours,21140,,,,segment_too_short,,,6,,,,,,,,
ces_hours,21300,"Elmira, NY",additive_level,ces_hours_additive_level_21300_200701_201612,ok,0,1,120,2007-01-01,2016-12-01,none,add,0,,,"
"
ces_hours,21300,"Elmira, NY",log_additive,ces_hours_log_additive_21300_200701_201612,ok,0,1,120,2007-01-01,2016-12-01,log,add,0,,,"
"
ces_hours,21340,"El Paso, TX",additive_level,ces_hours_additive_level_21340_200701_201612,ok,0,1,120,2007-01-01,2016-12-01,none,add,0,,,"
"
ces_hours,21340,"El Paso, TX",log_additive,ces_hours_log_additive_21340_200701_201612,ok,0,1,120,2007-01-01,2016-12-01,log,add,0,,,"
"
ces_hours,21420,,,,segment_too_short,,,72,,,,,,,,
ces_hours,21500,"Erie, PA",additive_level,ces_hours_additive_level_21500_200701_201612,ok,0,1,120,2007-01-01,2016-12-01,none,add,0,,,"
"
ces_hours,21500,"Erie, PA",log_additive,ces_hours_log_additive_21500_200701_201612,ok,0,1,120,2007-01-01,2016-12-01,log,add,0,,,"
"
ces_hours,21660,"Eugene-Springfield, OR",additive_level,ces_hours_additive_level_21660_200701_201612,ok,0,1,120,2007-01-01,2016-12-01,none,add,0,,,"
"
ces_hours,21660,"Eugene-Springfield, OR",log_additive,ces_hours_log_additive_21660_200701_201612,failed:0,0,0,120,2007-01-01,2016-12-01,log,add,1,"  Storing any program error messages into D:\Programming\Dynamic Paper-dlrhcs_replication\outputs\empirical\unemployment\raw_sa_pilot\x13_work\ces_hours_log_additive_21660_200701_201612.err
 WARNING: At least one visually significant trading day peak has been
 ERROR: Additive seasonal adjustment will not be performed when
  Program error(s) halt execution for D:\Programming\Dynamic Paper-dlrhcs_replication\outputs\empirical\unemployment\raw_sa_pilot\x13_work\ces_hours_log_additive_21660_200701_201612.spc
 Check error file D:\Programming\Dynamic Paper-dlrhcs_replication\outputs\empirical\unemployment\raw_sa_pilot\x13_work\ces_hours_log_additive_21660_200701_201612.err",,"
 X-13ARIMA-SEATS Seasonal Adjustment Program
 Version Number 1.1 Build 62
 Execution began  Jul 29, 2026  08.55.18 

  Reading input spec file from D:\Programming\Dynamic Paper-dlrhcs_replication\outputs\empirical\unemployment\raw_sa_pilot\x13_work\ces_hours_log_additive_21660_200701_201612.spc
  Storing any program output into D:\Programming\Dynamic Paper-dlrhcs_replication\outputs\empirical\unemployment\raw_sa_pilot\x13_work\ces_hours_log_additive_21660_200701_201612.out
  Storing any program error messages into D:\Programming\Dynamic Paper-dlrhcs_replication\outputs\empirical\unemployment\raw_sa_pilot\x13_work\ces_hours_log_additive_21660_200701_201612.err
 
  
 WARNING: At least one visually significant trading day peak has been
          found in the estimated spectrum of the regARIMA residuals.
  
 ERROR: Additive seasonal adjustment will not be performed when
        preadjustment factors are derived from a REGARIMA model 
        for transformed data.
  
        Check the values for the power or function arguments of the 
        transform spec and mode of the x11 spec.
  Program error(s) halt execution for D:\Programming\Dynamic Paper-dlrhcs_replication\outputs\empirical\unemployment\raw_sa_pilot\x13_work\ces_hours_log_additive_21660_200701_201612.spc

 Check error file D:\Programming\Dynamic Paper-dlrhcs_replication\outputs\empirical\unemployment\raw_sa_pilot\x13_work\ces_hours_log_additive_21660_200701_201612.err

"
ces_hours,21780,"Evansville, IN",additive_level,ces_hours_additive_level_21780_200701_201612,ok,0,1,120,2007-01-01,2016-12-01,none,add,0,,,"
"
ces_hours,21780,"Evansville, IN",log_additive,ces_hours_log_additive_21780_200701_201612,ok,0,1,120,2007-01-01,2016-12-01,log,add,0,,,"
"
ces_hours,21780,,,,segment_too_short,,,6,,,,,,,,
ces_hours,21794,,,,segment_too_short,,,72,,,,,,,,
ces_hours,21820,"Fairbanks-College, AK",additive_level,ces_hours_additive_level_21820_200701_201612,ok,0,1,120,2007-01-01,2016-12-01,none,add,0,,,"
"
ces_hours,21820,"Fairbanks-College, AK",log_additive,ces_hours_log_additive_21820_200701_201612,ok,0,1,120,2007-01-01,2016-12-01,log,add,0,,,"
"
ces_hours,21820,,,,segment_too_short,,,6,,,,,,,,
ces_hours,22020,"Fargo, ND-MN",additive_level,ces_hours_additive_level_22020_200701_201612,ok,0,1,120,2007-01-01,2016-12-01,none,add,0,,,"
"
ces_hours,22020,"Fargo, ND-MN",log_additive,ces_hours_log_additive_22020_200701_201612,failed:0,0,0,120,2007-01-01,2016-12-01,log,add,1,"  Storing any program error messages into D:\Programming\Dynamic Paper-dlrhcs_replication\outputs\empirical\unemployment\raw_sa_pilot\x13_work\ces_hours_log_additive_22020_200701_201612.err
 WARNING: At least one visually significant trading day peak has been
 ERROR: Additive seasonal adjustment will not be performed when
  Program error(s) halt execution for D:\Programming\Dynamic Paper-dlrhcs_replication\outputs\empirical\unemployment\raw_sa_pilot\x13_work\ces_hours_log_additive_22020_200701_201612.spc
 Check error file D:\Programming\Dynamic Paper-dlrhcs_replication\outputs\empirical\unemployment\raw_sa_pilot\x13_work\ces_hours_log_additive_22020_200701_201612.err",,"
 X-13ARIMA-SEATS Seasonal Adjustment Program
 Version Number 1.1 Build 62
 Execution began  Jul 29, 2026  08.55.20 

  Reading input spec file from D:\Programming\Dynamic Paper-dlrhcs_replication\outputs\empirical\unemployment\raw_sa_pilot\x13_work\ces_hours_log_additive_22020_200701_201612.spc
  Storing any program output into D:\Programming\Dynamic Paper-dlrhcs_replication\outputs\empirical\unemployment\raw_sa_pilot\x13_work\ces_hours_log_additive_22020_200701_201612.out
  Storing any program error messages into D:\Programming\Dynamic Paper-dlrhcs_replication\outputs\empirical\unemployment\raw_sa_pilot\x13_work\ces_hours_log_additive_22020_200701_201612.err
 
  
 WARNING: At least one visually significant trading day peak has been
          found in the estimated spectrum of the regARIMA residuals.
  
 ERROR: Additive seasonal adjustment will not be performed when
        preadjustment factors are derived from a REGARIMA model 
        for transformed data.
  
        Check the values for the power or function arguments of the 
        transform spec and mode of the x11 spec.
  Program error(s) halt execution for D:\Programming\Dynamic Paper-dlrhcs_replication\outputs\empirical\unemployment\raw_sa_pilot\x13_work\ces_hours_log_additive_22020_200701_201612.spc

 Check error file D:\Programming\Dynamic Paper-dlrhcs_replication\outputs\empirical\unemployment\raw_sa_pilot\x13_work\ces_hours_log_additive_22020_200701_201612.err

"
ces_hours,22140,"Farmington, NM",additive_level,ces_hours_additive_level_22140_200701_201612,ok,0,1,120,2007-01-01,2016-12-01,none,add,0,,,"
"
ces_hours,22140,"Farmington, NM",log_additive,ces_hours_log_additive_22140_200701_201612,ok,0,1,120,2007-01-01,2016-12-01,log,add,0,,,"
"
ces_hours,22180,"Fayetteville, NC",additive_level,ces_hours_additive_level_22180_200701_201612,ok,0,1,120,2007-01-01,2016-12-01,none,add,0,,,"
"
ces_hours,22180,"Fayetteville, NC",log_additive,ces_hours_log_additive_22180_200701_201612,ok,0,1,120,2007-01-01,2016-12-01,log,add,0,,,"
"
ces_hours,22220,"Fayetteville-Springdale-Rogers, AR",additive_level,ces_hours_additive_level_22220_200701_201612,ok,0,1,120,2007-01-01,2016-12-01,none,add,0,,,"
"
ces_hours,22220,"Fayetteville-Springdale-Rogers, AR",log_additive,ces_hours_log_additive_22220_200701_201612,ok,0,1,120,2007-01-01,2016-12-01,log,add,0,,,"
"
ces_hours,22220,,,,segment_too_short,,,6,,,,,,,,
ces_hours,22380,"Flagstaff, AZ",additive_level,ces_hours_additive_level_22380_200701_201612,ok,0,1,120,2007-01-01,2016-12-01,none,add,0,,,"
"
ces_hours,22380,"Flagstaff, AZ",log_additive,ces_hours_log_additive_22380_200701_201612,ok,0,1,120,2007-01-01,2016-12-01,log,add,0,,,"
"
ces_hours,22380,,,,segment_too_short,,,6,,,,,,,,
ces_hours,22420,"Flint, MI",additive_level,ces_hours_additive_level_22420_200701_201612,ok,0,1,120,2007-01-01,2016-12-01,none,add,0,,,"
"
ces_hours,22420,"Flint, MI",log_additive,ces_hours_log_additive_22420_200701_201612,ok,0,1,120,2007-01-01,2016-12-01,log,add,0,,,"
"
ces_hours,22500,"Florence, SC",additive_level,ces_hours_additive_level_22500_200701_201612,ok,0,1,120,2007-01-01,2016-12-01,none,add,0,,,"
"
ces_hours,22500,"Florence, SC",log_additive,ces_hours_log_additive_22500_200701_201612,ok,0,1,120,2007-01-01,2016-12-01,log,add,0,,,"
"
ces_hours,22520,"Florence-Muscle Shoals, AL",additive_level,ces_hours_additive_level_22520_200701_201612,ok,0,1,120,2007-01-01,2016-12-01,none,add,0,,,"
"
ces_hours,22520,"Florence-Muscle Shoals, AL",log_additive,ces_hours_log_additive_22520_200701_201612,ok,0,1,120,2007-01-01,2016-12-01,log,add,0,,,"
"
ces_hours,22520,,,,segment_too_short,,,6,,,,,,,,
ces_hours,22540,"Fond du Lac, WI",additive_level,ces_hours_additive_level_22540_200701_201612,ok,0,1,120,2007-01-01,2016-12-01,none,add,0,,,"
"
ces_hours,22540,"Fond du Lac, WI",log_additive,ces_hours_log_additive_22540_200701_201612,ok,0,1,120,2007-01-01,2016-12-01,log,add,0,,,"
"
ces_hours,22660,"Fort Collins-Loveland, CO",additive_level,ces_hours_additive_level_22660_200701_201612,ok,0,1,120,2007-01-01,2016-12-01,none,add,0,,,"
"
ces_hours,22660,"Fort Collins-Loveland, CO",log_additive,ces_hours_log_additive_22660_200701_201612,failed:0,0,0,120,2007-01-01,2016-12-01,log,add,1,"  Storing any program error messages into D:\Programming\Dynamic Paper-dlrhcs_replication\outputs\empirical\unemployment\raw_sa_pilot\x13_work\ces_hours_log_additive_22660_200701_201612.err
 ERROR: Additive seasonal adjustment will not be performed when
  Program error(s) halt execution for D:\Programming\Dynamic Paper-dlrhcs_replication\outputs\empirical\unemployment\raw_sa_pilot\x13_work\ces_hours_log_additive_22660_200701_201612.spc
 Check error file D:\Programming\Dynamic Paper-dlrhcs_replication\outputs\empirical\unemployment\raw_sa_pilot\x13_work\ces_hours_log_additive_22660_200701_201612.err",,"
 X-13ARIMA-SEATS Seasonal Adjustment Program
 Version Number 1.1 Build 62
 Execution began  Jul 29, 2026  08.55.21 

  Reading input spec file from D:\Programming\Dynamic Paper-dlrhcs_replication\outputs\empirical\unemployment\raw_sa_pilot\x13_work\ces_hours_log_additive_22660_200701_201612.spc
  Storing any program output into D:\Programming\Dynamic Paper-dlrhcs_replication\outputs\empirical\unemployment\raw_sa_pilot\x13_work\ces_hours_log_additive_22660_200701_201612.out
  Storing any program error messages into D:\Programming\Dynamic Paper-dlrhcs_replication\outputs\empirical\unemployment\raw_sa_pilot\x13_work\ces_hours_log_additive_22660_200701_201612.err
 
  
 ERROR: Additive seasonal adjustment will not be performed when
        preadjustment factors are derived from a REGARIMA model 
        for transformed data.
  
        Check the values for the power or function arguments of the 
        transform spec and mode of the x11 spec.
  Program error(s) halt execution for D:\Programming\Dynamic Paper-dlrhcs_replication\outputs\empirical\unemployment\raw_sa_pilot\x13_work\ces_hours_log_additive_22660_200701_201612.spc

 Check error file D:\Programming\Dynamic Paper-dlrhcs_replication\outputs\empirical\unemployment\raw_sa_pilot\x13_work\ces_hours_log_additive_22660_200701_201612.err

"
ces_hours,22660,,,,segment_too_short,,,6,,,,,,,,
ces_hours,22744,"Fort Lauderdale-Pompano Beach-Sunrise, FL Metropolitan Division",additive_level,ces_hours_additive_level_22744_200701_201612,ok,0,1,120,2007-01-01,2016-12-01,none,add,0,,,"
"
ces_hours,22744,"Fort Lauderdale-Pompano Beach-Sunrise, FL Metropolitan Division",log_additive,ces_hours_log_additive_22744_200701_201612,ok,0,1,120,2007-01-01,2016-12-01,log,add,0,,,"
"
ces_hours,22744,,,,segment_too_short,,,6,,,,,,,,
ces_hours,22900,"Fort Smith, AR-OK",additive_level,ces_hours_additive_level_22900_200701_201612,ok,0,1,120,2007-01-01,2016-12-01,none,add,0,,,"
"
ces_hours,22900,"Fort Smith, AR-OK",log_additive,ces_hours_log_additive_22900_200701_201612,ok,0,1,120,2007-01-01,2016-12-01,log,add,0,,,"
"
ces_hours,22900,,,,segment_too_short,,,6,,,,,,,,
ces_hours,23060,"Fort Wayne, IN",additive_level,ces_hours_additive_level_23060_200701_201612,ok,0,1,120,2007-01-01,2016-12-01,none,add,0,,,"
"
ces_hours,23060,"Fort Wayne, IN",log_additive,ces_hours_log_additive_23060_200701_201612,ok,0,1,120,2007-01-01,2016-12-01,log,add,0,,,"
"
ces_hours,23060,,,,segment_too_short,,,6,,,,,,,,
ces_hours,23104,"Fort Worth-Arlington-Grapevine, TX Metropolitan Division",additive_level,ces_hours_additive_level_23104_200701_201612,ok,0,1,120,2007-01-01,2016-12-01,none,add,0,,,"
"
ces_hours,23104,"Fort Worth-Arlington-Grapevine, TX Metropolitan Division",log_additive,ces_hours_log_additive_23104_200701_201612,ok,0,1,120,2007-01-01,2016-12-01,log,add,0,,,"
"
ces_hours,23224,"Frederick-Gaithersburg-Bethesda, MD Metropolitan Division",additive_level,ces_hours_additive_level_23224_200701_201612,ok,0,1,120,2007-01-01,2016-12-01,none,add,0,,,"
"
ces_hours,23224,"Frederick-Gaithersburg-Bethesda, MD Metropolitan Division",log_additive,ces_hours_log_additive_23224_200701_201612,ok,0,1,120,2007-01-01,2016-12-01,log,add,0,,,"
"
ces_hours,23420,"Fresno, CA",additive_level,ces_hours_additive_level_23420_200701_201612,ok,0,1,120,2007-01-01,2016-12-01,none,add,0,,,"
"
ces_hours,23420,"Fresno, CA",log_additive,ces_hours_log_additive_23420_200701_201612,failed:0,0,0,120,2007-01-01,2016-12-01,log,add,1,"  Storing any program error messages into D:\Programming\Dynamic Paper-dlrhcs_replication\outputs\empirical\unemployment\raw_sa_pilot\x13_work\ces_hours_log_additive_23420_200701_201612.err
 WARNING: At least one visually significant seasonal peak has been found
 ERROR: Additive seasonal adjustment will not be performed when
  Program error(s) halt execution for D:\Programming\Dynamic Paper-dlrhcs_replication\outputs\empirical\unemployment\raw_sa_pilot\x13_work\ces_hours_log_additive_23420_200701_201612.spc
 Check error file D:\Programming\Dynamic Paper-dlrhcs_replication\outputs\empirical\unemployment\raw_sa_pilot\x13_work\ces_hours_log_additive_23420_200701_201612.err",,"
 X-13ARIMA-SEATS Seasonal Adjustment Program
 Version Number 1.1 Build 62
 Execution began  Jul 29, 2026  08.55.21 

  Reading input spec file from D:\Programming\Dynamic Paper-dlrhcs_replication\outputs\empirical\unemployment\raw_sa_pilot\x13_work\ces_hours_log_additive_23420_200701_201612.spc
  Storing any program output into D:\Programming\Dynamic Paper-dlrhcs_replication\outputs\empirical\unemployment\raw_sa_pilot\x13_work\ces_hours_log_additive_23420_200701_201612.out
  Storing any program error messages into D:\Programming\Dynamic Paper-dlrhcs_replication\outputs\empirical\unemployment\raw_sa_pilot\x13_work\ces_hours_log_additive_23420_200701_201612.err
 
  
 WARNING: At least one visually significant seasonal peak has been found
          in the estimated spectrum of the regARIMA residuals.
  
 ERROR: Additive seasonal adjustment will not be performed when
        preadjustment factors are derived from a REGARIMA model 
        for transformed data.
  
        Check the values for the power or function arguments of the 
        transform spec and mode of the x11 spec.
  Program error(s) halt execution for D:\Programming\Dynamic Paper-dlrhcs_replication\outputs\empirical\unemployment\raw_sa_pilot\x13_work\ces_hours_log_additive_23420_200701_201612.spc

 Check error file D:\Programming\Dynamic Paper-dlrhcs_replication\outputs\empirical\unemployment\raw_sa_pilot\x13_work\ces_hours_log_additive_23420_200701_201612.err

"
ces_hours,23420,,,,segment_too_short,,,6,,,,,,,,
ces_hours,23460,"Gadsden, AL",additive_level,ces_hours_additive_level_23460_200701_201612,ok,0,1,120,2007-01-01,2016-12-01,none,add,0,,,"
"
ces_hours,23460,"Gadsden, AL",log_additive,ces_hours_log_additive_23460_200701_201612,ok,0,1,120,2007-01-01,2016-12-01,log,add,0,,,"
"
ces_hours,23460,,,,segment_too_short,,,6,,,,,,,,
ces_hours,23540,"Gainesville, FL",additive_level,ces_hours_additive_level_23540_200701_201612,ok,0,1,120,2007-01-01,2016-12-01,none,add,0,,,"
"
ces_hours,23540,"Gainesville, FL",log_additive,ces_hours_log_additive_23540_200701_201612,ok,0,1,120,2007-01-01,2016-12-01,log,add,0,,,"
"
ces_hours,23540,,,,segment_too_short,,,6,,,,,,,,
ces_hours,23580,"Gainesville, GA",additive_level,ces_hours_additive_level_23580_200701_201612,ok,0,1,120,2007-01-01,2016-12-01,none,add,0,,,"
"
ces_hours,23580,"Gainesville, GA",log_additive,ces_hours_log_additive_23580_200701_201612,ok,0,1,120,2007-01-01,2016-12-01,log,add,0,,,"
"
ces_hours,23580,,,,segment_too_short,,,6,,,,,,,,
ces_hours,23900,,,,segment_too_short,,,72,,,,,,,,
ces_hours,24020,"Glens Falls, NY",additive_level,ces_hours_additive_level_24020_200701_201612,ok,0,1,120,2007-01-01,2016-12-01,none,add,0,,,"
"
ces_hours,24020,"Glens Falls, NY",log_additive,ces_hours_log_additive_24020_200701_201612,ok,0,1,120,2007-01-01,2016-12-01,log,add,0,,,"
"
ces_hours,24140,"Goldsboro, NC",additive_level,ces_hours_additive_level_24140_200701_201612,ok,0,1,120,2007-01-01,2016-12-01,none,add,0,,,"
"
ces_hours,24140,"Goldsboro, NC",log_additive,ces_hours_log_additive_24140_200701_201612,ok,0,1,120,2007-01-01,2016-12-01,log,add,0,,,"
"
ces_hours,24220,"Grand Forks, ND-MN",additive_level,ces_hours_additive_level_24220_200701_201612,ok,0,1,120,2007-01-01,2016-12-01,none,add,0,,,"
"
ces_hours,24220,"Grand Forks, ND-MN",log_additive,ces_hours_log_additive_24220_200701_201612,failed:0,0,0,120,2007-01-01,2016-12-01,log,add,1,"  Storing any program error messages into D:\Programming\Dynamic Paper-dlrhcs_replication\outputs\empirical\unemployment\raw_sa_pilot\x13_work\ces_hours_log_additive_24220_200701_201612.err
 WARNING: Visually significant seasonal and trading day peaks have 
 ERROR: Additive seasonal adjustment will not be performed when
  Program error(s) halt execution for D:\Programming\Dynamic Paper-dlrhcs_replication\outputs\empirical\unemployment\raw_sa_pilot\x13_work\ces_hours_log_additive_24220_200701_201612.spc
 Check error file D:\Programming\Dynamic Paper-dlrhcs_replication\outputs\empirical\unemployment\raw_sa_pilot\x13_work\ces_hours_log_additive_24220_200701_201612.err",,"
 X-13ARIMA-SEATS Seasonal Adjustment Program
 Version Number 1.1 Build 62
 Execution began  Jul 29, 2026  08.55.21 

  Reading input spec file from D:\Programming\Dynamic Paper-dlrhcs_replication\outputs\empirical\unemployment\raw_sa_pilot\x13_work\ces_hours_log_additive_24220_200701_201612.spc
  Storing any program output into D:\Programming\Dynamic Paper-dlrhcs_replication\outputs\empirical\unemployment\raw_sa_pilot\x13_work\ces_hours_log_additive_24220_200701_201612.out
  Storing any program error messages into D:\Programming\Dynamic Paper-dlrhcs_replication\outputs\empirical\unemployment\raw_sa_pilot\x13_work\ces_hours_log_additive_24220_200701_201612.err
 
  
 WARNING: Visually significant seasonal and trading day peaks have 
          been found in the estimated spectrum of the regARIMA residuals.
  
 ERROR: Additive seasonal adjustment will not be performed when
        preadjustment factors are derived from a REGARIMA model 
        for transformed data.
  
        Check the values for the power or function arguments of the 
        transform spec and mode of the x11 spec.
  Program error(s) halt execution for D:\Programming\Dynamic Paper-dlrhcs_replication\outputs\empirical\unemployment\raw_sa_pilot\x13_work\ces_hours_log_additive_24220_200701_201612.spc

 Check error file D:\Programming\Dynamic Paper-dlrhcs_replication\outputs\empirical\unemployment\raw_sa_pilot\x13_work\ces_hours_log_additive_24220_200701_201612.err

"
ces_hours,24260,,,,segment_too_short,,,72,,,,,,,,
ces_hours,24300,"Grand Junction, CO",additive_level,ces_hours_additive_level_24300_200701_201612,ok,0,1,120,2007-01-01,2016-12-01,none,add,0,,,"
"
ces_hours,24300,"Grand Junction, CO",log_additive,ces_hours_log_additive_24300_200701_201612,ok,0,1,120,2007-01-01,2016-12-01,log,add,0,,,"
"
ces_hours,24300,,,,segment_too_short,,,6,,,,,,,,
ces_hours,24340,"Grand Rapids-Wyoming-Kentwood, MI",additive_level,ces_hours_additive_level_24340_200701_201612,ok,0,1,120,2007-01-01,2016-12-01,none,add,0,,,"
"
ces_hours,24340,"Grand Rapids-Wyoming-Kentwood, MI",log_additive,ces_hours_log_additive_24340_200701_201612,ok,0,1,120,2007-01-01,2016-12-01,log,add,0,,,"
"
ces_hours,24420,,,,segment_too_short,,,72,,,,,,,,
ces_hours,24500,"Great Falls, MT",additive_level,ces_hours_additive_level_24500_200701_201612,ok,0,1,120,2007-01-01,2016-12-01,none,add,0,,,"
"
ces_hours,24500,"Great Falls, MT",log_additive,ces_hours_log_additive_24500_200701_201612,failed:0,0,0,120,2007-01-01,2016-12-01,log,add,1,"  Storing any program error messages into D:\Programming\Dynamic Paper-dlrhcs_replication\outputs\empirical\unemployment\raw_sa_pilot\x13_work\ces_hours_log_additive_24500_200701_201612.err
 ERROR: Additive seasonal adjustment will not be performed when
  Program error(s) halt execution for D:\Programming\Dynamic Paper-dlrhcs_replication\outputs\empirical\unemployment\raw_sa_pilot\x13_work\ces_hours_log_additive_24500_200701_201612.spc
 Check error file D:\Programming\Dynamic Paper-dlrhcs_replication\outputs\empirical\unemployment\raw_sa_pilot\x13_work\ces_hours_log_additive_24500_200701_201612.err",,"
 X-13ARIMA-SEATS Seasonal Adjustment Program
 Version Number 1.1 Build 62
 Execution began  Jul 29, 2026  08.55.23 

  Reading input spec file from D:\Programming\Dynamic Paper-dlrhcs_replication\outputs\empirical\unemployment\raw_sa_pilot\x13_work\ces_hours_log_additive_24500_200701_201612.spc
  Storing any program output into D:\Programming\Dynamic Paper-dlrhcs_replication\outputs\empirical\unemployment\raw_sa_pilot\x13_work\ces_hours_log_additive_24500_200701_201612.out
  Storing any program error messages into D:\Programming\Dynamic Paper-dlrhcs_replication\outputs\empirical\unemployment\raw_sa_pilot\x13_work\ces_hours_log_additive_24500_200701_201612.err
 
  
 ERROR: Additive seasonal adjustment will not be performed when
        preadjustment factors are derived from a REGARIMA model 
        for transformed data.
  
        Check the values for the power or function arguments of the 
        transform spec and mode of the x11 spec.
  Program error(s) halt execution for D:\Programming\Dynamic Paper-dlrhcs_replication\outputs\empirical\unemployment\raw_sa_pilot\x13_work\ces_hours_log_additive_24500_200701_201612.spc

 Check error file D:\Programming\Dynamic Paper-dlrhcs_replication\outputs\empirical\unemployment\raw_sa_pilot\x13_work\ces_hours_log_additive_24500_200701_201612.err

"
ces_hours,24540,"Greeley, CO",additive_level,ces_hours_additive_level_24540_200701_201612,ok,0,1,120,2007-01-01,2016-12-01,none,add,0,,,"
"
ces_hours,24540,"Greeley, CO",log_additive,ces_hours_log_additive_24540_200701_201612,ok,0,1,120,2007-01-01,2016-12-01,log,add,0,,,"
"
ces_hours,24540,,,,segment_too_short,,,6,,,,,,,,
ces_hours,24580,"Green Bay, WI",additive_level,ces_hours_additive_level_24580_200701_201612,ok,0,1,120,2007-01-01,2016-12-01,none,add,0,,,"
"
ces_hours,24580,"Green Bay, WI",log_additive,ces_hours_log_additive_24580_200701_201612,failed:0,0,0,120,2007-01-01,2016-12-01,log,add,1,"  Storing any program error messages into D:\Programming\Dynamic Paper-dlrhcs_replication\outputs\empirical\unemployment\raw_sa_pilot\x13_work\ces_hours_log_additive_24580_200701_201612.err
 ERROR: Additive seasonal adjustment will not be performed when
  Program error(s) halt execution for D:\Programming\Dynamic Paper-dlrhcs_replication\outputs\empirical\unemployment\raw_sa_pilot\x13_work\ces_hours_log_additive_24580_200701_201612.spc
 Check error file D:\Programming\Dynamic Paper-dlrhcs_replication\outputs\empirical\unemployment\raw_sa_pilot\x13_work\ces_hours_log_additive_24580_200701_201612.err",,"
 X-13ARIMA-SEATS Seasonal Adjustment Program
 Version Number 1.1 Build 62
 Execution began  Jul 29, 2026  08.55.23 

  Reading input spec file from D:\Programming\Dynamic Paper-dlrhcs_replication\outputs\empirical\unemployment\raw_sa_pilot\x13_work\ces_hours_log_additive_24580_200701_201612.spc
  Storing any program output into D:\Programming\Dynamic Paper-dlrhcs_replication\outputs\empirical\unemployment\raw_sa_pilot\x13_work\ces_hours_log_additive_24580_200701_201612.out
  Storing any program error messages into D:\Programming\Dynamic Paper-dlrhcs_replication\outputs\empirical\unemployment\raw_sa_pilot\x13_work\ces_hours_log_additive_24580_200701_201612.err
 
  
 ERROR: Additive seasonal adjustment will not be performed when
        preadjustment factors are derived from a REGARIMA model 
        for transformed data.
  
        Check the values for the power or function arguments of the 
        transform spec and mode of the x11 spec.
  Program error(s) halt execution for D:\Programming\Dynamic Paper-dlrhcs_replication\outputs\empirical\unemployment\raw_sa_pilot\x13_work\ces_hours_log_additive_24580_200701_201612.spc

 Check error file D:\Programming\Dynamic Paper-dlrhcs_replication\outputs\empirical\unemployment\raw_sa_pilot\x13_work\ces_hours_log_additive_24580_200701_201612.err

"
ces_hours,24660,"Greensboro-High Point, NC",additive_level,ces_hours_additive_level_24660_200701_201612,ok,0,1,120,2007-01-01,2016-12-01,none,add,0,,,"
"
ces_hours,24660,"Greensboro-High Point, NC",log_additive,ces_hours_log_additive_24660_200701_201612,ok,0,1,120,2007-01-01,2016-12-01,log,add,0,,,"
"
ces_hours,24780,"Greenville, NC",additive_level,ces_hours_additive_level_24780_200701_201612,ok,0,1,120,2007-01-01,2016-12-01,none,add,0,,,"
"
ces_hours,24780,"Greenville, NC",log_additive,ces_hours_log_additive_24780_200701_201612,ok,0,1,120,2007-01-01,2016-12-01,log,add,0,,,"
"
ces_hours,24860,"Greenville-Anderson-Greer, SC",additive_level,ces_hours_additive_level_24860_200701_201612,ok,0,1,120,2007-01-01,2016-12-01,none,add,0,,,"
"
ces_hours,24860,"Greenville-Anderson-Greer, SC",log_additive,ces_hours_log_additive_24860_200701_201612,ok,0,1,120,2007-01-01,2016-12-01,log,add,0,,,"
"
ces_hours,25020,,,,segment_too_short,,,45,,,,,,,,
ces_hours,25060,"Gulfport-Biloxi, MS",additive_level,ces_hours_additive_level_25060_200701_201612,ok,0,1,120,2007-01-01,2016-12-01,none,add,0,,,"
"
ces_hours,25060,"Gulfport-Biloxi, MS",log_additive,ces_hours_log_additive_25060_200701_201612,ok,0,1,120,2007-01-01,2016-12-01,log,add,0,,,"
"
ces_hours,25180,"Hagerstown-Martinsburg, MD-WV",additive_level,ces_hours_additive_level_25180_200701_201612,ok,0,1,120,2007-01-01,2016-12-01,none,add,0,,,"
"
ces_hours,25180,"Hagerstown-Martinsburg, MD-WV",log_additive,ces_hours_log_additive_25180_200701_201612,ok,0,1,120,2007-01-01,2016-12-01,log,add,0,,,"
"
ces_hours,25220,,,,segment_too_short,,,72,,,,,,,,
ces_hours,25220,,,,segment_too_short,,,6,,,,,,,,
ces_hours,25260,"Hanford-Corcoran, CA",additive_level,ces_hours_additive_level_25260_200701_201612,ok,0,1,120,2007-01-01,2016-12-01,none,add,0,,,"
"
ces_hours,25260,"Hanford-Corcoran, CA",log_additive,ces_hours_log_additive_25260_200701_201612,failed:0,0,0,120,2007-01-01,2016-12-01,log,add,1,"  Storing any program error messages into D:\Programming\Dynamic Paper-dlrhcs_replication\outputs\empirical\unemployment\raw_sa_pilot\x13_work\ces_hours_log_additive_25260_200701_201612.err
 ERROR: Additive seasonal adjustment will not be performed when
  Program error(s) halt execution for D:\Programming\Dynamic Paper-dlrhcs_replication\outputs\empirical\unemployment\raw_sa_pilot\x13_work\ces_hours_log_additive_25260_200701_201612.spc
 Check error file D:\Programming\Dynamic Paper-dlrhcs_replication\outputs\empirical\unemployment\raw_sa_pilot\x13_work\ces_hours_log_additive_25260_200701_201612.err",,"
 X-13ARIMA-SEATS Seasonal Adjustment Program
 Version Number 1.1 Build 62
 Execution began  Jul 29, 2026  08.55.24 

  Reading input spec file from D:\Programming\Dynamic Paper-dlrhcs_replication\outputs\empirical\unemployment\raw_sa_pilot\x13_work\ces_hours_log_additive_25260_200701_201612.spc
  Storing any program output into D:\Programming\Dynamic Paper-dlrhcs_replication\outputs\empirical\unemployment\raw_sa_pilot\x13_work\ces_hours_log_additive_25260_200701_201612.out
  Storing any program error messages into D:\Programming\Dynamic Paper-dlrhcs_replication\outputs\empirical\unemployment\raw_sa_pilot\x13_work\ces_hours_log_additive_25260_200701_201612.err
 
  
 ERROR: Additive seasonal adjustment will not be performed when
        preadjustment factors are derived from a REGARIMA model 
        for transformed data.
  
        Check the values for the power or function arguments of the 
        transform spec and mode of the x11 spec.
  Program error(s) halt execution for D:\Programming\Dynamic Paper-dlrhcs_replication\outputs\empirical\unemployment\raw_sa_pilot\x13_work\ces_hours_log_additive_25260_200701_201612.spc

 Check error file D:\Programming\Dynamic Paper-dlrhcs_replication\outputs\empirical\unemployment\raw_sa_pilot\x13_work\ces_hours_log_additive_25260_200701_201612.err

"
ces_hours,25260,,,,segment_too_short,,,6,,,,,,,,
ces_hours,25420,"Harrisburg-Carlisle, PA",additive_level,ces_hours_additive_level_25420_200701_201612,ok,0,1,120,2007-01-01,2016-12-01,none,add,0,,,"
"
ces_hours,25420,"Harrisburg-Carlisle, PA",log_additive,ces_hours_log_additive_25420_200701_201612,ok,0,1,120,2007-01-01,2016-12-01,log,add,0,,,"
"
ces_hours,25500,"Harrisonburg, VA",additive_level,ces_hours_additive_level_25500_200701_201612,ok,0,1,120,2007-01-01,2016-12-01,none,add,0,,,"
"
ces_hours,25500,"Harrisonburg, VA",log_additive,ces_hours_log_additive_25500_200701_201612,ok,0,1,120,2007-01-01,2016-12-01,log,add,0,,,"
"
ces_hours,25540,"Hartford-West Hartford-East Hartford, CT",additive_level,ces_hours_additive_level_25540_200701_201612,ok,0,1,120,2007-01-01,2016-12-01,none,add,0,,,"
"
ces_hours,25540,"Hartford-West Hartford-East Hartford, CT",log_additive,ces_hours_log_additive_25540_200701_201612,ok,0,1,120,2007-01-01,2016-12-01,log,add,0,,,"
"
ces_hours,25540,,,,segment_too_short,,,6,,,,,,,,
ces_hours,25620,"Hattiesburg, MS",additive_level,ces_hours_additive_level_25620_200701_201612,ok,0,1,120,2007-01-01,2016-12-01,none,add,0,,,"
"
ces_hours,25620,"Hattiesburg, MS",log_additive,ces_hours_log_additive_25620_200701_201612,ok,0,1,120,2007-01-01,2016-12-01,log,add,0,,,"
"
ces_hours,25740,,,,segment_too_short,,,72,,,,,,,,
ces_hours,25860,"Hickory-Lenoir-Morganton, NC",additive_level,ces_hours_additive_level_25860_200701_201612,ok,0,1,120,2007-01-01,2016-12-01,none,add,0,,,"
"
ces_hours,25860,"Hickory-Lenoir-Morganton, NC",log_additive,ces_hours_log_additive_25860_200701_201612,ok,0,1,120,2007-01-01,2016-12-01,log,add,0,,,"
"
ces_hours,25940,,,,segment_too_short,,,72,,,,,,,,
ces_hours,25980,"Hinesville, GA",additive_level,ces_hours_additive_level_25980_200701_201612,ok,0,1,120,2007-01-01,2016-12-01,none,add,0,,,"
"
ces_hours,25980,"Hinesville, GA",log_additive,ces_hours_log_additive_25980_200701_201612,ok,0,1,120,2007-01-01,2016-12-01,log,add,0,,,"
"
ces_hours,25980,,,,segment_too_short,,,6,,,,,,,,
ces_hours,26140,,,,segment_too_short,,,72,,,,,,,,
ces_hours,26140,,,,segment_too_short,,,6,,,,,,,,
ces_hours,26300,"Hot Springs, AR",additive_level,ces_hours_additive_level_26300_200701_201612,ok,0,1,120,2007-01-01,2016-12-01,none,add,0,,,"
"
ces_hours,26300,"Hot Springs, AR",log_additive,ces_hours_log_additive_26300_200701_201612,ok,0,1,120,2007-01-01,2016-12-01,log,add,0,,,"
"
ces_hours,26300,,,,segment_too_short,,,6,,,,,,,,
ces_hours,26380,"Houma-Bayou Cane-Thibodaux, LA",additive_level,ces_hours_additive_level_26380_200701_201612,ok,0,1,120,2007-01-01,2016-12-01,none,add,0,,,"
"
ces_hours,26380,"Houma-Bayou Cane-Thibodaux, LA",log_additive,ces_hours_log_additive_26380_200701_201612,ok,0,1,120,2007-01-01,2016-12-01,log,add,0,,,"
"
ces_hours,26380,,,,segment_too_short,,,6,,,,,,,,
ces_hours,26420,"Houston-Pasadena-The Woodlands, TX",additive_level,ces_hours_additive_level_26420_200701_201612,ok,0,1,120,2007-01-01,2016-12-01,none,add,0,,,"
"
ces_hours,26420,"Houston-Pasadena-The Woodlands, TX",log_additive,ces_hours_log_additive_26420_200701_201612,failed:0,0,0,120,2007-01-01,2016-12-01,log,add,1,"  Storing any program error messages into D:\Programming\Dynamic Paper-dlrhcs_replication\outputs\empirical\unemployment\raw_sa_pilot\x13_work\ces_hours_log_additive_26420_200701_201612.err
 ERROR: Additive seasonal adjustment will not be performed when
  Program error(s) halt execution for D:\Programming\Dynamic Paper-dlrhcs_replication\outputs\empirical\unemployment\raw_sa_pilot\x13_work\ces_hours_log_additive_26420_200701_201612.spc
 Check error file D:\Programming\Dynamic Paper-dlrhcs_replication\outputs\empirical\unemployment\raw_sa_pilot\x13_work\ces_hours_log_additive_26420_200701_201612.err",,"
 X-13ARIMA-SEATS Seasonal Adjustment Program
 Version Number 1.1 Build 62
 Execution began  Jul 29, 2026  08.55.24 

  Reading input spec file from D:\Programming\Dynamic Paper-dlrhcs_replication\outputs\empirical\unemployment\raw_sa_pilot\x13_work\ces_hours_log_additive_26420_200701_201612.spc
  Storing any program output into D:\Programming\Dynamic Paper-dlrhcs_replication\outputs\empirical\unemployment\raw_sa_pilot\x13_work\ces_hours_log_additive_26420_200701_201612.out
  Storing any program error messages into D:\Programming\Dynamic Paper-dlrhcs_replication\outputs\empirical\unemployment\raw_sa_pilot\x13_work\ces_hours_log_additive_26420_200701_201612.err
 
  
 ERROR: Additive seasonal adjustment will not be performed when
        preadjustment factors are derived from a REGARIMA model 
        for transformed data.
  
        Check the values for the power or function arguments of the 
        transform spec and mode of the x11 spec.
  Program error(s) halt execution for D:\Programming\Dynamic Paper-dlrhcs_replication\outputs\empirical\unemployment\raw_sa_pilot\x13_work\ces_hours_log_additive_26420_200701_201612.spc

 Check error file D:\Programming\Dynamic Paper-dlrhcs_replication\outputs\empirical\unemployment\raw_sa_pilot\x13_work\ces_hours_log_additive_26420_200701_201612.err

"
ces_hours,26580,"Huntington-Ashland, WV-KY-OH",additive_level,ces_hours_additive_level_26580_200701_201612,ok,0,1,120,2007-01-01,2016-12-01,none,add,0,,,"
"
ces_hours,26580,"Huntington-Ashland, WV-KY-OH",log_additive,ces_hours_log_additive_26580_200701_201612,failed:0,0,0,120,2007-01-01,2016-12-01,log,add,1,"  Storing any program error messages into D:\Programming\Dynamic Paper-dlrhcs_replication\outputs\empirical\unemployment\raw_sa_pilot\x13_work\ces_hours_log_additive_26580_200701_201612.err
 ERROR: Additive seasonal adjustment will not be performed when
  Program error(s) halt execution for D:\Programming\Dynamic Paper-dlrhcs_replication\outputs\empirical\unemployment\raw_sa_pilot\x13_work\ces_hours_log_additive_26580_200701_201612.spc
 Check error file D:\Programming\Dynamic Paper-dlrhcs_replication\outputs\empirical\unemployment\raw_sa_pilot\x13_work\ces_hours_log_additive_26580_200701_201612.err",,"
 X-13ARIMA-SEATS Seasonal Adjustment Program
 Version Number 1.1 Build 62
 Execution began  Jul 29, 2026  08.55.24 

  Reading input spec file from D:\Programming\Dynamic Paper-dlrhcs_replication\outputs\empirical\unemployment\raw_sa_pilot\x13_work\ces_hours_log_additive_26580_200701_201612.spc
  Storing any program output into D:\Programming\Dynamic Paper-dlrhcs_replication\outputs\empirical\unemployment\raw_sa_pilot\x13_work\ces_hours_log_additive_26580_200701_201612.out
  Storing any program error messages into D:\Programming\Dynamic Paper-dlrhcs_replication\outputs\empirical\unemployment\raw_sa_pilot\x13_work\ces_hours_log_additive_26580_200701_201612.err
 
  
 ERROR: Additive seasonal adjustment will not be performed when
        preadjustment factors are derived from a REGARIMA model 
        for transformed data.
  
        Check the values for the power or function arguments of the 
        transform spec and mode of the x11 spec.
  Program error(s) halt execution for D:\Programming\Dynamic Paper-dlrhcs_replication\outputs\empirical\unemployment\raw_sa_pilot\x13_work\ces_hours_log_additive_26580_200701_201612.spc

 Check error file D:\Programming\Dynamic Paper-dlrhcs_replication\outputs\empirical\unemployment\raw_sa_pilot\x13_work\ces_hours_log_additive_26580_200701_201612.err

"
ces_hours,26620,"Huntsville, AL",additive_level,ces_hours_additive_level_26620_200701_201612,ok,0,1,120,2007-01-01,2016-12-01,none,add,0,,,"
"
ces_hours,26620,"Huntsville, AL",log_additive,ces_hours_log_additive_26620_200701_201612,ok,0,1,120,2007-01-01,2016-12-01,log,add,0,,,"
"
ces_hours,26620,,,,segment_too_short,,,6,,,,,,,,
ces_hours,26820,"Idaho Falls, ID",additive_level,ces_hours_additive_level_26820_200701_201612,ok,0,1,120,2007-01-01,2016-12-01,none,add,0,,,"
"
ces_hours,26820,"Idaho Falls, ID",log_additive,ces_hours_log_additive_26820_200701_201612,failed:0,0,0,120,2007-01-01,2016-12-01,log,add,1,"  Storing any program error messages into D:\Programming\Dynamic Paper-dlrhcs_replication\outputs\empirical\unemployment\raw_sa_pilot\x13_work\ces_hours_log_additive_26820_200701_201612.err
 ERROR: Additive seasonal adjustment will not be performed when
  Program error(s) halt execution for D:\Programming\Dynamic Paper-dlrhcs_replication\outputs\empirical\unemployment\raw_sa_pilot\x13_work\ces_hours_log_additive_26820_200701_201612.spc
 Check error file D:\Programming\Dynamic Paper-dlrhcs_replication\outputs\empirical\unemployment\raw_sa_pilot\x13_work\ces_hours_log_additive_26820_200701_201612.err",,"
 X-13ARIMA-SEATS Seasonal Adjustment Program
 Version Number 1.1 Build 62
 Execution began  Jul 29, 2026  08.55.24 

  Reading input spec file from D:\Programming\Dynamic Paper-dlrhcs_replication\outputs\empirical\unemployment\raw_sa_pilot\x13_work\ces_hours_log_additive_26820_200701_201612.spc
  Storing any program output into D:\Programming\Dynamic Paper-dlrhcs_replication\outputs\empirical\unemployment\raw_sa_pilot\x13_work\ces_hours_log_additive_26820_200701_201612.out
  Storing any program error messages into D:\Programming\Dynamic Paper-dlrhcs_replication\outputs\empirical\unemployment\raw_sa_pilot\x13_work\ces_hours_log_additive_26820_200701_201612.err
 
  
 ERROR: Additive seasonal adjustment will not be performed when
        preadjustment factors are derived from a REGARIMA model 
        for transformed data.
  
        Check the values for the power or function arguments of the 
        transform spec and mode of the x11 spec.
  Program error(s) halt execution for D:\Programming\Dynamic Paper-dlrhcs_replication\outputs\empirical\unemployment\raw_sa_pilot\x13_work\ces_hours_log_additive_26820_200701_201612.spc

 Check error file D:\Programming\Dynamic Paper-dlrhcs_replication\outputs\empirical\unemployment\raw_sa_pilot\x13_work\ces_hours_log_additive_26820_200701_201612.err

"
ces_hours,26820,,,,segment_too_short,,,6,,,,,,,,
ces_hours,26900,"Indianapolis-Carmel-Greenwood, IN",additive_level,ces_hours_additive_level_26900_200701_201612,ok,0,1,120,2007-01-01,2016-12-01,none,add,0,,,"
"
ces_hours,26900,"Indianapolis-Carmel-Greenwood, IN",log_additive,ces_hours_log_additive_26900_200701_201612,ok,0,1,120,2007-01-01,2016-12-01,log,add,0,,,"
"
ces_hours,26900,,,,segment_too_short,,,6,,,,,,,,
ces_hours,26980,"Iowa City, IA",additive_level,ces_hours_additive_level_26980_200701_201612,ok,0,1,120,2007-01-01,2016-12-01,none,add,0,,,"
"
ces_hours,26980,"Iowa City, IA",log_additive,ces_hours_log_additive_26980_200701_201612,ok,0,1,120,2007-01-01,2016-12-01,log,add,0,,,"
"
ces_hours,26980,,,,segment_too_short,,,6,,,,,,,,
ces_hours,27060,"Ithaca, NY",additive_level,ces_hours_additive_level_27060_200701_201612,ok,0,1,120,2007-01-01,2016-12-01,none,add,0,,,"
"
ces_hours,27060,"Ithaca, NY",log_additive,ces_hours_log_additive_27060_200701_201612,failed:0,0,0,120,2007-01-01,2016-12-01,log,add,1,"  Storing any program error messages into D:\Programming\Dynamic Paper-dlrhcs_replication\outputs\empirical\unemployment\raw_sa_pilot\x13_work\ces_hours_log_additive_27060_200701_201612.err
 ERROR: Additive seasonal adjustment will not be performed when
  Program error(s) halt execution for D:\Programming\Dynamic Paper-dlrhcs_replication\outputs\empirical\unemployment\raw_sa_pilot\x13_work\ces_hours_log_additive_27060_200701_201612.spc
 Check error file D:\Programming\Dynamic Paper-dlrhcs_replication\outputs\empirical\unemployment\raw_sa_pilot\x13_work\ces_hours_log_additive_27060_200701_201612.err",,"
 X-13ARIMA-SEATS Seasonal Adjustment Program
 Version Number 1.1 Build 62
 Execution began  Jul 29, 2026  08.55.25 

  Reading input spec file from D:\Programming\Dynamic Paper-dlrhcs_replication\outputs\empirical\unemployment\raw_sa_pilot\x13_work\ces_hours_log_additive_27060_200701_201612.spc
  Storing any program output into D:\Programming\Dynamic Paper-dlrhcs_replication\outputs\empirical\unemployment\raw_sa_pilot\x13_work\ces_hours_log_additive_27060_200701_201612.out
  Storing any program error messages into D:\Programming\Dynamic Paper-dlrhcs_replication\outputs\empirical\unemployment\raw_sa_pilot\x13_work\ces_hours_log_additive_27060_200701_201612.err
 
  
 ERROR: Additive seasonal adjustment will not be performed when
        preadjustment factors are derived from a REGARIMA model 
        for transformed data.
  
        Check the values for the power or function arguments of the 
        transform spec and mode of the x11 spec.
  Program error(s) halt execution for D:\Programming\Dynamic Paper-dlrhcs_replication\outputs\empirical\unemployment\raw_sa_pilot\x13_work\ces_hours_log_additive_27060_200701_201612.spc

 Check error file D:\Programming\Dynamic Paper-dlrhcs_replication\outputs\empirical\unemployment\raw_sa_pilot\x13_work\ces_hours_log_additive_27060_200701_201612.err

"
ces_hours,27100,"Jackson, MI",additive_level,ces_hours_additive_level_27100_200701_201612,ok,0,1,120,2007-01-01,2016-12-01,none,add,0,,,"
"
ces_hours,27100,"Jackson, MI",log_additive,ces_hours_log_additive_27100_200701_201612,failed:0,0,0,120,2007-01-01,2016-12-01,log,add,1,"  Storing any program error messages into D:\Programming\Dynamic Paper-dlrhcs_replication\outputs\empirical\unemployment\raw_sa_pilot\x13_work\ces_hours_log_additive_27100_200701_201612.err
 WARNING: Visually significant seasonal and trading day peaks have 
 ERROR: Additive seasonal adjustment will not be performed when
  Program error(s) halt execution for D:\Programming\Dynamic Paper-dlrhcs_replication\outputs\empirical\unemployment\raw_sa_pilot\x13_work\ces_hours_log_additive_27100_200701_201612.spc
 Check error file D:\Programming\Dynamic Paper-dlrhcs_replication\outputs\empirical\unemployment\raw_sa_pilot\x13_work\ces_hours_log_additive_27100_200701_201612.err",,"
 X-13ARIMA-SEATS Seasonal Adjustment Program
 Version Number 1.1 Build 62
 Execution began  Jul 29, 2026  08.55.25 

  Reading input spec file from D:\Programming\Dynamic Paper-dlrhcs_replication\outputs\empirical\unemployment\raw_sa_pilot\x13_work\ces_hours_log_additive_27100_200701_201612.spc
  Storing any program output into D:\Programming\Dynamic Paper-dlrhcs_replication\outputs\empirical\unemployment\raw_sa_pilot\x13_work\ces_hours_log_additive_27100_200701_201612.out
  Storing any program error messages into D:\Programming\Dynamic Paper-dlrhcs_replication\outputs\empirical\unemployment\raw_sa_pilot\x13_work\ces_hours_log_additive_27100_200701_201612.err
 
  
 WARNING: Visually significant seasonal and trading day peaks have 
          been found in the estimated spectrum of the regARIMA residuals.
  
 ERROR: Additive seasonal adjustment will not be performed when
        preadjustment factors are derived from a REGARIMA model 
        for transformed data.
  
        Check the values for the power or function arguments of the 
        transform spec and mode of the x11 spec.
  Program error(s) halt execution for D:\Programming\Dynamic Paper-dlrhcs_replication\outputs\empirical\unemployment\raw_sa_pilot\x13_work\ces_hours_log_additive_27100_200701_201612.spc

 Check error file D:\Programming\Dynamic Paper-dlrhcs_replication\outputs\empirical\unemployment\raw_sa_pilot\x13_work\ces_hours_log_additive_27100_200701_201612.err

"
ces_hours,27140,"Jackson, MS",additive_level,ces_hours_additive_level_27140_200701_201612,ok,0,1,120,2007-01-01,2016-12-01,none,add,0,,,"
"
ces_hours,27140,"Jackson, MS",log_additive,ces_hours_log_additive_27140_200701_201612,failed:0,0,0,120,2007-01-01,2016-12-01,log,add,1,"  Storing any program error messages into D:\Programming\Dynamic Paper-dlrhcs_replication\outputs\empirical\unemployment\raw_sa_pilot\x13_work\ces_hours_log_additive_27140_200701_201612.err
 ERROR: Additive seasonal adjustment will not be performed when
  Program error(s) halt execution for D:\Programming\Dynamic Paper-dlrhcs_replication\outputs\empirical\unemployment\raw_sa_pilot\x13_work\ces_hours_log_additive_27140_200701_201612.spc
 Check error file D:\Programming\Dynamic Paper-dlrhcs_replication\outputs\empirical\unemployment\raw_sa_pilot\x13_work\ces_hours_log_additive_27140_200701_201612.err",,"
 X-13ARIMA-SEATS Seasonal Adjustment Program
 Version Number 1.1 Build 62
 Execution began  Jul 29, 2026  08.55.26 

  Reading input spec file from D:\Programming\Dynamic Paper-dlrhcs_replication\outputs\empirical\unemployment\raw_sa_pilot\x13_work\ces_hours_log_additive_27140_200701_201612.spc
  Storing any program output into D:\Programming\Dynamic Paper-dlrhcs_replication\outputs\empirical\unemployment\raw_sa_pilot\x13_work\ces_hours_log_additive_27140_200701_201612.out
  Storing any program error messages into D:\Programming\Dynamic Paper-dlrhcs_replication\outputs\empirical\unemployment\raw_sa_pilot\x13_work\ces_hours_log_additive_27140_200701_201612.err
 
  
 ERROR: Additive seasonal adjustment will not be performed when
        preadjustment factors are derived from a REGARIMA model 
        for transformed data.
  
        Check the values for the power or function arguments of the 
        transform spec and mode of the x11 spec.
  Program error(s) halt execution for D:\Programming\Dynamic Paper-dlrhcs_replication\outputs\empirical\unemployment\raw_sa_pilot\x13_work\ces_hours_log_additive_27140_200701_201612.spc

 Check error file D:\Programming\Dynamic Paper-dlrhcs_replication\outputs\empirical\unemployment\raw_sa_pilot\x13_work\ces_hours_log_additive_27140_200701_201612.err

"
ces_hours,27180,"Jackson, TN",additive_level,ces_hours_additive_level_27180_200701_201612,ok,0,1,120,2007-01-01,2016-12-01,none,add,0,,,"
"
ces_hours,27180,"Jackson, TN",log_additive,ces_hours_log_additive_27180_200701_201612,ok,0,1,120,2007-01-01,2016-12-01,log,add,0,,,"
"
ces_hours,27260,"Jacksonville, FL",additive_level,ces_hours_additive_level_27260_200701_201612,ok,0,1,120,2007-01-01,2016-12-01,none,add,0,,,"
"
ces_hours,27260,"Jacksonville, FL",log_additive,ces_hours_log_additive_27260_200701_201612,ok,0,1,120,2007-01-01,2016-12-01,log,add,0,,,"
"
ces_hours,27260,,,,segment_too_short,,,6,,,,,,,,
ces_hours,27340,"Jacksonville, NC",additive_level,ces_hours_additive_level_27340_200701_201612,ok,0,1,120,2007-01-01,2016-12-01,none,add,0,,,"
"
ces_hours,27340,"Jacksonville, NC",log_additive,ces_hours_log_additive_27340_200701_201612,ok,0,1,120,2007-01-01,2016-12-01,log,add,0,,,"
"
ces_hours,27500,"Janesville-Beloit, WI",additive_level,ces_hours_additive_level_27500_200701_201612,ok,0,1,120,2007-01-01,2016-12-01,none,add,0,,,"
"
ces_hours,27500,"Janesville-Beloit, WI",log_additive,ces_hours_log_additive_27500_200701_201612,ok,0,1,120,2007-01-01,2016-12-01,log,add,0,,,"
"
ces_hours,27620,"Jefferson City, MO",additive_level,ces_hours_additive_level_27620_200701_201612,ok,0,1,120,2007-01-01,2016-12-01,none,add,0,,,"
"
ces_hours,27620,"Jefferson City, MO",log_additive,ces_hours_log_additive_27620_200701_201612,ok,0,1,120,2007-01-01,2016-12-01,log,add,0,,,"
"
ces_hours,27740,"Johnson City, TN",additive_level,ces_hours_additive_level_27740_200701_201612,ok,0,1,120,2007-01-01,2016-12-01,none,add,0,,,"
"
ces_hours,27740,"Johnson City, TN",log_additive,ces_hours_log_additive_27740_200701_201612,ok,0,1,120,2007-01-01,2016-12-01,log,add,0,,,"
"
ces_hours,27780,"Johnstown, PA",additive_level,ces_hours_additive_level_27780_200701_201612,ok,0,1,120,2007-01-01,2016-12-01,none,add,0,,,"
"
ces_hours,27780,"Johnstown, PA",log_additive,ces_hours_log_additive_27780_200701_201612,ok,0,1,120,2007-01-01,2016-12-01,log,add,0,,,"
"
ces_hours,27860,"Jonesboro, AR",additive_level,ces_hours_additive_level_27860_200701_201612,ok,0,1,120,2007-01-01,2016-12-01,none,add,0,,,"
"
ces_hours,27860,"Jonesboro, AR",log_additive,ces_hours_log_additive_27860_200701_201612,ok,0,1,120,2007-01-01,2016-12-01,log,add,0,,,"
"
ces_hours,27860,,,,segment_too_short,,,6,,,,,,,,
ces_hours,27900,"Joplin, MO-KS",additive_level,ces_hours_additive_level_27900_200701_201612,ok,0,1,120,2007-01-01,2016-12-01,none,add,0,,,"
"
ces_hours,27900,"Joplin, MO-KS",log_additive,ces_hours_log_additive_27900_200701_201612,ok,0,1,120,2007-01-01,2016-12-01,log,add,0,,,"
"
ces_hours,27980,,,,segment_too_short,,,72,,,,,,,,
ces_hours,27980,,,,segment_too_short,,,6,,,,,,,,
ces_hours,28020,"Kalamazoo-Portage, MI",additive_level,ces_hours_additive_level_28020_200701_201612,ok,0,1,120,2007-01-01,2016-12-01,none,add,0,,,"
"
ces_hours,28020,"Kalamazoo-Portage, MI",log_additive,ces_hours_log_additive_28020_200701_201612,failed:0,0,0,120,2007-01-01,2016-12-01,log,add,1,"  Storing any program error messages into D:\Programming\Dynamic Paper-dlrhcs_replication\outputs\empirical\unemployment\raw_sa_pilot\x13_work\ces_hours_log_additive_28020_200701_201612.err
 WARNING: At least one visually significant seasonal peak has been found
 ERROR: Additive seasonal adjustment will not be performed when
  Program error(s) halt execution for D:\Programming\Dynamic Paper-dlrhcs_replication\outputs\empirical\unemployment\raw_sa_pilot\x13_work\ces_hours_log_additive_28020_200701_201612.spc
 Check error file D:\Programming\Dynamic Paper-dlrhcs_replication\outputs\empirical\unemployment\raw_sa_pilot\x13_work\ces_hours_log_additive_28020_200701_201612.err",,"
 X-13ARIMA-SEATS Seasonal Adjustment Program
 Version Number 1.1 Build 62
 Execution began  Jul 29, 2026  08.55.26 

  Reading input spec file from D:\Programming\Dynamic Paper-dlrhcs_replication\outputs\empirical\unemployment\raw_sa_pilot\x13_work\ces_hours_log_additive_28020_200701_201612.spc
  Storing any program output into D:\Programming\Dynamic Paper-dlrhcs_replication\outputs\empirical\unemployment\raw_sa_pilot\x13_work\ces_hours_log_additive_28020_200701_201612.out
  Storing any program error messages into D:\Programming\Dynamic Paper-dlrhcs_replication\outputs\empirical\unemployment\raw_sa_pilot\x13_work\ces_hours_log_additive_28020_200701_201612.err
 
  
 WARNING: At least one visually significant seasonal peak has been found
          in the estimated spectrum of the regARIMA residuals.
  
 ERROR: Additive seasonal adjustment will not be performed when
        preadjustment factors are derived from a REGARIMA model 
        for transformed data.
  
        Check the values for the power or function arguments of the 
        transform spec and mode of the x11 spec.
  Program error(s) halt execution for D:\Programming\Dynamic Paper-dlrhcs_replication\outputs\empirical\unemployment\raw_sa_pilot\x13_work\ces_hours_log_additive_28020_200701_201612.spc

 Check error file D:\Programming\Dynamic Paper-dlrhcs_replication\outputs\empirical\unemployment\raw_sa_pilot\x13_work\ces_hours_log_additive_28020_200701_201612.err

"
ces_hours,28100,"Kankakee, IL",additive_level,ces_hours_additive_level_28100_200701_201612,ok,0,1,120,2007-01-01,2016-12-01,none,add,0,,,"
"
ces_hours,28100,"Kankakee, IL",log_additive,ces_hours_log_additive_28100_200701_201612,ok,0,1,120,2007-01-01,2016-12-01,log,add,0,,,"
"
ces_hours,28100,,,,segment_too_short,,,6,,,,,,,,
ces_hours,28140,,,,segment_too_short,,,72,,,,,,,,
ces_hours,28420,"Kennewick-Richland, WA",additive_level,ces_hours_additive_level_28420_200701_201612,ok,0,1,120,2007-01-01,2016-12-01,none,add,0,,,"
"
ces_hours,28420,"Kennewick-Richland, WA",log_additive,ces_hours_log_additive_28420_200701_201612,failed:0,0,0,120,2007-01-01,2016-12-01,log,add,1,"  Storing any program error messages into D:\Programming\Dynamic Paper-dlrhcs_replication\outputs\empirical\unemployment\raw_sa_pilot\x13_work\ces_hours_log_additive_28420_200701_201612.err
 ERROR: Additive seasonal adjustment will not be performed when
  Program error(s) halt execution for D:\Programming\Dynamic Paper-dlrhcs_replication\outputs\empirical\unemployment\raw_sa_pilot\x13_work\ces_hours_log_additive_28420_200701_201612.spc
 Check error file D:\Programming\Dynamic Paper-dlrhcs_replication\outputs\empirical\unemployment\raw_sa_pilot\x13_work\ces_hours_log_additive_28420_200701_201612.err",,"
 X-13ARIMA-SEATS Seasonal Adjustment Program
 Version Number 1.1 Build 62
 Execution began  Jul 29, 2026  08.55.27 

  Reading input spec file from D:\Programming\Dynamic Paper-dlrhcs_replication\outputs\empirical\unemployment\raw_sa_pilot\x13_work\ces_hours_log_additive_28420_200701_201612.spc
  Storing any program output into D:\Programming\Dynamic Paper-dlrhcs_replication\outputs\empirical\unemployment\raw_sa_pilot\x13_work\ces_hours_log_additive_28420_200701_201612.out
  Storing any program error messages into D:\Programming\Dynamic Paper-dlrhcs_replication\outputs\empirical\unemployment\raw_sa_pilot\x13_work\ces_hours_log_additive_28420_200701_201612.err
 
  
 ERROR: Additive seasonal adjustment will not be performed when
        preadjustment factors are derived from a REGARIMA model 
        for transformed data.
  
        Check the values for the power or function arguments of the 
        transform spec and mode of the x11 spec.
  Program error(s) halt execution for D:\Programming\Dynamic Paper-dlrhcs_replication\outputs\empirical\unemployment\raw_sa_pilot\x13_work\ces_hours_log_additive_28420_200701_201612.spc

 Check error file D:\Programming\Dynamic Paper-dlrhcs_replication\outputs\empirical\unemployment\raw_sa_pilot\x13_work\ces_hours_log_additive_28420_200701_201612.err

"
ces_hours,28450,,,,segment_too_short,,,72,,,,,,,,
ces_hours,28660,"Killeen-Temple, TX",additive_level,ces_hours_additive_level_28660_200701_201612,ok,0,1,120,2007-01-01,2016-12-01,none,add,0,,,"
"
ces_hours,28660,"Killeen-Temple, TX",log_additive,ces_hours_log_additive_28660_200701_201612,failed:0,0,0,120,2007-01-01,2016-12-01,log,add,1,"  Storing any program error messages into D:\Programming\Dynamic Paper-dlrhcs_replication\outputs\empirical\unemployment\raw_sa_pilot\x13_work\ces_hours_log_additive_28660_200701_201612.err
 ERROR: Additive seasonal adjustment will not be performed when
  Program error(s) halt execution for D:\Programming\Dynamic Paper-dlrhcs_replication\outputs\empirical\unemployment\raw_sa_pilot\x13_work\ces_hours_log_additive_28660_200701_201612.spc
 Check error file D:\Programming\Dynamic Paper-dlrhcs_replication\outputs\empirical\unemployment\raw_sa_pilot\x13_work\ces_hours_log_additive_28660_200701_201612.err",,"
 X-13ARIMA-SEATS Seasonal Adjustment Program
 Version Number 1.1 Build 62
 Execution began  Jul 29, 2026  08.55.27 

  Reading input spec file from D:\Programming\Dynamic Paper-dlrhcs_replication\outputs\empirical\unemployment\raw_sa_pilot\x13_work\ces_hours_log_additive_28660_200701_201612.spc
  Storing any program output into D:\Programming\Dynamic Paper-dlrhcs_replication\outputs\empirical\unemployment\raw_sa_pilot\x13_work\ces_hours_log_additive_28660_200701_201612.out
  Storing any program error messages into D:\Programming\Dynamic Paper-dlrhcs_replication\outputs\empirical\unemployment\raw_sa_pilot\x13_work\ces_hours_log_additive_28660_200701_201612.err
 
  
 ERROR: Additive seasonal adjustment will not be performed when
        preadjustment factors are derived from a REGARIMA model 
        for transformed data.
  
        Check the values for the power or function arguments of the 
        transform spec and mode of the x11 spec.
  Program error(s) halt execution for D:\Programming\Dynamic Paper-dlrhcs_replication\outputs\empirical\unemployment\raw_sa_pilot\x13_work\ces_hours_log_additive_28660_200701_201612.spc

 Check error file D:\Programming\Dynamic Paper-dlrhcs_replication\outputs\empirical\unemployment\raw_sa_pilot\x13_work\ces_hours_log_additive_28660_200701_201612.err

"
ces_hours,28700,"Kingsport-Bristol, TN-VA",additive_level,ces_hours_additive_level_28700_200701_201612,ok,0,1,120,2007-01-01,2016-12-01,none,add,0,,,"
"
ces_hours,28700,"Kingsport-Bristol, TN-VA",log_additive,ces_hours_log_additive_28700_200701_201612,ok,0,1,120,2007-01-01,2016-12-01,log,add,0,,,"
"
ces_hours,28740,"Kingston, NY",additive_level,ces_hours_additive_level_28740_200701_201612,ok,0,1,120,2007-01-01,2016-12-01,none,add,0,,,"
"
ces_hours,28740,"Kingston, NY",log_additive,ces_hours_log_additive_28740_200701_201612,ok,0,1,120,2007-01-01,2016-12-01,log,add,0,,,"
"
ces_hours,28880,,,,segment_too_short,,,72,,,,,,,,
ces_hours,28940,"Knoxville, TN",additive_level,ces_hours_additive_level_28940_200701_201612,ok,0,1,120,2007-01-01,2016-12-01,none,add,0,,,"
"
ces_hours,28940,"Knoxville, TN",log_additive,ces_hours_log_additive_28940_200701_201612,ok,0,1,120,2007-01-01,2016-12-01,log,add,0,,,"
"
ces_hours,29020,"Kokomo, IN",additive_level,ces_hours_additive_level_29020_200701_201612,ok,0,1,120,2007-01-01,2016-12-01,none,add,0,,,"
"
ces_hours,29020,"Kokomo, IN",log_additive,ces_hours_log_additive_29020_200701_201612,failed:0,0,0,120,2007-01-01,2016-12-01,log,add,1,"  Storing any program error messages into D:\Programming\Dynamic Paper-dlrhcs_replication\outputs\empirical\unemployment\raw_sa_pilot\x13_work\ces_hours_log_additive_29020_200701_201612.err
 ERROR: Additive seasonal adjustment will not be performed when
  Program error(s) halt execution for D:\Programming\Dynamic Paper-dlrhcs_replication\outputs\empirical\unemployment\raw_sa_pilot\x13_work\ces_hours_log_additive_29020_200701_201612.spc
 Check error file D:\Programming\Dynamic Paper-dlrhcs_replication\outputs\empirical\unemployment\raw_sa_pilot\x13_work\ces_hours_log_additive_29020_200701_201612.err",,"
 X-13ARIMA-SEATS Seasonal Adjustment Program
 Version Number 1.1 Build 62
 Execution began  Jul 29, 2026  08.55.27 

  Reading input spec file from D:\Programming\Dynamic Paper-dlrhcs_replication\outputs\empirical\unemployment\raw_sa_pilot\x13_work\ces_hours_log_additive_29020_200701_201612.spc
  Storing any program output into D:\Programming\Dynamic Paper-dlrhcs_replication\outputs\empirical\unemployment\raw_sa_pilot\x13_work\ces_hours_log_additive_29020_200701_201612.out
  Storing any program error messages into D:\Programming\Dynamic Paper-dlrhcs_replication\outputs\empirical\unemployment\raw_sa_pilot\x13_work\ces_hours_log_additive_29020_200701_201612.err
 
  
 ERROR: Additive seasonal adjustment will not be performed when
        preadjustment factors are derived from a REGARIMA model 
        for transformed data.
  
        Check the values for the power or function arguments of the 
        transform spec and mode of the x11 spec.
  Program error(s) halt execution for D:\Programming\Dynamic Paper-dlrhcs_replication\outputs\empirical\unemployment\raw_sa_pilot\x13_work\ces_hours_log_additive_29020_200701_201612.spc

 Check error file D:\Programming\Dynamic Paper-dlrhcs_replication\outputs\empirical\unemployment\raw_sa_pilot\x13_work\ces_hours_log_additive_29020_200701_201612.err

"
ces_hours,29020,,,,segment_too_short,,,6,,,,,,,,
ces_hours,29100,"La Crosse-Onalaska, WI-MN",additive_level,ces_hours_additive_level_29100_200701_201612,ok,0,1,120,2007-01-01,2016-12-01,none,add,0,,,"
"
ces_hours,29100,"La Crosse-Onalaska, WI-MN",log_additive,ces_hours_log_additive_29100_200701_201612,ok,0,1,120,2007-01-01,2016-12-01,log,add,0,,,"
"
ces_hours,29180,"Lafayette, LA",additive_level,ces_hours_additive_level_29180_200701_201612,ok,0,1,120,2007-01-01,2016-12-01,none,add,0,,,"
"
ces_hours,29180,"Lafayette, LA",log_additive,ces_hours_log_additive_29180_200701_201612,ok,0,1,120,2007-01-01,2016-12-01,log,add,0,,,"
"
ces_hours,29180,,,,segment_too_short,,,6,,,,,,,,
ces_hours,29200,,,,segment_too_short,,,72,,,,,,,,
ces_hours,29200,,,,segment_too_short,,,6,,,,,,,,
ces_hours,29340,"Lake Charles, LA",additive_level,ces_hours_additive_level_29340_200701_201612,ok,0,1,120,2007-01-01,2016-12-01,none,add,0,,,"
"
ces_hours,29340,"Lake Charles, LA",log_additive,ces_hours_log_additive_29340_200701_201612,failed:0,0,0,120,2007-01-01,2016-12-01,log,add,1,"  Storing any program error messages into D:\Programming\Dynamic Paper-dlrhcs_replication\outputs\empirical\unemployment\raw_sa_pilot\x13_work\ces_hours_log_additive_29340_200701_201612.err
 WARNING: At least one visually significant seasonal peak has been found
 ERROR: Additive seasonal adjustment will not be performed when
  Program error(s) halt execution for D:\Programming\Dynamic Paper-dlrhcs_replication\outputs\empirical\unemployment\raw_sa_pilot\x13_work\ces_hours_log_additive_29340_200701_201612.spc
 Check error file D:\Programming\Dynamic Paper-dlrhcs_replication\outputs\empirical\unemployment\raw_sa_pilot\x13_work\ces_hours_log_additive_29340_200701_201612.err",,"
 X-13ARIMA-SEATS Seasonal Adjustment Program
 Version Number 1.1 Build 62
 Execution began  Jul 29, 2026  08.55.28 

  Reading input spec file from D:\Programming\Dynamic Paper-dlrhcs_replication\outputs\empirical\unemployment\raw_sa_pilot\x13_work\ces_hours_log_additive_29340_200701_201612.spc
  Storing any program output into D:\Programming\Dynamic Paper-dlrhcs_replication\outputs\empirical\unemployment\raw_sa_pilot\x13_work\ces_hours_log_additive_29340_200701_201612.out
  Storing any program error messages into D:\Programming\Dynamic Paper-dlrhcs_replication\outputs\empirical\unemployment\raw_sa_pilot\x13_work\ces_hours_log_additive_29340_200701_201612.err
 
  
 WARNING: At least one visually significant seasonal peak has been found
          in the estimated spectrum of the regARIMA residuals.
  
 ERROR: Additive seasonal adjustment will not be performed when
        preadjustment factors are derived from a REGARIMA model 
        for transformed data.
  
        Check the values for the power or function arguments of the 
        transform spec and mode of the x11 spec.
  Program error(s) halt execution for D:\Programming\Dynamic Paper-dlrhcs_replication\outputs\empirical\unemployment\raw_sa_pilot\x13_work\ces_hours_log_additive_29340_200701_201612.spc

 Check error file D:\Programming\Dynamic Paper-dlrhcs_replication\outputs\empirical\unemployment\raw_sa_pilot\x13_work\ces_hours_log_additive_29340_200701_201612.err

"
ces_hours,29340,,,,segment_too_short,,,6,,,,,,,,
ces_hours,29404,"Lake County, IL Metropolitan Division",additive_level,ces_hours_additive_level_29404_200701_201612,ok,0,1,120,2007-01-01,2016-12-01,none,add,0,,,"
"
ces_hours,29404,"Lake County, IL Metropolitan Division",log_additive,ces_hours_log_additive_29404_200701_201612,ok,0,1,120,2007-01-01,2016-12-01,log,add,0,,,"
"
ces_hours,29404,,,,segment_too_short,,,6,,,,,,,,
ces_hours,29414,"Lake County-Porter County-Jasper County, IN Metropolitan Division",additive_level,ces_hours_additive_level_29414_200701_201612,ok,0,1,120,2007-01-01,2016-12-01,none,add,0,,,"
"
ces_hours,29414,"Lake County-Porter County-Jasper County, IN Metropolitan Division",log_additive,ces_hours_log_additive_29414_200701_201612,ok,0,1,120,2007-01-01,2016-12-01,log,add,0,,,"
"
ces_hours,29414,,,,segment_too_short,,,6,,,,,,,,
ces_hours,29420,"Lake Havasu City-Kingman, AZ",additive_level,ces_hours_additive_level_29420_200701_201612,ok,0,1,120,2007-01-01,2016-12-01,none,add,0,,,"
"
ces_hours,29420,"Lake Havasu City-Kingman, AZ",log_additive,ces_hours_log_additive_29420_200701_201612,ok,0,1,120,2007-01-01,2016-12-01,log,add,0,,,"
"
ces_hours,29420,,,,segment_too_short,,,6,,,,,,,,
ces_hours,29460,"Lakeland-Winter Haven, FL",additive_level,ces_hours_additive_level_29460_200701_201612,ok,0,1,120,2007-01-01,2016-12-01,none,add,0,,,"
"
ces_hours,29460,"Lakeland-Winter Haven, FL",log_additive,ces_hours_log_additive_29460_200701_201612,ok,0,1,120,2007-01-01,2016-12-01,log,add,0,,,"
"
ces_hours,29460,,,,segment_too_short,,,6,,,,,,,,
ces_hours,29484,,,,segment_too_short,,,72,,,,,,,,
ces_hours,29540,"Lancaster, PA",additive_level,ces_hours_additive_level_29540_200701_201612,ok,0,1,120,2007-01-01,2016-12-01,none,add,0,,,"
"
ces_hours,29540,"Lancaster, PA",log_additive,ces_hours_log_additive_29540_200701_201612,ok,0,1,120,2007-01-01,2016-12-01,log,add,0,,,"
"
ces_hours,29620,"Lansing-East Lansing, MI",additive_level,ces_hours_additive_level_29620_200701_201612,ok,0,1,120,2007-01-01,2016-12-01,none,add,0,,,"
"
ces_hours,29620,"Lansing-East Lansing, MI",log_additive,ces_hours_log_additive_29620_200701_201612,ok,0,1,120,2007-01-01,2016-12-01,log,add,0,,,"
"
ces_hours,29700,"Laredo, TX",additive_level,ces_hours_additive_level_29700_200701_201612,ok,0,1,120,2007-01-01,2016-12-01,none,add,0,,,"
"
ces_hours,29700,"Laredo, TX",log_additive,ces_hours_log_additive_29700_200701_201612,ok,0,1,120,2007-01-01,2016-12-01,log,add,0,,,"
"
ces_hours,29740,"Las Cruces, NM",additive_level,ces_hours_additive_level_29740_200701_201612,ok,0,1,120,2007-01-01,2016-12-01,none,add,0,,,"
"
ces_hours,29740,"Las Cruces, NM",log_additive,ces_hours_log_additive_29740_200701_201612,ok,0,1,120,2007-01-01,2016-12-01,log,add,0,,,"
"
ces_hours,29820,"Las Vegas-Henderson-North Las Vegas, NV",additive_level,ces_hours_additive_level_29820_200701_201612,ok,0,1,120,2007-01-01,2016-12-01,none,add,0,,,"
"
ces_hours,29820,"Las Vegas-Henderson-North Las Vegas, NV",log_additive,ces_hours_log_additive_29820_200701_201612,ok,0,1,120,2007-01-01,2016-12-01,log,add,0,,,"
"
ces_hours,29940,"Lawrence, KS",additive_level,ces_hours_additive_level_29940_200701_201612,ok,0,1,120,2007-01-01,2016-12-01,none,add,0,,,"
"
ces_hours,29940,"Lawrence, KS",log_additive,ces_hours_log_additive_29940_200701_201612,failed:0,0,0,120,2007-01-01,2016-12-01,log,add,1,"  Storing any program error messages into D:\Programming\Dynamic Paper-dlrhcs_replication\outputs\empirical\unemployment\raw_sa_pilot\x13_work\ces_hours_log_additive_29940_200701_201612.err
 ERROR: Additive seasonal adjustment will not be performed when
  Program error(s) halt execution for D:\Programming\Dynamic Paper-dlrhcs_replication\outputs\empirical\unemployment\raw_sa_pilot\x13_work\ces_hours_log_additive_29940_200701_201612.spc
 Check error file D:\Programming\Dynamic Paper-dlrhcs_replication\outputs\empirical\unemployment\raw_sa_pilot\x13_work\ces_hours_log_additive_29940_200701_201612.err",,"
 X-13ARIMA-SEATS Seasonal Adjustment Program
 Version Number 1.1 Build 62
 Execution began  Jul 29, 2026  08.55.28 

  Reading input spec file from D:\Programming\Dynamic Paper-dlrhcs_replication\outputs\empirical\unemployment\raw_sa_pilot\x13_work\ces_hours_log_additive_29940_200701_201612.spc
  Storing any program output into D:\Programming\Dynamic Paper-dlrhcs_replication\outputs\empirical\unemployment\raw_sa_pilot\x13_work\ces_hours_log_additive_29940_200701_201612.out
  Storing any program error messages into D:\Programming\Dynamic Paper-dlrhcs_replication\outputs\empirical\unemployment\raw_sa_pilot\x13_work\ces_hours_log_additive_29940_200701_201612.err
 
  
 ERROR: Additive seasonal adjustment will not be performed when
        preadjustment factors are derived from a REGARIMA model 
        for transformed data.
  
        Check the values for the power or function arguments of the 
        transform spec and mode of the x11 spec.
  Program error(s) halt execution for D:\Programming\Dynamic Paper-dlrhcs_replication\outputs\empirical\unemployment\raw_sa_pilot\x13_work\ces_hours_log_additive_29940_200701_201612.spc

 Check error file D:\Programming\Dynamic Paper-dlrhcs_replication\outputs\empirical\unemployment\raw_sa_pilot\x13_work\ces_hours_log_additive_29940_200701_201612.err

"
ces_hours,29940,,,,segment_too_short,,,6,,,,,,,,
ces_hours,30020,"Lawton, OK",additive_level,ces_hours_additive_level_30020_200701_201612,ok,0,1,120,2007-01-01,2016-12-01,none,add,0,,,"
"
ces_hours,30020,"Lawton, OK",log_additive,ces_hours_log_additive_30020_200701_201612,failed:0,0,0,120,2007-01-01,2016-12-01,log,add,1,"  Storing any program error messages into D:\Programming\Dynamic Paper-dlrhcs_replication\outputs\empirical\unemployment\raw_sa_pilot\x13_work\ces_hours_log_additive_30020_200701_201612.err
 ERROR: Additive seasonal adjustment will not be performed when
  Program error(s) halt execution for D:\Programming\Dynamic Paper-dlrhcs_replication\outputs\empirical\unemployment\raw_sa_pilot\x13_work\ces_hours_log_additive_30020_200701_201612.spc
 Check error file D:\Programming\Dynamic Paper-dlrhcs_replication\outputs\empirical\unemployment\raw_sa_pilot\x13_work\ces_hours_log_additive_30020_200701_201612.err",,"
 X-13ARIMA-SEATS Seasonal Adjustment Program
 Version Number 1.1 Build 62
 Execution began  Jul 29, 2026  08.55.29 

  Reading input spec file from D:\Programming\Dynamic Paper-dlrhcs_replication\outputs\empirical\unemployment\raw_sa_pilot\x13_work\ces_hours_log_additive_30020_200701_201612.spc
  Storing any program output into D:\Programming\Dynamic Paper-dlrhcs_replication\outputs\empirical\unemployment\raw_sa_pilot\x13_work\ces_hours_log_additive_30020_200701_201612.out
  Storing any program error messages into D:\Programming\Dynamic Paper-dlrhcs_replication\outputs\empirical\unemployment\raw_sa_pilot\x13_work\ces_hours_log_additive_30020_200701_201612.err
 
  
 ERROR: Additive seasonal adjustment will not be performed when
        preadjustment factors are derived from a REGARIMA model 
        for transformed data.
  
        Check the values for the power or function arguments of the 
        transform spec and mode of the x11 spec.
  Program error(s) halt execution for D:\Programming\Dynamic Paper-dlrhcs_replication\outputs\empirical\unemployment\raw_sa_pilot\x13_work\ces_hours_log_additive_30020_200701_201612.spc

 Check error file D:\Programming\Dynamic Paper-dlrhcs_replication\outputs\empirical\unemployment\raw_sa_pilot\x13_work\ces_hours_log_additive_30020_200701_201612.err

"
ces_hours,30140,"Lebanon, PA",additive_level,ces_hours_additive_level_30140_200701_201612,ok,0,1,120,2007-01-01,2016-12-01,none,add,0,,,"
"
ces_hours,30140,"Lebanon, PA",log_additive,ces_hours_log_additive_30140_200701_201612,ok,0,1,120,2007-01-01,2016-12-01,log,add,0,,,"
"
ces_hours,30300,"Lewiston, ID-WA",additive_level,ces_hours_additive_level_30300_200701_201612,ok,0,1,120,2007-01-01,2016-12-01,none,add,0,,,"
"
ces_hours,30300,"Lewiston, ID-WA",log_additive,ces_hours_log_additive_30300_200701_201612,failed:0,0,0,120,2007-01-01,2016-12-01,log,add,1,"  Storing any program error messages into D:\Programming\Dynamic Paper-dlrhcs_replication\outputs\empirical\unemployment\raw_sa_pilot\x13_work\ces_hours_log_additive_30300_200701_201612.err
 ERROR: Additive seasonal adjustment will not be performed when
  Program error(s) halt execution for D:\Programming\Dynamic Paper-dlrhcs_replication\outputs\empirical\unemployment\raw_sa_pilot\x13_work\ces_hours_log_additive_30300_200701_201612.spc
 Check error file D:\Programming\Dynamic Paper-dlrhcs_replication\outputs\empirical\unemployment\raw_sa_pilot\x13_work\ces_hours_log_additive_30300_200701_201612.err",,"
 X-13ARIMA-SEATS Seasonal Adjustment Program
 Version Number 1.1 Build 62
 Execution began  Jul 29, 2026  08.55.29 

  Reading input spec file from D:\Programming\Dynamic Paper-dlrhcs_replication\outputs\empirical\unemployment\raw_sa_pilot\x13_work\ces_hours_log_additive_30300_200701_201612.spc
  Storing any program output into D:\Programming\Dynamic Paper-dlrhcs_replication\outputs\empirical\unemployment\raw_sa_pilot\x13_work\ces_hours_log_additive_30300_200701_201612.out
  Storing any program error messages into D:\Programming\Dynamic Paper-dlrhcs_replication\outputs\empirical\unemployment\raw_sa_pilot\x13_work\ces_hours_log_additive_30300_200701_201612.err
 
  
 ERROR: Additive seasonal adjustment will not be performed when
        preadjustment factors are derived from a REGARIMA model 
        for transformed data.
  
        Check the values for the power or function arguments of the 
        transform spec and mode of the x11 spec.
  Program error(s) halt execution for D:\Programming\Dynamic Paper-dlrhcs_replication\outputs\empirical\unemployment\raw_sa_pilot\x13_work\ces_hours_log_additive_30300_200701_201612.spc

 Check error file D:\Programming\Dynamic Paper-dlrhcs_replication\outputs\empirical\unemployment\raw_sa_pilot\x13_work\ces_hours_log_additive_30300_200701_201612.err

"
ces_hours,30300,,,,segment_too_short,,,6,,,,,,,,
ces_hours,30340,"Lewiston-Auburn, ME",additive_level,ces_hours_additive_level_30340_200701_201612,ok,0,1,120,2007-01-01,2016-12-01,none,add,0,,,"
"
ces_hours,30340,"Lewiston-Auburn, ME",log_additive,ces_hours_log_additive_30340_200701_201612,ok,0,1,120,2007-01-01,2016-12-01,log,add,0,,,"
"
ces_hours,30460,"Lexington-Fayette, KY",additive_level,ces_hours_additive_level_30460_200701_201612,ok,0,1,120,2007-01-01,2016-12-01,none,add,0,,,"
"
ces_hours,30460,"Lexington-Fayette, KY",log_additive,ces_hours_log_additive_30460_200701_201612,ok,0,1,120,2007-01-01,2016-12-01,log,add,0,,,"
"
ces_hours,30460,,,,segment_too_short,,,6,,,,,,,,
ces_hours,30500,,,,segment_too_short,,,72,,,,,,,,
ces_hours,30620,"Lima, OH",additive_level,ces_hours_additive_level_30620_200701_201612,ok,0,1,120,2007-01-01,2016-12-01,none,add,0,,,"
"
ces_hours,30620,"Lima, OH",log_additive,ces_hours_log_additive_30620_200701_201612,failed:0,0,0,120,2007-01-01,2016-12-01,log,add,1,"  Storing any program error messages into D:\Programming\Dynamic Paper-dlrhcs_replication\outputs\empirical\unemployment\raw_sa_pilot\x13_work\ces_hours_log_additive_30620_200701_201612.err
 ERROR: Additive seasonal adjustment will not be performed when
  Program error(s) halt execution for D:\Programming\Dynamic Paper-dlrhcs_replication\outputs\empirical\unemployment\raw_sa_pilot\x13_work\ces_hours_log_additive_30620_200701_201612.spc
 Check error file D:\Programming\Dynamic Paper-dlrhcs_replication\outputs\empirical\unemployment\raw_sa_pilot\x13_work\ces_hours_log_additive_30620_200701_201612.err",,"
 X-13ARIMA-SEATS Seasonal Adjustment Program
 Version Number 1.1 Build 62
 Execution began  Jul 29, 2026  08.55.29 

  Reading input spec file from D:\Programming\Dynamic Paper-dlrhcs_replication\outputs\empirical\unemployment\raw_sa_pilot\x13_work\ces_hours_log_additive_30620_200701_201612.spc
  Storing any program output into D:\Programming\Dynamic Paper-dlrhcs_replication\outputs\empirical\unemployment\raw_sa_pilot\x13_work\ces_hours_log_additive_30620_200701_201612.out
  Storing any program error messages into D:\Programming\Dynamic Paper-dlrhcs_replication\outputs\empirical\unemployment\raw_sa_pilot\x13_work\ces_hours_log_additive_30620_200701_201612.err
 
  
 ERROR: Additive seasonal adjustment will not be performed when
        preadjustment factors are derived from a REGARIMA model 
        for transformed data.
  
        Check the values for the power or function arguments of the 
        transform spec and mode of the x11 spec.
  Program error(s) halt execution for D:\Programming\Dynamic Paper-dlrhcs_replication\outputs\empirical\unemployment\raw_sa_pilot\x13_work\ces_hours_log_additive_30620_200701_201612.spc

 Check error file D:\Programming\Dynamic Paper-dlrhcs_replication\outputs\empirical\unemployment\raw_sa_pilot\x13_work\ces_hours_log_additive_30620_200701_201612.err

"
ces_hours,30700,"Lincoln, NE",additive_level,ces_hours_additive_level_30700_200701_201612,ok,0,1,120,2007-01-01,2016-12-01,none,add,0,,,"
"
ces_hours,30700,"Lincoln, NE",log_additive,ces_hours_log_additive_30700_200701_201612,failed:0,0,0,120,2007-01-01,2016-12-01,log,add,1,"  Storing any program error messages into D:\Programming\Dynamic Paper-dlrhcs_replication\outputs\empirical\unemployment\raw_sa_pilot\x13_work\ces_hours_log_additive_30700_200701_201612.err
 ERROR: Additive seasonal adjustment will not be performed when
  Program error(s) halt execution for D:\Programming\Dynamic Paper-dlrhcs_replication\outputs\empirical\unemployment\raw_sa_pilot\x13_work\ces_hours_log_additive_30700_200701_201612.spc
 Check error file D:\Programming\Dynamic Paper-dlrhcs_replication\outputs\empirical\unemployment\raw_sa_pilot\x13_work\ces_hours_log_additive_30700_200701_201612.err",,"
 X-13ARIMA-SEATS Seasonal Adjustment Program
 Version Number 1.1 Build 62
 Execution began  Jul 29, 2026  08.55.29 

  Reading input spec file from D:\Programming\Dynamic Paper-dlrhcs_replication\outputs\empirical\unemployment\raw_sa_pilot\x13_work\ces_hours_log_additive_30700_200701_201612.spc
  Storing any program output into D:\Programming\Dynamic Paper-dlrhcs_replication\outputs\empirical\unemployment\raw_sa_pilot\x13_work\ces_hours_log_additive_30700_200701_201612.out
  Storing any program error messages into D:\Programming\Dynamic Paper-dlrhcs_replication\outputs\empirical\unemployment\raw_sa_pilot\x13_work\ces_hours_log_additive_30700_200701_201612.err
 
  
 ERROR: Additive seasonal adjustment will not be performed when
        preadjustment factors are derived from a REGARIMA model 
        for transformed data.
  
        Check the values for the power or function arguments of the 
        transform spec and mode of the x11 spec.
  Program error(s) halt execution for D:\Programming\Dynamic Paper-dlrhcs_replication\outputs\empirical\unemployment\raw_sa_pilot\x13_work\ces_hours_log_additive_30700_200701_201612.spc

 Check error file D:\Programming\Dynamic Paper-dlrhcs_replication\outputs\empirical\unemployment\raw_sa_pilot\x13_work\ces_hours_log_additive_30700_200701_201612.err

"
ces_hours,30780,"Little Rock-North Little Rock-Conway, AR",additive_level,ces_hours_additive_level_30780_200701_201612,ok,0,1,120,2007-01-01,2016-12-01,none,add,0,,,"
"
ces_hours,30780,"Little Rock-North Little Rock-Conway, AR",log_additive,ces_hours_log_additive_30780_200701_201612,ok,0,1,120,2007-01-01,2016-12-01,log,add,0,,,"
"
ces_hours,30780,,,,segment_too_short,,,6,,,,,,,,
ces_hours,30860,"Logan, UT-ID",additive_level,ces_hours_additive_level_30860_200701_201612,ok,0,1,120,2007-01-01,2016-12-01,none,add,0,,,"
"
ces_hours,30860,"Logan, UT-ID",log_additive,ces_hours_log_additive_30860_200701_201612,failed:0,0,0,120,2007-01-01,2016-12-01,log,add,1,"  Storing any program error messages into D:\Programming\Dynamic Paper-dlrhcs_replication\outputs\empirical\unemployment\raw_sa_pilot\x13_work\ces_hours_log_additive_30860_200701_201612.err
 ERROR: Additive seasonal adjustment will not be performed when
  Program error(s) halt execution for D:\Programming\Dynamic Paper-dlrhcs_replication\outputs\empirical\unemployment\raw_sa_pilot\x13_work\ces_hours_log_additive_30860_200701_201612.spc
 Check error file D:\Programming\Dynamic Paper-dlrhcs_replication\outputs\empirical\unemployment\raw_sa_pilot\x13_work\ces_hours_log_additive_30860_200701_201612.err",,"
 X-13ARIMA-SEATS Seasonal Adjustment Program
 Version Number 1.1 Build 62
 Execution began  Jul 29, 2026  08.55.31 

  Reading input spec file from D:\Programming\Dynamic Paper-dlrhcs_replication\outputs\empirical\unemployment\raw_sa_pilot\x13_work\ces_hours_log_additive_30860_200701_201612.spc
  Storing any program output into D:\Programming\Dynamic Paper-dlrhcs_replication\outputs\empirical\unemployment\raw_sa_pilot\x13_work\ces_hours_log_additive_30860_200701_201612.out
  Storing any program error messages into D:\Programming\Dynamic Paper-dlrhcs_replication\outputs\empirical\unemployment\raw_sa_pilot\x13_work\ces_hours_log_additive_30860_200701_201612.err
 
  
 ERROR: Additive seasonal adjustment will not be performed when
        preadjustment factors are derived from a REGARIMA model 
        for transformed data.
  
        Check the values for the power or function arguments of the 
        transform spec and mode of the x11 spec.
  Program error(s) halt execution for D:\Programming\Dynamic Paper-dlrhcs_replication\outputs\empirical\unemployment\raw_sa_pilot\x13_work\ces_hours_log_additive_30860_200701_201612.spc

 Check error file D:\Programming\Dynamic Paper-dlrhcs_replication\outputs\empirical\unemployment\raw_sa_pilot\x13_work\ces_hours_log_additive_30860_200701_201612.err

"
ces_hours,30980,"Longview, TX",additive_level,ces_hours_additive_level_30980_200701_201612,ok,0,1,120,2007-01-01,2016-12-01,none,add,0,,,"
"
ces_hours,30980,"Longview, TX",log_additive,ces_hours_log_additive_30980_200701_201612,ok,0,1,120,2007-01-01,2016-12-01,log,add,0,,,"
"
ces_hours,31020,"Longview-Kelso, WA",additive_level,ces_hours_additive_level_31020_200701_201612,ok,0,1,120,2007-01-01,2016-12-01,none,add,0,,,"
"
ces_hours,31020,"Longview-Kelso, WA",log_additive,ces_hours_log_additive_31020_200701_201612,failed:0,0,0,120,2007-01-01,2016-12-01,log,add,1,"  Storing any program error messages into D:\Programming\Dynamic Paper-dlrhcs_replication\outputs\empirical\unemployment\raw_sa_pilot\x13_work\ces_hours_log_additive_31020_200701_201612.err
 ERROR: Additive seasonal adjustment will not be performed when
  Program error(s) halt execution for D:\Programming\Dynamic Paper-dlrhcs_replication\outputs\empirical\unemployment\raw_sa_pilot\x13_work\ces_hours_log_additive_31020_200701_201612.spc
 Check error file D:\Programming\Dynamic Paper-dlrhcs_replication\outputs\empirical\unemployment\raw_sa_pilot\x13_work\ces_hours_log_additive_31020_200701_201612.err",,"
 X-13ARIMA-SEATS Seasonal Adjustment Program
 Version Number 1.1 Build 62
 Execution began  Jul 29, 2026  08.55.33 

  Reading input spec file from D:\Programming\Dynamic Paper-dlrhcs_replication\outputs\empirical\unemployment\raw_sa_pilot\x13_work\ces_hours_log_additive_31020_200701_201612.spc
  Storing any program output into D:\Programming\Dynamic Paper-dlrhcs_replication\outputs\empirical\unemployment\raw_sa_pilot\x13_work\ces_hours_log_additive_31020_200701_201612.out
  Storing any program error messages into D:\Programming\Dynamic Paper-dlrhcs_replication\outputs\empirical\unemployment\raw_sa_pilot\x13_work\ces_hours_log_additive_31020_200701_201612.err
 
  
 ERROR: Additive seasonal adjustment will not be performed when
        preadjustment factors are derived from a REGARIMA model 
        for transformed data.
  
        Check the values for the power or function arguments of the 
        transform spec and mode of the x11 spec.
  Program error(s) halt execution for D:\Programming\Dynamic Paper-dlrhcs_replication\outputs\empirical\unemployment\raw_sa_pilot\x13_work\ces_hours_log_additive_31020_200701_201612.spc

 Check error file D:\Programming\Dynamic Paper-dlrhcs_replication\outputs\empirical\unemployment\raw_sa_pilot\x13_work\ces_hours_log_additive_31020_200701_201612.err

"
ces_hours,31080,"Los Angeles-Long Beach-Anaheim, CA",additive_level,ces_hours_additive_level_31080_200701_201612,ok,0,1,120,2007-01-01,2016-12-01,none,add,0,,,"
"
ces_hours,31080,"Los Angeles-Long Beach-Anaheim, CA",log_additive,ces_hours_log_additive_31080_200701_201612,failed:0,0,0,120,2007-01-01,2016-12-01,log,add,1,"  Storing any program error messages into D:\Programming\Dynamic Paper-dlrhcs_replication\outputs\empirical\unemployment\raw_sa_pilot\x13_work\ces_hours_log_additive_31080_200701_201612.err
 WARNING: At least one visually significant seasonal peak has been found
 ERROR: Additive seasonal adjustment will not be performed when
  Program error(s) halt execution for D:\Programming\Dynamic Paper-dlrhcs_replication\outputs\empirical\unemployment\raw_sa_pilot\x13_work\ces_hours_log_additive_31080_200701_201612.spc
 Check error file D:\Programming\Dynamic Paper-dlrhcs_replication\outputs\empirical\unemployment\raw_sa_pilot\x13_work\ces_hours_log_additive_31080_200701_201612.err",,"
 X-13ARIMA-SEATS Seasonal Adjustment Program
 Version Number 1.1 Build 62
 Execution began  Jul 29, 2026  08.55.33 

  Reading input spec file from D:\Programming\Dynamic Paper-dlrhcs_replication\outputs\empirical\unemployment\raw_sa_pilot\x13_work\ces_hours_log_additive_31080_200701_201612.spc
  Storing any program output into D:\Programming\Dynamic Paper-dlrhcs_replication\outputs\empirical\unemployment\raw_sa_pilot\x13_work\ces_hours_log_additive_31080_200701_201612.out
  Storing any program error messages into D:\Programming\Dynamic Paper-dlrhcs_replication\outputs\empirical\unemployment\raw_sa_pilot\x13_work\ces_hours_log_additive_31080_200701_201612.err
 
  
 WARNING: At least one visually significant seasonal peak has been found
          in the estimated spectrum of the regARIMA residuals.
  
 ERROR: Additive seasonal adjustment will not be performed when
        preadjustment factors are derived from a REGARIMA model 
        for transformed data.
  
        Check the values for the power or function arguments of the 
        transform spec and mode of the x11 spec.
  Program error(s) halt execution for D:\Programming\Dynamic Paper-dlrhcs_replication\outputs\empirical\unemployment\raw_sa_pilot\x13_work\ces_hours_log_additive_31080_200701_201612.spc

 Check error file D:\Programming\Dynamic Paper-dlrhcs_replication\outputs\empirical\unemployment\raw_sa_pilot\x13_work\ces_hours_log_additive_31080_200701_201612.err

"
ces_hours,31080,,,,segment_too_short,,,6,,,,,,,,
ces_hours,31084,"Los Angeles-Long Beach-Glendale, CA Metropolitan Division",additive_level,ces_hours_additive_level_31084_200701_201612,ok,0,1,120,2007-01-01,2016-12-01,none,add,0,,,"
"
ces_hours,31084,"Los Angeles-Long Beach-Glendale, CA Metropolitan Division",log_additive,ces_hours_log_additive_31084_200701_201612,failed:0,0,0,120,2007-01-01,2016-12-01,log,add,1,"  Storing any program error messages into D:\Programming\Dynamic Paper-dlrhcs_replication\outputs\empirical\unemployment\raw_sa_pilot\x13_work\ces_hours_log_additive_31084_200701_201612.err
 WARNING: Visually significant seasonal and trading day peaks have 
 ERROR: Additive seasonal adjustment will not be performed when
  Program error(s) halt execution for D:\Programming\Dynamic Paper-dlrhcs_replication\outputs\empirical\unemployment\raw_sa_pilot\x13_work\ces_hours_log_additive_31084_200701_201612.spc
 Check error file D:\Programming\Dynamic Paper-dlrhcs_replication\outputs\empirical\unemployment\raw_sa_pilot\x13_work\ces_hours_log_additive_31084_200701_201612.err",,"
 X-13ARIMA-SEATS Seasonal Adjustment Program
 Version Number 1.1 Build 62
 Execution began  Jul 29, 2026  08.55.33 

  Reading input spec file from D:\Programming\Dynamic Paper-dlrhcs_replication\outputs\empirical\unemployment\raw_sa_pilot\x13_work\ces_hours_log_additive_31084_200701_201612.spc
  Storing any program output into D:\Programming\Dynamic Paper-dlrhcs_replication\outputs\empirical\unemployment\raw_sa_pilot\x13_work\ces_hours_log_additive_31084_200701_201612.out
  Storing any program error messages into D:\Programming\Dynamic Paper-dlrhcs_replication\outputs\empirical\unemployment\raw_sa_pilot\x13_work\ces_hours_log_additive_31084_200701_201612.err
 
  
 WARNING: Visually significant seasonal and trading day peaks have 
          been found in the estimated spectrum of the regARIMA residuals.
  
 ERROR: Additive seasonal adjustment will not be performed when
        preadjustment factors are derived from a REGARIMA model 
        for transformed data.
  
        Check the values for the power or function arguments of the 
        transform spec and mode of the x11 spec.
  Program error(s) halt execution for D:\Programming\Dynamic Paper-dlrhcs_replication\outputs\empirical\unemployment\raw_sa_pilot\x13_work\ces_hours_log_additive_31084_200701_201612.spc

 Check error file D:\Programming\Dynamic Paper-dlrhcs_replication\outputs\empirical\unemployment\raw_sa_pilot\x13_work\ces_hours_log_additive_31084_200701_201612.err

"
ces_hours,31084,,,,segment_too_short,,,6,,,,,,,,
ces_hours,31140,"Louisville/Jefferson County, KY-IN",additive_level,ces_hours_additive_level_31140_200701_201612,ok,0,1,120,2007-01-01,2016-12-01,none,add,0,,,"
"
ces_hours,31140,"Louisville/Jefferson County, KY-IN",log_additive,ces_hours_log_additive_31140_200701_201612,ok,0,1,120,2007-01-01,2016-12-01,log,add,0,,,"
"
ces_hours,31140,,,,segment_too_short,,,6,,,,,,,,
ces_hours,31180,"Lubbock, TX",additive_level,ces_hours_additive_level_31180_200701_201612,ok,0,1,120,2007-01-01,2016-12-01,none,add,0,,,"
"
ces_hours,31180,"Lubbock, TX",log_additive,ces_hours_log_additive_31180_200701_201612,failed:0,0,0,120,2007-01-01,2016-12-01,log,add,1,"  Storing any program error messages into D:\Programming\Dynamic Paper-dlrhcs_replication\outputs\empirical\unemployment\raw_sa_pilot\x13_work\ces_hours_log_additive_31180_200701_201612.err
 WARNING: At least one visually significant trading day peak has been
 ERROR: Additive seasonal adjustment will not be performed when
  Program error(s) halt execution for D:\Programming\Dynamic Paper-dlrhcs_replication\outputs\empirical\unemployment\raw_sa_pilot\x13_work\ces_hours_log_additive_31180_200701_201612.spc
 Check error file D:\Programming\Dynamic Paper-dlrhcs_replication\outputs\empirical\unemployment\raw_sa_pilot\x13_work\ces_hours_log_additive_31180_200701_201612.err",,"
 X-13ARIMA-SEATS Seasonal Adjustment Program
 Version Number 1.1 Build 62
 Execution began  Jul 29, 2026  08.55.34 

  Reading input spec file from D:\Programming\Dynamic Paper-dlrhcs_replication\outputs\empirical\unemployment\raw_sa_pilot\x13_work\ces_hours_log_additive_31180_200701_201612.spc
  Storing any program output into D:\Programming\Dynamic Paper-dlrhcs_replication\outputs\empirical\unemployment\raw_sa_pilot\x13_work\ces_hours_log_additive_31180_200701_201612.out
  Storing any program error messages into D:\Programming\Dynamic Paper-dlrhcs_replication\outputs\empirical\unemployment\raw_sa_pilot\x13_work\ces_hours_log_additive_31180_200701_201612.err
 
  
 WARNING: At least one visually significant trading day peak has been
          found in the estimated spectrum of the regARIMA residuals.
  
 ERROR: Additive seasonal adjustment will not be performed when
        preadjustment factors are derived from a REGARIMA model 
        for transformed data.
  
        Check the values for the power or function arguments of the 
        transform spec and mode of the x11 spec.
  Program error(s) halt execution for D:\Programming\Dynamic Paper-dlrhcs_replication\outputs\empirical\unemployment\raw_sa_pilot\x13_work\ces_hours_log_additive_31180_200701_201612.spc

 Check error file D:\Programming\Dynamic Paper-dlrhcs_replication\outputs\empirical\unemployment\raw_sa_pilot\x13_work\ces_hours_log_additive_31180_200701_201612.err

"
ces_hours,31340,"Lynchburg, VA",additive_level,ces_hours_additive_level_31340_200701_201612,ok,0,1,120,2007-01-01,2016-12-01,none,add,0,,,"
"
ces_hours,31340,"Lynchburg, VA",log_additive,ces_hours_log_additive_31340_200701_201612,ok,0,1,120,2007-01-01,2016-12-01,log,add,0,,,"
"
ces_hours,31420,"Macon-Bibb County, GA",additive_level,ces_hours_additive_level_31420_200701_201612,ok,0,1,120,2007-01-01,2016-12-01,none,add,0,,,"
"
ces_hours,31420,"Macon-Bibb County, GA",log_additive,ces_hours_log_additive_31420_200701_201612,ok,0,1,120,2007-01-01,2016-12-01,log,add,0,,,"
"
ces_hours,31420,,,,segment_too_short,,,6,,,,,,,,
ces_hours,31540,"Madison, WI",additive_level,ces_hours_additive_level_31540_200701_201612,ok,0,1,120,2007-01-01,2016-12-01,none,add,0,,,"
"
ces_hours,31540,"Madison, WI",log_additive,ces_hours_log_additive_31540_200701_201612,ok,0,1,120,2007-01-01,2016-12-01,log,add,0,,,"
"
ces_hours,31700,,,,segment_too_short,,,72,,,,,,,,
ces_hours,31740,"Manhattan, KS",additive_level,ces_hours_additive_level_31740_200801_201612,ok,0,1,108,2008-01-01,2016-12-01,none,add,0,,,"
"
ces_hours,31740,"Manhattan, KS",log_additive,ces_hours_log_additive_31740_200801_201612,ok,0,1,108,2008-01-01,2016-12-01,log,add,0,,,"
"
ces_hours,31740,,,,segment_too_short,,,6,,,,,,,,
ces_hours,31860,"Mankato, MN",additive_level,ces_hours_additive_level_31860_200801_201612,ok,0,1,108,2008-01-01,2016-12-01,none,add,0,,,"
"
ces_hours,31860,"Mankato, MN",log_additive,ces_hours_log_additive_31860_200801_201612,failed:0,0,0,108,2008-01-01,2016-12-01,log,add,1,"  Storing any program error messages into D:\Programming\Dynamic Paper-dlrhcs_replication\outputs\empirical\unemployment\raw_sa_pilot\x13_work\ces_hours_log_additive_31860_200801_201612.err
 ERROR: Additive seasonal adjustment will not be performed when
  Program error(s) halt execution for D:\Programming\Dynamic Paper-dlrhcs_replication\outputs\empirical\unemployment\raw_sa_pilot\x13_work\ces_hours_log_additive_31860_200801_201612.spc
 Check error file D:\Programming\Dynamic Paper-dlrhcs_replication\outputs\empirical\unemployment\raw_sa_pilot\x13_work\ces_hours_log_additive_31860_200801_201612.err",,"
 X-13ARIMA-SEATS Seasonal Adjustment Program
 Version Number 1.1 Build 62
 Execution began  Jul 29, 2026  08.55.36 

  Reading input spec file from D:\Programming\Dynamic Paper-dlrhcs_replication\outputs\empirical\unemployment\raw_sa_pilot\x13_work\ces_hours_log_additive_31860_200801_201612.spc
  Storing any program output into D:\Programming\Dynamic Paper-dlrhcs_replication\outputs\empirical\unemployment\raw_sa_pilot\x13_work\ces_hours_log_additive_31860_200801_201612.out
  Storing any program error messages into D:\Programming\Dynamic Paper-dlrhcs_replication\outputs\empirical\unemployment\raw_sa_pilot\x13_work\ces_hours_log_additive_31860_200801_201612.err
 
  
 ERROR: Additive seasonal adjustment will not be performed when
        preadjustment factors are derived from a REGARIMA model 
        for transformed data.
  
        Check the values for the power or function arguments of the 
        transform spec and mode of the x11 spec.
  Program error(s) halt execution for D:\Programming\Dynamic Paper-dlrhcs_replication\outputs\empirical\unemployment\raw_sa_pilot\x13_work\ces_hours_log_additive_31860_200801_201612.spc

 Check error file D:\Programming\Dynamic Paper-dlrhcs_replication\outputs\empirical\unemployment\raw_sa_pilot\x13_work\ces_hours_log_additive_31860_200801_201612.err

"
ces_hours,31900,"Mansfield, OH",additive_level,ces_hours_additive_level_31900_200701_201612,ok,0,1,120,2007-01-01,2016-12-01,none,add,0,,,"
"
ces_hours,31900,"Mansfield, OH",log_additive,ces_hours_log_additive_31900_200701_201612,ok,0,1,120,2007-01-01,2016-12-01,log,add,0,,,"
"
ces_hours,31924,,,,segment_too_short,,,72,,,,,,,,
ces_hours,31924,,,,segment_too_short,,,6,,,,,,,,
ces_hours,32420,,,,segment_too_short,,,45,,,,,,,,
ces_hours,32580,"McAllen-Edinburg-Mission, TX",additive_level,ces_hours_additive_level_32580_200701_201612,ok,0,1,120,2007-01-01,2016-12-01,none,add,0,,,"
"
ces_hours,32580,"McAllen-Edinburg-Mission, TX",log_additive,ces_hours_log_additive_32580_200701_201612,failed:0,0,0,120,2007-01-01,2016-12-01,log,add,1,"  Storing any program error messages into D:\Programming\Dynamic Paper-dlrhcs_replication\outputs\empirical\unemployment\raw_sa_pilot\x13_work\ces_hours_log_additive_32580_200701_201612.err
 ERROR: Additive seasonal adjustment will not be performed when
  Program error(s) halt execution for D:\Programming\Dynamic Paper-dlrhcs_replication\outputs\empirical\unemployment\raw_sa_pilot\x13_work\ces_hours_log_additive_32580_200701_201612.spc
 Check error file D:\Programming\Dynamic Paper-dlrhcs_replication\outputs\empirical\unemployment\raw_sa_pilot\x13_work\ces_hours_log_additive_32580_200701_201612.err",,"
 X-13ARIMA-SEATS Seasonal Adjustment Program
 Version Number 1.1 Build 62
 Execution began  Jul 29, 2026  08.55.36 

  Reading input spec file from D:\Programming\Dynamic Paper-dlrhcs_replication\outputs\empirical\unemployment\raw_sa_pilot\x13_work\ces_hours_log_additive_32580_200701_201612.spc
  Storing any program output into D:\Programming\Dynamic Paper-dlrhcs_replication\outputs\empirical\unemployment\raw_sa_pilot\x13_work\ces_hours_log_additive_32580_200701_201612.out
  Storing any program error messages into D:\Programming\Dynamic Paper-dlrhcs_replication\outputs\empirical\unemployment\raw_sa_pilot\x13_work\ces_hours_log_additive_32580_200701_201612.err
 
  
 ERROR: Additive seasonal adjustment will not be performed when
        preadjustment factors are derived from a REGARIMA model 
        for transformed data.
  
        Check the values for the power or function arguments of the 
        transform spec and mode of the x11 spec.
  Program error(s) halt execution for D:\Programming\Dynamic Paper-dlrhcs_replication\outputs\empirical\unemployment\raw_sa_pilot\x13_work\ces_hours_log_additive_32580_200701_201612.spc

 Check error file D:\Programming\Dynamic Paper-dlrhcs_replication\outputs\empirical\unemployment\raw_sa_pilot\x13_work\ces_hours_log_additive_32580_200701_201612.err

"
ces_hours,32780,"Medford, OR",additive_level,ces_hours_additive_level_32780_200701_201612,ok,0,1,120,2007-01-01,2016-12-01,none,add,0,,,"
"
ces_hours,32780,"Medford, OR",log_additive,ces_hours_log_additive_32780_200701_201612,failed:0,0,0,120,2007-01-01,2016-12-01,log,add,1,"  Storing any program error messages into D:\Programming\Dynamic Paper-dlrhcs_replication\outputs\empirical\unemployment\raw_sa_pilot\x13_work\ces_hours_log_additive_32780_200701_201612.err
 ERROR: Additive seasonal adjustment will not be performed when
  Program error(s) halt execution for D:\Programming\Dynamic Paper-dlrhcs_replication\outputs\empirical\unemployment\raw_sa_pilot\x13_work\ces_hours_log_additive_32780_200701_201612.spc
 Check error file D:\Programming\Dynamic Paper-dlrhcs_replication\outputs\empirical\unemployment\raw_sa_pilot\x13_work\ces_hours_log_additive_32780_200701_201612.err",,"
 X-13ARIMA-SEATS Seasonal Adjustment Program
 Version Number 1.1 Build 62
 Execution began  Jul 29, 2026  08.55.37 

  Reading input spec file from D:\Programming\Dynamic Paper-dlrhcs_replication\outputs\empirical\unemployment\raw_sa_pilot\x13_work\ces_hours_log_additive_32780_200701_201612.spc
  Storing any program output into D:\Programming\Dynamic Paper-dlrhcs_replication\outputs\empirical\unemployment\raw_sa_pilot\x13_work\ces_hours_log_additive_32780_200701_201612.out
  Storing any program error messages into D:\Programming\Dynamic Paper-dlrhcs_replication\outputs\empirical\unemployment\raw_sa_pilot\x13_work\ces_hours_log_additive_32780_200701_201612.err
 
  
 ERROR: Additive seasonal adjustment will not be performed when
        preadjustment factors are derived from a REGARIMA model 
        for transformed data.
  
        Check the values for the power or function arguments of the 
        transform spec and mode of the x11 spec.
  Program error(s) halt execution for D:\Programming\Dynamic Paper-dlrhcs_replication\outputs\empirical\unemployment\raw_sa_pilot\x13_work\ces_hours_log_additive_32780_200701_201612.spc

 Check error file D:\Programming\Dynamic Paper-dlrhcs_replication\outputs\empirical\unemployment\raw_sa_pilot\x13_work\ces_hours_log_additive_32780_200701_201612.err

"
ces_hours,32820,"Memphis, TN-MS-AR",additive_level,ces_hours_additive_level_32820_200701_201612,ok,0,1,120,2007-01-01,2016-12-01,none,add,0,,,"
"
ces_hours,32820,"Memphis, TN-MS-AR",log_additive,ces_hours_log_additive_32820_200701_201612,ok,0,1,120,2007-01-01,2016-12-01,log,add,0,,,"
"
ces_hours,32900,"Merced, CA",additive_level,ces_hours_additive_level_32900_200701_201612,ok,0,1,120,2007-01-01,2016-12-01,none,add,0,,,"
"
ces_hours,32900,"Merced, CA",log_additive,ces_hours_log_additive_32900_200701_201612,failed:0,0,0,120,2007-01-01,2016-12-01,log,add,1,"  Storing any program error messages into D:\Programming\Dynamic Paper-dlrhcs_replication\outputs\empirical\unemployment\raw_sa_pilot\x13_work\ces_hours_log_additive_32900_200701_201612.err
 ERROR: Additive seasonal adjustment will not be performed when
  Program error(s) halt execution for D:\Programming\Dynamic Paper-dlrhcs_replication\outputs\empirical\unemployment\raw_sa_pilot\x13_work\ces_hours_log_additive_32900_200701_201612.spc
 Check error file D:\Programming\Dynamic Paper-dlrhcs_replication\outputs\empirical\unemployment\raw_sa_pilot\x13_work\ces_hours_log_additive_32900_200701_201612.err",,"
 X-13ARIMA-SEATS Seasonal Adjustment Program
 Version Number 1.1 Build 62
 Execution began  Jul 29, 2026  08.55.37 

  Reading input spec file from D:\Programming\Dynamic Paper-dlrhcs_replication\outputs\empirical\unemployment\raw_sa_pilot\x13_work\ces_hours_log_additive_32900_200701_201612.spc
  Storing any program output into D:\Programming\Dynamic Paper-dlrhcs_replication\outputs\empirical\unemployment\raw_sa_pilot\x13_work\ces_hours_log_additive_32900_200701_201612.out
  Storing any program error messages into D:\Programming\Dynamic Paper-dlrhcs_replication\outputs\empirical\unemployment\raw_sa_pilot\x13_work\ces_hours_log_additive_32900_200701_201612.err
 
  
 ERROR: Additive seasonal adjustment will not be performed when
        preadjustment factors are derived from a REGARIMA model 
        for transformed data.
  
        Check the values for the power or function arguments of the 
        transform spec and mode of the x11 spec.
  Program error(s) halt execution for D:\Programming\Dynamic Paper-dlrhcs_replication\outputs\empirical\unemployment\raw_sa_pilot\x13_work\ces_hours_log_additive_32900_200701_201612.spc

 Check error file D:\Programming\Dynamic Paper-dlrhcs_replication\outputs\empirical\unemployment\raw_sa_pilot\x13_work\ces_hours_log_additive_32900_200701_201612.err

"
ces_hours,32900,,,,segment_too_short,,,6,,,,,,,,
ces_hours,33100,"Miami-Fort Lauderdale-West Palm Beach, FL",additive_level,ces_hours_additive_level_33100_200701_201612,ok,0,1,120,2007-01-01,2016-12-01,none,add,0,,,"
"
ces_hours,33100,"Miami-Fort Lauderdale-West Palm Beach, FL",log_additive,ces_hours_log_additive_33100_200701_201612,ok,0,1,120,2007-01-01,2016-12-01,log,add,0,,,"
"
ces_hours,33100,,,,segment_too_short,,,6,,,,,,,,
ces_hours,33124,"Miami-Miami Beach-Kendall, FL Metropolitan Division",additive_level,ces_hours_additive_level_33124_200701_201612,ok,0,1,120,2007-01-01,2016-12-01,none,add,0,,,"
"
ces_hours,33124,"Miami-Miami Beach-Kendall, FL Metropolitan Division",log_additive,ces_hours_log_additive_33124_200701_201612,ok,0,1,120,2007-01-01,2016-12-01,log,add,0,,,"
"
ces_hours,33124,,,,segment_too_short,,,6,,,,,,,,
ces_hours,33140,"Michigan City-La Porte, IN",additive_level,ces_hours_additive_level_33140_200701_201612,ok,0,1,120,2007-01-01,2016-12-01,none,add,0,,,"
"
ces_hours,33140,"Michigan City-La Porte, IN",log_additive,ces_hours_log_additive_33140_200701_201612,ok,0,1,120,2007-01-01,2016-12-01,log,add,0,,,"
"
ces_hours,33140,,,,segment_too_short,,,6,,,,,,,,
ces_hours,33220,,,,segment_too_short,,,72,,,,,,,,
ces_hours,33260,"Midland, TX",additive_level,ces_hours_additive_level_33260_200701_201612,ok,0,1,120,2007-01-01,2016-12-01,none,add,0,,,"
"
ces_hours,33260,"Midland, TX",log_additive,ces_hours_log_additive_33260_200701_201612,failed:0,0,0,120,2007-01-01,2016-12-01,log,add,1,"  Storing any program error messages into D:\Programming\Dynamic Paper-dlrhcs_replication\outputs\empirical\unemployment\raw_sa_pilot\x13_work\ces_hours_log_additive_33260_200701_201612.err
 ERROR: Additive seasonal adjustment will not be performed when
  Program error(s) halt execution for D:\Programming\Dynamic Paper-dlrhcs_replication\outputs\empirical\unemployment\raw_sa_pilot\x13_work\ces_hours_log_additive_33260_200701_201612.spc
 Check error file D:\Programming\Dynamic Paper-dlrhcs_replication\outputs\empirical\unemployment\raw_sa_pilot\x13_work\ces_hours_log_additive_33260_200701_201612.err",,"
 X-13ARIMA-SEATS Seasonal Adjustment Program
 Version Number 1.1 Build 62
 Execution began  Jul 29, 2026  08.55.37 

  Reading input spec file from D:\Programming\Dynamic Paper-dlrhcs_replication\outputs\empirical\unemployment\raw_sa_pilot\x13_work\ces_hours_log_additive_33260_200701_201612.spc
  Storing any program output into D:\Programming\Dynamic Paper-dlrhcs_replication\outputs\empirical\unemployment\raw_sa_pilot\x13_work\ces_hours_log_additive_33260_200701_201612.out
  Storing any program error messages into D:\Programming\Dynamic Paper-dlrhcs_replication\outputs\empirical\unemployment\raw_sa_pilot\x13_work\ces_hours_log_additive_33260_200701_201612.err
 
  
 ERROR: Additive seasonal adjustment will not be performed when
        preadjustment factors are derived from a REGARIMA model 
        for transformed data.
  
        Check the values for the power or function arguments of the 
        transform spec and mode of the x11 spec.
  Program error(s) halt execution for D:\Programming\Dynamic Paper-dlrhcs_replication\outputs\empirical\unemployment\raw_sa_pilot\x13_work\ces_hours_log_additive_33260_200701_201612.spc

 Check error file D:\Programming\Dynamic Paper-dlrhcs_replication\outputs\empirical\unemployment\raw_sa_pilot\x13_work\ces_hours_log_additive_33260_200701_201612.err

"
ces_hours,33340,"Milwaukee-Waukesha, WI",additive_level,ces_hours_additive_level_33340_200701_201612,ok,0,1,120,2007-01-01,2016-12-01,none,add,0,,,"
"
ces_hours,33340,"Milwaukee-Waukesha, WI",log_additive,ces_hours_log_additive_33340_200701_201612,failed:0,0,0,120,2007-01-01,2016-12-01,log,add,1,"  Storing any program error messages into D:\Programming\Dynamic Paper-dlrhcs_replication\outputs\empirical\unemployment\raw_sa_pilot\x13_work\ces_hours_log_additive_33340_200701_201612.err
 WARNING: At least one visually significant trading day peak has been
 ERROR: Additive seasonal adjustment will not be performed when
  Program error(s) halt execution for D:\Programming\Dynamic Paper-dlrhcs_replication\outputs\empirical\unemployment\raw_sa_pilot\x13_work\ces_hours_log_additive_33340_200701_201612.spc
 Check error file D:\Programming\Dynamic Paper-dlrhcs_replication\outputs\empirical\unemployment\raw_sa_pilot\x13_work\ces_hours_log_additive_33340_200701_201612.err",,"
 X-13ARIMA-SEATS Seasonal Adjustment Program
 Version Number 1.1 Build 62
 Execution began  Jul 29, 2026  08.55.37 

  Reading input spec file from D:\Programming\Dynamic Paper-dlrhcs_replication\outputs\empirical\unemployment\raw_sa_pilot\x13_work\ces_hours_log_additive_33340_200701_201612.spc
  Storing any program output into D:\Programming\Dynamic Paper-dlrhcs_replication\outputs\empirical\unemployment\raw_sa_pilot\x13_work\ces_hours_log_additive_33340_200701_201612.out
  Storing any program error messages into D:\Programming\Dynamic Paper-dlrhcs_replication\outputs\empirical\unemployment\raw_sa_pilot\x13_work\ces_hours_log_additive_33340_200701_201612.err
 
  
 WARNING: At least one visually significant trading day peak has been
          found in the estimated spectrum of the regARIMA residuals.
  
 ERROR: Additive seasonal adjustment will not be performed when
        preadjustment factors are derived from a REGARIMA model 
        for transformed data.
  
        Check the values for the power or function arguments of the 
        transform spec and mode of the x11 spec.
  Program error(s) halt execution for D:\Programming\Dynamic Paper-dlrhcs_replication\outputs\empirical\unemployment\raw_sa_pilot\x13_work\ces_hours_log_additive_33340_200701_201612.spc

 Check error file D:\Programming\Dynamic Paper-dlrhcs_replication\outputs\empirical\unemployment\raw_sa_pilot\x13_work\ces_hours_log_additive_33340_200701_201612.err

"
ces_hours,33460,"Minneapolis-St. Paul-Bloomington, MN-WI",additive_level,ces_hours_additive_level_33460_200701_201612,ok,0,1,120,2007-01-01,2016-12-01,none,add,0,,,"
"
ces_hours,33460,"Minneapolis-St. Paul-Bloomington, MN-WI",log_additive,ces_hours_log_additive_33460_200701_201612,failed:0,0,0,120,2007-01-01,2016-12-01,log,add,1,"  Storing any program error messages into D:\Programming\Dynamic Paper-dlrhcs_replication\outputs\empirical\unemployment\raw_sa_pilot\x13_work\ces_hours_log_additive_33460_200701_201612.err
 ERROR: Additive seasonal adjustment will not be performed when
  Program error(s) halt execution for D:\Programming\Dynamic Paper-dlrhcs_replication\outputs\empirical\unemployment\raw_sa_pilot\x13_work\ces_hours_log_additive_33460_200701_201612.spc
 Check error file D:\Programming\Dynamic Paper-dlrhcs_replication\outputs\empirical\unemployment\raw_sa_pilot\x13_work\ces_hours_log_additive_33460_200701_201612.err",,"
 X-13ARIMA-SEATS Seasonal Adjustment Program
 Version Number 1.1 Build 62
 Execution began  Jul 29, 2026  08.55.38 

  Reading input spec file from D:\Programming\Dynamic Paper-dlrhcs_replication\outputs\empirical\unemployment\raw_sa_pilot\x13_work\ces_hours_log_additive_33460_200701_201612.spc
  Storing any program output into D:\Programming\Dynamic Paper-dlrhcs_replication\outputs\empirical\unemployment\raw_sa_pilot\x13_work\ces_hours_log_additive_33460_200701_201612.out
  Storing any program error messages into D:\Programming\Dynamic Paper-dlrhcs_replication\outputs\empirical\unemployment\raw_sa_pilot\x13_work\ces_hours_log_additive_33460_200701_201612.err
 
  
 ERROR: Additive seasonal adjustment will not be performed when
        preadjustment factors are derived from a REGARIMA model 
        for transformed data.
  
        Check the values for the power or function arguments of the 
        transform spec and mode of the x11 spec.
  Program error(s) halt execution for D:\Programming\Dynamic Paper-dlrhcs_replication\outputs\empirical\unemployment\raw_sa_pilot\x13_work\ces_hours_log_additive_33460_200701_201612.spc

 Check error file D:\Programming\Dynamic Paper-dlrhcs_replication\outputs\empirical\unemployment\raw_sa_pilot\x13_work\ces_hours_log_additive_33460_200701_201612.err

"
ces_hours,33500,,,,segment_too_short,,,72,,,,,,,,
ces_hours,33540,"Missoula, MT",additive_level,ces_hours_additive_level_33540_200701_201612,ok,0,1,120,2007-01-01,2016-12-01,none,add,0,,,"
"
ces_hours,33540,"Missoula, MT",log_additive,ces_hours_log_additive_33540_200701_201612,ok,0,1,120,2007-01-01,2016-12-01,log,add,0,,,"
"
ces_hours,33660,"Mobile, AL",additive_level,ces_hours_additive_level_33660_200701_201612,ok,0,1,120,2007-01-01,2016-12-01,none,add,0,,,"
"
ces_hours,33660,"Mobile, AL",log_additive,ces_hours_log_additive_33660_200701_201612,ok,0,1,120,2007-01-01,2016-12-01,log,add,0,,,"
"
ces_hours,33660,,,,segment_too_short,,,6,,,,,,,,
ces_hours,33700,"Modesto, CA",additive_level,ces_hours_additive_level_33700_200701_201612,ok,0,1,120,2007-01-01,2016-12-01,none,add,0,,,"
"
ces_hours,33700,"Modesto, CA",log_additive,ces_hours_log_additive_33700_200701_201612,failed:0,0,0,120,2007-01-01,2016-12-01,log,add,1,"  Storing any program error messages into D:\Programming\Dynamic Paper-dlrhcs_replication\outputs\empirical\unemployment\raw_sa_pilot\x13_work\ces_hours_log_additive_33700_200701_201612.err
 ERROR: Additive seasonal adjustment will not be performed when
  Program error(s) halt execution for D:\Programming\Dynamic Paper-dlrhcs_replication\outputs\empirical\unemployment\raw_sa_pilot\x13_work\ces_hours_log_additive_33700_200701_201612.spc
 Check error file D:\Programming\Dynamic Paper-dlrhcs_replication\outputs\empirical\unemployment\raw_sa_pilot\x13_work\ces_hours_log_additive_33700_200701_201612.err",,"
 X-13ARIMA-SEATS Seasonal Adjustment Program
 Version Number 1.1 Build 62
 Execution began  Jul 29, 2026  08.55.38 

  Reading input spec file from D:\Programming\Dynamic Paper-dlrhcs_replication\outputs\empirical\unemployment\raw_sa_pilot\x13_work\ces_hours_log_additive_33700_200701_201612.spc
  Storing any program output into D:\Programming\Dynamic Paper-dlrhcs_replication\outputs\empirical\unemployment\raw_sa_pilot\x13_work\ces_hours_log_additive_33700_200701_201612.out
  Storing any program error messages into D:\Programming\Dynamic Paper-dlrhcs_replication\outputs\empirical\unemployment\raw_sa_pilot\x13_work\ces_hours_log_additive_33700_200701_201612.err
 
  
 ERROR: Additive seasonal adjustment will not be performed when
        preadjustment factors are derived from a REGARIMA model 
        for transformed data.
  
        Check the values for the power or function arguments of the 
        transform spec and mode of the x11 spec.
  Program error(s) halt execution for D:\Programming\Dynamic Paper-dlrhcs_replication\outputs\empirical\unemployment\raw_sa_pilot\x13_work\ces_hours_log_additive_33700_200701_201612.spc

 Check error file D:\Programming\Dynamic Paper-dlrhcs_replication\outputs\empirical\unemployment\raw_sa_pilot\x13_work\ces_hours_log_additive_33700_200701_201612.err

"
ces_hours,33700,,,,segment_too_short,,,6,,,,,,,,
ces_hours,33740,"Monroe, LA",additive_level,ces_hours_additive_level_33740_200701_201612,ok,0,1,120,2007-01-01,2016-12-01,none,add,0,,,"
"
ces_hours,33740,"Monroe, LA",log_additive,ces_hours_log_additive_33740_200701_201612,ok,0,1,120,2007-01-01,2016-12-01,log,add,0,,,"
"
ces_hours,33740,,,,segment_too_short,,,6,,,,,,,,
ces_hours,33780,"Monroe, MI",additive_level,ces_hours_additive_level_33780_200701_201612,ok,0,1,120,2007-01-01,2016-12-01,none,add,0,,,"
"
ces_hours,33780,"Monroe, MI",log_additive,ces_hours_log_additive_33780_200701_201612,ok,0,1,120,2007-01-01,2016-12-01,log,add,0,,,"
"
ces_hours,33860,"Montgomery, AL",additive_level,ces_hours_additive_level_33860_200701_201612,ok,0,1,120,2007-01-01,2016-12-01,none,add,0,,,"
"
ces_hours,33860,"Montgomery, AL",log_additive,ces_hours_log_additive_33860_200701_201612,failed:0,0,0,120,2007-01-01,2016-12-01,log,add,1,"  Storing any program error messages into D:\Programming\Dynamic Paper-dlrhcs_replication\outputs\empirical\unemployment\raw_sa_pilot\x13_work\ces_hours_log_additive_33860_200701_201612.err
 WARNING: At least one visually significant seasonal peak has been found
 ERROR: Additive seasonal adjustment will not be performed when
  Program error(s) halt execution for D:\Programming\Dynamic Paper-dlrhcs_replication\outputs\empirical\unemployment\raw_sa_pilot\x13_work\ces_hours_log_additive_33860_200701_201612.spc
 Check error file D:\Programming\Dynamic Paper-dlrhcs_replication\outputs\empirical\unemployment\raw_sa_pilot\x13_work\ces_hours_log_additive_33860_200701_201612.err",,"
 X-13ARIMA-SEATS Seasonal Adjustment Program
 Version Number 1.1 Build 62
 Execution began  Jul 29, 2026  08.55.42 

  Reading input spec file from D:\Programming\Dynamic Paper-dlrhcs_replication\outputs\empirical\unemployment\raw_sa_pilot\x13_work\ces_hours_log_additive_33860_200701_201612.spc
  Storing any program output into D:\Programming\Dynamic Paper-dlrhcs_replication\outputs\empirical\unemployment\raw_sa_pilot\x13_work\ces_hours_log_additive_33860_200701_201612.out
  Storing any program error messages into D:\Programming\Dynamic Paper-dlrhcs_replication\outputs\empirical\unemployment\raw_sa_pilot\x13_work\ces_hours_log_additive_33860_200701_201612.err
 
  
 WARNING: At least one visually significant seasonal peak has been found
          in the estimated spectrum of the regARIMA residuals.
  
 ERROR: Additive seasonal adjustment will not be performed when
        preadjustment factors are derived from a REGARIMA model 
        for transformed data.
  
        Check the values for the power or function arguments of the 
        transform spec and mode of the x11 spec.
  Program error(s) halt execution for D:\Programming\Dynamic Paper-dlrhcs_replication\outputs\empirical\unemployment\raw_sa_pilot\x13_work\ces_hours_log_additive_33860_200701_201612.spc

 Check error file D:\Programming\Dynamic Paper-dlrhcs_replication\outputs\empirical\unemployment\raw_sa_pilot\x13_work\ces_hours_log_additive_33860_200701_201612.err

"
ces_hours,33860,,,,segment_too_short,,,6,,,,,,,,
ces_hours,33874,,,,segment_too_short,,,72,,,,,,,,
ces_hours,34060,"Morgantown, WV",additive_level,ces_hours_additive_level_34060_200701_201612,ok,0,1,120,2007-01-01,2016-12-01,none,add,0,,,"
"
ces_hours,34060,"Morgantown, WV",log_additive,ces_hours_log_additive_34060_200701_201612,ok,0,1,120,2007-01-01,2016-12-01,log,add,0,,,"
"
ces_hours,34100,"Morristown, TN",additive_level,ces_hours_additive_level_34100_200701_201612,ok,0,1,120,2007-01-01,2016-12-01,none,add,0,,,"
"
ces_hours,34100,"Morristown, TN",log_additive,ces_hours_log_additive_34100_200701_201612,ok,0,1,120,2007-01-01,2016-12-01,log,add,0,,,"
"
ces_hours,34580,"Mount Vernon-Anacortes, WA",additive_level,ces_hours_additive_level_34580_200701_201612,ok,0,1,120,2007-01-01,2016-12-01,none,add,0,,,"
"
ces_hours,34580,"Mount Vernon-Anacortes, WA",log_additive,ces_hours_log_additive_34580_200701_201612,failed:0,0,0,120,2007-01-01,2016-12-01,log,add,1,"  Storing any program error messages into D:\Programming\Dynamic Paper-dlrhcs_replication\outputs\empirical\unemployment\raw_sa_pilot\x13_work\ces_hours_log_additive_34580_200701_201612.err
 ERROR: Additive seasonal adjustment will not be performed when
  Program error(s) halt execution for D:\Programming\Dynamic Paper-dlrhcs_replication\outputs\empirical\unemployment\raw_sa_pilot\x13_work\ces_hours_log_additive_34580_200701_201612.spc
 Check error file D:\Programming\Dynamic Paper-dlrhcs_replication\outputs\empirical\unemployment\raw_sa_pilot\x13_work\ces_hours_log_additive_34580_200701_201612.err",,"
 X-13ARIMA-SEATS Seasonal Adjustment Program
 Version Number 1.1 Build 62
 Execution began  Jul 29, 2026  08.55.42 

  Reading input spec file from D:\Programming\Dynamic Paper-dlrhcs_replication\outputs\empirical\unemployment\raw_sa_pilot\x13_work\ces_hours_log_additive_34580_200701_201612.spc
  Storing any program output into D:\Programming\Dynamic Paper-dlrhcs_replication\outputs\empirical\unemployment\raw_sa_pilot\x13_work\ces_hours_log_additive_34580_200701_201612.out
  Storing any program error messages into D:\Programming\Dynamic Paper-dlrhcs_replication\outputs\empirical\unemployment\raw_sa_pilot\x13_work\ces_hours_log_additive_34580_200701_201612.err
 
  
 ERROR: Additive seasonal adjustment will not be performed when
        preadjustment factors are derived from a REGARIMA model 
        for transformed data.
  
        Check the values for the power or function arguments of the 
        transform spec and mode of the x11 spec.
  Program error(s) halt execution for D:\Programming\Dynamic Paper-dlrhcs_replication\outputs\empirical\unemployment\raw_sa_pilot\x13_work\ces_hours_log_additive_34580_200701_201612.spc

 Check error file D:\Programming\Dynamic Paper-dlrhcs_replication\outputs\empirical\unemployment\raw_sa_pilot\x13_work\ces_hours_log_additive_34580_200701_201612.err

"
ces_hours,34620,"Muncie, IN",additive_level,ces_hours_additive_level_34620_200701_201612,ok,0,1,120,2007-01-01,2016-12-01,none,add,0,,,"
"
ces_hours,34620,"Muncie, IN",log_additive,ces_hours_log_additive_34620_200701_201612,failed:0,0,0,120,2007-01-01,2016-12-01,log,add,1,"  Storing any program error messages into D:\Programming\Dynamic Paper-dlrhcs_replication\outputs\empirical\unemployment\raw_sa_pilot\x13_work\ces_hours_log_additive_34620_200701_201612.err
 ERROR: Additive seasonal adjustment will not be performed when
  Program error(s) halt execution for D:\Programming\Dynamic Paper-dlrhcs_replication\outputs\empirical\unemployment\raw_sa_pilot\x13_work\ces_hours_log_additive_34620_200701_201612.spc
 Check error file D:\Programming\Dynamic Paper-dlrhcs_replication\outputs\empirical\unemployment\raw_sa_pilot\x13_work\ces_hours_log_additive_34620_200701_201612.err",,"
 X-13ARIMA-SEATS Seasonal Adjustment Program
 Version Number 1.1 Build 62
 Execution began  Jul 29, 2026  08.55.42 

  Reading input spec file from D:\Programming\Dynamic Paper-dlrhcs_replication\outputs\empirical\unemployment\raw_sa_pilot\x13_work\ces_hours_log_additive_34620_200701_201612.spc
  Storing any program output into D:\Programming\Dynamic Paper-dlrhcs_replication\outputs\empirical\unemployment\raw_sa_pilot\x13_work\ces_hours_log_additive_34620_200701_201612.out
  Storing any program error messages into D:\Programming\Dynamic Paper-dlrhcs_replication\outputs\empirical\unemployment\raw_sa_pilot\x13_work\ces_hours_log_additive_34620_200701_201612.err
 
  
 ERROR: Additive seasonal adjustment will not be performed when
        preadjustment factors are derived from a REGARIMA model 
        for transformed data.
  
        Check the values for the power or function arguments of the 
        transform spec and mode of the x11 spec.
  Program error(s) halt execution for D:\Programming\Dynamic Paper-dlrhcs_replication\outputs\empirical\unemployment\raw_sa_pilot\x13_work\ces_hours_log_additive_34620_200701_201612.spc

 Check error file D:\Programming\Dynamic Paper-dlrhcs_replication\outputs\empirical\unemployment\raw_sa_pilot\x13_work\ces_hours_log_additive_34620_200701_201612.err

"
ces_hours,34620,,,,segment_too_short,,,6,,,,,,,,
ces_hours,34740,"Muskegon-Norton Shores, MI",additive_level,ces_hours_additive_level_34740_200701_201612,ok,0,1,120,2007-01-01,2016-12-01,none,add,0,,,"
"
ces_hours,34740,"Muskegon-Norton Shores, MI",log_additive,ces_hours_log_additive_34740_200701_201612,ok,0,1,120,2007-01-01,2016-12-01,log,add,0,,,"
"
ces_hours,34820,"Myrtle Beach-Conway-North Myrtle Beach, SC",additive_level,ces_hours_additive_level_34820_200701_201612,ok,0,1,120,2007-01-01,2016-12-01,none,add,0,,,"
"
ces_hours,34820,"Myrtle Beach-Conway-North Myrtle Beach, SC",log_additive,ces_hours_log_additive_34820_200701_201612,ok,0,1,120,2007-01-01,2016-12-01,log,add,0,,,"
"
ces_hours,34900,"Napa, CA",additive_level,ces_hours_additive_level_34900_200701_201612,ok,0,1,120,2007-01-01,2016-12-01,none,add,0,,,"
"
ces_hours,34900,"Napa, CA",log_additive,ces_hours_log_additive_34900_200701_201612,failed:0,0,0,120,2007-01-01,2016-12-01,log,add,1,"  Storing any program error messages into D:\Programming\Dynamic Paper-dlrhcs_replication\outputs\empirical\unemployment\raw_sa_pilot\x13_work\ces_hours_log_additive_34900_200701_201612.err
 ERROR: Additive seasonal adjustment will not be performed when
  Program error(s) halt execution for D:\Programming\Dynamic Paper-dlrhcs_replication\outputs\empirical\unemployment\raw_sa_pilot\x13_work\ces_hours_log_additive_34900_200701_201612.spc
 Check error file D:\Programming\Dynamic Paper-dlrhcs_replication\outputs\empirical\unemployment\raw_sa_pilot\x13_work\ces_hours_log_additive_34900_200701_201612.err",,"
 X-13ARIMA-SEATS Seasonal Adjustment Program
 Version Number 1.1 Build 62
 Execution began  Jul 29, 2026  08.55.42 

  Reading input spec file from D:\Programming\Dynamic Paper-dlrhcs_replication\outputs\empirical\unemployment\raw_sa_pilot\x13_work\ces_hours_log_additive_34900_200701_201612.spc
  Storing any program output into D:\Programming\Dynamic Paper-dlrhcs_replication\outputs\empirical\unemployment\raw_sa_pilot\x13_work\ces_hours_log_additive_34900_200701_201612.out
  Storing any program error messages into D:\Programming\Dynamic Paper-dlrhcs_replication\outputs\empirical\unemployment\raw_sa_pilot\x13_work\ces_hours_log_additive_34900_200701_201612.err
 
  
 ERROR: Additive seasonal adjustment will not be performed when
        preadjustment factors are derived from a REGARIMA model 
        for transformed data.
  
        Check the values for the power or function arguments of the 
        transform spec and mode of the x11 spec.
  Program error(s) halt execution for D:\Programming\Dynamic Paper-dlrhcs_replication\outputs\empirical\unemployment\raw_sa_pilot\x13_work\ces_hours_log_additive_34900_200701_201612.spc

 Check error file D:\Programming\Dynamic Paper-dlrhcs_replication\outputs\empirical\unemployment\raw_sa_pilot\x13_work\ces_hours_log_additive_34900_200701_201612.err

"
ces_hours,34900,,,,segment_too_short,,,6,,,,,,,,
ces_hours,34940,"Naples-Marco Island, FL",additive_level,ces_hours_additive_level_34940_200701_201612,ok,0,1,120,2007-01-01,2016-12-01,none,add,0,,,"
"
ces_hours,34940,"Naples-Marco Island, FL",log_additive,ces_hours_log_additive_34940_200701_201612,failed:0,0,0,120,2007-01-01,2016-12-01,log,add,1,"  Storing any program error messages into D:\Programming\Dynamic Paper-dlrhcs_replication\outputs\empirical\unemployment\raw_sa_pilot\x13_work\ces_hours_log_additive_34940_200701_201612.err
 WARNING: Visually significant seasonal and trading day peaks have 
 ERROR: Additive seasonal adjustment will not be performed when
  Program error(s) halt execution for D:\Programming\Dynamic Paper-dlrhcs_replication\outputs\empirical\unemployment\raw_sa_pilot\x13_work\ces_hours_log_additive_34940_200701_201612.spc
 Check error file D:\Programming\Dynamic Paper-dlrhcs_replication\outputs\empirical\unemployment\raw_sa_pilot\x13_work\ces_hours_log_additive_34940_200701_201612.err",,"
 X-13ARIMA-SEATS Seasonal Adjustment Program
 Version Number 1.1 Build 62
 Execution began  Jul 29, 2026  08.55.43 

  Reading input spec file from D:\Programming\Dynamic Paper-dlrhcs_replication\outputs\empirical\unemployment\raw_sa_pilot\x13_work\ces_hours_log_additive_34940_200701_201612.spc
  Storing any program output into D:\Programming\Dynamic Paper-dlrhcs_replication\outputs\empirical\unemployment\raw_sa_pilot\x13_work\ces_hours_log_additive_34940_200701_201612.out
  Storing any program error messages into D:\Programming\Dynamic Paper-dlrhcs_replication\outputs\empirical\unemployment\raw_sa_pilot\x13_work\ces_hours_log_additive_34940_200701_201612.err
 
  
 WARNING: Visually significant seasonal and trading day peaks have 
          been found in the estimated spectrum of the regARIMA residuals.
  
 ERROR: Additive seasonal adjustment will not be performed when
        preadjustment factors are derived from a REGARIMA model 
        for transformed data.
  
        Check the values for the power or function arguments of the 
        transform spec and mode of the x11 spec.
  Program error(s) halt execution for D:\Programming\Dynamic Paper-dlrhcs_replication\outputs\empirical\unemployment\raw_sa_pilot\x13_work\ces_hours_log_additive_34940_200701_201612.spc

 Check error file D:\Programming\Dynamic Paper-dlrhcs_replication\outputs\empirical\unemployment\raw_sa_pilot\x13_work\ces_hours_log_additive_34940_200701_201612.err

"
ces_hours,34940,,,,segment_too_short,,,6,,,,,,,,
ces_hours,34980,"Nashville-Davidson--Murfreesboro--Franklin, TN",additive_level,ces_hours_additive_level_34980_200701_201612,ok,0,1,120,2007-01-01,2016-12-01,none,add,0,,,"
"
ces_hours,34980,"Nashville-Davidson--Murfreesboro--Franklin, TN",log_additive,ces_hours_log_additive_34980_200701_201612,ok,0,1,120,2007-01-01,2016-12-01,log,add,0,,,"
"
ces_hours,35004,"Nassau County-Suffolk County, NY Metropolitan Division",additive_level,ces_hours_additive_level_35004_200701_201612,ok,0,1,120,2007-01-01,2016-12-01,none,add,0,,,"
"
ces_hours,35004,"Nassau County-Suffolk County, NY Metropolitan Division",log_additive,ces_hours_log_additive_35004_200701_201612,ok,0,1,120,2007-01-01,2016-12-01,log,add,0,,,"
"
ces_hours,35084,"Newark, NJ Metropolitan Division",additive_level,ces_hours_additive_level_35084_200701_201612,ok,0,1,120,2007-01-01,2016-12-01,none,add,0,,,"
"
ces_hours,35084,"Newark, NJ Metropolitan Division",log_additive,ces_hours_log_additive_35084_200701_201612,ok,0,1,120,2007-01-01,2016-12-01,log,add,0,,,"
"
ces_hours,35300,"New Haven, CT",additive_level,ces_hours_additive_level_35300_200701_201612,ok,0,1,120,2007-01-01,2016-12-01,none,add,0,,,"
"
ces_hours,35300,"New Haven, CT",log_additive,ces_hours_log_additive_35300_200701_201612,ok,0,1,120,2007-01-01,2016-12-01,log,add,0,,,"
"
ces_hours,35300,,,,segment_too_short,,,6,,,,,,,,
ces_hours,35380,"New Orleans-Metairie, LA",additive_level,ces_hours_additive_level_35380_200701_201612,ok,0,1,120,2007-01-01,2016-12-01,none,add,0,,,"
"
ces_hours,35380,"New Orleans-Metairie, LA",log_additive,ces_hours_log_additive_35380_200701_201612,failed:0,0,0,120,2007-01-01,2016-12-01,log,add,1,"  Storing any program error messages into D:\Programming\Dynamic Paper-dlrhcs_replication\outputs\empirical\unemployment\raw_sa_pilot\x13_work\ces_hours_log_additive_35380_200701_201612.err
 ERROR: Additive seasonal adjustment will not be performed when
  Program error(s) halt execution for D:\Programming\Dynamic Paper-dlrhcs_replication\outputs\empirical\unemployment\raw_sa_pilot\x13_work\ces_hours_log_additive_35380_200701_201612.spc
 Check error file D:\Programming\Dynamic Paper-dlrhcs_replication\outputs\empirical\unemployment\raw_sa_pilot\x13_work\ces_hours_log_additive_35380_200701_201612.err",,"
 X-13ARIMA-SEATS Seasonal Adjustment Program
 Version Number 1.1 Build 62
 Execution began  Jul 29, 2026  08.55.44 

  Reading input spec file from D:\Programming\Dynamic Paper-dlrhcs_replication\outputs\empirical\unemployment\raw_sa_pilot\x13_work\ces_hours_log_additive_35380_200701_201612.spc
  Storing any program output into D:\Programming\Dynamic Paper-dlrhcs_replication\outputs\empirical\unemployment\raw_sa_pilot\x13_work\ces_hours_log_additive_35380_200701_201612.out
  Storing any program error messages into D:\Programming\Dynamic Paper-dlrhcs_replication\outputs\empirical\unemployment\raw_sa_pilot\x13_work\ces_hours_log_additive_35380_200701_201612.err
 
  
 ERROR: Additive seasonal adjustment will not be performed when
        preadjustment factors are derived from a REGARIMA model 
        for transformed data.
  
        Check the values for the power or function arguments of the 
        transform spec and mode of the x11 spec.
  Program error(s) halt execution for D:\Programming\Dynamic Paper-dlrhcs_replication\outputs\empirical\unemployment\raw_sa_pilot\x13_work\ces_hours_log_additive_35380_200701_201612.spc

 Check error file D:\Programming\Dynamic Paper-dlrhcs_replication\outputs\empirical\unemployment\raw_sa_pilot\x13_work\ces_hours_log_additive_35380_200701_201612.err

"
ces_hours,35380,,,,segment_too_short,,,6,,,,,,,,
ces_hours,35614,,,,segment_too_short,,,72,,,,,,,,
ces_hours,35620,,,,segment_too_short,,,72,,,,,,,,
ces_hours,35660,"Niles, MI",additive_level,ces_hours_additive_level_35660_200701_201612,ok,0,1,120,2007-01-01,2016-12-01,none,add,0,,,"
"
ces_hours,35660,"Niles, MI",log_additive,ces_hours_log_additive_35660_200701_201612,ok,0,1,120,2007-01-01,2016-12-01,log,add,0,,,"
"
ces_hours,35840,"North Port-Bradenton-Sarasota, FL",additive_level,ces_hours_additive_level_35840_200701_201612,ok,0,1,120,2007-01-01,2016-12-01,none,add,0,,,"
"
ces_hours,35840,"North Port-Bradenton-Sarasota, FL",log_additive,ces_hours_log_additive_35840_200701_201612,ok,0,1,120,2007-01-01,2016-12-01,log,add,0,,,"
"
ces_hours,35840,,,,segment_too_short,,,6,,,,,,,,
ces_hours,35980,"Norwich-New London-Willimantic, CT",additive_level,ces_hours_additive_level_35980_200701_201612,ok,0,1,120,2007-01-01,2016-12-01,none,add,0,,,"
"
ces_hours,35980,"Norwich-New London-Willimantic, CT",log_additive,ces_hours_log_additive_35980_200701_201612,failed:0,0,0,120,2007-01-01,2016-12-01,log,add,1,"  Storing any program error messages into D:\Programming\Dynamic Paper-dlrhcs_replication\outputs\empirical\unemployment\raw_sa_pilot\x13_work\ces_hours_log_additive_35980_200701_201612.err
 ERROR: Additive seasonal adjustment will not be performed when
  Program error(s) halt execution for D:\Programming\Dynamic Paper-dlrhcs_replication\outputs\empirical\unemployment\raw_sa_pilot\x13_work\ces_hours_log_additive_35980_200701_201612.spc
 Check error file D:\Programming\Dynamic Paper-dlrhcs_replication\outputs\empirical\unemployment\raw_sa_pilot\x13_work\ces_hours_log_additive_35980_200701_201612.err",,"
 X-13ARIMA-SEATS Seasonal Adjustment Program
 Version Number 1.1 Build 62
 Execution began  Jul 29, 2026  08.55.44 

  Reading input spec file from D:\Programming\Dynamic Paper-dlrhcs_replication\outputs\empirical\unemployment\raw_sa_pilot\x13_work\ces_hours_log_additive_35980_200701_201612.spc
  Storing any program output into D:\Programming\Dynamic Paper-dlrhcs_replication\outputs\empirical\unemployment\raw_sa_pilot\x13_work\ces_hours_log_additive_35980_200701_201612.out
  Storing any program error messages into D:\Programming\Dynamic Paper-dlrhcs_replication\outputs\empirical\unemployment\raw_sa_pilot\x13_work\ces_hours_log_additive_35980_200701_201612.err
 
  
 ERROR: Additive seasonal adjustment will not be performed when
        preadjustment factors are derived from a REGARIMA model 
        for transformed data.
  
        Check the values for the power or function arguments of the 
        transform spec and mode of the x11 spec.
  Program error(s) halt execution for D:\Programming\Dynamic Paper-dlrhcs_replication\outputs\empirical\unemployment\raw_sa_pilot\x13_work\ces_hours_log_additive_35980_200701_201612.spc

 Check error file D:\Programming\Dynamic Paper-dlrhcs_replication\outputs\empirical\unemployment\raw_sa_pilot\x13_work\ces_hours_log_additive_35980_200701_201612.err

"
ces_hours,35980,,,,segment_too_short,,,6,,,,,,,,
ces_hours,36084,"Oakland-Fremont-Berkeley, CA Metropolitan Division",additive_level,ces_hours_additive_level_36084_200701_201612,ok,0,1,120,2007-01-01,2016-12-01,none,add,0,,,"
"
ces_hours,36084,"Oakland-Fremont-Berkeley, CA Metropolitan Division",log_additive,ces_hours_log_additive_36084_200701_201612,failed:0,0,0,120,2007-01-01,2016-12-01,log,add,1,"  Storing any program error messages into D:\Programming\Dynamic Paper-dlrhcs_replication\outputs\empirical\unemployment\raw_sa_pilot\x13_work\ces_hours_log_additive_36084_200701_201612.err
 WARNING: Visually significant seasonal and trading day peaks have 
 ERROR: Additive seasonal adjustment will not be performed when
  Program error(s) halt execution for D:\Programming\Dynamic Paper-dlrhcs_replication\outputs\empirical\unemployment\raw_sa_pilot\x13_work\ces_hours_log_additive_36084_200701_201612.spc
 Check error file D:\Programming\Dynamic Paper-dlrhcs_replication\outputs\empirical\unemployment\raw_sa_pilot\x13_work\ces_hours_log_additive_36084_200701_201612.err",,"
 X-13ARIMA-SEATS Seasonal Adjustment Program
 Version Number 1.1 Build 62
 Execution began  Jul 29, 2026  08.55.44 

  Reading input spec file from D:\Programming\Dynamic Paper-dlrhcs_replication\outputs\empirical\unemployment\raw_sa_pilot\x13_work\ces_hours_log_additive_36084_200701_201612.spc
  Storing any program output into D:\Programming\Dynamic Paper-dlrhcs_replication\outputs\empirical\unemployment\raw_sa_pilot\x13_work\ces_hours_log_additive_36084_200701_201612.out
  Storing any program error messages into D:\Programming\Dynamic Paper-dlrhcs_replication\outputs\empirical\unemployment\raw_sa_pilot\x13_work\ces_hours_log_additive_36084_200701_201612.err
 
  
 WARNING: Visually significant seasonal and trading day peaks have 
          been found in the estimated spectrum of the regARIMA residuals.
  
 ERROR: Additive seasonal adjustment will not be performed when
        preadjustment factors are derived from a REGARIMA model 
        for transformed data.
  
        Check the values for the power or function arguments of the 
        transform spec and mode of the x11 spec.
  Program error(s) halt execution for D:\Programming\Dynamic Paper-dlrhcs_replication\outputs\empirical\unemployment\raw_sa_pilot\x13_work\ces_hours_log_additive_36084_200701_201612.spc

 Check error file D:\Programming\Dynamic Paper-dlrhcs_replication\outputs\empirical\unemployment\raw_sa_pilot\x13_work\ces_hours_log_additive_36084_200701_201612.err

"
ces_hours,36084,,,,segment_too_short,,,6,,,,,,,,
ces_hours,36100,"Ocala, FL",additive_level,ces_hours_additive_level_36100_200701_201612,ok,0,1,120,2007-01-01,2016-12-01,none,add,0,,,"
"
ces_hours,36100,"Ocala, FL",log_additive,ces_hours_log_additive_36100_200701_201612,ok,0,1,120,2007-01-01,2016-12-01,log,add,0,,,"
"
ces_hours,36100,,,,segment_too_short,,,6,,,,,,,,
ces_hours,36220,"Odessa, TX",additive_level,ces_hours_additive_level_36220_200701_201612,ok,0,1,120,2007-01-01,2016-12-01,none,add,0,,,"
"
ces_hours,36220,"Odessa, TX",log_additive,ces_hours_log_additive_36220_200701_201612,ok,0,1,120,2007-01-01,2016-12-01,log,add,0,,,"
"
ces_hours,36260,"Ogden, UT",additive_level,ces_hours_additive_level_36260_200701_201612,ok,0,1,120,2007-01-01,2016-12-01,none,add,0,,,"
"
ces_hours,36260,"Ogden, UT",log_additive,ces_hours_log_additive_36260_200701_201612,ok,0,1,120,2007-01-01,2016-12-01,log,add,0,,,"
"
ces_hours,36420,"Oklahoma City, OK",additive_level,ces_hours_additive_level_36420_200701_201612,ok,0,1,120,2007-01-01,2016-12-01,none,add,0,,,"
"
ces_hours,36420,"Oklahoma City, OK",log_additive,ces_hours_log_additive_36420_200701_201612,failed:0,0,0,120,2007-01-01,2016-12-01,log,add,1,"  Storing any program error messages into D:\Programming\Dynamic Paper-dlrhcs_replication\outputs\empirical\unemployment\raw_sa_pilot\x13_work\ces_hours_log_additive_36420_200701_201612.err
 WARNING: At least one visually significant seasonal peak has been found
 ERROR: Additive seasonal adjustment will not be performed when
  Program error(s) halt execution for D:\Programming\Dynamic Paper-dlrhcs_replication\outputs\empirical\unemployment\raw_sa_pilot\x13_work\ces_hours_log_additive_36420_200701_201612.spc
 Check error file D:\Programming\Dynamic Paper-dlrhcs_replication\outputs\empirical\unemployment\raw_sa_pilot\x13_work\ces_hours_log_additive_36420_200701_201612.err",,"
 X-13ARIMA-SEATS Seasonal Adjustment Program
 Version Number 1.1 Build 62
 Execution began  Jul 29, 2026  08.55.44 

  Reading input spec file from D:\Programming\Dynamic Paper-dlrhcs_replication\outputs\empirical\unemployment\raw_sa_pilot\x13_work\ces_hours_log_additive_36420_200701_201612.spc
  Storing any program output into D:\Programming\Dynamic Paper-dlrhcs_replication\outputs\empirical\unemployment\raw_sa_pilot\x13_work\ces_hours_log_additive_36420_200701_201612.out
  Storing any program error messages into D:\Programming\Dynamic Paper-dlrhcs_replication\outputs\empirical\unemployment\raw_sa_pilot\x13_work\ces_hours_log_additive_36420_200701_201612.err
 
  
 WARNING: At least one visually significant seasonal peak has been found
          in the estimated spectrum of the regARIMA residuals.
  
 ERROR: Additive seasonal adjustment will not be performed when
        preadjustment factors are derived from a REGARIMA model 
        for transformed data.
  
        Check the values for the power or function arguments of the 
        transform spec and mode of the x11 spec.
  Program error(s) halt execution for D:\Programming\Dynamic Paper-dlrhcs_replication\outputs\empirical\unemployment\raw_sa_pilot\x13_work\ces_hours_log_additive_36420_200701_201612.spc

 Check error file D:\Programming\Dynamic Paper-dlrhcs_replication\outputs\empirical\unemployment\raw_sa_pilot\x13_work\ces_hours_log_additive_36420_200701_201612.err

"
ces_hours,36500,"Olympia-Lacey-Tumwater, WA",additive_level,ces_hours_additive_level_36500_200701_201612,ok,0,1,120,2007-01-01,2016-12-01,none,add,0,,,"
"
ces_hours,36500,"Olympia-Lacey-Tumwater, WA",log_additive,ces_hours_log_additive_36500_200701_201612,failed:0,0,0,120,2007-01-01,2016-12-01,log,add,1,"  Storing any program error messages into D:\Programming\Dynamic Paper-dlrhcs_replication\outputs\empirical\unemployment\raw_sa_pilot\x13_work\ces_hours_log_additive_36500_200701_201612.err
 ERROR: Additive seasonal adjustment will not be performed when
  Program error(s) halt execution for D:\Programming\Dynamic Paper-dlrhcs_replication\outputs\empirical\unemployment\raw_sa_pilot\x13_work\ces_hours_log_additive_36500_200701_201612.spc
 Check error file D:\Programming\Dynamic Paper-dlrhcs_replication\outputs\empirical\unemployment\raw_sa_pilot\x13_work\ces_hours_log_additive_36500_200701_201612.err",,"
 X-13ARIMA-SEATS Seasonal Adjustment Program
 Version Number 1.1 Build 62
 Execution began  Jul 29, 2026  08.55.45 

  Reading input spec file from D:\Programming\Dynamic Paper-dlrhcs_replication\outputs\empirical\unemployment\raw_sa_pilot\x13_work\ces_hours_log_additive_36500_200701_201612.spc
  Storing any program output into D:\Programming\Dynamic Paper-dlrhcs_replication\outputs\empirical\unemployment\raw_sa_pilot\x13_work\ces_hours_log_additive_36500_200701_201612.out
  Storing any program error messages into D:\Programming\Dynamic Paper-dlrhcs_replication\outputs\empirical\unemployment\raw_sa_pilot\x13_work\ces_hours_log_additive_36500_200701_201612.err
 
  
 ERROR: Additive seasonal adjustment will not be performed when
        preadjustment factors are derived from a REGARIMA model 
        for transformed data.
  
        Check the values for the power or function arguments of the 
        transform spec and mode of the x11 spec.
  Program error(s) halt execution for D:\Programming\Dynamic Paper-dlrhcs_replication\outputs\empirical\unemployment\raw_sa_pilot\x13_work\ces_hours_log_additive_36500_200701_201612.spc

 Check error file D:\Programming\Dynamic Paper-dlrhcs_replication\outputs\empirical\unemployment\raw_sa_pilot\x13_work\ces_hours_log_additive_36500_200701_201612.err

"
ces_hours,36540,"Omaha, NE-IA",additive_level,ces_hours_additive_level_36540_200701_201612,ok,0,1,120,2007-01-01,2016-12-01,none,add,0,,,"
"
ces_hours,36540,"Omaha, NE-IA",log_additive,ces_hours_log_additive_36540_200701_201612,failed:0,0,0,120,2007-01-01,2016-12-01,log,add,1,"  Storing any program error messages into D:\Programming\Dynamic Paper-dlrhcs_replication\outputs\empirical\unemployment\raw_sa_pilot\x13_work\ces_hours_log_additive_36540_200701_201612.err
 ERROR: Additive seasonal adjustment will not be performed when
  Program error(s) halt execution for D:\Programming\Dynamic Paper-dlrhcs_replication\outputs\empirical\unemployment\raw_sa_pilot\x13_work\ces_hours_log_additive_36540_200701_201612.spc
 Check error file D:\Programming\Dynamic Paper-dlrhcs_replication\outputs\empirical\unemployment\raw_sa_pilot\x13_work\ces_hours_log_additive_36540_200701_201612.err",,"
 X-13ARIMA-SEATS Seasonal Adjustment Program
 Version Number 1.1 Build 62
 Execution began  Jul 29, 2026  08.55.45 

  Reading input spec file from D:\Programming\Dynamic Paper-dlrhcs_replication\outputs\empirical\unemployment\raw_sa_pilot\x13_work\ces_hours_log_additive_36540_200701_201612.spc
  Storing any program output into D:\Programming\Dynamic Paper-dlrhcs_replication\outputs\empirical\unemployment\raw_sa_pilot\x13_work\ces_hours_log_additive_36540_200701_201612.out
  Storing any program error messages into D:\Programming\Dynamic Paper-dlrhcs_replication\outputs\empirical\unemployment\raw_sa_pilot\x13_work\ces_hours_log_additive_36540_200701_201612.err
 
  
 ERROR: Additive seasonal adjustment will not be performed when
        preadjustment factors are derived from a REGARIMA model 
        for transformed data.
  
        Check the values for the power or function arguments of the 
        transform spec and mode of the x11 spec.
  Program error(s) halt execution for D:\Programming\Dynamic Paper-dlrhcs_replication\outputs\empirical\unemployment\raw_sa_pilot\x13_work\ces_hours_log_additive_36540_200701_201612.spc

 Check error file D:\Programming\Dynamic Paper-dlrhcs_replication\outputs\empirical\unemployment\raw_sa_pilot\x13_work\ces_hours_log_additive_36540_200701_201612.err

"
ces_hours,36740,"Orlando-Kissimmee-Sanford, FL",additive_level,ces_hours_additive_level_36740_200701_201612,ok,0,1,120,2007-01-01,2016-12-01,none,add,0,,,"
"
ces_hours,36740,"Orlando-Kissimmee-Sanford, FL",log_additive,ces_hours_log_additive_36740_200701_201612,ok,0,1,120,2007-01-01,2016-12-01,log,add,0,,,"
"
ces_hours,36740,,,,segment_too_short,,,6,,,,,,,,
ces_hours,36780,"Oshkosh-Neenah, WI",additive_level,ces_hours_additive_level_36780_200701_201612,ok,0,1,120,2007-01-01,2016-12-01,none,add,0,,,"
"
ces_hours,36780,"Oshkosh-Neenah, WI",log_additive,ces_hours_log_additive_36780_200701_201612,failed:0,0,0,120,2007-01-01,2016-12-01,log,add,1,"  Storing any program error messages into D:\Programming\Dynamic Paper-dlrhcs_replication\outputs\empirical\unemployment\raw_sa_pilot\x13_work\ces_hours_log_additive_36780_200701_201612.err
 ERROR: Additive seasonal adjustment will not be performed when
  Program error(s) halt execution for D:\Programming\Dynamic Paper-dlrhcs_replication\outputs\empirical\unemployment\raw_sa_pilot\x13_work\ces_hours_log_additive_36780_200701_201612.spc
 Check error file D:\Programming\Dynamic Paper-dlrhcs_replication\outputs\empirical\unemployment\raw_sa_pilot\x13_work\ces_hours_log_additive_36780_200701_201612.err",,"
 X-13ARIMA-SEATS Seasonal Adjustment Program
 Version Number 1.1 Build 62
 Execution began  Jul 29, 2026  08.55.46 

  Reading input spec file from D:\Programming\Dynamic Paper-dlrhcs_replication\outputs\empirical\unemployment\raw_sa_pilot\x13_work\ces_hours_log_additive_36780_200701_201612.spc
  Storing any program output into D:\Programming\Dynamic Paper-dlrhcs_replication\outputs\empirical\unemployment\raw_sa_pilot\x13_work\ces_hours_log_additive_36780_200701_201612.out
  Storing any program error messages into D:\Programming\Dynamic Paper-dlrhcs_replication\outputs\empirical\unemployment\raw_sa_pilot\x13_work\ces_hours_log_additive_36780_200701_201612.err
 
  
 ERROR: Additive seasonal adjustment will not be performed when
        preadjustment factors are derived from a REGARIMA model 
        for transformed data.
  
        Check the values for the power or function arguments of the 
        transform spec and mode of the x11 spec.
  Program error(s) halt execution for D:\Programming\Dynamic Paper-dlrhcs_replication\outputs\empirical\unemployment\raw_sa_pilot\x13_work\ces_hours_log_additive_36780_200701_201612.spc

 Check error file D:\Programming\Dynamic Paper-dlrhcs_replication\outputs\empirical\unemployment\raw_sa_pilot\x13_work\ces_hours_log_additive_36780_200701_201612.err

"
ces_hours,36980,"Owensboro, KY",additive_level,ces_hours_additive_level_36980_200701_201612,ok,0,1,120,2007-01-01,2016-12-01,none,add,0,,,"
"
ces_hours,36980,"Owensboro, KY",log_additive,ces_hours_log_additive_36980_200701_201612,ok,0,1,120,2007-01-01,2016-12-01,log,add,0,,,"
"
ces_hours,36980,,,,segment_too_short,,,6,,,,,,,,
ces_hours,37100,"Oxnard-Thousand Oaks-Ventura, CA",additive_level,ces_hours_additive_level_37100_200701_201612,ok,0,1,120,2007-01-01,2016-12-01,none,add,0,,,"
"
ces_hours,37100,"Oxnard-Thousand Oaks-Ventura, CA",log_additive,ces_hours_log_additive_37100_200701_201612,ok,0,1,120,2007-01-01,2016-12-01,log,add,0,,,"
"
ces_hours,37100,,,,segment_too_short,,,6,,,,,,,,
ces_hours,37140,,,,segment_too_short,,,72,,,,,,,,
ces_hours,37140,,,,segment_too_short,,,6,,,,,,,,
ces_hours,37340,"Palm Bay-Melbourne-Titusville, FL",additive_level,ces_hours_additive_level_37340_200701_201612,ok,0,1,120,2007-01-01,2016-12-01,none,add,0,,,"
"
ces_hours,37340,"Palm Bay-Melbourne-Titusville, FL",log_additive,ces_hours_log_additive_37340_200701_201612,ok,0,1,120,2007-01-01,2016-12-01,log,add,0,,,"
"
ces_hours,37340,,,,segment_too_short,,,6,,,,,,,,
ces_hours,37460,"Panama City-Panama City Beach, FL",additive_level,ces_hours_additive_level_37460_200701_201612,ok,0,1,120,2007-01-01,2016-12-01,none,add,0,,,"
"
ces_hours,37460,"Panama City-Panama City Beach, FL",log_additive,ces_hours_log_additive_37460_200701_201612,ok,0,1,120,2007-01-01,2016-12-01,log,add,0,,,"
"
ces_hours,37460,,,,segment_too_short,,,6,,,,,,,,
ces_hours,37620,"Parkersburg-Vienna, WV",additive_level,ces_hours_additive_level_37620_200701_201612,ok,0,1,120,2007-01-01,2016-12-01,none,add,0,,,"
"
ces_hours,37620,"Parkersburg-Vienna, WV",log_additive,ces_hours_log_additive_37620_200701_201612,ok,0,1,120,2007-01-01,2016-12-01,log,add,0,,,"
"
ces_hours,37860,"Pensacola-Ferry Pass-Brent, FL",additive_level,ces_hours_additive_level_37860_200701_201612,ok,0,1,120,2007-01-01,2016-12-01,none,add,0,,,"
"
ces_hours,37860,"Pensacola-Ferry Pass-Brent, FL",log_additive,ces_hours_log_additive_37860_200701_201612,ok,0,1,120,2007-01-01,2016-12-01,log,add,0,,,"
"
ces_hours,37860,,,,segment_too_short,,,6,,,,,,,,
ces_hours,37900,"Peoria, IL",additive_level,ces_hours_additive_level_37900_200701_201612,ok,0,1,120,2007-01-01,2016-12-01,none,add,0,,,"
"
ces_hours,37900,"Peoria, IL",log_additive,ces_hours_log_additive_37900_200701_201612,ok,0,1,120,2007-01-01,2016-12-01,log,add,0,,,"
"
ces_hours,37900,,,,segment_too_short,,,6,,,,,,,,
ces_hours,37964,,,,segment_too_short,,,72,,,,,,,,
ces_hours,37980,,,,segment_too_short,,,72,,,,,,,,
ces_hours,38060,"Phoenix-Mesa-Chandler, AZ",additive_level,ces_hours_additive_level_38060_200701_201612,ok,0,1,120,2007-01-01,2016-12-01,none,add,0,,,"
"
ces_hours,38060,"Phoenix-Mesa-Chandler, AZ",log_additive,ces_hours_log_additive_38060_200701_201612,ok,0,1,120,2007-01-01,2016-12-01,log,add,0,,,"
"
ces_hours,38060,,,,segment_too_short,,,6,,,,,,,,
ces_hours,38240,,,,segment_too_short,,,72,,,,,,,,
ces_hours,38300,"Pittsburgh, PA",additive_level,ces_hours_additive_level_38300_200701_201612,ok,0,1,120,2007-01-01,2016-12-01,none,add,0,,,"
"
ces_hours,38300,"Pittsburgh, PA",log_additive,ces_hours_log_additive_38300_200701_201612,ok,0,1,120,2007-01-01,2016-12-01,log,add,0,,,"
"
ces_hours,38340,"Pittsfield, MA",additive_level,ces_hours_additive_level_38340_200701_201612,ok,0,1,120,2007-01-01,2016-12-01,none,add,0,,,"
"
ces_hours,38340,"Pittsfield, MA",log_additive,ces_hours_log_additive_38340_200701_201612,ok,0,1,120,2007-01-01,2016-12-01,log,add,0,,,"
"
ces_hours,38540,"Pocatello, ID",additive_level,ces_hours_additive_level_38540_200701_201612,ok,0,1,120,2007-01-01,2016-12-01,none,add,0,,,"
"
ces_hours,38540,"Pocatello, ID",log_additive,ces_hours_log_additive_38540_200701_201612,ok,0,1,120,2007-01-01,2016-12-01,log,add,0,,,"
"
ces_hours,38540,,,,segment_too_short,,,6,,,,,,,,
ces_hours,38660,,,,segment_too_short,,,21,,,,,,,,
ces_hours,38860,"Portland-South Portland, ME",additive_level,ces_hours_additive_level_38860_200701_201612,ok,0,1,120,2007-01-01,2016-12-01,none,add,0,,,"
"
ces_hours,38860,"Portland-South Portland, ME",log_additive,ces_hours_log_additive_38860_200701_201612,ok,0,1,120,2007-01-01,2016-12-01,log,add,0,,,"
"
ces_hours,38900,"Portland-Vancouver-Hillsboro, OR-WA",additive_level,ces_hours_additive_level_38900_200701_201612,ok,0,1,120,2007-01-01,2016-12-01,none,add,0,,,"
"
ces_hours,38900,"Portland-Vancouver-Hillsboro, OR-WA",log_additive,ces_hours_log_additive_38900_200701_201612,failed:0,0,0,120,2007-01-01,2016-12-01,log,add,1,"  Storing any program error messages into D:\Programming\Dynamic Paper-dlrhcs_replication\outputs\empirical\unemployment\raw_sa_pilot\x13_work\ces_hours_log_additive_38900_200701_201612.err
 WARNING: At least one visually significant seasonal peak has been found
 ERROR: Additive seasonal adjustment will not be performed when
  Program error(s) halt execution for D:\Programming\Dynamic Paper-dlrhcs_replication\outputs\empirical\unemployment\raw_sa_pilot\x13_work\ces_hours_log_additive_38900_200701_201612.spc
 Check error file D:\Programming\Dynamic Paper-dlrhcs_replication\outputs\empirical\unemployment\raw_sa_pilot\x13_work\ces_hours_log_additive_38900_200701_201612.err",,"
 X-13ARIMA-SEATS Seasonal Adjustment Program
 Version Number 1.1 Build 62
 Execution began  Jul 29, 2026  08.55.46 

  Reading input spec file from D:\Programming\Dynamic Paper-dlrhcs_replication\outputs\empirical\unemployment\raw_sa_pilot\x13_work\ces_hours_log_additive_38900_200701_201612.spc
  Storing any program output into D:\Programming\Dynamic Paper-dlrhcs_replication\outputs\empirical\unemployment\raw_sa_pilot\x13_work\ces_hours_log_additive_38900_200701_201612.out
  Storing any program error messages into D:\Programming\Dynamic Paper-dlrhcs_replication\outputs\empirical\unemployment\raw_sa_pilot\x13_work\ces_hours_log_additive_38900_200701_201612.err
 
  
 WARNING: At least one visually significant seasonal peak has been found
          in the estimated spectrum of the regARIMA residuals.
  
 ERROR: Additive seasonal adjustment will not be performed when
        preadjustment factors are derived from a REGARIMA model 
        for transformed data.
  
        Check the values for the power or function arguments of the 
        transform spec and mode of the x11 spec.
  Program error(s) halt execution for D:\Programming\Dynamic Paper-dlrhcs_replication\outputs\empirical\unemployment\raw_sa_pilot\x13_work\ces_hours_log_additive_38900_200701_201612.spc

 Check error file D:\Programming\Dynamic Paper-dlrhcs_replication\outputs\empirical\unemployment\raw_sa_pilot\x13_work\ces_hours_log_additive_38900_200701_201612.err

"
ces_hours,38940,"Port St. Lucie, FL",additive_level,ces_hours_additive_level_38940_200701_201612,ok,0,1,120,2007-01-01,2016-12-01,none,add,0,,,"
"
ces_hours,38940,"Port St. Lucie, FL",log_additive,ces_hours_log_additive_38940_200701_201612,ok,0,1,120,2007-01-01,2016-12-01,log,add,0,,,"
"
ces_hours,38940,,,,segment_too_short,,,6,,,,,,,,
ces_hours,39150,"Prescott Valley-Prescott, AZ",additive_level,ces_hours_additive_level_39150_200701_201612,ok,0,1,120,2007-01-01,2016-12-01,none,add,0,,,"
"
ces_hours,39150,"Prescott Valley-Prescott, AZ",log_additive,ces_hours_log_additive_39150_200701_201612,failed:0,0,0,120,2007-01-01,2016-12-01,log,add,1,"  Storing any program error messages into D:\Programming\Dynamic Paper-dlrhcs_replication\outputs\empirical\unemployment\raw_sa_pilot\x13_work\ces_hours_log_additive_39150_200701_201612.err
 WARNING: At least one visually significant trading day peak has been
 ERROR: Additive seasonal adjustment will not be performed when
  Program error(s) halt execution for D:\Programming\Dynamic Paper-dlrhcs_replication\outputs\empirical\unemployment\raw_sa_pilot\x13_work\ces_hours_log_additive_39150_200701_201612.spc
 Check error file D:\Programming\Dynamic Paper-dlrhcs_replication\outputs\empirical\unemployment\raw_sa_pilot\x13_work\ces_hours_log_additive_39150_200701_201612.err",,"
 X-13ARIMA-SEATS Seasonal Adjustment Program
 Version Number 1.1 Build 62
 Execution began  Jul 29, 2026  08.55.46 

  Reading input spec file from D:\Programming\Dynamic Paper-dlrhcs_replication\outputs\empirical\unemployment\raw_sa_pilot\x13_work\ces_hours_log_additive_39150_200701_201612.spc
  Storing any program output into D:\Programming\Dynamic Paper-dlrhcs_replication\outputs\empirical\unemployment\raw_sa_pilot\x13_work\ces_hours_log_additive_39150_200701_201612.out
  Storing any program error messages into D:\Programming\Dynamic Paper-dlrhcs_replication\outputs\empirical\unemployment\raw_sa_pilot\x13_work\ces_hours_log_additive_39150_200701_201612.err
 
  
 WARNING: At least one visually significant trading day peak has been
          found in the estimated spectrum of the regARIMA residuals.
  
 ERROR: Additive seasonal adjustment will not be performed when
        preadjustment factors are derived from a REGARIMA model 
        for transformed data.
  
        Check the values for the power or function arguments of the 
        transform spec and mode of the x11 spec.
  Program error(s) halt execution for D:\Programming\Dynamic Paper-dlrhcs_replication\outputs\empirical\unemployment\raw_sa_pilot\x13_work\ces_hours_log_additive_39150_200701_201612.spc

 Check error file D:\Programming\Dynamic Paper-dlrhcs_replication\outputs\empirical\unemployment\raw_sa_pilot\x13_work\ces_hours_log_additive_39150_200701_201612.err

"
ces_hours,39150,,,,segment_too_short,,,6,,,,,,,,
ces_hours,39300,,,,segment_too_short,,,72,,,,,,,,
ces_hours,39340,"Provo-Orem-Lehi, UT",additive_level,ces_hours_additive_level_39340_200701_201612,ok,0,1,120,2007-01-01,2016-12-01,none,add,0,,,"
"
ces_hours,39340,"Provo-Orem-Lehi, UT",log_additive,ces_hours_log_additive_39340_200701_201612,failed:0,0,0,120,2007-01-01,2016-12-01,log,add,1,"  Storing any program error messages into D:\Programming\Dynamic Paper-dlrhcs_replication\outputs\empirical\unemployment\raw_sa_pilot\x13_work\ces_hours_log_additive_39340_200701_201612.err
 WARNING: At least one visually significant seasonal peak has been found
 ERROR: Additive seasonal adjustment will not be performed when
  Program error(s) halt execution for D:\Programming\Dynamic Paper-dlrhcs_replication\outputs\empirical\unemployment\raw_sa_pilot\x13_work\ces_hours_log_additive_39340_200701_201612.spc
 Check error file D:\Programming\Dynamic Paper-dlrhcs_replication\outputs\empirical\unemployment\raw_sa_pilot\x13_work\ces_hours_log_additive_39340_200701_201612.err",,"
 X-13ARIMA-SEATS Seasonal Adjustment Program
 Version Number 1.1 Build 62
 Execution began  Jul 29, 2026  08.55.46 

  Reading input spec file from D:\Programming\Dynamic Paper-dlrhcs_replication\outputs\empirical\unemployment\raw_sa_pilot\x13_work\ces_hours_log_additive_39340_200701_201612.spc
  Storing any program output into D:\Programming\Dynamic Paper-dlrhcs_replication\outputs\empirical\unemployment\raw_sa_pilot\x13_work\ces_hours_log_additive_39340_200701_201612.out
  Storing any program error messages into D:\Programming\Dynamic Paper-dlrhcs_replication\outputs\empirical\unemployment\raw_sa_pilot\x13_work\ces_hours_log_additive_39340_200701_201612.err
 
  
 WARNING: At least one visually significant seasonal peak has been found
          in the estimated spectrum of the regARIMA residuals.
  
 ERROR: Additive seasonal adjustment will not be performed when
        preadjustment factors are derived from a REGARIMA model 
        for transformed data.
  
        Check the values for the power or function arguments of the 
        transform spec and mode of the x11 spec.
  Program error(s) halt execution for D:\Programming\Dynamic Paper-dlrhcs_replication\outputs\empirical\unemployment\raw_sa_pilot\x13_work\ces_hours_log_additive_39340_200701_201612.spc

 Check error file D:\Programming\Dynamic Paper-dlrhcs_replication\outputs\empirical\unemployment\raw_sa_pilot\x13_work\ces_hours_log_additive_39340_200701_201612.err

"
ces_hours,39380,"Pueblo, CO",additive_level,ces_hours_additive_level_39380_200701_201612,ok,0,1,120,2007-01-01,2016-12-01,none,add,0,,,"
"
ces_hours,39380,"Pueblo, CO",log_additive,ces_hours_log_additive_39380_200701_201612,ok,0,1,120,2007-01-01,2016-12-01,log,add,0,,,"
"
ces_hours,39380,,,,segment_too_short,,,6,,,,,,,,
ces_hours,39460,"Punta Gorda, FL",additive_level,ces_hours_additive_level_39460_200701_201612,ok,0,1,120,2007-01-01,2016-12-01,none,add,0,,,"
"
ces_hours,39460,"Punta Gorda, FL",log_additive,ces_hours_log_additive_39460_200701_201612,ok,0,1,120,2007-01-01,2016-12-01,log,add,0,,,"
"
ces_hours,39460,,,,segment_too_short,,,6,,,,,,,,
ces_hours,39540,"Racine-Mount Pleasant, WI",additive_level,ces_hours_additive_level_39540_200701_201612,ok,0,1,120,2007-01-01,2016-12-01,none,add,0,,,"
"
ces_hours,39540,"Racine-Mount Pleasant, WI",log_additive,ces_hours_log_additive_39540_200701_201612,ok,0,1,120,2007-01-01,2016-12-01,log,add,0,,,"
"
ces_hours,39580,"Raleigh-Cary, NC",additive_level,ces_hours_additive_level_39580_200701_201612,ok,0,1,120,2007-01-01,2016-12-01,none,add,0,,,"
"
ces_hours,39580,"Raleigh-Cary, NC",log_additive,ces_hours_log_additive_39580_200701_201612,failed:0,0,0,120,2007-01-01,2016-12-01,log,add,1,"  Storing any program error messages into D:\Programming\Dynamic Paper-dlrhcs_replication\outputs\empirical\unemployment\raw_sa_pilot\x13_work\ces_hours_log_additive_39580_200701_201612.err
 ERROR: Additive seasonal adjustment will not be performed when
  Program error(s) halt execution for D:\Programming\Dynamic Paper-dlrhcs_replication\outputs\empirical\unemployment\raw_sa_pilot\x13_work\ces_hours_log_additive_39580_200701_201612.spc
 Check error file D:\Programming\Dynamic Paper-dlrhcs_replication\outputs\empirical\unemployment\raw_sa_pilot\x13_work\ces_hours_log_additive_39580_200701_201612.err",,"
 X-13ARIMA-SEATS Seasonal Adjustment Program
 Version Number 1.1 Build 62
 Execution began  Jul 29, 2026  08.55.47 

  Reading input spec file from D:\Programming\Dynamic Paper-dlrhcs_replication\outputs\empirical\unemployment\raw_sa_pilot\x13_work\ces_hours_log_additive_39580_200701_201612.spc
  Storing any program output into D:\Programming\Dynamic Paper-dlrhcs_replication\outputs\empirical\unemployment\raw_sa_pilot\x13_work\ces_hours_log_additive_39580_200701_201612.out
  Storing any program error messages into D:\Programming\Dynamic Paper-dlrhcs_replication\outputs\empirical\unemployment\raw_sa_pilot\x13_work\ces_hours_log_additive_39580_200701_201612.err
 
  
 ERROR: Additive seasonal adjustment will not be performed when
        preadjustment factors are derived from a REGARIMA model 
        for transformed data.
  
        Check the values for the power or function arguments of the 
        transform spec and mode of the x11 spec.
  Program error(s) halt execution for D:\Programming\Dynamic Paper-dlrhcs_replication\outputs\empirical\unemployment\raw_sa_pilot\x13_work\ces_hours_log_additive_39580_200701_201612.spc

 Check error file D:\Programming\Dynamic Paper-dlrhcs_replication\outputs\empirical\unemployment\raw_sa_pilot\x13_work\ces_hours_log_additive_39580_200701_201612.err

"
ces_hours,39660,"Rapid City, SD",additive_level,ces_hours_additive_level_39660_200701_201612,ok,0,1,120,2007-01-01,2016-12-01,none,add,0,,,"
"
ces_hours,39660,"Rapid City, SD",log_additive,ces_hours_log_additive_39660_200701_201612,ok,0,1,120,2007-01-01,2016-12-01,log,add,0,,,"
"
ces_hours,39740,"Reading, PA",additive_level,ces_hours_additive_level_39740_200701_201612,ok,0,1,120,2007-01-01,2016-12-01,none,add,0,,,"
"
ces_hours,39740,"Reading, PA",log_additive,ces_hours_log_additive_39740_200701_201612,ok,0,1,120,2007-01-01,2016-12-01,log,add,0,,,"
"
ces_hours,39820,"Redding, CA",additive_level,ces_hours_additive_level_39820_200701_201612,ok,0,1,120,2007-01-01,2016-12-01,none,add,0,,,"
"
ces_hours,39820,"Redding, CA",log_additive,ces_hours_log_additive_39820_200701_201612,failed:0,0,0,120,2007-01-01,2016-12-01,log,add,1,"  Storing any program error messages into D:\Programming\Dynamic Paper-dlrhcs_replication\outputs\empirical\unemployment\raw_sa_pilot\x13_work\ces_hours_log_additive_39820_200701_201612.err
 WARNING: At least one visually significant seasonal peak has been found
 ERROR: Additive seasonal adjustment will not be performed when
  Program error(s) halt execution for D:\Programming\Dynamic Paper-dlrhcs_replication\outputs\empirical\unemployment\raw_sa_pilot\x13_work\ces_hours_log_additive_39820_200701_201612.spc
 Check error file D:\Programming\Dynamic Paper-dlrhcs_replication\outputs\empirical\unemployment\raw_sa_pilot\x13_work\ces_hours_log_additive_39820_200701_201612.err",,"
 X-13ARIMA-SEATS Seasonal Adjustment Program
 Version Number 1.1 Build 62
 Execution began  Jul 29, 2026  08.55.49 

  Reading input spec file from D:\Programming\Dynamic Paper-dlrhcs_replication\outputs\empirical\unemployment\raw_sa_pilot\x13_work\ces_hours_log_additive_39820_200701_201612.spc
  Storing any program output into D:\Programming\Dynamic Paper-dlrhcs_replication\outputs\empirical\unemployment\raw_sa_pilot\x13_work\ces_hours_log_additive_39820_200701_201612.out
  Storing any program error messages into D:\Programming\Dynamic Paper-dlrhcs_replication\outputs\empirical\unemployment\raw_sa_pilot\x13_work\ces_hours_log_additive_39820_200701_201612.err
 
  
 WARNING: At least one visually significant seasonal peak has been found
          in the estimated spectrum of the regARIMA residuals.
  
 ERROR: Additive seasonal adjustment will not be performed when
        preadjustment factors are derived from a REGARIMA model 
        for transformed data.
  
        Check the values for the power or function arguments of the 
        transform spec and mode of the x11 spec.
  Program error(s) halt execution for D:\Programming\Dynamic Paper-dlrhcs_replication\outputs\empirical\unemployment\raw_sa_pilot\x13_work\ces_hours_log_additive_39820_200701_201612.spc

 Check error file D:\Programming\Dynamic Paper-dlrhcs_replication\outputs\empirical\unemployment\raw_sa_pilot\x13_work\ces_hours_log_additive_39820_200701_201612.err

"
ces_hours,39820,,,,segment_too_short,,,6,,,,,,,,
ces_hours,39900,"Reno, NV",additive_level,ces_hours_additive_level_39900_200701_201612,ok,0,1,120,2007-01-01,2016-12-01,none,add,0,,,"
"
ces_hours,39900,"Reno, NV",log_additive,ces_hours_log_additive_39900_200701_201612,ok,0,1,120,2007-01-01,2016-12-01,log,add,0,,,"
"
ces_hours,40060,"Richmond, VA",additive_level,ces_hours_additive_level_40060_200701_201612,ok,0,1,120,2007-01-01,2016-12-01,none,add,0,,,"
"
ces_hours,40060,"Richmond, VA",log_additive,ces_hours_log_additive_40060_200701_201612,ok,0,1,120,2007-01-01,2016-12-01,log,add,0,,,"
"
ces_hours,40140,"Riverside-San Bernardino-Ontario, CA",additive_level,ces_hours_additive_level_40140_200701_201612,ok,0,1,120,2007-01-01,2016-12-01,none,add,0,,,"
"
ces_hours,40140,"Riverside-San Bernardino-Ontario, CA",log_additive,ces_hours_log_additive_40140_200701_201612,ok,0,1,120,2007-01-01,2016-12-01,log,add,0,,,"
"
ces_hours,40140,,,,segment_too_short,,,6,,,,,,,,
ces_hours,40220,"Roanoke, VA",additive_level,ces_hours_additive_level_40220_200701_201612,ok,0,1,120,2007-01-01,2016-12-01,none,add,0,,,"
"
ces_hours,40220,"Roanoke, VA",log_additive,ces_hours_log_additive_40220_200701_201612,ok,0,1,120,2007-01-01,2016-12-01,log,add,0,,,"
"
ces_hours,40340,"Rochester, MN",additive_level,ces_hours_additive_level_40340_200701_201612,ok,0,1,120,2007-01-01,2016-12-01,none,add,0,,,"
"
ces_hours,40340,"Rochester, MN",log_additive,ces_hours_log_additive_40340_200701_201612,ok,0,1,120,2007-01-01,2016-12-01,log,add,0,,,"
"
ces_hours,40380,"Rochester, NY",additive_level,ces_hours_additive_level_40380_200701_201612,ok,0,1,120,2007-01-01,2016-12-01,none,add,0,,,"
"
ces_hours,40380,"Rochester, NY",log_additive,ces_hours_log_additive_40380_200701_201612,ok,0,1,120,2007-01-01,2016-12-01,log,add,0,,,"
"
ces_hours,40420,"Rockford, IL",additive_level,ces_hours_additive_level_40420_200701_201612,ok,0,1,120,2007-01-01,2016-12-01,none,add,0,,,"
"
ces_hours,40420,"Rockford, IL",log_additive,ces_hours_log_additive_40420_200701_201612,failed:0,0,0,120,2007-01-01,2016-12-01,log,add,1,"  Storing any program error messages into D:\Programming\Dynamic Paper-dlrhcs_replication\outputs\empirical\unemployment\raw_sa_pilot\x13_work\ces_hours_log_additive_40420_200701_201612.err
 WARNING: At least one visually significant trading day peak has been
 ERROR: Additive seasonal adjustment will not be performed when
  Program error(s) halt execution for D:\Programming\Dynamic Paper-dlrhcs_replication\outputs\empirical\unemployment\raw_sa_pilot\x13_work\ces_hours_log_additive_40420_200701_201612.spc
 Check error file D:\Programming\Dynamic Paper-dlrhcs_replication\outputs\empirical\unemployment\raw_sa_pilot\x13_work\ces_hours_log_additive_40420_200701_201612.err",,"
 X-13ARIMA-SEATS Seasonal Adjustment Program
 Version Number 1.1 Build 62
 Execution began  Jul 29, 2026  08.55.51 

  Reading input spec file from D:\Programming\Dynamic Paper-dlrhcs_replication\outputs\empirical\unemployment\raw_sa_pilot\x13_work\ces_hours_log_additive_40420_200701_201612.spc
  Storing any program output into D:\Programming\Dynamic Paper-dlrhcs_replication\outputs\empirical\unemployment\raw_sa_pilot\x13_work\ces_hours_log_additive_40420_200701_201612.out
  Storing any program error messages into D:\Programming\Dynamic Paper-dlrhcs_replication\outputs\empirical\unemployment\raw_sa_pilot\x13_work\ces_hours_log_additive_40420_200701_201612.err
 
  
 WARNING: At least one visually significant trading day peak has been
          found in the estimated spectrum of the regARIMA residuals.
  
 ERROR: Additive seasonal adjustment will not be performed when
        preadjustment factors are derived from a REGARIMA model 
        for transformed data.
  
        Check the values for the power or function arguments of the 
        transform spec and mode of the x11 spec.
  Program error(s) halt execution for D:\Programming\Dynamic Paper-dlrhcs_replication\outputs\empirical\unemployment\raw_sa_pilot\x13_work\ces_hours_log_additive_40420_200701_201612.spc

 Check error file D:\Programming\Dynamic Paper-dlrhcs_replication\outputs\empirical\unemployment\raw_sa_pilot\x13_work\ces_hours_log_additive_40420_200701_201612.err

"
ces_hours,40420,,,,segment_too_short,,,6,,,,,,,,
ces_hours,40484,,,,segment_too_short,,,72,,,,,,,,
ces_hours,40580,"Rocky Mount, NC",additive_level,ces_hours_additive_level_40580_200701_201612,ok,0,1,120,2007-01-01,2016-12-01,none,add,0,,,"
"
ces_hours,40580,"Rocky Mount, NC",log_additive,ces_hours_log_additive_40580_200701_201612,ok,0,1,120,2007-01-01,2016-12-01,log,add,0,,,"
"
ces_hours,40660,"Rome, GA",additive_level,ces_hours_additive_level_40660_200701_201612,ok,0,1,120,2007-01-01,2016-12-01,none,add,0,,,"
"
ces_hours,40660,"Rome, GA",log_additive,ces_hours_log_additive_40660_200701_201612,ok,0,1,120,2007-01-01,2016-12-01,log,add,0,,,"
"
ces_hours,40660,,,,segment_too_short,,,6,,,,,,,,
ces_hours,40900,"Sacramento-Roseville-Folsom, CA",additive_level,ces_hours_additive_level_40900_200701_201612,ok,0,1,120,2007-01-01,2016-12-01,none,add,0,,,"
"
ces_hours,40900,"Sacramento-Roseville-Folsom, CA",log_additive,ces_hours_log_additive_40900_200701_201612,failed:0,0,0,120,2007-01-01,2016-12-01,log,add,1,"  Storing any program error messages into D:\Programming\Dynamic Paper-dlrhcs_replication\outputs\empirical\unemployment\raw_sa_pilot\x13_work\ces_hours_log_additive_40900_200701_201612.err
 ERROR: Additive seasonal adjustment will not be performed when
  Program error(s) halt execution for D:\Programming\Dynamic Paper-dlrhcs_replication\outputs\empirical\unemployment\raw_sa_pilot\x13_work\ces_hours_log_additive_40900_200701_201612.spc
 Check error file D:\Programming\Dynamic Paper-dlrhcs_replication\outputs\empirical\unemployment\raw_sa_pilot\x13_work\ces_hours_log_additive_40900_200701_201612.err",,"
 X-13ARIMA-SEATS Seasonal Adjustment Program
 Version Number 1.1 Build 62
 Execution began  Jul 29, 2026  08.55.52 

  Reading input spec file from D:\Programming\Dynamic Paper-dlrhcs_replication\outputs\empirical\unemployment\raw_sa_pilot\x13_work\ces_hours_log_additive_40900_200701_201612.spc
  Storing any program output into D:\Programming\Dynamic Paper-dlrhcs_replication\outputs\empirical\unemployment\raw_sa_pilot\x13_work\ces_hours_log_additive_40900_200701_201612.out
  Storing any program error messages into D:\Programming\Dynamic Paper-dlrhcs_replication\outputs\empirical\unemployment\raw_sa_pilot\x13_work\ces_hours_log_additive_40900_200701_201612.err
 
  
 ERROR: Additive seasonal adjustment will not be performed when
        preadjustment factors are derived from a REGARIMA model 
        for transformed data.
  
        Check the values for the power or function arguments of the 
        transform spec and mode of the x11 spec.
  Program error(s) halt execution for D:\Programming\Dynamic Paper-dlrhcs_replication\outputs\empirical\unemployment\raw_sa_pilot\x13_work\ces_hours_log_additive_40900_200701_201612.spc

 Check error file D:\Programming\Dynamic Paper-dlrhcs_replication\outputs\empirical\unemployment\raw_sa_pilot\x13_work\ces_hours_log_additive_40900_200701_201612.err

"
ces_hours,40900,,,,segment_too_short,,,6,,,,,,,,
ces_hours,40980,"Saginaw, MI",additive_level,ces_hours_additive_level_40980_200701_201612,ok,0,1,120,2007-01-01,2016-12-01,none,add,0,,,"
"
ces_hours,40980,"Saginaw, MI",log_additive,ces_hours_log_additive_40980_200701_201612,failed:0,0,0,120,2007-01-01,2016-12-01,log,add,1,"  Storing any program error messages into D:\Programming\Dynamic Paper-dlrhcs_replication\outputs\empirical\unemployment\raw_sa_pilot\x13_work\ces_hours_log_additive_40980_200701_201612.err
 ERROR: Additive seasonal adjustment will not be performed when
  Program error(s) halt execution for D:\Programming\Dynamic Paper-dlrhcs_replication\outputs\empirical\unemployment\raw_sa_pilot\x13_work\ces_hours_log_additive_40980_200701_201612.spc
 Check error file D:\Programming\Dynamic Paper-dlrhcs_replication\outputs\empirical\unemployment\raw_sa_pilot\x13_work\ces_hours_log_additive_40980_200701_201612.err",,"
 X-13ARIMA-SEATS Seasonal Adjustment Program
 Version Number 1.1 Build 62
 Execution began  Jul 29, 2026  08.55.52 

  Reading input spec file from D:\Programming\Dynamic Paper-dlrhcs_replication\outputs\empirical\unemployment\raw_sa_pilot\x13_work\ces_hours_log_additive_40980_200701_201612.spc
  Storing any program output into D:\Programming\Dynamic Paper-dlrhcs_replication\outputs\empirical\unemployment\raw_sa_pilot\x13_work\ces_hours_log_additive_40980_200701_201612.out
  Storing any program error messages into D:\Programming\Dynamic Paper-dlrhcs_replication\outputs\empirical\unemployment\raw_sa_pilot\x13_work\ces_hours_log_additive_40980_200701_201612.err
 
  
 ERROR: Additive seasonal adjustment will not be performed when
        preadjustment factors are derived from a REGARIMA model 
        for transformed data.
  
        Check the values for the power or function arguments of the 
        transform spec and mode of the x11 spec.
  Program error(s) halt execution for D:\Programming\Dynamic Paper-dlrhcs_replication\outputs\empirical\unemployment\raw_sa_pilot\x13_work\ces_hours_log_additive_40980_200701_201612.spc

 Check error file D:\Programming\Dynamic Paper-dlrhcs_replication\outputs\empirical\unemployment\raw_sa_pilot\x13_work\ces_hours_log_additive_40980_200701_201612.err

"
ces_hours,41060,"St. Cloud, MN",additive_level,ces_hours_additive_level_41060_200701_201612,ok,0,1,120,2007-01-01,2016-12-01,none,add,0,,,"
"
ces_hours,41060,"St. Cloud, MN",log_additive,ces_hours_log_additive_41060_200701_201612,ok,0,1,120,2007-01-01,2016-12-01,log,add,0,,,"
"
ces_hours,41100,"St. George, UT",additive_level,ces_hours_additive_level_41100_200701_201612,ok,0,1,120,2007-01-01,2016-12-01,none,add,0,,,"
"
ces_hours,41100,"St. George, UT",log_additive,ces_hours_log_additive_41100_200701_201612,failed:0,0,0,120,2007-01-01,2016-12-01,log,add,1,"  Storing any program error messages into D:\Programming\Dynamic Paper-dlrhcs_replication\outputs\empirical\unemployment\raw_sa_pilot\x13_work\ces_hours_log_additive_41100_200701_201612.err
 ERROR: Additive seasonal adjustment will not be performed when
  Program error(s) halt execution for D:\Programming\Dynamic Paper-dlrhcs_replication\outputs\empirical\unemployment\raw_sa_pilot\x13_work\ces_hours_log_additive_41100_200701_201612.spc
 Check error file D:\Programming\Dynamic Paper-dlrhcs_replication\outputs\empirical\unemployment\raw_sa_pilot\x13_work\ces_hours_log_additive_41100_200701_201612.err",,"
 X-13ARIMA-SEATS Seasonal Adjustment Program
 Version Number 1.1 Build 62
 Execution began  Jul 29, 2026  08.55.52 

  Reading input spec file from D:\Programming\Dynamic Paper-dlrhcs_replication\outputs\empirical\unemployment\raw_sa_pilot\x13_work\ces_hours_log_additive_41100_200701_201612.spc
  Storing any program output into D:\Programming\Dynamic Paper-dlrhcs_replication\outputs\empirical\unemployment\raw_sa_pilot\x13_work\ces_hours_log_additive_41100_200701_201612.out
  Storing any program error messages into D:\Programming\Dynamic Paper-dlrhcs_replication\outputs\empirical\unemployment\raw_sa_pilot\x13_work\ces_hours_log_additive_41100_200701_201612.err
 
  
 ERROR: Additive seasonal adjustment will not be performed when
        preadjustment factors are derived from a REGARIMA model 
        for transformed data.
  
        Check the values for the power or function arguments of the 
        transform spec and mode of the x11 spec.
  Program error(s) halt execution for D:\Programming\Dynamic Paper-dlrhcs_replication\outputs\empirical\unemployment\raw_sa_pilot\x13_work\ces_hours_log_additive_41100_200701_201612.spc

 Check error file D:\Programming\Dynamic Paper-dlrhcs_replication\outputs\empirical\unemployment\raw_sa_pilot\x13_work\ces_hours_log_additive_41100_200701_201612.err

"
ces_hours,41140,"St. Joseph, MO-KS",additive_level,ces_hours_additive_level_41140_200701_201612,ok,0,1,120,2007-01-01,2016-12-01,none,add,0,,,"
"
ces_hours,41140,"St. Joseph, MO-KS",log_additive,ces_hours_log_additive_41140_200701_201612,ok,0,1,120,2007-01-01,2016-12-01,log,add,0,,,"
"
ces_hours,41180,"St. Louis, MO-IL",additive_level,ces_hours_additive_level_41180_200701_201612,ok,0,1,120,2007-01-01,2016-12-01,none,add,0,,,"
"
ces_hours,41180,"St. Louis, MO-IL",log_additive,ces_hours_log_additive_41180_200701_201612,ok,0,1,120,2007-01-01,2016-12-01,log,add,0,,,"
"
ces_hours,41304,,,,segment_too_short,,,72,,,,,,,,
ces_hours,41304,,,,segment_too_short,,,6,,,,,,,,
ces_hours,41420,"Salem, OR",additive_level,ces_hours_additive_level_41420_200701_201612,ok,0,1,120,2007-01-01,2016-12-01,none,add,0,,,"
"
ces_hours,41420,"Salem, OR",log_additive,ces_hours_log_additive_41420_200701_201612,failed:0,0,0,120,2007-01-01,2016-12-01,log,add,1,"  Storing any program error messages into D:\Programming\Dynamic Paper-dlrhcs_replication\outputs\empirical\unemployment\raw_sa_pilot\x13_work\ces_hours_log_additive_41420_200701_201612.err
 ERROR: Additive seasonal adjustment will not be performed when
  Program error(s) halt execution for D:\Programming\Dynamic Paper-dlrhcs_replication\outputs\empirical\unemployment\raw_sa_pilot\x13_work\ces_hours_log_additive_41420_200701_201612.spc
 Check error file D:\Programming\Dynamic Paper-dlrhcs_replication\outputs\empirical\unemployment\raw_sa_pilot\x13_work\ces_hours_log_additive_41420_200701_201612.err",,"
 X-13ARIMA-SEATS Seasonal Adjustment Program
 Version Number 1.1 Build 62
 Execution began  Jul 29, 2026  08.55.53 

  Reading input spec file from D:\Programming\Dynamic Paper-dlrhcs_replication\outputs\empirical\unemployment\raw_sa_pilot\x13_work\ces_hours_log_additive_41420_200701_201612.spc
  Storing any program output into D:\Programming\Dynamic Paper-dlrhcs_replication\outputs\empirical\unemployment\raw_sa_pilot\x13_work\ces_hours_log_additive_41420_200701_201612.out
  Storing any program error messages into D:\Programming\Dynamic Paper-dlrhcs_replication\outputs\empirical\unemployment\raw_sa_pilot\x13_work\ces_hours_log_additive_41420_200701_201612.err
 
  
 ERROR: Additive seasonal adjustment will not be performed when
        preadjustment factors are derived from a REGARIMA model 
        for transformed data.
  
        Check the values for the power or function arguments of the 
        transform spec and mode of the x11 spec.
  Program error(s) halt execution for D:\Programming\Dynamic Paper-dlrhcs_replication\outputs\empirical\unemployment\raw_sa_pilot\x13_work\ces_hours_log_additive_41420_200701_201612.spc

 Check error file D:\Programming\Dynamic Paper-dlrhcs_replication\outputs\empirical\unemployment\raw_sa_pilot\x13_work\ces_hours_log_additive_41420_200701_201612.err

"
ces_hours,41500,"Salinas, CA",additive_level,ces_hours_additive_level_41500_200701_201612,ok,0,1,120,2007-01-01,2016-12-01,none,add,0,,,"
"
ces_hours,41500,"Salinas, CA",log_additive,ces_hours_log_additive_41500_200701_201612,failed:0,0,0,120,2007-01-01,2016-12-01,log,add,1,"  Storing any program error messages into D:\Programming\Dynamic Paper-dlrhcs_replication\outputs\empirical\unemployment\raw_sa_pilot\x13_work\ces_hours_log_additive_41500_200701_201612.err
 WARNING: At least one visually significant seasonal peak has been found
 ERROR: Additive seasonal adjustment will not be performed when
  Program error(s) halt execution for D:\Programming\Dynamic Paper-dlrhcs_replication\outputs\empirical\unemployment\raw_sa_pilot\x13_work\ces_hours_log_additive_41500_200701_201612.spc
 Check error file D:\Programming\Dynamic Paper-dlrhcs_replication\outputs\empirical\unemployment\raw_sa_pilot\x13_work\ces_hours_log_additive_41500_200701_201612.err",,"
 X-13ARIMA-SEATS Seasonal Adjustment Program
 Version Number 1.1 Build 62
 Execution began  Jul 29, 2026  08.55.54 

  Reading input spec file from D:\Programming\Dynamic Paper-dlrhcs_replication\outputs\empirical\unemployment\raw_sa_pilot\x13_work\ces_hours_log_additive_41500_200701_201612.spc
  Storing any program output into D:\Programming\Dynamic Paper-dlrhcs_replication\outputs\empirical\unemployment\raw_sa_pilot\x13_work\ces_hours_log_additive_41500_200701_201612.out
  Storing any program error messages into D:\Programming\Dynamic Paper-dlrhcs_replication\outputs\empirical\unemployment\raw_sa_pilot\x13_work\ces_hours_log_additive_41500_200701_201612.err
 
  
 WARNING: At least one visually significant seasonal peak has been found
          in the estimated spectrum of the regARIMA residuals.
  
 ERROR: Additive seasonal adjustment will not be performed when
        preadjustment factors are derived from a REGARIMA model 
        for transformed data.
  
        Check the values for the power or function arguments of the 
        transform spec and mode of the x11 spec.
  Program error(s) halt execution for D:\Programming\Dynamic Paper-dlrhcs_replication\outputs\empirical\unemployment\raw_sa_pilot\x13_work\ces_hours_log_additive_41500_200701_201612.spc

 Check error file D:\Programming\Dynamic Paper-dlrhcs_replication\outputs\empirical\unemployment\raw_sa_pilot\x13_work\ces_hours_log_additive_41500_200701_201612.err

"
ces_hours,41500,,,,segment_too_short,,,6,,,,,,,,
ces_hours,41540,,,,segment_too_short,,,72,,,,,,,,
ces_hours,41620,"Salt Lake City-Murray, UT",additive_level,ces_hours_additive_level_41620_200701_201612,ok,0,1,120,2007-01-01,2016-12-01,none,add,0,,,"
"
ces_hours,41620,"Salt Lake City-Murray, UT",log_additive,ces_hours_log_additive_41620_200701_201612,failed:0,0,0,120,2007-01-01,2016-12-01,log,add,1,"  Storing any program error messages into D:\Programming\Dynamic Paper-dlrhcs_replication\outputs\empirical\unemployment\raw_sa_pilot\x13_work\ces_hours_log_additive_41620_200701_201612.err
 ERROR: Additive seasonal adjustment will not be performed when
  Program error(s) halt execution for D:\Programming\Dynamic Paper-dlrhcs_replication\outputs\empirical\unemployment\raw_sa_pilot\x13_work\ces_hours_log_additive_41620_200701_201612.spc
 Check error file D:\Programming\Dynamic Paper-dlrhcs_replication\outputs\empirical\unemployment\raw_sa_pilot\x13_work\ces_hours_log_additive_41620_200701_201612.err",,"
 X-13ARIMA-SEATS Seasonal Adjustment Program
 Version Number 1.1 Build 62
 Execution began  Jul 29, 2026  08.55.55 

  Reading input spec file from D:\Programming\Dynamic Paper-dlrhcs_replication\outputs\empirical\unemployment\raw_sa_pilot\x13_work\ces_hours_log_additive_41620_200701_201612.spc
  Storing any program output into D:\Programming\Dynamic Paper-dlrhcs_replication\outputs\empirical\unemployment\raw_sa_pilot\x13_work\ces_hours_log_additive_41620_200701_201612.out
  Storing any program error messages into D:\Programming\Dynamic Paper-dlrhcs_replication\outputs\empirical\unemployment\raw_sa_pilot\x13_work\ces_hours_log_additive_41620_200701_201612.err
 
  
 ERROR: Additive seasonal adjustment will not be performed when
        preadjustment factors are derived from a REGARIMA model 
        for transformed data.
  
        Check the values for the power or function arguments of the 
        transform spec and mode of the x11 spec.
  Program error(s) halt execution for D:\Programming\Dynamic Paper-dlrhcs_replication\outputs\empirical\unemployment\raw_sa_pilot\x13_work\ces_hours_log_additive_41620_200701_201612.spc

 Check error file D:\Programming\Dynamic Paper-dlrhcs_replication\outputs\empirical\unemployment\raw_sa_pilot\x13_work\ces_hours_log_additive_41620_200701_201612.err

"
ces_hours,41660,"San Angelo, TX",additive_level,ces_hours_additive_level_41660_200701_201612,ok,0,1,120,2007-01-01,2016-12-01,none,add,0,,,"
"
ces_hours,41660,"San Angelo, TX",log_additive,ces_hours_log_additive_41660_200701_201612,ok,0,1,120,2007-01-01,2016-12-01,log,add,0,,,"
"
ces_hours,41700,"San Antonio-New Braunfels, TX",additive_level,ces_hours_additive_level_41700_200701_201612,ok,0,1,120,2007-01-01,2016-12-01,none,add,0,,,"
"
ces_hours,41700,"San Antonio-New Braunfels, TX",log_additive,ces_hours_log_additive_41700_200701_201612,failed:0,0,0,120,2007-01-01,2016-12-01,log,add,1,"  Storing any program error messages into D:\Programming\Dynamic Paper-dlrhcs_replication\outputs\empirical\unemployment\raw_sa_pilot\x13_work\ces_hours_log_additive_41700_200701_201612.err
 ERROR: Additive seasonal adjustment will not be performed when
  Program error(s) halt execution for D:\Programming\Dynamic Paper-dlrhcs_replication\outputs\empirical\unemployment\raw_sa_pilot\x13_work\ces_hours_log_additive_41700_200701_201612.spc
 Check error file D:\Programming\Dynamic Paper-dlrhcs_replication\outputs\empirical\unemployment\raw_sa_pilot\x13_work\ces_hours_log_additive_41700_200701_201612.err",,"
 X-13ARIMA-SEATS Seasonal Adjustment Program
 Version Number 1.1 Build 62
 Execution began  Jul 29, 2026  08.55.56 

  Reading input spec file from D:\Programming\Dynamic Paper-dlrhcs_replication\outputs\empirical\unemployment\raw_sa_pilot\x13_work\ces_hours_log_additive_41700_200701_201612.spc
  Storing any program output into D:\Programming\Dynamic Paper-dlrhcs_replication\outputs\empirical\unemployment\raw_sa_pilot\x13_work\ces_hours_log_additive_41700_200701_201612.out
  Storing any program error messages into D:\Programming\Dynamic Paper-dlrhcs_replication\outputs\empirical\unemployment\raw_sa_pilot\x13_work\ces_hours_log_additive_41700_200701_201612.err
 
  
 ERROR: Additive seasonal adjustment will not be performed when
        preadjustment factors are derived from a REGARIMA model 
        for transformed data.
  
        Check the values for the power or function arguments of the 
        transform spec and mode of the x11 spec.
  Program error(s) halt execution for D:\Programming\Dynamic Paper-dlrhcs_replication\outputs\empirical\unemployment\raw_sa_pilot\x13_work\ces_hours_log_additive_41700_200701_201612.spc

 Check error file D:\Programming\Dynamic Paper-dlrhcs_replication\outputs\empirical\unemployment\raw_sa_pilot\x13_work\ces_hours_log_additive_41700_200701_201612.err

"
ces_hours,41740,"San Diego-Chula Vista-Carlsbad, CA",additive_level,ces_hours_additive_level_41740_200701_201612,ok,0,1,120,2007-01-01,2016-12-01,none,add,0,,,"
"
ces_hours,41740,"San Diego-Chula Vista-Carlsbad, CA",log_additive,ces_hours_log_additive_41740_200701_201612,failed:0,0,0,120,2007-01-01,2016-12-01,log,add,1,"  Storing any program error messages into D:\Programming\Dynamic Paper-dlrhcs_replication\outputs\empirical\unemployment\raw_sa_pilot\x13_work\ces_hours_log_additive_41740_200701_201612.err
 ERROR: Additive seasonal adjustment will not be performed when
  Program error(s) halt execution for D:\Programming\Dynamic Paper-dlrhcs_replication\outputs\empirical\unemployment\raw_sa_pilot\x13_work\ces_hours_log_additive_41740_200701_201612.spc
 Check error file D:\Programming\Dynamic Paper-dlrhcs_replication\outputs\empirical\unemployment\raw_sa_pilot\x13_work\ces_hours_log_additive_41740_200701_201612.err",,"
 X-13ARIMA-SEATS Seasonal Adjustment Program
 Version Number 1.1 Build 62
 Execution began  Jul 29, 2026  08.55.56 

  Reading input spec file from D:\Programming\Dynamic Paper-dlrhcs_replication\outputs\empirical\unemployment\raw_sa_pilot\x13_work\ces_hours_log_additive_41740_200701_201612.spc
  Storing any program output into D:\Programming\Dynamic Paper-dlrhcs_replication\outputs\empirical\unemployment\raw_sa_pilot\x13_work\ces_hours_log_additive_41740_200701_201612.out
  Storing any program error messages into D:\Programming\Dynamic Paper-dlrhcs_replication\outputs\empirical\unemployment\raw_sa_pilot\x13_work\ces_hours_log_additive_41740_200701_201612.err
 
  
 ERROR: Additive seasonal adjustment will not be performed when
        preadjustment factors are derived from a REGARIMA model 
        for transformed data.
  
        Check the values for the power or function arguments of the 
        transform spec and mode of the x11 spec.
  Program error(s) halt execution for D:\Programming\Dynamic Paper-dlrhcs_replication\outputs\empirical\unemployment\raw_sa_pilot\x13_work\ces_hours_log_additive_41740_200701_201612.spc

 Check error file D:\Programming\Dynamic Paper-dlrhcs_replication\outputs\empirical\unemployment\raw_sa_pilot\x13_work\ces_hours_log_additive_41740_200701_201612.err

"
ces_hours,41740,,,,segment_too_short,,,6,,,,,,,,
ces_hours,41780,,,,segment_too_short,,,72,,,,,,,,
ces_hours,41860,,,,segment_too_short,,,72,,,,,,,,
ces_hours,41860,,,,segment_too_short,,,6,,,,,,,,
ces_hours,41884,"San Francisco-San Mateo-Redwood City, CA Metropolitan Division",additive_level,ces_hours_additive_level_41884_200701_201612,ok,0,1,120,2007-01-01,2016-12-01,none,add,0,,,"
"
ces_hours,41884,"San Francisco-San Mateo-Redwood City, CA Metropolitan Division",log_additive,ces_hours_log_additive_41884_200701_201612,failed:0,0,0,120,2007-01-01,2016-12-01,log,add,1,"  Storing any program error messages into D:\Programming\Dynamic Paper-dlrhcs_replication\outputs\empirical\unemployment\raw_sa_pilot\x13_work\ces_hours_log_additive_41884_200701_201612.err
 ERROR: Additive seasonal adjustment will not be performed when
  Program error(s) halt execution for D:\Programming\Dynamic Paper-dlrhcs_replication\outputs\empirical\unemployment\raw_sa_pilot\x13_work\ces_hours_log_additive_41884_200701_201612.spc
 Check error file D:\Programming\Dynamic Paper-dlrhcs_replication\outputs\empirical\unemployment\raw_sa_pilot\x13_work\ces_hours_log_additive_41884_200701_201612.err",,"
 X-13ARIMA-SEATS Seasonal Adjustment Program
 Version Number 1.1 Build 62
 Execution began  Jul 29, 2026  08.55.56 

  Reading input spec file from D:\Programming\Dynamic Paper-dlrhcs_replication\outputs\empirical\unemployment\raw_sa_pilot\x13_work\ces_hours_log_additive_41884_200701_201612.spc
  Storing any program output into D:\Programming\Dynamic Paper-dlrhcs_replication\outputs\empirical\unemployment\raw_sa_pilot\x13_work\ces_hours_log_additive_41884_200701_201612.out
  Storing any program error messages into D:\Programming\Dynamic Paper-dlrhcs_replication\outputs\empirical\unemployment\raw_sa_pilot\x13_work\ces_hours_log_additive_41884_200701_201612.err
 
  
 ERROR: Additive seasonal adjustment will not be performed when
        preadjustment factors are derived from a REGARIMA model 
        for transformed data.
  
        Check the values for the power or function arguments of the 
        transform spec and mode of the x11 spec.
  Program error(s) halt execution for D:\Programming\Dynamic Paper-dlrhcs_replication\outputs\empirical\unemployment\raw_sa_pilot\x13_work\ces_hours_log_additive_41884_200701_201612.spc

 Check error file D:\Programming\Dynamic Paper-dlrhcs_replication\outputs\empirical\unemployment\raw_sa_pilot\x13_work\ces_hours_log_additive_41884_200701_201612.err

"
ces_hours,41884,,,,segment_too_short,,,6,,,,,,,,
ces_hours,41940,"San Jose-Sunnyvale-Santa Clara, CA",additive_level,ces_hours_additive_level_41940_200701_201612,ok,0,1,120,2007-01-01,2016-12-01,none,add,0,,,"
"
ces_hours,41940,"San Jose-Sunnyvale-Santa Clara, CA",log_additive,ces_hours_log_additive_41940_200701_201612,failed:0,0,0,120,2007-01-01,2016-12-01,log,add,1,"  Storing any program error messages into D:\Programming\Dynamic Paper-dlrhcs_replication\outputs\empirical\unemployment\raw_sa_pilot\x13_work\ces_hours_log_additive_41940_200701_201612.err
 WARNING: At least one visually significant trading day peak has been
 ERROR: Additive seasonal adjustment will not be performed when
  Program error(s) halt execution for D:\Programming\Dynamic Paper-dlrhcs_replication\outputs\empirical\unemployment\raw_sa_pilot\x13_work\ces_hours_log_additive_41940_200701_201612.spc
 Check error file D:\Programming\Dynamic Paper-dlrhcs_replication\outputs\empirical\unemployment\raw_sa_pilot\x13_work\ces_hours_log_additive_41940_200701_201612.err",,"
 X-13ARIMA-SEATS Seasonal Adjustment Program
 Version Number 1.1 Build 62
 Execution began  Jul 29, 2026  08.55.57 

  Reading input spec file from D:\Programming\Dynamic Paper-dlrhcs_replication\outputs\empirical\unemployment\raw_sa_pilot\x13_work\ces_hours_log_additive_41940_200701_201612.spc
  Storing any program output into D:\Programming\Dynamic Paper-dlrhcs_replication\outputs\empirical\unemployment\raw_sa_pilot\x13_work\ces_hours_log_additive_41940_200701_201612.out
  Storing any program error messages into D:\Programming\Dynamic Paper-dlrhcs_replication\outputs\empirical\unemployment\raw_sa_pilot\x13_work\ces_hours_log_additive_41940_200701_201612.err
 
  
 WARNING: At least one visually significant trading day peak has been
          found in the estimated spectrum of the regARIMA residuals.
  
 ERROR: Additive seasonal adjustment will not be performed when
        preadjustment factors are derived from a REGARIMA model 
        for transformed data.
  
        Check the values for the power or function arguments of the 
        transform spec and mode of the x11 spec.
  Program error(s) halt execution for D:\Programming\Dynamic Paper-dlrhcs_replication\outputs\empirical\unemployment\raw_sa_pilot\x13_work\ces_hours_log_additive_41940_200701_201612.spc

 Check error file D:\Programming\Dynamic Paper-dlrhcs_replication\outputs\empirical\unemployment\raw_sa_pilot\x13_work\ces_hours_log_additive_41940_200701_201612.err

"
ces_hours,41940,,,,segment_too_short,,,6,,,,,,,,
ces_hours,41980,,,,segment_too_short,,,21,,,,,,,,
ces_hours,42020,"San Luis Obispo-Paso Robles, CA",additive_level,ces_hours_additive_level_42020_200701_201612,ok,0,1,120,2007-01-01,2016-12-01,none,add,0,,,"
"
ces_hours,42020,"San Luis Obispo-Paso Robles, CA",log_additive,ces_hours_log_additive_42020_200701_201612,failed:0,0,0,120,2007-01-01,2016-12-01,log,add,1,"  Storing any program error messages into D:\Programming\Dynamic Paper-dlrhcs_replication\outputs\empirical\unemployment\raw_sa_pilot\x13_work\ces_hours_log_additive_42020_200701_201612.err
 ERROR: Additive seasonal adjustment will not be performed when
  Program error(s) halt execution for D:\Programming\Dynamic Paper-dlrhcs_replication\outputs\empirical\unemployment\raw_sa_pilot\x13_work\ces_hours_log_additive_42020_200701_201612.spc
 Check error file D:\Programming\Dynamic Paper-dlrhcs_replication\outputs\empirical\unemployment\raw_sa_pilot\x13_work\ces_hours_log_additive_42020_200701_201612.err",,"
 X-13ARIMA-SEATS Seasonal Adjustment Program
 Version Number 1.1 Build 62
 Execution began  Jul 29, 2026  08.55.57 

  Reading input spec file from D:\Programming\Dynamic Paper-dlrhcs_replication\outputs\empirical\unemployment\raw_sa_pilot\x13_work\ces_hours_log_additive_42020_200701_201612.spc
  Storing any program output into D:\Programming\Dynamic Paper-dlrhcs_replication\outputs\empirical\unemployment\raw_sa_pilot\x13_work\ces_hours_log_additive_42020_200701_201612.out
  Storing any program error messages into D:\Programming\Dynamic Paper-dlrhcs_replication\outputs\empirical\unemployment\raw_sa_pilot\x13_work\ces_hours_log_additive_42020_200701_201612.err
 
  
 ERROR: Additive seasonal adjustment will not be performed when
        preadjustment factors are derived from a REGARIMA model 
        for transformed data.
  
        Check the values for the power or function arguments of the 
        transform spec and mode of the x11 spec.
  Program error(s) halt execution for D:\Programming\Dynamic Paper-dlrhcs_replication\outputs\empirical\unemployment\raw_sa_pilot\x13_work\ces_hours_log_additive_42020_200701_201612.spc

 Check error file D:\Programming\Dynamic Paper-dlrhcs_replication\outputs\empirical\unemployment\raw_sa_pilot\x13_work\ces_hours_log_additive_42020_200701_201612.err

"
ces_hours,42020,,,,segment_too_short,,,6,,,,,,,,
ces_hours,42034,,,,segment_too_short,,,72,,,,,,,,
ces_hours,42034,,,,segment_too_short,,,6,,,,,,,,
ces_hours,42100,"Santa Cruz-Watsonville, CA",additive_level,ces_hours_additive_level_42100_200701_201612,ok,0,1,120,2007-01-01,2016-12-01,none,add,0,,,"
"
ces_hours,42100,"Santa Cruz-Watsonville, CA",log_additive,ces_hours_log_additive_42100_200701_201612,failed:0,0,0,120,2007-01-01,2016-12-01,log,add,1,"  Storing any program error messages into D:\Programming\Dynamic Paper-dlrhcs_replication\outputs\empirical\unemployment\raw_sa_pilot\x13_work\ces_hours_log_additive_42100_200701_201612.err
 ERROR: Additive seasonal adjustment will not be performed when
  Program error(s) halt execution for D:\Programming\Dynamic Paper-dlrhcs_replication\outputs\empirical\unemployment\raw_sa_pilot\x13_work\ces_hours_log_additive_42100_200701_201612.spc
 Check error file D:\Programming\Dynamic Paper-dlrhcs_replication\outputs\empirical\unemployment\raw_sa_pilot\x13_work\ces_hours_log_additive_42100_200701_201612.err",,"
 X-13ARIMA-SEATS Seasonal Adjustment Program
 Version Number 1.1 Build 62
 Execution began  Jul 29, 2026  08.55.57 

  Reading input spec file from D:\Programming\Dynamic Paper-dlrhcs_replication\outputs\empirical\unemployment\raw_sa_pilot\x13_work\ces_hours_log_additive_42100_200701_201612.spc
  Storing any program output into D:\Programming\Dynamic Paper-dlrhcs_replication\outputs\empirical\unemployment\raw_sa_pilot\x13_work\ces_hours_log_additive_42100_200701_201612.out
  Storing any program error messages into D:\Programming\Dynamic Paper-dlrhcs_replication\outputs\empirical\unemployment\raw_sa_pilot\x13_work\ces_hours_log_additive_42100_200701_201612.err
 
  
 ERROR: Additive seasonal adjustment will not be performed when
        preadjustment factors are derived from a REGARIMA model 
        for transformed data.
  
        Check the values for the power or function arguments of the 
        transform spec and mode of the x11 spec.
  Program error(s) halt execution for D:\Programming\Dynamic Paper-dlrhcs_replication\outputs\empirical\unemployment\raw_sa_pilot\x13_work\ces_hours_log_additive_42100_200701_201612.spc

 Check error file D:\Programming\Dynamic Paper-dlrhcs_replication\outputs\empirical\unemployment\raw_sa_pilot\x13_work\ces_hours_log_additive_42100_200701_201612.err

"
ces_hours,42100,,,,segment_too_short,,,6,,,,,,,,
ces_hours,42140,"Santa Fe, NM",additive_level,ces_hours_additive_level_42140_200701_201612,ok,0,1,120,2007-01-01,2016-12-01,none,add,0,,,"
"
ces_hours,42140,"Santa Fe, NM",log_additive,ces_hours_log_additive_42140_200701_201612,ok,0,1,120,2007-01-01,2016-12-01,log,add,0,,,"
"
ces_hours,42200,"Santa Maria-Santa Barbara, CA",additive_level,ces_hours_additive_level_42200_200701_201612,ok,0,1,120,2007-01-01,2016-12-01,none,add,0,,,"
"
ces_hours,42200,"Santa Maria-Santa Barbara, CA",log_additive,ces_hours_log_additive_42200_200701_201612,failed:0,0,0,120,2007-01-01,2016-12-01,log,add,1,"  Storing any program error messages into D:\Programming\Dynamic Paper-dlrhcs_replication\outputs\empirical\unemployment\raw_sa_pilot\x13_work\ces_hours_log_additive_42200_200701_201612.err
 ERROR: Additive seasonal adjustment will not be performed when
  Program error(s) halt execution for D:\Programming\Dynamic Paper-dlrhcs_replication\outputs\empirical\unemployment\raw_sa_pilot\x13_work\ces_hours_log_additive_42200_200701_201612.spc
 Check error file D:\Programming\Dynamic Paper-dlrhcs_replication\outputs\empirical\unemployment\raw_sa_pilot\x13_work\ces_hours_log_additive_42200_200701_201612.err",,"
 X-13ARIMA-SEATS Seasonal Adjustment Program
 Version Number 1.1 Build 62
 Execution began  Jul 29, 2026  08.55.57 

  Reading input spec file from D:\Programming\Dynamic Paper-dlrhcs_replication\outputs\empirical\unemployment\raw_sa_pilot\x13_work\ces_hours_log_additive_42200_200701_201612.spc
  Storing any program output into D:\Programming\Dynamic Paper-dlrhcs_replication\outputs\empirical\unemployment\raw_sa_pilot\x13_work\ces_hours_log_additive_42200_200701_201612.out
  Storing any program error messages into D:\Programming\Dynamic Paper-dlrhcs_replication\outputs\empirical\unemployment\raw_sa_pilot\x13_work\ces_hours_log_additive_42200_200701_201612.err
 
  
 ERROR: Additive seasonal adjustment will not be performed when
        preadjustment factors are derived from a REGARIMA model 
        for transformed data.
  
        Check the values for the power or function arguments of the 
        transform spec and mode of the x11 spec.
  Program error(s) halt execution for D:\Programming\Dynamic Paper-dlrhcs_replication\outputs\empirical\unemployment\raw_sa_pilot\x13_work\ces_hours_log_additive_42200_200701_201612.spc

 Check error file D:\Programming\Dynamic Paper-dlrhcs_replication\outputs\empirical\unemployment\raw_sa_pilot\x13_work\ces_hours_log_additive_42200_200701_201612.err

"
ces_hours,42200,,,,segment_too_short,,,6,,,,,,,,
ces_hours,42220,"Santa Rosa-Petaluma, CA",additive_level,ces_hours_additive_level_42220_200701_201612,ok,0,1,120,2007-01-01,2016-12-01,none,add,0,,,"
"
ces_hours,42220,"Santa Rosa-Petaluma, CA",log_additive,ces_hours_log_additive_42220_200701_201612,failed:0,0,0,120,2007-01-01,2016-12-01,log,add,1,"  Storing any program error messages into D:\Programming\Dynamic Paper-dlrhcs_replication\outputs\empirical\unemployment\raw_sa_pilot\x13_work\ces_hours_log_additive_42220_200701_201612.err
 ERROR: Additive seasonal adjustment will not be performed when
  Program error(s) halt execution for D:\Programming\Dynamic Paper-dlrhcs_replication\outputs\empirical\unemployment\raw_sa_pilot\x13_work\ces_hours_log_additive_42220_200701_201612.spc
 Check error file D:\Programming\Dynamic Paper-dlrhcs_replication\outputs\empirical\unemployment\raw_sa_pilot\x13_work\ces_hours_log_additive_42220_200701_201612.err",,"
 X-13ARIMA-SEATS Seasonal Adjustment Program
 Version Number 1.1 Build 62
 Execution began  Jul 29, 2026  08.55.58 

  Reading input spec file from D:\Programming\Dynamic Paper-dlrhcs_replication\outputs\empirical\unemployment\raw_sa_pilot\x13_work\ces_hours_log_additive_42220_200701_201612.spc
  Storing any program output into D:\Programming\Dynamic Paper-dlrhcs_replication\outputs\empirical\unemployment\raw_sa_pilot\x13_work\ces_hours_log_additive_42220_200701_201612.out
  Storing any program error messages into D:\Programming\Dynamic Paper-dlrhcs_replication\outputs\empirical\unemployment\raw_sa_pilot\x13_work\ces_hours_log_additive_42220_200701_201612.err
 
  
 ERROR: Additive seasonal adjustment will not be performed when
        preadjustment factors are derived from a REGARIMA model 
        for transformed data.
  
        Check the values for the power or function arguments of the 
        transform spec and mode of the x11 spec.
  Program error(s) halt execution for D:\Programming\Dynamic Paper-dlrhcs_replication\outputs\empirical\unemployment\raw_sa_pilot\x13_work\ces_hours_log_additive_42220_200701_201612.spc

 Check error file D:\Programming\Dynamic Paper-dlrhcs_replication\outputs\empirical\unemployment\raw_sa_pilot\x13_work\ces_hours_log_additive_42220_200701_201612.err

"
ces_hours,42220,,,,segment_too_short,,,6,,,,,,,,
ces_hours,42340,"Savannah, GA",additive_level,ces_hours_additive_level_42340_200701_201612,ok,0,1,120,2007-01-01,2016-12-01,none,add,0,,,"
"
ces_hours,42340,"Savannah, GA",log_additive,ces_hours_log_additive_42340_200701_201612,ok,0,1,120,2007-01-01,2016-12-01,log,add,0,,,"
"
ces_hours,42340,,,,segment_too_short,,,6,,,,,,,,
ces_hours,42540,"Scranton--Wilkes-Barre, PA",additive_level,ces_hours_additive_level_42540_200701_201612,ok,0,1,120,2007-01-01,2016-12-01,none,add,0,,,"
"
ces_hours,42540,"Scranton--Wilkes-Barre, PA",log_additive,ces_hours_log_additive_42540_200701_201612,ok,0,1,120,2007-01-01,2016-12-01,log,add,0,,,"
"
ces_hours,42644,"Seattle-Bellevue-Kent, WA Metropolitan Division",additive_level,ces_hours_additive_level_42644_200701_201612,ok,0,1,120,2007-01-01,2016-12-01,none,add,0,,,"
"
ces_hours,42644,"Seattle-Bellevue-Kent, WA Metropolitan Division",log_additive,ces_hours_log_additive_42644_200701_201612,failed:0,0,0,120,2007-01-01,2016-12-01,log,add,1,"  Storing any program error messages into D:\Programming\Dynamic Paper-dlrhcs_replication\outputs\empirical\unemployment\raw_sa_pilot\x13_work\ces_hours_log_additive_42644_200701_201612.err
 WARNING: At least one visually significant trading day peak has been
 ERROR: Additive seasonal adjustment will not be performed when
  Program error(s) halt execution for D:\Programming\Dynamic Paper-dlrhcs_replication\outputs\empirical\unemployment\raw_sa_pilot\x13_work\ces_hours_log_additive_42644_200701_201612.spc
 Check error file D:\Programming\Dynamic Paper-dlrhcs_replication\outputs\empirical\unemployment\raw_sa_pilot\x13_work\ces_hours_log_additive_42644_200701_201612.err",,"
 X-13ARIMA-SEATS Seasonal Adjustment Program
 Version Number 1.1 Build 62
 Execution began  Jul 29, 2026  08.56.00 

  Reading input spec file from D:\Programming\Dynamic Paper-dlrhcs_replication\outputs\empirical\unemployment\raw_sa_pilot\x13_work\ces_hours_log_additive_42644_200701_201612.spc
  Storing any program output into D:\Programming\Dynamic Paper-dlrhcs_replication\outputs\empirical\unemployment\raw_sa_pilot\x13_work\ces_hours_log_additive_42644_200701_201612.out
  Storing any program error messages into D:\Programming\Dynamic Paper-dlrhcs_replication\outputs\empirical\unemployment\raw_sa_pilot\x13_work\ces_hours_log_additive_42644_200701_201612.err
 
  
 WARNING: At least one visually significant trading day peak has been
          found in the estimated spectrum of the regARIMA residuals.
  
 ERROR: Additive seasonal adjustment will not be performed when
        preadjustment factors are derived from a REGARIMA model 
        for transformed data.
  
        Check the values for the power or function arguments of the 
        transform spec and mode of the x11 spec.
  Program error(s) halt execution for D:\Programming\Dynamic Paper-dlrhcs_replication\outputs\empirical\unemployment\raw_sa_pilot\x13_work\ces_hours_log_additive_42644_200701_201612.spc

 Check error file D:\Programming\Dynamic Paper-dlrhcs_replication\outputs\empirical\unemployment\raw_sa_pilot\x13_work\ces_hours_log_additive_42644_200701_201612.err

"
ces_hours,42660,,,,segment_too_short,,,72,,,,,,,,
ces_hours,42680,"Sebastian-Vero Beach-West Vero Corridor, FL",additive_level,ces_hours_additive_level_42680_200701_201612,ok,0,1,120,2007-01-01,2016-12-01,none,add,0,,,"
"
ces_hours,42680,"Sebastian-Vero Beach-West Vero Corridor, FL",log_additive,ces_hours_log_additive_42680_200701_201612,ok,0,1,120,2007-01-01,2016-12-01,log,add,0,,,"
"
ces_hours,42680,,,,segment_too_short,,,6,,,,,,,,
ces_hours,42700,,,,segment_too_short,,,72,,,,,,,,
ces_hours,42700,,,,segment_too_short,,,6,,,,,,,,
ces_hours,43100,"Sheboygan, WI",additive_level,ces_hours_additive_level_43100_200701_201612,ok,0,1,120,2007-01-01,2016-12-01,none,add,0,,,"
"
ces_hours,43100,"Sheboygan, WI",log_additive,ces_hours_log_additive_43100_200701_201612,ok,0,1,120,2007-01-01,2016-12-01,log,add,0,,,"
"
ces_hours,43300,"Sherman-Denison, TX",additive_level,ces_hours_additive_level_43300_200701_201612,ok,0,1,120,2007-01-01,2016-12-01,none,add,0,,,"
"
ces_hours,43300,"Sherman-Denison, TX",log_additive,ces_hours_log_additive_43300_200701_201612,ok,0,1,120,2007-01-01,2016-12-01,log,add,0,,,"
"
ces_hours,43340,"Shreveport-Bossier City, LA",additive_level,ces_hours_additive_level_43340_200701_201612,ok,0,1,120,2007-01-01,2016-12-01,none,add,0,,,"
"
ces_hours,43340,"Shreveport-Bossier City, LA",log_additive,ces_hours_log_additive_43340_200701_201612,failed:0,0,0,120,2007-01-01,2016-12-01,log,add,1,"  Storing any program error messages into D:\Programming\Dynamic Paper-dlrhcs_replication\outputs\empirical\unemployment\raw_sa_pilot\x13_work\ces_hours_log_additive_43340_200701_201612.err
 ERROR: Additive seasonal adjustment will not be performed when
  Program error(s) halt execution for D:\Programming\Dynamic Paper-dlrhcs_replication\outputs\empirical\unemployment\raw_sa_pilot\x13_work\ces_hours_log_additive_43340_200701_201612.spc
 Check error file D:\Programming\Dynamic Paper-dlrhcs_replication\outputs\empirical\unemployment\raw_sa_pilot\x13_work\ces_hours_log_additive_43340_200701_201612.err",,"
 X-13ARIMA-SEATS Seasonal Adjustment Program
 Version Number 1.1 Build 62
 Execution began  Jul 29, 2026  08.56.01 

  Reading input spec file from D:\Programming\Dynamic Paper-dlrhcs_replication\outputs\empirical\unemployment\raw_sa_pilot\x13_work\ces_hours_log_additive_43340_200701_201612.spc
  Storing any program output into D:\Programming\Dynamic Paper-dlrhcs_replication\outputs\empirical\unemployment\raw_sa_pilot\x13_work\ces_hours_log_additive_43340_200701_201612.out
  Storing any program error messages into D:\Programming\Dynamic Paper-dlrhcs_replication\outputs\empirical\unemployment\raw_sa_pilot\x13_work\ces_hours_log_additive_43340_200701_201612.err
 
  
 ERROR: Additive seasonal adjustment will not be performed when
        preadjustment factors are derived from a REGARIMA model 
        for transformed data.
  
        Check the values for the power or function arguments of the 
        transform spec and mode of the x11 spec.
  Program error(s) halt execution for D:\Programming\Dynamic Paper-dlrhcs_replication\outputs\empirical\unemployment\raw_sa_pilot\x13_work\ces_hours_log_additive_43340_200701_201612.spc

 Check error file D:\Programming\Dynamic Paper-dlrhcs_replication\outputs\empirical\unemployment\raw_sa_pilot\x13_work\ces_hours_log_additive_43340_200701_201612.err

"
ces_hours,43340,,,,segment_too_short,,,6,,,,,,,,
ces_hours,43420,,,,segment_too_short,,,72,,,,,,,,
ces_hours,43420,,,,segment_too_short,,,6,,,,,,,,
ces_hours,43580,"Sioux City, IA-NE-SD",additive_level,ces_hours_additive_level_43580_200701_201612,ok,0,1,120,2007-01-01,2016-12-01,none,add,0,,,"
"
ces_hours,43580,"Sioux City, IA-NE-SD",log_additive,ces_hours_log_additive_43580_200701_201612,ok,0,1,120,2007-01-01,2016-12-01,log,add,0,,,"
"
ces_hours,43580,,,,segment_too_short,,,6,,,,,,,,
ces_hours,43620,"Sioux Falls, SD-MN",additive_level,ces_hours_additive_level_43620_200701_201612,ok,0,1,120,2007-01-01,2016-12-01,none,add,0,,,"
"
ces_hours,43620,"Sioux Falls, SD-MN",log_additive,ces_hours_log_additive_43620_200701_201612,ok,0,1,120,2007-01-01,2016-12-01,log,add,0,,,"
"
ces_hours,43640,,,,segment_too_short,,,72,,,,,,,,
ces_hours,43640,,,,segment_too_short,,,6,,,,,,,,
ces_hours,43780,"South Bend-Mishawaka, IN-MI",additive_level,ces_hours_additive_level_43780_200701_201612,ok,0,1,120,2007-01-01,2016-12-01,none,add,0,,,"
"
ces_hours,43780,"South Bend-Mishawaka, IN-MI",log_additive,ces_hours_log_additive_43780_200701_201612,ok,0,1,120,2007-01-01,2016-12-01,log,add,0,,,"
"
ces_hours,43780,,,,segment_too_short,,,6,,,,,,,,
ces_hours,43900,"Spartanburg, SC",additive_level,ces_hours_additive_level_43900_200701_201612,ok,0,1,120,2007-01-01,2016-12-01,none,add,0,,,"
"
ces_hours,43900,"Spartanburg, SC",log_additive,ces_hours_log_additive_43900_200701_201612,ok,0,1,120,2007-01-01,2016-12-01,log,add,0,,,"
"
ces_hours,44060,"Spokane-Spokane Valley, WA",additive_level,ces_hours_additive_level_44060_200701_201612,ok,0,1,120,2007-01-01,2016-12-01,none,add,0,,,"
"
ces_hours,44060,"Spokane-Spokane Valley, WA",log_additive,ces_hours_log_additive_44060_200701_201612,failed:0,0,0,120,2007-01-01,2016-12-01,log,add,1,"  Storing any program error messages into D:\Programming\Dynamic Paper-dlrhcs_replication\outputs\empirical\unemployment\raw_sa_pilot\x13_work\ces_hours_log_additive_44060_200701_201612.err
 ERROR: Additive seasonal adjustment will not be performed when
  Program error(s) halt execution for D:\Programming\Dynamic Paper-dlrhcs_replication\outputs\empirical\unemployment\raw_sa_pilot\x13_work\ces_hours_log_additive_44060_200701_201612.spc
 Check error file D:\Programming\Dynamic Paper-dlrhcs_replication\outputs\empirical\unemployment\raw_sa_pilot\x13_work\ces_hours_log_additive_44060_200701_201612.err",,"
 X-13ARIMA-SEATS Seasonal Adjustment Program
 Version Number 1.1 Build 62
 Execution began  Jul 29, 2026  08.56.01 

  Reading input spec file from D:\Programming\Dynamic Paper-dlrhcs_replication\outputs\empirical\unemployment\raw_sa_pilot\x13_work\ces_hours_log_additive_44060_200701_201612.spc
  Storing any program output into D:\Programming\Dynamic Paper-dlrhcs_replication\outputs\empirical\unemployment\raw_sa_pilot\x13_work\ces_hours_log_additive_44060_200701_201612.out
  Storing any program error messages into D:\Programming\Dynamic Paper-dlrhcs_replication\outputs\empirical\unemployment\raw_sa_pilot\x13_work\ces_hours_log_additive_44060_200701_201612.err
 
  
 ERROR: Additive seasonal adjustment will not be performed when
        preadjustment factors are derived from a REGARIMA model 
        for transformed data.
  
        Check the values for the power or function arguments of the 
        transform spec and mode of the x11 spec.
  Program error(s) halt execution for D:\Programming\Dynamic Paper-dlrhcs_replication\outputs\empirical\unemployment\raw_sa_pilot\x13_work\ces_hours_log_additive_44060_200701_201612.spc

 Check error file D:\Programming\Dynamic Paper-dlrhcs_replication\outputs\empirical\unemployment\raw_sa_pilot\x13_work\ces_hours_log_additive_44060_200701_201612.err

"
ces_hours,44100,"Springfield, IL",additive_level,ces_hours_additive_level_44100_200701_201612,ok,0,1,120,2007-01-01,2016-12-01,none,add,0,,,"
"
ces_hours,44100,"Springfield, IL",log_additive,ces_hours_log_additive_44100_200701_201612,ok,0,1,120,2007-01-01,2016-12-01,log,add,0,,,"
"
ces_hours,44100,,,,segment_too_short,,,6,,,,,,,,
ces_hours,44140,"Springfield, MA",additive_level,ces_hours_additive_level_44140_200701_201612,ok,0,1,120,2007-01-01,2016-12-01,none,add,0,,,"
"
ces_hours,44140,"Springfield, MA",log_additive,ces_hours_log_additive_44140_200701_201612,ok,0,1,120,2007-01-01,2016-12-01,log,add,0,,,"
"
ces_hours,44180,"Springfield, MO",additive_level,ces_hours_additive_level_44180_200701_201612,ok,0,1,120,2007-01-01,2016-12-01,none,add,0,,,"
"
ces_hours,44180,"Springfield, MO",log_additive,ces_hours_log_additive_44180_200701_201612,ok,0,1,120,2007-01-01,2016-12-01,log,add,0,,,"
"
ces_hours,44220,"Springfield, OH",additive_level,ces_hours_additive_level_44220_200701_201612,ok,0,1,120,2007-01-01,2016-12-01,none,add,0,,,"
"
ces_hours,44220,"Springfield, OH",log_additive,ces_hours_log_additive_44220_200701_201612,ok,0,1,120,2007-01-01,2016-12-01,log,add,0,,,"
"
ces_hours,44300,"State College, PA",additive_level,ces_hours_additive_level_44300_200701_201612,ok,0,1,120,2007-01-01,2016-12-01,none,add,0,,,"
"
ces_hours,44300,"State College, PA",log_additive,ces_hours_log_additive_44300_200701_201612,failed:0,0,0,120,2007-01-01,2016-12-01,log,add,1,"  Storing any program error messages into D:\Programming\Dynamic Paper-dlrhcs_replication\outputs\empirical\unemployment\raw_sa_pilot\x13_work\ces_hours_log_additive_44300_200701_201612.err
 ERROR: Additive seasonal adjustment will not be performed when
  Program error(s) halt execution for D:\Programming\Dynamic Paper-dlrhcs_replication\outputs\empirical\unemployment\raw_sa_pilot\x13_work\ces_hours_log_additive_44300_200701_201612.spc
 Check error file D:\Programming\Dynamic Paper-dlrhcs_replication\outputs\empirical\unemployment\raw_sa_pilot\x13_work\ces_hours_log_additive_44300_200701_201612.err",,"
 X-13ARIMA-SEATS Seasonal Adjustment Program
 Version Number 1.1 Build 62
 Execution began  Jul 29, 2026  08.56.01 

  Reading input spec file from D:\Programming\Dynamic Paper-dlrhcs_replication\outputs\empirical\unemployment\raw_sa_pilot\x13_work\ces_hours_log_additive_44300_200701_201612.spc
  Storing any program output into D:\Programming\Dynamic Paper-dlrhcs_replication\outputs\empirical\unemployment\raw_sa_pilot\x13_work\ces_hours_log_additive_44300_200701_201612.out
  Storing any program error messages into D:\Programming\Dynamic Paper-dlrhcs_replication\outputs\empirical\unemployment\raw_sa_pilot\x13_work\ces_hours_log_additive_44300_200701_201612.err
 
  
 ERROR: Additive seasonal adjustment will not be performed when
        preadjustment factors are derived from a REGARIMA model 
        for transformed data.
  
        Check the values for the power or function arguments of the 
        transform spec and mode of the x11 spec.
  Program error(s) halt execution for D:\Programming\Dynamic Paper-dlrhcs_replication\outputs\empirical\unemployment\raw_sa_pilot\x13_work\ces_hours_log_additive_44300_200701_201612.spc

 Check error file D:\Programming\Dynamic Paper-dlrhcs_replication\outputs\empirical\unemployment\raw_sa_pilot\x13_work\ces_hours_log_additive_44300_200701_201612.err

"
ces_hours,44420,,,,segment_too_short,,,72,,,,,,,,
ces_hours,44700,"Stockton-Lodi, CA",additive_level,ces_hours_additive_level_44700_200701_201612,ok,0,1,120,2007-01-01,2016-12-01,none,add,0,,,"
"
ces_hours,44700,"Stockton-Lodi, CA",log_additive,ces_hours_log_additive_44700_200701_201612,failed:0,0,0,120,2007-01-01,2016-12-01,log,add,1,"  Storing any program error messages into D:\Programming\Dynamic Paper-dlrhcs_replication\outputs\empirical\unemployment\raw_sa_pilot\x13_work\ces_hours_log_additive_44700_200701_201612.err
 ERROR: Additive seasonal adjustment will not be performed when
  Program error(s) halt execution for D:\Programming\Dynamic Paper-dlrhcs_replication\outputs\empirical\unemployment\raw_sa_pilot\x13_work\ces_hours_log_additive_44700_200701_201612.spc
 Check error file D:\Programming\Dynamic Paper-dlrhcs_replication\outputs\empirical\unemployment\raw_sa_pilot\x13_work\ces_hours_log_additive_44700_200701_201612.err",,"
 X-13ARIMA-SEATS Seasonal Adjustment Program
 Version Number 1.1 Build 62
 Execution began  Jul 29, 2026  08.56.03 

  Reading input spec file from D:\Programming\Dynamic Paper-dlrhcs_replication\outputs\empirical\unemployment\raw_sa_pilot\x13_work\ces_hours_log_additive_44700_200701_201612.spc
  Storing any program output into D:\Programming\Dynamic Paper-dlrhcs_replication\outputs\empirical\unemployment\raw_sa_pilot\x13_work\ces_hours_log_additive_44700_200701_201612.out
  Storing any program error messages into D:\Programming\Dynamic Paper-dlrhcs_replication\outputs\empirical\unemployment\raw_sa_pilot\x13_work\ces_hours_log_additive_44700_200701_201612.err
 
  
 ERROR: Additive seasonal adjustment will not be performed when
        preadjustment factors are derived from a REGARIMA model 
        for transformed data.
  
        Check the values for the power or function arguments of the 
        transform spec and mode of the x11 spec.
  Program error(s) halt execution for D:\Programming\Dynamic Paper-dlrhcs_replication\outputs\empirical\unemployment\raw_sa_pilot\x13_work\ces_hours_log_additive_44700_200701_201612.spc

 Check error file D:\Programming\Dynamic Paper-dlrhcs_replication\outputs\empirical\unemployment\raw_sa_pilot\x13_work\ces_hours_log_additive_44700_200701_201612.err

"
ces_hours,44700,,,,segment_too_short,,,6,,,,,,,,
ces_hours,44940,"Sumter, SC",additive_level,ces_hours_additive_level_44940_200701_201612,ok,0,1,120,2007-01-01,2016-12-01,none,add,0,,,"
"
ces_hours,44940,"Sumter, SC",log_additive,ces_hours_log_additive_44940_200701_201612,ok,0,1,120,2007-01-01,2016-12-01,log,add,0,,,"
"
ces_hours,45060,"Syracuse, NY",additive_level,ces_hours_additive_level_45060_200701_201612,ok,0,1,120,2007-01-01,2016-12-01,none,add,0,,,"
"
ces_hours,45060,"Syracuse, NY",log_additive,ces_hours_log_additive_45060_200701_201612,ok,0,1,120,2007-01-01,2016-12-01,log,add,0,,,"
"
ces_hours,45104,"Tacoma-Lakewood, WA Metropolitan Division",additive_level,ces_hours_additive_level_45104_200701_201612,ok,0,1,120,2007-01-01,2016-12-01,none,add,0,,,"
"
ces_hours,45104,"Tacoma-Lakewood, WA Metropolitan Division",log_additive,ces_hours_log_additive_45104_200701_201612,failed:0,0,0,120,2007-01-01,2016-12-01,log,add,1,"  Storing any program error messages into D:\Programming\Dynamic Paper-dlrhcs_replication\outputs\empirical\unemployment\raw_sa_pilot\x13_work\ces_hours_log_additive_45104_200701_201612.err
 WARNING: At least one visually significant seasonal peak has been found
 ERROR: Additive seasonal adjustment will not be performed when
  Program error(s) halt execution for D:\Programming\Dynamic Paper-dlrhcs_replication\outputs\empirical\unemployment\raw_sa_pilot\x13_work\ces_hours_log_additive_45104_200701_201612.spc
 Check error file D:\Programming\Dynamic Paper-dlrhcs_replication\outputs\empirical\unemployment\raw_sa_pilot\x13_work\ces_hours_log_additive_45104_200701_201612.err",,"
 X-13ARIMA-SEATS Seasonal Adjustment Program
 Version Number 1.1 Build 62
 Execution began  Jul 29, 2026  08.56.04 

  Reading input spec file from D:\Programming\Dynamic Paper-dlrhcs_replication\outputs\empirical\unemployment\raw_sa_pilot\x13_work\ces_hours_log_additive_45104_200701_201612.spc
  Storing any program output into D:\Programming\Dynamic Paper-dlrhcs_replication\outputs\empirical\unemployment\raw_sa_pilot\x13_work\ces_hours_log_additive_45104_200701_201612.out
  Storing any program error messages into D:\Programming\Dynamic Paper-dlrhcs_replication\outputs\empirical\unemployment\raw_sa_pilot\x13_work\ces_hours_log_additive_45104_200701_201612.err
 
  
 WARNING: At least one visually significant seasonal peak has been found
          in the estimated spectrum of the regARIMA residuals.
  
 ERROR: Additive seasonal adjustment will not be performed when
        preadjustment factors are derived from a REGARIMA model 
        for transformed data.
  
        Check the values for the power or function arguments of the 
        transform spec and mode of the x11 spec.
  Program error(s) halt execution for D:\Programming\Dynamic Paper-dlrhcs_replication\outputs\empirical\unemployment\raw_sa_pilot\x13_work\ces_hours_log_additive_45104_200701_201612.spc

 Check error file D:\Programming\Dynamic Paper-dlrhcs_replication\outputs\empirical\unemployment\raw_sa_pilot\x13_work\ces_hours_log_additive_45104_200701_201612.err

"
ces_hours,45220,"Tallahassee, FL",additive_level,ces_hours_additive_level_45220_200701_201612,ok,0,1,120,2007-01-01,2016-12-01,none,add,0,,,"
"
ces_hours,45220,"Tallahassee, FL",log_additive,ces_hours_log_additive_45220_200701_201612,failed:0,0,0,120,2007-01-01,2016-12-01,log,add,1,"  Storing any program error messages into D:\Programming\Dynamic Paper-dlrhcs_replication\outputs\empirical\unemployment\raw_sa_pilot\x13_work\ces_hours_log_additive_45220_200701_201612.err
 ERROR: Additive seasonal adjustment will not be performed when
  Program error(s) halt execution for D:\Programming\Dynamic Paper-dlrhcs_replication\outputs\empirical\unemployment\raw_sa_pilot\x13_work\ces_hours_log_additive_45220_200701_201612.spc
 Check error file D:\Programming\Dynamic Paper-dlrhcs_replication\outputs\empirical\unemployment\raw_sa_pilot\x13_work\ces_hours_log_additive_45220_200701_201612.err",,"
 X-13ARIMA-SEATS Seasonal Adjustment Program
 Version Number 1.1 Build 62
 Execution began  Jul 29, 2026  08.56.07 

  Reading input spec file from D:\Programming\Dynamic Paper-dlrhcs_replication\outputs\empirical\unemployment\raw_sa_pilot\x13_work\ces_hours_log_additive_45220_200701_201612.spc
  Storing any program output into D:\Programming\Dynamic Paper-dlrhcs_replication\outputs\empirical\unemployment\raw_sa_pilot\x13_work\ces_hours_log_additive_45220_200701_201612.out
  Storing any program error messages into D:\Programming\Dynamic Paper-dlrhcs_replication\outputs\empirical\unemployment\raw_sa_pilot\x13_work\ces_hours_log_additive_45220_200701_201612.err
 
  
 ERROR: Additive seasonal adjustment will not be performed when
        preadjustment factors are derived from a REGARIMA model 
        for transformed data.
  
        Check the values for the power or function arguments of the 
        transform spec and mode of the x11 spec.
  Program error(s) halt execution for D:\Programming\Dynamic Paper-dlrhcs_replication\outputs\empirical\unemployment\raw_sa_pilot\x13_work\ces_hours_log_additive_45220_200701_201612.spc

 Check error file D:\Programming\Dynamic Paper-dlrhcs_replication\outputs\empirical\unemployment\raw_sa_pilot\x13_work\ces_hours_log_additive_45220_200701_201612.err

"
ces_hours,45220,,,,segment_too_short,,,6,,,,,,,,
ces_hours,45294,,,,segment_too_short,,,72,,,,,,,,
ces_hours,45294,,,,segment_too_short,,,6,,,,,,,,
ces_hours,45300,,,,segment_too_short,,,72,,,,,,,,
ces_hours,45300,,,,segment_too_short,,,6,,,,,,,,
ces_hours,45460,"Terre Haute, IN",additive_level,ces_hours_additive_level_45460_200701_201612,ok,0,1,120,2007-01-01,2016-12-01,none,add,0,,,"
"
ces_hours,45460,"Terre Haute, IN",log_additive,ces_hours_log_additive_45460_200701_201612,failed:0,0,0,120,2007-01-01,2016-12-01,log,add,1,"  Storing any program error messages into D:\Programming\Dynamic Paper-dlrhcs_replication\outputs\empirical\unemployment\raw_sa_pilot\x13_work\ces_hours_log_additive_45460_200701_201612.err
 WARNING: At least one visually significant seasonal peak has been found
 ERROR: Additive seasonal adjustment will not be performed when
  Program error(s) halt execution for D:\Programming\Dynamic Paper-dlrhcs_replication\outputs\empirical\unemployment\raw_sa_pilot\x13_work\ces_hours_log_additive_45460_200701_201612.spc
 Check error file D:\Programming\Dynamic Paper-dlrhcs_replication\outputs\empirical\unemployment\raw_sa_pilot\x13_work\ces_hours_log_additive_45460_200701_201612.err",,"
 X-13ARIMA-SEATS Seasonal Adjustment Program
 Version Number 1.1 Build 62
 Execution began  Jul 29, 2026  08.56.07 

  Reading input spec file from D:\Programming\Dynamic Paper-dlrhcs_replication\outputs\empirical\unemployment\raw_sa_pilot\x13_work\ces_hours_log_additive_45460_200701_201612.spc
  Storing any program output into D:\Programming\Dynamic Paper-dlrhcs_replication\outputs\empirical\unemployment\raw_sa_pilot\x13_work\ces_hours_log_additive_45460_200701_201612.out
  Storing any program error messages into D:\Programming\Dynamic Paper-dlrhcs_replication\outputs\empirical\unemployment\raw_sa_pilot\x13_work\ces_hours_log_additive_45460_200701_201612.err
 
  
 WARNING: At least one visually significant seasonal peak has been found
          in the estimated spectrum of the regARIMA residuals.
  
 ERROR: Additive seasonal adjustment will not be performed when
        preadjustment factors are derived from a REGARIMA model 
        for transformed data.
  
        Check the values for the power or function arguments of the 
        transform spec and mode of the x11 spec.
  Program error(s) halt execution for D:\Programming\Dynamic Paper-dlrhcs_replication\outputs\empirical\unemployment\raw_sa_pilot\x13_work\ces_hours_log_additive_45460_200701_201612.spc

 Check error file D:\Programming\Dynamic Paper-dlrhcs_replication\outputs\empirical\unemployment\raw_sa_pilot\x13_work\ces_hours_log_additive_45460_200701_201612.err

"
ces_hours,45460,,,,segment_too_short,,,6,,,,,,,,
ces_hours,45500,"Texarkana, TX-AR",additive_level,ces_hours_additive_level_45500_200701_201612,ok,0,1,120,2007-01-01,2016-12-01,none,add,0,,,"
"
ces_hours,45500,"Texarkana, TX-AR",log_additive,ces_hours_log_additive_45500_200701_201612,ok,0,1,120,2007-01-01,2016-12-01,log,add,0,,,"
"
ces_hours,45780,"Toledo, OH",additive_level,ces_hours_additive_level_45780_200701_201612,ok,0,1,120,2007-01-01,2016-12-01,none,add,0,,,"
"
ces_hours,45780,"Toledo, OH",log_additive,ces_hours_log_additive_45780_200701_201612,ok,0,1,120,2007-01-01,2016-12-01,log,add,0,,,"
"
ces_hours,45820,"Topeka, KS",additive_level,ces_hours_additive_level_45820_200701_201612,failed:0,0,0,120,2007-01-01,2016-12-01,none,add,1,"  Storing any program error messages into D:\Programming\Dynamic Paper-dlrhcs_replication\outputs\empirical\unemployment\raw_sa_pilot\x13_work\ces_hours_additive_level_45820_200701_201612.err
 ERROR: The covariance matrix of the ARMA parameters is singular;
  Program error(s) halt execution for D:\Programming\Dynamic Paper-dlrhcs_replication\outputs\empirical\unemployment\raw_sa_pilot\x13_work\ces_hours_additive_level_45820_200701_201612.spc
 Check error file D:\Programming\Dynamic Paper-dlrhcs_replication\outputs\empirical\unemployment\raw_sa_pilot\x13_work\ces_hours_additive_level_45820_200701_201612.err",,"
 X-13ARIMA-SEATS Seasonal Adjustment Program
 Version Number 1.1 Build 62
 Execution began  Jul 29, 2026  08.56.07 

  Reading input spec file from D:\Programming\Dynamic Paper-dlrhcs_replication\outputs\empirical\unemployment\raw_sa_pilot\x13_work\ces_hours_additive_level_45820_200701_201612.spc
  Storing any program output into D:\Programming\Dynamic Paper-dlrhcs_replication\outputs\empirical\unemployment\raw_sa_pilot\x13_work\ces_hours_additive_level_45820_200701_201612.out
  Storing any program error messages into D:\Programming\Dynamic Paper-dlrhcs_replication\outputs\empirical\unemployment\raw_sa_pilot\x13_work\ces_hours_additive_level_45820_200701_201612.err
 
  
 ERROR: The covariance matrix of the ARMA parameters is singular;
        cannot compute t-statistics for the ARMA parameters.
  Program error(s) halt execution for D:\Programming\Dynamic Paper-dlrhcs_replication\outputs\empirical\unemployment\raw_sa_pilot\x13_work\ces_hours_additive_level_45820_200701_201612.spc

 Check error file D:\Programming\Dynamic Paper-dlrhcs_replication\outputs\empirical\unemployment\raw_sa_pilot\x13_work\ces_hours_additive_level_45820_200701_201612.err

"
ces_hours,45820,"Topeka, KS",log_additive,ces_hours_log_additive_45820_200701_201612,ok,0,1,120,2007-01-01,2016-12-01,log,add,0,,,"
"
ces_hours,45820,,,,segment_too_short,,,6,,,,,,,,
ces_hours,45900,,,,segment_too_short,,,72,,,,,,,,
ces_hours,45940,"Trenton-Princeton, NJ",additive_level,ces_hours_additive_level_45940_200701_201612,ok,0,1,120,2007-01-01,2016-12-01,none,add,0,,,"
"
ces_hours,45940,"Trenton-Princeton, NJ",log_additive,ces_hours_log_additive_45940_200701_201612,failed:0,0,0,120,2007-01-01,2016-12-01,log,add,1,"  Storing any program error messages into D:\Programming\Dynamic Paper-dlrhcs_replication\outputs\empirical\unemployment\raw_sa_pilot\x13_work\ces_hours_log_additive_45940_200701_201612.err
 ERROR: Additive seasonal adjustment will not be performed when
  Program error(s) halt execution for D:\Programming\Dynamic Paper-dlrhcs_replication\outputs\empirical\unemployment\raw_sa_pilot\x13_work\ces_hours_log_additive_45940_200701_201612.spc
 Check error file D:\Programming\Dynamic Paper-dlrhcs_replication\outputs\empirical\unemployment\raw_sa_pilot\x13_work\ces_hours_log_additive_45940_200701_201612.err",,"
 X-13ARIMA-SEATS Seasonal Adjustment Program
 Version Number 1.1 Build 62
 Execution began  Jul 29, 2026  08.56.08 

  Reading input spec file from D:\Programming\Dynamic Paper-dlrhcs_replication\outputs\empirical\unemployment\raw_sa_pilot\x13_work\ces_hours_log_additive_45940_200701_201612.spc
  Storing any program output into D:\Programming\Dynamic Paper-dlrhcs_replication\outputs\empirical\unemployment\raw_sa_pilot\x13_work\ces_hours_log_additive_45940_200701_201612.out
  Storing any program error messages into D:\Programming\Dynamic Paper-dlrhcs_replication\outputs\empirical\unemployment\raw_sa_pilot\x13_work\ces_hours_log_additive_45940_200701_201612.err
 
  
 ERROR: Additive seasonal adjustment will not be performed when
        preadjustment factors are derived from a REGARIMA model 
        for transformed data.
  
        Check the values for the power or function arguments of the 
        transform spec and mode of the x11 spec.
  Program error(s) halt execution for D:\Programming\Dynamic Paper-dlrhcs_replication\outputs\empirical\unemployment\raw_sa_pilot\x13_work\ces_hours_log_additive_45940_200701_201612.spc

 Check error file D:\Programming\Dynamic Paper-dlrhcs_replication\outputs\empirical\unemployment\raw_sa_pilot\x13_work\ces_hours_log_additive_45940_200701_201612.err

"
ces_hours,46060,"Tucson, AZ",additive_level,ces_hours_additive_level_46060_200701_201612,ok,0,1,120,2007-01-01,2016-12-01,none,add,0,,,"
"
ces_hours,46060,"Tucson, AZ",log_additive,ces_hours_log_additive_46060_200701_201612,ok,0,1,120,2007-01-01,2016-12-01,log,add,0,,,"
"
ces_hours,46060,,,,segment_too_short,,,6,,,,,,,,
ces_hours,46140,"Tulsa, OK",additive_level,ces_hours_additive_level_46140_200701_201612,ok,0,1,120,2007-01-01,2016-12-01,none,add,0,,,"
"
ces_hours,46140,"Tulsa, OK",log_additive,ces_hours_log_additive_46140_200701_201612,ok,0,1,120,2007-01-01,2016-12-01,log,add,0,,,"
"
ces_hours,46220,"Tuscaloosa, AL",additive_level,ces_hours_additive_level_46220_200701_201612,ok,0,1,120,2007-01-01,2016-12-01,none,add,0,,,"
"
ces_hours,46220,"Tuscaloosa, AL",log_additive,ces_hours_log_additive_46220_200701_201612,ok,0,1,120,2007-01-01,2016-12-01,log,add,0,,,"
"
ces_hours,46220,,,,segment_too_short,,,6,,,,,,,,
ces_hours,46300,,,,segment_too_short,,,72,,,,,,,,
ces_hours,46300,,,,segment_too_short,,,6,,,,,,,,
ces_hours,46340,"Tyler, TX",additive_level,ces_hours_additive_level_46340_200701_201612,ok,0,1,120,2007-01-01,2016-12-01,none,add,0,,,"
"
ces_hours,46340,"Tyler, TX",log_additive,ces_hours_log_additive_46340_200701_201612,ok,0,1,120,2007-01-01,2016-12-01,log,add,0,,,"
"
ces_hours,46520,"Urban Honolulu, HI",additive_level,ces_hours_additive_level_46520_200701_201612,ok,0,1,120,2007-01-01,2016-12-01,none,add,0,,,"
"
ces_hours,46520,"Urban Honolulu, HI",log_additive,ces_hours_log_additive_46520_200701_201612,failed:0,0,0,120,2007-01-01,2016-12-01,log,add,1,"  Storing any program error messages into D:\Programming\Dynamic Paper-dlrhcs_replication\outputs\empirical\unemployment\raw_sa_pilot\x13_work\ces_hours_log_additive_46520_200701_201612.err
 ERROR: Additive seasonal adjustment will not be performed when
  Program error(s) halt execution for D:\Programming\Dynamic Paper-dlrhcs_replication\outputs\empirical\unemployment\raw_sa_pilot\x13_work\ces_hours_log_additive_46520_200701_201612.spc
 Check error file D:\Programming\Dynamic Paper-dlrhcs_replication\outputs\empirical\unemployment\raw_sa_pilot\x13_work\ces_hours_log_additive_46520_200701_201612.err",,"
 X-13ARIMA-SEATS Seasonal Adjustment Program
 Version Number 1.1 Build 62
 Execution began  Jul 29, 2026  08.56.09 

  Reading input spec file from D:\Programming\Dynamic Paper-dlrhcs_replication\outputs\empirical\unemployment\raw_sa_pilot\x13_work\ces_hours_log_additive_46520_200701_201612.spc
  Storing any program output into D:\Programming\Dynamic Paper-dlrhcs_replication\outputs\empirical\unemployment\raw_sa_pilot\x13_work\ces_hours_log_additive_46520_200701_201612.out
  Storing any program error messages into D:\Programming\Dynamic Paper-dlrhcs_replication\outputs\empirical\unemployment\raw_sa_pilot\x13_work\ces_hours_log_additive_46520_200701_201612.err
 
  
 ERROR: Additive seasonal adjustment will not be performed when
        preadjustment factors are derived from a REGARIMA model 
        for transformed data.
  
        Check the values for the power or function arguments of the 
        transform spec and mode of the x11 spec.
  Program error(s) halt execution for D:\Programming\Dynamic Paper-dlrhcs_replication\outputs\empirical\unemployment\raw_sa_pilot\x13_work\ces_hours_log_additive_46520_200701_201612.spc

 Check error file D:\Programming\Dynamic Paper-dlrhcs_replication\outputs\empirical\unemployment\raw_sa_pilot\x13_work\ces_hours_log_additive_46520_200701_201612.err

"
ces_hours,46520,,,,segment_too_short,,,6,,,,,,,,
ces_hours,46540,"Utica-Rome, NY",additive_level,ces_hours_additive_level_46540_200701_201612,ok,0,1,120,2007-01-01,2016-12-01,none,add,0,,,"
"
ces_hours,46540,"Utica-Rome, NY",log_additive,ces_hours_log_additive_46540_200701_201612,ok,0,1,120,2007-01-01,2016-12-01,log,add,0,,,"
"
ces_hours,46660,"Valdosta, GA",additive_level,ces_hours_additive_level_46660_200701_201612,ok,0,1,120,2007-01-01,2016-12-01,none,add,0,,,"
"
ces_hours,46660,"Valdosta, GA",log_additive,ces_hours_log_additive_46660_200701_201612,ok,0,1,120,2007-01-01,2016-12-01,log,add,0,,,"
"
ces_hours,46660,,,,segment_too_short,,,6,,,,,,,,
ces_hours,46700,"Vallejo, CA",additive_level,ces_hours_additive_level_46700_200701_201612,ok,0,1,120,2007-01-01,2016-12-01,none,add,0,,,"
"
ces_hours,46700,"Vallejo, CA",log_additive,ces_hours_log_additive_46700_200701_201612,ok,0,1,120,2007-01-01,2016-12-01,log,add,0,,,"
"
ces_hours,46700,,,,segment_too_short,,,6,,,,,,,,
ces_hours,47020,"Victoria, TX",additive_level,ces_hours_additive_level_47020_200701_201612,ok,0,1,120,2007-01-01,2016-12-01,none,add,0,,,"
"
ces_hours,47020,"Victoria, TX",log_additive,ces_hours_log_additive_47020_200701_201612,ok,0,1,120,2007-01-01,2016-12-01,log,add,0,,,"
"
ces_hours,47220,"Vineland, NJ",additive_level,ces_hours_additive_level_47220_200701_201612,ok,0,1,120,2007-01-01,2016-12-01,none,add,0,,,"
"
ces_hours,47220,"Vineland, NJ",log_additive,ces_hours_log_additive_47220_200701_201612,ok,0,1,120,2007-01-01,2016-12-01,log,add,0,,,"
"
ces_hours,47260,"Virginia Beach-Chesapeake-Norfolk, VA-NC",additive_level,ces_hours_additive_level_47260_200701_201612,ok,0,1,120,2007-01-01,2016-12-01,none,add,0,,,"
"
ces_hours,47260,"Virginia Beach-Chesapeake-Norfolk, VA-NC",log_additive,ces_hours_log_additive_47260_200701_201612,ok,0,1,120,2007-01-01,2016-12-01,log,add,0,,,"
"
ces_hours,47300,"Visalia, CA",additive_level,ces_hours_additive_level_47300_200701_201612,ok,0,1,120,2007-01-01,2016-12-01,none,add,0,,,"
"
ces_hours,47300,"Visalia, CA",log_additive,ces_hours_log_additive_47300_200701_201612,failed:0,0,0,120,2007-01-01,2016-12-01,log,add,1,"  Storing any program error messages into D:\Programming\Dynamic Paper-dlrhcs_replication\outputs\empirical\unemployment\raw_sa_pilot\x13_work\ces_hours_log_additive_47300_200701_201612.err
 WARNING: At least one visually significant seasonal peak has been found
 ERROR: Additive seasonal adjustment will not be performed when
  Program error(s) halt execution for D:\Programming\Dynamic Paper-dlrhcs_replication\outputs\empirical\unemployment\raw_sa_pilot\x13_work\ces_hours_log_additive_47300_200701_201612.spc
 Check error file D:\Programming\Dynamic Paper-dlrhcs_replication\outputs\empirical\unemployment\raw_sa_pilot\x13_work\ces_hours_log_additive_47300_200701_201612.err",,"
 X-13ARIMA-SEATS Seasonal Adjustment Program
 Version Number 1.1 Build 62
 Execution began  Jul 29, 2026  08.56.09 

  Reading input spec file from D:\Programming\Dynamic Paper-dlrhcs_replication\outputs\empirical\unemployment\raw_sa_pilot\x13_work\ces_hours_log_additive_47300_200701_201612.spc
  Storing any program output into D:\Programming\Dynamic Paper-dlrhcs_replication\outputs\empirical\unemployment\raw_sa_pilot\x13_work\ces_hours_log_additive_47300_200701_201612.out
  Storing any program error messages into D:\Programming\Dynamic Paper-dlrhcs_replication\outputs\empirical\unemployment\raw_sa_pilot\x13_work\ces_hours_log_additive_47300_200701_201612.err
 
  
 WARNING: At least one visually significant seasonal peak has been found
          in the estimated spectrum of the regARIMA residuals.
  
 ERROR: Additive seasonal adjustment will not be performed when
        preadjustment factors are derived from a REGARIMA model 
        for transformed data.
  
        Check the values for the power or function arguments of the 
        transform spec and mode of the x11 spec.
  Program error(s) halt execution for D:\Programming\Dynamic Paper-dlrhcs_replication\outputs\empirical\unemployment\raw_sa_pilot\x13_work\ces_hours_log_additive_47300_200701_201612.spc

 Check error file D:\Programming\Dynamic Paper-dlrhcs_replication\outputs\empirical\unemployment\raw_sa_pilot\x13_work\ces_hours_log_additive_47300_200701_201612.err

"
ces_hours,47300,,,,segment_too_short,,,6,,,,,,,,
ces_hours,47380,"Waco, TX",additive_level,ces_hours_additive_level_47380_200701_201612,ok,0,1,120,2007-01-01,2016-12-01,none,add,0,,,"
"
ces_hours,47380,"Waco, TX",log_additive,ces_hours_log_additive_47380_200701_201612,ok,0,1,120,2007-01-01,2016-12-01,log,add,0,,,"
"
ces_hours,47460,,,,segment_too_short,,,72,,,,,,,,
ces_hours,47580,"Warner Robins, GA",additive_level,ces_hours_additive_level_47580_200701_201612,ok,0,1,120,2007-01-01,2016-12-01,none,add,0,,,"
"
ces_hours,47580,"Warner Robins, GA",log_additive,ces_hours_log_additive_47580_200701_201612,ok,0,1,120,2007-01-01,2016-12-01,log,add,0,,,"
"
ces_hours,47580,,,,segment_too_short,,,6,,,,,,,,
ces_hours,47664,,,,segment_too_short,,,72,,,,,,,,
ces_hours,47764,,,,segment_too_short,,,72,,,,,,,,
ces_hours,47764,,,,segment_too_short,,,6,,,,,,,,
ces_hours,47900,,,,segment_too_short,,,72,,,,,,,,
ces_hours,47900,,,,segment_too_short,,,6,,,,,,,,
ces_hours,47930,,,,segment_too_short,,,72,,,,,,,,
ces_hours,47930,,,,segment_too_short,,,6,,,,,,,,
ces_hours,47940,"Waterloo-Cedar Falls, IA",additive_level,ces_hours_additive_level_47940_200701_201612,ok,0,1,120,2007-01-01,2016-12-01,none,add,0,,,"
"
ces_hours,47940,"Waterloo-Cedar Falls, IA",log_additive,ces_hours_log_additive_47940_200701_201612,ok,0,1,120,2007-01-01,2016-12-01,log,add,0,,,"
"
ces_hours,47940,,,,segment_too_short,,,6,,,,,,,,
ces_hours,48060,,,,segment_too_short,,,72,,,,,,,,
ces_hours,48140,"Wausau, WI",additive_level,ces_hours_additive_level_48140_200701_201612,ok,0,1,120,2007-01-01,2016-12-01,none,add,0,,,"
"
ces_hours,48140,"Wausau, WI",log_additive,ces_hours_log_additive_48140_200701_201612,ok,0,1,120,2007-01-01,2016-12-01,log,add,0,,,"
"
ces_hours,48260,"Weirton-Steubenville, WV-OH",additive_level,ces_hours_additive_level_48260_200701_201612,ok,0,1,120,2007-01-01,2016-12-01,none,add,0,,,"
"
ces_hours,48260,"Weirton-Steubenville, WV-OH",log_additive,ces_hours_log_additive_48260_200701_201612,ok,0,1,120,2007-01-01,2016-12-01,log,add,0,,,"
"
ces_hours,48300,"Wenatchee-East Wenatchee, WA",additive_level,ces_hours_additive_level_48300_200701_201612,ok,0,1,120,2007-01-01,2016-12-01,none,add,0,,,"
"
ces_hours,48300,"Wenatchee-East Wenatchee, WA",log_additive,ces_hours_log_additive_48300_200701_201612,failed:0,0,0,120,2007-01-01,2016-12-01,log,add,1,"  Storing any program error messages into D:\Programming\Dynamic Paper-dlrhcs_replication\outputs\empirical\unemployment\raw_sa_pilot\x13_work\ces_hours_log_additive_48300_200701_201612.err
 ERROR: Additive seasonal adjustment will not be performed when
  Program error(s) halt execution for D:\Programming\Dynamic Paper-dlrhcs_replication\outputs\empirical\unemployment\raw_sa_pilot\x13_work\ces_hours_log_additive_48300_200701_201612.spc
 Check error file D:\Programming\Dynamic Paper-dlrhcs_replication\outputs\empirical\unemployment\raw_sa_pilot\x13_work\ces_hours_log_additive_48300_200701_201612.err",,"
 X-13ARIMA-SEATS Seasonal Adjustment Program
 Version Number 1.1 Build 62
 Execution began  Jul 29, 2026  08.56.09 

  Reading input spec file from D:\Programming\Dynamic Paper-dlrhcs_replication\outputs\empirical\unemployment\raw_sa_pilot\x13_work\ces_hours_log_additive_48300_200701_201612.spc
  Storing any program output into D:\Programming\Dynamic Paper-dlrhcs_replication\outputs\empirical\unemployment\raw_sa_pilot\x13_work\ces_hours_log_additive_48300_200701_201612.out
  Storing any program error messages into D:\Programming\Dynamic Paper-dlrhcs_replication\outputs\empirical\unemployment\raw_sa_pilot\x13_work\ces_hours_log_additive_48300_200701_201612.err
 
  
 ERROR: Additive seasonal adjustment will not be performed when
        preadjustment factors are derived from a REGARIMA model 
        for transformed data.
  
        Check the values for the power or function arguments of the 
        transform spec and mode of the x11 spec.
  Program error(s) halt execution for D:\Programming\Dynamic Paper-dlrhcs_replication\outputs\empirical\unemployment\raw_sa_pilot\x13_work\ces_hours_log_additive_48300_200701_201612.spc

 Check error file D:\Programming\Dynamic Paper-dlrhcs_replication\outputs\empirical\unemployment\raw_sa_pilot\x13_work\ces_hours_log_additive_48300_200701_201612.err

"
ces_hours,48424,"West Palm Beach-Boca Raton-Delray Beach, FL Metropolitan Division",additive_level,ces_hours_additive_level_48424_200701_201612,ok,0,1,120,2007-01-01,2016-12-01,none,add,0,,,"
"
ces_hours,48424,"West Palm Beach-Boca Raton-Delray Beach, FL Metropolitan Division",log_additive,ces_hours_log_additive_48424_200701_201612,failed:0,0,0,120,2007-01-01,2016-12-01,log,add,1,"  Storing any program error messages into D:\Programming\Dynamic Paper-dlrhcs_replication\outputs\empirical\unemployment\raw_sa_pilot\x13_work\ces_hours_log_additive_48424_200701_201612.err
 WARNING: Visually significant seasonal and trading day peaks have 
 ERROR: Additive seasonal adjustment will not be performed when
  Program error(s) halt execution for D:\Programming\Dynamic Paper-dlrhcs_replication\outputs\empirical\unemployment\raw_sa_pilot\x13_work\ces_hours_log_additive_48424_200701_201612.spc
 Check error file D:\Programming\Dynamic Paper-dlrhcs_replication\outputs\empirical\unemployment\raw_sa_pilot\x13_work\ces_hours_log_additive_48424_200701_201612.err",,"
 X-13ARIMA-SEATS Seasonal Adjustment Program
 Version Number 1.1 Build 62
 Execution began  Jul 29, 2026  08.56.09 

  Reading input spec file from D:\Programming\Dynamic Paper-dlrhcs_replication\outputs\empirical\unemployment\raw_sa_pilot\x13_work\ces_hours_log_additive_48424_200701_201612.spc
  Storing any program output into D:\Programming\Dynamic Paper-dlrhcs_replication\outputs\empirical\unemployment\raw_sa_pilot\x13_work\ces_hours_log_additive_48424_200701_201612.out
  Storing any program error messages into D:\Programming\Dynamic Paper-dlrhcs_replication\outputs\empirical\unemployment\raw_sa_pilot\x13_work\ces_hours_log_additive_48424_200701_201612.err
 
  
 WARNING: Visually significant seasonal and trading day peaks have 
          been found in the estimated spectrum of the regARIMA residuals.
  
 ERROR: Additive seasonal adjustment will not be performed when
        preadjustment factors are derived from a REGARIMA model 
        for transformed data.
  
        Check the values for the power or function arguments of the 
        transform spec and mode of the x11 spec.
  Program error(s) halt execution for D:\Programming\Dynamic Paper-dlrhcs_replication\outputs\empirical\unemployment\raw_sa_pilot\x13_work\ces_hours_log_additive_48424_200701_201612.spc

 Check error file D:\Programming\Dynamic Paper-dlrhcs_replication\outputs\empirical\unemployment\raw_sa_pilot\x13_work\ces_hours_log_additive_48424_200701_201612.err

"
ces_hours,48424,,,,segment_too_short,,,6,,,,,,,,
ces_hours,48540,"Wheeling, WV-OH",additive_level,ces_hours_additive_level_48540_200701_201612,ok,0,1,120,2007-01-01,2016-12-01,none,add,0,,,"
"
ces_hours,48540,"Wheeling, WV-OH",log_additive,ces_hours_log_additive_48540_200701_201612,ok,0,1,120,2007-01-01,2016-12-01,log,add,0,,,"
"
ces_hours,48620,"Wichita, KS",additive_level,ces_hours_additive_level_48620_200701_201612,ok,0,1,120,2007-01-01,2016-12-01,none,add,0,,,"
"
ces_hours,48620,"Wichita, KS",log_additive,ces_hours_log_additive_48620_200701_201612,failed:0,0,0,120,2007-01-01,2016-12-01,log,add,1,"  Storing any program error messages into D:\Programming\Dynamic Paper-dlrhcs_replication\outputs\empirical\unemployment\raw_sa_pilot\x13_work\ces_hours_log_additive_48620_200701_201612.err
 ERROR: Additive seasonal adjustment will not be performed when
  Program error(s) halt execution for D:\Programming\Dynamic Paper-dlrhcs_replication\outputs\empirical\unemployment\raw_sa_pilot\x13_work\ces_hours_log_additive_48620_200701_201612.spc
 Check error file D:\Programming\Dynamic Paper-dlrhcs_replication\outputs\empirical\unemployment\raw_sa_pilot\x13_work\ces_hours_log_additive_48620_200701_201612.err",,"
 X-13ARIMA-SEATS Seasonal Adjustment Program
 Version Number 1.1 Build 62
 Execution began  Jul 29, 2026  08.56.10 

  Reading input spec file from D:\Programming\Dynamic Paper-dlrhcs_replication\outputs\empirical\unemployment\raw_sa_pilot\x13_work\ces_hours_log_additive_48620_200701_201612.spc
  Storing any program output into D:\Programming\Dynamic Paper-dlrhcs_replication\outputs\empirical\unemployment\raw_sa_pilot\x13_work\ces_hours_log_additive_48620_200701_201612.out
  Storing any program error messages into D:\Programming\Dynamic Paper-dlrhcs_replication\outputs\empirical\unemployment\raw_sa_pilot\x13_work\ces_hours_log_additive_48620_200701_201612.err
 
  
 ERROR: Additive seasonal adjustment will not be performed when
        preadjustment factors are derived from a REGARIMA model 
        for transformed data.
  
        Check the values for the power or function arguments of the 
        transform spec and mode of the x11 spec.
  Program error(s) halt execution for D:\Programming\Dynamic Paper-dlrhcs_replication\outputs\empirical\unemployment\raw_sa_pilot\x13_work\ces_hours_log_additive_48620_200701_201612.spc

 Check error file D:\Programming\Dynamic Paper-dlrhcs_replication\outputs\empirical\unemployment\raw_sa_pilot\x13_work\ces_hours_log_additive_48620_200701_201612.err

"
ces_hours,48620,,,,segment_too_short,,,6,,,,,,,,
ces_hours,48660,"Wichita Falls, TX",additive_level,ces_hours_additive_level_48660_200701_201612,ok,0,1,120,2007-01-01,2016-12-01,none,add,0,,,"
"
ces_hours,48660,"Wichita Falls, TX",log_additive,ces_hours_log_additive_48660_200701_201612,failed:0,0,0,120,2007-01-01,2016-12-01,log,add,1,"  Storing any program error messages into D:\Programming\Dynamic Paper-dlrhcs_replication\outputs\empirical\unemployment\raw_sa_pilot\x13_work\ces_hours_log_additive_48660_200701_201612.err
 ERROR: Additive seasonal adjustment will not be performed when
  Program error(s) halt execution for D:\Programming\Dynamic Paper-dlrhcs_replication\outputs\empirical\unemployment\raw_sa_pilot\x13_work\ces_hours_log_additive_48660_200701_201612.spc
 Check error file D:\Programming\Dynamic Paper-dlrhcs_replication\outputs\empirical\unemployment\raw_sa_pilot\x13_work\ces_hours_log_additive_48660_200701_201612.err",,"
 X-13ARIMA-SEATS Seasonal Adjustment Program
 Version Number 1.1 Build 62
 Execution began  Jul 29, 2026  08.56.10 

  Reading input spec file from D:\Programming\Dynamic Paper-dlrhcs_replication\outputs\empirical\unemployment\raw_sa_pilot\x13_work\ces_hours_log_additive_48660_200701_201612.spc
  Storing any program output into D:\Programming\Dynamic Paper-dlrhcs_replication\outputs\empirical\unemployment\raw_sa_pilot\x13_work\ces_hours_log_additive_48660_200701_201612.out
  Storing any program error messages into D:\Programming\Dynamic Paper-dlrhcs_replication\outputs\empirical\unemployment\raw_sa_pilot\x13_work\ces_hours_log_additive_48660_200701_201612.err
 
  
 ERROR: Additive seasonal adjustment will not be performed when
        preadjustment factors are derived from a REGARIMA model 
        for transformed data.
  
        Check the values for the power or function arguments of the 
        transform spec and mode of the x11 spec.
  Program error(s) halt execution for D:\Programming\Dynamic Paper-dlrhcs_replication\outputs\empirical\unemployment\raw_sa_pilot\x13_work\ces_hours_log_additive_48660_200701_201612.spc

 Check error file D:\Programming\Dynamic Paper-dlrhcs_replication\outputs\empirical\unemployment\raw_sa_pilot\x13_work\ces_hours_log_additive_48660_200701_201612.err

"
ces_hours,48680,,,,segment_too_short,,,72,,,,,,,,
ces_hours,48680,,,,segment_too_short,,,6,,,,,,,,
ces_hours,48700,"Williamsport, PA",additive_level,ces_hours_additive_level_48700_200701_201612,ok,0,1,120,2007-01-01,2016-12-01,none,add,0,,,"
"
ces_hours,48700,"Williamsport, PA",log_additive,ces_hours_log_additive_48700_200701_201612,failed:0,0,0,120,2007-01-01,2016-12-01,log,add,1,"  Storing any program error messages into D:\Programming\Dynamic Paper-dlrhcs_replication\outputs\empirical\unemployment\raw_sa_pilot\x13_work\ces_hours_log_additive_48700_200701_201612.err
 ERROR: Additive seasonal adjustment will not be performed when
  Program error(s) halt execution for D:\Programming\Dynamic Paper-dlrhcs_replication\outputs\empirical\unemployment\raw_sa_pilot\x13_work\ces_hours_log_additive_48700_200701_201612.spc
 Check error file D:\Programming\Dynamic Paper-dlrhcs_replication\outputs\empirical\unemployment\raw_sa_pilot\x13_work\ces_hours_log_additive_48700_200701_201612.err",,"
 X-13ARIMA-SEATS Seasonal Adjustment Program
 Version Number 1.1 Build 62
 Execution began  Jul 29, 2026  08.56.10 

  Reading input spec file from D:\Programming\Dynamic Paper-dlrhcs_replication\outputs\empirical\unemployment\raw_sa_pilot\x13_work\ces_hours_log_additive_48700_200701_201612.spc
  Storing any program output into D:\Programming\Dynamic Paper-dlrhcs_replication\outputs\empirical\unemployment\raw_sa_pilot\x13_work\ces_hours_log_additive_48700_200701_201612.out
  Storing any program error messages into D:\Programming\Dynamic Paper-dlrhcs_replication\outputs\empirical\unemployment\raw_sa_pilot\x13_work\ces_hours_log_additive_48700_200701_201612.err
 
  
 ERROR: Additive seasonal adjustment will not be performed when
        preadjustment factors are derived from a REGARIMA model 
        for transformed data.
  
        Check the values for the power or function arguments of the 
        transform spec and mode of the x11 spec.
  Program error(s) halt execution for D:\Programming\Dynamic Paper-dlrhcs_replication\outputs\empirical\unemployment\raw_sa_pilot\x13_work\ces_hours_log_additive_48700_200701_201612.spc

 Check error file D:\Programming\Dynamic Paper-dlrhcs_replication\outputs\empirical\unemployment\raw_sa_pilot\x13_work\ces_hours_log_additive_48700_200701_201612.err

"
ces_hours,48864,"Wilmington, DE-MD-NJ Metropolitan Division",additive_level,ces_hours_additive_level_48864_200701_201612,ok,0,1,120,2007-01-01,2016-12-01,none,add,0,,,"
"
ces_hours,48864,"Wilmington, DE-MD-NJ Metropolitan Division",log_additive,ces_hours_log_additive_48864_200701_201612,ok,0,1,120,2007-01-01,2016-12-01,log,add,0,,,"
"
ces_hours,48864,,,,segment_too_short,,,6,,,,,,,,
ces_hours,48900,"Wilmington, NC",additive_level,ces_hours_additive_level_48900_200701_201612,ok,0,1,120,2007-01-01,2016-12-01,none,add,0,,,"
"
ces_hours,48900,"Wilmington, NC",log_additive,ces_hours_log_additive_48900_200701_201612,ok,0,1,120,2007-01-01,2016-12-01,log,add,0,,,"
"
ces_hours,49020,"Winchester, VA-WV",additive_level,ces_hours_additive_level_49020_200701_201612,ok,0,1,120,2007-01-01,2016-12-01,none,add,0,,,"
"
ces_hours,49020,"Winchester, VA-WV",log_additive,ces_hours_log_additive_49020_200701_201612,failed:0,0,0,120,2007-01-01,2016-12-01,log,add,1,"  Storing any program error messages into D:\Programming\Dynamic Paper-dlrhcs_replication\outputs\empirical\unemployment\raw_sa_pilot\x13_work\ces_hours_log_additive_49020_200701_201612.err
 WARNING: At least one visually significant trading day peak has been
 ERROR: Additive seasonal adjustment will not be performed when
  Program error(s) halt execution for D:\Programming\Dynamic Paper-dlrhcs_replication\outputs\empirical\unemployment\raw_sa_pilot\x13_work\ces_hours_log_additive_49020_200701_201612.spc
 Check error file D:\Programming\Dynamic Paper-dlrhcs_replication\outputs\empirical\unemployment\raw_sa_pilot\x13_work\ces_hours_log_additive_49020_200701_201612.err",,"
 X-13ARIMA-SEATS Seasonal Adjustment Program
 Version Number 1.1 Build 62
 Execution began  Jul 29, 2026  08.56.10 

  Reading input spec file from D:\Programming\Dynamic Paper-dlrhcs_replication\outputs\empirical\unemployment\raw_sa_pilot\x13_work\ces_hours_log_additive_49020_200701_201612.spc
  Storing any program output into D:\Programming\Dynamic Paper-dlrhcs_replication\outputs\empirical\unemployment\raw_sa_pilot\x13_work\ces_hours_log_additive_49020_200701_201612.out
  Storing any program error messages into D:\Programming\Dynamic Paper-dlrhcs_replication\outputs\empirical\unemployment\raw_sa_pilot\x13_work\ces_hours_log_additive_49020_200701_201612.err
 
  
 WARNING: At least one visually significant trading day peak has been
          found in the estimated spectrum of the regARIMA residuals.
  
 ERROR: Additive seasonal adjustment will not be performed when
        preadjustment factors are derived from a REGARIMA model 
        for transformed data.
  
        Check the values for the power or function arguments of the 
        transform spec and mode of the x11 spec.
  Program error(s) halt execution for D:\Programming\Dynamic Paper-dlrhcs_replication\outputs\empirical\unemployment\raw_sa_pilot\x13_work\ces_hours_log_additive_49020_200701_201612.spc

 Check error file D:\Programming\Dynamic Paper-dlrhcs_replication\outputs\empirical\unemployment\raw_sa_pilot\x13_work\ces_hours_log_additive_49020_200701_201612.err

"
ces_hours,49180,"Winston-Salem, NC",additive_level,ces_hours_additive_level_49180_200701_201612,ok,0,1,120,2007-01-01,2016-12-01,none,add,0,,,"
"
ces_hours,49180,"Winston-Salem, NC",log_additive,ces_hours_log_additive_49180_200701_201612,ok,0,1,120,2007-01-01,2016-12-01,log,add,0,,,"
"
ces_hours,49340,"Worcester, MA",additive_level,ces_hours_additive_level_49340_200701_201612,ok,0,1,120,2007-01-01,2016-12-01,none,add,0,,,"
"
ces_hours,49340,"Worcester, MA",log_additive,ces_hours_log_additive_49340_200701_201612,ok,0,1,120,2007-01-01,2016-12-01,log,add,0,,,"
"
ces_hours,49420,"Yakima, WA",additive_level,ces_hours_additive_level_49420_200701_201612,ok,0,1,120,2007-01-01,2016-12-01,none,add,0,,,"
"
ces_hours,49420,"Yakima, WA",log_additive,ces_hours_log_additive_49420_200701_201612,failed:0,0,0,120,2007-01-01,2016-12-01,log,add,1,"  Storing any program error messages into D:\Programming\Dynamic Paper-dlrhcs_replication\outputs\empirical\unemployment\raw_sa_pilot\x13_work\ces_hours_log_additive_49420_200701_201612.err
 ERROR: Additive seasonal adjustment will not be performed when
  Program error(s) halt execution for D:\Programming\Dynamic Paper-dlrhcs_replication\outputs\empirical\unemployment\raw_sa_pilot\x13_work\ces_hours_log_additive_49420_200701_201612.spc
 Check error file D:\Programming\Dynamic Paper-dlrhcs_replication\outputs\empirical\unemployment\raw_sa_pilot\x13_work\ces_hours_log_additive_49420_200701_201612.err",,"
 X-13ARIMA-SEATS Seasonal Adjustment Program
 Version Number 1.1 Build 62
 Execution began  Jul 29, 2026  08.56.10 

  Reading input spec file from D:\Programming\Dynamic Paper-dlrhcs_replication\outputs\empirical\unemployment\raw_sa_pilot\x13_work\ces_hours_log_additive_49420_200701_201612.spc
  Storing any program output into D:\Programming\Dynamic Paper-dlrhcs_replication\outputs\empirical\unemployment\raw_sa_pilot\x13_work\ces_hours_log_additive_49420_200701_201612.out
  Storing any program error messages into D:\Programming\Dynamic Paper-dlrhcs_replication\outputs\empirical\unemployment\raw_sa_pilot\x13_work\ces_hours_log_additive_49420_200701_201612.err
 
  
 ERROR: Additive seasonal adjustment will not be performed when
        preadjustment factors are derived from a REGARIMA model 
        for transformed data.
  
        Check the values for the power or function arguments of the 
        transform spec and mode of the x11 spec.
  Program error(s) halt execution for D:\Programming\Dynamic Paper-dlrhcs_replication\outputs\empirical\unemployment\raw_sa_pilot\x13_work\ces_hours_log_additive_49420_200701_201612.spc

 Check error file D:\Programming\Dynamic Paper-dlrhcs_replication\outputs\empirical\unemployment\raw_sa_pilot\x13_work\ces_hours_log_additive_49420_200701_201612.err

"
ces_hours,49620,"York-Hanover, PA",additive_level,ces_hours_additive_level_49620_200701_201612,ok,0,1,120,2007-01-01,2016-12-01,none,add,0,,,"
"
ces_hours,49620,"York-Hanover, PA",log_additive,ces_hours_log_additive_49620_200701_201612,ok,0,1,120,2007-01-01,2016-12-01,log,add,0,,,"
"
ces_hours,49660,"Youngstown-Warren, OH",additive_level,ces_hours_additive_level_49660_200701_201612,ok,0,1,120,2007-01-01,2016-12-01,none,add,0,,,"
"
ces_hours,49660,"Youngstown-Warren, OH",log_additive,ces_hours_log_additive_49660_200701_201612,ok,0,1,120,2007-01-01,2016-12-01,log,add,0,,,"
"
ces_hours,49700,"Yuba City, CA",additive_level,ces_hours_additive_level_49700_200701_201612,ok,0,1,120,2007-01-01,2016-12-01,none,add,0,,,"
"
ces_hours,49700,"Yuba City, CA",log_additive,ces_hours_log_additive_49700_200701_201612,failed:0,0,0,120,2007-01-01,2016-12-01,log,add,1,"  Storing any program error messages into D:\Programming\Dynamic Paper-dlrhcs_replication\outputs\empirical\unemployment\raw_sa_pilot\x13_work\ces_hours_log_additive_49700_200701_201612.err
 ERROR: Additive seasonal adjustment will not be performed when
  Program error(s) halt execution for D:\Programming\Dynamic Paper-dlrhcs_replication\outputs\empirical\unemployment\raw_sa_pilot\x13_work\ces_hours_log_additive_49700_200701_201612.spc
 Check error file D:\Programming\Dynamic Paper-dlrhcs_replication\outputs\empirical\unemployment\raw_sa_pilot\x13_work\ces_hours_log_additive_49700_200701_201612.err",,"
 X-13ARIMA-SEATS Seasonal Adjustment Program
 Version Number 1.1 Build 62
 Execution began  Jul 29, 2026  08.56.11 

  Reading input spec file from D:\Programming\Dynamic Paper-dlrhcs_replication\outputs\empirical\unemployment\raw_sa_pilot\x13_work\ces_hours_log_additive_49700_200701_201612.spc
  Storing any program output into D:\Programming\Dynamic Paper-dlrhcs_replication\outputs\empirical\unemployment\raw_sa_pilot\x13_work\ces_hours_log_additive_49700_200701_201612.out
  Storing any program error messages into D:\Programming\Dynamic Paper-dlrhcs_replication\outputs\empirical\unemployment\raw_sa_pilot\x13_work\ces_hours_log_additive_49700_200701_201612.err
 
  
 ERROR: Additive seasonal adjustment will not be performed when
        preadjustment factors are derived from a REGARIMA model 
        for transformed data.
  
        Check the values for the power or function arguments of the 
        transform spec and mode of the x11 spec.
  Program error(s) halt execution for D:\Programming\Dynamic Paper-dlrhcs_replication\outputs\empirical\unemployment\raw_sa_pilot\x13_work\ces_hours_log_additive_49700_200701_201612.spc

 Check error file D:\Programming\Dynamic Paper-dlrhcs_replication\outputs\empirical\unemployment\raw_sa_pilot\x13_work\ces_hours_log_additive_49700_200701_201612.err

"
ces_hours,49700,,,,segment_too_short,,,6,,,,,,,,
ces_hours,49740,"Yuma, AZ",additive_level,ces_hours_additive_level_49740_200701_201612,ok,0,1,120,2007-01-01,2016-12-01,none,add,0,,,"
"
ces_hours,49740,"Yuma, AZ",log_additive,ces_hours_log_additive_49740_200701_201612,ok,0,1,120,2007-01-01,2016-12-01,log,add,0,,,"
"
ces_hours,49740,,,,segment_too_short,,,6,,,,,,,,
ces_hours,93561,"New York City, NY",additive_level,ces_hours_additive_level_93561_200701_201612,ok,0,1,120,2007-01-01,2016-12-01,none,add,0,,,"
"
ces_hours,93561,"New York City, NY",log_additive,ces_hours_log_additive_93561_200701_201612,ok,0,1,120,2007-01-01,2016-12-01,log,add,0,,,"
"
bps_permits,00080,,,,segment_too_short,,,48,,,,,,,,
bps_permits,00440,,,,segment_too_short,,,48,,,,,,,,
bps_permits,00560,,,,segment_too_short,,,48,,,,,,,,
bps_permits,00720,,,,segment_too_short,,,48,,,,,,,,
bps_permits,00875,,,,segment_too_short,,,48,,,,,,,,
bps_permits,01120,,,,segment_too_short,,,48,,,,,,,,
bps_permits,01125,,,,segment_too_short,,,48,,,,,,,,
bps_permits,01145,,,,segment_too_short,,,48,,,,,,,,
bps_permits,01150,,,,segment_too_short,,,48,,,,,,,,
bps_permits,01160,,,,segment_too_short,,,48,,,,,,,,
bps_permits,01200,,,,segment_too_short,,,48,,,,,,,,
bps_permits,01600,,,,segment_too_short,,,48,,,,,,,,
bps_permits,01640,,,,segment_too_short,,,48,,,,,,,,
bps_permits,01680,,,,segment_too_short,,,48,,,,,,,,
bps_permits,01920,,,,segment_too_short,,,48,,,,,,,,
bps_permits,01930,,,,segment_too_short,,,48,,,,,,,,
bps_permits,02080,,,,segment_too_short,,,48,,,,,,,,
bps_permits,02160,,,,segment_too_short,,,48,,,,,,,,
bps_permits,02281,,,,segment_too_short,,,48,,,,,,,,
bps_permits,02600,,,,segment_too_short,,,48,,,,,,,,
bps_permits,02640,,,,segment_too_short,,,48,,,,,,,,
bps_permits,02680,,,,segment_too_short,,,48,,,,,,,,
bps_permits,02800,,,,segment_too_short,,,48,,,,,,,,
bps_permits,02920,,,,segment_too_short,,,48,,,,,,,,
bps_permits,02960,,,,segment_too_short,,,48,,,,,,,,
bps_permits,03060,,,,segment_too_short,,,48,,,,,,,,
bps_permits,03180,,,,segment_too_short,,,48,,,,,,,,
bps_permits,03200,,,,segment_too_short,,,48,,,,,,,,
bps_permits,03360,,,,segment_too_short,,,48,,,,,,,,
bps_permits,03640,,,,segment_too_short,,,48,,,,,,,,
bps_permits,03740,,,,segment_too_short,,,48,,,,,,,,
bps_permits,03800,,,,segment_too_short,,,48,,,,,,,,
bps_permits,04160,,,,segment_too_short,,,48,,,,,,,,
bps_permits,04480,,,,segment_too_short,,,48,,,,,,,,
bps_permits,04560,,,,segment_too_short,,,48,,,,,,,,
bps_permits,04760,,,,segment_too_short,,,48,,,,,,,,
bps_permits,05000,,,,segment_too_short,,,48,,,,,,,,
bps_permits,05015,,,,segment_too_short,,,48,,,,,,,,
bps_permits,05080,,,,segment_too_short,,,48,,,,,,,,
bps_permits,05190,,,,segment_too_short,,,48,,,,,,,,
bps_permits,05350,,,,segment_too_short,,,48,,,,,,,,
bps_permits,05380,,,,segment_too_short,,,48,,,,,,,,
bps_permits,05400,,,,segment_too_short,,,48,,,,,,,,
bps_permits,05480,,,,segment_too_short,,,48,,,,,,,,
bps_permits,05600,,,,segment_too_short,,,48,,,,,,,,
bps_permits,05640,,,,segment_too_short,,,48,,,,,,,,
bps_permits,05660,,,,segment_too_short,,,48,,,,,,,,
bps_permits,05775,,,,segment_too_short,,,48,,,,,,,,
bps_permits,05910,,,,segment_too_short,,,48,,,,,,,,
bps_permits,05945,,,,segment_too_short,,,48,,,,,,,,
bps_permits,06160,,,,segment_too_short,,,48,,,,,,,,
bps_permits,06440,,,,segment_too_short,,,48,,,,,,,,
bps_permits,06450,,,,segment_too_short,,,48,,,,,,,,
bps_permits,06600,,,,segment_too_short,,,48,,,,,,,,
bps_permits,06780,,,,segment_too_short,,,48,,,,,,,,
bps_permits,06920,,,,segment_too_short,,,48,,,,,,,,
bps_permits,07080,,,,segment_too_short,,,48,,,,,,,,
bps_permits,07360,,,,segment_too_short,,,48,,,,,,,,
bps_permits,07400,,,,segment_too_short,,,48,,,,,,,,
bps_permits,07485,,,,segment_too_short,,,48,,,,,,,,
bps_permits,07500,,,,segment_too_short,,,48,,,,,,,,
bps_permits,07600,,,,segment_too_short,,,48,,,,,,,,
bps_permits,08040,,,,segment_too_short,,,48,,,,,,,,
bps_permits,08200,,,,segment_too_short,,,48,,,,,,,,
bps_permits,08480,,,,segment_too_short,,,48,,,,,,,,
bps_permits,08720,,,,segment_too_short,,,48,,,,,,,,
bps_permits,08735,,,,segment_too_short,,,48,,,,,,,,
bps_permits,08760,,,,segment_too_short,,,48,,,,,,,,
bps_permits,08840,,,,segment_too_short,,,48,,,,,,,,
bps_permits,08880,,,,segment_too_short,,,48,,,,,,,,
bps_permits,09160,,,,segment_too_short,,,48,,,,,,,,
bps_permits,09240,,,,segment_too_short,,,48,,,,,,,,
bps_permits,09270,,,,segment_too_short,,,48,,,,,,,,
bps_permits,09999,,,,segment_too_short,,,48,,,,,,,,
bps_permits,10180,Abilene  TX,additive_level,bps_permits_additive_level_10180_200401_202606,ok,0,1,270,2004-01-01,2026-06-01,none,add,0,,,"
"
bps_permits,10420,Akron  OH,additive_level,bps_permits_additive_level_10420_200401_202606,ok,0,1,270,2004-01-01,2026-06-01,none,add,0,,,"
"
bps_permits,10500,Albany  GA,additive_level,bps_permits_additive_level_10500_200401_202606,ok,0,1,270,2004-01-01,2026-06-01,none,add,0,,,"
"
bps_permits,10540,Albany  OR,additive_level,bps_permits_additive_level_10540_201401_202606,ok,0,1,150,2014-01-01,2026-06-01,none,add,0,,,"
"
bps_permits,10580,Albany-Schenectady-Troy  NY,additive_level,bps_permits_additive_level_10580_200401_202606,ok,0,1,270,2004-01-01,2026-06-01,none,add,0,,,"
"
bps_permits,10740,Albuquerque  NM,additive_level,bps_permits_additive_level_10740_200401_202606,ok,0,1,270,2004-01-01,2026-06-01,none,add,0,,,"
"
bps_permits,10780,Alexandria  LA,additive_level,bps_permits_additive_level_10780_200401_202606,ok,0,1,270,2004-01-01,2026-06-01,none,add,0,,,"
"
bps_permits,10900,Allentown-Bethlehem-Easton  PA-NJ,additive_level,bps_permits_additive_level_10900_200401_202606,ok,0,1,270,2004-01-01,2026-06-01,none,add,0,,,"
"
bps_permits,11020,Altoona  PA,additive_level,bps_permits_additive_level_11020_200401_202606,ok,0,1,270,2004-01-01,2026-06-01,none,add,0,,,"
"
bps_permits,11100,Amarillo  TX,additive_level,bps_permits_additive_level_11100_200401_202606,ok,0,1,270,2004-01-01,2026-06-01,none,add,0,,,"
"
bps_permits,11180,Ames  IA,additive_level,bps_permits_additive_level_11180_200401_202606,ok,0,1,270,2004-01-01,2026-06-01,none,add,0,,,"
"
bps_permits,11200,,,,segment_too_short,,,30,,,,,,,,
bps_permits,11260,Anchorage  AK,additive_level,bps_permits_additive_level_11260_200401_202606,ok,0,1,270,2004-01-01,2026-06-01,none,add,0,,,"
"
bps_permits,11300,Anderson  IN,additive_level,bps_permits_additive_level_11300_200401_201312,ok,0,1,120,2004-01-01,2013-12-01,none,add,0,,,"
"
bps_permits,11340,Anderson  SC,additive_level,bps_permits_additive_level_11340_200401_201312,ok,0,1,120,2004-01-01,2013-12-01,none,add,0,,,"
"
bps_permits,11460,Ann Arbor  MI,additive_level,bps_permits_additive_level_11460_200401_202606,ok,0,1,270,2004-01-01,2026-06-01,none,add,0,,,"
"
bps_permits,11500,Anniston-Oxford  AL,additive_level,bps_permits_additive_level_11500_200401_202606,ok,0,1,270,2004-01-01,2026-06-01,none,add,0,,,"
"
bps_permits,11540,Appleton  WI,additive_level,bps_permits_additive_level_11540_200401_202606,ok,0,1,270,2004-01-01,2026-06-01,none,add,0,,,"
"
bps_permits,11700,Asheville  NC,additive_level,bps_permits_additive_level_11700_200401_202606,ok,0,1,270,2004-01-01,2026-06-01,none,add,0,,,"
"
bps_permits,12020,Athens-Clarke County  GA,additive_level,bps_permits_additive_level_12020_200401_202606,ok,0,1,270,2004-01-01,2026-06-01,none,add,0,,,"
"
bps_permits,12060,Atlanta-Sandy Springs-Marietta  GA,additive_level,bps_permits_additive_level_12060_200401_202606,ok,0,1,270,2004-01-01,2026-06-01,none,add,0,,,"
"
bps_permits,12100,Atlantic City  NJ,additive_level,bps_permits_additive_level_12100_200401_202606,ok,0,1,270,2004-01-01,2026-06-01,none,add,0,,,"
"
bps_permits,12220,Auburn-Opelika  AL,additive_level,bps_permits_additive_level_12220_200401_202606,ok,0,1,270,2004-01-01,2026-06-01,none,add,0,,,"
"
bps_permits,12260,Augusta-Richmond County  GA-SC,additive_level,bps_permits_additive_level_12260_200401_202606,ok,0,1,270,2004-01-01,2026-06-01,none,add,0,,,"
"
bps_permits,12420,Austin-Round Rock  TX,additive_level,bps_permits_additive_level_12420_200401_202606,ok,0,1,270,2004-01-01,2026-06-01,none,add,0,,,"
"
bps_permits,12540,Bakersfield  CA,additive_level,bps_permits_additive_level_12540_200401_202606,ok,0,1,270,2004-01-01,2026-06-01,none,add,0,,,"
"
bps_permits,12580,Baltimore-Towson  MD,additive_level,bps_permits_additive_level_12580_200401_202606,ok,0,1,270,2004-01-01,2026-06-01,none,add,0,,,"
"
bps_permits,12620,Bangor  ME,additive_level,bps_permits_additive_level_12620_200401_202606,ok,0,1,270,2004-01-01,2026-06-01,none,add,0,,,"
"
bps_permits,12700,Barnstable Town  MA,additive_level,bps_permits_additive_level_12700_200401_202606,ok,0,1,270,2004-01-01,2026-06-01,none,add,0,,,"
"
bps_permits,12940,Baton Rouge  LA,additive_level,bps_permits_additive_level_12940_200401_202606,ok,0,1,270,2004-01-01,2026-06-01,none,add,0,,,"
"
bps_permits,12980,Battle Creek  MI,additive_level,bps_permits_additive_level_12980_200401_202606,ok,0,1,270,2004-01-01,2026-06-01,none,add,0,,,"
"
bps_permits,13020,Bay City  MI,additive_level,bps_permits_additive_level_13020_200401_202606,ok,0,1,270,2004-01-01,2026-06-01,none,add,0,,,"
"
bps_permits,13140,Beaumont-Port Arthur  TX,additive_level,bps_permits_additive_level_13140_200401_202606,ok,0,1,270,2004-01-01,2026-06-01,none,add,0,,,"
"
bps_permits,13220,Beckley  WV,additive_level,bps_permits_additive_level_13220_201401_202606,ok,0,1,150,2014-01-01,2026-06-01,none,add,0,,,"
"
bps_permits,13380,Bellingham  WA,additive_level,bps_permits_additive_level_13380_200401_202606,ok,0,1,270,2004-01-01,2026-06-01,none,add,0,,,"
"
bps_permits,13460,Bend  OR,additive_level,bps_permits_additive_level_13460_200401_202606,ok,0,1,270,2004-01-01,2026-06-01,none,add,0,,,"
"
bps_permits,13740,Billings  MT,additive_level,bps_permits_additive_level_13740_200401_202606,ok,0,1,270,2004-01-01,2026-06-01,none,add,0,,,"
"
bps_permits,13780,Binghamton  NY,additive_level,bps_permits_additive_level_13780_200401_202606,ok,0,1,270,2004-01-01,2026-06-01,none,add,0,,,"
"
bps_permits,13820,Birmingham-Hoover  AL,additive_level,bps_permits_additive_level_13820_200401_202606,ok,0,1,270,2004-01-01,2026-06-01,none,add,0,,,"
"
bps_permits,13900,Bismarck  ND,additive_level,bps_permits_additive_level_13900_200401_202606,ok,0,1,270,2004-01-01,2026-06-01,none,add,0,,,"
"
bps_permits,13980,,,,segment_too_short,,,12,,,,,,,,
bps_permits,13980,Blacksburg-Christiansburg-Radford  VA,additive_level,bps_permits_additive_level_13980_201501_202606,ok,0,1,138,2015-01-01,2026-06-01,none,add,0,,,"
"
bps_permits,14010,Bloomington  IL,additive_level,bps_permits_additive_level_14010_201401_202606,ok,0,1,150,2014-01-01,2026-06-01,none,add,0,,,"
"
bps_permits,14020,Bloomington  IN,additive_level,bps_permits_additive_level_14020_200401_202606,ok,0,1,270,2004-01-01,2026-06-01,none,add,0,,,"
"
bps_permits,14060,Bloomington-Normal  IL,additive_level,bps_permits_additive_level_14060_200401_201312,ok,0,1,120,2004-01-01,2013-12-01,none,add,0,,,"
"
bps_permits,14100,Bloomsburg-Berwick  PA,additive_level,bps_permits_additive_level_14100_201401_202312,ok,0,1,120,2014-01-01,2023-12-01,none,add,0,,,"
"
bps_permits,14260,Boise City-Nampa  ID,additive_level,bps_permits_additive_level_14260_200401_202606,ok,0,1,270,2004-01-01,2026-06-01,none,add,0,,,"
"
bps_permits,14460,Boston-Cambridge-Quincy  MA-NH,additive_level,bps_permits_additive_level_14460_200401_202606,ok,0,1,270,2004-01-01,2026-06-01,none,add,0,,,"
"
bps_permits,14500,Boulder  CO,additive_level,bps_permits_additive_level_14500_200401_202606,ok,0,1,270,2004-01-01,2026-06-01,none,add,0,,,"
"
bps_permits,14540,Bowling Green  KY,additive_level,bps_permits_additive_level_14540_200401_202606,ok,0,1,270,2004-01-01,2026-06-01,none,add,0,,,"
"
bps_permits,14580,,,,segment_too_short,,,30,,,,,,,,
bps_permits,14600,,,,segment_too_short,,,25,,,,,,,,
bps_permits,14740,Bremerton-Silverdale  WA,additive_level,bps_permits_additive_level_14740_200401_202606,ok,0,1,270,2004-01-01,2026-06-01,none,add,0,,,"
"
bps_permits,14860,Bridgeport-Stamford-Norwalk  CT,additive_level,bps_permits_additive_level_14860_200401_202606,ok,0,1,270,2004-01-01,2026-06-01,none,add,0,,,"
"
bps_permits,15180,Brownsville-Harlingen  TX,additive_level,bps_permits_additive_level_15180_200401_202606,ok,0,1,270,2004-01-01,2026-06-01,none,add,0,,,"
"
bps_permits,15260,Brunswick  GA,additive_level,bps_permits_additive_level_15260_200401_202606,ok,0,1,270,2004-01-01,2026-06-01,none,add,0,,,"
"
bps_permits,15380,Buffalo-Niagara Falls  NY,additive_level,bps_permits_additive_level_15380_200401_202606,ok,0,1,270,2004-01-01,2026-06-01,none,add,0,,,"
"
bps_permits,15500,Burlington  NC,additive_level,bps_permits_additive_level_15500_200401_202606,ok,0,1,270,2004-01-01,2026-06-01,none,add,0,,,"
"
bps_permits,15540,Burlington-South Burlington  VT,additive_level,bps_permits_additive_level_15540_200401_202606,ok,0,1,270,2004-01-01,2026-06-01,none,add,0,,,"
"
bps_permits,15680,California-Lexington Park  MD,additive_level,bps_permits_additive_level_15680_201401_202312,ok,0,1,120,2014-01-01,2023-12-01,none,add,0,,,"
"
bps_permits,15940,Canton-Massillon  OH,additive_level,bps_permits_additive_level_15940_200401_202606,ok,0,1,270,2004-01-01,2026-06-01,none,add,0,,,"
"
bps_permits,15980,Cape Coral-Fort Myers  FL,additive_level,bps_permits_additive_level_15980_200401_202606,ok,0,1,270,2004-01-01,2026-06-01,none,add,0,,,"
"
bps_permits,16020,Cape Girardeau-Jackson  MO-IL,additive_level,bps_permits_additive_level_16020_200901_202606,ok,0,1,210,2009-01-01,2026-06-01,none,add,0,,,"
"
bps_permits,16060,,,,segment_too_short,,,12,,,,,,,,
bps_permits,16060,,,,segment_too_short,,,24,,,,,,,,
bps_permits,16180,Carson City  NV,additive_level,bps_permits_additive_level_16180_200401_202606,ok,0,1,270,2004-01-01,2026-06-01,none,add,0,,,"
"
bps_permits,16220,Casper  WY,additive_level,bps_permits_additive_level_16220_200401_202606,ok,0,1,270,2004-01-01,2026-06-01,none,add,0,,,"
"
bps_permits,16300,Cedar Rapids  IA,additive_level,bps_permits_additive_level_16300_200401_202606,ok,0,1,270,2004-01-01,2026-06-01,none,add,0,,,"
"
bps_permits,16540,Chambersburg-Waynesboro  PA,additive_level,bps_permits_additive_level_16540_201401_202606,ok,0,1,150,2014-01-01,2026-06-01,none,add,0,,,"
"
bps_permits,16580,Champaign-Urbana  IL,additive_level,bps_permits_additive_level_16580_200401_202606,ok,0,1,270,2004-01-01,2026-06-01,none,add,0,,,"
"
bps_permits,16620,Charleston  WV,additive_level,bps_permits_additive_level_16620_200401_202606,ok,0,1,270,2004-01-01,2026-06-01,none,add,0,,,"
"
bps_permits,16700,Charleston-North Charleston  SC,additive_level,bps_permits_additive_level_16700_200401_202606,ok,0,1,270,2004-01-01,2026-06-01,none,add,0,,,"
"
bps_permits,16740,Charlotte-Gastonia-Concord  NC-SC,additive_level,bps_permits_additive_level_16740_200401_202606,ok,0,1,270,2004-01-01,2026-06-01,none,add,0,,,"
"
bps_permits,16820,Charlottesville  VA,additive_level,bps_permits_additive_level_16820_200401_202606,ok,0,1,270,2004-01-01,2026-06-01,none,add,0,,,"
"
bps_permits,16860,Chattanooga  TN-GA,additive_level,bps_permits_additive_level_16860_200401_202606,ok,0,1,270,2004-01-01,2026-06-01,none,add,0,,,"
"
bps_permits,16940,Cheyenne  WY,additive_level,bps_permits_additive_level_16940_200401_202606,ok,0,1,270,2004-01-01,2026-06-01,none,add,0,,,"
"
bps_permits,16980,Chicago-Naperville-Joliet  IL-IN-WI,additive_level,bps_permits_additive_level_16980_200401_202606,ok,0,1,270,2004-01-01,2026-06-01,none,add,0,,,"
"
bps_permits,17020,Chico  CA,additive_level,bps_permits_additive_level_17020_200401_202606,ok,0,1,270,2004-01-01,2026-06-01,none,add,0,,,"
"
bps_permits,17140,Cincinnati-Middletown  OH-KY-IN,additive_level,bps_permits_additive_level_17140_200401_202606,ok,0,1,270,2004-01-01,2026-06-01,none,add,0,,,"
"
bps_permits,17300,Clarksville  TN-KY,additive_level,bps_permits_additive_level_17300_200401_202606,ok,0,1,270,2004-01-01,2026-06-01,none,add,0,,,"
"
bps_permits,17410,,,,segment_too_short,,,30,,,,,,,,
bps_permits,17420,Cleveland  TN,additive_level,bps_permits_additive_level_17420_200401_202606,ok,0,1,270,2004-01-01,2026-06-01,none,add,0,,,"
"
bps_permits,17460,Cleveland-Elyria-Mentor  OH,additive_level,bps_permits_additive_level_17460_200401_202312,ok,0,1,240,2004-01-01,2023-12-01,none,add,0,,,"
"
bps_permits,17660,Coeur dAlene  ID,additive_level,bps_permits_additive_level_17660_200401_202606,ok,0,1,270,2004-01-01,2026-06-01,none,add,0,,,"
"
bps_permits,17780,College Station-Bryan  TX,additive_level,bps_permits_additive_level_17780_200401_202606,ok,0,1,270,2004-01-01,2026-06-01,none,add,0,,,"
"
bps_permits,17820,Colorado Springs  CO,additive_level,bps_permits_additive_level_17820_200401_202606,ok,0,1,270,2004-01-01,2026-06-01,none,add,0,,,"
"
bps_permits,17860,Columbia  MO,additive_level,bps_permits_additive_level_17860_200401_202606,ok,0,1,270,2004-01-01,2026-06-01,none,add,0,,,"
"
bps_permits,17900,Columbia  SC,additive_level,bps_permits_additive_level_17900_200401_202606,ok,0,1,270,2004-01-01,2026-06-01,none,add,0,,,"
"
bps_permits,17980,Columbus  GA-AL,additive_level,bps_permits_additive_level_17980_200401_202606,ok,0,1,270,2004-01-01,2026-06-01,none,add,0,,,"
"
bps_permits,18020,Columbus  IN,additive_level,bps_permits_additive_level_18020_200401_202606,ok,0,1,270,2004-01-01,2026-06-01,none,add,0,,,"
"
bps_permits,18140,Columbus  OH,additive_level,bps_permits_additive_level_18140_200401_202606,ok,0,1,270,2004-01-01,2026-06-01,none,add,0,,,"
"
bps_permits,18580,Corpus Christi  TX,additive_level,bps_permits_additive_level_18580_200401_202606,ok,0,1,270,2004-01-01,2026-06-01,none,add,0,,,"
"
bps_permits,18700,Corvallis  OR,additive_level,bps_permits_additive_level_18700_200401_202606,ok,0,1,270,2004-01-01,2026-06-01,none,add,0,,,"
"
bps_permits,18880,Crestview-Fort Walton Beach-Destin  FL,additive_level,bps_permits_additive_level_18880_201001_202606,ok,0,1,198,2010-01-01,2026-06-01,none,add,0,,,"
"
bps_permits,19060,Cumberland  MD-WV,additive_level,bps_permits_additive_level_19060_200401_202312,ok,0,1,240,2004-01-01,2023-12-01,none,add,0,,,"
"
bps_permits,19100,Dallas-Fort Worth-Arlington  TX,additive_level,bps_permits_additive_level_19100_200401_202606,ok,0,1,270,2004-01-01,2026-06-01,none,add,0,,,"
"
bps_permits,19140,Dalton  GA,additive_level,bps_permits_additive_level_19140_200401_201412,ok,0,1,132,2004-01-01,2014-12-01,none,add,0,,,"
"
bps_permits,19140,,,,segment_too_short,,,54,,,,,,,,
bps_permits,19180,Danville  IL,additive_level,bps_permits_additive_level_19180_200401_202312,ok,0,1,240,2004-01-01,2023-12-01,none,add,0,,,"
"
bps_permits,19260,Danville  VA,additive_level,bps_permits_additive_level_19260_200401_201312,ok,0,1,120,2004-01-01,2013-12-01,none,add,0,,,"
"
bps_permits,19300,Daphne-Fairhope-Foley  AL,additive_level,bps_permits_additive_level_19300_201401_202606,ok,0,1,150,2014-01-01,2026-06-01,none,add,0,,,"
"
bps_permits,19340,Davenport-Moline-Rock Island  IA-IL,additive_level,bps_permits_additive_level_19340_200401_202606,ok,0,1,270,2004-01-01,2026-06-01,none,add,0,,,"
"
bps_permits,19380,Dayton  OH,additive_level,bps_permits_additive_level_19380_200401_201812,ok,0,1,180,2004-01-01,2018-12-01,none,add,0,,,"
"
bps_permits,19430,Dayton-Kettering  OH,additive_level,bps_permits_additive_level_19430_201901_202606,ok,0,1,90,2019-01-01,2026-06-01,none,add,0,,,"
"
bps_permits,19460,Decatur  AL,additive_level,bps_permits_additive_level_19460_200401_202606,ok,0,1,270,2004-01-01,2026-06-01,none,add,0,,,"
"
bps_permits,19500,Decatur  IL,additive_level,bps_permits_additive_level_19500_200401_202606,ok,0,1,270,2004-01-01,2026-06-01,none,add,0,,,"
"
bps_permits,19660,Deltona-Daytona Beach-Ormond Beach  FL,additive_level,bps_permits_additive_level_19660_200401_202606,ok,0,1,270,2004-01-01,2026-06-01,none,add,0,,,"
"
bps_permits,19740,Denver-Aurora  CO,additive_level,bps_permits_additive_level_19740_200401_202606,ok,0,1,270,2004-01-01,2026-06-01,none,add,0,,,"
"
bps_permits,19780,Des Moines  IA,additive_level,bps_permits_additive_level_19780_200401_202606,ok,0,1,270,2004-01-01,2026-06-01,none,add,0,,,"
"
bps_permits,19820,Detroit-Warren-Livonia  MI,additive_level,bps_permits_additive_level_19820_200401_202606,ok,0,1,270,2004-01-01,2026-06-01,none,add,0,,,"
"
bps_permits,20020,Dothan  AL,additive_level,bps_permits_additive_level_20020_200401_202606,ok,0,1,270,2004-01-01,2026-06-01,none,add,0,,,"
"
bps_permits,20100,Dover  DE,additive_level,bps_permits_additive_level_20100_200401_202606,ok,0,1,270,2004-01-01,2026-06-01,none,add,0,,,"
"
bps_permits,20220,Dubuque  IA,additive_level,bps_permits_additive_level_20220_200401_202606,ok,0,1,270,2004-01-01,2026-06-01,none,add,0,,,"
"
bps_permits,20260,Duluth  MN-WI,additive_level,bps_permits_additive_level_20260_200401_202606,ok,0,1,270,2004-01-01,2026-06-01,none,add,0,,,"
"
bps_permits,20500,Durham  NC,additive_level,bps_permits_additive_level_20500_200401_202606,ok,0,1,270,2004-01-01,2026-06-01,none,add,0,,,"
"
bps_permits,20580,,,,segment_too_short,,,30,,,,,,,,
bps_permits,20700,East Stroudsburg  PA,additive_level,bps_permits_additive_level_20700_201401_202312,ok,0,1,120,2014-01-01,2023-12-01,none,add,0,,,"
"
bps_permits,20740,Eau Claire  WI,additive_level,bps_permits_additive_level_20740_200401_202606,ok,0,1,270,2004-01-01,2026-06-01,none,add,0,,,"
"
bps_permits,20940,El Centro  CA,additive_level,bps_permits_additive_level_20940_200401_202606,ok,0,1,270,2004-01-01,2026-06-01,none,add,0,,,"
"
bps_permits,21060,Elizabethtown  KY,additive_level,bps_permits_additive_level_21060_200401_202606,ok,0,1,270,2004-01-01,2026-06-01,none,add,0,,,"
"
bps_permits,21140,Elkhart-Goshen  IN,additive_level,bps_permits_additive_level_21140_200401_202606,ok,0,1,270,2004-01-01,2026-06-01,none,add,0,,,"
"
bps_permits,21300,Elmira  NY,additive_level,bps_permits_additive_level_21300_200401_202606,ok,0,1,270,2004-01-01,2026-06-01,none,add,0,,,"
"
bps_permits,21340,El Paso  TX,additive_level,bps_permits_additive_level_21340_200401_202606,ok,0,1,270,2004-01-01,2026-06-01,none,add,0,,,"
"
bps_permits,21420,Enid  OK,additive_level,bps_permits_additive_level_21420_201601_202606,ok,0,1,126,2016-01-01,2026-06-01,none,add,0,,,"
"
bps_permits,21500,Erie  PA,additive_level,bps_permits_additive_level_21500_200401_202606,ok,0,1,270,2004-01-01,2026-06-01,none,add,0,,,"
"
bps_permits,21660,Eugene-Springfield  OR,additive_level,bps_permits_additive_level_21660_200401_202606,ok,0,1,270,2004-01-01,2026-06-01,none,add,0,,,"
"
bps_permits,21780,Evansville  IN-KY,additive_level,bps_permits_additive_level_21780_200401_202606,ok,0,1,270,2004-01-01,2026-06-01,none,add,0,,,"
"
bps_permits,21820,Fairbanks  AK,additive_level,bps_permits_additive_level_21820_200401_202606,ok,0,1,270,2004-01-01,2026-06-01,none,add,0,,,"
"
bps_permits,22020,Fargo  ND-MN,additive_level,bps_permits_additive_level_22020_200401_202606,ok,0,1,270,2004-01-01,2026-06-01,none,add,0,,,"
"
bps_permits,22140,Farmington  NM,additive_level,bps_permits_additive_level_22140_200401_202606,ok,0,1,270,2004-01-01,2026-06-01,none,add,0,,,"
"
bps_permits,22180,Fayetteville  NC,additive_level,bps_permits_additive_level_22180_200401_202606,ok,0,1,270,2004-01-01,2026-06-01,none,add,0,,,"
"
bps_permits,22220,Fayetteville-Springdale-Rogers  AR-MO,additive_level,bps_permits_additive_level_22220_200401_202606,ok,0,1,270,2004-01-01,2026-06-01,none,add,0,,,"
"
bps_permits,22380,Flagstaff  AZ,additive_level,bps_permits_additive_level_22380_200401_202606,ok,0,1,270,2004-01-01,2026-06-01,none,add,0,,,"
"
bps_permits,22420,Flint  MI,additive_level,bps_permits_additive_level_22420_200401_202606,ok,0,1,270,2004-01-01,2026-06-01,none,add,0,,,"
"
bps_permits,22500,Florence  SC,additive_level,bps_permits_additive_level_22500_200401_202606,ok,0,1,270,2004-01-01,2026-06-01,none,add,0,,,"
"
bps_permits,22520,Florence-Muscle Shoals  AL,additive_level,bps_permits_additive_level_22520_200401_202606,ok,0,1,270,2004-01-01,2026-06-01,none,add,0,,,"
"
bps_permits,22540,Fond du Lac  WI,additive_level,bps_permits_additive_level_22540_200401_202606,ok,0,1,270,2004-01-01,2026-06-01,none,add,0,,,"
"
bps_permits,22660,Fort Collins-Loveland  CO,additive_level,bps_permits_additive_level_22660_200401_202606,ok,0,1,270,2004-01-01,2026-06-01,none,add,0,,,"
"
bps_permits,22900,Fort Smith  AR-OK,additive_level,bps_permits_additive_level_22900_200401_202606,ok,0,1,270,2004-01-01,2026-06-01,none,add,0,,,"
"
bps_permits,23020,,,,segment_too_short,,,72,,,,,,,,
bps_permits,23060,Fort Wayne  IN,additive_level,bps_permits_additive_level_23060_200401_202606,ok,0,1,270,2004-01-01,2026-06-01,none,add,0,,,"
"
bps_permits,23420,Fresno  CA,additive_level,bps_permits_additive_level_23420_200401_202606,ok,0,1,270,2004-01-01,2026-06-01,none,add,0,,,"
"
bps_permits,23460,Gadsden  AL,additive_level,bps_permits_additive_level_23460_200401_202606,ok,0,1,270,2004-01-01,2026-06-01,none,add,0,,,"
"
bps_permits,23540,Gainesville  FL,additive_level,bps_permits_additive_level_23540_200401_202606,ok,0,1,270,2004-01-01,2026-06-01,none,add,0,,,"
"
bps_permits,23580,Gainesville  GA,additive_level,bps_permits_additive_level_23580_200401_202606,ok,0,1,270,2004-01-01,2026-06-01,none,add,0,,,"
"
bps_permits,23900,Gettysburg  PA,additive_level,bps_permits_additive_level_23900_201401_202606,ok,0,1,150,2014-01-01,2026-06-01,none,add,0,,,"
"
bps_permits,24020,Glens Falls  NY,additive_level,bps_permits_additive_level_24020_200401_202606,ok,0,1,270,2004-01-01,2026-06-01,none,add,0,,,"
"
bps_permits,24140,Goldsboro  NC,additive_level,bps_permits_additive_level_24140_200401_201412,ok,0,1,132,2004-01-01,2014-12-01,none,add,0,,,"
"
bps_permits,24140,,,,segment_too_short,,,54,,,,,,,,
bps_permits,24220,Grand Forks  ND-MN,additive_level,bps_permits_additive_level_24220_200401_202606,ok,0,1,270,2004-01-01,2026-06-01,none,add,0,,,"
"
bps_permits,24260,Grand Island  NE,additive_level,bps_permits_additive_level_24260_201401_202606,ok,0,1,150,2014-01-01,2026-06-01,none,add,0,,,"
"
bps_permits,24300,Grand Junction  CO,additive_level,bps_permits_additive_level_24300_200401_202606,ok,0,1,270,2004-01-01,2026-06-01,none,add,0,,,"
"
bps_permits,24340,Grand Rapids-Wyoming  MI,additive_level,bps_permits_additive_level_24340_200401_202606,ok,0,1,270,2004-01-01,2026-06-01,none,add,0,,,"
"
bps_permits,24420,,,,segment_too_short,,,12,,,,,,,,
bps_permits,24420,,,,segment_too_short,,,54,,,,,,,,
bps_permits,24500,Great Falls  MT,additive_level,bps_permits_additive_level_24500_200401_202606,ok,0,1,270,2004-01-01,2026-06-01,none,add,0,,,"
"
bps_permits,24540,Greeley  CO,additive_level,bps_permits_additive_level_24540_200401_202606,ok,0,1,270,2004-01-01,2026-06-01,none,add,0,,,"
"
bps_permits,24580,Green Bay  WI,additive_level,bps_permits_additive_level_24580_200401_202606,ok,0,1,270,2004-01-01,2026-06-01,none,add,0,,,"
"
bps_permits,24660,Greensboro-High Point  NC,additive_level,bps_permits_additive_level_24660_200401_202606,ok,0,1,270,2004-01-01,2026-06-01,none,add,0,,,"
"
bps_permits,24780,Greenville  NC,additive_level,bps_permits_additive_level_24780_200401_202606,ok,0,1,270,2004-01-01,2026-06-01,none,add,0,,,"
"
bps_permits,24860,Greenville  SC,additive_level,bps_permits_additive_level_24860_200401_202606,ok,0,1,270,2004-01-01,2026-06-01,none,add,0,,,"
"
bps_permits,25060,Gulfport-Biloxi  MS,additive_level,bps_permits_additive_level_25060_200401_202606,ok,0,1,270,2004-01-01,2026-06-01,none,add,0,,,"
"
bps_permits,25180,Hagerstown-Martinsburg  MD-WV,additive_level,bps_permits_additive_level_25180_200401_202606,ok,0,1,270,2004-01-01,2026-06-01,none,add,0,,,"
"
bps_permits,25220,Hammond  LA,additive_level,bps_permits_additive_level_25220_201401_202606,ok,0,1,150,2014-01-01,2026-06-01,none,add,0,,,"
"
bps_permits,25260,Hanford-Corcoran  CA,additive_level,bps_permits_additive_level_25260_200401_201412,ok,0,1,132,2004-01-01,2014-12-01,none,add,0,,,"
"
bps_permits,25260,,,,segment_too_short,,,54,,,,,,,,
bps_permits,25420,Harrisburg-Carlisle  PA,additive_level,bps_permits_additive_level_25420_200401_202606,ok,0,1,270,2004-01-01,2026-06-01,none,add,0,,,"
"
bps_permits,25500,Harrisonburg  VA,additive_level,bps_permits_additive_level_25500_200401_202606,ok,0,1,270,2004-01-01,2026-06-01,none,add,0,,,"
"
bps_permits,25540,Hartford-West Hartford-East Hartford  CT,additive_level,bps_permits_additive_level_25540_200401_202606,ok,0,1,270,2004-01-01,2026-06-01,none,add,0,,,"
"
bps_permits,25620,Hattiesburg  MS,additive_level,bps_permits_additive_level_25620_200401_202606,ok,0,1,270,2004-01-01,2026-06-01,none,add,0,,,"
"
bps_permits,25740,,,,segment_too_short,,,30,,,,,,,,
bps_permits,25860,Hickory-Lenoir-Morganton  NC,additive_level,bps_permits_additive_level_25860_200401_202606,ok,0,1,270,2004-01-01,2026-06-01,none,add,0,,,"
"
bps_permits,25940,Hilton Head Island-Bluffton-Beaufort  SC,additive_level,bps_permits_additive_level_25940_201401_202606,ok,0,1,150,2014-01-01,2026-06-01,none,add,0,,,"
"
bps_permits,25980,Hinesville-Fort Stewart  GA,additive_level,bps_permits_additive_level_25980_200401_202606,ok,0,1,270,2004-01-01,2026-06-01,none,add,0,,,"
"
bps_permits,26100,Holland-Grand Haven  MI,additive_level,bps_permits_additive_level_26100_200401_201312,ok,0,1,120,2004-01-01,2013-12-01,none,add,0,,,"
"
bps_permits,26140,Homosassa Springs  FL,additive_level,bps_permits_additive_level_26140_201401_202606,ok,0,1,150,2014-01-01,2026-06-01,none,add,0,,,"
"
bps_permits,26180,Honolulu  HI,additive_level,bps_permits_additive_level_26180_200401_201312,ok,0,1,120,2004-01-01,2013-12-01,none,add,0,,,"
"
bps_permits,26300,Hot Springs  AR,additive_level,bps_permits_additive_level_26300_200401_202606,ok,0,1,270,2004-01-01,2026-06-01,none,add,0,,,"
"
bps_permits,26380,Houma-Bayou Cane-Thibodaux  LA,additive_level,bps_permits_additive_level_26380_200401_202606,ok,0,1,270,2004-01-01,2026-06-01,none,add,0,,,"
"
bps_permits,26420,Houston-Baytown-Sugar Land  TX,additive_level,bps_permits_additive_level_26420_200401_202606,ok,0,1,270,2004-01-01,2026-06-01,none,add,0,,,"
"
bps_permits,26580,Huntington-Ashland  WV-KY-OH,additive_level,bps_permits_additive_level_26580_200401_202606,ok,0,1,270,2004-01-01,2026-06-01,none,add,0,,,"
"
bps_permits,26620,Huntsville  AL,additive_level,bps_permits_additive_level_26620_200401_202606,ok,0,1,270,2004-01-01,2026-06-01,none,add,0,,,"
"
bps_permits,26820,Idaho Falls  ID,additive_level,bps_permits_additive_level_26820_200401_202606,ok,0,1,270,2004-01-01,2026-06-01,none,add,0,,,"
"
bps_permits,26900,Indianapolis  IN,additive_level,bps_permits_additive_level_26900_200401_202606,ok,0,1,270,2004-01-01,2026-06-01,none,add,0,,,"
"
bps_permits,26980,Iowa City  IA,additive_level,bps_permits_additive_level_26980_200401_202606,ok,0,1,270,2004-01-01,2026-06-01,none,add,0,,,"
"
bps_permits,27060,Ithaca  NY,additive_level,bps_permits_additive_level_27060_200401_202606,ok,0,1,270,2004-01-01,2026-06-01,none,add,0,,,"
"
bps_permits,27100,Jackson  MI,additive_level,bps_permits_additive_level_27100_200401_202606,ok,0,1,270,2004-01-01,2026-06-01,none,add,0,,,"
"
bps_permits,27140,Jackson  MS,additive_level,bps_permits_additive_level_27140_200401_202606,ok,0,1,270,2004-01-01,2026-06-01,none,add,0,,,"
"
bps_permits,27180,Jackson  TN,additive_level,bps_permits_additive_level_27180_200401_202606,ok,0,1,270,2004-01-01,2026-06-01,none,add,0,,,"
"
bps_permits,27260,Jacksonville  FL,additive_level,bps_permits_additive_level_27260_200401_202606,ok,0,1,270,2004-01-01,2026-06-01,none,add,0,,,"
"
bps_permits,27340,Jacksonville  NC,additive_level,bps_permits_additive_level_27340_200401_202606,ok,0,1,270,2004-01-01,2026-06-01,none,add,0,,,"
"
bps_permits,27500,Janesville  WI,additive_level,bps_permits_additive_level_27500_200401_202606,ok,0,1,270,2004-01-01,2026-06-01,none,add,0,,,"
"
bps_permits,27620,Jefferson City  MO,additive_level,bps_permits_additive_level_27620_200401_201412,ok,0,1,132,2004-01-01,2014-12-01,none,add,0,,,"
"
bps_permits,27620,,,,segment_too_short,,,54,,,,,,,,
bps_permits,27740,Johnson City  TN,additive_level,bps_permits_additive_level_27740_200401_202606,ok,0,1,270,2004-01-01,2026-06-01,none,add,0,,,"
"
bps_permits,27780,Johnstown  PA,additive_level,bps_permits_additive_level_27780_200401_202606,ok,0,1,270,2004-01-01,2026-06-01,none,add,0,,,"
"
bps_permits,27860,Jonesboro  AR,additive_level,bps_permits_additive_level_27860_200401_202606,ok,0,1,270,2004-01-01,2026-06-01,none,add,0,,,"
"
bps_permits,27900,Joplin  MO,additive_level,bps_permits_additive_level_27900_200401_202606,ok,0,1,270,2004-01-01,2026-06-01,none,add,0,,,"
"
bps_permits,27980,Kahului-Wailuku-Lahaina  HI,additive_level,bps_permits_additive_level_27980_201401_202606,ok,0,1,150,2014-01-01,2026-06-01,none,add,0,,,"
"
bps_permits,28020,Kalamazoo-Portage  MI,additive_level,bps_permits_additive_level_28020_200401_202606,ok,0,1,270,2004-01-01,2026-06-01,none,add,0,,,"
"
bps_permits,28100,Kankakee-Bradley  IL,additive_level,bps_permits_additive_level_28100_200401_202606,ok,0,1,270,2004-01-01,2026-06-01,none,add,0,,,"
"
bps_permits,28140,Kansas City  MO-KS,additive_level,bps_permits_additive_level_28140_200401_202606,ok,0,1,270,2004-01-01,2026-06-01,none,add,0,,,"
"
bps_permits,28420,Kennewick-Richland-Pasco  WA,additive_level,bps_permits_additive_level_28420_200401_202606,ok,0,1,270,2004-01-01,2026-06-01,none,add,0,,,"
"
bps_permits,28450,,,,segment_too_short,,,30,,,,,,,,
bps_permits,28660,Killeen-Temple-Fort Hood  TX,additive_level,bps_permits_additive_level_28660_200401_202606,ok,0,1,270,2004-01-01,2026-06-01,none,add,0,,,"
"
bps_permits,28700,Kingsport-Bristol-Bristol  TN-VA,additive_level,bps_permits_additive_level_28700_200401_202606,ok,0,1,270,2004-01-01,2026-06-01,none,add,0,,,"
"
bps_permits,28740,Kingston  NY,additive_level,bps_permits_additive_level_28740_200401_202606,ok,0,1,270,2004-01-01,2026-06-01,none,add,0,,,"
"
bps_permits,28880,,,,segment_too_short,,,30,,,,,,,,
bps_permits,28940,Knoxville  TN,additive_level,bps_permits_additive_level_28940_200401_202606,ok,0,1,270,2004-01-01,2026-06-01,none,add,0,,,"
"
bps_permits,29020,Kokomo  IN,additive_level,bps_permits_additive_level_29020_200401_202606,ok,0,1,270,2004-01-01,2026-06-01,none,add,0,,,"
"
bps_permits,29100,La Crosse  WI-MN,additive_level,bps_permits_additive_level_29100_200401_202606,ok,0,1,270,2004-01-01,2026-06-01,none,add,0,,,"
"
bps_permits,29140,Lafayette  IN,additive_level,bps_permits_additive_level_29140_200401_201312,ok,0,1,120,2004-01-01,2013-12-01,none,add,0,,,"
"
bps_permits,29180,Lafayette  LA,additive_level,bps_permits_additive_level_29180_200401_202606,ok,0,1,270,2004-01-01,2026-06-01,none,add,0,,,"
"
bps_permits,29200,Lafayette-West Lafayette  IN,additive_level,bps_permits_additive_level_29200_201401_202606,ok,0,1,150,2014-01-01,2026-06-01,none,add,0,,,"
"
bps_permits,29340,Lake Charles  LA,additive_level,bps_permits_additive_level_29340_200401_202606,ok,0,1,270,2004-01-01,2026-06-01,none,add,0,,,"
"
bps_permits,29420,Lake Havasu City-Kingman  AZ,additive_level,bps_permits_additive_level_29420_200701_202606,ok,0,1,234,2007-01-01,2026-06-01,none,add,0,,,"
"
bps_permits,29460,Lakeland  FL,additive_level,bps_permits_additive_level_29460_200401_202606,ok,0,1,270,2004-01-01,2026-06-01,none,add,0,,,"
"
bps_permits,29540,Lancaster  PA,additive_level,bps_permits_additive_level_29540_200401_202606,ok,0,1,270,2004-01-01,2026-06-01,none,add,0,,,"
"
bps_permits,29620,Lansing-East Lansing  MI,additive_level,bps_permits_additive_level_29620_200401_202606,ok,0,1,270,2004-01-01,2026-06-01,none,add,0,,,"
"
bps_permits,29700,Laredo  TX,additive_level,bps_permits_additive_level_29700_200401_202606,ok,0,1,270,2004-01-01,2026-06-01,none,add,0,,,"
"
bps_permits,29740,Las Cruces  NM,additive_level,bps_permits_additive_level_29740_200401_202606,ok,0,1,270,2004-01-01,2026-06-01,none,add,0,,,"
"
bps_permits,29820,Las Vegas-Paradise  NV,additive_level,bps_permits_additive_level_29820_200401_202606,ok,0,1,270,2004-01-01,2026-06-01,none,add,0,,,"
"
bps_permits,29940,Lawrence  KS,additive_level,bps_permits_additive_level_29940_200401_202606,ok,0,1,270,2004-01-01,2026-06-01,none,add,0,,,"
"
bps_permits,30020,Lawton  OK,additive_level,bps_permits_additive_level_30020_200401_202606,ok,0,1,270,2004-01-01,2026-06-01,none,add,0,,,"
"
bps_permits,30140,Lebanon  PA,additive_level,bps_permits_additive_level_30140_200401_202606,ok,0,1,270,2004-01-01,2026-06-01,none,add,0,,,"
"
bps_permits,30300,Lewiston  ID-WA,additive_level,bps_permits_additive_level_30300_200401_202606,ok,0,1,270,2004-01-01,2026-06-01,none,add,0,,,"
"
bps_permits,30340,Lewiston-Auburn  ME,additive_level,bps_permits_additive_level_30340_200401_202606,ok,0,1,270,2004-01-01,2026-06-01,none,add,0,,,"
"
bps_permits,30460,Lexington-Fayette  KY,additive_level,bps_permits_additive_level_30460_200401_202606,failed:0,0,0,270,2004-01-01,2026-06-01,none,add,1,"  Storing any program error messages into D:\Programming\Dynamic Paper-dlrhcs_replication\outputs\empirical\unemployment\raw_sa_pilot\x13_work\bps_permits_additive_level_30460_200401_202606.err
 ERROR: The covariance matrix of the ARMA parameters is singular;
  Program error(s) halt execution for D:\Programming\Dynamic Paper-dlrhcs_replication\outputs\empirical\unemployment\raw_sa_pilot\x13_work\bps_permits_additive_level_30460_200401_202606.spc
 Check error file D:\Programming\Dynamic Paper-dlrhcs_replication\outputs\empirical\unemployment\raw_sa_pilot\x13_work\bps_permits_additive_level_30460_200401_202606.err",,"
 X-13ARIMA-SEATS Seasonal Adjustment Program
 Version Number 1.1 Build 62
 Execution began  Jul 29, 2026  08.56.12 

  Reading input spec file from D:\Programming\Dynamic Paper-dlrhcs_replication\outputs\empirical\unemployment\raw_sa_pilot\x13_work\bps_permits_additive_level_30460_200401_202606.spc
  Storing any program output into D:\Programming\Dynamic Paper-dlrhcs_replication\outputs\empirical\unemployment\raw_sa_pilot\x13_work\bps_permits_additive_level_30460_200401_202606.out
  Storing any program error messages into D:\Programming\Dynamic Paper-dlrhcs_replication\outputs\empirical\unemployment\raw_sa_pilot\x13_work\bps_permits_additive_level_30460_200401_202606.err
 
  
 ERROR: The covariance matrix of the ARMA parameters is singular;
        cannot compute t-statistics for the ARMA parameters.
  Program error(s) halt execution for D:\Programming\Dynamic Paper-dlrhcs_replication\outputs\empirical\unemployment\raw_sa_pilot\x13_work\bps_permits_additive_level_30460_200401_202606.spc

 Check error file D:\Programming\Dynamic Paper-dlrhcs_replication\outputs\empirical\unemployment\raw_sa_pilot\x13_work\bps_permits_additive_level_30460_200401_202606.err

"
bps_permits,30500,,,,segment_too_short,,,30,,,,,,,,
bps_permits,30620,Lima  OH,additive_level,bps_permits_additive_level_30620_200401_202606,ok,0,1,270,2004-01-01,2026-06-01,none,add,0,,,"
"
bps_permits,30700,Lincoln  NE,additive_level,bps_permits_additive_level_30700_200401_202606,ok,0,1,270,2004-01-01,2026-06-01,none,add,0,,,"
"
bps_permits,30780,Little Rock-North Little Rock  AR,additive_level,bps_permits_additive_level_30780_200401_202606,ok,0,1,270,2004-01-01,2026-06-01,none,add,0,,,"
"
bps_permits,30860,Logan  UT-ID,additive_level,bps_permits_additive_level_30860_200401_202606,ok,0,1,270,2004-01-01,2026-06-01,none,add,0,,,"
"
bps_permits,30980,Longview  TX,additive_level,bps_permits_additive_level_30980_200401_202606,ok,0,1,270,2004-01-01,2026-06-01,none,add,0,,,"
"
bps_permits,31020,Longview  WA,additive_level,bps_permits_additive_level_31020_200401_202606,ok,0,1,270,2004-01-01,2026-06-01,none,add,0,,,"
"
bps_permits,31080,Los Angeles-Long Beach-Anaheim  CA,additive_level,bps_permits_additive_level_31080_201401_202606,ok,0,1,150,2014-01-01,2026-06-01,none,add,0,,,"
"
bps_permits,31100,Los Angeles-Long Beach-Santa Ana  CA,additive_level,bps_permits_additive_level_31100_200401_201312,ok,0,1,120,2004-01-01,2013-12-01,none,add,0,,,"
"
bps_permits,31140,Louisville  KY-IN,additive_level,bps_permits_additive_level_31140_200401_202606,ok,0,1,270,2004-01-01,2026-06-01,none,add,0,,,"
"
bps_permits,31180,Lubbock  TX,additive_level,bps_permits_additive_level_31180_200401_202606,ok,0,1,270,2004-01-01,2026-06-01,none,add,0,,,"
"
bps_permits,31340,Lynchburg  VA,additive_level,bps_permits_additive_level_31340_200401_202606,ok,0,1,270,2004-01-01,2026-06-01,none,add,0,,,"
"
bps_permits,31420,Macon  GA,additive_level,bps_permits_additive_level_31420_200401_202606,ok,0,1,270,2004-01-01,2026-06-01,none,add,0,,,"
"
bps_permits,31460,Madera  CA,additive_level,bps_permits_additive_level_31460_200401_202312,ok,0,1,240,2004-01-01,2023-12-01,none,add,0,,,"
"
bps_permits,31540,Madison  WI,additive_level,bps_permits_additive_level_31540_200401_202606,ok,0,1,270,2004-01-01,2026-06-01,none,add,0,,,"
"
bps_permits,31700,Manchester-Nashua  NH,additive_level,bps_permits_additive_level_31700_200401_202606,ok,0,1,270,2004-01-01,2026-06-01,none,add,0,,,"
"
bps_permits,31740,Manhattan  KS,additive_level,bps_permits_additive_level_31740_200901_202606,ok,0,1,210,2009-01-01,2026-06-01,none,add,0,,,"
"
bps_permits,31860,Mankato-North Mankato  MN,additive_level,bps_permits_additive_level_31860_200901_202606,ok,0,1,210,2009-01-01,2026-06-01,none,add,0,,,"
"
bps_permits,31900,Mansfield  OH,additive_level,bps_permits_additive_level_31900_200401_201412,ok,0,1,132,2004-01-01,2014-12-01,none,add,0,,,"
"
bps_permits,31900,,,,segment_too_short,,,54,,,,,,,,
bps_permits,32580,McAllen-Edinburg-Pharr  TX,additive_level,bps_permits_additive_level_32580_200401_202606,ok,0,1,270,2004-01-01,2026-06-01,none,add,0,,,"
"
bps_permits,32780,Medford  OR,additive_level,bps_permits_additive_level_32780_200401_202606,ok,0,1,270,2004-01-01,2026-06-01,none,add,0,,,"
"
bps_permits,32820,Memphis  TN-MS-AR,additive_level,bps_permits_additive_level_32820_200401_202606,ok,0,1,270,2004-01-01,2026-06-01,none,add,0,,,"
"
bps_permits,32900,Merced  CA,additive_level,bps_permits_additive_level_32900_200401_202606,ok,0,1,270,2004-01-01,2026-06-01,none,add,0,,,"
"
bps_permits,33100,Miami-Fort Lauderdale-Miami Beach  FL,additive_level,bps_permits_additive_level_33100_200401_202606,ok,0,1,270,2004-01-01,2026-06-01,none,add,0,,,"
"
bps_permits,33140,Michigan City-La Porte  IN,additive_level,bps_permits_additive_level_33140_200401_202606,ok,0,1,270,2004-01-01,2026-06-01,none,add,0,,,"
"
bps_permits,33220,Midland  MI,additive_level,bps_permits_additive_level_33220_201401_202606,ok,0,1,150,2014-01-01,2026-06-01,none,add,0,,,"
"
bps_permits,33260,Midland  TX,additive_level,bps_permits_additive_level_33260_200401_202606,ok,0,1,270,2004-01-01,2026-06-01,none,add,0,,,"
"
bps_permits,33340,Milwaukee-Waukesha-West Allis  WI,additive_level,bps_permits_additive_level_33340_200401_202606,ok,0,1,270,2004-01-01,2026-06-01,none,add,0,,,"
"
bps_permits,33460,Minneapolis-St. Paul-Bloomington  MN-WI,additive_level,bps_permits_additive_level_33460_200401_202606,ok,0,1,270,2004-01-01,2026-06-01,none,add,0,,,"
"
bps_permits,33500,,,,segment_too_short,,,30,,,,,,,,
bps_permits,33540,Missoula  MT,additive_level,bps_permits_additive_level_33540_200401_202606,ok,0,1,270,2004-01-01,2026-06-01,none,add,0,,,"
"
bps_permits,33660,Mobile  AL,additive_level,bps_permits_additive_level_33660_200401_202606,ok,0,1,270,2004-01-01,2026-06-01,none,add,0,,,"
"
bps_permits,33700,Modesto  CA,additive_level,bps_permits_additive_level_33700_200401_202606,ok,0,1,270,2004-01-01,2026-06-01,none,add,0,,,"
"
bps_permits,33740,Monroe  LA,additive_level,bps_permits_additive_level_33740_200401_202606,ok,0,1,270,2004-01-01,2026-06-01,none,add,0,,,"
"
bps_permits,33780,Monroe  MI,additive_level,bps_permits_additive_level_33780_200401_202606,ok,0,1,270,2004-01-01,2026-06-01,none,add,0,,,"
"
bps_permits,33860,Montgomery  AL,additive_level,bps_permits_additive_level_33860_200401_202606,ok,0,1,270,2004-01-01,2026-06-01,none,add,0,,,"
"
bps_permits,34060,Morgantown  WV,additive_level,bps_permits_additive_level_34060_200401_202606,ok,0,1,270,2004-01-01,2026-06-01,none,add,0,,,"
"
bps_permits,34100,Morristown  TN,additive_level,bps_permits_additive_level_34100_200401_201412,ok,0,1,132,2004-01-01,2014-12-01,none,add,0,,,"
"
bps_permits,34100,,,,segment_too_short,,,54,,,,,,,,
bps_permits,34580,Mount Vernon-Anacortes  WA,additive_level,bps_permits_additive_level_34580_200401_202606,ok,0,1,270,2004-01-01,2026-06-01,none,add,0,,,"
"
bps_permits,34620,Muncie  IN,additive_level,bps_permits_additive_level_34620_200401_202606,ok,0,1,270,2004-01-01,2026-06-01,none,add,0,,,"
"
bps_permits,34740,Muskegon-Norton Shores  MI,additive_level,bps_permits_additive_level_34740_200401_202606,ok,0,1,270,2004-01-01,2026-06-01,none,add,0,,,"
"
bps_permits,34820,Myrtle Beach-Conway-North Myrtle Beach  SC,additive_level,bps_permits_additive_level_34820_200401_202606,ok,0,1,270,2004-01-01,2026-06-01,none,add,0,,,"
"
bps_permits,34900,Napa  CA,additive_level,bps_permits_additive_level_34900_200401_201412,ok,0,1,132,2004-01-01,2014-12-01,none,add,0,,,"
"
bps_permits,34900,,,,segment_too_short,,,54,,,,,,,,
bps_permits,34940,Naples-Marco Island  FL,additive_level,bps_permits_additive_level_34940_200401_202606,ok,0,1,270,2004-01-01,2026-06-01,none,add,0,,,"
"
bps_permits,34980,Nashville-Davidson--Murfreesboro  TN,additive_level,bps_permits_additive_level_34980_200401_202606,ok,0,1,270,2004-01-01,2026-06-01,none,add,0,,,"
"
bps_permits,35100,,,,segment_too_short,,,12,,,,,,,,
bps_permits,35100,,,,segment_too_short,,,24,,,,,,,,
bps_permits,35300,New Haven-Milford  CT,additive_level,bps_permits_additive_level_35300_200401_202606,ok,0,1,270,2004-01-01,2026-06-01,none,add,0,,,"
"
bps_permits,35380,New Orleans-Metairie-Kenner  LA,additive_level,bps_permits_additive_level_35380_200401_202606,ok,0,1,270,2004-01-01,2026-06-01,none,add,0,,,"
"
bps_permits,35620,New York-Northern New Jersey-Long Island  NY-NJ-PA,additive_level,bps_permits_additive_level_35620_200401_202606,ok,0,1,270,2004-01-01,2026-06-01,none,add,0,,,"
"
bps_permits,35660,Niles-Benton Harbor  MI,additive_level,bps_permits_additive_level_35660_200401_202606,ok,0,1,270,2004-01-01,2026-06-01,none,add,0,,,"
"
bps_permits,35840,North Port-Bradenton-Sarasota  FL,additive_level,bps_permits_additive_level_35840_201001_202606,ok,0,1,198,2010-01-01,2026-06-01,none,add,0,,,"
"
bps_permits,35980,Norwich-New London  CT,additive_level,bps_permits_additive_level_35980_200401_202606,ok,0,1,270,2004-01-01,2026-06-01,none,add,0,,,"
"
bps_permits,36100,Ocala  FL,additive_level,bps_permits_additive_level_36100_200401_202606,ok,0,1,270,2004-01-01,2026-06-01,none,add,0,,,"
"
bps_permits,36140,Ocean City  NJ,additive_level,bps_permits_additive_level_36140_200401_202312,ok,0,1,240,2004-01-01,2023-12-01,none,add,0,,,"
"
bps_permits,36220,Odessa  TX,additive_level,bps_permits_additive_level_36220_200401_202606,ok,0,1,270,2004-01-01,2026-06-01,none,add,0,,,"
"
bps_permits,36260,Ogden-Clearfield  UT,additive_level,bps_permits_additive_level_36260_200401_202606,ok,0,1,270,2004-01-01,2026-06-01,none,add,0,,,"
"
bps_permits,36420,Oklahoma City  OK,additive_level,bps_permits_additive_level_36420_200401_202606,ok,0,1,270,2004-01-01,2026-06-01,none,add,0,,,"
"
bps_permits,36500,Olympia  WA,additive_level,bps_permits_additive_level_36500_200401_202606,ok,0,1,270,2004-01-01,2026-06-01,none,add,0,,,"
"
bps_permits,36540,Omaha-Council Bluffs  NE-IA,additive_level,bps_permits_additive_level_36540_200401_202606,failed:0,0,0,270,2004-01-01,2026-06-01,none,add,1,"  Storing any program error messages into D:\Programming\Dynamic Paper-dlrhcs_replication\outputs\empirical\unemployment\raw_sa_pilot\x13_work\bps_permits_additive_level_36540_200401_202606.err
 ERROR: The covariance matrix of the ARMA parameters is singular;
  Program error(s) halt execution for D:\Programming\Dynamic Paper-dlrhcs_replication\outputs\empirical\unemployment\raw_sa_pilot\x13_work\bps_permits_additive_level_36540_200401_202606.spc
 Check error file D:\Programming\Dynamic Paper-dlrhcs_replication\outputs\empirical\unemployment\raw_sa_pilot\x13_work\bps_permits_additive_level_36540_200401_202606.err",,"
 X-13ARIMA-SEATS Seasonal Adjustment Program
 Version Number 1.1 Build 62
 Execution began  Jul 29, 2026  08.56.17 

  Reading input spec file from D:\Programming\Dynamic Paper-dlrhcs_replication\outputs\empirical\unemployment\raw_sa_pilot\x13_work\bps_permits_additive_level_36540_200401_202606.spc
  Storing any program output into D:\Programming\Dynamic Paper-dlrhcs_replication\outputs\empirical\unemployment\raw_sa_pilot\x13_work\bps_permits_additive_level_36540_200401_202606.out
  Storing any program error messages into D:\Programming\Dynamic Paper-dlrhcs_replication\outputs\empirical\unemployment\raw_sa_pilot\x13_work\bps_permits_additive_level_36540_200401_202606.err
 
  
 ERROR: The covariance matrix of the ARMA parameters is singular;
        cannot compute t-statistics for the ARMA parameters.
  Program error(s) halt execution for D:\Programming\Dynamic Paper-dlrhcs_replication\outputs\empirical\unemployment\raw_sa_pilot\x13_work\bps_permits_additive_level_36540_200401_202606.spc

 Check error file D:\Programming\Dynamic Paper-dlrhcs_replication\outputs\empirical\unemployment\raw_sa_pilot\x13_work\bps_permits_additive_level_36540_200401_202606.err

"
bps_permits,36740,Orlando  FL,additive_level,bps_permits_additive_level_36740_200401_202606,ok,0,1,270,2004-01-01,2026-06-01,none,add,0,,,"
"
bps_permits,36780,Oshkosh-Neenah  WI,additive_level,bps_permits_additive_level_36780_200401_202606,ok,0,1,270,2004-01-01,2026-06-01,none,add,0,,,"
"
bps_permits,36980,Owensboro  KY,additive_level,bps_permits_additive_level_36980_200401_202606,ok,0,1,270,2004-01-01,2026-06-01,none,add,0,,,"
"
bps_permits,37100,Oxnard-Thousand Oaks-Ventura  CA,additive_level,bps_permits_additive_level_37100_200401_202606,ok,0,1,270,2004-01-01,2026-06-01,none,add,0,,,"
"
bps_permits,37140,,,,segment_too_short,,,30,,,,,,,,
bps_permits,37340,Palm Bay-Melbourne-Titusville  FL,additive_level,bps_permits_additive_level_37340_200401_202606,ok,0,1,270,2004-01-01,2026-06-01,none,add,0,,,"
"
bps_permits,37380,Palm Coast  FL,additive_level,bps_permits_additive_level_37380_200701_201312,ok,0,1,84,2007-01-01,2013-12-01,none,add,0,,,"
"
bps_permits,37460,Panama City-Lynn Haven  FL,additive_level,bps_permits_additive_level_37460_200401_202606,ok,0,1,270,2004-01-01,2026-06-01,none,add,0,,,"
"
bps_permits,37620,Parkersburg-Marietta  WV-OH,additive_level,bps_permits_additive_level_37620_200401_202606,ok,0,1,270,2004-01-01,2026-06-01,none,add,0,,,"
"
bps_permits,37700,Pascagoula  MS,additive_level,bps_permits_additive_level_37700_200401_201312,ok,0,1,120,2004-01-01,2013-12-01,none,add,0,,,"
"
bps_permits,37860,Pensacola-Ferry Pass-Brent  FL,additive_level,bps_permits_additive_level_37860_200401_202606,ok,0,1,270,2004-01-01,2026-06-01,none,add,0,,,"
"
bps_permits,37900,Peoria  IL,additive_level,bps_permits_additive_level_37900_200401_202606,ok,0,1,270,2004-01-01,2026-06-01,none,add,0,,,"
"
bps_permits,37980,Philadelphia-Camden-Wilmington  PA-NJ-DE-MD,additive_level,bps_permits_additive_level_37980_200401_202606,ok,0,1,270,2004-01-01,2026-06-01,none,add,0,,,"
"
bps_permits,38060,Phoenix-Mesa-Scottsdale  AZ,additive_level,bps_permits_additive_level_38060_200401_202606,ok,0,1,270,2004-01-01,2026-06-01,none,add,0,,,"
"
bps_permits,38220,Pine Bluff  AR,additive_level,bps_permits_additive_level_38220_200401_202312,ok,0,1,240,2004-01-01,2023-12-01,none,add,0,,,"
"
bps_permits,38240,,,,segment_too_short,,,30,,,,,,,,
bps_permits,38300,Pittsburgh  PA,additive_level,bps_permits_additive_level_38300_200401_202606,ok,0,1,270,2004-01-01,2026-06-01,none,add,0,,,"
"
bps_permits,38340,Pittsfield  MA,additive_level,bps_permits_additive_level_38340_200401_202606,ok,0,1,270,2004-01-01,2026-06-01,none,add,0,,,"
"
bps_permits,38540,Pocatello  ID,additive_level,bps_permits_additive_level_38540_200401_202606,ok,0,1,270,2004-01-01,2026-06-01,none,add,0,,,"
"
bps_permits,38860,Portland-South Portland-Biddeford  ME,additive_level,bps_permits_additive_level_38860_200401_202606,ok,0,1,270,2004-01-01,2026-06-01,none,add,0,,,"
"
bps_permits,38900,Portland-Vancouver-Beaverton  OR-WA,additive_level,bps_permits_additive_level_38900_200401_202606,ok,0,1,270,2004-01-01,2026-06-01,none,add,0,,,"
"
bps_permits,38940,Port St. Lucie-Fort Pierce  FL,additive_level,bps_permits_additive_level_38940_200401_202606,ok,0,1,270,2004-01-01,2026-06-01,none,add,0,,,"
"
bps_permits,39100,Poughkeepsie-Newburgh-Middletown  NY,additive_level,bps_permits_additive_level_39100_200401_201312,ok,0,1,120,2004-01-01,2013-12-01,none,add,0,,,"
"
bps_permits,39100,,,,segment_too_short,,,60,,,,,,,,
bps_permits,39140,Prescott  AZ,additive_level,bps_permits_additive_level_39140_200401_201812,ok,0,1,180,2004-01-01,2018-12-01,none,add,0,,,"
"
bps_permits,39150,Prescott Valley-Prescott  AZ,additive_level,bps_permits_additive_level_39150_201901_202606,ok,0,1,90,2019-01-01,2026-06-01,none,add,0,,,"
"
bps_permits,39300,Providence-New Bedford-Fall River  RI-MA,additive_level,bps_permits_additive_level_39300_200401_202606,ok,0,1,270,2004-01-01,2026-06-01,none,add,0,,,"
"
bps_permits,39340,Provo-Orem  UT,additive_level,bps_permits_additive_level_39340_200401_202606,ok,0,1,270,2004-01-01,2026-06-01,none,add,0,,,"
"
bps_permits,39380,Pueblo  CO,additive_level,bps_permits_additive_level_39380_200401_202606,ok,0,1,270,2004-01-01,2026-06-01,none,add,0,,,"
"
bps_permits,39460,Punta Gorda  FL,additive_level,bps_permits_additive_level_39460_200401_202606,ok,0,1,270,2004-01-01,2026-06-01,none,add,0,,,"
"
bps_permits,39540,Racine  WI,additive_level,bps_permits_additive_level_39540_200401_202606,ok,0,1,270,2004-01-01,2026-06-01,none,add,0,,,"
"
bps_permits,39580,Raleigh-Cary  NC,additive_level,bps_permits_additive_level_39580_200401_202606,ok,0,1,270,2004-01-01,2026-06-01,none,add,0,,,"
"
bps_permits,39660,Rapid City  SD,additive_level,bps_permits_additive_level_39660_200401_202606,ok,0,1,270,2004-01-01,2026-06-01,none,add,0,,,"
"
bps_permits,39740,Reading  PA,additive_level,bps_permits_additive_level_39740_200401_202606,ok,0,1,270,2004-01-01,2026-06-01,none,add,0,,,"
"
bps_permits,39820,Redding  CA,additive_level,bps_permits_additive_level_39820_200401_202606,ok,0,1,270,2004-01-01,2026-06-01,none,add,0,,,"
"
bps_permits,39900,Reno-Sparks  NV,additive_level,bps_permits_additive_level_39900_200401_202606,ok,0,1,270,2004-01-01,2026-06-01,none,add,0,,,"
"
bps_permits,40060,Richmond  VA,additive_level,bps_permits_additive_level_40060_200401_202606,ok,0,1,270,2004-01-01,2026-06-01,none,add,0,,,"
"
bps_permits,40140,Riverside-San Bernardino-Ontario  CA,additive_level,bps_permits_additive_level_40140_200401_202606,ok,0,1,270,2004-01-01,2026-06-01,none,add,0,,,"
"
bps_permits,40220,Roanoke  VA,additive_level,bps_permits_additive_level_40220_200401_201412,ok,0,1,132,2004-01-01,2014-12-01,none,add,0,,,"
"
bps_permits,40220,,,,segment_too_short,,,54,,,,,,,,
bps_permits,40340,Rochester  MN,additive_level,bps_permits_additive_level_40340_200401_202606,ok,0,1,270,2004-01-01,2026-06-01,none,add,0,,,"
"
bps_permits,40380,Rochester  NY,additive_level,bps_permits_additive_level_40380_200401_202606,ok,0,1,270,2004-01-01,2026-06-01,none,add,0,,,"
"
bps_permits,40420,Rockford  IL,additive_level,bps_permits_additive_level_40420_200401_202606,ok,0,1,270,2004-01-01,2026-06-01,none,add,0,,,"
"
bps_permits,40580,Rocky Mount  NC,additive_level,bps_permits_additive_level_40580_200401_201412,ok,0,1,132,2004-01-01,2014-12-01,none,add,0,,,"
"
bps_permits,40580,,,,segment_too_short,,,54,,,,,,,,
bps_permits,40660,Rome  GA,additive_level,bps_permits_additive_level_40660_200401_202606,ok,0,1,270,2004-01-01,2026-06-01,none,add,0,,,"
"
bps_permits,40900,Sacramento--Arden-Arcade--Roseville  CA,additive_level,bps_permits_additive_level_40900_200401_202606,ok,0,1,270,2004-01-01,2026-06-01,none,add,0,,,"
"
bps_permits,40980,Saginaw-Saginaw Township North  MI,additive_level,bps_permits_additive_level_40980_200401_202606,ok,0,1,270,2004-01-01,2026-06-01,none,add,0,,,"
"
bps_permits,41060,St. Cloud  MN,additive_level,bps_permits_additive_level_41060_200401_202606,ok,0,1,270,2004-01-01,2026-06-01,none,add,0,,,"
"
bps_permits,41100,St. George  UT,additive_level,bps_permits_additive_level_41100_200401_202606,ok,0,1,270,2004-01-01,2026-06-01,none,add,0,,,"
"
bps_permits,41140,St. Joseph  MO-KS,additive_level,bps_permits_additive_level_41140_200401_202606,ok,0,1,270,2004-01-01,2026-06-01,none,add,0,,,"
"
bps_permits,41180,St. Louis  MO-IL,additive_level,bps_permits_additive_level_41180_200401_202606,ok,0,1,270,2004-01-01,2026-06-01,none,add,0,,,"
"
bps_permits,41420,Salem  OR,additive_level,bps_permits_additive_level_41420_200401_202606,ok,0,1,270,2004-01-01,2026-06-01,none,add,0,,,"
"
bps_permits,41500,Salinas  CA,additive_level,bps_permits_additive_level_41500_200401_202606,ok,0,1,270,2004-01-01,2026-06-01,none,add,0,,,"
"
bps_permits,41540,Salisbury  MD,additive_level,bps_permits_additive_level_41540_200401_202606,ok,0,1,270,2004-01-01,2026-06-01,none,add,0,,,"
"
bps_permits,41620,Salt Lake City  UT,additive_level,bps_permits_additive_level_41620_200401_202606,ok,0,1,270,2004-01-01,2026-06-01,none,add,0,,,"
"
bps_permits,41660,San Angelo  TX,additive_level,bps_permits_additive_level_41660_200401_202606,ok,0,1,270,2004-01-01,2026-06-01,none,add,0,,,"
"
bps_permits,41700,San Antonio  TX,additive_level,bps_permits_additive_level_41700_200401_202606,ok,0,1,270,2004-01-01,2026-06-01,none,add,0,,,"
"
bps_permits,41740,San Diego-Carlsbad-San Marcos  CA,additive_level,bps_permits_additive_level_41740_200401_202606,ok,0,1,270,2004-01-01,2026-06-01,none,add,0,,,"
"
bps_permits,41780,Sandusky  OH,additive_level,bps_permits_additive_level_41780_200401_201312,ok,0,1,120,2004-01-01,2013-12-01,none,add,0,,,"
"
bps_permits,41780,,,,segment_too_short,,,30,,,,,,,,
bps_permits,41860,San Francisco-Oakland-Fremont  CA,additive_level,bps_permits_additive_level_41860_200401_202606,ok,0,1,270,2004-01-01,2026-06-01,none,add,0,,,"
"
bps_permits,41940,San Jose-Sunnyvale-Santa Clara  CA,additive_level,bps_permits_additive_level_41940_200401_202606,ok,0,1,270,2004-01-01,2026-06-01,none,add,0,,,"
"
bps_permits,42020,San Luis Obispo-Paso Robles  CA,additive_level,bps_permits_additive_level_42020_200401_202606,ok,0,1,270,2004-01-01,2026-06-01,none,add,0,,,"
"
bps_permits,42060,Santa Barbara-Santa Maria-Goleta  CA,additive_level,bps_permits_additive_level_42060_200401_201312,ok,0,1,120,2004-01-01,2013-12-01,none,add,0,,,"
"
bps_permits,42100,Santa Cruz-Watsonville  CA,additive_level,bps_permits_additive_level_42100_200401_202606,ok,0,1,270,2004-01-01,2026-06-01,none,add,0,,,"
"
bps_permits,42140,Santa Fe  NM,additive_level,bps_permits_additive_level_42140_200401_202606,ok,0,1,270,2004-01-01,2026-06-01,none,add,0,,,"
"
bps_permits,42200,Santa Maria-Santa Barbara  CA,additive_level,bps_permits_additive_level_42200_201401_202606,ok,0,1,150,2014-01-01,2026-06-01,none,add,0,,,"
"
bps_permits,42220,Santa Rosa-Petaluma  CA,additive_level,bps_permits_additive_level_42220_200401_202606,ok,0,1,270,2004-01-01,2026-06-01,none,add,0,,,"
"
bps_permits,42260,,,,segment_too_short,,,47,,,,,,,,
bps_permits,42340,Savannah  GA,additive_level,bps_permits_additive_level_42340_200401_202606,ok,0,1,270,2004-01-01,2026-06-01,none,add,0,,,"
"
bps_permits,42540,Scranton--Wilkes-Barre  PA,additive_level,bps_permits_additive_level_42540_200401_202606,ok,0,1,270,2004-01-01,2026-06-01,none,add,0,,,"
"
bps_permits,42660,Seattle-Tacoma-Bellevue  WA,additive_level,bps_permits_additive_level_42660_200401_202606,ok,0,1,270,2004-01-01,2026-06-01,none,add,0,,,"
"
bps_permits,42680,Sebastian-Vero Beach  FL,additive_level,bps_permits_additive_level_42680_200601_202606,ok,0,1,246,2006-01-01,2026-06-01,none,add,0,,,"
"
bps_permits,42700,,,,segment_too_short,,,12,,,,,,,,
bps_permits,42700,,,,segment_too_short,,,54,,,,,,,,
bps_permits,43100,Sheboygan  WI,additive_level,bps_permits_additive_level_43100_200401_202606,ok,0,1,270,2004-01-01,2026-06-01,none,add,0,,,"
"
bps_permits,43300,Sherman-Denison  TX,additive_level,bps_permits_additive_level_43300_200401_201412,ok,0,1,132,2004-01-01,2014-12-01,none,add,0,,,"
"
bps_permits,43300,,,,segment_too_short,,,54,,,,,,,,
bps_permits,43340,Shreveport-Bossier City  LA,additive_level,bps_permits_additive_level_43340_200401_202606,ok,0,1,270,2004-01-01,2026-06-01,none,add,0,,,"
"
bps_permits,43420,Sierra Vista-Douglas  AZ,additive_level,bps_permits_additive_level_43420_201401_202606,ok,0,1,150,2014-01-01,2026-06-01,none,add,0,,,"
"
bps_permits,43580,Sioux City  IA-NE-SD,additive_level,bps_permits_additive_level_43580_200401_202606,ok,0,1,270,2004-01-01,2026-06-01,none,add,0,,,"
"
bps_permits,43620,Sioux Falls  SD,additive_level,bps_permits_additive_level_43620_200401_202606,ok,0,1,270,2004-01-01,2026-06-01,none,add,0,,,"
"
bps_permits,43640,,,,segment_too_short,,,30,,,,,,,,
bps_permits,43780,South Bend-Mishawaka  IN-MI,additive_level,bps_permits_additive_level_43780_200401_202606,ok,0,1,270,2004-01-01,2026-06-01,none,add,0,,,"
"
bps_permits,43900,Spartanburg  SC,additive_level,bps_permits_additive_level_43900_200401_202606,ok,0,1,270,2004-01-01,2026-06-01,none,add,0,,,"
"
bps_permits,44060,Spokane  WA,additive_level,bps_permits_additive_level_44060_200401_202606,ok,0,1,270,2004-01-01,2026-06-01,none,add,0,,,"
"
bps_permits,44100,Springfield  IL,additive_level,bps_permits_additive_level_44100_200401_202606,ok,0,1,270,2004-01-01,2026-06-01,none,add,0,,,"
"
bps_permits,44140,Springfield  MA,additive_level,bps_permits_additive_level_44140_200401_202606,ok,0,1,270,2004-01-01,2026-06-01,none,add,0,,,"
"
bps_permits,44180,Springfield  MO,additive_level,bps_permits_additive_level_44180_200401_202606,ok,0,1,270,2004-01-01,2026-06-01,none,add,0,,,"
"
bps_permits,44220,Springfield  OH,additive_level,bps_permits_additive_level_44220_200401_202606,ok,0,1,270,2004-01-01,2026-06-01,none,add,0,,,"
"
bps_permits,44300,State College  PA,additive_level,bps_permits_additive_level_44300_200401_202606,ok,0,1,270,2004-01-01,2026-06-01,none,add,0,,,"
"
bps_permits,44420,Staunton-Waynesboro  VA,additive_level,bps_permits_additive_level_44420_201401_202606,ok,0,1,150,2014-01-01,2026-06-01,none,add,0,,,"
"
bps_permits,44600,,,,segment_too_short,,,48,,,,,,,,
bps_permits,44700,Stockton  CA,additive_level,bps_permits_additive_level_44700_200401_202606,ok,0,1,270,2004-01-01,2026-06-01,none,add,0,,,"
"
bps_permits,44940,Sumter  SC,additive_level,bps_permits_additive_level_44940_200401_202606,ok,0,1,270,2004-01-01,2026-06-01,none,add,0,,,"
"
bps_permits,45060,Syracuse  NY,additive_level,bps_permits_additive_level_45060_200401_202606,ok,0,1,270,2004-01-01,2026-06-01,none,add,0,,,"
"
bps_permits,45220,Tallahassee  FL,additive_level,bps_permits_additive_level_45220_200401_202606,ok,0,1,270,2004-01-01,2026-06-01,none,add,0,,,"
"
bps_permits,45300,Tampa-St. Petersburg-Clearwater  FL,additive_level,bps_permits_additive_level_45300_200401_202606,ok,0,1,270,2004-01-01,2026-06-01,none,add,0,,,"
"
bps_permits,45460,Terre Haute  IN,additive_level,bps_permits_additive_level_45460_200401_202606,ok,0,1,270,2004-01-01,2026-06-01,none,add,0,,,"
"
bps_permits,45500,Texarkana  TX-Texarkana  AR,additive_level,bps_permits_additive_level_45500_200401_202606,ok,0,1,270,2004-01-01,2026-06-01,none,add,0,,,"
"
bps_permits,45540,The Villages  FL,additive_level,bps_permits_additive_level_45540_201401_202312,ok,0,1,120,2014-01-01,2023-12-01,none,add,0,,,"
"
bps_permits,45780,Toledo  OH,additive_level,bps_permits_additive_level_45780_200401_202606,ok,0,1,270,2004-01-01,2026-06-01,none,add,0,,,"
"
bps_permits,45820,Topeka  KS,additive_level,bps_permits_additive_level_45820_200401_202606,ok,0,1,270,2004-01-01,2026-06-01,none,add,0,,,"
"
bps_permits,45900,,,,segment_too_short,,,30,,,,,,,,
bps_permits,45940,Trenton-Ewing  NJ,additive_level,bps_permits_additive_level_45940_200401_202606,ok,0,1,270,2004-01-01,2026-06-01,none,add,0,,,"
"
bps_permits,46060,Tucson  AZ,additive_level,bps_permits_additive_level_46060_200401_202606,ok,0,1,270,2004-01-01,2026-06-01,none,add,0,,,"
"
bps_permits,46140,Tulsa  OK,additive_level,bps_permits_additive_level_46140_200401_202606,ok,0,1,270,2004-01-01,2026-06-01,none,add,0,,,"
"
bps_permits,46220,Tuscaloosa  AL,additive_level,bps_permits_additive_level_46220_200401_202606,ok,0,1,270,2004-01-01,2026-06-01,none,add,0,,,"
"
bps_permits,46300,Twin Falls  ID,additive_level,bps_permits_additive_level_46300_201801_202606,ok,0,1,102,2018-01-01,2026-06-01,none,add,0,,,"
"
bps_permits,46340,Tyler  TX,additive_level,bps_permits_additive_level_46340_200401_202606,ok,0,1,270,2004-01-01,2026-06-01,none,add,0,,,"
"
bps_permits,46520,Urban Honolulu  HI,additive_level,bps_permits_additive_level_46520_201401_202606,ok,0,1,150,2014-01-01,2026-06-01,none,add,0,,,"
"
bps_permits,46540,Utica-Rome  NY,additive_level,bps_permits_additive_level_46540_200401_202606,ok,0,1,270,2004-01-01,2026-06-01,none,add,0,,,"
"
bps_permits,46660,Valdosta  GA,additive_level,bps_permits_additive_level_46660_200401_202606,ok,0,1,270,2004-01-01,2026-06-01,none,add,0,,,"
"
bps_permits,46700,Vallejo-Fairfield  CA,additive_level,bps_permits_additive_level_46700_200401_202606,ok,0,1,270,2004-01-01,2026-06-01,none,add,0,,,"
"
bps_permits,46940,,,,segment_too_short,,,24,,,,,,,,
bps_permits,47020,Victoria  TX,additive_level,bps_permits_additive_level_47020_200401_201412,ok,0,1,132,2004-01-01,2014-12-01,none,add,0,,,"
"
bps_permits,47020,,,,segment_too_short,,,54,,,,,,,,
bps_permits,47220,Vineland-Millville-Bridgeton  NJ,additive_level,bps_permits_additive_level_47220_200401_202606,ok,0,1,270,2004-01-01,2026-06-01,none,add,0,,,"
"
bps_permits,47260,Virginia Beach-Norfolk-Newport News  VA-NC,additive_level,bps_permits_additive_level_47260_200401_202606,ok,0,1,270,2004-01-01,2026-06-01,none,add,0,,,"
"
bps_permits,47300,Visalia-Porterville  CA,additive_level,bps_permits_additive_level_47300_200401_202606,ok,0,1,270,2004-01-01,2026-06-01,none,add,0,,,"
"
bps_permits,47380,Waco  TX,additive_level,bps_permits_additive_level_47380_200401_202606,ok,0,1,270,2004-01-01,2026-06-01,none,add,0,,,"
"
bps_permits,47460,Walla Walla  WA,additive_level,bps_permits_additive_level_47460_201401_202606,ok,0,1,150,2014-01-01,2026-06-01,none,add,0,,,"
"
bps_permits,47580,Warner Robins  GA,additive_level,bps_permits_additive_level_47580_200401_202606,ok,0,1,270,2004-01-01,2026-06-01,none,add,0,,,"
"
bps_permits,47900,Washington-Arlington-Alexandria  DC-VA-MD-WV,additive_level,bps_permits_additive_level_47900_200401_202606,ok,0,1,270,2004-01-01,2026-06-01,none,add,0,,,"
"
bps_permits,47930,,,,segment_too_short,,,30,,,,,,,,
bps_permits,47940,Waterloo-Cedar Falls  IA,additive_level,bps_permits_additive_level_47940_200401_202606,ok,0,1,270,2004-01-01,2026-06-01,none,add,0,,,"
"
bps_permits,48060,Watertown-Fort Drum  NY,additive_level,bps_permits_additive_level_48060_201401_202606,ok,0,1,150,2014-01-01,2026-06-01,none,add,0,,,"
"
bps_permits,48140,Wausau  WI,additive_level,bps_permits_additive_level_48140_200401_202606,ok,0,1,270,2004-01-01,2026-06-01,none,add,0,,,"
"
bps_permits,48260,,,,segment_too_short,,,72,,,,,,,,
bps_permits,48260,Weirton-Steubenville  WV-OH,additive_level,bps_permits_additive_level_48260_201401_202606,ok,0,1,150,2014-01-01,2026-06-01,none,add,0,,,"
"
bps_permits,48300,Wenatchee  WA,additive_level,bps_permits_additive_level_48300_200401_202606,ok,0,1,270,2004-01-01,2026-06-01,none,add,0,,,"
"
bps_permits,48540,Wheeling  WV-OH,additive_level,bps_permits_additive_level_48540_200401_202606,ok,0,1,270,2004-01-01,2026-06-01,none,add,0,,,"
"
bps_permits,48620,Wichita  KS,additive_level,bps_permits_additive_level_48620_200401_202606,ok,0,1,270,2004-01-01,2026-06-01,none,add,0,,,"
"
bps_permits,48660,Wichita Falls  TX,additive_level,bps_permits_additive_level_48660_200401_202606,ok,0,1,270,2004-01-01,2026-06-01,none,add,0,,,"
"
bps_permits,48680,,,,segment_too_short,,,30,,,,,,,,
bps_permits,48700,Williamsport  PA,additive_level,bps_permits_additive_level_48700_200401_202606,ok,0,1,270,2004-01-01,2026-06-01,none,add,0,,,"
"
bps_permits,48900,Wilmington  NC,additive_level,bps_permits_additive_level_48900_200401_202606,ok,0,1,270,2004-01-01,2026-06-01,none,add,0,,,"
"
bps_permits,49020,Winchester  VA-WV,additive_level,bps_permits_additive_level_49020_200401_202606,ok,0,1,270,2004-01-01,2026-06-01,none,add,0,,,"
"
bps_permits,49180,Winston-Salem  NC,additive_level,bps_permits_additive_level_49180_200401_202606,ok,0,1,270,2004-01-01,2026-06-01,none,add,0,,,"
"
bps_permits,49340,Worcester  MA,additive_level,bps_permits_additive_level_49340_200401_202606,ok,0,1,270,2004-01-01,2026-06-01,none,add,0,,,"
"
bps_permits,49420,Yakima  WA,additive_level,bps_permits_additive_level_49420_200401_202606,ok,0,1,270,2004-01-01,2026-06-01,none,add,0,,,"
"
bps_permits,49620,York-Hanover  PA,additive_level,bps_permits_additive_level_49620_200401_202606,ok,0,1,270,2004-01-01,2026-06-01,none,add,0,,,"
"
bps_permits,49660,Youngstown-Warren-Boardman  OH-PA,additive_level,bps_permits_additive_level_49660_200401_202606,ok,0,1,270,2004-01-01,2026-06-01,none,add,0,,,"
"
bps_permits,49700,Yuba City  CA,additive_level,bps_permits_additive_level_49700_200401_201412,ok,0,1,132,2004-01-01,2014-12-01,none,add,0,,,"
"
bps_permits,49700,,,,segment_too_short,,,54,,,,,,,,
bps_permits,49740,Yuma  AZ,additive_level,bps_permits_additive_level_49740_200401_202606,ok,0,1,270,2004-01-01,2026-06-01,none,add,0,,,"
"
