cbsa_code,msa_title,variable,count,number_of_msas,number_of_months,mean,standard_deviation,minimum,p1,p5,p10,p25,median,p75,p90,p95,p99,maximum,zero_count,missing_count
10180,"Abilene, TX",ZHVI all-homes SA,210,1,210,150089.0990880632,36330.64146488138,107975.80126230145,108361.01418389019,109854.05845685085,111828.62763473616,114130.39873103822,138544.86429727005,189725.15142677727,205425.6624638865,206627.8494798194,217060.41201236116,219823.08893102405,0,0
10180,"Abilene, TX",permits units SA,210,1,210,101115.34210478367,101295.61085143173,6.3000457454505,14.922028968809329,22.51854151976091,27.512913625311562,41.087357550114525,101069.28086193188,202201.75,202409.09999999998,202507.55,202603.91,202606.0,0,0
10180,"Abilene, TX",employment thousands SA,210,1,210,70.88,5.080733850471813,65.1,65.309,65.4,65.7,66.82499999999999,68.6,74.1,79.8,80.4,81.1,81.3,0,0
10420,"Akron, OH",ZHVI all-homes SA,270,1,270,152827.4659143464,38198.61231349112,114409.22370683734,114798.61484608165,115615.47146435684,119568.6787714664,126687.50097081273,135760.74325653043,169891.2553576711,220915.5573181398,234655.79073052615,243434.67032753705,245311.66111953312,0,0
10420,"Akron, OH",permits units SA,270,1,270,101061.0387303404,101171.03633897111,-5.33613318991828,22.380565332756294,36.976361700987816,41.964360490634405,56.25023760579163,101439.5626818832,202010.75,202403.1,202504.55,202603.31,202606.0,0,0
10420,"Akron, OH",employment thousands SA,270,1,270,332.4511111111111,9.094619240660373,288.0,312.342,315.645,318.69,325.42499999999995,336.9,339.5,340.30000000000007,341.055,342.331,342.7,0,0
10500,"Albany, GA",ZHVI all-homes SA,269,1,269,118931.90467733513,23779.41918508011,93668.4663976408,93894.999329885,96120.90422116927,97733.36480377428,100027.13754413293,111100.64244437813,123069.16845816444,165339.74186221894,169053.17922070716,170894.59172582586,171590.413804254,0,0
10500,"Albany, GA",permits units SA,269,1,269,100660.25227880204,101200.31121280375,-0.596893527392317,4.888307644228029,8.696369855900365,12.2135047889551,18.2744705338024,250.430596107477,202011.0,202403.2,202504.6,202603.32,202606.0,0,0
10500,"Albany, GA",employment thousands SA,269,1,269,61.82565055762081,1.573252419652311,55.7,58.80800000000001,59.7,60.2,60.7,61.5,62.9,64.32000000000001,64.6,64.832,64.9,0,0
10540,"Albany, OR",ZHVI all-homes SA,150,1,150,298095.87860702036,91872.01972374164,161026.5846496323,162293.2195644863,167347.1456265137,173057.81966198742,210807.7736537541,283331.19908626995,397796.38814708224,412953.3208094169,414501.0322847904,417044.1200675386,417529.9196980035,0,0
10540,"Albany, OR",permits units SA,150,1,150,101165.53862562204,101467.77741501344,7.39955686708454,10.221113146256691,15.142047790951992,18.89927706439522,26.08098537449755,101067.82899168215,202304.75,202503.1,202510.55,202604.51,202606.0,0,0
10540,"Albany, OR",employment thousands SA,150,1,150,45.635999999999996,2.260078991314212,40.4,40.449,41.4,41.7,44.025,46.6,47.6,47.9,48.1,48.2,48.2,0,0
10740,"Albuquerque, NM",ZHVI all-homes SA,270,1,270,218710.0455596521,63085.41113538521,149096.78267226802,150654.94209549317,157990.5349572596,167524.9407280403,173610.6645857435,191425.3989859317,239842.3405822877,339442.87281346554,349928.8990484298,353581.6658519964,354146.417204339,0,0
10740,"Albuquerque, NM",permits units SA,270,1,270,101134.30261178329,101097.61427143619,79.2662204875216,131.49306126309205,149.8950216544592,167.4795218278488,198.73160772125524,101012.61758410191,202010.75,202403.1,202504.55,202603.31,202606.0,0,0
10740,"Albuquerque, NM",employment thousands SA,270,1,270,389.87555555555554,16.345896187756637,350.7,366.115,369.845,371.78000000000003,375.32500000000005,387.85,398.67499999999995,417.53000000000003,420.255,422.231,422.6,0,0
10780,"Alexandria, LA",ZHVI all-homes SA,265,1,265,142222.36884449667,24509.567491460595,98595.65635132683,99127.49370215462,102088.02768314538,107385.72467564812,121232.61192924407,142601.298104803,164653.09874193362,173831.03511137754,176108.26791853696,180965.40027157488,181962.75941702476,0,0
10780,"Alexandria, LA",permits units SA,265,1,265,100655.16707108919,101206.31937609226,7.55441454948047,11.01457540105813,14.42604984673434,16.17583697252342,19.7425639327677,72.5249166170299,202012.0,202403.59999999998,202504.8,202603.36,202606.0,0,0
10780,"Alexandria, LA",employment thousands SA,265,1,265,62.82867924528301,1.680347679724944,56.1,58.52000000000001,60.72,61.24,61.9,62.5,63.6,64.96000000000001,65.84,67.3,67.6,0,0
11020,"Altoona, PA",ZHVI all-homes SA,270,1,270,131741.2921115575,19317.8235913346,105116.86460586243,106025.15588798662,106724.18716771714,107703.48525037339,118171.3828840729,124994.84965130061,150786.95896471804,157445.9433296394,166716.58643159416,179101.45964457333,180366.34830824766,0,0
11020,"Altoona, PA",permits units SA,270,1,270,101023.68467708917,101208.42034864446,-0.803164056348622,-0.7410118736677942,-0.3669709266162383,-0.1352367461067262,0.974312144559027,100760.35966255452,202010.75,202403.1,202504.55,202603.31,202606.0,0,0
11020,"Altoona, PA",employment thousands SA,270,1,270,60.90296296296296,1.3434926873093285,49.7,56.465999999999994,58.69,59.79,60.5,61.1,61.6,62.1,62.5,62.8,62.8,0,0
11100,"Amarillo, TX",ZHVI all-homes SA,210,1,210,155946.02317658582,35571.059228814345,120788.98125279912,120982.92378375203,121614.87261112646,122790.68874387676,125953.56701009031,141210.1093600468,191144.5720783726,215270.25353975454,215867.1549598813,220985.36998745738,221931.82098010633,0,0
11100,"Amarillo, TX",permits units SA,210,1,210,101121.1750674122,101289.76324015048,0.564166975088476,23.19427939353097,33.336708152606434,39.60191234328897,56.056362237483974,101049.94245076101,202201.75,202409.09999999998,202507.55,202603.91,202606.0,0,0
11100,"Amarillo, TX",employment thousands SA,210,1,210,120.46523809523809,5.603636993122853,109.3,111.509,112.5,113.58999999999999,116.0,119.8,123.9,129.81,130.95499999999998,131.39100000000002,131.9,0,0
11180,"Ames, IA",ZHVI all-homes SA,208,1,208,202337.68808090486,43968.4689617011,150325.7523225591,150843.71195840527,151931.1518511284,152232.92273393885,156800.75422902725,196639.65168859757,243636.06967824363,267009.1985196873,276109.8164806939,282673.4677881314,283162.37149354833,0,0
11180,"Ames, IA",permits units SA,208,1,208,101098.74626947573,101318.99147064525,-15.656201614678,-1.1181568773593051,5.5401662533565315,11.666486744556451,17.607955952706526,100920.37555970148,202202.25,202409.3,202507.65,202603.93,202606.0,0,0
11180,"Ames, IA",employment thousands SA,208,1,208,60.46153846153846,2.615627789425147,54.3,55.214000000000006,55.735,56.0,58.3,61.7,62.5,63.0,63.3,63.6,64.2,0,0
11260,"Anchorage, AK",ZHVI all-homes SA,268,1,268,301200.4058716147,56993.38135117871,196825.46451718034,199037.539458443,216482.42506199208,237195.29648138126,261694.30465376386,291563.1007965251,337723.2924010594,389372.08491622383,401775.250379757,422275.54051057575,426595.8793156258,0,0
11260,"Anchorage, AK",permits units SA,268,1,268,101058.75490679665,101173.44585509754,11.1519481200655,14.072573297554555,25.3661391341732,34.00634849249143,87.2888428234683,100829.24480170796,202010.25,202403.30000000002,202504.65000000002,202603.33,202606.0,0,0
11260,"Anchorage, AK",employment thousands SA,268,1,268,174.03358208955223,6.659705474584994,151.0,158.037,161.245,164.77,169.6,176.2,179.8,181.13,182.165,183.0,183.4,0,0
11460,"Ann Arbor, MI",ZHVI all-homes SA,270,1,270,279612.6226449737,75535.72547926543,180545.01492643435,181951.0802995509,186346.73841721914,187908.41517969457,219070.94640869473,255709.4625164617,329827.80119293684,402786.1920123471,416241.4984782005,426213.55534105527,426930.8232516946,0,0
11460,"Ann Arbor, MI",permits units SA,270,1,270,101051.96068033857,101180.09962900892,-9.4007734409229,11.537549070601774,20.028789028166877,24.82989292223138,42.783972525040475,100940.3142560744,202010.75,202403.1,202504.55,202603.31,202606.0,0,0
11460,"Ann Arbor, MI",employment thousands SA,270,1,270,211.79888888888888,12.002107879717697,190.2,192.269,194.345,197.74,202.425,208.35000000000002,223.1,229.32,230.255,231.5,232.2,0,0
11540,"Appleton, WI",ZHVI all-homes SA,254,1,254,206442.66523140346,59391.74846282693,151686.12842259093,151953.26201419113,153634.58704201813,156511.6027884193,166819.60879320267,173447.84677707302,234973.0781355226,313273.07071745617,333237.13600063714,352501.7336448163,353115.6940559466,0,0
11540,"Appleton, WI",permits units SA,254,1,254,101071.91763602606,101205.79597304817,13.3789165938268,15.622749054113232,28.818951768185478,37.69413612204948,51.10032548209693,100897.7281145464,202102.75,202404.7,202505.35,202603.47,202606.0,0,0
11540,"Appleton, WI",employment thousands SA,254,1,254,122.4476377952756,4.786316787471168,110.5,114.4,115.16499999999999,116.03,118.72500000000001,122.55,127.04999999999998,128.87,129.1,129.394,129.7,0,0
11700,"Asheville, NC",ZHVI all-homes SA,270,1,270,265696.8808853791,94000.5685254641,152810.4499983416,155183.0445201086,166827.57426156613,185380.87591093592,195157.37672053135,218113.56848199473,311653.97972065344,434039.11125208903,444511.774674707,451288.03227689123,452157.3126762705,0,0
11700,"Asheville, NC",permits units SA,270,1,270,101157.3670638709,101074.53019360027,63.5665109427048,141.90078134995548,160.42817190793025,179.802716458199,246.09935259926002,101305.09044646306,202010.75,202403.1,202504.55,202603.31,202606.0,0,0
11700,"Asheville, NC",employment thousands SA,270,1,270,165.68037037037035,14.586150425966851,143.8,144.67600000000002,146.735,148.4,151.79999999999998,161.65,180.0,186.16,188.71,190.493,190.8,0,0
12620,"Bangor, ME",ZHVI all-homes SA,270,1,270,174142.21254112734,50110.91948804512,119541.40077935501,122773.88060485103,137611.37130666667,138999.12102115032,142055.58480498698,148648.62219180213,186775.85664245475,269357.1217016697,283593.6964092704,287822.32779617165,289933.5534908651,0,0
12620,"Bangor, ME",permits units SA,270,1,270,101033.89593379876,101198.19075820883,-0.0635524198770163,5.221989030971013,7.802576038706501,10.003542373124134,19.600175221549275,100801.49583242738,202010.75,202403.1,202504.55,202603.31,202606.0,0,0
12620,"Bangor, ME",employment thousands SA,270,1,270,72.36111111111111,1.566519674614446,62.6,66.797,69.845,70.7,71.8,72.4,73.57499999999999,73.91000000000001,74.2,74.5,75.3,0,0
12700,"Barnstable Town, MA",ZHVI all-homes SA,270,1,270,478725.1095106375,136451.2373023681,347069.4162739075,348917.45640804473,355202.55323894124,366803.8481095722,379724.96369336854,426271.1445448373,489593.5349667134,741277.2585297204,765817.2008367529,772466.7493615934,772779.0383571852,0,0
12700,"Barnstable Town, MA",permits units SA,270,1,270,101035.48484816919,101196.60113477719,-0.611205013198868,0.7135409080128053,4.760692391238439,6.517791725517229,10.592752449069499,100905.06510911474,202010.75,202403.1,202504.55,202603.31,202606.0,0,0
12700,"Barnstable Town, MA",employment thousands SA,270,1,270,93.80740740740741,3.9743626293078247,74.1,77.746,88.5,88.8,91.775,93.9,96.8,98.3,98.5,98.96199999999999,99.5,0,0
12940,"Baton Rouge, LA",ZHVI all-homes SA,270,1,270,194193.6621975782,28277.551693483707,140883.3558146594,141665.6479082177,149848.2926027751,169165.96491215157,174536.1419782305,186571.80361324426,207528.8670559629,243306.07924615868,245583.13233969224,249234.70117713965,249747.48237160998,0,0
12940,"Baton Rouge, LA",permits units SA,270,1,270,101180.45621591748,101051.36714376882,228.316151998795,237.00791499264344,258.4312434286014,273.8958064358307,305.62440516988374,101085.88190643687,202010.75,202403.1,202504.55,202603.31,202606.0,0,0
12940,"Baton Rouge, LA",employment thousands SA,270,1,270,394.6848148148148,24.84696414632981,344.8,345.2,348.59000000000003,364.59000000000003,374.575,396.95000000000005,414.32499999999993,428.26,434.32,437.7,437.8,0,0
12980,"Battle Creek, MI",ZHVI all-homes SA,270,1,270,112437.86389801798,35923.52380956754,74547.0134946357,74798.60347764804,75297.91706283424,75909.43908518885,84473.09407246848,101063.14086335598,132293.61700152734,174203.22441814645,183575.52422575903,190492.40356001514,192132.9958126536,0,0
12980,"Battle Creek, MI",permits units SA,270,1,270,101024.0358872508,101208.06849893508,-1.3970076982972,-0.5800354794117374,-0.09396507111188616,0.107090113742845,1.3771974239377376,100759.48857323176,202010.75,202403.1,202504.55,202603.31,202606.0,0,0
12980,"Battle Creek, MI",employment thousands SA,270,1,270,57.214444444444446,2.2228733763055373,45.1,51.535,53.5,54.599999999999994,55.6,57.8,58.6,59.41,60.2,60.831,61.1,0,0
13020,"Bay City, MI",ZHVI all-homes SA,270,1,270,114194.26362394624,29218.692258045467,83094.48600309854,83311.46349745049,83875.49490640916,85692.2379001203,92967.67531933317,104683.11776050756,126405.39605460179,167294.1027892004,175423.0755977357,187612.77923868923,188925.4419520298,0,0
13020,"Bay City, MI",permits units SA,270,1,270,101023.22264807559,101208.88321124208,-1.04521506066187,-0.46066732041584274,-0.022518119096215965,0.25050586465453684,1.53684197355544,100757.68200695724,202010.75,202403.1,202504.55,202603.31,202606.0,0,0
13020,"Bay City, MI",employment thousands SA,270,1,270,36.31740740740741,1.7738373177055173,27.4,32.214,33.645,34.7,35.3,36.2,37.0,39.01,39.3,40.131,40.2,0,0
13220,"Beckley, WV",ZHVI all-homes SA,150,1,150,114650.67736117954,25797.808133907714,81063.72122027811,81599.54092661358,84747.60065270403,89060.29632862465,94001.26051356095,99260.76818596199,137457.69803878348,153463.03914199732,158619.38465807802,160780.43082013063,161660.71020388362,0,0
13220,"Beckley, WV",permits units SA,150,1,150,101150.95855693496,101482.40491287535,-0.117017894580933,1.4547052825225142,4.2018345961361465,4.763904106679498,7.524309247996227,101008.97882930418,202304.75,202503.1,202510.55,202604.51,202606.0,0,0
13220,"Beckley, WV",employment thousands SA,150,1,150,43.82933333333333,1.35540413085612,38.0,39.378,41.2,42.24,43.5,44.0,44.5,45.2,45.9,46.452999999999996,46.8,0,0
13380,"Bellingham, WA",ZHVI all-homes SA,270,1,270,372636.2188021631,136716.49525411296,190582.46630798155,195238.67809779022,240417.93115066085,250576.04645138912,271112.86971821997,304387.6537761019,462618.0481606479,609566.2571272145,620766.8098818249,626594.1547560238,628581.9669208917,0,0
13380,"Bellingham, WA",permits units SA,270,1,270,101077.52620604844,101154.487301871,13.5666357978086,30.11248799495086,61.667775229315644,70.71241054726836,96.65640072926904,100959.41585769902,202010.75,202403.1,202504.55,202603.31,202606.0,0,0
13380,"Bellingham, WA",employment thousands SA,270,1,270,88.08666666666667,6.247364351331685,76.3,77.307,79.4,80.39,82.35,86.80000000000001,95.07499999999999,96.3,96.6,97.131,97.4,0,0
13460,"Bend, OR",ZHVI all-homes SA,267,1,267,405132.3001958992,169955.6465501036,200876.6286667563,204646.77331797828,210136.93915310284,219675.11841411353,263867.17848660704,357958.72982932255,498485.4361764953,687776.354553808,696423.1301108946,721856.2865391287,730961.8641712429,0,0
13460,"Bend, OR",permits units SA,267,1,267,101497.31353994936,101118.06788723747,86.6268779386164,110.12315202497052,130.88096394917721,138.8986754647972,172.60010905188,201504.0,202011.5,202403.40000000002,202504.7,202603.34000000003,202606.0,0,0
13460,"Bend, OR",employment thousands SA,267,1,267,89.14419475655431,13.489761991171996,70.2,71.4,71.8,72.1,76.85,85.2,100.6,110.14000000000001,110.74,111.568,112.0,0,0
13740,"Billings, MT",ZHVI all-homes SA,210,1,210,275027.0245264991,76060.5637489718,190916.64502847716,191377.84416383697,193123.3108153264,195524.976650804,210471.89129955287,246479.86244373716,350007.1081167072,399576.9849258997,404645.97222245845,412395.2047467564,412594.8161880647,0,0
13740,"Billings, MT",permits units SA,210,1,210,101119.05276409004,101291.88688301845,-23.8203740962152,11.927029397249443,27.835972230540307,36.03962795996535,55.40475421210863,101009.40897883294,202201.75,202409.09999999998,202507.55,202603.91,202606.0,0,0
13740,"Billings, MT",employment thousands SA,210,1,210,88.40904761904763,4.888064170756609,79.5,79.809,80.69,82.08,84.7,87.9,93.6,95.4,95.655,96.1,96.5,0,0
13780,"Binghamton, NY",ZHVI all-homes SA,270,1,270,127409.17155559077,29428.366240208634,86374.57712582288,87431.90534829276,93420.77849220386,103454.06086642886,110994.89771477295,116055.87813573712,133186.64267561978,181131.4403709935,192686.73336394748,201636.87674841902,204850.00173466478,0,0
13780,"Binghamton, NY",permits units SA,270,1,270,101029.07692241127,101203.01890783892,-5.12397179712495,-1.8427701817601239,-0.4700987913499889,-0.0641204586402277,1.2039587864607526,100804.4585297767,202010.75,202403.1,202504.55,202603.31,202606.0,0,0
13780,"Binghamton, NY",employment thousands SA,270,1,270,105.16333333333333,5.882867507561611,83.6,91.273,95.29,97.6,101.62499999999999,104.3,110.35000000000001,113.1,114.0,114.70000000000002,114.8,0,0
13820,"Birmingham, AL",ZHVI all-homes SA,270,1,270,178064.82655047372,44589.45886345105,132548.36836146898,132881.89250199177,135910.57406729297,137359.10258755105,144723.1006838294,158027.5695172072,202556.01714005467,258551.50183462162,259318.84139613423,262822.4952157139,263725.6522728035,0,0
13820,"Birmingham, AL",permits units SA,270,1,270,101174.6150876782,101057.23253635583,172.813358544867,193.2197151277637,226.43388486489965,241.1875417920554,283.26562166905575,101164.03004738252,202010.75,202403.1,202504.55,202603.31,202606.0,0,0
13820,"Birmingham, AL",employment thousands SA,270,1,270,531.3114814814815,21.898737415643033,490.7,495.538,497.04499999999996,500.49,514.4749999999999,530.05,548.15,566.41,567.975,570.493,570.9,0,0
13900,"Bismarck, ND",ZHVI all-homes SA,210,1,210,256671.07130098494,56389.183966295066,164260.74853266508,164442.27474318372,165120.05382798985,168397.87825964985,216999.00094142853,260184.8811613518,300583.6037860721,330315.8276972257,343616.339114713,358856.92650964303,360301.24263848964,0,0
13900,"Bismarck, ND",permits units SA,210,1,210,101106.98433248575,101303.97955346294,6.20140718994092,17.537429695208402,23.94582527367822,30.592778337261073,39.84219628557985,100922.20933017378,202201.75,202409.09999999998,202507.55,202603.91,202606.0,0,0
13900,"Bismarck, ND",employment thousands SA,210,1,210,70.38,3.3581408618232333,61.7,62.309,63.1,64.0,69.275,71.7,72.77499999999999,73.4,73.6,73.9,74.0,0,0
14010,"Bloomington, IL",ZHVI all-homes SA,150,1,150,199610.226472058,31548.25171059203,171661.27004064474,172115.1777839933,173852.69480327854,174169.29126849773,175231.69099703134,177289.55105020964,224322.0965188614,253800.33668744634,260948.2381087551,261254.7462259467,261864.3200491496,0,0
14010,"Bloomington, IL",permits units SA,150,1,150,101158.52625758688,101474.81244975014,5.12550577276329,7.4258606552472,9.67369994241214,12.012944792368701,17.88413304453045,101040.49600354259,202304.75,202503.1,202510.55,202604.51,202606.0,0,0
14010,"Bloomington, IL",employment thousands SA,150,1,150,89.688,3.6174246465994977,77.7,79.39000000000001,81.99000000000001,85.91,88.1,89.65,92.45,94.10999999999999,95.0,96.1,96.4,0,0
14020,"Bloomington, IN",ZHVI all-homes SA,270,1,270,186099.09074037775,58826.13485682422,125984.54250786749,127512.85430300517,133123.1196379184,136913.2521229085,141861.99498135806,153345.00508677078,223886.47075096398,288069.0639599188,300203.5122474561,306361.6951806507,307251.22703202855,0,0
14020,"Bloomington, IN",permits units SA,270,1,270,101054.97659679,101177.08363800154,-78.5609617717921,-3.8030526089709817,20.968625436933934,29.779392895315763,46.41521131534408,101086.90970385478,202010.75,202403.1,202504.55,202603.31,202606.0,0,0
14020,"Bloomington, IN",employment thousands SA,270,1,270,76.54629629629629,2.709703955280916,67.9,71.245,73.8,74.1,74.7,75.45,78.475,81.1,81.6,82.49300000000001,83.2,0,0
14260,"Boise City, ID",ZHVI all-homes SA,267,1,267,279146.71188291296,133027.791089999,137135.68908882057,137358.12695062518,141512.30303450336,156118.11269240294,176561.0038952366,214916.683301573,378749.7946549617,497643.29983728746,505438.2679504244,537604.5106894156,544532.6551798289,0,0
14260,"Boise City, ID",permits units SA,267,1,267,101779.16568230097,100833.97895041697,390.927176387451,409.1356274083494,540.3698572946262,607.9739350741322,749.340305793939,201504.0,202011.5,202403.40000000002,202504.7,202603.34000000003,202606.0,0,0
14260,"Boise City, ID",employment thousands SA,267,1,267,312.20711610486893,55.23428216800041,237.5,240.59199999999998,250.68,253.26,265.65,290.7,354.5,402.38,411.15999999999997,414.8,415.9,0,0
14500,"Boulder, CO",ZHVI all-homes SA,270,1,270,477584.98660938966,173969.12101870944,298140.8666483502,300438.57877661445,306130.2535349664,312639.0482387452,319692.43875023857,407013.6075192919,598520.3316029311,757556.4942727435,761729.5270387742,796394.1411751206,806195.7450916953,0,0
14500,"Boulder, CO",permits units SA,270,1,270,101091.6614662434,101140.33664842411,-5.46615748108891,39.623583026898885,66.41007647884963,80.0702286124636,119.89344853161874,101061.75397061258,202010.75,202403.1,202504.55,202603.31,202606.0,0,0
14500,"Boulder, CO",employment thousands SA,270,1,270,180.87777777777777,17.622253448543656,155.5,156.721,158.1,159.4,164.47500000000002,178.75,199.25000000000003,205.20999999999998,206.91,207.931,208.9,0,0
14540,"Bowling Green, KY",ZHVI all-homes SA,270,1,270,163458.8561407253,50612.56995290936,111777.00078074019,112727.70955974449,118850.77063462464,122692.34306264039,125565.76791759708,132624.90464323945,189488.42765943456,256997.59301921204,264986.91910623707,266996.23096795334,267636.1361366236,0,0
14540,"Bowling Green, KY",permits units SA,270,1,270,101078.35952872242,101153.66037033609,5.12853914805595,27.94473450107906,48.1059485763721,57.566742986702856,92.9248178715978,101007.73911866786,202010.75,202403.1,202504.55,202603.31,202606.0,0,0
14540,"Bowling Green, KY",employment thousands SA,270,1,270,72.95666666666666,6.123512792665096,62.5,63.0,64.645,65.39,68.025,72.0,77.1,82.50999999999999,84.0,84.6,84.8,0,0
15500,"Burlington, NC",ZHVI all-homes SA,125,1,125,221843.37296527356,57583.26802369181,147738.92854496732,147800.27683177314,148467.80867653893,153060.92735184976,168145.99262452405,207454.76598167387,286378.61821935326,294446.35538790136,296060.93215429306,299599.79202737915,299922.16874126164,0,0
15500,"Burlington, NC",permits units SA,125,1,125,100455.13930925501,101488.1919798932,65.4255421830825,72.37938480658227,98.92360664844333,122.29971355484122,165.620446747613,506.719260761669,202311.0,202505.59999999998,202511.8,202604.76,202606.0,0,0
15500,"Burlington, NC",employment thousands SA,125,1,125,64.8656,2.789730707318332,56.1,57.728,61.2,61.84,62.6,64.7,67.8,68.4,68.58,68.976,69.1,0,0
16180,"Carson City, NV",ZHVI all-homes SA,270,1,270,301896.73173504375,113455.06576588683,147546.57100753323,147818.4551923569,151957.15938994102,163057.17191173314,201276.34237849512,289243.9560117631,368706.46964322624,484574.84060626477,494963.50218115805,496413.7371365273,496615.97983170295,0,0
16180,"Carson City, NV",permits units SA,270,1,270,101033.3055628556,101198.78277045555,-1.55650800699747,1.7305255383045952,4.526031839399551,10.848550129538749,20.756349203486227,100859.36637215469,202010.75,202403.1,202504.55,202603.31,202606.0,0,0
16180,"Carson City, NV",employment thousands SA,270,1,270,30.35925925925926,1.8110276117722999,27.3,27.5,27.645000000000003,27.8,28.7,30.4,32.1,32.7,32.855,33.231,33.3,0,0
16220,"Casper, WY",ZHVI all-homes SA,190,1,190,231118.6109497204,43173.82390679972,173854.29443942176,174060.2301088629,176154.68386561045,179466.60997147587,202104.12128763212,216098.06238167224,271206.45509327285,303250.4459565664,311751.5269699383,315223.5271943548,316364.2611316032,0,0
16220,"Casper, WY",permits units SA,190,1,190,101114.17849942003,101363.75844858275,1.6272868383955,4.719617893291999,8.085934624451713,9.753174769999687,15.5254970009301,100964.11701964644,202206.75,202411.1,202508.55,202604.11,202606.0,0,0
16220,"Casper, WY",employment thousands SA,190,1,190,39.93578947368421,1.8209780376614169,35.3,35.578,36.635,37.690000000000005,38.8,40.0,41.0,42.4,43.0,43.633,44.0,0,0
16300,"Cedar Rapids, IA",ZHVI all-homes SA,270,1,270,169204.190091609,33691.00324005873,133206.7233144179,133576.45865829254,137124.55413970345,141374.845110158,145741.6517124326,152424.4282395111,184385.71723040397,229407.26642605447,238206.2093988296,246227.6214232063,247514.88040070576,0,0
16300,"Cedar Rapids, IA",permits units SA,270,1,270,101055.37905488245,101176.67182828725,5.19478667200619,21.824039016665616,32.67395570186496,39.96110987514612,57.46318445962388,100914.98139744283,202010.75,202403.1,202504.55,202603.31,202606.0,0,0
16300,"Cedar Rapids, IA",employment thousands SA,270,1,270,139.93037037037035,4.19193373188338,127.9,129.6,131.14499999999998,132.79000000000002,137.725,140.8,143.04999999999998,144.8,145.555,146.5,146.6,0,0
16540,"Chambersburg, PA",ZHVI all-homes SA,150,1,150,220999.95992745063,45830.36433586602,164212.77969486057,164355.73439096363,166017.9700712063,167857.68216579076,177962.39454387504,207065.46875795105,266866.2827993089,284725.15314971615,290797.1992611409,294624.02258395334,294958.19907750026,0,0
16540,"Chambersburg, PA",permits units SA,150,1,150,101171.00931635864,101462.28858823222,6.63507893815477,12.920984085522077,24.236501087134947,26.727588290849248,38.95957597139275,101065.67912640196,202304.75,202503.1,202510.55,202604.51,202606.0,0,0
16540,"Chambersburg, PA",employment thousands SA,150,1,150,60.788666666666664,1.797408151377928,53.0,55.632999999999996,58.145,58.690000000000005,59.8,60.7,61.9,63.2,63.655,64.251,64.4,0,0
16620,"Charleston, WV",ZHVI all-homes SA,270,1,270,115709.58888723359,16253.904224125437,97306.1234103089,98121.96146838288,100435.72490917303,102092.66429157298,104429.86863946599,109848.32293572057,115290.59676174943,146240.41026307154,152578.16761511326,154483.22295172277,155756.3675021944,0,0
16620,"Charleston, WV",permits units SA,270,1,270,101029.69875136582,101202.39524013226,2.45295587099379,4.787060820323544,6.902042201435775,8.985287788073036,14.362744521381876,100781.49594033463,202010.75,202403.1,202504.55,202603.31,202606.0,0,0
16620,"Charleston, WV",employment thousands SA,270,1,270,113.54555555555555,6.820886811999343,93.9,99.89,102.745,105.38,107.64999999999999,114.9,119.9,121.7,122.05499999999999,122.6,122.7,0,0
16820,"Charlottesville, VA",ZHVI all-homes SA,268,1,268,323857.4701293677,71041.60778509777,238999.79959874568,246977.189949478,255101.04936881328,256644.87172796292,267956.7819797593,301224.95718289784,352567.0098242083,451630.91889369045,471527.86448407674,475519.07502242865,475678.25561910635,0,0
16820,"Charlottesville, VA",permits units SA,268,1,268,101072.36134594916,101164.33394392586,35.4031575344289,44.33502010606243,58.538700042455595,71.53604292127355,100.52885358025425,100863.55608843717,202011.25,202403.30000000002,202504.65000000002,202603.33,202606.0,0,0
16820,"Charlottesville, VA",employment thousands SA,268,1,268,108.60074626865672,9.463808422246421,91.8,92.267,94.83500000000001,98.32,100.975,107.45,116.1,123.93,124.8,125.80000000000001,127.4,0,0
16940,"Cheyenne, WY",ZHVI all-homes SA,269,1,269,259206.4823551845,72004.57512687416,155843.61486184166,157654.66453592564,171448.82107387064,178104.20335706344,200883.6518666212,235532.41166452598,333335.9682779357,368287.3388378935,379897.11948342726,393449.8520505936,394305.1997305223,0,0
16940,"Cheyenne, WY",permits units SA,269,1,269,101421.16389856246,101186.36455993295,-13.9844447006497,11.524111368963094,23.3758567740987,28.000644315987838,40.6930587676741,201504.0,202011.0,202403.2,202504.6,202603.32,202606.0,0,0
16940,"Cheyenne, WY",employment thousands SA,269,1,269,45.8275092936803,2.2904379683080345,40.6,40.7,41.3,42.78,44.1,46.5,47.4,48.620000000000005,49.160000000000004,49.8,49.9,0,0
17020,"Chico, CA",ZHVI all-homes SA,270,1,270,297589.61967359815,75311.93555252741,185182.62328025745,185842.75249884097,192619.8016324127,206442.59444603598,232650.06580824734,287707.53741961333,363976.70000793756,406244.7895541303,410075.5352180633,435337.97026542143,438155.36411951244,0,0
17020,"Chico, CA",permits units SA,270,1,270,101056.85270039066,101175.19797096348,-6.13907024921595,5.917134233814891,20.05392429624931,28.557910920897783,60.17906702688907,100912.83931022372,202010.75,202403.1,202504.55,202603.31,202606.0,0,0
17020,"Chico, CA",employment thousands SA,270,1,270,76.06703703703703,3.500332766777619,66.7,69.40700000000001,70.245,71.08999999999999,73.3,76.7,78.0,80.81,81.755,83.031,83.4,0,0
17420,"Cleveland, TN",ZHVI all-homes SA,270,1,270,183351.9876621302,63295.51453134561,119382.1199812249,120887.55545396922,127522.50450609467,132093.60620068005,139779.9322499853,149005.96279400718,211212.3202043357,301687.61765518365,311213.246770203,316302.5531864858,317005.00180306105,0,0
17420,"Cleveland, TN",permits units SA,270,1,270,101049.00293036138,101183.0566094491,15.4261810281089,22.01796969458353,28.24878917285723,33.84694516080936,45.611255845513874,100820.03525814267,202010.75,202403.1,202504.55,202603.31,202606.0,0,0
17420,"Cleveland, TN",employment thousands SA,270,1,270,44.64703703703704,3.243267335539205,37.7,38.669000000000004,39.245000000000005,39.59,41.725,46.150000000000006,47.2,48.1,48.6,49.7,49.9,0,0
17660,"Coeur d'Alene, ID",ZHVI all-homes SA,228,1,228,343206.2925747491,161665.49845417473,169078.73064121933,169384.25974268996,177041.32114004044,186195.8533897928,211750.96383044985,261491.3120415592,552800.5690737086,593366.4037196133,599774.0979334437,609820.6453987482,610729.481942874,0,0
17660,"Coeur d'Alene, ID",permits units SA,228,1,228,101149.48270799882,101205.55919167567,60.5247776763673,91.57088092554984,110.86977146786947,121.91522811123879,148.0334762302285,101157.74134678474,202109.25,202407.3,202506.65,202603.72999999998,202606.0,0,0
17660,"Coeur d'Alene, ID",employment thousands SA,228,1,228,63.34166666666667,8.05715108171602,52.5,52.654,53.099999999999994,53.4,56.175000000000004,62.25,70.525,75.3,75.765,76.573,76.8,0,0
17820,"Colorado Springs, CO",ZHVI all-homes SA,270,1,270,300058.35598840076,101917.30909871418,204212.58949549298,205088.46457697896,206630.99251355638,210263.80003828066,218909.50652093333,237384.2770094495,372406.6082207484,471875.22175693547,475188.4966801275,492662.17149834684,496771.14238209795,0,0
17820,"Colorado Springs, CO",permits units SA,270,1,270,101268.876961238,100962.9131581786,167.353529280436,207.96593949836392,260.3046683256971,316.9329272765869,418.0094481507342,101520.5547456443,202010.75,202403.1,202504.55,202603.31,202606.0,0,0
17820,"Colorado Springs, CO",employment thousands SA,270,1,270,278.74666666666667,29.843735028412524,244.1,244.269,244.84500000000003,246.79000000000002,252.925,267.05,301.975,328.52,330.255,332.462,333.5,0,0
17860,"Columbia, MO",ZHVI all-homes SA,251,1,251,205416.61531508408,56288.92261614308,155806.72320611734,156474.5724430564,158772.84398857199,159107.30854521538,161784.22062741668,177923.8099851592,236303.71062015695,303909.82284245733,318229.3555466706,325556.471553862,326977.72910112626,0,0
17860,"Columbia, MO",permits units SA,251,1,251,100682.62149679754,101202.61523734817,2.58402480084928,10.542397169059885,42.3346361970433,53.3176435573674,68.70505633210306,444.876303664392,202103.5,202405.0,202505.5,202603.5,202606.0,0,0
17860,"Columbia, MO",employment thousands SA,251,1,251,111.48804780876495,5.447723981049809,100.6,102.7,103.3,104.1,106.1,112.0,116.15,118.2,119.2,120.65,121.1,0,0
17900,"Columbia, SC",ZHVI all-homes SA,269,1,269,166050.81348074548,42724.24368968503,125774.79456823833,126600.44440383642,130894.88654336456,131870.3173430522,136105.92736992295,145496.27244048988,178557.5433176586,248014.32167499774,253965.1969054028,257541.22819012584,257822.76824219315,0,0
17900,"Columbia, SC",permits units SA,269,1,269,100877.38096499983,100982.14554315795,289.205125303595,304.391813176255,342.8074493845516,367.886535156299,409.963936823497,1048.76856318242,202011.0,202403.2,202504.6,202603.32,202606.0,0,0
17900,"Columbia, SC",employment thousands SA,269,1,269,383.3542750929368,28.668064788976203,341.4,343.4,345.93999999999994,347.9,358.4,380.9,402.0,427.9,435.06000000000006,436.19999999999993,436.8,0,0
18020,"Columbus, IN",ZHVI all-homes SA,269,1,269,176621.57218471204,45988.03588246133,131523.82692031088,131589.3381282841,132392.85789854274,134103.6307596796,139494.5979645015,158556.49134203032,193707.25127015155,259149.4797833619,269404.475432309,278752.3816026462,279167.178543087,0,0
18020,"Columbus, IN",permits units SA,269,1,269,101405.67742191642,101201.93369784269,4.43418113390007,5.994058453802394,9.31526753370925,10.76179146853728,15.0908412121696,201504.0,202011.0,202403.2,202504.6,202603.32,202606.0,0,0
18020,"Columbus, IN",employment thousands SA,269,1,269,48.5453531598513,3.9015910892606125,41.0,41.1,41.9,42.4,45.0,49.6,52.0,52.7,53.1,53.39999999999999,53.5,0,0
18140,"Columbus, OH",ZHVI all-homes SA,270,1,270,200906.01282680038,66222.69609871655,136968.51211132447,137364.603955708,138306.5816683538,143285.80371597322,152935.42295692873,163080.38491925044,238815.50764326548,322427.4761106183,331627.9301279152,335622.67786373396,336122.82296934916,0,0
18140,"Columbus, OH",permits units SA,270,1,270,101469.9788013052,100761.623165206,293.650817462544,359.89849246199117,489.7596302304703,589.9885474103443,832.5990288069132,101948.27666513174,202010.75,202403.1,202504.55,202603.31,202606.0,0,0
18140,"Columbus, OH",employment thousands SA,270,1,270,1036.7118518518519,90.08128097685724,911.7,914.469,921.0,932.0300000000001,950.2750000000001,1032.15,1110.0500000000002,1164.1100000000001,1190.31,1195.5169999999998,1198.2,0,0
18580,"Corpus Christi, TX",ZHVI all-homes SA,260,1,260,170399.08651907378,37606.94372941922,121633.48839018804,122731.9622582857,132086.07309626808,132475.84447236123,137092.48111315462,160167.42434688134,201175.00690344116,231207.07212518624,233389.52294245723,234377.9159686752,234915.58812437483,0,0
18580,"Corpus Christi, TX",permits units SA,260,1,260,101100.39670064139,101159.52449365462,45.4899775914651,61.578701230279584,85.21566490292395,96.0402026157615,135.2897730972145,100896.97601704577,202101.25,202404.09999999998,202505.05000000002,202603.40999999997,202606.0,0,0
18580,"Corpus Christi, TX",employment thousands SA,260,1,260,187.59576923076924,8.838539980182755,169.7,170.359,172.38000000000002,175.99,179.5,190.05,193.8,198.70999999999998,201.71499999999997,202.8,203.1,0,0
18700,"Corvallis, OR",ZHVI all-homes SA,269,1,269,360137.76029190305,112527.47273431986,216273.7374739996,219894.79961389012,231116.8492890092,259067.33223138732,276077.1788356807,309297.80522141466,427327.5337629625,557615.7400828274,564835.5365130781,567619.5536957765,568012.1843442352,0,0
18700,"Corvallis, OR",permits units SA,269,1,269,100657.79022486763,101200.59165782835,-11.3955993813252,-7.877405825467275,0.0701417932499611,3.033782099776892,9.8081428568592,253.572557768512,202011.0,202403.2,202504.6,202603.32,202606.0,0,0
18700,"Corvallis, OR",employment thousands SA,269,1,269,40.75724907063197,2.6162511378097,36.8,37.068000000000005,37.54,37.9,38.4,39.7,43.6,44.5,44.7,45.032,45.2,0,0
19140,"Dalton, GA",ZHVI all-homes SA,132,1,132,106716.87382604873,8024.287454786295,91841.38194940066,91992.3217073793,93303.79982957203,95063.09966023627,100433.31269890838,106864.00287421781,113744.39192298234,117098.52355439219,118348.19747446457,118604.42048639056,118611.82383884113,0,0
19140,"Dalton, GA",permits units SA,132,1,132,100593.62815271053,100969.12112670677,0.20555098150281,3.4133963074870133,4.468299275970667,5.1790062567445245,6.630357635678035,100464.82786413854,201203.25,201310.90000000002,201405.45,201410.69,201412.0,0,0
19140,"Dalton, GA",employment thousands SA,132,1,132,69.85227272727273,6.578701070301058,61.9,61.900000000000006,62.3,62.61,64.45,65.69999999999999,77.125,78.28999999999999,78.7,79.207,79.5,0,0
19460,"Decatur, AL",ZHVI all-homes SA,239,1,239,149851.00561805294,50748.78478548156,89205.50890302623,89589.0750320474,91063.32965780562,92545.49597158212,97880.12501444858,135531.53799817502,198154.9098465853,231985.30451949,235104.65351664842,236989.91037003425,237499.1412445691,0,0
19460,"Decatur, AL",permits units SA,239,1,239,100641.89571770275,101257.39365354883,0.125105706060483,7.41536908531817,10.087127445641672,12.6266973830013,16.10791983109545,61.8368922770754,202106.5,202406.2,202506.1,202603.62,202606.0,0,0
19460,"Decatur, AL",employment thousands SA,239,1,239,56.743096234309625,3.1019552716805525,52.7,52.7,53.49,53.8,54.1,56.3,58.650000000000006,61.82,63.2,63.7,63.8,0,0
19500,"Decatur, IL",ZHVI all-homes SA,269,1,269,90750.91002704012,11842.40642817346,79317.3508097806,79821.79780684138,80545.57037820782,81245.0877645162,82459.29424219264,86027.14078385309,92405.95029975286,111801.32034126131,118160.3528242706,127440.56008717499,128023.32218571409,0,0
19500,"Decatur, IL",permits units SA,269,1,269,101398.98248427262,101208.6659814341,-1.65528149874638,-0.8113270319375512,0.33055997780036983,1.039595859983186,2.19290109602441,201504.0,202011.0,202403.2,202504.6,202603.32,202606.0,0,0
19500,"Decatur, IL",employment thousands SA,269,1,269,51.51115241635688,2.9222809423097993,44.6,45.64,47.04,47.4,48.4,51.8,54.0,55.5,55.7,55.89999999999999,56.0,0,0
20020,"Dothan, AL",ZHVI all-homes SA,270,1,270,138521.69606439595,25466.9277359317,102999.33426825982,103928.47476356148,111634.83630956613,116384.05611998681,120977.34770191392,129283.13556604931,148911.64892890572,182690.02846557833,192237.39085432672,197430.3431635442,197850.6346157166,0,0
20020,"Dothan, AL",permits units SA,270,1,270,101037.1960619412,101194.88469532052,6.73932014009998,10.315776684263579,13.38657686893204,17.81037112144779,25.333734082633,100826.62450835918,202010.75,202403.1,202504.55,202603.31,202606.0,0,0
20020,"Dothan, AL",employment thousands SA,270,1,270,59.693703703703704,2.4403510749749127,54.3,56.069,56.545,56.9,57.324999999999996,59.5,61.875,63.2,63.655,63.89999999999999,64.1,0,0
20100,"Dover, DE",ZHVI all-homes SA,204,1,204,247943.14803203262,66913.34268478655,178447.1774065037,178597.1690502248,179366.07899761602,182887.01947208145,193612.80714335572,214741.59116449297,315601.4758948577,359067.2517876422,368240.93455787055,373868.1691828728,374943.1718940176,0,0
20100,"Dover, DE",permits units SA,204,1,204,101150.66128119838,101280.82976386436,23.0147175015041,55.17081824688792,73.95597230104711,87.07114137574462,112.9971127202495,101075.22287168937,202203.25,202409.7,202507.85,202603.97,202606.0,0,0
20100,"Dover, DE",employment thousands SA,204,1,204,68.79166666666667,3.2161965675698285,61.2,62.718,63.6,64.23,66.375,69.0,71.22500000000001,73.27,73.5,73.697,74.1,0,0
20220,"Dubuque, IA",ZHVI all-homes SA,209,1,209,191629.6583425584,41480.20772031718,152653.2982805679,152825.59342269925,153479.33283352497,154081.51461040357,156791.4898047742,172841.77239000148,226139.73064716416,256944.87936551677,270507.6470587365,282405.5281122587,282563.89049672143,0,0
20220,"Dubuque, IA",permits units SA,209,1,209,100614.30297803727,101317.49042868945,-7.17546710209654,-1.457105715944845,3.1519066303898122,6.251429155260593,13.4522411551638,212.582151346447,202202.0,202409.2,202507.6,202603.91999999998,202606.0,0,0
20220,"Dubuque, IA",employment thousands SA,209,1,209,58.85693779904307,1.8425427145025122,53.6,54.007999999999996,54.60000000000001,55.78,58.2,59.3,60.2,60.6,60.8,61.0,61.1,0,0
20740,"Eau Claire, WI",ZHVI all-homes SA,210,1,210,208557.31858381434,62317.441174897365,142891.03471582985,143189.66798728952,145674.2212846418,147839.91154235238,153909.24094261893,183359.82419202,266185.59570836846,310639.91962985985,318421.77010516665,325694.7240140217,326222.3009666087,0,0
20740,"Eau Claire, WI",permits units SA,210,1,210,101125.94154798223,101284.98368590034,15.6825468471501,33.358842776539824,42.64717706371989,49.24422301243716,68.49076106589145,101030.70722428005,202201.75,202409.09999999998,202507.55,202603.91,202606.0,0,0
20740,"Eau Claire, WI",employment thousands SA,210,1,210,84.99952380952382,3.354258845667194,74.3,79.0,79.645,80.6,82.72500000000001,85.1,87.04999999999998,89.9,90.155,90.491,90.7,0,0
20940,"El Centro, CA",ZHVI all-homes SA,269,1,269,213731.3488645016,75429.58861495639,120004.67327133211,122782.06741042792,125789.21587407967,131445.37535782342,146158.52152151102,198691.0092842217,262852.60625087225,334962.7767700083,355908.95679384994,380091.61493498075,380982.0154902568,0,0
20940,"El Centro, CA",permits units SA,269,1,269,100658.57853938044,101199.05073450711,-6.34637503839444,-0.7265631900645455,5.779104729637212,9.480850482271137,20.7204149497704,102.807271309396,202011.0,202403.2,202504.6,202603.32,202606.0,0,0
20940,"El Centro, CA",employment thousands SA,269,1,269,51.972862453531604,4.167156541511026,43.2,43.7,44.8,47.86,49.3,51.2,54.1,58.9,60.0,60.763999999999996,61.2,0,0
21060,"Elizabethtown, KY",ZHVI all-homes SA,268,1,268,163420.91915560473,42607.11926390748,119924.60224975734,121307.6052911295,126616.37177369268,132696.19608693165,134823.65299653565,141003.84678372502,182595.57541823224,239456.32248347037,254253.15075822393,259619.23374899343,260878.7173634177,0,0
21060,"Elizabethtown, KY",permits units SA,268,1,268,101053.80561293857,101181.45899756902,-17.667688978577,13.775077760035032,28.02490638372424,32.120832819279855,43.451128364766625,100996.41162301745,202011.25,202403.30000000002,202504.65000000002,202603.33,202606.0,0,0
21060,"Elizabethtown, KY",employment thousands SA,268,1,268,49.33955223880597,2.572383399313977,44.1,44.467,45.0,45.6,47.7,49.0,51.8,52.7,53.2,53.5,53.7,0,0
21300,"Elmira, NY",ZHVI all-homes SA,270,1,270,108498.99684994375,23781.574088146226,76071.37559866888,76721.31138921092,82534.24713621475,85025.47039744673,91080.45041903947,100579.94023300875,119376.93119352822,150047.07469868928,156195.080710786,160427.95113744074,164215.83874466314,0,0
21300,"Elmira, NY",permits units SA,270,1,270,101023.91247359868,101208.1921457749,-0.903461221126916,-0.8341068407143055,-0.31827312055562645,-0.056802032671893335,0.7992788254245949,100763.60883643334,202010.75,202403.1,202504.55,202603.31,202606.0,0,0
21300,"Elmira, NY",employment thousands SA,270,1,270,37.43555555555556,2.290272517239337,30.5,32.576,33.945,34.4,34.9,38.0,39.3,40.11,40.655,40.931,41.2,0,0
21340,"El Paso, TX",ZHVI all-homes SA,270,1,270,152091.01393618266,36339.22818011801,101837.18219318643,104315.50362580147,113155.15776631849,123051.29087547929,130007.35185783304,137653.20038821176,157149.07105285663,224678.97669573434,229416.99340562246,232704.79807237146,233296.6970399893,0,0
21340,"El Paso, TX",permits units SA,270,1,270,101148.68081997082,101083.21613154042,138.416367785682,156.9742146494051,176.15522071426892,186.5232883116091,241.841185326975,101295.69420520143,202010.75,202403.1,202504.55,202603.31,202606.0,0,0
21340,"El Paso, TX",employment thousands SA,270,1,270,306.4785185185185,29.650184488064077,260.5,261.1,263.84,269.09000000000003,283.125,301.04999999999995,327.4,355.9,360.7,363.462,365.3,0,0
21420,"Enid, OK",ZHVI all-homes SA,126,1,126,120227.32679547118,12908.882133527975,103005.7295164403,104732.78438177248,106600.36122639781,107141.00481151626,108244.89384575968,117352.3854235945,132800.93345517156,138669.7296912262,141589.57210069953,144134.07991616218,144152.25397051463,0,0
21420,"Enid, OK",permits units SA,126,1,126,101173.26171910351,101575.20060441166,-0.743013548231003,-0.6797266602686765,-0.39596050690400797,0.187372690938856,0.896294270495092,101057.59996609805,202310.75,202505.5,202511.75,202604.75,202606.0,0,0
21420,"Enid, OK",employment thousands SA,126,1,126,25.048412698412697,0.8451966991875091,23.5,23.949999999999996,24.3,24.3,24.4,24.6,25.5,26.299999999999997,26.975,27.174999999999997,27.2,0,0
21500,"Erie, PA",ZHVI all-homes SA,270,1,270,140417.94636799593,33035.725825592875,104035.61705389446,105192.41441303729,109813.1578610475,114086.13497331362,117516.44017679612,125380.5517209947,149073.1060215237,199585.22709070647,214306.51597854836,225180.0593843942,228464.06764349565,0,0
21500,"Erie, PA",permits units SA,270,1,270,101028.61558783242,101203.48124696958,-7.7205400982556,-1.9472517670368938,2.3665288243666724,3.919522648218821,8.50383485035756,100850.2860464193,202010.75,202403.1,202504.55,202603.31,202606.0,0,0
21500,"Erie, PA",employment thousands SA,270,1,270,128.01777777777778,4.396058840977147,102.4,114.49799999999999,119.235,123.38000000000001,126.12499999999999,128.4,130.5,133.3,133.555,134.0,134.3,0,0
21780,"Evansville, IN",ZHVI all-homes SA,270,1,270,141924.22718066568,37512.8645706874,109999.09545610803,110408.61576866457,111436.96861710903,112225.16644143288,114121.56203148408,119215.98315760054,159015.35801506846,209745.75645320918,220828.18301466532,228636.38507450017,229634.42761892514,0,0
21780,"Evansville, IN",permits units SA,270,1,270,101060.52092560036,101171.51789925958,28.4670489947244,34.05427375538419,47.24522955121584,54.04021569777516,71.273486960564,100854.20576350707,202010.75,202403.1,202504.55,202603.31,202606.0,0,0
21780,"Evansville, IN",employment thousands SA,270,1,270,136.88111111111112,3.382028639729479,119.9,129.1,131.19,132.8,135.0,136.5,140.0,141.1,141.555,142.693,143.7,0,0
22140,"Farmington, NM",ZHVI all-homes SA,200,1,200,198981.72295067273,35649.75951467503,157440.34755802932,158463.94910082783,160484.3989398142,161538.34131233295,167883.05615907098,185727.98512788123,226881.4939115066,260966.16324196517,266153.5150308025,276426.9567741499,278041.33737619524,0,0
22140,"Farmington, NM",permits units SA,200,1,200,101099.19224280785,101345.05317155631,-1.19101285199252,1.6482928800276322,3.932623434042756,4.866168724795143,7.659099636707915,100918.13261724044,202204.25,202410.1,202508.05,202604.01,202606.0,0,0
22140,"Farmington, NM",employment thousands SA,200,1,200,48.0145,2.5246403296251625,40.6,40.8,42.39,44.09,47.1,48.3,49.8,50.71000000000001,51.3,52.2,52.2,0,0
22180,"Fayetteville, NC",ZHVI all-homes SA,270,1,270,167027.6609337222,42178.503573871254,121722.4975694414,122214.44423422337,127182.35997169404,134672.3473888877,142256.8248494774,149428.92698629748,170621.86945968246,253919.00006253878,258789.554310487,260705.22014921304,261316.41932389932,0,0
22180,"Fayetteville, NC",permits units SA,270,1,270,101092.24128083319,101139.74973530044,15.093133596985,37.32321417002244,65.55197280731326,76.1613720102256,130.83191341176752,100972.58042024095,202010.75,202403.1,202504.55,202603.31,202606.0,0,0
22180,"Fayetteville, NC",employment thousands SA,270,1,270,129.13925925925926,4.121466088740615,116.2,117.083,121.295,123.96000000000001,127.4,129.2,131.475,134.9,135.9,136.3,136.4,0,0
22380,"Flagstaff, AZ",ZHVI all-homes SA,270,1,270,366400.5888486146,140923.9887055684,196919.60146946204,202084.59214004272,217377.72990092478,223963.81548917203,262339.1568211815,319307.0110664086,416408.0504387611,624080.8504419693,637311.9225554814,640572.5367910333,641334.4278360419,0,0
22380,"Flagstaff, AZ",permits units SA,270,1,270,101052.8726973285,101179.18716588871,1.2826582090634,13.737216347988245,22.524741959245645,26.15812081542079,43.0195496649127,100944.46746197494,202010.75,202403.1,202504.55,202603.31,202606.0,0,0
22380,"Flagstaff, AZ",employment thousands SA,270,1,270,64.87148148148148,3.652605327447034,55.8,58.745000000000005,60.1,60.599999999999994,61.6,64.6,67.375,70.80999999999999,71.655,72.0,72.1,0,0
22420,"Flint, MI",ZHVI all-homes SA,269,1,269,111379.54640048165,42795.24256099545,49348.99715611694,49826.227828979136,53964.182700281,59039.94585439123,76256.23476351427,108230.98683686541,137352.01423302057,180419.3607997423,186676.90795786752,198471.9107058838,199113.96379985972,0,0
22420,"Flint, MI",permits units SA,269,1,269,101410.961622654,101196.62058572289,3.31240941450789,5.879370985355161,9.718255253866747,13.95592384796582,24.3199089234473,201504.0,202011.0,202403.2,202504.6,202603.32,202606.0,0,0
22420,"Flint, MI",employment thousands SA,269,1,269,139.4657992565056,8.068014365094585,100.4,124.628,130.74,131.6,134.5,137.8,142.9,153.72,155.66,156.03199999999998,157.2,0,0
22500,"Florence, SC",ZHVI all-homes SA,250,1,250,134297.76796050707,27566.775244517787,107876.43985138323,108215.77883320785,109778.30167899687,111138.52665715775,114130.73960588913,120729.64042711329,149993.80376619444,184488.56139920442,186981.55236188014,194810.4365588351,196590.36851297366,0,0
22500,"Florence, SC",permits units SA,250,1,250,101073.2441231943,101216.01769543428,10.5371056308503,21.78974559703059,28.200428635505048,35.39218454206364,58.23971885134838,100886.23993445344,202103.75,202405.1,202505.55,202603.51,202606.0,0,0
22500,"Florence, SC",employment thousands SA,250,1,250,88.9204,4.81591486468934,80.2,80.59800000000001,81.645,82.3,85.32499999999999,88.15,93.04999999999998,96.10999999999999,96.355,96.6,96.7,0,0
22540,"Fond du Lac, WI",ZHVI all-homes SA,212,1,212,183583.73863632334,50862.749284423604,136672.13341012152,137053.16776769512,138512.79582350928,139026.55598031747,144270.24956428338,156221.91609167156,221243.2446329457,271998.05245673575,284325.97557358094,295884.59464491997,296797.50075114175,0,0
22540,"Fond du Lac, WI",permits units SA,212,1,212,101088.40014842582,101315.97082999005,0.648562984668505,2.139109533923299,4.069006624995283,6.764302678014601,12.424276792084125,100866.88355632004,202201.25,202408.9,202507.45,202603.88999999998,202606.0,0,0
22540,"Fond du Lac, WI",employment thousands SA,212,1,212,46.616509433962264,1.368245524413091,39.7,43.711,44.3,44.7,45.8,47.0,47.6,48.09,48.4,48.8,49.2,0,0
23060,"Fort Wayne, IN",ZHVI all-homes SA,270,1,270,149283.86152807603,50377.93823377557,107177.24304530815,108031.22952347159,110482.65041435268,110851.28187826792,113090.52195559563,117448.29837038448,173554.58463238913,242783.51770444392,254318.5423924997,261306.16575495063,262029.30006363508,0,0
23060,"Fort Wayne, IN",permits units SA,270,1,270,101099.43047010849,101132.54724887165,33.0608398462607,73.41844142345843,87.07295290156023,106.154797602974,137.7855260656615,101006.22238468529,202010.75,202403.1,202504.55,202603.31,202606.0,0,0
23060,"Fort Wayne, IN",employment thousands SA,270,1,270,218.54703703703703,11.425653102078327,188.7,197.66899999999998,201.08999999999997,204.18,211.14999999999998,217.35000000000002,227.17499999999998,236.93,238.5,239.40000000000003,240.0,0,0
23420,"Fresno, CA",ZHVI all-homes SA,270,1,270,263529.82835814316,83924.37914531554,142745.79995261066,143795.69672255177,150152.68802436837,163042.25239406043,193366.41972989755,253491.20926926757,307870.15375514945,399999.08526750834,407936.33870641724,411684.8997365024,412575.79111612,0,0
23420,"Fresno, CA",permits units SA,270,1,270,101154.88748008228,101076.9908829803,71.3338744394451,134.95973742070396,178.31624848951333,199.8056614917103,263.81213827615204,101073.34328324172,202010.75,202403.1,202504.55,202603.31,202606.0,0,0
23420,"Fresno, CA",employment thousands SA,270,1,270,372.2037037037037,40.384676153412094,321.8,323.883,324.945,326.28000000000003,336.95,355.6,402.65,439.86999999999995,443.62,449.727,452.4,0,0
23460,"Gadsden, AL",ZHVI all-homes SA,270,1,270,116338.08068271422,33343.966110186564,75259.16352983448,76505.80476448372,80085.861883242,87855.16588470695,91917.30468965438,101027.88088563373,138367.19399911718,171111.38617935745,180080.0560733593,186999.24796398584,188831.08392559644,0,0
23460,"Gadsden, AL",permits units SA,270,1,270,101025.46924920627,101206.63247572658,0.0969885241670094,0.74515101782829,2.359166615794998,3.4599319240680053,5.06556324971523,100762.56030926213,202010.75,202403.1,202504.55,202603.31,202606.0,0,0
23460,"Gadsden, AL",employment thousands SA,270,1,270,36.32222222222222,1.6197051761036336,30.7,32.976,33.7,34.0,35.0,36.45,37.9,38.2,38.4,38.7,38.8,0,0
23540,"Gainesville, FL",ZHVI all-homes SA,270,1,270,205035.5772648906,56892.37676245532,137315.94675449937,137889.28409738516,142026.43199421093,144029.09669049864,159316.13317051413,190627.07205015514,226338.3370896788,306819.31722906145,312305.0595846131,314718.0176003445,315363.8838545442,0,0
23540,"Gainesville, FL",permits units SA,270,1,270,101096.02394446239,101135.9568906635,31.9938416871011,45.241974838284925,58.83399522089245,72.36741312109044,150.66599397445475,100919.62586795793,202010.75,202403.1,202504.55,202603.31,202606.0,0,0
23540,"Gainesville, FL",employment thousands SA,270,1,270,147.26333333333332,10.903521991611763,133.9,134.03799999999998,134.5,134.9,137.225,143.3,156.7,164.11,166.15499999999997,167.1,167.6,0,0
23580,"Gainesville, GA",ZHVI all-homes SA,270,1,270,233789.99616409675,85832.4429618028,132921.1183157911,133488.89588261326,142375.25423831906,147979.35542533392,174995.56841496474,200263.7324161105,265580.1298274193,393501.4533759901,399240.0928823866,403728.8054589584,404166.78860227717,0,0
23580,"Gainesville, GA",permits units SA,270,1,270,101080.7217832485,101151.29196569897,19.3991688226714,35.205061188377,57.91910871877877,72.28829792985856,98.41719302282135,101007.21789582026,202010.75,202403.1,202504.55,202603.31,202606.0,0,0
23580,"Gainesville, GA",employment thousands SA,270,1,270,85.95185185185186,13.395892683797314,67.8,68.176,69.78,71.19,74.3,82.7,94.85000000000001,109.0,109.3,109.9,110.0,0,0
23900,"Gettysburg, PA",ZHVI all-homes SA,150,1,150,250976.42292697178,49939.0618011968,190519.38001456796,191149.3219687179,192554.23797143967,194257.1199193473,206131.57443496288,231560.1061722417,296313.8928505312,325484.76905229967,333473.44667333766,340150.53732491506,340607.7847401257,0,0
23900,"Gettysburg, PA",permits units SA,150,1,150,101163.5435901087,101469.77812529735,9.1191302078117,12.83506583260996,17.64090011389807,20.35874170750061,31.5320115158016,101041.27905894247,202304.75,202503.1,202510.55,202604.51,202606.0,0,0
23900,"Gettysburg, PA",employment thousands SA,150,1,150,34.00666666666667,1.152334465490789,26.6,29.375999999999998,32.5,33.28,33.5,34.0,34.875,35.2,35.254999999999995,35.45099999999999,35.7,0,0
24020,"Glens Falls, NY",ZHVI all-homes SA,269,1,269,201248.6925999534,50703.0043443797,120726.92784708917,123411.82641230314,132980.02514122106,160043.93612445958,170708.93187499815,180653.879804,219278.80118437856,292629.5109175407,304224.68952652835,314627.9188899312,319874.9120798994,0,0
24020,"Glens Falls, NY",permits units SA,269,1,269,100660.47720658733,101200.10004529203,7.30909144689978,10.45442852344608,13.815622405832961,15.853279364781061,19.7667630592559,90.7322949751308,202011.0,202403.2,202504.6,202603.32,202606.0,0,0
24020,"Glens Falls, NY",employment thousands SA,269,1,269,54.61078066914498,1.8279328673083477,44.7,46.96,51.6,52.5,53.6,55.2,55.8,56.1,56.459999999999994,56.732,57.0,0,0
24140,"Goldsboro, NC",ZHVI all-homes SA,132,1,132,112882.70929307154,3279.975903961401,107318.72443111577,107499.85306764496,107806.04116878868,108163.86073414843,109846.7145454148,112966.73368167598,115591.77392709874,117283.69470047849,117695.87711235121,117845.70627341859,117866.50879868444,0,0
24140,"Goldsboro, NC",permits units SA,132,1,132,100597.66489570442,100965.0690382065,5.48263367248746,7.609636052335233,10.17778830570804,12.323797747060171,15.61094984943115,100475.74933376136,201203.25,201310.90000000002,201405.45,201410.69,201412.0,0,0
24140,"Goldsboro, NC",employment thousands SA,132,1,132,43.0810606060606,0.9956495118752081,41.7,41.731,42.0,42.1,42.4,42.7,43.8,44.78999999999999,44.9,45.2,45.5,0,0
24260,"Grand Island, NE",ZHVI all-homes SA,150,1,150,190396.63605137312,43922.42620330711,130463.2115693603,131118.46832902843,134827.23260248516,137394.2449491151,151057.33977710656,176949.45143454964,233099.65084570184,254950.99153149914,260200.4122186044,260958.16070348848,260979.5150477275,0,0
24260,"Grand Island, NE",permits units SA,150,1,150,101158.15062952359,101475.18980387703,-0.715686966125556,3.500956125553009,6.708262676652922,9.520257701335822,16.51962591578505,101059.89197273277,202304.75,202503.1,202510.55,202604.51,202606.0,0,0
24260,"Grand Island, NE",employment thousands SA,150,1,150,39.117333333333335,1.1396895059718553,33.9,35.236999999999995,37.6,38.09,38.6,38.95,40.075,40.6,40.754999999999995,40.9,41.0,0,0
24300,"Grand Junction, CO",ZHVI all-homes SA,270,1,270,266991.47282773466,81721.09078261734,174672.2996116165,178068.42516116198,183069.88321154582,187843.53267351032,201158.3564617366,237732.65371433328,303914.902069094,407881.6375860709,427795.93992481095,437770.3229924466,438450.48252651823,0,0
24300,"Grand Junction, CO",permits units SA,270,1,270,101059.16314675164,101172.88043435331,14.5061359146888,20.995248600222666,42.816839521265706,49.94398351507324,66.14621362372013,100895.14374328929,202010.75,202403.1,202504.55,202603.31,202606.0,0,0
24300,"Grand Junction, CO",employment thousands SA,270,1,270,62.45222222222222,3.732681778424715,53.7,54.644999999999996,55.745000000000005,58.19,59.7,61.9,65.3,67.8,68.6,68.93100000000001,69.2,0,0
24500,"Great Falls, MT",ZHVI all-homes SA,228,1,228,206132.54211941804,61369.435072379056,150771.82648324806,150989.8669445029,153140.35036101076,155406.0678280053,159985.120735181,176748.43975101374,244200.03114666973,312415.8459239878,333556.9225795571,344491.4914667639,345114.00189151755,0,0
24500,"Great Falls, MT",permits units SA,228,1,228,100190.2049815679,101277.49427090678,2.64709404457351,6.306812305936335,8.450556422605944,10.41533139698599,15.421523950344199,102.3939803183844,202109.25,202407.3,202506.65,202603.72999999998,202606.0,0,0
24500,"Great Falls, MT",employment thousands SA,228,1,228,36.175877192982455,0.866094898101355,31.2,34.227000000000004,35.035,35.4,35.7,36.1,36.6,37.5,37.7,37.8,38.1,0,0
24540,"Greeley, CO",ZHVI all-homes SA,270,1,270,313402.4668884136,125648.83474635077,174481.3433338419,175048.29116022232,179811.51031382027,183745.7362987754,208255.66973557248,258634.52167646354,410519.46392764593,512050.09518652083,516773.933929603,532275.418091837,537783.6284825378,0,0
24540,"Greeley, CO",permits units SA,270,1,270,101172.38001628919,101059.47802107874,137.847210020397,153.66184206224113,184.8844056084995,212.40359039071882,286.2752242624802,101144.429322438,202010.75,202403.1,202504.55,202603.31,202606.0,0,0
24540,"Greeley, CO",employment thousands SA,270,1,270,96.5551851851852,15.520506609974527,72.8,73.57600000000001,75.39,77.5,81.4,99.30000000000001,109.6,117.85,121.755,122.731,122.9,0,0
24580,"Green Bay, WI",ZHVI all-homes SA,269,1,269,194963.00391365367,63119.97862794882,137179.6376165231,138888.585591497,141479.9673615471,144455.14391254244,151048.92782744093,159496.1274496627,223786.40928945248,307472.2537895975,330785.0473451952,349402.7522246693,350524.1112641294,0,0
24580,"Green Bay, WI",permits units SA,269,1,269,101447.15216217905,101160.23604034002,2.58967271291542,45.34259440604443,58.17514423954092,64.37829943302904,89.2369690779578,201504.0,202011.0,202403.2,202504.6,202603.32,202606.0,0,0
24580,"Green Bay, WI",employment thousands SA,269,1,269,171.94684014869887,6.044810841739543,155.2,162.06799999999998,163.6,164.8,167.1,170.2,178.4,179.92000000000002,181.5,182.232,183.1,0,0
24780,"Greenville, NC",ZHVI all-homes SA,221,1,221,160818.90132501905,43516.43697935796,124871.2078195844,125004.96379555127,125351.81535766996,126223.36293901922,127964.20214036085,137642.43254303528,189399.9068116398,240615.96037828713,242786.14191780915,246904.13820754847,247289.13400890524,0,0
24780,"Greenville, NC",permits units SA,221,1,221,100659.2043333046,101260.45043223386,9.00673523534726,13.93863009546296,25.4114345516957,34.3999307858543,66.9967176930057,447.564278457017,202111.0,202408.0,202507.0,202603.80000000002,202606.0,0,0
24780,"Greenville, NC",employment thousands SA,221,1,221,78.54841628959277,3.79450077306941,71.7,72.82000000000001,73.1,73.4,75.6,78.1,80.5,84.6,85.5,85.88,86.1,0,0
25220,"Hammond, LA",ZHVI all-homes SA,150,1,150,210492.68371932706,20716.27814905321,169156.3096029772,169478.34147361547,176378.00437308114,185419.97914574805,196251.6365698192,206122.6314988137,227410.1821176621,237594.20187260196,243299.60595434788,250900.21654834802,251643.62093170627,0,0
25220,"Hammond, LA",permits units SA,150,1,150,101197.02936163858,101436.18133720031,37.2314264771114,49.055191132145154,71.21058598451742,81.0177149998869,99.23313093935045,101080.90916843932,202304.75,202503.1,202510.55,202604.51,202606.0,0,0
25220,"Hammond, LA",employment thousands SA,150,1,150,46.73266666666667,2.341699510943403,41.0,42.840999999999994,43.5,43.79,44.9,46.2,49.3,49.7,50.4,51.551,51.8,0,0
25500,"Harrisonburg, VA",ZHVI all-homes SA,202,1,202,244839.45823222704,56536.510325730225,186744.09085841558,186870.4834226482,187657.97437212185,190465.5652614334,195585.05860687414,220235.7967061683,301108.66890628735,337078.94496117556,344802.7443066152,352902.4818450729,353861.93637416087,0,0
25500,"Harrisonburg, VA",permits units SA,202,1,202,101120.4387390852,101317.38135386417,15.5743270853732,18.811637188590264,29.365236393331994,34.480926068284866,50.0540666714068,100994.1737549987,202203.75,202409.90000000002,202507.95,202603.99000000002,202606.0,0,0
25500,"Harrisonburg, VA",employment thousands SA,202,1,202,66.9881188118812,3.5338811307838336,60.5,61.0,61.7,62.52,63.8,67.25,70.1,71.8,72.1,72.59899999999999,73.0,0,0
25620,"Hattiesburg, MS",ZHVI all-homes SA,174,1,174,168218.30398045422,28476.90153069343,134952.96913750164,135035.69899824815,135680.87106745614,136790.99014192855,145577.8416618627,158814.83635189175,197344.3924891029,211615.9064862946,212701.7452749384,220018.4270701746,221058.85675318757,0,0
25620,"Hattiesburg, MS",permits units SA,174,1,174,101126.65701747675,101409.66027923302,-0.776281531438848,1.2317424060451572,2.4821167524199548,4.006052136173894,8.176327491262862,100973.76210386398,202210.75,202474.3,202509.34999999998,202604.27,202606.0,0,0
25620,"Hattiesburg, MS",employment thousands SA,174,1,174,64.52758620689654,3.056621341337085,58.0,58.819,59.3,59.8,62.22500000000001,64.9,67.5,68.3,68.6,68.727,69.0,0,0
25980,"Hinesville, GA",ZHVI all-homes SA,266,1,266,169959.8390625357,39974.445185789395,134940.96906209018,135203.71006769984,136286.24747951224,137747.52871754667,139161.89982124715,152870.54993338248,183442.98465165717,248775.07926804846,258529.28617835714,260880.75102918426,261310.1268196787,0,0
25980,"Hinesville, GA",permits units SA,266,1,266,101048.9098691749,101192.57197392861,4.85014966460885,9.48782355165131,17.290699603405727,23.60496193784465,39.47161049890208,100942.6145413523,202011.75,202403.5,202504.75,202603.34999999998,202606.0,0,0
25980,"Hinesville, GA",employment thousands SA,266,1,266,20.068045112781956,1.3793057912883877,16.6,16.7,17.6,18.0,19.5,20.0,21.1,21.9,22.1,22.235000000000003,22.5,0,0
26140,"Homosassa Springs, FL",ZHVI all-homes SA,150,1,150,200853.77856050656,68166.60145194891,108020.76783155907,108925.50336835477,112528.71733483698,115412.8477976305,139011.1097893408,176976.94632771396,277968.8338303348,289428.776653643,290267.03845990426,290652.1209227366,290846.5357912865,0,0
26140,"Homosassa Springs, FL",permits units SA,150,1,150,101215.26015546398,101417.89280031604,43.1926980138533,59.32760551040066,82.29696336138386,86.49000493800622,138.17719100723852,101130.64645610575,202304.75,202503.1,202510.55,202604.51,202606.0,0,0
26140,"Homosassa Springs, FL",employment thousands SA,150,1,150,34.08,1.7107241686514087,29.1,31.139000000000003,32.1,32.190000000000005,33.0,33.4,35.7,36.9,37.0,37.1,37.2,0,0
26300,"Hot Springs, AR",ZHVI all-homes SA,270,1,270,155685.00375982528,46272.74435990777,105539.7162445237,107122.08742223479,111817.84648064745,117334.20121468851,127113.05040830656,135165.35253763103,168229.84010895382,243304.64284447773,248686.5267190842,249556.8603623557,249738.44970781764,0,0
26300,"Hot Springs, AR",permits units SA,270,1,270,101027.41883026814,101204.68136213144,-4.06653781123059,-2.1608138675634483,0.0006018313259698194,1.939864367079316,5.821506863206545,100880.01621727628,202010.75,202403.1,202504.55,202603.31,202606.0,0,0
26300,"Hot Springs, AR",employment thousands SA,270,1,270,38.52185185185185,1.30751484538698,32.6,36.414,37.0,37.1,37.5,38.2,39.5,40.5,40.7,41.0,41.1,0,0
26620,"Huntsville, AL",ZHVI all-homes SA,265,1,265,185757.16777375786,78797.86945918118,81752.55533063003,82746.39151880615,90616.39486730986,100160.47709016438,114282.44388753589,172048.86191416232,237292.1578387485,316084.7368348618,316786.5448258831,318142.8311233937,318292.6910423088,0,0
26620,"Huntsville, AL",permits units SA,265,1,265,101579.52794250955,101043.72023114315,134.79492712764,165.08921758737407,214.5215793262094,243.50879056163419,324.989892403293,201504.0,202012.0,202403.59999999998,202504.8,202603.36,202606.0,0,0
26620,"Huntsville, AL",employment thousands SA,265,1,265,233.1124528301887,28.893669283125895,191.3,192.45600000000002,200.14,205.39999999999998,210.9,222.2,249.4,284.86,291.06,293.46000000000004,295.9,0,0
26820,"Idaho Falls, ID",ZHVI all-homes SA,270,1,270,235915.81953978093,99439.33186027315,132471.09128420972,135088.68999999092,147015.07136748044,150561.41332447127,161162.57291641706,187633.73020071056,294408.7748902718,408371.8320436119,413321.733951178,432565.4220486079,436933.94201028155,0,0
26820,"Idaho Falls, ID",permits units SA,270,1,270,101079.82750982855,101152.18694986675,16.8382389612326,40.7264866784674,56.34861387452039,66.46611664625301,101.0879430643225,101042.09555548971,202010.75,202403.1,202504.55,202603.31,202606.0,0,0
26820,"Idaho Falls, ID",employment thousands SA,270,1,270,65.8,9.682771270641163,52.0,52.876000000000005,55.19,57.29,57.9,61.05,73.15,82.81,83.655,84.3,84.8,0,0
26980,"Iowa City, IA",ZHVI all-homes SA,210,1,210,219315.4385857413,42855.88347292891,171983.2910816269,172223.08117548417,173196.03373874302,173642.22449832165,178567.6363454159,207707.21603000126,255506.41734262227,285762.40992883604,294717.9968065337,304132.9202719306,304285.2707524582,0,0
26980,"Iowa City, IA",permits units SA,210,1,210,101125.04348189344,101285.88770119235,-7.00397235895873,4.894849044482492,26.901172972425996,41.61228014980689,62.083582751806354,101063.64543478991,202201.75,202409.09999999998,202507.55,202603.91,202606.0,0,0
26980,"Iowa City, IA",employment thousands SA,210,1,210,98.03809523809524,4.3183791251346,89.3,89.309,89.89,90.89000000000001,95.1,98.9,101.5,102.73,103.5,104.091,104.4,0,0
27060,"Ithaca, NY",ZHVI all-homes SA,270,1,270,215405.4141082149,64830.31792829923,116238.76490644093,118809.99716351538,131670.33353689298,142856.8896444785,172860.20055542036,201062.1231505544,244405.45709488713,325354.02884041757,343342.01871227275,353753.9280204259,357282.3305230083,0,0
27060,"Ithaca, NY",permits units SA,270,1,270,101029.56092020505,101202.53376446082,-8.09956439166998,-2.2317260840023776,1.7061511778222396,3.760108036957757,10.005059443740276,100799.35933775565,202010.75,202403.1,202504.55,202603.31,202606.0,0,0
27060,"Ithaca, NY",employment thousands SA,270,1,270,54.21074074074074,2.2241984913260984,43.9,48.852000000000004,50.7,51.29,52.3,54.5,55.9,56.809999999999995,57.2,57.531000000000006,57.9,0,0
27100,"Jackson, MI",ZHVI all-homes SA,269,1,269,137288.83601472026,46095.01879364242,76643.90830996174,77312.14122308107,83055.78401153744,85329.19814870146,104086.27250399104,120094.78315111848,170486.07811259956,213368.5398045375,221379.7332451306,228716.19371974742,229691.56085504513,0,0
27100,"Jackson, MI",permits units SA,269,1,269,100651.38685783648,101207.70163531003,-1.12956373908706,-0.8771229560322632,-0.226162050133888,0.060229761594147904,1.30689862319436,35.6351258931458,202011.0,202403.2,202504.6,202603.32,202606.0,0,0
27100,"Jackson, MI",employment thousands SA,269,1,269,57.29070631970261,2.4408577261998423,47.0,52.612,53.339999999999996,53.900000000000006,55.3,58.1,58.8,60.32,60.89999999999999,61.232,61.4,0,0
27140,"Jackson, MS",ZHVI all-homes SA,270,1,270,146621.7557668189,32480.856701979857,111466.68799641274,111874.65260149361,116152.76156175949,116899.99337890388,120900.90208888479,133340.8876374172,162956.0793700071,202928.94906944592,209607.3658624231,214935.15756550868,215621.996468553,0,0
27140,"Jackson, MS",permits units SA,270,1,270,101081.94721992717,101150.05249890739,53.6919901993027,61.98395250330104,81.29252133225506,92.47787889117356,118.78099384020176,100905.43176274949,202010.75,202403.1,202504.55,202603.31,202606.0,0,0
27140,"Jackson, MS",employment thousands SA,270,1,270,288.86185185185184,8.397405572539517,257.6,274.818,277.3,278.8,281.5,287.79999999999995,296.4,300.1,301.555,303.231,303.7,0,0
27180,"Jackson, TN",ZHVI all-homes SA,270,1,270,135649.743358437,36677.29024961877,103288.3862279515,103759.69903861222,104892.2178207433,105778.02417076446,109784.25862698168,118039.40622851989,150992.52923344387,202590.39564358687,207330.81066786766,210211.1767563298,211096.69592799782,0,0
27180,"Jackson, TN",permits units SA,270,1,270,101034.31827353827,101197.76763062761,3.22285042954555,5.7251090017169215,10.737662701868821,13.024291073078158,18.762903145210377,100824.9413194281,202010.75,202403.1,202504.55,202603.31,202606.0,0,0
27180,"Jackson, TN",employment thousands SA,270,1,270,82.0337037037037,4.169317603626747,74.4,74.5,75.7,77.08999999999999,79.025,80.95,84.5,89.31,89.6,90.131,90.3,0,0
27260,"Jacksonville, FL",ZHVI all-homes SA,270,1,270,229679.10706039894,75170.94384186299,139546.31283284922,139636.60932273045,141548.36654111292,151260.77572757052,170984.5750313896,209477.10990522435,255902.30160189435,364742.09161573235,367398.00069300167,373699.5873176643,374300.27778130287,0,0
27260,"Jacksonville, FL",permits units SA,270,1,270,101682.88402505063,100548.51931562656,362.18082275075,679.192568630368,845.6454561325179,961.5600412288217,1223.2523723227225,102400.47608268443,202010.75,202403.1,202504.55,202603.31,202606.0,0,0
27260,"Jacksonville, FL",employment thousands SA,270,1,270,669.8422222222222,78.07886296960922,565.5,569.922,577.345,584.3,600.7249999999999,641.1500000000001,728.1500000000001,800.31,804.1199999999999,806.7239999999999,807.7,0,0
27340,"Jacksonville, NC",ZHVI all-homes SA,251,1,251,189180.86737675563,45660.32964254998,132342.50138972583,134791.03891018446,147913.2002826382,150673.3369031259,157666.13242341907,173854.91182213245,199616.0045872265,277494.0500533218,284443.67714805214,293544.0158039783,294041.1964651191,0,0
27340,"Jacksonville, NC",permits units SA,251,1,251,100695.2394640044,101190.01845637549,32.6834062043572,48.9744911980382,67.46501748510104,77.3316495190675,100.956407957287,462.825602149408,202103.5,202405.0,202505.5,202603.5,202606.0,0,0
27340,"Jacksonville, NC",employment thousands SA,251,1,251,49.482868525896414,3.2775578314723024,41.4,42.25,43.75,45.7,47.5,49.0,51.0,54.9,55.2,55.45,55.6,0,0
27620,"Jefferson City, MO",ZHVI all-homes SA,81,1,81,137849.4828154433,2728.6963547327814,132585.29580966613,132668.0971885993,133196.98281304946,133346.65181684718,136346.66603265403,137840.19845133086,139783.21572392184,140843.86579374122,141762.67368704436,143537.78374128308,143675.76369771681,0,0
27620,"Jefferson City, MO",permits units SA,81,1,81,99409.30981192719,101254.50322260885,8.50943054161385,11.097470420239809,12.7876172271214,13.8190099248303,16.6380997167839,28.462264183156,201304.0,201404.0,201408.0,201411.2,201412.0,0,0
27620,"Jefferson City, MO",employment thousands SA,81,1,81,76.89999999999999,1.3406155302695846,75.6,75.67999999999999,75.8,75.8,75.9,76.4,77.3,79.4,79.9,80.02,80.1,0,0
27740,"Johnson City, TN",ZHVI all-homes SA,270,1,270,167888.43122341676,55866.330866436554,104990.72510568182,105546.98831419612,111357.98209365051,121520.25028118082,131238.55841822593,140647.83462657745,187539.2925451872,276302.21044305904,283620.77250854496,285126.4516580808,286751.2309993432,0,0
27740,"Johnson City, TN",permits units SA,270,1,270,101046.99515672676,101185.0713547211,-16.8191207466323,0.1781635075995114,9.48644178727264,15.0729820887659,38.107221924967675,100874.14135223356,202010.75,202403.1,202504.55,202603.31,202606.0,0,0
27740,"Johnson City, TN",employment thousands SA,270,1,270,80.23185185185184,3.5311919036634665,73.4,75.46900000000001,75.945,76.4,77.4,79.55,81.8,86.7,87.0,87.3,87.5,0,0
27780,"Johnstown, PA",ZHVI all-homes SA,259,1,259,116016.37533344179,12180.366546068604,101443.44849059959,101587.86720292197,103565.9783523864,104666.05573343733,106504.49350971596,112297.8555574885,122999.07985800345,134144.33726355675,143785.5954245878,148626.43129908142,149073.11166463525,0,0
27780,"Johnstown, PA",permits units SA,259,1,259,100645.75830097185,101228.50505791024,-0.813299044817396,-0.5071035108668953,-0.10073077878484571,0.16778279679002922,1.02676046508493,12.0880701888901,202101.5,202404.2,202505.1,202603.41999999998,202606.0,0,0
27780,"Johnstown, PA",employment thousands SA,259,1,259,55.954054054054055,4.32114112622184,43.2,48.232,49.49,50.099999999999994,51.3,56.6,59.8,61.4,61.7,62.141999999999996,62.5,0,0
27860,"Jonesboro, AR",ZHVI all-homes SA,270,1,270,139104.12171716278,32171.079533728487,100636.16569455924,101471.66024732361,104610.42999813509,111511.5212396603,116071.66525239855,123470.25223521775,156926.75461031246,197401.56903051113,198680.9206221918,206175.1700336018,206725.61745026,0,0
27860,"Jonesboro, AR",permits units SA,270,1,270,101059.73612667684,101172.30375609639,12.9031382154818,26.638200641048204,43.66763946524834,57.204665912535084,77.74987193731978,100881.16333989546,202010.75,202403.1,202504.55,202603.31,202606.0,0,0
27860,"Jonesboro, AR",employment thousands SA,270,1,270,55.03925925925926,5.920553278379129,47.2,47.569,48.0,48.3,49.2,53.45,60.8,63.5,64.255,64.9,65.0,0,0
28100,"Kankakee, IL",ZHVI all-homes SA,207,1,207,153507.37201415797,32142.715739904994,119685.26645442558,119912.25329531085,121550.35141603035,125929.21812692066,128463.64901885192,137241.18573590237,181230.2575709094,207266.43340415432,213329.28407438475,225854.38847176285,226624.5573278023,0,0
28100,"Kankakee, IL",permits units SA,207,1,207,101577.10016048534,101327.08988041435,-2.80008843393958,-0.5376231648190326,0.9821474535572314,1.274530833876382,3.82592439394635,201710.0,202202.5,202409.4,202507.7,202603.94,202606.0,0,0
28100,"Kankakee, IL",employment thousands SA,207,1,207,43.13140096618358,1.3426641638519539,40.4,41.106,41.33,41.5,42.2,42.9,43.8,45.24,45.769999999999996,46.294,46.6,0,0
28740,"Kingston, NY",ZHVI all-homes SA,270,1,270,267674.46114491485,78397.94473002745,192309.88159289898,192716.2328042436,196937.10919753023,199046.5295495584,208505.17933184694,237128.6695514335,276502.9976444089,412394.4349729138,435551.4484458117,445094.58303582674,450765.33478124504,0,0
28740,"Kingston, NY",permits units SA,270,1,270,101032.35047918955,101199.7398723934,-3.86327072572044,0.8339033451109567,5.523945222428365,8.014164051100122,14.58766517308065,100841.46933361013,202010.75,202403.1,202504.55,202603.31,202606.0,0,0
28740,"Kingston, NY",employment thousands SA,270,1,270,60.522222222222226,2.252703181357046,48.1,52.39,56.33500000000001,58.589999999999996,59.625,60.8,61.9,63.01,63.4,63.724000000000004,64.3,0,0
28940,"Knoxville, TN",ZHVI all-homes SA,270,1,270,201528.06664658096,77009.05188552839,124620.68910043464,126020.93634033341,134333.22112999178,145832.1138835542,150692.35084704962,159957.40692115529,224076.3987530212,353763.96071728965,363583.04379320244,369364.2444423106,370194.4098802151,0,0
28940,"Knoxville, TN",permits units SA,270,1,270,101236.73431210237,100995.05245335538,149.862041950703,206.32119388827806,245.170113458149,272.18860918607464,388.75722189769726,101255.17049873677,202010.75,202403.1,202504.55,202603.31,202606.0,0,0
28940,"Knoxville, TN",employment thousands SA,270,1,270,391.70962962962966,31.547659995052424,352.2,353.9,355.67999999999995,359.38999999999993,367.12500000000006,381.65,406.59999999999997,449.02,454.61,457.59299999999996,458.2,0,0
29020,"Kokomo, IN",ZHVI all-homes SA,210,1,210,115404.1315023763,37790.328398046986,77020.81100786179,77071.74357723209,77269.89174450672,78802.48799724488,82598.96466264562,100502.91269797005,148989.05341455145,175276.05565249117,187599.05211746012,195632.74644415395,196148.30135945432,0,0
29020,"Kokomo, IN",permits units SA,210,1,210,101091.93917198562,101319.05999339418,-2.55774040137176,-0.43846575563752205,3.6778746906688267,6.635577334440562,11.279369589986949,100905.07938355883,202201.75,202409.09999999998,202507.55,202603.91,202606.0,0,0
29020,"Kokomo, IN",employment thousands SA,210,1,210,38.27952380952381,2.0832918747298854,31.0,34.9,35.44499999999999,36.0,36.6,37.8,40.175000000000004,41.3,41.655,41.991,42.1,0,0
29180,"Lafayette, LA",ZHVI all-homes SA,270,1,270,179282.29571424052,21161.738729475277,132193.29303138857,134293.13997682766,137738.80829135716,152262.12553074167,163373.89926555956,186708.34040589386,196276.9288077099,205079.27805463396,208632.07917177794,211720.99350024812,212530.50090821445,0,0
29180,"Lafayette, LA",permits units SA,270,1,270,101110.4745542711,101121.47560868924,78.2231145931481,109.82258659405441,132.59484878518552,139.653599430144,165.059500959833,100952.74633492512,202010.75,202403.1,202504.55,202603.31,202606.0,0,0
29180,"Lafayette, LA",employment thousands SA,270,1,270,178.02,7.873972937096394,156.7,157.80700000000002,160.97,166.23000000000002,174.64999999999998,178.14999999999998,183.35000000000002,188.2,188.81,190.0,190.2,0,0
29340,"Lake Charles, LA",ZHVI all-homes SA,125,1,125,211721.47046346174,9650.362031723263,192591.61822614618,192737.75779673422,195428.33465456573,198694.1409222686,203525.08138992087,213803.32376061883,220036.31089500952,222303.21779961212,224172.40681041632,228058.02613884633,229097.80625943808,0,0
29340,"Lake Charles, LA",permits units SA,125,1,125,100407.14363107034,101535.98830014479,2.15067089931852,25.75921837704326,50.0503753545251,57.0488311766997,72.067684773768,279.598217185406,202311.0,202505.59999999998,202511.8,202604.76,202606.0,0,0
29340,"Lake Charles, LA",employment thousands SA,125,1,125,111.1328,9.59325852003677,92.1,95.37200000000001,101.32,102.53999999999999,103.5,105.6,121.2,125.0,126.17999999999999,126.952,127.1,0,0
29540,"Lancaster, PA",ZHVI all-homes SA,270,1,270,240481.91637143653,64059.7457348472,155949.41578786305,157226.44496692653,172753.78765969534,191710.70398162454,198492.9161328548,210369.03957388486,263879.1066389467,358446.3420559604,373773.1451704298,389736.3249598411,392780.97861087933,0,0
29540,"Lancaster, PA",permits units SA,270,1,270,101048.0661538739,101184.0054595513,-3.99713579571357,-2.2462490985689048,1.9211574140003533,6.579706859227244,16.207413121948374,100990.85350483973,202010.75,202403.1,202504.55,202603.31,202606.0,0,0
29540,"Lancaster, PA",employment thousands SA,270,1,270,244.3288888888889,14.19914059217605,210.6,224.66899999999998,226.1,227.19,232.74999999999997,240.65,258.65,265.02,267.21000000000004,269.924,271.1,0,0
29700,"Laredo, TX",ZHVI all-homes SA,210,1,210,164512.3464255359,33337.25221030254,123665.45855659567,123801.68460470666,124428.84947112732,126789.74074483884,130174.37563285534,156366.06492100772,202245.71822561795,212141.68438028335,215578.45979301195,217805.0027797275,218058.62119165377,0,0
29700,"Laredo, TX",permits units SA,210,1,210,101144.8797928773,101265.99345854235,58.7506419987262,96.63239783823401,100.67152922132586,104.62112706543479,118.005221729491,100952.3790664245,202201.75,202409.09999999998,202507.55,202603.91,202606.0,0,0
29700,"Laredo, TX",employment thousands SA,210,1,210,101.64952380952381,8.28091278293457,86.5,87.018,88.1,89.48,95.35,101.9,107.65,113.94000000000001,115.3,115.982,116.4,0,0
29740,"Las Cruces, NM",ZHVI all-homes SA,270,1,270,206998.51129244542,42155.106426195234,164642.79143690402,165073.32664356125,166502.6319658731,167375.28654735908,171028.60108361556,190119.3570966897,232244.04386399232,285933.0791252887,289385.556067084,290627.80121900653,290776.9607584065,0,0
29740,"Las Cruces, NM",permits units SA,270,1,270,101063.56918749536,101168.4635268837,44.1392157311648,51.36759226514889,59.41663082848185,64.41729642414553,74.94557645536278,100854.63165626046,202010.75,202403.1,202504.55,202603.31,202606.0,0,0
29740,"Las Cruces, NM",employment thousands SA,270,1,270,72.00185185185185,5.039106943534683,62.0,62.169000000000004,64.245,66.97999999999999,69.4,70.7,74.2,80.50999999999999,82.6,83.755,84.2,0,0
29940,"Lawrence, KS",ZHVI all-homes SA,263,1,263,209904.11780597968,60306.016277726434,144714.92732384804,145582.6618083083,155320.99951769918,163043.23605730984,165261.19061235985,176811.28799455988,242821.71191334067,315341.86316768476,332716.15772847726,342855.0772781659,344449.7632397464,0,0
29940,"Lawrence, KS",permits units SA,263,1,263,100664.16717926892,101204.56034099002,-20.0071725289796,-1.6840929588541598,9.284193636781785,14.33405181514124,24.4579587771765,382.634066593509,202056.5,202403.80000000002,202504.9,202603.38,202606.0,0,0
29940,"Lawrence, KS",employment thousands SA,263,1,263,51.83155893536122,1.7403255605282222,44.8,47.172,48.91,49.62,50.8,52.0,53.1,54.080000000000005,54.6,54.738,55.3,0,0
30020,"Lawton, OK",ZHVI all-homes SA,267,1,267,118544.72741288766,14784.094570888035,98038.09916619443,98084.70695350021,101203.07729933476,102206.12159652989,105467.41476867715,117418.05483525775,123433.33418617083,143770.10653020232,147821.08435280004,154750.8664020162,155515.55047543833,0,0
30020,"Lawton, OK",permits units SA,267,1,267,100651.14829336044,101210.6055694235,0.637048797668194,1.1696916957895,2.770089545241477,3.8476724246313587,7.0566381588666545,49.4579062640799,202011.5,202403.40000000002,202504.7,202603.34000000003,202606.0,0,0
30020,"Lawton, OK",employment thousands SA,267,1,267,44.5808988764045,1.3221828958341304,39.8,41.732,42.1,42.5,43.7,45.1,45.6,45.9,46.2,46.634,47.0,0,0
30140,"Lebanon, PA",ZHVI all-homes SA,254,1,254,205374.05292730132,46839.662444350586,159744.614906963,161020.34711116293,168467.162527112,169981.73473673378,173995.98132597044,181645.25700529083,226689.47369781852,291099.93169392284,305826.055609877,319601.7678239328,323559.3078132349,0,0
30140,"Lebanon, PA",permits units SA,254,1,254,100255.07632220647,101224.62094114792,3.50976873649593,8.061150150394536,12.59018623036837,14.91970221999556,19.57584335025945,134.2136523146265,202102.75,202404.7,202505.35,202603.47,202606.0,0,0
30140,"Lebanon, PA",employment thousands SA,254,1,254,51.97755905511811,2.7412686300383453,44.7,47.812,48.8,49.13,50.0,51.0,53.7,56.7,57.135000000000005,58.2,58.4,0,0
30620,"Lima, OH",ZHVI all-homes SA,268,1,268,119706.590142412,29864.6688018454,90010.00800862565,90565.81118401623,91722.20643203508,92757.48063331294,97491.75306263358,108846.21345180561,133102.35688589956,171679.14174590498,180473.73837765623,193517.16974341235,195524.43025244295,0,0
30620,"Lima, OH",permits units SA,268,1,268,101778.24519775546,101206.3259230703,-1.05189542726149,-0.8074152112480273,-0.2770354411231432,0.1350447388836011,1.57927743325625,201504.5,202011.25,202403.30000000002,202504.65000000002,202603.33,202606.0,0,0
30620,"Lima, OH",employment thousands SA,268,1,268,53.03582089552239,2.149850721586225,44.3,48.767,50.769999999999996,51.47,51.9,52.349999999999994,53.3,57.03,57.8,58.132999999999996,58.4,0,0
30700,"Lincoln, NE",ZHVI all-homes SA,270,1,270,192906.06424861748,52310.32321506121,145885.44196080396,146746.70429557157,148492.92548215494,150279.96502451666,153235.21340492408,159639.7031757743,220810.30643108886,285307.3389385682,294332.0870112587,306557.6469959966,306867.9496585937,0,0
30700,"Lincoln, NE",permits units SA,270,1,270,101114.18337797308,101117.76297813747,52.9624166592296,63.39446903886274,120.42206055555931,151.9526385597437,181.8737839852805,100987.28237227788,202010.75,202403.1,202504.55,202603.31,202606.0,0,0
30700,"Lincoln, NE",employment thousands SA,270,1,270,182.95185185185184,9.676421746794459,165.5,166.007,168.33499999999998,171.19,173.425,184.1,191.475,195.81000000000003,197.6,198.63099999999997,199.1,0,0
30980,"Longview, TX",ZHVI all-homes SA,269,1,269,150815.1663433282,37322.075969399186,95057.9468477114,95455.89687302597,99633.79738302427,114407.31077846065,126344.14686124289,135899.76465016263,173261.11540291566,217034.40571931444,219077.6457524775,222296.52241746074,222830.72683582947,0,0
30980,"Longview, TX",permits units SA,269,1,269,100659.88671214056,101199.99112519958,2.29909174788121,4.592861699262118,8.656392161258303,11.55648657862262,19.0245191094557,89.1447376200098,202011.0,202403.2,202504.6,202603.32,202606.0,0,0
30980,"Longview, TX",employment thousands SA,269,1,269,120.33940520446096,4.270675042255027,109.1,109.668,111.86000000000001,113.66,118.4,121.6,123.2,124.62,125.5,128.49599999999998,129.0,0,0
31180,"Lubbock, TX",ZHVI all-homes SA,268,1,268,152607.14343652633,35519.79358276907,98511.61530740648,99203.22242995037,102733.74478965657,109389.9738650173,132077.52228861494,136497.87132152956,170543.79504121165,213989.22649720058,215136.8562190684,216639.22829284053,217051.69565381258,0,0
31180,"Lubbock, TX",permits units SA,268,1,268,101133.3525102079,101103.22751935772,75.2176832577363,111.00571333202433,137.57712701436424,160.136174982514,198.5310977642705,101001.7493882061,202011.25,202403.30000000002,202504.65000000002,202603.33,202606.0,0,0
31180,"Lubbock, TX",employment thousands SA,268,1,268,153.41679104477612,12.633433800401734,133.0,134.137,136.07,138.07,141.975,153.25,162.64999999999998,173.22,175.565,176.333,176.8,0,0
31340,"Lynchburg, VA",ZHVI all-homes SA,270,1,270,189438.4731359378,45612.22546536566,138153.81603295062,140405.20120480008,151137.4781550542,154571.78258126936,157653.87503495,169569.03914330486,204372.86521786536,276596.9146606599,285996.5999230542,292231.41930951073,293780.899705262,0,0
31340,"Lynchburg, VA",permits units SA,270,1,270,101051.00889444523,101181.04997865105,0.380972446473327,7.904941586743559,18.29294791186512,23.648312240657123,46.54696045615035,100866.09886928748,202010.75,202403.1,202504.55,202603.31,202606.0,0,0
31340,"Lynchburg, VA",employment thousands SA,270,1,270,104.26148148148148,2.3477422575389806,94.1,98.65899999999999,101.3,102.0,102.8,104.1,105.07499999999999,107.71000000000001,108.7,110.0,110.3,0,0
31540,"Madison, WI",ZHVI all-homes SA,270,1,270,278390.0295321254,79692.15031096687,190421.33657282588,193997.22408294654,206355.8265323192,209168.40790444863,219948.59982603113,232670.9078476839,321980.9235677633,420031.6573179216,442828.51785271673,454800.2863637159,455799.74500198493,0,0
31540,"Madison, WI",permits units SA,270,1,270,101230.38795605379,101001.43450856465,51.680077920413,156.9881621635115,228.52640989742184,265.55721743900443,381.4745347772582,101385.29471667451,202010.75,202403.1,202504.55,202603.31,202606.0,0,0
31540,"Madison, WI",employment thousands SA,270,1,270,387.84925925925927,26.34318086123855,348.7,349.976,355.3,358.28000000000003,362.40000000000003,386.25,409.82499999999993,428.5,431.0,432.6,434.3,0,0
31740,"Manhattan, KS",ZHVI all-homes SA,210,1,210,191298.01041781346,37828.50513069337,146578.6756461066,146799.98511673888,147103.63523044836,148789.60637084336,158799.13711730804,183291.97630589714,221710.57856694923,248885.2408469496,263945.7363115367,272827.560015624,273141.6478048439,0,0
31740,"Manhattan, KS",permits units SA,210,1,210,101097.9428909654,101313.0425040223,-65.3049756942702,5.008180402180426,11.43947932988047,15.290608987186422,24.990153862451475,100906.14181749192,202201.75,202409.09999999998,202507.55,202603.91,202606.0,0,0
31740,"Manhattan, KS",employment thousands SA,210,1,210,54.99761904761905,1.3484153547825841,49.1,50.618,51.79,53.48,54.8,55.4,55.7,56.1,56.3,57.164,57.9,0,0
31860,"Mankato, MN",ZHVI all-homes SA,210,1,210,211950.4384701835,51306.24965530756,158416.31432127,158493.23802894435,158845.03735103895,159786.61401193755,166638.99157251557,195153.6629034075,259136.57304485614,289345.2469047372,303575.7687693796,313645.1520235648,314283.1351781803,0,0
31860,"Mankato, MN",permits units SA,210,1,210,101100.66099221574,101310.31836861385,3.62945400153178,6.082354901783309,8.876523773225788,15.034978874841151,26.38914511964665,100927.70525386994,202201.75,202409.09999999998,202507.55,202603.91,202606.0,0,0
31860,"Mankato, MN",employment thousands SA,210,1,210,55.570476190476185,2.3582461981331257,49.9,50.91799999999999,51.4,52.2,53.7,55.849999999999994,57.8,58.4,58.655,58.9,59.1,0,0
31900,"Mansfield, OH",ZHVI all-homes SA,128,1,128,90129.2430546781,10780.80629539179,74496.81712298124,74956.27771714522,77241.70140721735,78286.20613316036,80531.38688139558,88646.63377568658,99654.87442498814,105733.62618900026,108078.64746335238,108919.0005008972,108980.28946513221,0,0
31900,"Mansfield, OH",permits units SA,128,1,128,100592.60204409169,100984.48823141695,-1.36978910597377,-0.6077513132116947,1.3301702513275155,2.6074438414086303,3.3255851788566178,100458.29573696337,201204.25,201311.3,201405.65,201410.73,201412.0,0,0
31900,"Mansfield, OH",employment thousands SA,128,1,128,55.1015625,3.0659158597481304,51.3,51.454,51.7,51.97,52.5,53.1,58.150000000000006,59.3,59.5,59.873000000000005,60.0,0,0
32780,"Medford, OR",ZHVI all-homes SA,270,1,270,309496.3803560462,82095.09274319002,188198.52106825265,188671.96289529023,197470.6186670907,210919.30810985158,237788.03476028165,302239.99387846235,356336.77066993725,436887.6678332642,440659.21426622,451354.52251925034,454774.6020045017,0,0
32780,"Medford, OR",permits units SA,270,1,270,101056.93938937393,101175.10676296175,22.940377128459,30.476760839293345,40.50643274981415,44.81449958215123,61.7316928714208,100870.14989301431,202010.75,202403.1,202504.55,202603.31,202606.0,0,0
32780,"Medford, OR",employment thousands SA,270,1,270,83.70592592592592,5.41278622482749,74.2,74.56899999999999,75.0,75.4,79.025,83.9,89.1,90.5,90.755,91.262,91.5,0,0
32900,"Merced, CA",ZHVI all-homes SA,269,1,269,271611.89669401315,105607.63340529914,116131.45543258492,117163.63052990663,121982.35958721419,126527.06082044232,180993.56652276777,269306.68516209774,372829.8341995154,420305.3286346303,427037.3238415611,429805.13366028736,432596.6381142396,0,0
32900,"Merced, CA",permits units SA,269,1,269,100661.73707407554,101198.85153555704,-10.5792644012689,-1.1869813088221388,4.370711199855647,9.093127944521934,19.0525877565419,222.998297832128,202011.0,202403.2,202504.6,202603.32,202606.0,0,0
32900,"Merced, CA",employment thousands SA,269,1,269,64.84349442379182,6.378602615426712,56.7,56.8,57.42,58.279999999999994,59.3,62.7,70.2,74.32000000000001,76.02,78.5,78.6,0,0
33220,"Midland, MI",ZHVI all-homes SA,150,1,150,176120.99463187682,40859.78692152568,126490.1672497032,126746.69918987906,127613.4435573098,131254.06571782695,138307.4137957083,162994.7297257667,216512.22676071874,234509.1607188271,237124.64757992615,252945.13941148273,253113.68465803846,0,0
33220,"Midland, MI",permits units SA,150,1,150,101153.03398309882,101480.32391134923,1.69382876495022,2.010355699529634,2.883809776151503,4.028047985669261,7.777058080596896,101105.42308962037,202304.75,202503.1,202510.55,202604.51,202606.0,0,0
33220,"Midland, MI",employment thousands SA,150,1,150,37.92133333333333,1.734048553180525,30.7,32.688,34.7,36.050000000000004,37.3,37.9,39.275,40.3,40.4,40.851,40.9,0,0
33260,"Midland, TX",ZHVI all-homes SA,210,1,210,243358.21108269985,55142.90593684069,158926.9945553365,159226.4712345882,159895.34369545736,163198.75868985965,200163.4456581694,232162.74821603304,291610.062346827,312533.68417569855,325065.94891110074,331267.4795013101,331714.2204247086,0,0
33260,"Midland, TX",permits units SA,210,1,210,101128.73666132962,101282.17764549452,3.61514517474364,35.08000704622069,43.37345401998046,55.240555898997364,80.6222120579603,100955.917445293,202201.75,202409.09999999998,202507.55,202603.91,202606.0,0,0
33260,"Midland, TX",employment thousands SA,210,1,210,98.91857142857144,18.358625415210746,66.9,67.3,69.015,72.07999999999998,86.525,96.2,114.37500000000001,125.81,127.0,128.182,128.6,0,0
33540,"Missoula, MT",ZHVI all-homes SA,257,1,257,332285.9813389022,131079.60657797565,208695.08213795317,209470.96316993213,213070.76159366954,219007.67112198268,235947.83505573715,268156.774619594,404427.16101958073,567539.0212501658,578219.5893490481,583819.7229504129,584355.4252728662,0,0
33540,"Missoula, MT",permits units SA,257,1,257,100681.68738687542,101195.49615618384,-30.241009474117,9.47024228686233,32.91485444728998,41.72006702424721,57.1139805210075,432.462123914533,202102.0,202404.4,202505.2,202603.44,202606.0,0,0
33540,"Missoula, MT",employment thousands SA,257,1,257,61.661867704280155,4.6363822370523415,55.3,55.6,56.2,56.7,57.8,60.1,65.1,69.34,69.9,70.244,70.3,0,0
33660,"Mobile, AL",ZHVI all-homes SA,270,1,270,138417.1751763286,30996.959827420742,104397.58634206296,105271.13232943702,106341.76300594553,108121.13891116335,111747.55232710562,129662.39089088072,150810.71334106947,195448.17219286432,198205.9445533875,199534.2293111255,200166.77902360677,0,0
33660,"Mobile, AL",permits units SA,270,1,270,101063.1505958298,101168.886945855,14.5246415891025,39.25088321134129,46.07215125325615,52.604070542798475,68.09040232018282,100932.0247497433,202010.75,202403.1,202504.55,202603.31,202606.0,0,0
33660,"Mobile, AL",employment thousands SA,270,1,270,182.78185185185185,4.837831503707827,167.6,172.769,175.935,177.1,178.625,183.3,186.475,189.1,189.85500000000002,191.19299999999998,191.5,0,0
33700,"Modesto, CA",ZHVI all-homes SA,270,1,270,307388.5377449117,112176.05594010786,138047.68167570783,138459.7997728405,143863.5683094412,151952.4356384551,210327.08788435897,309321.6143957677,407764.17377413035,469802.1180630869,472331.216936129,475911.55909660715,477319.20496867714,0,0
33700,"Modesto, CA",permits units SA,270,1,270,101039.31944720373,101192.7614996058,-7.51334624594878,-3.8400448535214027,-0.07739036186367909,1.1666413844390253,6.363982514332637,100874.21792914796,202010.75,202403.1,202504.55,202603.31,202606.0,0,0
33700,"Modesto, CA",employment thousands SA,270,1,270,169.23925925925926,13.579361096031025,147.3,149.238,150.3,151.7,158.3,164.7,180.875,189.6,190.95499999999998,192.562,192.9,0,0
33740,"Monroe, LA",ZHVI all-homes SA,268,1,268,130236.60315408747,23345.61989873131,94684.42543292926,95820.80338356708,100333.1871698742,105942.03294962773,108238.26747556968,132083.7930814679,147378.93943008655,165794.97443842015,167514.62981785877,169905.9895732488,170543.22882943248,0,0
33740,"Monroe, LA",permits units SA,268,1,268,101043.94686744017,101191.26945472755,5.4484242498616,21.90194729471109,27.704083310343623,32.296535898711156,41.16391327718033,100802.38853821214,202011.25,202403.30000000002,202504.65000000002,202603.33,202606.0,0,0
33740,"Monroe, LA",employment thousands SA,268,1,268,90.98358208955223,1.712553081485791,81.1,85.637,87.935,88.8,90.4,91.3,92.2,92.6,92.9,93.2,93.3,0,0
33780,"Monroe, MI",ZHVI all-homes SA,270,1,270,178235.88157665933,42633.53920242574,118724.9308525058,119280.36748218673,121375.51462533072,123481.26150119034,141443.59427895874,175566.263242346,199779.34162515227,247364.2070776574,256102.51268393852,272718.1879510995,274121.39371786494,0,0
33780,"Monroe, MI",permits units SA,270,1,270,101026.41058537019,101205.6896035744,-4.23303715123648,-1.6972799354190875,-0.3564774018137653,0.29403707772971166,2.16349675836344,100769.3541302461,202010.75,202403.1,202504.55,202603.31,202606.0,0,0
33780,"Monroe, MI",employment thousands SA,270,1,270,41.406666666666666,2.280960470754586,31.3,36.628,37.6,38.0,39.925,41.7,43.1,44.1,44.4,44.9,45.9,0,0
33860,"Montgomery, AL",ZHVI all-homes SA,270,1,270,155028.71824119103,25794.131208237795,125714.4084368818,126102.10796586922,131133.488082445,132440.315677065,137212.980119941,144382.36804892754,159406.83777080526,202562.79528883402,207928.88287849756,214551.4977364675,215527.61114353675,0,0
33860,"Montgomery, AL",permits units SA,270,1,270,101056.8579449697,101175.18629873657,33.6840672112634,39.51143722815725,50.57840147929394,54.49663499817849,69.09453536457339,100822.51270374683,202010.75,202403.1,202504.55,202603.31,202606.0,0,0
33860,"Montgomery, AL",employment thousands SA,270,1,270,175.66444444444446,5.373257015456378,157.5,165.60399999999998,168.29000000000002,169.0,171.4,176.5,178.77500000000003,184.31,184.8,185.562,185.9,0,0
34060,"Morgantown, WV",ZHVI all-homes SA,267,1,267,170325.44832362697,28282.19029391621,124018.37619480178,126275.37519388016,137116.3417844599,140524.77373348584,149001.73382215184,164721.50576603043,186497.95170725376,217916.34775148096,224533.92502943828,229559.38007908053,231719.02321464746,0,0
34060,"Morgantown, WV",permits units SA,267,1,267,100648.73577713437,101211.55474296902,-6.57268038983248,-5.281711622863907,-1.8152773014887629,-0.08733049107129787,1.3548235557841601,239.990795181076,202011.5,202403.40000000002,202504.7,202603.34000000003,202606.0,0,0
34060,"Morgantown, WV",employment thousands SA,267,1,267,66.64906367041198,5.0157448587833935,54.5,55.2,56.33,58.519999999999996,63.45,68.0,70.8,72.0,72.44,73.1,74.0,0,0
34100,"Morristown, TN",ZHVI all-homes SA,129,1,129,126919.57511923843,7749.437740625894,108516.45035542129,109105.6915902155,110987.77386276456,112838.29120752189,123038.68314371705,128535.49375910005,131813.1157133745,136699.97864523937,137019.7044443257,137491.7091373435,137523.231770144,0,0
34100,"Morristown, TN",permits units SA,129,1,129,99816.51584300514,100971.7541271735,5.70895392015308,6.085032586333645,8.383064657581198,10.19459245672084,12.5154436483861,24.447159605761,201204.0,201311.2,201405.6,201410.72,201412.0,0,0
34100,"Morristown, TN",employment thousands SA,129,1,129,44.73953488372093,2.532119252123948,41.6,41.6,41.8,41.900000000000006,42.4,43.5,47.4,47.9,48.160000000000004,48.3,48.3,0,0
34620,"Muncie, IN",ZHVI all-homes SA,209,1,209,104074.73900023187,32172.87468664684,75518.59784678573,75564.89240849807,75817.35890680332,76594.5578089576,78381.2577833685,87647.02355579502,131767.52021276418,158382.0862927645,166826.3188670414,172131.44391841703,173816.99985351568,0,0
34620,"Muncie, IN",permits units SA,209,1,209,100608.10799839615,101323.66927099344,-2.40288562262961,-1.0195066205365537,-0.39975792461579157,0.8381720652140856,5.12753125443697,210.503642652701,202202.0,202409.2,202507.6,202603.91999999998,202606.0,0,0
34620,"Muncie, IN",employment thousands SA,209,1,209,49.53540669856459,1.578701374838336,42.8,46.224000000000004,47.24,47.58,48.4,49.9,50.7,51.6,51.8,52.4,52.8,0,0
34900,"Napa, CA",ZHVI all-homes SA,132,1,132,503000.4470063651,90653.81653934349,366832.23254137003,367173.96502829343,374269.9412180758,388613.26297594316,416714.35329846776,499492.77407481044,588039.6411063166,634296.0068282983,644095.0525462223,652270.9031643698,653507.7800077206,0,0
34900,"Napa, CA",permits units SA,132,1,132,100594.92026258292,100967.82468919731,-6.78242764161259,-4.220698604848246,1.2551928634167653,3.783633526024349,7.7181704754845954,100515.45587739653,201203.25,201310.90000000002,201405.45,201410.69,201412.0,0,0
34900,"Napa, CA",employment thousands SA,132,1,132,63.47954545454545,2.4756443724789747,60.0,60.4,60.599999999999994,60.71,61.4,62.95,65.125,67.28999999999999,68.38999999999999,68.9,69.4,0,0
35300,"New Haven, CT",ZHVI all-homes SA,270,1,270,269391.42364079284,57031.46444165072,212612.36768319216,213172.41895012255,215600.6973156329,216874.03863105286,223422.0100177474,246448.9044914118,297017.15236079576,372925.31355337956,393837.13484869344,410805.3399894563,414658.34802218224,0,0
35300,"New Haven, CT",permits units SA,270,1,270,101059.70906813283,101172.33951191111,14.0797078911302,15.781759632386027,26.801908140329274,31.886793346510068,54.57212860225705,100917.49425280321,202010.75,202403.1,202504.55,202603.31,202606.0,0,0
35300,"New Haven, CT",employment thousands SA,270,1,270,274.107037037037,9.40286214229607,240.5,257.652,259.5,261.69,268.22499999999997,272.6,280.475,288.5,289.3,290.1,290.9,0,0
35660,"Niles, MI",ZHVI all-homes SA,270,1,270,179881.60796721137,45225.08708533056,132778.58254760224,133194.14181826875,134744.96260385145,141795.6720846733,149391.8981729788,159981.96144122665,198465.59885833313,264615.57482365915,269168.0595224748,282768.66324025975,286639.08547764306,0,0
35660,"Niles, MI",permits units SA,270,1,270,101027.97787512961,101204.11969412415,-3.14603522663561,-0.8077509361233594,0.08318929178238396,0.6922353989034004,2.8139299687122477,100791.68638369947,202010.75,202403.1,202504.55,202603.31,202606.0,0,0
35660,"Niles, MI",employment thousands SA,270,1,270,62.02740740740741,2.4286526816883605,49.3,55.849000000000004,58.7,59.2,60.1,62.45,63.9,64.80999999999999,65.2,65.6,66.5,0,0
36100,"Ocala, FL",ZHVI all-homes SA,270,1,270,173096.51934451325,62336.00376640062,98701.97830689064,98945.19283592155,101312.36846022544,108012.01831362752,122307.2648364816,157829.89337023097,195986.70125564726,286635.39854652353,288490.2099978599,290471.38557200157,290814.592966592,0,0
36100,"Ocala, FL",permits units SA,270,1,270,101198.07740636937,101033.79334732647,40.2580441566808,80.40287821897803,110.4995086480674,175.92467224957883,342.2504945718805,101255.78903135468,202010.75,202403.1,202504.55,202603.31,202606.0,0,0
36100,"Ocala, FL",employment thousands SA,270,1,270,104.17851851851852,10.82156655155654,89.2,89.6,90.09,90.6,94.85000000000001,103.05,109.475,122.32,125.11,126.531,126.6,0,0
36220,"Odessa, TX",ZHVI all-homes SA,210,1,210,176622.07990018176,48619.819301000076,103422.25604253238,103576.60409639409,106058.64061131133,107357.7261473657,128526.27553902003,168305.53298725185,222619.45646243333,236376.7299694863,243160.2229738945,255883.8361097149,256613.32913942388,0,0
36220,"Odessa, TX",permits units SA,210,1,210,101126.42389283652,101284.49653004755,-0.876165753445662,27.157954615005153,42.662290988479384,49.376154459252064,80.2979214039199,101018.83661183911,202201.75,202409.09999999998,202507.55,202603.91,202606.0,0,0
36220,"Odessa, TX",employment thousands SA,210,1,210,74.62619047619047,7.43727388458692,58.5,58.709,60.09,62.8,69.525,74.6,81.4,83.7,84.0,84.2,84.4,0,0
36260,"Ogden, UT",ZHVI all-homes SA,270,1,270,289620.8574907404,123658.6836828731,172109.41210467232,173619.26057812505,175438.70354114508,179772.60558538215,195241.12392416425,222603.7122086853,366104.359003396,501811.37393960403,512000.0159655642,523457.53426217614,525846.7358196636,0,0
36260,"Ogden, UT",permits units SA,270,1,270,101184.15934072346,101047.68800830253,149.070612993348,176.33229178979622,207.45514006106805,232.667967198605,282.32594661987497,101154.51658260735,202010.75,202403.1,202504.55,202603.31,202606.0,0,0
36260,"Ogden, UT",employment thousands SA,270,1,270,224.0525925925926,29.690607403262504,181.5,182.945,186.08999999999997,191.38,197.72499999999997,218.7,248.8,270.4,271.81,272.9,273.8,0,0
36420,"Oklahoma City, OK",ZHVI all-homes SA,270,1,270,161843.4224065826,42612.69551614735,111726.87817682854,112946.80803180856,118620.5179513153,124873.56141838801,131389.44656031218,144660.09696189966,180391.26728502125,241374.45018820692,245500.9804313998,248072.30247660144,248516.4843990322,0,0
36420,"Oklahoma City, OK",permits units SA,270,1,270,101309.93502337804,100921.67744326168,335.368718741975,389.537886572851,428.2160518747894,456.3884458926317,557.296038021372,101224.90385150274,202010.75,202403.1,202504.55,202603.31,202606.0,0,0
36420,"Oklahoma City, OK",employment thousands SA,270,1,270,622.3611111111111,50.04507194046824,540.7,544.4830000000001,553.685,562.6800000000001,577.125,626.75,657.375,706.4899999999999,709.9300000000001,714.617,716.1,0,0
36980,"Owensboro, KY",ZHVI all-homes SA,268,1,268,132775.8924586205,37888.14678340495,100121.48588977754,100253.33709153402,101735.58751156327,102509.9403536921,105575.04005503969,108926.63625955052,155583.9874573761,201003.5595744676,210687.80806774838,214296.50517798573,215527.79542581286,0,0
36980,"Owensboro, KY",permits units SA,268,1,268,101035.14146843342,101200.0911986192,0.290680617587146,6.05082835020557,13.22478029816415,15.80377672669719,22.470411728250024,100789.20743782524,202011.25,202403.30000000002,202504.65000000002,202603.33,202606.0,0,0
36980,"Owensboro, KY",employment thousands SA,268,1,268,47.08731343283582,2.0116299181532233,42.0,43.967,44.135000000000005,44.47,45.5,46.8,48.8,49.690000000000005,50.6,50.8,50.9,0,0
37900,"Peoria, IL",ZHVI all-homes SA,270,1,270,123460.34541539969,16197.146542262102,104129.20709634673,105145.7793157266,110751.60655920798,112026.45686210679,114624.7348633769,116658.53315846031,120778.81202167702,150966.07120252424,162142.04387779493,174669.3169360105,175503.26109104868,0,0
37900,"Peoria, IL",permits units SA,270,1,270,101027.72777959611,101204.37009159729,-2.33208921644795,-0.8401257859284776,1.6909603441082006,3.101475897782358,7.698298281161523,100803.73232506526,202010.75,202403.1,202504.55,202603.31,202606.0,0,0
37900,"Peoria, IL",employment thousands SA,270,1,270,175.59740740740742,7.264812629872626,149.7,155.887,162.2,169.09,171.3,174.4,180.1,186.01999999999998,188.01,189.762,190.1,0,0
38300,"Pittsburgh, PA",ZHVI all-homes SA,270,1,270,160254.18924686074,39808.708988375925,110626.742791989,111720.22691278064,116866.69186058636,122910.07832442614,127566.0389535108,143659.67025302237,189366.81479903465,227810.15287743777,233687.39959068503,235820.11891389434,236185.30464411713,0,0
38300,"Pittsburgh, PA",permits units SA,270,1,270,101155.59835615575,101076.31969526569,46.9714316698506,67.30095139171492,110.95379267021396,132.4881545010736,182.883354290191,101095.27159794715,202010.75,202403.1,202504.55,202603.31,202606.0,0,0
38300,"Pittsburgh, PA",employment thousands SA,270,1,270,1180.1322222222223,27.828439470629828,988.3,1093.517,1135.085,1148.11,1166.125,1185.95,1196.1000000000001,1208.08,1217.435,1221.431,1221.9,0,0
38340,"Pittsfield, MA",ZHVI all-homes SA,270,1,270,250126.69652929108,63898.70150974557,176585.86502690497,179548.77322798624,199655.35286183062,201632.97388403502,207190.72470453195,223069.56774227996,259666.6504137262,371938.26428819954,388757.4429471623,395469.7382557779,397893.1864479077,0,0
38340,"Pittsfield, MA",permits units SA,270,1,270,101024.42117608394,101207.68252505378,-1.20149312611335,-0.8091121626459163,-0.01217816123813133,0.3187712912251312,1.1191231406003874,100764.4055982552,202010.75,202403.1,202504.55,202603.31,202606.0,0,0
38340,"Pittsfield, MA",employment thousands SA,270,1,270,60.9337037037037,2.555410686768987,48.8,50.338,55.845,58.1,59.1,61.8,62.5,63.309999999999995,63.6,63.8,64.0,0,0
38540,"Pocatello, ID",ZHVI all-homes SA,210,1,210,216513.1926486748,83055.35292552056,135314.84584354973,136011.10553012908,138391.85472941346,144503.21032877604,148280.705577626,165160.433445886,321542.1913839794,347895.29654658335,354169.23982771003,356380.8667951531,356645.9340185534,0,0
38540,"Pocatello, ID",permits units SA,210,1,210,101103.41486726825,101307.5591142368,10.5699836099456,12.84847801139729,18.133049045523727,21.779990295263282,29.6874443583149,101012.75716579596,202201.75,202409.09999999998,202507.55,202603.91,202606.0,0,0
38540,"Pocatello, ID",employment thousands SA,210,1,210,36.332857142857144,2.4785233349875733,32.6,32.709,33.0,33.190000000000005,34.1,36.1,37.9,40.2,40.61,41.091,41.2,0,0
38940,"Port St. Lucie, FL",ZHVI all-homes SA,270,1,270,234120.6256773318,96055.49003915662,116528.63370035573,116674.46541172641,119125.75284861177,123961.68003362707,153891.83816072193,216845.42414760904,265775.59847362194,402523.84228905785,408194.7627078371,411857.9327200789,412371.40140296886,0,0
38940,"Port St. Lucie, FL",permits units SA,270,1,270,101205.183628995,101026.68621542386,93.6465326475758,105.50242740761058,134.0619871787605,174.1755283438945,342.535015788252,101401.95468837595,202010.75,202403.1,202504.55,202603.31,202606.0,0,0
38940,"Port St. Lucie, FL",employment thousands SA,270,1,270,143.07444444444445,19.101140866554683,118.3,119.207,121.1,121.79,125.45000000000002,136.4,156.5,175.16,178.255,179.3,179.5,0,0
39380,"Pueblo, CO",ZHVI all-homes SA,270,1,270,179195.9061360608,68787.19383440756,119347.02575951786,119521.29115078147,120301.82911295135,121874.54662374237,127207.81802167097,136918.14009087655,229594.36396040334,296496.5699604777,300145.2726123231,308958.9929039704,310701.71497758623,0,0
39380,"Pueblo, CO",permits units SA,270,1,270,101038.82804529839,101193.2495397577,1.74448684508009,3.7431838322921083,13.88610472096379,19.105935095945572,30.22651378772785,100792.19044008701,202010.75,202403.1,202504.55,202603.31,202606.0,0,0
39380,"Pueblo, CO",employment thousands SA,270,1,270,60.28888888888889,2.9044042102649397,54.5,54.6,55.345,56.49,57.925,60.349999999999994,62.9,64.0,64.155,64.66199999999999,65.2,0,0
39460,"Punta Gorda, FL",ZHVI all-homes SA,270,1,270,212646.45709516862,82867.62842950287,113846.73969842319,114646.86188425432,119297.71260881337,127415.62547445527,145152.1043402012,195508.64363855933,244489.41548010075,363148.59529592254,380205.06168500276,392470.49087055965,395466.5414173966,0,0
39460,"Punta Gorda, FL",permits units SA,270,1,270,101142.54017577492,101089.39953496317,30.1815756069959,42.38640674816765,54.961945921603515,80.93356489454447,242.044380151989,101116.87001658861,202010.75,202403.1,202504.55,202603.31,202606.0,0,0
39460,"Punta Gorda, FL",employment thousands SA,270,1,270,47.36148148148148,6.002942093855618,38.1,39.338,40.345,40.99,42.324999999999996,45.5,50.3,58.519999999999996,59.4,59.793,60.2,0,0
39660,"Rapid City, SD",ZHVI all-homes SA,217,1,217,239896.5779623979,74763.6405385752,167155.9457363579,167307.15319771678,168409.97981732624,169001.68695548945,177728.36509468112,207477.5403802103,310621.84603215655,361024.9572313556,369048.34684627125,376983.1340108615,377628.15394169785,0,0
39660,"Rapid City, SD",permits units SA,217,1,217,100661.90131963477,101261.72866105026,-10.0530023432813,19.43227697358916,35.86988582778472,45.233540993592854,83.4780904828085,477.673994271596,202112.0,202408.40000000002,202507.2,202603.84,202606.0,0,0
39660,"Rapid City, SD",employment thousands SA,217,1,217,68.3741935483871,4.284022579581671,61.3,62.148,62.7,63.0,64.8,68.0,71.5,75.24,75.92,76.98400000000001,77.1,0,0
39740,"Reading, PA",ZHVI all-homes SA,270,1,270,196236.04772092798,50222.5917437128,130646.47112675857,133172.52262188605,149485.29090248724,155880.45423485624,160408.02501230774,177502.46658621545,211135.12319081897,289227.5852165022,307070.6671178086,313256.83889950044,316217.6401901185,0,0
39740,"Reading, PA",permits units SA,270,1,270,101029.42763046805,101202.6673606508,-2.28602409608294,-1.3387597010421777,0.388599454475826,1.7447454106092466,7.198853002084779,100804.99440249683,202010.75,202403.1,202504.55,202603.31,202606.0,0,0
39740,"Reading, PA",employment thousands SA,270,1,270,173.96555555555554,6.3575876473650075,142.5,162.046,165.1,166.1,168.8,174.1,179.2,182.0,184.15499999999997,185.024,185.3,0,0
39820,"Redding, CA",ZHVI all-homes SA,270,1,270,267353.8211400121,69097.64831122379,174758.08336615984,175283.58069106253,177547.0603944339,187686.9832857971,208712.07635624477,255675.0600289377,308385.2066139653,378058.248118662,380701.67860106746,390390.8189178074,393583.7149003894,0,0
39820,"Redding, CA",permits units SA,270,1,270,101031.26652672816,101200.82476235632,-3.11437928116457,3.947302107764049,7.544073162320341,9.443309909506548,15.917047501326724,100787.86680829749,202010.75,202403.1,202504.55,202603.31,202606.0,0,0
39820,"Redding, CA",employment thousands SA,270,1,270,64.77555555555556,4.415770431150104,56.9,57.407,57.9,58.379999999999995,61.3,65.15,67.17500000000001,70.80999999999999,72.255,73.93100000000001,74.1,0,0
39900,"Reno, NV",ZHVI all-homes SA,270,1,270,357489.1337482422,132027.53608446292,164857.05868050872,165552.50578101957,172468.10694455777,190046.17923481754,248225.0125368139,343077.1378292922,425729.16751077445,568392.4688205887,573332.3495615986,589421.4802150975,595347.9854353685,0,0
39900,"Reno, NV",permits units SA,270,1,270,101203.06613775903,101028.74661728975,117.151903507653,144.49319536645277,193.92859477813317,268.0843516633011,358.5190370601535,101208.92850127498,202010.75,202403.1,202504.55,202603.31,202606.0,0,0
39900,"Reno, NV",employment thousands SA,270,1,270,237.81185185185183,27.74612348248144,198.9,199.369,200.04500000000002,201.57999999999998,214.47500000000002,234.45,260.425,279.52,281.765,286.593,287.4,0,0
40060,"Richmond, VA",ZHVI all-homes SA,269,1,269,253372.74525025918,67880.32225747884,167164.39577692744,169895.84724102152,187444.40222382083,190350.66105582163,203731.62032206068,229171.45632778548,282290.51747655834,378108.55960757495,390579.18988832337,398506.6888171356,399562.43073265534,0,0
40060,"Richmond, VA",permits units SA,269,1,269,100984.58390103496,100876.77033463157,146.041941082267,290.6987796812972,394.5104179017406,448.2412484420452,606.36686246047,1524.67680302924,202011.0,202403.2,202504.6,202603.32,202606.0,0,0
40060,"Richmond, VA",employment thousands SA,269,1,269,646.0412639405205,45.44327988224656,581.3,584.0360000000001,587.1600000000001,591.96,607.7,635.3,682.3,718.08,727.14,731.6279999999999,734.1,0,0
40220,"Roanoke, VA",ZHVI all-homes SA,122,1,122,163942.50742547138,7110.954722356451,155003.36023592114,155087.19025522802,155830.2857281512,156212.93071168536,157889.18835289546,160741.30655696418,169651.17615188484,175261.87873616882,175748.14960580046,176066.5567526904,176167.54473694382,0,0
40220,"Roanoke, VA",permits units SA,122,1,122,100620.15074448663,100996.345809839,0.518115529702133,18.738786282906855,24.958767081924446,27.836068508448673,35.5488992130627,100525.17870304549,201205.75,201311.90000000002,201405.95,201410.79,201412.0,0,0
40220,"Roanoke, VA",employment thousands SA,122,1,122,159.04098360655738,2.9444654371333407,153.7,153.863,154.4,155.1,156.625,158.9,161.875,163.09,163.395,163.7,163.8,0,0
40340,"Rochester, MN",ZHVI all-homes SA,270,1,270,216014.91052735382,63006.38519820557,149469.05606329313,149759.59832329184,152596.55764594214,160319.37177392194,166877.38353386757,177569.31299358024,258568.3112600851,321172.0908183435,331205.13663529983,344429.43987440225,345443.4360121729,0,0
40340,"Rochester, MN",permits units SA,270,1,270,101070.8831047135,101161.15639874981,-90.125404575521,-4.476444967349568,25.664706034261442,38.28592683366332,67.47485087859222,101014.24122217923,202010.75,202403.1,202504.55,202603.31,202606.0,0,0
40340,"Rochester, MN",employment thousands SA,270,1,270,116.5911111111111,6.118093911528738,107.5,107.66900000000001,108.0,108.8,111.7,114.15,121.975,125.73,126.61,127.9,128.6,0,0
40380,"Rochester, NY",ZHVI all-homes SA,270,1,270,168607.63275678447,48563.17797122495,124144.55610189454,125375.46452287144,129761.99314104952,132620.65148277307,136054.0616683936,139933.66272604553,186016.06647830838,256725.63284189597,276288.42521579127,286675.42213200295,290868.3688668219,0,0
40380,"Rochester, NY",permits units SA,270,1,270,101103.17932428668,101128.7863359374,-12.979075439176,86.57369275354995,110.20740691396266,120.9019869461153,151.77184361596176,100954.21025750205,202010.75,202403.1,202504.55,202603.31,202606.0,0,0
40380,"Rochester, NY",employment thousands SA,270,1,270,510.477037037037,12.682944908812047,431.4,459.605,487.68,497.98,507.62500000000006,512.25,518.625,523.71,525.8299999999999,527.8,528.0,0,0
40420,"Rockford, IL",ZHVI all-homes SA,270,1,270,123218.39492596008,36288.523871830854,86649.38557150686,87453.98683114068,89597.30156942089,90450.87364707851,97019.46593916895,110583.11409151828,131359.85508134193,186475.98383435077,204768.63343222195,221803.73498064443,224410.442564273,0,0
40420,"Rockford, IL",permits units SA,270,1,270,101031.78355608087,101200.30685438823,-1.66629218410827,0.4336415391397104,7.567208863305364,10.087497690123598,15.826356179709574,100792.09937195099,202010.75,202403.1,202504.55,202603.31,202606.0,0,0
40420,"Rockford, IL",employment thousands SA,270,1,270,148.78296296296296,6.01411030716325,128.3,135.232,139.0,142.6,145.0,148.35000000000002,152.7,157.92,160.255,161.7,162.0,0,0
40580,"Rocky Mount, NC",ZHVI all-homes SA,132,1,132,105363.91519911481,5596.920416785061,98176.93666195654,98242.4273404792,98745.66998386632,99282.36713996637,100342.37646020406,103885.23764124233,110723.26295341435,113997.82637994006,114598.84170680349,114971.61323837025,115047.48367358632,0,0
40580,"Rocky Mount, NC",permits units SA,132,1,132,100596.97283259493,100965.76372259758,4.30735660034122,5.77334700641155,10.292579177233456,11.20219360351302,13.3346616924076,100470.01576939174,201203.25,201310.90000000002,201405.45,201410.69,201412.0,0,0
40580,"Rocky Mount, NC",employment thousands SA,132,1,132,61.015151515151516,3.3995169133339354,56.5,56.599999999999994,56.8,56.9,57.475,60.15,64.2,65.19000000000001,66.0,66.269,66.3,0,0
40660,"Rome, GA",ZHVI all-homes SA,268,1,268,137960.62133906086,49033.10116665682,86916.74250662763,87235.89491282607,90802.14984478285,95881.13658636253,105081.17476155426,111245.32836041851,164623.80048564766,227081.60506845615,233543.71865252042,238168.21940322916,238383.13424517354,0,0
40660,"Rome, GA",permits units SA,268,1,268,101035.03925627812,101202.45487552823,0.466693467155174,4.760271589820472,8.379901774481974,11.537551989153881,20.346144328920325,100817.99311534998,202011.25,202403.30000000002,202504.65000000002,202603.33,202606.0,0,0
40660,"Rome, GA",employment thousands SA,268,1,268,41.668656716417914,2.651829074387611,36.3,38.0,38.4,38.6,39.7,41.5,42.72500000000001,46.7,47.0,47.4,47.6,0,0
40980,"Saginaw, MI",ZHVI all-homes SA,270,1,270,101180.57458860085,30740.64313760889,70773.62398823531,71000.86836768464,72328.17486880292,73577.61411521875,77364.8953606044,91117.90788073308,112940.17562319418,156666.03742677235,164703.60416192512,175853.78868390704,177685.72769679173,0,0
40980,"Saginaw, MI",permits units SA,270,1,270,101026.67258405518,101205.42699769457,-1.52866403908339,-0.6260334425405125,2.461285259077425,3.344541903022912,7.24700314387508,100781.4651536454,202010.75,202403.1,202504.55,202603.31,202606.0,0,0
40980,"Saginaw, MI",employment thousands SA,270,1,270,86.45444444444445,3.7092918925969887,64.8,77.287,80.4,83.19,83.9,86.9,88.475,91.6,92.155,93.23100000000001,93.4,0,0
41060,"St. Cloud, MN",ZHVI all-homes SA,253,1,253,206159.3321862922,54566.412981689915,134277.2480611032,135418.9471516397,146724.52265774872,154164.87335097438,164631.5526333753,185255.2113550162,237040.40928366032,299020.4464937891,311242.25863948907,321311.33526663657,321701.06043485226,0,0
41060,"St. Cloud, MN",permits units SA,253,1,253,100653.2061664802,101229.71074088333,-15.5080243241457,-8.773752594896587,-4.389799583927716,-1.2980839214226494,7.93274267957136,211.785632182786,202103.0,202404.8,202505.4,202603.48,202606.0,0,0
41060,"St. Cloud, MN",employment thousands SA,253,1,253,104.15810276679842,3.8231416739689816,95.3,96.756,97.7,98.61999999999999,101.1,104.5,108.0,108.79999999999998,109.0,109.2,109.5,0,0
41100,"St. George, UT",ZHVI all-homes SA,211,1,211,332662.81777136686,140564.35175797387,170082.05985759568,170615.47237755766,171800.34902959722,176305.5544908595,207362.47541818442,286340.2584562984,523088.73176092765,536940.2271205849,540130.0586105553,562480.5120858883,568656.6921906107,0,0
41100,"St. George, UT",permits units SA,211,1,211,100718.6311934843,101211.30248882726,85.8002495033819,116.2591172260898,155.728974411852,174.823002927981,217.9024508646015,475.16307456822,202201.5,202409.0,202507.5,202603.9,202606.0,0,0
41100,"St. George, UT",employment thousands SA,211,1,211,65.87251184834123,15.162315530023829,45.6,45.71,45.9,46.4,51.3,64.5,79.85,88.7,90.5,91.48,92.2,0,0
41420,"Salem, OR",ZHVI all-homes SA,270,1,270,278909.2068593808,101807.17418589539,170993.28322949633,171951.9590415325,173781.7955579758,176724.720761309,195737.50897344758,235460.566882724,348680.9077161516,452396.0998689304,454700.88621342886,456723.7515573646,457437.3433391582,0,0
41420,"Salem, OR",permits units SA,270,1,270,101085.90648334987,101146.09843070802,13.2556996557338,32.381060175532426,44.19539306884765,64.06450011791034,107.71263063623074,100941.62428272217,202010.75,202403.1,202504.55,202603.31,202606.0,0,0
41420,"Salem, OR",employment thousands SA,270,1,270,160.30074074074074,15.056236570680992,141.0,141.63799999999998,142.2,143.09,146.225,154.75,172.475,184.12,187.8,189.393,189.9,0,0
41500,"Salinas, CA",ZHVI all-homes SA,270,1,270,574668.8067306302,180977.04528650572,307145.6358961263,307873.5008378393,316077.55240714486,331071.11956971284,425802.8357528929,567267.3242080811,716563.7697483317,850348.8614329067,856098.8402148542,869233.7617550953,870668.4947126737,0,0
41500,"Salinas, CA",permits units SA,270,1,270,101045.04655824686,101187.02160897454,-2.96620025709319,7.828827288081967,18.527439646924073,24.24040345087137,37.32174930750765,100853.3899990973,202010.75,202403.1,202504.55,202603.31,202606.0,0,0
41500,"Salinas, CA",employment thousands SA,270,1,270,134.5725925925926,8.43221764239504,117.6,122.99000000000001,123.9,124.4,128.4,131.14999999999998,143.1,146.2,148.85500000000002,150.6,150.9,0,0
41540,"Salisbury, MD",ZHVI all-homes SA,270,1,270,304591.9299510781,68126.54732890952,224748.8484538395,229747.65225007408,230816.64689635579,236232.10442777703,252768.48381965174,279753.35823818593,326624.0024983299,430369.23859296856,431693.0924690433,434851.55086238525,435134.5432722466,0,0
41540,"Salisbury, MD",permits units SA,270,1,270,101157.48953139738,101074.42805819344,-19.6080075377612,-9.00471375103813,22.49021605878417,57.32060523266521,290.72030876166804,101058.72334706892,202010.75,202403.1,202504.55,202603.31,202606.0,0,0
41540,"Salisbury, MD",employment thousands SA,270,1,270,55.43222222222222,1.6696833912492606,47.3,50.535,53.5,53.7,54.2,55.3,56.8,57.6,57.7,57.89999999999999,58.0,0,0
41660,"San Angelo, TX",ZHVI all-homes SA,142,1,142,191196.459335431,39581.21116545007,133059.53330523058,133403.65099143249,138143.16739340103,145106.32417470793,150761.23750533536,186170.59969889018,232982.0088011486,238697.15601073735,240558.47780648826,248477.3777595334,249773.09089719164,0,0
41660,"San Angelo, TX",permits units SA,142,1,142,101169.87368323129,101498.94324317056,6.72007052333679,8.548481838407092,15.17000998481561,17.87249326491409,23.490246419858778,101061.0240341988,202306.75,202503.9,202510.94999999998,202604.59000000003,202606.0,0,0
41660,"San Angelo, TX",employment thousands SA,142,1,142,50.554225352112674,2.0294157087864044,45.3,46.446,47.815,48.41,49.2,50.0,52.8,53.5,53.6,53.8,54.1,0,0
41780,"Sandusky, OH",ZHVI all-homes SA,119,1,119,131848.03695986464,8091.535084557307,119248.32036543218,119314.92275545797,119730.19792727339,120105.95600135144,122817.82912810164,133374.99052602742,138351.89447102704,142382.20762941675,143459.84097752027,143680.77457521297,144068.06628568863,0,0
41780,"Sandusky, OH",permits units SA,119,1,119,99708.44019261231,100974.77659635624,-0.54595705274086,-0.3369016236975943,-0.1093509379580788,-0.06125879995209695,0.1203148000500005,2.67758828178173,201106.5,201229.8,201306.1,201310.82,201312.0,0,0
41780,"Sandusky, OH",employment thousands SA,119,1,119,52.437815126050424,1.7265617639847153,49.4,49.418,49.8,50.0,51.2,52.0,54.2,54.7,54.91,55.182,55.2,0,0
42140,"Santa Fe, NM",ZHVI all-homes SA,270,1,270,371124.4731307708,101500.0366282114,248240.34800796618,260155.8824468639,271408.7580573836,275027.3233607219,293608.7287097562,334997.5651857977,426211.64650854236,555162.0591438359,559806.2961040766,563325.7821850665,563767.4543552204,0,0
42140,"Santa Fe, NM",permits units SA,270,1,270,101041.4943481544,101190.58624442849,-48.047347941726,5.44895245542355,9.637200598724677,12.17124954497796,26.768189289148697,101065.34444347952,202010.75,202403.1,202504.55,202603.31,202606.0,0,0
42140,"Santa Fe, NM",employment thousands SA,270,1,270,62.101481481481486,2.0261849141544905,52.9,54.483000000000004,58.545,60.7,61.2,62.150000000000006,63.2,64.22,65.2,66.193,66.9,0,0
42340,"Savannah, GA",ZHVI all-homes SA,270,1,270,217168.23895765323,65377.4103110004,150075.86904024874,152100.05917033376,157347.5668739081,161173.6255045289,173528.90666831692,189726.9954461347,230789.69494692158,348396.1702544751,355341.31818411313,360701.0768187476,361331.78371306165,0,0
42340,"Savannah, GA",permits units SA,270,1,270,101151.84909965165,101080.06798620986,48.9368927119903,124.61546441659482,150.94922400821991,177.12815360197862,221.06145156035225,101288.70536361459,202010.75,202403.1,202504.55,202603.31,202606.0,0,0
42340,"Savannah, GA",employment thousands SA,270,1,270,175.1685185185185,21.898992729242547,140.9,142.75199999999998,149.89,150.98,156.3,170.89999999999998,189.925,211.04,215.1,216.33100000000002,217.1,0,0
43100,"Sheboygan, WI",ZHVI all-homes SA,220,1,220,194613.66134372595,58198.15971735447,128876.6737634951,129645.74980985698,134695.70568654002,138264.85742691896,149426.11834130628,174019.4092735768,233946.6665274203,293526.4490271501,311338.9084815855,327084.3830990203,327414.22785351734,0,0
43100,"Sheboygan, WI",permits units SA,220,1,220,101080.9537065186,101298.00869818537,-12.6789936579446,-1.5368718003793087,-0.45357466299535665,0.8896309020651776,6.001532429784005,100929.11526614631,202111.25,202408.1,202507.05000000002,202603.81,202606.0,0,0
43100,"Sheboygan, WI",employment thousands SA,220,1,220,61.13227272727273,2.068817039649722,55.9,57.4,57.6,57.89,59.575,61.4,62.9,63.4,63.605000000000004,64.405,64.6,0,0
43900,"Spartanburg, SC",ZHVI all-homes SA,270,1,270,163090.46283902784,56483.65670949069,114801.52594961372,115015.9469450826,116635.89495123526,118327.0610284015,122127.7745784293,129023.61086016895,190303.46881891863,268330.7368228687,274896.8310403954,280989.77027734724,281538.2763903377,0,0
43900,"Spartanburg, SC",permits units SA,270,1,270,101140.44268555453,101091.45976296577,92.252914467842,114.48892779497419,155.3065769755143,177.1810648452324,235.01807589678748,101046.90299175536,202010.75,202403.1,202504.55,202603.31,202606.0,0,0
43900,"Spartanburg, SC",employment thousands SA,270,1,270,149.07,17.059777582149668,125.6,125.769,127.145,128.8,135.5,141.45,165.17499999999998,175.33,177.81,178.793,179.9,0,0
44100,"Springfield, IL",ZHVI all-homes SA,240,1,240,143282.93795032837,20587.889177538076,122265.87941689907,122342.94661666191,123023.17764113494,123679.53402594077,125821.60378685736,136809.85350983526,153163.7085896404,178410.15742948407,184541.59309715932,199371.84167459604,200291.83279481716,0,0
44100,"Springfield, IL",permits units SA,240,1,240,101061.85713836845,101256.02305937892,-3.26039700825338,3.76859958800922,9.053352958167487,10.948710443203241,15.617910293405323,100860.72948926008,202106.25,202406.1,202506.05,202603.61,202606.0,0,0
44100,"Springfield, IL",employment thousands SA,240,1,240,108.85083333333334,2.674566271749585,93.6,97.94800000000001,103.5,106.69,108.1,109.45,110.3,111.10999999999999,111.6,112.383,112.6,0,0
44140,"Springfield, MA",ZHVI all-homes SA,270,1,270,247258.8410263546,57000.91338309139,180711.33097327186,183150.14101913388,197017.52985194972,198702.11613467563,207146.1622033182,225617.45888927026,265617.10741666704,352427.46068619995,370914.0362073243,379784.1979981337,381545.0058586032,0,0
44140,"Springfield, MA",permits units SA,270,1,270,101031.1996848677,101200.89270995735,-11.1547871734087,-7.802736916558512,0.21451155596905158,2.379178172471636,6.531806090426352,100819.4935154459,202010.75,202403.1,202504.55,202603.31,202606.0,0,0
44140,"Springfield, MA",employment thousands SA,270,1,270,201.85185185185185,8.121803706237586,175.0,187.45999999999998,190.2,191.28,195.6,202.14999999999998,208.4,211.20999999999998,214.15499999999997,216.89299999999997,217.8,0,0
44180,"Springfield, MO",ZHVI all-homes SA,227,1,227,169490.9194662827,55575.18676756942,114382.23742949795,114807.1418421415,116139.28370179847,119207.27084267624,125665.08139392431,141641.08851786543,215228.2786296397,264558.11074474093,268498.9503236687,274305.107792029,274817.61850206,0,0
44180,"Springfield, MO",permits units SA,227,1,227,100688.47028626436,101225.48584036644,34.5899475713615,44.4664983551824,59.377781635705745,77.10759773236828,116.678552081515,507.104045384718,202109.5,202407.4,202506.7,202603.74000000002,202606.0,0,0
44180,"Springfield, MO",employment thousands SA,227,1,227,211.61674008810573,14.579546284330169,190.0,190.7,191.82,193.1,198.65,210.4,221.65,234.59999999999997,235.34,237.348,237.8,0,0
44220,"Springfield, OH",ZHVI all-homes SA,270,1,270,114964.93141336311,37859.981158070485,78698.53645253062,78846.3847353362,81491.37402145691,86334.32629151341,89129.06609855178,93775.02301855537,132611.20005472773,181995.12500200342,197098.3690197735,205488.28143546748,206258.51584944644,0,0
44220,"Springfield, OH",permits units SA,270,1,270,101028.59287273059,101203.50344348105,-2.79329086343857,-0.23509084011992984,3.5750869316616556,5.264120469721577,8.857867556423276,100798.83256859306,202010.75,202403.1,202504.55,202603.31,202606.0,0,0
44220,"Springfield, OH",employment thousands SA,270,1,270,50.016666666666666,2.040405054910443,40.8,45.745,47.045,47.39,48.9,49.75,51.3,53.0,53.4,53.631,53.9,0,0
44300,"State College, PA",ZHVI all-homes SA,252,1,252,240426.07492139886,57787.26010127248,168722.06612156122,169412.3903705619,176028.91865681543,182225.72090692725,193463.87820833514,218997.60230553904,287432.80645599443,336386.029761883,347400.0648216008,354301.47839488764,356478.3292497697,0,0
44300,"State College, PA",permits units SA,252,1,252,101055.0743076195,101228.75625261701,-2.82143357916226,-1.1711787679570924,3.5769992085601694,9.133375577733725,19.473898708984127,100991.41350077238,202103.25,202404.90000000002,202505.45,202603.49,202606.0,0,0
44300,"State College, PA",employment thousands SA,252,1,252,76.30674603174603,2.816045751101169,66.2,70.959,72.455,73.0,74.3,75.75,78.8,80.0,80.7,81.649,83.0,0,0
44940,"Sumter, SC",ZHVI all-homes SA,216,1,216,158223.0170615857,30657.738596226594,126002.79106729262,126869.85319939995,129341.14831268854,129855.30235650364,132994.0937898139,142972.7418283847,187359.36532905215,207948.29747153574,210687.6645498529,212034.43352998345,213233.23125031855,0,0
44940,"Sumter, SC",permits units SA,216,1,216,101093.4078048221,101298.02116162157,11.5954173176043,15.510537375001205,19.041106361147726,21.8171394597421,28.5695000966872,100913.85124576505,202134.25,202408.5,202507.25,202603.85,202606.0,0,0
44940,"Sumter, SC",employment thousands SA,216,1,216,38.141666666666666,1.0630036426024356,35.4,35.915,36.3,36.55,37.5,38.2,38.925,39.6,39.725,40.0,40.1,0,0
45060,"Syracuse, NY",ZHVI all-homes SA,270,1,270,151929.84514349885,44494.81273440967,102881.69587727897,103320.91575976624,109148.6897573502,117214.79135795815,125007.57301821641,128428.46247950979,166273.20624876584,231455.15447321907,252761.86713288084,266721.2372992365,271597.1996355714,0,0
45060,"Syracuse, NY",permits units SA,270,1,270,101053.36564134124,101178.71623961786,-0.912472903308114,8.020546850406884,17.14748858565516,26.342744122145024,43.5438704485188,101375.55142409609,202010.75,202403.1,202504.55,202603.31,202606.0,0,0
45060,"Syracuse, NY",employment thousands SA,270,1,270,313.38814814814816,7.676242031435853,264.4,284.426,298.47,307.55,310.55,314.9,318.1,320.7,321.51,322.531,323.0,0,0
45220,"Tallahassee, FL",ZHVI all-homes SA,270,1,270,200080.20011271932,46201.2573560055,145449.30491328664,146050.85135221432,147381.76346205533,150831.14303448284,162177.88294450904,186413.0954149116,218433.39441770254,283714.57532097655,286743.8458681909,288431.35490992316,288976.31429086387,0,0
45220,"Tallahassee, FL",permits units SA,270,1,270,101112.90904847812,101119.04147476458,62.3001358629107,71.59921896118723,98.21480955715194,118.86728486927501,193.611737287403,101056.74933622219,202010.75,202403.1,202504.55,202603.31,202606.0,0,0
45220,"Tallahassee, FL",employment thousands SA,270,1,270,178.52370370370372,11.198122568397952,163.4,164.569,165.7,166.3,169.5,176.1,184.2,199.05,201.95499999999998,202.63099999999997,203.3,0,0
45460,"Terre Haute, IN",ZHVI all-homes SA,210,1,210,113126.7418241169,28712.70912761634,88632.4655615179,88740.74248276096,89067.78960080532,89504.05232978173,90566.58139519343,95128.30151014132,138005.03119316924,162391.40760347003,168948.81478556793,170641.78673031818,171101.37181281156,0,0
45460,"Terre Haute, IN",permits units SA,210,1,210,101092.60108347167,101318.3968872909,-2.49575131437263,0.1774043977825432,4.417446403707894,5.580243362891713,12.184748779420225,100936.17713318461,202201.75,202409.09999999998,202507.55,202603.91,202606.0,0,0
45460,"Terre Haute, IN",employment thousands SA,210,1,210,68.24238095238096,1.640096871809025,59.3,63.045,64.745,66.28999999999999,67.6,68.75,69.2,69.6,69.9,70.5,70.6,0,0
45780,"Toledo, OH",ZHVI all-homes SA,270,1,270,129175.4227785034,33764.81053213618,93428.05686112873,93867.0729575036,94348.40761116522,97021.54660484452,103705.38499693085,115393.61285417723,147938.0771864069,189490.24782289687,200287.05064745506,204994.4519393124,206184.5878622782,0,0
45780,"Toledo, OH",permits units SA,270,1,270,101062.80804758747,101169.23212394402,17.7049720457189,26.945028468912643,34.1529899093271,47.81601018329121,69.0813358010104,100934.74734935873,202010.75,202403.1,202504.55,202603.31,202606.0,0,0
45780,"Toledo, OH",employment thousands SA,270,1,270,301.462962962963,11.275612666384944,244.2,278.79699999999997,281.145,284.79,294.0,304.15,309.975,314.2,315.80999999999995,317.562,320.2,0,0
45820,"Topeka, KS",ZHVI all-homes SA,270,1,270,135759.29385534071,37916.50192372946,97927.55209643168,98986.89804444829,103515.09532572415,108051.94120793961,110981.49101117924,115195.09777114731,151744.56292719574,205373.57372191694,218451.1407184638,221276.03108639322,222001.7274485071,0,0
45820,"Topeka, KS",permits units SA,270,1,270,101039.11985029755,101192.95903356088,5.49989408205921,12.639063835030063,17.61463578207336,21.84206563480756,27.28963780230315,100882.6535875792,202010.75,202403.1,202504.55,202603.31,202606.0,0,0
45820,"Topeka, KS",employment thousands SA,270,1,270,111.2762962962963,2.697367776747279,100.7,105.76599999999999,108.2,108.6,109.5,111.1,112.1,114.5,117.765,118.56200000000001,119.1,0,0
46060,"Tucson, AZ",ZHVI all-homes SA,269,1,269,230105.19531793433,69442.35549085087,139578.16697839912,140679.08187408186,150397.3934429773,159072.48186338198,175911.31534330823,209255.86873947477,258636.71545982888,350817.2073304702,354915.44497641764,358787.19117082347,358921.5521019537,0,0
46060,"Tucson, AZ",permits units SA,269,1,269,100838.2751284331,101022.63396061373,156.839611952419,181.5869817077376,233.82392349194077,272.2063710468324,377.285312642253,832.480829821863,202011.0,202403.2,202504.6,202603.32,202606.0,0,0
46060,"Tucson, AZ",employment thousands SA,269,1,269,378.0594795539034,17.01996723859221,350.2,351.76800000000003,353.12,355.9,363.5,376.9,392.4,404.12000000000006,405.4,406.73199999999997,409.0,0,0
46140,"Tulsa, OK",ZHVI all-homes SA,270,1,270,160364.66046750854,43375.66363310376,120051.29869223463,120570.43643011051,122988.42116228411,126043.57117533303,130163.83993622562,137379.37009007545,179050.0166172882,240601.5854300836,248675.98620398072,255452.08718404127,255839.534583505,0,0
46140,"Tulsa, OK",permits units SA,270,1,270,101205.16963704667,101026.6339639137,129.999328610053,199.59601913044168,235.7498464672069,276.2138435608581,342.666361437903,101183.5487643297,202010.75,202403.1,202504.55,202603.31,202606.0,0,0
46140,"Tulsa, OK",employment thousands SA,270,1,270,441.5603703703704,22.294222663609144,397.4,399.152,407.53999999999996,413.39,424.67500000000007,441.25,456.775,476.52,482.055,483.53099999999995,484.0,0,0
46220,"Tuscaloosa, AL",ZHVI all-homes SA,270,1,270,158923.71684888704,32591.411123979542,120242.9613826368,121172.83611974039,126674.94247993926,130769.42109301551,135876.9022352656,143764.87631507084,177215.3382059675,218596.1901679619,221028.6140210745,222001.06368571153,222271.25160232803,0,0
46220,"Tuscaloosa, AL",permits units SA,270,1,270,101065.04903680533,101166.9822588275,22.778585520134,31.88348423824928,47.95956562919501,52.95319532384232,84.37796303449011,100874.31573802978,202010.75,202403.1,202504.55,202603.31,202606.0,0,0
46220,"Tuscaloosa, AL",employment thousands SA,270,1,270,106.34481481481481,7.030683611667029,93.4,93.96900000000001,95.645,97.9,100.42500000000001,106.45,111.82500000000002,117.00999999999999,117.4,118.29999999999998,118.5,0,0
46300,"Twin Falls, ID",ZHVI all-homes SA,102,1,102,313232.36852073483,72219.63792007061,192043.78943636126,193530.40021661267,199260.6235255129,206768.030101505,234190.78093405423,361385.1275511997,376196.66935531714,383694.50277201156,387744.6835476126,388088.1543636592,388269.2614285795,0,0
46300,"Twin Falls, ID",permits units SA,102,1,102,101222.58814731531,101671.71781885598,24.005825645263,26.767865934611418,28.99390734084072,35.25966195539084,48.18267804562174,101156.90514959363,202404.75,202507.9,202596.55,202604.99,202606.0,0,0
46300,"Twin Falls, ID",employment thousands SA,102,1,102,49.08039215686274,2.0787486342254833,43.1,44.51,46.205000000000005,46.41,47.125,49.4,50.74999999999999,51.89,52.095,52.199,52.3,0,0
46340,"Tyler, TX",ZHVI all-homes SA,210,1,210,185643.2434731524,54142.63907193437,129956.05879669306,130259.76558130802,130698.80533468441,131699.00683259717,135980.64401045188,167224.88719321362,238860.0206307145,273888.4514862804,275011.2622532712,277408.81042985496,277917.55732933566,0,0
46340,"Tyler, TX",permits units SA,210,1,210,101108.19499928317,101302.7657953691,8.52812881705962,19.07290514762742,24.815882559845214,30.88487737202272,44.5491434507369,100916.71950424279,202201.75,202409.09999999998,202507.55,202603.91,202606.0,0,0
46340,"Tyler, TX",employment thousands SA,210,1,210,105.49476190476192,8.329151044378587,93.9,94.3,95.045,95.6,97.6,104.25,110.65,118.55,120.655,121.673,122.2,0,0
46520,"Urban Honolulu, HI",ZHVI all-homes SA,150,1,150,716824.019698433,121225.88926365053,515294.98098103824,519575.6838851315,537713.6093326691,555014.4738702446,621270.9677799486,674578.6809556498,856864.8925095323,862776.2199761019,870590.3315163064,891431.7200609883,893691.3277472038,0,0
46520,"Urban Honolulu, HI",permits units SA,150,1,150,101223.70037221732,101409.43570831255,-30.4948909986356,1.598490917050981,91.06678555334553,109.53352458575282,141.52414609624324,101296.09538427212,202304.75,202503.1,202510.55,202604.51,202606.0,0,0
46520,"Urban Honolulu, HI",employment thousands SA,150,1,150,455.99333333333334,22.075011432701796,377.4,378.986,399.03,430.03,454.5,462.15,470.975,473.31,474.46500000000003,476.361,479.0,0,0
46660,"Valdosta, GA",ZHVI all-homes SA,267,1,267,152147.26277844695,31811.89144574421,123280.94246856887,123499.09404363087,124337.2559654524,125097.13272875769,126942.64027390601,139665.72929592853,159385.59667294804,211266.93563671113,219725.60892743507,226315.3152731735,227712.3586353231,0,0
46660,"Valdosta, GA",permits units SA,267,1,267,101443.18328867231,101170.94403649804,26.8641356077344,30.312302976810148,45.40316327265768,66.52116655375073,81.22985228388686,201504.0,202011.5,202403.40000000002,202504.7,202603.34000000003,202606.0,0,0
46660,"Valdosta, GA",employment thousands SA,267,1,267,55.33033707865169,1.5160101345492698,51.4,52.366,52.7,52.9,54.0,55.8,56.6,57.0,57.17,57.6,57.7,0,0
46700,"Vallejo, CA",ZHVI all-homes SA,270,1,270,414516.3219170021,134197.2291271947,194685.89863055805,195630.4478470745,206142.23721226444,221468.13613041764,305775.7095346087,429063.0944265634,506955.600598654,597144.6742259813,603880.0209759222,626726.237667352,633922.5336554138,0,0
46700,"Vallejo, CA",permits units SA,270,1,270,101063.15853179879,101168.88250957636,16.8236505502495,22.564049545052534,42.73320534297022,49.088735274059275,67.73118836320022,101012.18857937607,202010.75,202403.1,202504.55,202603.31,202606.0,0,0
46700,"Vallejo, CA",employment thousands SA,270,1,270,131.8825925925926,8.833000009297928,117.1,117.469,118.245,119.49,125.32499999999999,130.05,140.1,144.9,146.2,146.793,147.6,0,0
47220,"Vineland, NJ",ZHVI all-homes SA,270,1,270,184185.0872287886,41420.366598328554,122275.6128827316,126000.64878529933,150125.47548010643,152203.92982823696,154783.2079082116,161516.12901336607,203178.54822096543,257297.1917245376,275544.6934386252,278967.656622118,279968.56044442154,0,0
47220,"Vineland, NJ",permits units SA,270,1,270,101028.90101590935,101203.19454985014,1.17921421539737,2.0078177434952056,5.379520290494841,7.7747566649652295,11.797736298716801,100789.71650591741,202010.75,202403.1,202504.55,202603.31,202606.0,0,0
47220,"Vineland, NJ",employment thousands SA,270,1,270,59.3237037037037,2.107473245537266,51.6,54.542,56.8,57.0,57.7,59.1,60.6,62.3,62.754999999999995,63.517,64.4,0,0
47300,"Visalia, CA",ZHVI all-homes SA,270,1,270,227021.82993724442,74731.36113400722,127112.37805066572,127394.2185783957,131637.2104088327,139886.36657710574,165098.1918533346,215852.1970068424,262236.53588493314,349348.0336917462,361111.8633384501,365434.16847418505,365748.63834841544,0,0
47300,"Visalia, CA",permits units SA,270,1,270,101086.58348228777,101145.41047486321,36.8442429479278,49.39553118566132,80.07219651490021,91.75787434366292,123.45554719699825,100916.39845607297,202010.75,202403.1,202504.55,202603.31,202606.0,0,0
47300,"Visalia, CA",employment thousands SA,270,1,270,121.9748148148148,12.366715241985627,104.7,105.37599999999999,107.79,108.4,111.72500000000001,117.15,129.04999999999998,143.8,144.5,145.33100000000002,145.6,0,0
47380,"Waco, TX",ZHVI all-homes SA,210,1,210,169333.43270714738,59933.38910826044,109809.72777641234,110072.01928132435,110370.74905327646,112045.43690025696,115175.25778388421,145814.1156484428,237318.96916951338,262075.6375463381,263182.204120413,264419.0479932274,265085.8961825911,0,0
47380,"Waco, TX",permits units SA,210,1,210,101129.76959112611,101281.15284624654,23.8441784253718,32.991962640897846,41.32984715300314,50.048799088771815,76.46178406488428,101121.85342807583,202201.75,202409.09999999998,202507.55,202603.91,202606.0,0,0
47380,"Waco, TX",employment thousands SA,210,1,210,126.39904761904762,10.11307832243063,113.3,113.3,113.8,113.9,115.92500000000001,126.75,135.35000000000002,141.5,141.9,142.791,143.3,0,0
47460,"Walla Walla, WA",ZHVI all-homes SA,150,1,150,308979.82050442114,86226.27970188475,191025.328924951,191749.16294541548,194143.34005088086,198744.8505188982,222933.93171220407,289838.1103666899,404793.34555907233,417772.63266310154,421393.23493200936,423981.3319673975,423988.2719276131,0,0
47460,"Walla Walla, WA",permits units SA,150,1,150,101155.94577024462,101477.40161072022,2.90419791504165,4.235767129870102,7.9112475030590375,8.862895584097776,14.104706414980974,101051.91123189549,202304.75,202503.1,202510.55,202604.51,202606.0,0,0
47460,"Walla Walla, WA",employment thousands SA,150,1,150,26.890666666666664,0.8683353407423325,24.6,24.945,25.4,25.6,26.325000000000003,27.0,27.7,27.909999999999997,28.0,28.2,28.2,0,0
47580,"Warner Robins, GA",ZHVI all-homes SA,270,1,270,159681.2947663884,40973.21880816838,121599.87882860877,122826.29556315059,126815.75420672337,127981.54077341201,132426.54075392813,139881.74462978088,169490.7654262672,239270.0448672904,247449.26786602102,254800.32141870755,255474.4988771508,0,0
47580,"Warner Robins, GA",permits units SA,270,1,270,101080.485990986,101151.52720586814,35.5990860713056,45.28939864632929,61.672489367271446,71.33113031757036,101.944878714396,101050.6315359866,202010.75,202403.1,202504.55,202603.31,202606.0,0,0
47580,"Warner Robins, GA",employment thousands SA,270,1,270,70.43481481481481,5.308635295595135,58.5,59.069,60.9,64.06,67.4,68.6,75.1,78.2,79.05499999999999,79.531,79.7,0,0
48140,"Wausau, WI",ZHVI all-homes SA,210,1,210,167453.43419284892,43799.79563484227,124441.88153667747,124534.42140197351,124834.62253638476,126399.02076502173,132189.3562230493,146435.66275184997,199104.08342366485,238593.34746257233,251612.12038094364,271759.4810517997,272232.80480783083,0,0
48140,"Wausau, WI",permits units SA,210,1,210,101099.68625256786,101311.2955733264,-23.4849281637844,10.093100583106436,12.787740809332595,14.995420522409843,23.351078055756,100948.3406228781,202201.75,202409.09999999998,202507.55,202603.91,202606.0,0,0
48140,"Wausau, WI",employment thousands SA,210,1,210,70.33857142857143,2.044829599981297,64.7,66.218,66.845,67.2,68.32499999999999,71.2,72.1,72.4,72.5,72.782,72.9,0,0
48620,"Wichita, KS",ZHVI all-homes SA,270,1,270,141049.13028997884,38075.035651644874,99960.03155172912,100778.90634285027,109576.1424907201,112086.95109393676,114318.39412855824,119923.52320607609,159461.2406083872,210953.1327955364,220917.70223516796,226736.56947973522,227109.71446429178,0,0
48620,"Wichita, KS",permits units SA,270,1,270,101109.35071036943,101122.61418487038,67.0133228746834,76.19986626457876,93.18533720761314,114.21426721168092,144.21785621816724,101037.06818793887,202010.75,202403.1,202504.55,202603.31,202606.0,0,0
48620,"Wichita, KS",employment thousands SA,270,1,270,295.44074074074075,10.529069664478873,261.8,277.065,282.64500000000004,283.65999999999997,286.6,293.65,304.67499999999995,312.41999999999996,313.855,314.531,315.8,0,0
48660,"Wichita Falls, TX",ZHVI all-homes SA,210,1,210,125120.46596769472,30950.49309405789,96625.89799231496,97042.83258540674,97924.99601596815,98481.12760621906,100482.31345225607,107760.79229020915,160615.51767605855,176464.1752934542,177894.72430536017,179445.84482015242,179841.94744312981,0,0
48660,"Wichita Falls, TX",permits units SA,210,1,210,101091.03048706835,101319.97165334054,-2.99235203898837,-1.8450551622132125,-0.44895688773324144,0.3057357076751035,7.709690739518277,100964.12369276554,202201.75,202409.09999999998,202507.55,202603.91,202606.0,0,0
48660,"Wichita Falls, TX",employment thousands SA,210,1,210,58.749047619047616,0.9485945522275758,54.4,56.4,57.1,57.8,58.1,58.9,59.5,59.9,59.955,60.291,60.6,0,0
48700,"Williamsport, PA",ZHVI all-homes SA,267,1,267,167529.55081369143,30887.415587804935,125976.56801509771,128214.46366546195,140825.6426387581,142336.86572272124,144369.99164243095,154769.1777076179,185220.0582752655,222661.59804801192,230709.31467477346,239134.92470088895,242112.02400087463,0,0
48700,"Williamsport, PA",permits units SA,267,1,267,100648.79078507051,101212.9964162699,-0.679794047708574,-0.4286900964109146,0.18777281775345273,0.6685996831104584,2.683082183226435,16.2595395823346,202011.5,202403.40000000002,202504.7,202603.34000000003,202606.0,0,0
48700,"Williamsport, PA",employment thousands SA,267,1,267,53.241573033707866,1.8669750969156413,44.1,48.832,49.9,51.0,52.349999999999994,53.4,54.0,55.84,56.2,56.73599999999999,57.2,0,0
48900,"Wilmington, NC",ZHVI all-homes SA,270,1,270,277461.2688678915,86052.02452015012,182531.03197826946,183646.40114370853,193073.94667330885,196921.61958644324,213978.01624561683,248174.73152931483,300755.02378375723,446553.75718043325,450005.6704833325,452720.4398759508,453547.91745088546,0,0
48900,"Wilmington, NC",permits units SA,270,1,270,101188.9967238916,101042.92180789042,10.2359688264416,89.53264537147645,124.67148002042819,146.04010949721987,267.70820665631857,101208.79358188108,202010.75,202403.1,202504.55,202603.31,202606.0,0,0
48900,"Wilmington, NC",employment thousands SA,270,1,270,155.81444444444446,20.498050833681077,123.7,124.92099999999999,132.06,135.6,138.75,148.4,168.5,190.73999999999998,195.385,199.089,200.6,0,0
49340,"Worcester, MA",ZHVI all-homes SA,270,1,270,307318.55284935667,80689.25140804047,212562.78334720686,213188.96003192995,218080.26165154128,227162.86839568807,246442.83452263204,287955.79163941497,330321.97933911096,454963.08148048347,478462.6078675273,486820.6976294781,487476.473936043,0,0
49340,"Worcester, MA",permits units SA,270,1,270,101060.39891663863,101171.66265691577,-18.0381859541144,-5.301830373215403,5.036655966432112,12.684459168153502,30.851229646977423,101042.78078791806,202010.75,202403.1,202504.55,202603.31,202606.0,0,0
49340,"Worcester, MA",employment thousands SA,270,1,270,339.84111111111116,17.018229201503154,299.6,313.676,316.845,319.59000000000003,325.05,336.1,357.82499999999993,363.71999999999997,364.61,365.762,368.1,0,0
49420,"Yakima, WA",ZHVI all-homes SA,270,1,270,211722.00473687332,77330.36900022576,128573.96352974877,130140.62089000296,136019.41479760257,145038.22164267206,156658.42453947687,163748.25633187313,275163.4250709276,341895.88599661726,352293.8531442099,358511.2734448983,359149.29180462327,0,0
49420,"Yakima, WA",permits units SA,270,1,270,101045.81449850001,101186.25252432955,-1.47484177345968,14.44767449266426,22.12327461393759,26.37750656032944,41.00077780176148,100911.76778795115,202010.75,202403.1,202504.55,202603.31,202606.0,0,0
49420,"Yakima, WA",employment thousands SA,270,1,270,82.4737037037037,4.5404105804453065,75.7,75.938,76.54499999999999,77.6,78.6,80.7,87.0,89.4,89.6,89.8,90.2,0,0
49700,"Yuba City, CA",ZHVI all-homes SA,132,1,132,179740.0768772983,34173.56231157172,139440.65779055157,139506.3103233854,140331.4699434369,142881.76079684973,149234.23288234338,170673.66851241555,206453.4413546121,234036.3442145708,241562.36725862703,244659.26609994308,244873.57411453105,0,0
49700,"Yuba City, CA",permits units SA,132,1,132,100595.76903739735,100966.97244755799,-1.65548838766216,0.12097562335986378,3.411386291789474,4.847957529541334,9.507543922130399,100498.48180390675,201203.25,201310.90000000002,201405.45,201410.69,201412.0,0,0
49700,"Yuba City, CA",employment thousands SA,132,1,132,39.70075757575758,1.6508843899637973,37.1,37.361999999999995,37.6,37.8,38.3,39.55,40.650000000000006,42.190000000000005,42.9,42.969,43.0,0,0
49740,"Yuma, AZ",ZHVI all-homes SA,269,1,269,181176.54296297705,53428.60304506029,115064.78355589788,115434.20956795706,117228.32007191039,122993.39675161842,136018.98906987542,162799.31520462674,219669.98022360713,270011.0053270629,277832.4537655314,281645.3336144163,282175.9603507144,0,0
49740,"Yuma, AZ",permits units SA,269,1,269,101442.28298630213,101165.12537818571,19.0775408997672,39.51183027651374,59.21217322902008,69.1277769624709,85.2930989572868,201504.0,202011.0,202403.2,202504.6,202603.32,202606.0,0,0
49740,"Yuma, AZ",employment thousands SA,269,1,269,54.732342007434944,4.147625028270007,46.8,47.568,49.64,49.900000000000006,51.6,53.7,57.6,61.5,62.10000000000001,62.60000000000001,62.9,0,0
