cbsa_code,msa_title,date,variable,value,diagnostic,threshold,source_file,candidate_panels_affected
10180,"Abilene, TX",2026-06-01,employment,81.3,BLS preliminary observation,preliminary_flag==1,BLS CES,
10420,"Akron, OH",2008-06-01,permits units SA,-0.806348903752198,negative_seasonally_adjusted_permit_value,X-13 additive SA value < 0,processed permits SA,
10420,"Akron, OH",2019-06-01,permits units SA,-5.33613318991828,negative_seasonally_adjusted_permit_value,X-13 additive SA value < 0,processed permits SA,
10420,"Akron, OH",2026-06-01,employment,338.2,BLS preliminary observation,preliminary_flag==1,BLS CES,
10500,"Albany, GA",2008-06-01,permits units SA,-0.596893527392317,negative_seasonally_adjusted_permit_value,X-13 additive SA value < 0,processed permits SA,
10500,"Albany, GA",2026-06-01,employment,59.3,BLS preliminary observation,preliminary_flag==1,BLS CES,
10540,"Albany, OR",2026-06-01,employment,47.1,BLS preliminary observation,preliminary_flag==1,BLS CES,
10740,"Albuquerque, NM",2026-06-01,employment,417.5,BLS preliminary observation,preliminary_flag==1,BLS CES,
10780,"Alexandria, LA",2026-06-01,employment,62.3,BLS preliminary observation,preliminary_flag==1,BLS CES,
11020,"Altoona, PA",2004-06-01,permits units SA,-0.61175890076295,negative_seasonally_adjusted_permit_value,X-13 additive SA value < 0,processed permits SA,
11020,"Altoona, PA",2004-08-01,permits units SA,-0.489380783250771,negative_seasonally_adjusted_permit_value,X-13 additive SA value < 0,processed permits SA,
11020,"Altoona, PA",2004-10-01,permits units SA,-0.45358778308921,negative_seasonally_adjusted_permit_value,X-13 additive SA value < 0,processed permits SA,
11020,"Altoona, PA",2005-10-01,permits units SA,-0.116113093745574,negative_seasonally_adjusted_permit_value,X-13 additive SA value < 0,processed permits SA,
11020,"Altoona, PA",2005-12-01,permits units SA,-0.145176187625431,negative_seasonally_adjusted_permit_value,X-13 additive SA value < 0,processed permits SA,
11020,"Altoona, PA",2006-06-01,permits units SA,-0.473635132840921,negative_seasonally_adjusted_permit_value,X-13 additive SA value < 0,processed permits SA,
11020,"Altoona, PA",2006-08-01,permits units SA,-0.295446620007644,negative_seasonally_adjusted_permit_value,X-13 additive SA value < 0,processed permits SA,
11020,"Altoona, PA",2006-10-01,permits units SA,-0.359219735983912,negative_seasonally_adjusted_permit_value,X-13 additive SA value < 0,processed permits SA,
11020,"Altoona, PA",2007-10-01,permits units SA,-0.156269106728004,negative_seasonally_adjusted_permit_value,X-13 additive SA value < 0,processed permits SA,
11020,"Altoona, PA",2007-12-01,permits units SA,-0.134132363715759,negative_seasonally_adjusted_permit_value,X-13 additive SA value < 0,processed permits SA,
11020,"Altoona, PA",2008-02-01,permits units SA,-0.0148207855070604,negative_seasonally_adjusted_permit_value,X-13 additive SA value < 0,processed permits SA,
11020,"Altoona, PA",2008-04-01,permits units SA,-0.0437906954024078,negative_seasonally_adjusted_permit_value,X-13 additive SA value < 0,processed permits SA,
11020,"Altoona, PA",2008-06-01,permits units SA,-0.421323589091712,negative_seasonally_adjusted_permit_value,X-13 additive SA value < 0,processed permits SA,
11020,"Altoona, PA",2008-08-01,permits units SA,-0.103454063723012,negative_seasonally_adjusted_permit_value,X-13 additive SA value < 0,processed permits SA,
11020,"Altoona, PA",2008-10-01,permits units SA,-0.32185566621786,negative_seasonally_adjusted_permit_value,X-13 additive SA value < 0,processed permits SA,
11020,"Altoona, PA",2008-12-01,permits units SA,-0.0505500842641273,negative_seasonally_adjusted_permit_value,X-13 additive SA value < 0,processed permits SA,
11020,"Altoona, PA",2010-02-01,permits units SA,-0.203220531507511,negative_seasonally_adjusted_permit_value,X-13 additive SA value < 0,processed permits SA,
11020,"Altoona, PA",2010-04-01,permits units SA,-0.180263168962402,negative_seasonally_adjusted_permit_value,X-13 additive SA value < 0,processed permits SA,
11020,"Altoona, PA",2010-08-01,permits units SA,-0.10743847379249,negative_seasonally_adjusted_permit_value,X-13 additive SA value < 0,processed permits SA,
11020,"Altoona, PA",2011-10-01,permits units SA,-0.211353579879906,negative_seasonally_adjusted_permit_value,X-13 additive SA value < 0,processed permits SA,
11020,"Altoona, PA",2012-06-01,permits units SA,-0.64043232171107,negative_seasonally_adjusted_permit_value,X-13 additive SA value < 0,processed permits SA,
11020,"Altoona, PA",2012-10-01,permits units SA,-0.203232230555542,negative_seasonally_adjusted_permit_value,X-13 additive SA value < 0,processed permits SA,
11020,"Altoona, PA",2012-12-01,permits units SA,-0.167992457791823,negative_seasonally_adjusted_permit_value,X-13 additive SA value < 0,processed permits SA,
11020,"Altoona, PA",2013-10-01,permits units SA,-0.283406118181173,negative_seasonally_adjusted_permit_value,X-13 additive SA value < 0,processed permits SA,
11020,"Altoona, PA",2013-12-01,permits units SA,-0.0804570562802623,negative_seasonally_adjusted_permit_value,X-13 additive SA value < 0,processed permits SA,
11020,"Altoona, PA",2014-02-01,permits units SA,-0.337256909889896,negative_seasonally_adjusted_permit_value,X-13 additive SA value < 0,processed permits SA,
11020,"Altoona, PA",2014-06-01,permits units SA,-0.74390114569126,negative_seasonally_adjusted_permit_value,X-13 additive SA value < 0,processed permits SA,
11020,"Altoona, PA",2014-08-01,permits units SA,-0.468392840812145,negative_seasonally_adjusted_permit_value,X-13 additive SA value < 0,processed permits SA,
11020,"Altoona, PA",2014-10-01,permits units SA,-0.127363771123268,negative_seasonally_adjusted_permit_value,X-13 additive SA value < 0,processed permits SA,
11020,"Altoona, PA",2014-12-01,permits units SA,-0.373312809860869,negative_seasonally_adjusted_permit_value,X-13 additive SA value < 0,processed permits SA,
11020,"Altoona, PA",2015-10-01,permits units SA,-0.178374999840402,negative_seasonally_adjusted_permit_value,X-13 additive SA value < 0,processed permits SA,
11020,"Altoona, PA",2015-12-01,permits units SA,-0.0340535265152121,negative_seasonally_adjusted_permit_value,X-13 additive SA value < 0,processed permits SA,
11020,"Altoona, PA",2016-02-01,permits units SA,-0.60728740853301,negative_seasonally_adjusted_permit_value,X-13 additive SA value < 0,processed permits SA,
11020,"Altoona, PA",2016-04-01,permits units SA,-0.803164056348622,negative_seasonally_adjusted_permit_value,X-13 additive SA value < 0,processed permits SA,
11020,"Altoona, PA",2016-06-01,permits units SA,-0.791916874221601,negative_seasonally_adjusted_permit_value,X-13 additive SA value < 0,processed permits SA,
11020,"Altoona, PA",2016-08-01,permits units SA,-0.739713794932614,negative_seasonally_adjusted_permit_value,X-13 additive SA value < 0,processed permits SA,
11020,"Altoona, PA",2016-12-01,permits units SA,-0.638435036360645,negative_seasonally_adjusted_permit_value,X-13 additive SA value < 0,processed permits SA,
11020,"Altoona, PA",2026-06-01,employment,61.6,BLS preliminary observation,preliminary_flag==1,BLS CES,
11100,"Amarillo, TX",2026-06-01,employment,131.3,BLS preliminary observation,preliminary_flag==1,BLS CES,
11180,"Ames, IA",2013-02-01,permits units SA,-15.656201614678,negative_seasonally_adjusted_permit_value,X-13 additive SA value < 0,processed permits SA,
11180,"Ames, IA",2014-02-01,permits units SA,-1.23242589398371,negative_seasonally_adjusted_permit_value,X-13 additive SA value < 0,processed permits SA,
11180,"Ames, IA",2014-08-01,permits units SA,-4.18811865843344,negative_seasonally_adjusted_permit_value,X-13 additive SA value < 0,processed permits SA,
11180,"Ames, IA",2026-06-01,employment,61.7,BLS preliminary observation,preliminary_flag==1,BLS CES,
11260,"Anchorage, AK",2026-06-01,employment,182.1,BLS preliminary observation,preliminary_flag==1,BLS CES,
11460,"Ann Arbor, MI",2014-02-01,permits units SA,-9.4007734409229,negative_seasonally_adjusted_permit_value,X-13 additive SA value < 0,processed permits SA,
11460,"Ann Arbor, MI",2026-06-01,employment,232.2,BLS preliminary observation,preliminary_flag==1,BLS CES,
11540,"Appleton, WI",2026-06-01,employment,128.4,BLS preliminary observation,preliminary_flag==1,BLS CES,
11700,"Asheville, NC",2026-06-01,employment,187.8,BLS preliminary observation,preliminary_flag==1,BLS CES,
12620,"Bangor, ME",2007-02-01,permits units SA,-0.0635524198770163,negative_seasonally_adjusted_permit_value,X-13 additive SA value < 0,processed permits SA,
12620,"Bangor, ME",2026-06-01,employment,75.3,BLS preliminary observation,preliminary_flag==1,BLS CES,
12700,"Barnstable Town, MA",2012-06-01,permits units SA,-0.611205013198868,negative_seasonally_adjusted_permit_value,X-13 additive SA value < 0,processed permits SA,
12700,"Barnstable Town, MA",2026-06-01,employment,99.2,BLS preliminary observation,preliminary_flag==1,BLS CES,
12940,"Baton Rouge, LA",2026-06-01,employment,437.8,BLS preliminary observation,preliminary_flag==1,BLS CES,
12980,"Battle Creek, MI",2004-04-01,permits units SA,-0.0116386456875131,negative_seasonally_adjusted_permit_value,X-13 additive SA value < 0,processed permits SA,
12980,"Battle Creek, MI",2004-06-01,permits units SA,-0.00766627004499537,negative_seasonally_adjusted_permit_value,X-13 additive SA value < 0,processed permits SA,
12980,"Battle Creek, MI",2004-08-01,permits units SA,-0.495527367770987,negative_seasonally_adjusted_permit_value,X-13 additive SA value < 0,processed permits SA,
12980,"Battle Creek, MI",2004-10-01,permits units SA,-0.0601574512571293,negative_seasonally_adjusted_permit_value,X-13 additive SA value < 0,processed permits SA,
12980,"Battle Creek, MI",2006-12-01,permits units SA,-0.393948836417453,negative_seasonally_adjusted_permit_value,X-13 additive SA value < 0,processed permits SA,
12980,"Battle Creek, MI",2007-02-01,permits units SA,-0.248573347000087,negative_seasonally_adjusted_permit_value,X-13 additive SA value < 0,processed permits SA,
12980,"Battle Creek, MI",2008-06-01,permits units SA,-0.000416289010444802,negative_seasonally_adjusted_permit_value,X-13 additive SA value < 0,processed permits SA,
12980,"Battle Creek, MI",2008-08-01,permits units SA,-0.232883649772076,negative_seasonally_adjusted_permit_value,X-13 additive SA value < 0,processed permits SA,
12980,"Battle Creek, MI",2008-12-01,permits units SA,-0.308847960838144,negative_seasonally_adjusted_permit_value,X-13 additive SA value < 0,processed permits SA,
12980,"Battle Creek, MI",2009-04-01,permits units SA,-0.121625850993051,negative_seasonally_adjusted_permit_value,X-13 additive SA value < 0,processed permits SA,
12980,"Battle Creek, MI",2010-08-01,permits units SA,-0.271944602674705,negative_seasonally_adjusted_permit_value,X-13 additive SA value < 0,processed permits SA,
12980,"Battle Creek, MI",2010-12-01,permits units SA,-0.37235452246646,negative_seasonally_adjusted_permit_value,X-13 additive SA value < 0,processed permits SA,
12980,"Battle Creek, MI",2012-02-01,permits units SA,-0.768134179515343,negative_seasonally_adjusted_permit_value,X-13 additive SA value < 0,processed permits SA,
12980,"Battle Creek, MI",2012-04-01,permits units SA,-0.14003537284147,negative_seasonally_adjusted_permit_value,X-13 additive SA value < 0,processed permits SA,
12980,"Battle Creek, MI",2014-02-01,permits units SA,-1.3970076982972,negative_seasonally_adjusted_permit_value,X-13 additive SA value < 0,processed permits SA,
12980,"Battle Creek, MI",2014-04-01,permits units SA,-0.460410731573463,negative_seasonally_adjusted_permit_value,X-13 additive SA value < 0,processed permits SA,
12980,"Battle Creek, MI",2014-08-01,permits units SA,-0.826672609772537,negative_seasonally_adjusted_permit_value,X-13 additive SA value < 0,processed permits SA,
12980,"Battle Creek, MI",2015-02-01,permits units SA,-0.0470596829816189,negative_seasonally_adjusted_permit_value,X-13 additive SA value < 0,processed permits SA,
12980,"Battle Creek, MI",2017-02-01,permits units SA,-0.217856354393441,negative_seasonally_adjusted_permit_value,X-13 additive SA value < 0,processed permits SA,
12980,"Battle Creek, MI",2026-06-01,employment,59.1,BLS preliminary observation,preliminary_flag==1,BLS CES,
13020,"Bay City, MI",2004-12-01,permits units SA,-0.464943946857789,negative_seasonally_adjusted_permit_value,X-13 additive SA value < 0,processed permits SA,
13020,"Bay City, MI",2005-02-01,permits units SA,-0.215589166590067,negative_seasonally_adjusted_permit_value,X-13 additive SA value < 0,processed permits SA,
13020,"Bay City, MI",2006-02-01,permits units SA,-0.458745937521635,negative_seasonally_adjusted_permit_value,X-13 additive SA value < 0,processed permits SA,
13020,"Bay City, MI",2006-08-01,permits units SA,-0.355084916230376,negative_seasonally_adjusted_permit_value,X-13 additive SA value < 0,processed permits SA,
13020,"Bay City, MI",2006-10-01,permits units SA,-0.184684735753224,negative_seasonally_adjusted_permit_value,X-13 additive SA value < 0,processed permits SA,
13020,"Bay City, MI",2008-08-01,permits units SA,-0.253624986385972,negative_seasonally_adjusted_permit_value,X-13 additive SA value < 0,processed permits SA,
13020,"Bay City, MI",2008-10-01,permits units SA,-0.0443131681439442,negative_seasonally_adjusted_permit_value,X-13 additive SA value < 0,processed permits SA,
13020,"Bay City, MI",2010-12-01,permits units SA,-1.04521506066187,negative_seasonally_adjusted_permit_value,X-13 additive SA value < 0,processed permits SA,
13020,"Bay City, MI",2011-12-01,permits units SA,-0.0712999690059803,negative_seasonally_adjusted_permit_value,X-13 additive SA value < 0,processed permits SA,
13020,"Bay City, MI",2012-02-01,permits units SA,-0.365902370585932,negative_seasonally_adjusted_permit_value,X-13 additive SA value < 0,processed permits SA,
13020,"Bay City, MI",2013-12-01,permits units SA,-0.0403423689955817,negative_seasonally_adjusted_permit_value,X-13 additive SA value < 0,processed permits SA,
13020,"Bay City, MI",2014-04-01,permits units SA,-0.487291756060245,negative_seasonally_adjusted_permit_value,X-13 additive SA value < 0,processed permits SA,
13020,"Bay City, MI",2014-06-01,permits units SA,-0.00073292477476905,negative_seasonally_adjusted_permit_value,X-13 additive SA value < 0,processed permits SA,
13020,"Bay City, MI",2014-10-01,permits units SA,-0.155036758530923,negative_seasonally_adjusted_permit_value,X-13 additive SA value < 0,processed permits SA,
13020,"Bay City, MI",2016-06-01,permits units SA,-0.276068227330903,negative_seasonally_adjusted_permit_value,X-13 additive SA value < 0,processed permits SA,
13020,"Bay City, MI",2026-06-01,employment,35.5,BLS preliminary observation,preliminary_flag==1,BLS CES,
13220,"Beckley, WV",2022-02-01,permits units SA,-0.117017894580933,negative_seasonally_adjusted_permit_value,X-13 additive SA value < 0,processed permits SA,
13220,"Beckley, WV",2026-06-01,employment,43.5,BLS preliminary observation,preliminary_flag==1,BLS CES,
13380,"Bellingham, WA",2026-06-01,employment,96.2,BLS preliminary observation,preliminary_flag==1,BLS CES,
13460,"Bend, OR",2026-06-01,employment,110.6,BLS preliminary observation,preliminary_flag==1,BLS CES,
13740,"Billings, MT",2021-06-01,permits units SA,-23.8203740962152,negative_seasonally_adjusted_permit_value,X-13 additive SA value < 0,processed permits SA,
13740,"Billings, MT",2025-06-01,permits units SA,-0.00351124122384761,negative_seasonally_adjusted_permit_value,X-13 additive SA value < 0,processed permits SA,
13740,"Billings, MT",2026-06-01,employment,95.0,BLS preliminary observation,preliminary_flag==1,BLS CES,
13780,"Binghamton, NY",2004-02-01,permits units SA,-0.0637728040238375,negative_seasonally_adjusted_permit_value,X-13 additive SA value < 0,processed permits SA,
13780,"Binghamton, NY",2004-06-01,permits units SA,-0.204144423885743,negative_seasonally_adjusted_permit_value,X-13 additive SA value < 0,processed permits SA,
13780,"Binghamton, NY",2004-08-01,permits units SA,-0.0383683267681762,negative_seasonally_adjusted_permit_value,X-13 additive SA value < 0,processed permits SA,
13780,"Binghamton, NY",2004-10-01,permits units SA,-0.270817550050312,negative_seasonally_adjusted_permit_value,X-13 additive SA value < 0,processed permits SA,
13780,"Binghamton, NY",2004-12-01,permits units SA,-0.139568918354542,negative_seasonally_adjusted_permit_value,X-13 additive SA value < 0,processed permits SA,
13780,"Binghamton, NY",2006-02-01,permits units SA,-0.109344798925872,negative_seasonally_adjusted_permit_value,X-13 additive SA value < 0,processed permits SA,
13780,"Binghamton, NY",2006-04-01,permits units SA,-0.0388490631967051,negative_seasonally_adjusted_permit_value,X-13 additive SA value < 0,processed permits SA,
13780,"Binghamton, NY",2006-06-01,permits units SA,-0.218075435004039,negative_seasonally_adjusted_permit_value,X-13 additive SA value < 0,processed permits SA,
13780,"Binghamton, NY",2006-10-01,permits units SA,-0.197397327362318,negative_seasonally_adjusted_permit_value,X-13 additive SA value < 0,processed permits SA,
13780,"Binghamton, NY",2006-12-01,permits units SA,-0.00844808117185835,negative_seasonally_adjusted_permit_value,X-13 additive SA value < 0,processed permits SA,
13780,"Binghamton, NY",2007-02-01,permits units SA,-0.0672493501877395,negative_seasonally_adjusted_permit_value,X-13 additive SA value < 0,processed permits SA,
13780,"Binghamton, NY",2009-10-01,permits units SA,-0.117040680921205,negative_seasonally_adjusted_permit_value,X-13 additive SA value < 0,processed permits SA,
13780,"Binghamton, NY",2009-12-01,permits units SA,-0.144829465866652,negative_seasonally_adjusted_permit_value,X-13 additive SA value < 0,processed permits SA,
13780,"Binghamton, NY",2010-02-01,permits units SA,-0.442253595978694,negative_seasonally_adjusted_permit_value,X-13 additive SA value < 0,processed permits SA,
13780,"Binghamton, NY",2010-04-01,permits units SA,-0.913166330267971,negative_seasonally_adjusted_permit_value,X-13 additive SA value < 0,processed permits SA,
13780,"Binghamton, NY",2010-06-01,permits units SA,-0.430486931335705,negative_seasonally_adjusted_permit_value,X-13 additive SA value < 0,processed permits SA,
13780,"Binghamton, NY",2010-08-01,permits units SA,-0.0458777641625285,negative_seasonally_adjusted_permit_value,X-13 additive SA value < 0,processed permits SA,
13780,"Binghamton, NY",2011-10-01,permits units SA,-0.492881223926503,negative_seasonally_adjusted_permit_value,X-13 additive SA value < 0,processed permits SA,
13780,"Binghamton, NY",2011-12-01,permits units SA,-1.28211599185247,negative_seasonally_adjusted_permit_value,X-13 additive SA value < 0,processed permits SA,
13780,"Binghamton, NY",2012-02-01,permits units SA,-0.731038224211102,negative_seasonally_adjusted_permit_value,X-13 additive SA value < 0,processed permits SA,
13780,"Binghamton, NY",2012-04-01,permits units SA,-1.02587804636519,negative_seasonally_adjusted_permit_value,X-13 additive SA value < 0,processed permits SA,
13780,"Binghamton, NY",2012-06-01,permits units SA,-1.06362292005815,negative_seasonally_adjusted_permit_value,X-13 additive SA value < 0,processed permits SA,
13780,"Binghamton, NY",2013-10-01,permits units SA,-0.629517889508022,negative_seasonally_adjusted_permit_value,X-13 additive SA value < 0,processed permits SA,
13780,"Binghamton, NY",2013-12-01,permits units SA,-3.27540971546213,negative_seasonally_adjusted_permit_value,X-13 additive SA value < 0,processed permits SA,
13780,"Binghamton, NY",2014-02-01,permits units SA,-0.37061293599025,negative_seasonally_adjusted_permit_value,X-13 additive SA value < 0,processed permits SA,
13780,"Binghamton, NY",2014-06-01,permits units SA,-1.76432548802651,negative_seasonally_adjusted_permit_value,X-13 additive SA value < 0,processed permits SA,
13780,"Binghamton, NY",2014-10-01,permits units SA,-0.319458248115729,negative_seasonally_adjusted_permit_value,X-13 additive SA value < 0,processed permits SA,
13780,"Binghamton, NY",2015-10-01,permits units SA,-0.918553978977598,negative_seasonally_adjusted_permit_value,X-13 additive SA value < 0,processed permits SA,
13780,"Binghamton, NY",2015-12-01,permits units SA,-5.12397179712495,negative_seasonally_adjusted_permit_value,X-13 additive SA value < 0,processed permits SA,
13780,"Binghamton, NY",2016-02-01,permits units SA,-0.00705638087413432,negative_seasonally_adjusted_permit_value,X-13 additive SA value < 0,processed permits SA,
13780,"Binghamton, NY",2016-04-01,permits units SA,-1.46669242487874,negative_seasonally_adjusted_permit_value,X-13 additive SA value < 0,processed permits SA,
13780,"Binghamton, NY",2016-06-01,permits units SA,-2.0173728871672,negative_seasonally_adjusted_permit_value,X-13 additive SA value < 0,processed permits SA,
13780,"Binghamton, NY",2016-08-01,permits units SA,-0.0270354356767321,negative_seasonally_adjusted_permit_value,X-13 additive SA value < 0,processed permits SA,
13780,"Binghamton, NY",2016-10-01,permits units SA,-0.716994774098856,negative_seasonally_adjusted_permit_value,X-13 additive SA value < 0,processed permits SA,
13780,"Binghamton, NY",2026-06-01,employment,101.3,BLS preliminary observation,preliminary_flag==1,BLS CES,
13820,"Birmingham, AL",2026-06-01,employment,570.4,BLS preliminary observation,preliminary_flag==1,BLS CES,
13900,"Bismarck, ND",2026-06-01,employment,73.9,BLS preliminary observation,preliminary_flag==1,BLS CES,
14010,"Bloomington, IL",2026-06-01,employment,92.2,BLS preliminary observation,preliminary_flag==1,BLS CES,
14020,"Bloomington, IN",2014-12-01,permits units SA,-1.38864341762721,negative_seasonally_adjusted_permit_value,X-13 additive SA value < 0,processed permits SA,
14020,"Bloomington, IN",2019-10-01,permits units SA,-15.3462544813181,negative_seasonally_adjusted_permit_value,X-13 additive SA value < 0,processed permits SA,
14020,"Bloomington, IN",2020-06-01,permits units SA,-9.17706016389744,negative_seasonally_adjusted_permit_value,X-13 additive SA value < 0,processed permits SA,
14020,"Bloomington, IN",2022-12-01,permits units SA,-78.5609617717921,negative_seasonally_adjusted_permit_value,X-13 additive SA value < 0,processed permits SA,
14020,"Bloomington, IN",2026-06-01,employment,79.2,BLS preliminary observation,preliminary_flag==1,BLS CES,
14260,"Boise City, ID",2026-06-01,employment,415.9,BLS preliminary observation,preliminary_flag==1,BLS CES,
14500,"Boulder, CO",2013-06-01,permits units SA,-5.46615748108891,negative_seasonally_adjusted_permit_value,X-13 additive SA value < 0,processed permits SA,
14500,"Boulder, CO",2026-06-01,employment,203.9,BLS preliminary observation,preliminary_flag==1,BLS CES,
14540,"Bowling Green, KY",2026-06-01,employment,84.6,BLS preliminary observation,preliminary_flag==1,BLS CES,
15500,"Burlington, NC",2026-06-01,employment,68.4,BLS preliminary observation,preliminary_flag==1,BLS CES,
16180,"Carson City, NV",2022-06-01,permits units SA,-1.55650800699747,negative_seasonally_adjusted_permit_value,X-13 additive SA value < 0,processed permits SA,
16180,"Carson City, NV",2026-06-01,employment,32.5,BLS preliminary observation,preliminary_flag==1,BLS CES,
16220,"Casper, WY",2026-06-01,employment,40.5,BLS preliminary observation,preliminary_flag==1,BLS CES,
16300,"Cedar Rapids, IA",2026-06-01,employment,137.1,BLS preliminary observation,preliminary_flag==1,BLS CES,
16540,"Chambersburg, PA",2026-06-01,employment,64.3,BLS preliminary observation,preliminary_flag==1,BLS CES,
16620,"Charleston, WV",2026-06-01,employment,105.1,BLS preliminary observation,preliminary_flag==1,BLS CES,
16820,"Charlottesville, VA",2026-06-01,employment,127.4,BLS preliminary observation,preliminary_flag==1,BLS CES,
16940,"Cheyenne, WY",2020-10-01,permits units SA,-13.9844447006497,negative_seasonally_adjusted_permit_value,X-13 additive SA value < 0,processed permits SA,
16940,"Cheyenne, WY",2026-06-01,employment,48.6,BLS preliminary observation,preliminary_flag==1,BLS CES,
17020,"Chico, CA",2016-02-01,permits units SA,-6.13907024921595,negative_seasonally_adjusted_permit_value,X-13 additive SA value < 0,processed permits SA,
17020,"Chico, CA",2026-06-01,employment,77.5,BLS preliminary observation,preliminary_flag==1,BLS CES,
17420,"Cleveland, TN",2026-06-01,employment,46.0,BLS preliminary observation,preliminary_flag==1,BLS CES,
17660,"Coeur d'Alene, ID",2026-06-01,employment,76.8,BLS preliminary observation,preliminary_flag==1,BLS CES,
17820,"Colorado Springs, CO",2026-06-01,employment,330.2,BLS preliminary observation,preliminary_flag==1,BLS CES,
17860,"Columbia, MO",2026-06-01,employment,119.6,BLS preliminary observation,preliminary_flag==1,BLS CES,
17900,"Columbia, SC",2026-06-01,employment,436.2,BLS preliminary observation,preliminary_flag==1,BLS CES,
18020,"Columbus, IN",2026-06-01,employment,51.0,BLS preliminary observation,preliminary_flag==1,BLS CES,
18140,"Columbus, OH",2026-06-01,employment,1191.5,BLS preliminary observation,preliminary_flag==1,BLS CES,
18580,"Corpus Christi, TX",2026-06-01,employment,202.8,BLS preliminary observation,preliminary_flag==1,BLS CES,
18700,"Corvallis, OR",2004-02-01,permits units SA,-0.0554375619084073,negative_seasonally_adjusted_permit_value,X-13 additive SA value < 0,processed permits SA,
18700,"Corvallis, OR",2004-12-01,permits units SA,-0.00152773178215426,negative_seasonally_adjusted_permit_value,X-13 additive SA value < 0,processed permits SA,
18700,"Corvallis, OR",2006-02-01,permits units SA,-8.37236311755558,negative_seasonally_adjusted_permit_value,X-13 additive SA value < 0,processed permits SA,
18700,"Corvallis, OR",2007-12-01,permits units SA,-4.42787465149549,negative_seasonally_adjusted_permit_value,X-13 additive SA value < 0,processed permits SA,
18700,"Corvallis, OR",2009-10-01,permits units SA,-0.286357154506833,negative_seasonally_adjusted_permit_value,X-13 additive SA value < 0,processed permits SA,
18700,"Corvallis, OR",2010-02-01,permits units SA,-11.3955993813252,negative_seasonally_adjusted_permit_value,X-13 additive SA value < 0,processed permits SA,
18700,"Corvallis, OR",2013-06-01,permits units SA,-3.59672852205734,negative_seasonally_adjusted_permit_value,X-13 additive SA value < 0,processed permits SA,
18700,"Corvallis, OR",2013-08-01,permits units SA,-0.940405741176931,negative_seasonally_adjusted_permit_value,X-13 additive SA value < 0,processed permits SA,
18700,"Corvallis, OR",2013-10-01,permits units SA,-2.44932981128319,negative_seasonally_adjusted_permit_value,X-13 additive SA value < 0,processed permits SA,
18700,"Corvallis, OR",2013-12-01,permits units SA,-5.84489161216067,negative_seasonally_adjusted_permit_value,X-13 additive SA value < 0,processed permits SA,
18700,"Corvallis, OR",2022-10-01,permits units SA,-4.1177483120065,negative_seasonally_adjusted_permit_value,X-13 additive SA value < 0,processed permits SA,
18700,"Corvallis, OR",2023-02-01,permits units SA,-7.70972738879189,negative_seasonally_adjusted_permit_value,X-13 additive SA value < 0,processed permits SA,
18700,"Corvallis, OR",2023-04-01,permits units SA,-1.93720084477721,negative_seasonally_adjusted_permit_value,X-13 additive SA value < 0,processed permits SA,
18700,"Corvallis, OR",2023-12-01,permits units SA,-8.23372250340247,negative_seasonally_adjusted_permit_value,X-13 additive SA value < 0,processed permits SA,
18700,"Corvallis, OR",2026-06-01,employment,44.3,BLS preliminary observation,preliminary_flag==1,BLS CES,
19460,"Decatur, AL",2026-06-01,employment,63.8,BLS preliminary observation,preliminary_flag==1,BLS CES,
19500,"Decatur, IL",2004-06-01,permits units SA,-0.129298839166632,negative_seasonally_adjusted_permit_value,X-13 additive SA value < 0,processed permits SA,
19500,"Decatur, IL",2010-02-01,permits units SA,-0.351191008363139,negative_seasonally_adjusted_permit_value,X-13 additive SA value < 0,processed permits SA,
19500,"Decatur, IL",2010-10-01,permits units SA,-0.520649762324277,negative_seasonally_adjusted_permit_value,X-13 additive SA value < 0,processed permits SA,
19500,"Decatur, IL",2014-02-01,permits units SA,-0.525430302428851,negative_seasonally_adjusted_permit_value,X-13 additive SA value < 0,processed permits SA,
19500,"Decatur, IL",2014-08-01,permits units SA,-0.877570145076525,negative_seasonally_adjusted_permit_value,X-13 additive SA value < 0,processed permits SA,
19500,"Decatur, IL",2015-12-01,permits units SA,-0.563534896237576,negative_seasonally_adjusted_permit_value,X-13 additive SA value < 0,processed permits SA,
19500,"Decatur, IL",2016-10-01,permits units SA,-0.805597778579786,negative_seasonally_adjusted_permit_value,X-13 additive SA value < 0,processed permits SA,
19500,"Decatur, IL",2018-02-01,permits units SA,-0.823501695322802,negative_seasonally_adjusted_permit_value,X-13 additive SA value < 0,processed permits SA,
19500,"Decatur, IL",2018-08-01,permits units SA,-1.65528149874638,negative_seasonally_adjusted_permit_value,X-13 additive SA value < 0,processed permits SA,
19500,"Decatur, IL",2020-02-01,permits units SA,-0.0397722214635219,negative_seasonally_adjusted_permit_value,X-13 additive SA value < 0,processed permits SA,
19500,"Decatur, IL",2026-04-01,permits units SA,-0.260659892635984,negative_seasonally_adjusted_permit_value,X-13 additive SA value < 0,processed permits SA,
19500,"Decatur, IL",2026-06-01,employment,47.3,BLS preliminary observation,preliminary_flag==1,BLS CES,
20020,"Dothan, AL",2026-06-01,employment,63.8,BLS preliminary observation,preliminary_flag==1,BLS CES,
20100,"Dover, DE",2026-06-01,employment,73.4,BLS preliminary observation,preliminary_flag==1,BLS CES,
20220,"Dubuque, IA",2016-02-01,permits units SA,-0.589881102556282,negative_seasonally_adjusted_permit_value,X-13 additive SA value < 0,processed permits SA,
20220,"Dubuque, IA",2016-12-01,permits units SA,-1.50340503228482,negative_seasonally_adjusted_permit_value,X-13 additive SA value < 0,processed permits SA,
20220,"Dubuque, IA",2020-12-01,permits units SA,-5.42788517644945,negative_seasonally_adjusted_permit_value,X-13 additive SA value < 0,processed permits SA,
20220,"Dubuque, IA",2021-02-01,permits units SA,-0.924663578035133,negative_seasonally_adjusted_permit_value,X-13 additive SA value < 0,processed permits SA,
20220,"Dubuque, IA",2023-02-01,permits units SA,-7.17546710209654,negative_seasonally_adjusted_permit_value,X-13 additive SA value < 0,processed permits SA,
20220,"Dubuque, IA",2026-06-01,employment,58.8,BLS preliminary observation,preliminary_flag==1,BLS CES,
20740,"Eau Claire, WI",2026-06-01,employment,90.3,BLS preliminary observation,preliminary_flag==1,BLS CES,
20940,"El Centro, CA",2004-10-01,permits units SA,-2.31251609922719,negative_seasonally_adjusted_permit_value,X-13 additive SA value < 0,processed permits SA,
20940,"El Centro, CA",2008-06-01,permits units SA,-6.34637503839444,negative_seasonally_adjusted_permit_value,X-13 additive SA value < 0,processed permits SA,
20940,"El Centro, CA",2008-08-01,permits units SA,-0.493652287505499,negative_seasonally_adjusted_permit_value,X-13 additive SA value < 0,processed permits SA,
20940,"El Centro, CA",2010-06-01,permits units SA,-1.22149885800252,negative_seasonally_adjusted_permit_value,X-13 additive SA value < 0,processed permits SA,
20940,"El Centro, CA",2026-06-01,employment,61.0,BLS preliminary observation,preliminary_flag==1,BLS CES,
21060,"Elizabethtown, KY",2024-10-01,permits units SA,-17.667688978577,negative_seasonally_adjusted_permit_value,X-13 additive SA value < 0,processed permits SA,
21060,"Elizabethtown, KY",2026-06-01,employment,52.5,BLS preliminary observation,preliminary_flag==1,BLS CES,
21300,"Elmira, NY",2004-06-01,permits units SA,-0.0734125362399209,negative_seasonally_adjusted_permit_value,X-13 additive SA value < 0,processed permits SA,
21300,"Elmira, NY",2004-10-01,permits units SA,-0.0521400703589771,negative_seasonally_adjusted_permit_value,X-13 additive SA value < 0,processed permits SA,
21300,"Elmira, NY",2005-02-01,permits units SA,-0.0549837199761259,negative_seasonally_adjusted_permit_value,X-13 additive SA value < 0,processed permits SA,
21300,"Elmira, NY",2006-02-01,permits units SA,-0.525131186081785,negative_seasonally_adjusted_permit_value,X-13 additive SA value < 0,processed permits SA,
21300,"Elmira, NY",2006-08-01,permits units SA,-0.159756746536398,negative_seasonally_adjusted_permit_value,X-13 additive SA value < 0,processed permits SA,
21300,"Elmira, NY",2006-10-01,permits units SA,-0.204305169985373,negative_seasonally_adjusted_permit_value,X-13 additive SA value < 0,processed permits SA,
21300,"Elmira, NY",2006-12-01,permits units SA,-0.265013309858262,negative_seasonally_adjusted_permit_value,X-13 additive SA value < 0,processed permits SA,
21300,"Elmira, NY",2007-06-01,permits units SA,-0.0565921468950827,negative_seasonally_adjusted_permit_value,X-13 additive SA value < 0,processed permits SA,
21300,"Elmira, NY",2007-12-01,permits units SA,-0.30524040164975,negative_seasonally_adjusted_permit_value,X-13 additive SA value < 0,processed permits SA,
21300,"Elmira, NY",2008-08-01,permits units SA,-0.0586910046631891,negative_seasonally_adjusted_permit_value,X-13 additive SA value < 0,processed permits SA,
21300,"Elmira, NY",2008-10-01,permits units SA,-0.331079213703188,negative_seasonally_adjusted_permit_value,X-13 additive SA value < 0,processed permits SA,
21300,"Elmira, NY",2008-12-01,permits units SA,-0.0616680070675107,negative_seasonally_adjusted_permit_value,X-13 additive SA value < 0,processed permits SA,
21300,"Elmira, NY",2009-08-01,permits units SA,-0.363577322212628,negative_seasonally_adjusted_permit_value,X-13 additive SA value < 0,processed permits SA,
21300,"Elmira, NY",2010-02-01,permits units SA,-0.903461221126916,negative_seasonally_adjusted_permit_value,X-13 additive SA value < 0,processed permits SA,
21300,"Elmira, NY",2011-06-01,permits units SA,-0.0237811143825654,negative_seasonally_adjusted_permit_value,X-13 additive SA value < 0,processed permits SA,
21300,"Elmira, NY",2011-08-01,permits units SA,-0.435297560052217,negative_seasonally_adjusted_permit_value,X-13 additive SA value < 0,processed permits SA,
21300,"Elmira, NY",2011-10-01,permits units SA,-0.190793786246805,negative_seasonally_adjusted_permit_value,X-13 additive SA value < 0,processed permits SA,
21300,"Elmira, NY",2011-12-01,permits units SA,-0.417782186953377,negative_seasonally_adjusted_permit_value,X-13 additive SA value < 0,processed permits SA,
21300,"Elmira, NY",2012-04-01,permits units SA,-0.053158548442564,negative_seasonally_adjusted_permit_value,X-13 additive SA value < 0,processed permits SA,
21300,"Elmira, NY",2013-06-01,permits units SA,-0.215441516209613,negative_seasonally_adjusted_permit_value,X-13 additive SA value < 0,processed permits SA,
21300,"Elmira, NY",2013-08-01,permits units SA,-0.556536786383723,negative_seasonally_adjusted_permit_value,X-13 additive SA value < 0,processed permits SA,
21300,"Elmira, NY",2013-10-01,permits units SA,-0.457802976551921,negative_seasonally_adjusted_permit_value,X-13 additive SA value < 0,processed permits SA,
21300,"Elmira, NY",2013-12-01,permits units SA,-0.633430168508777,negative_seasonally_adjusted_permit_value,X-13 additive SA value < 0,processed permits SA,
21300,"Elmira, NY",2014-02-01,permits units SA,-0.0314440647033964,negative_seasonally_adjusted_permit_value,X-13 additive SA value < 0,processed permits SA,
21300,"Elmira, NY",2014-04-01,permits units SA,-0.195426731928154,negative_seasonally_adjusted_permit_value,X-13 additive SA value < 0,processed permits SA,
21300,"Elmira, NY",2014-06-01,permits units SA,-0.0821876977623127,negative_seasonally_adjusted_permit_value,X-13 additive SA value < 0,processed permits SA,
21300,"Elmira, NY",2014-10-01,permits units SA,-0.281866456877245,negative_seasonally_adjusted_permit_value,X-13 additive SA value < 0,processed permits SA,
21300,"Elmira, NY",2015-06-01,permits units SA,-0.573459740481971,negative_seasonally_adjusted_permit_value,X-13 additive SA value < 0,processed permits SA,
21300,"Elmira, NY",2015-10-01,permits units SA,-0.880713603250402,negative_seasonally_adjusted_permit_value,X-13 additive SA value < 0,processed permits SA,
21300,"Elmira, NY",2015-12-01,permits units SA,-0.846878952796686,negative_seasonally_adjusted_permit_value,X-13 additive SA value < 0,processed permits SA,
21300,"Elmira, NY",2016-04-01,permits units SA,-0.184036847012907,negative_seasonally_adjusted_permit_value,X-13 additive SA value < 0,processed permits SA,
21300,"Elmira, NY",2016-06-01,permits units SA,-0.328936254205889,negative_seasonally_adjusted_permit_value,X-13 additive SA value < 0,processed permits SA,
21300,"Elmira, NY",2016-10-01,permits units SA,-0.00526419671468799,negative_seasonally_adjusted_permit_value,X-13 additive SA value < 0,processed permits SA,
21300,"Elmira, NY",2017-06-01,permits units SA,-0.828368645430917,negative_seasonally_adjusted_permit_value,X-13 additive SA value < 0,processed permits SA,
21300,"Elmira, NY",2026-06-01,employment,34.7,BLS preliminary observation,preliminary_flag==1,BLS CES,
21340,"El Paso, TX",2026-06-01,employment,365.3,BLS preliminary observation,preliminary_flag==1,BLS CES,
21420,"Enid, OK",2016-06-01,permits units SA,-0.370296985081132,negative_seasonally_adjusted_permit_value,X-13 additive SA value < 0,processed permits SA,
21420,"Enid, OK",2020-02-01,permits units SA,-0.743013548231003,negative_seasonally_adjusted_permit_value,X-13 additive SA value < 0,processed permits SA,
21420,"Enid, OK",2020-06-01,permits units SA,-0.0511284939078075,negative_seasonally_adjusted_permit_value,X-13 additive SA value < 0,processed permits SA,
21420,"Enid, OK",2020-08-01,permits units SA,-0.32390223818297,negative_seasonally_adjusted_permit_value,X-13 additive SA value < 0,processed permits SA,
21420,"Enid, OK",2020-12-01,permits units SA,-0.545757164823584,negative_seasonally_adjusted_permit_value,X-13 additive SA value < 0,processed permits SA,
21420,"Enid, OK",2021-06-01,permits units SA,-0.724383158750374,negative_seasonally_adjusted_permit_value,X-13 additive SA value < 0,processed permits SA,
21420,"Enid, OK",2022-02-01,permits units SA,-0.499069187621459,negative_seasonally_adjusted_permit_value,X-13 additive SA value < 0,processed permits SA,
21420,"Enid, OK",2024-02-01,permits units SA,-0.4045150141783,negative_seasonally_adjusted_permit_value,X-13 additive SA value < 0,processed permits SA,
21420,"Enid, OK",2024-12-01,permits units SA,-0.421398558491336,negative_seasonally_adjusted_permit_value,X-13 additive SA value < 0,processed permits SA,
21420,"Enid, OK",2025-12-01,permits units SA,-0.539747936522932,negative_seasonally_adjusted_permit_value,X-13 additive SA value < 0,processed permits SA,
21420,"Enid, OK",2026-06-01,employment,24.4,BLS preliminary observation,preliminary_flag==1,BLS CES,
21500,"Erie, PA",2004-04-01,permits units SA,-2.59545933067903,negative_seasonally_adjusted_permit_value,X-13 additive SA value < 0,processed permits SA,
21500,"Erie, PA",2004-12-01,permits units SA,-7.7205400982556,negative_seasonally_adjusted_permit_value,X-13 additive SA value < 0,processed permits SA,
21500,"Erie, PA",2006-12-01,permits units SA,-4.67321796479665,negative_seasonally_adjusted_permit_value,X-13 additive SA value < 0,processed permits SA,
21500,"Erie, PA",2012-04-01,permits units SA,-1.14426150951145,negative_seasonally_adjusted_permit_value,X-13 additive SA value < 0,processed permits SA,
21500,"Erie, PA",2014-02-01,permits units SA,-0.744440331885274,negative_seasonally_adjusted_permit_value,X-13 additive SA value < 0,processed permits SA,
21500,"Erie, PA",2016-04-01,permits units SA,-1.65602807902376,negative_seasonally_adjusted_permit_value,X-13 additive SA value < 0,processed permits SA,
21500,"Erie, PA",2026-06-01,employment,126.8,BLS preliminary observation,preliminary_flag==1,BLS CES,
21780,"Evansville, IN",2026-06-01,employment,139.4,BLS preliminary observation,preliminary_flag==1,BLS CES,
22140,"Farmington, NM",2016-10-01,permits units SA,-1.19101285199252,negative_seasonally_adjusted_permit_value,X-13 additive SA value < 0,processed permits SA,
22140,"Farmington, NM",2026-06-01,employment,49.1,BLS preliminary observation,preliminary_flag==1,BLS CES,
22180,"Fayetteville, NC",2026-06-01,employment,134.0,BLS preliminary observation,preliminary_flag==1,BLS CES,
22380,"Flagstaff, AZ",2026-06-01,employment,70.1,BLS preliminary observation,preliminary_flag==1,BLS CES,
22420,"Flint, MI",2026-06-01,employment,144.1,BLS preliminary observation,preliminary_flag==1,BLS CES,
22500,"Florence, SC",2026-06-01,employment,96.2,BLS preliminary observation,preliminary_flag==1,BLS CES,
22540,"Fond du Lac, WI",2026-06-01,employment,46.7,BLS preliminary observation,preliminary_flag==1,BLS CES,
23060,"Fort Wayne, IN",2026-06-01,employment,239.4,BLS preliminary observation,preliminary_flag==1,BLS CES,
23420,"Fresno, CA",2026-06-01,employment,450.9,BLS preliminary observation,preliminary_flag==1,BLS CES,
23460,"Gadsden, AL",2026-06-01,employment,35.1,BLS preliminary observation,preliminary_flag==1,BLS CES,
23540,"Gainesville, FL",2026-06-01,employment,166.5,BLS preliminary observation,preliminary_flag==1,BLS CES,
23580,"Gainesville, GA",2026-06-01,employment,109.3,BLS preliminary observation,preliminary_flag==1,BLS CES,
23900,"Gettysburg, PA",2026-06-01,employment,33.9,BLS preliminary observation,preliminary_flag==1,BLS CES,
24020,"Glens Falls, NY",2026-06-01,employment,52.7,BLS preliminary observation,preliminary_flag==1,BLS CES,
24260,"Grand Island, NE",2016-02-01,permits units SA,-0.715686966125556,negative_seasonally_adjusted_permit_value,X-13 additive SA value < 0,processed permits SA,
24260,"Grand Island, NE",2026-06-01,employment,40.8,BLS preliminary observation,preliminary_flag==1,BLS CES,
24300,"Grand Junction, CO",2026-06-01,employment,68.2,BLS preliminary observation,preliminary_flag==1,BLS CES,
24500,"Great Falls, MT",2026-06-01,employment,36.4,BLS preliminary observation,preliminary_flag==1,BLS CES,
24540,"Greeley, CO",2026-06-01,employment,122.9,BLS preliminary observation,preliminary_flag==1,BLS CES,
24580,"Green Bay, WI",2026-06-01,employment,183.1,BLS preliminary observation,preliminary_flag==1,BLS CES,
24780,"Greenville, NC",2026-06-01,employment,85.7,BLS preliminary observation,preliminary_flag==1,BLS CES,
25220,"Hammond, LA",2026-06-01,employment,49.7,BLS preliminary observation,preliminary_flag==1,BLS CES,
25500,"Harrisonburg, VA",2026-06-01,employment,73.0,BLS preliminary observation,preliminary_flag==1,BLS CES,
25620,"Hattiesburg, MS",2013-12-01,permits units SA,-0.776281531438848,negative_seasonally_adjusted_permit_value,X-13 additive SA value < 0,processed permits SA,
25620,"Hattiesburg, MS",2026-06-01,employment,67.7,BLS preliminary observation,preliminary_flag==1,BLS CES,
25980,"Hinesville, GA",2026-06-01,employment,21.8,BLS preliminary observation,preliminary_flag==1,BLS CES,
26140,"Homosassa Springs, FL",2026-06-01,employment,36.9,BLS preliminary observation,preliminary_flag==1,BLS CES,
26300,"Hot Springs, AR",2005-04-01,permits units SA,-0.766414793728821,negative_seasonally_adjusted_permit_value,X-13 additive SA value < 0,processed permits SA,
26300,"Hot Springs, AR",2011-04-01,permits units SA,-1.32666660577816,negative_seasonally_adjusted_permit_value,X-13 additive SA value < 0,processed permits SA,
26300,"Hot Springs, AR",2012-10-01,permits units SA,-0.0282928090932808,negative_seasonally_adjusted_permit_value,X-13 additive SA value < 0,processed permits SA,
26300,"Hot Springs, AR",2012-12-01,permits units SA,-0.930629074488866,negative_seasonally_adjusted_permit_value,X-13 additive SA value < 0,processed permits SA,
26300,"Hot Springs, AR",2014-12-01,permits units SA,-0.787077901530955,negative_seasonally_adjusted_permit_value,X-13 additive SA value < 0,processed permits SA,
26300,"Hot Springs, AR",2015-02-01,permits units SA,-0.262023369518035,negative_seasonally_adjusted_permit_value,X-13 additive SA value < 0,processed permits SA,
26300,"Hot Springs, AR",2016-08-01,permits units SA,-2.862248071022,negative_seasonally_adjusted_permit_value,X-13 additive SA value < 0,processed permits SA,
26300,"Hot Springs, AR",2017-04-01,permits units SA,-1.39997365272364,negative_seasonally_adjusted_permit_value,X-13 additive SA value < 0,processed permits SA,
26300,"Hot Springs, AR",2018-12-01,permits units SA,-4.06653781123059,negative_seasonally_adjusted_permit_value,X-13 additive SA value < 0,processed permits SA,
26300,"Hot Springs, AR",2019-02-01,permits units SA,-0.386569515442925,negative_seasonally_adjusted_permit_value,X-13 additive SA value < 0,processed permits SA,
26300,"Hot Springs, AR",2020-12-01,permits units SA,-1.84567676166178,negative_seasonally_adjusted_permit_value,X-13 additive SA value < 0,processed permits SA,
26300,"Hot Springs, AR",2023-02-01,permits units SA,-3.19800522249658,negative_seasonally_adjusted_permit_value,X-13 additive SA value < 0,processed permits SA,
26300,"Hot Springs, AR",2023-04-01,permits units SA,-0.550836056978357,negative_seasonally_adjusted_permit_value,X-13 additive SA value < 0,processed permits SA,
26300,"Hot Springs, AR",2025-04-01,permits units SA,-0.792172533266464,negative_seasonally_adjusted_permit_value,X-13 additive SA value < 0,processed permits SA,
26300,"Hot Springs, AR",2026-06-01,employment,40.6,BLS preliminary observation,preliminary_flag==1,BLS CES,
26620,"Huntsville, AL",2026-06-01,employment,295.9,BLS preliminary observation,preliminary_flag==1,BLS CES,
26820,"Idaho Falls, ID",2026-06-01,employment,83.0,BLS preliminary observation,preliminary_flag==1,BLS CES,
26980,"Iowa City, IA",2010-04-01,permits units SA,-7.00397235895873,negative_seasonally_adjusted_permit_value,X-13 additive SA value < 0,processed permits SA,
26980,"Iowa City, IA",2026-06-01,employment,104.2,BLS preliminary observation,preliminary_flag==1,BLS CES,
27060,"Ithaca, NY",2005-12-01,permits units SA,-8.09956439166998,negative_seasonally_adjusted_permit_value,X-13 additive SA value < 0,processed permits SA,
27060,"Ithaca, NY",2009-12-01,permits units SA,-3.35310759028944,negative_seasonally_adjusted_permit_value,X-13 additive SA value < 0,processed permits SA,
27060,"Ithaca, NY",2016-04-01,permits units SA,-0.158177892043629,negative_seasonally_adjusted_permit_value,X-13 additive SA value < 0,processed permits SA,
27060,"Ithaca, NY",2016-06-01,permits units SA,-1.72791700146761,negative_seasonally_adjusted_permit_value,X-13 additive SA value < 0,processed permits SA,
27060,"Ithaca, NY",2016-08-01,permits units SA,-6.14578546355899,negative_seasonally_adjusted_permit_value,X-13 additive SA value < 0,processed permits SA,
27060,"Ithaca, NY",2026-06-01,employment,52.1,BLS preliminary observation,preliminary_flag==1,BLS CES,
27100,"Jackson, MI",2004-02-01,permits units SA,-0.0971007087115885,negative_seasonally_adjusted_permit_value,X-13 additive SA value < 0,processed permits SA,
27100,"Jackson, MI",2004-04-01,permits units SA,-0.812263029832671,negative_seasonally_adjusted_permit_value,X-13 additive SA value < 0,processed permits SA,
27100,"Jackson, MI",2004-08-01,permits units SA,-0.444870784141016,negative_seasonally_adjusted_permit_value,X-13 additive SA value < 0,processed permits SA,
27100,"Jackson, MI",2004-10-01,permits units SA,-0.863368094024579,negative_seasonally_adjusted_permit_value,X-13 additive SA value < 0,processed permits SA,
27100,"Jackson, MI",2005-02-01,permits units SA,-0.293631590772559,negative_seasonally_adjusted_permit_value,X-13 additive SA value < 0,processed permits SA,
27100,"Jackson, MI",2005-06-01,permits units SA,-0.501038794482332,negative_seasonally_adjusted_permit_value,X-13 additive SA value < 0,processed permits SA,
27100,"Jackson, MI",2006-04-01,permits units SA,-0.564227364181159,negative_seasonally_adjusted_permit_value,X-13 additive SA value < 0,processed permits SA,
27100,"Jackson, MI",2006-06-01,permits units SA,-0.16282612961372,negative_seasonally_adjusted_permit_value,X-13 additive SA value < 0,processed permits SA,
27100,"Jackson, MI",2008-02-01,permits units SA,-0.197793038098381,negative_seasonally_adjusted_permit_value,X-13 additive SA value < 0,processed permits SA,
27100,"Jackson, MI",2008-08-01,permits units SA,-0.245074724824226,negative_seasonally_adjusted_permit_value,X-13 additive SA value < 0,processed permits SA,
27100,"Jackson, MI",2008-10-01,permits units SA,-0.151433762958813,negative_seasonally_adjusted_permit_value,X-13 additive SA value < 0,processed permits SA,
27100,"Jackson, MI",2008-12-01,permits units SA,-0.0244985499878538,negative_seasonally_adjusted_permit_value,X-13 additive SA value < 0,processed permits SA,
27100,"Jackson, MI",2009-02-01,permits units SA,-0.183994484324824,negative_seasonally_adjusted_permit_value,X-13 additive SA value < 0,processed permits SA,
27100,"Jackson, MI",2010-08-01,permits units SA,-0.141163649510913,negative_seasonally_adjusted_permit_value,X-13 additive SA value < 0,processed permits SA,
27100,"Jackson, MI",2011-02-01,permits units SA,-0.0157189225509456,negative_seasonally_adjusted_permit_value,X-13 additive SA value < 0,processed permits SA,
27100,"Jackson, MI",2012-02-01,permits units SA,-0.499187229799468,negative_seasonally_adjusted_permit_value,X-13 additive SA value < 0,processed permits SA,
27100,"Jackson, MI",2012-04-01,permits units SA,-1.12461426310209,negative_seasonally_adjusted_permit_value,X-13 additive SA value < 0,processed permits SA,
27100,"Jackson, MI",2013-12-01,permits units SA,-0.352863667162905,negative_seasonally_adjusted_permit_value,X-13 additive SA value < 0,processed permits SA,
27100,"Jackson, MI",2014-02-01,permits units SA,-0.906352037798592,negative_seasonally_adjusted_permit_value,X-13 additive SA value < 0,processed permits SA,
27100,"Jackson, MI",2014-10-01,permits units SA,-0.116067507986435,negative_seasonally_adjusted_permit_value,X-13 additive SA value < 0,processed permits SA,
27100,"Jackson, MI",2016-02-01,permits units SA,-0.356668583443293,negative_seasonally_adjusted_permit_value,X-13 additive SA value < 0,processed permits SA,
27100,"Jackson, MI",2016-06-01,permits units SA,-0.619619889641847,negative_seasonally_adjusted_permit_value,X-13 additive SA value < 0,processed permits SA,
27100,"Jackson, MI",2016-10-01,permits units SA,-1.12956373908706,negative_seasonally_adjusted_permit_value,X-13 additive SA value < 0,processed permits SA,
27100,"Jackson, MI",2026-06-01,employment,58.9,BLS preliminary observation,preliminary_flag==1,BLS CES,
27140,"Jackson, MS",2026-06-01,employment,300.4,BLS preliminary observation,preliminary_flag==1,BLS CES,
27180,"Jackson, TN",2026-06-01,employment,89.8,BLS preliminary observation,preliminary_flag==1,BLS CES,
27260,"Jacksonville, FL",2026-06-01,employment,805.1,BLS preliminary observation,preliminary_flag==1,BLS CES,
27340,"Jacksonville, NC",2026-06-01,employment,54.5,BLS preliminary observation,preliminary_flag==1,BLS CES,
27740,"Johnson City, TN",2010-08-01,permits units SA,-1.64613699733956,negative_seasonally_adjusted_permit_value,X-13 additive SA value < 0,processed permits SA,
27740,"Johnson City, TN",2010-10-01,permits units SA,-16.8191207466323,negative_seasonally_adjusted_permit_value,X-13 additive SA value < 0,processed permits SA,
27740,"Johnson City, TN",2012-10-01,permits units SA,-0.754753787879466,negative_seasonally_adjusted_permit_value,X-13 additive SA value < 0,processed permits SA,
27740,"Johnson City, TN",2026-06-01,employment,87.3,BLS preliminary observation,preliminary_flag==1,BLS CES,
27780,"Johnstown, PA",2006-02-01,permits units SA,-0.122807040470863,negative_seasonally_adjusted_permit_value,X-13 additive SA value < 0,processed permits SA,
27780,"Johnstown, PA",2006-08-01,permits units SA,-0.487463202393169,negative_seasonally_adjusted_permit_value,X-13 additive SA value < 0,processed permits SA,
27780,"Johnstown, PA",2010-10-01,permits units SA,-0.104108042796106,negative_seasonally_adjusted_permit_value,X-13 additive SA value < 0,processed permits SA,
27780,"Johnstown, PA",2011-10-01,permits units SA,-0.0323362977599644,negative_seasonally_adjusted_permit_value,X-13 additive SA value < 0,processed permits SA,
27780,"Johnstown, PA",2011-12-01,permits units SA,-0.00468102575267862,negative_seasonally_adjusted_permit_value,X-13 additive SA value < 0,processed permits SA,
27780,"Johnstown, PA",2012-02-01,permits units SA,-0.252587831093733,negative_seasonally_adjusted_permit_value,X-13 additive SA value < 0,processed permits SA,
27780,"Johnstown, PA",2012-08-01,permits units SA,-0.100355527228039,negative_seasonally_adjusted_permit_value,X-13 additive SA value < 0,processed permits SA,
27780,"Johnstown, PA",2013-02-01,permits units SA,-0.029341031535218,negative_seasonally_adjusted_permit_value,X-13 additive SA value < 0,processed permits SA,
27780,"Johnstown, PA",2013-10-01,permits units SA,-0.400233187905549,negative_seasonally_adjusted_permit_value,X-13 additive SA value < 0,processed permits SA,
27780,"Johnstown, PA",2013-12-01,permits units SA,-0.386239261918364,negative_seasonally_adjusted_permit_value,X-13 additive SA value < 0,processed permits SA,
27780,"Johnstown, PA",2014-02-01,permits units SA,-0.398662179346868,negative_seasonally_adjusted_permit_value,X-13 additive SA value < 0,processed permits SA,
27780,"Johnstown, PA",2014-04-01,permits units SA,-0.194867540606824,negative_seasonally_adjusted_permit_value,X-13 additive SA value < 0,processed permits SA,
27780,"Johnstown, PA",2014-06-01,permits units SA,-0.534225841616327,negative_seasonally_adjusted_permit_value,X-13 additive SA value < 0,processed permits SA,
27780,"Johnstown, PA",2014-12-01,permits units SA,-0.074589956096958,negative_seasonally_adjusted_permit_value,X-13 additive SA value < 0,processed permits SA,
27780,"Johnstown, PA",2015-08-01,permits units SA,-0.0639440588106949,negative_seasonally_adjusted_permit_value,X-13 additive SA value < 0,processed permits SA,
27780,"Johnstown, PA",2015-10-01,permits units SA,-0.813299044817396,negative_seasonally_adjusted_permit_value,X-13 additive SA value < 0,processed permits SA,
27780,"Johnstown, PA",2016-04-01,permits units SA,-0.122111201449275,negative_seasonally_adjusted_permit_value,X-13 additive SA value < 0,processed permits SA,
27780,"Johnstown, PA",2016-06-01,permits units SA,-0.681781697617146,negative_seasonally_adjusted_permit_value,X-13 additive SA value < 0,processed permits SA,
27780,"Johnstown, PA",2016-12-01,permits units SA,-0.146889123062163,negative_seasonally_adjusted_permit_value,X-13 additive SA value < 0,processed permits SA,
27780,"Johnstown, PA",2026-06-01,employment,50.2,BLS preliminary observation,preliminary_flag==1,BLS CES,
27860,"Jonesboro, AR",2026-06-01,employment,64.7,BLS preliminary observation,preliminary_flag==1,BLS CES,
28100,"Kankakee, IL",2010-02-01,permits units SA,-0.680038554573715,negative_seasonally_adjusted_permit_value,X-13 additive SA value < 0,processed permits SA,
28100,"Kankakee, IL",2014-10-01,permits units SA,-0.359006083810282,negative_seasonally_adjusted_permit_value,X-13 additive SA value < 0,processed permits SA,
28100,"Kankakee, IL",2016-06-01,permits units SA,-2.80008843393958,negative_seasonally_adjusted_permit_value,X-13 additive SA value < 0,processed permits SA,
28100,"Kankakee, IL",2019-12-01,permits units SA,-0.549024255096187,negative_seasonally_adjusted_permit_value,X-13 additive SA value < 0,processed permits SA,
28100,"Kankakee, IL",2026-06-01,employment,42.5,BLS preliminary observation,preliminary_flag==1,BLS CES,
28740,"Kingston, NY",2014-02-01,permits units SA,-2.6927358796158,negative_seasonally_adjusted_permit_value,X-13 additive SA value < 0,processed permits SA,
28740,"Kingston, NY",2016-06-01,permits units SA,-3.86327072572044,negative_seasonally_adjusted_permit_value,X-13 additive SA value < 0,processed permits SA,
28740,"Kingston, NY",2026-06-01,employment,61.7,BLS preliminary observation,preliminary_flag==1,BLS CES,
28940,"Knoxville, TN",2026-06-01,employment,457.0,BLS preliminary observation,preliminary_flag==1,BLS CES,
29020,"Kokomo, IN",2009-06-01,permits units SA,-2.55774040137176,negative_seasonally_adjusted_permit_value,X-13 additive SA value < 0,processed permits SA,
29020,"Kokomo, IN",2012-08-01,permits units SA,-1.02718538205601,negative_seasonally_adjusted_permit_value,X-13 additive SA value < 0,processed permits SA,
29020,"Kokomo, IN",2026-04-01,permits units SA,-0.543638013989826,negative_seasonally_adjusted_permit_value,X-13 additive SA value < 0,processed permits SA,
29020,"Kokomo, IN",2026-06-01,employment,35.7,BLS preliminary observation,preliminary_flag==1,BLS CES,
29180,"Lafayette, LA",2026-06-01,employment,189.4,BLS preliminary observation,preliminary_flag==1,BLS CES,
29340,"Lake Charles, LA",2026-06-01,employment,106.5,BLS preliminary observation,preliminary_flag==1,BLS CES,
29540,"Lancaster, PA",2004-08-01,permits units SA,-1.37879059479551,negative_seasonally_adjusted_permit_value,X-13 additive SA value < 0,processed permits SA,
29540,"Lancaster, PA",2005-02-01,permits units SA,-3.64448937457039,negative_seasonally_adjusted_permit_value,X-13 additive SA value < 0,processed permits SA,
29540,"Lancaster, PA",2009-02-01,permits units SA,-1.75045654947878,negative_seasonally_adjusted_permit_value,X-13 additive SA value < 0,processed permits SA,
29540,"Lancaster, PA",2012-08-01,permits units SA,-1.98066635947745,negative_seasonally_adjusted_permit_value,X-13 additive SA value < 0,processed permits SA,
29540,"Lancaster, PA",2014-08-01,permits units SA,-0.646314778908538,negative_seasonally_adjusted_permit_value,X-13 additive SA value < 0,processed permits SA,
29540,"Lancaster, PA",2014-10-01,permits units SA,-0.299279809437919,negative_seasonally_adjusted_permit_value,X-13 additive SA value < 0,processed permits SA,
29540,"Lancaster, PA",2015-12-01,permits units SA,-0.38876315255319,negative_seasonally_adjusted_permit_value,X-13 additive SA value < 0,processed permits SA,
29540,"Lancaster, PA",2016-02-01,permits units SA,-0.617588216779469,negative_seasonally_adjusted_permit_value,X-13 additive SA value < 0,processed permits SA,
29540,"Lancaster, PA",2016-08-01,permits units SA,-3.99713579571357,negative_seasonally_adjusted_permit_value,X-13 additive SA value < 0,processed permits SA,
29540,"Lancaster, PA",2016-10-01,permits units SA,-1.9363933327782,negative_seasonally_adjusted_permit_value,X-13 additive SA value < 0,processed permits SA,
29540,"Lancaster, PA",2017-02-01,permits units SA,-2.83738487267569,negative_seasonally_adjusted_permit_value,X-13 additive SA value < 0,processed permits SA,
29540,"Lancaster, PA",2026-06-01,employment,271.1,BLS preliminary observation,preliminary_flag==1,BLS CES,
29700,"Laredo, TX",2026-06-01,employment,116.4,BLS preliminary observation,preliminary_flag==1,BLS CES,
29740,"Las Cruces, NM",2026-06-01,employment,84.1,BLS preliminary observation,preliminary_flag==1,BLS CES,
29940,"Lawrence, KS",2008-10-01,permits units SA,-13.9192999786068,negative_seasonally_adjusted_permit_value,X-13 additive SA value < 0,processed permits SA,
29940,"Lawrence, KS",2013-02-01,permits units SA,-15.9873268100693,negative_seasonally_adjusted_permit_value,X-13 additive SA value < 0,processed permits SA,
29940,"Lawrence, KS",2018-10-01,permits units SA,-20.0071725289796,negative_seasonally_adjusted_permit_value,X-13 additive SA value < 0,processed permits SA,
29940,"Lawrence, KS",2026-06-01,employment,54.7,BLS preliminary observation,preliminary_flag==1,BLS CES,
30020,"Lawton, OK",2026-06-01,employment,43.8,BLS preliminary observation,preliminary_flag==1,BLS CES,
30140,"Lebanon, PA",2026-06-01,employment,58.4,BLS preliminary observation,preliminary_flag==1,BLS CES,
30620,"Lima, OH",2004-02-01,permits units SA,-0.0863491591662945,negative_seasonally_adjusted_permit_value,X-13 additive SA value < 0,processed permits SA,
30620,"Lima, OH",2004-04-01,permits units SA,-0.918812316200201,negative_seasonally_adjusted_permit_value,X-13 additive SA value < 0,processed permits SA,
30620,"Lima, OH",2004-06-01,permits units SA,-0.115861701509848,negative_seasonally_adjusted_permit_value,X-13 additive SA value < 0,processed permits SA,
30620,"Lima, OH",2005-06-01,permits units SA,-0.0711592823578284,negative_seasonally_adjusted_permit_value,X-13 additive SA value < 0,processed permits SA,
30620,"Lima, OH",2005-12-01,permits units SA,-0.254094882928939,negative_seasonally_adjusted_permit_value,X-13 additive SA value < 0,processed permits SA,
30620,"Lima, OH",2006-06-01,permits units SA,-0.145308768907829,negative_seasonally_adjusted_permit_value,X-13 additive SA value < 0,processed permits SA,
30620,"Lima, OH",2007-02-01,permits units SA,-0.0546461470765247,negative_seasonally_adjusted_permit_value,X-13 additive SA value < 0,processed permits SA,
30620,"Lima, OH",2008-02-01,permits units SA,-0.289388049381561,negative_seasonally_adjusted_permit_value,X-13 additive SA value < 0,processed permits SA,
30620,"Lima, OH",2008-10-01,permits units SA,-0.0101195664907526,negative_seasonally_adjusted_permit_value,X-13 additive SA value < 0,processed permits SA,
30620,"Lima, OH",2008-12-01,permits units SA,-0.180071302923488,negative_seasonally_adjusted_permit_value,X-13 additive SA value < 0,processed permits SA,
30620,"Lima, OH",2010-04-01,permits units SA,-0.388199015105856,negative_seasonally_adjusted_permit_value,X-13 additive SA value < 0,processed permits SA,
30620,"Lima, OH",2010-06-01,permits units SA,-0.40106431518178,negative_seasonally_adjusted_permit_value,X-13 additive SA value < 0,processed permits SA,
30620,"Lima, OH",2011-12-01,permits units SA,-0.652701481049053,negative_seasonally_adjusted_permit_value,X-13 additive SA value < 0,processed permits SA,
30620,"Lima, OH",2012-04-01,permits units SA,-0.491601303046966,negative_seasonally_adjusted_permit_value,X-13 additive SA value < 0,processed permits SA,
30620,"Lima, OH",2012-06-01,permits units SA,-0.598172590689135,negative_seasonally_adjusted_permit_value,X-13 additive SA value < 0,processed permits SA,
30620,"Lima, OH",2012-08-01,permits units SA,-0.324741455700944,negative_seasonally_adjusted_permit_value,X-13 additive SA value < 0,processed permits SA,
30620,"Lima, OH",2013-12-01,permits units SA,-1.05189542726149,negative_seasonally_adjusted_permit_value,X-13 additive SA value < 0,processed permits SA,
30620,"Lima, OH",2014-02-01,permits units SA,-0.712643243476979,negative_seasonally_adjusted_permit_value,X-13 additive SA value < 0,processed permits SA,
30620,"Lima, OH",2015-12-01,permits units SA,-0.55232245010442,negative_seasonally_adjusted_permit_value,X-13 additive SA value < 0,processed permits SA,
30620,"Lima, OH",2016-02-01,permits units SA,-0.920889394002663,negative_seasonally_adjusted_permit_value,X-13 additive SA value < 0,processed permits SA,
30620,"Lima, OH",2016-08-01,permits units SA,-0.480917666571352,negative_seasonally_adjusted_permit_value,X-13 additive SA value < 0,processed permits SA,
30620,"Lima, OH",2016-12-01,permits units SA,-0.752547980450688,negative_seasonally_adjusted_permit_value,X-13 additive SA value < 0,processed permits SA,
30620,"Lima, OH",2026-06-01,employment,52.1,BLS preliminary observation,preliminary_flag==1,BLS CES,
30700,"Lincoln, NE",2026-06-01,employment,199.1,BLS preliminary observation,preliminary_flag==1,BLS CES,
30980,"Longview, TX",2026-06-01,employment,123.1,BLS preliminary observation,preliminary_flag==1,BLS CES,
31180,"Lubbock, TX",2026-06-01,employment,176.8,BLS preliminary observation,preliminary_flag==1,BLS CES,
31340,"Lynchburg, VA",2026-06-01,employment,104.9,BLS preliminary observation,preliminary_flag==1,BLS CES,
31540,"Madison, WI",2026-06-01,employment,429.0,BLS preliminary observation,preliminary_flag==1,BLS CES,
31740,"Manhattan, KS",2010-02-01,permits units SA,-65.3049756942702,negative_seasonally_adjusted_permit_value,X-13 additive SA value < 0,processed permits SA,
31740,"Manhattan, KS",2022-02-01,permits units SA,-61.0775034393775,negative_seasonally_adjusted_permit_value,X-13 additive SA value < 0,processed permits SA,
31740,"Manhattan, KS",2026-06-01,employment,55.5,BLS preliminary observation,preliminary_flag==1,BLS CES,
31860,"Mankato, MN",2026-06-01,employment,58.9,BLS preliminary observation,preliminary_flag==1,BLS CES,
31900,"Mansfield, OH",2008-08-01,permits units SA,-1.36978910597377,negative_seasonally_adjusted_permit_value,X-13 additive SA value < 0,processed permits SA,
31900,"Mansfield, OH",2011-08-01,permits units SA,-0.899271175672722,negative_seasonally_adjusted_permit_value,X-13 additive SA value < 0,processed permits SA,
32780,"Medford, OR",2026-06-01,employment,90.8,BLS preliminary observation,preliminary_flag==1,BLS CES,
32900,"Merced, CA",2005-02-01,permits units SA,-0.761589975004981,negative_seasonally_adjusted_permit_value,X-13 additive SA value < 0,processed permits SA,
32900,"Merced, CA",2005-10-01,permits units SA,-10.5792644012689,negative_seasonally_adjusted_permit_value,X-13 additive SA value < 0,processed permits SA,
32900,"Merced, CA",2013-10-01,permits units SA,-2.67991875233696,negative_seasonally_adjusted_permit_value,X-13 additive SA value < 0,processed permits SA,
32900,"Merced, CA",2015-12-01,permits units SA,-2.0909378931836,negative_seasonally_adjusted_permit_value,X-13 additive SA value < 0,processed permits SA,
32900,"Merced, CA",2026-06-01,employment,78.2,BLS preliminary observation,preliminary_flag==1,BLS CES,
33220,"Midland, MI",2026-06-01,employment,39.6,BLS preliminary observation,preliminary_flag==1,BLS CES,
33260,"Midland, TX",2026-06-01,employment,128.6,BLS preliminary observation,preliminary_flag==1,BLS CES,
33540,"Missoula, MT",2021-12-01,permits units SA,-30.241009474117,negative_seasonally_adjusted_permit_value,X-13 additive SA value < 0,processed permits SA,
33540,"Missoula, MT",2026-06-01,employment,69.3,BLS preliminary observation,preliminary_flag==1,BLS CES,
33660,"Mobile, AL",2026-06-01,employment,189.1,BLS preliminary observation,preliminary_flag==1,BLS CES,
33700,"Modesto, CA",2004-12-01,permits units SA,-0.0710113382466664,negative_seasonally_adjusted_permit_value,X-13 additive SA value < 0,processed permits SA,
33700,"Modesto, CA",2007-08-01,permits units SA,-1.37885237851559,negative_seasonally_adjusted_permit_value,X-13 additive SA value < 0,processed permits SA,
33700,"Modesto, CA",2008-02-01,permits units SA,-2.07265803062523,negative_seasonally_adjusted_permit_value,X-13 additive SA value < 0,processed permits SA,
33700,"Modesto, CA",2008-04-01,permits units SA,-1.41673049912537,negative_seasonally_adjusted_permit_value,X-13 additive SA value < 0,processed permits SA,
33700,"Modesto, CA",2011-10-01,permits units SA,-2.18982920957019,negative_seasonally_adjusted_permit_value,X-13 additive SA value < 0,processed permits SA,
33700,"Modesto, CA",2011-12-01,permits units SA,-1.67264431831057,negative_seasonally_adjusted_permit_value,X-13 additive SA value < 0,processed permits SA,
33700,"Modesto, CA",2012-02-01,permits units SA,-2.14304435984872,negative_seasonally_adjusted_permit_value,X-13 additive SA value < 0,processed permits SA,
33700,"Modesto, CA",2012-04-01,permits units SA,-0.607082546859923,negative_seasonally_adjusted_permit_value,X-13 additive SA value < 0,processed permits SA,
33700,"Modesto, CA",2012-10-01,permits units SA,-0.059232925356311,negative_seasonally_adjusted_permit_value,X-13 additive SA value < 0,processed permits SA,
33700,"Modesto, CA",2013-08-01,permits units SA,-0.0826095630048713,negative_seasonally_adjusted_permit_value,X-13 additive SA value < 0,processed permits SA,
33700,"Modesto, CA",2014-02-01,permits units SA,-3.90635115054884,negative_seasonally_adjusted_permit_value,X-13 additive SA value < 0,processed permits SA,
33700,"Modesto, CA",2014-04-01,permits units SA,-1.22348373896233,negative_seasonally_adjusted_permit_value,X-13 additive SA value < 0,processed permits SA,
33700,"Modesto, CA",2014-10-01,permits units SA,-1.14028409515079,negative_seasonally_adjusted_permit_value,X-13 additive SA value < 0,processed permits SA,
33700,"Modesto, CA",2015-08-01,permits units SA,-5.33628078941383,negative_seasonally_adjusted_permit_value,X-13 additive SA value < 0,processed permits SA,
33700,"Modesto, CA",2015-12-01,permits units SA,-7.51334624594878,negative_seasonally_adjusted_permit_value,X-13 additive SA value < 0,processed permits SA,
33700,"Modesto, CA",2016-04-01,permits units SA,-3.81025506790038,negative_seasonally_adjusted_permit_value,X-13 additive SA value < 0,processed permits SA,
33700,"Modesto, CA",2026-06-01,employment,191.8,BLS preliminary observation,preliminary_flag==1,BLS CES,
33740,"Monroe, LA",2026-06-01,employment,93.1,BLS preliminary observation,preliminary_flag==1,BLS CES,
33780,"Monroe, MI",2004-08-01,permits units SA,-0.0824259241146628,negative_seasonally_adjusted_permit_value,X-13 additive SA value < 0,processed permits SA,
33780,"Monroe, MI",2004-10-01,permits units SA,-0.331351068352423,negative_seasonally_adjusted_permit_value,X-13 additive SA value < 0,processed permits SA,
33780,"Monroe, MI",2005-04-01,permits units SA,-0.493074999794065,negative_seasonally_adjusted_permit_value,X-13 additive SA value < 0,processed permits SA,
33780,"Monroe, MI",2006-06-01,permits units SA,-2.93290846367011,negative_seasonally_adjusted_permit_value,X-13 additive SA value < 0,processed permits SA,
33780,"Monroe, MI",2006-10-01,permits units SA,-1.32860428021134,negative_seasonally_adjusted_permit_value,X-13 additive SA value < 0,processed permits SA,
33780,"Monroe, MI",2006-12-01,permits units SA,-0.0150851979843707,negative_seasonally_adjusted_permit_value,X-13 additive SA value < 0,processed permits SA,
33780,"Monroe, MI",2008-12-01,permits units SA,-0.0605915908812427,negative_seasonally_adjusted_permit_value,X-13 additive SA value < 0,processed permits SA,
33780,"Monroe, MI",2012-02-01,permits units SA,-0.485518046208674,negative_seasonally_adjusted_permit_value,X-13 additive SA value < 0,processed permits SA,
33780,"Monroe, MI",2012-04-01,permits units SA,-0.0827053502336204,negative_seasonally_adjusted_permit_value,X-13 additive SA value < 0,processed permits SA,
33780,"Monroe, MI",2012-08-01,permits units SA,-0.195746107110992,negative_seasonally_adjusted_permit_value,X-13 additive SA value < 0,processed permits SA,
33780,"Monroe, MI",2012-10-01,permits units SA,-0.0688931564534192,negative_seasonally_adjusted_permit_value,X-13 additive SA value < 0,processed permits SA,
33780,"Monroe, MI",2013-12-01,permits units SA,-0.867833151403171,negative_seasonally_adjusted_permit_value,X-13 additive SA value < 0,processed permits SA,
33780,"Monroe, MI",2014-02-01,permits units SA,-0.883180561589891,negative_seasonally_adjusted_permit_value,X-13 additive SA value < 0,processed permits SA,
33780,"Monroe, MI",2014-04-01,permits units SA,-1.5428192078927,negative_seasonally_adjusted_permit_value,X-13 additive SA value < 0,processed permits SA,
33780,"Monroe, MI",2014-06-01,permits units SA,-1.68358440444042,negative_seasonally_adjusted_permit_value,X-13 additive SA value < 0,processed permits SA,
33780,"Monroe, MI",2014-10-01,permits units SA,-0.384097162306805,negative_seasonally_adjusted_permit_value,X-13 additive SA value < 0,processed permits SA,
33780,"Monroe, MI",2015-12-01,permits units SA,-1.12947568718317,negative_seasonally_adjusted_permit_value,X-13 additive SA value < 0,processed permits SA,
33780,"Monroe, MI",2016-02-01,permits units SA,-0.377035311009409,negative_seasonally_adjusted_permit_value,X-13 additive SA value < 0,processed permits SA,
33780,"Monroe, MI",2016-04-01,permits units SA,-1.72776353662967,negative_seasonally_adjusted_permit_value,X-13 additive SA value < 0,processed permits SA,
33780,"Monroe, MI",2016-06-01,permits units SA,-4.23303715123648,negative_seasonally_adjusted_permit_value,X-13 additive SA value < 0,processed permits SA,
33780,"Monroe, MI",2016-10-01,permits units SA,-0.663267791035437,negative_seasonally_adjusted_permit_value,X-13 additive SA value < 0,processed permits SA,
33780,"Monroe, MI",2026-06-01,employment,43.5,BLS preliminary observation,preliminary_flag==1,BLS CES,
33860,"Montgomery, AL",2026-06-01,employment,184.5,BLS preliminary observation,preliminary_flag==1,BLS CES,
34060,"Morgantown, WV",2004-06-01,permits units SA,-0.125751787004764,negative_seasonally_adjusted_permit_value,X-13 additive SA value < 0,processed permits SA,
34060,"Morgantown, WV",2006-06-01,permits units SA,-1.6040742396234,negative_seasonally_adjusted_permit_value,X-13 additive SA value < 0,processed permits SA,
34060,"Morgantown, WV",2006-08-01,permits units SA,-5.73136226742891,negative_seasonally_adjusted_permit_value,X-13 additive SA value < 0,processed permits SA,
34060,"Morgantown, WV",2006-10-01,permits units SA,-2.0622141143856,negative_seasonally_adjusted_permit_value,X-13 additive SA value < 0,processed permits SA,
34060,"Morgantown, WV",2006-12-01,permits units SA,-0.962633922903459,negative_seasonally_adjusted_permit_value,X-13 additive SA value < 0,processed permits SA,
34060,"Morgantown, WV",2008-06-01,permits units SA,-3.82438715190256,negative_seasonally_adjusted_permit_value,X-13 additive SA value < 0,processed permits SA,
34060,"Morgantown, WV",2008-08-01,permits units SA,-5.87886277389605,negative_seasonally_adjusted_permit_value,X-13 additive SA value < 0,processed permits SA,
34060,"Morgantown, WV",2008-10-01,permits units SA,-4.42579702978716,negative_seasonally_adjusted_permit_value,X-13 additive SA value < 0,processed permits SA,
34060,"Morgantown, WV",2008-12-01,permits units SA,-3.76036611229265,negative_seasonally_adjusted_permit_value,X-13 additive SA value < 0,processed permits SA,
34060,"Morgantown, WV",2009-02-01,permits units SA,-0.0617162937823206,negative_seasonally_adjusted_permit_value,X-13 additive SA value < 0,processed permits SA,
34060,"Morgantown, WV",2010-06-01,permits units SA,-6.57268038983248,negative_seasonally_adjusted_permit_value,X-13 additive SA value < 0,processed permits SA,
34060,"Morgantown, WV",2010-08-01,permits units SA,-2.90154707144185,negative_seasonally_adjusted_permit_value,X-13 additive SA value < 0,processed permits SA,
34060,"Morgantown, WV",2010-12-01,permits units SA,-4.5140395947567,negative_seasonally_adjusted_permit_value,X-13 additive SA value < 0,processed permits SA,
34060,"Morgantown, WV",2012-08-01,permits units SA,-2.39553058366281,negative_seasonally_adjusted_permit_value,X-13 additive SA value < 0,processed permits SA,
34060,"Morgantown, WV",2012-10-01,permits units SA,-5.05007341202739,negative_seasonally_adjusted_permit_value,X-13 additive SA value < 0,processed permits SA,
34060,"Morgantown, WV",2013-02-01,permits units SA,-0.409821813915727,negative_seasonally_adjusted_permit_value,X-13 additive SA value < 0,processed permits SA,
34060,"Morgantown, WV",2014-06-01,permits units SA,-3.94496309721142,negative_seasonally_adjusted_permit_value,X-13 additive SA value < 0,processed permits SA,
34060,"Morgantown, WV",2014-08-01,permits units SA,-0.870609290642484,negative_seasonally_adjusted_permit_value,X-13 additive SA value < 0,processed permits SA,
34060,"Morgantown, WV",2014-10-01,permits units SA,-2.26129853409884,negative_seasonally_adjusted_permit_value,X-13 additive SA value < 0,processed permits SA,
34060,"Morgantown, WV",2014-12-01,permits units SA,-1.24723576477073,negative_seasonally_adjusted_permit_value,X-13 additive SA value < 0,processed permits SA,
34060,"Morgantown, WV",2015-10-01,permits units SA,-0.463816664470229,negative_seasonally_adjusted_permit_value,X-13 additive SA value < 0,processed permits SA,
34060,"Morgantown, WV",2015-12-01,permits units SA,-0.965832500743952,negative_seasonally_adjusted_permit_value,X-13 additive SA value < 0,processed permits SA,
34060,"Morgantown, WV",2016-06-01,permits units SA,-1.81616294294957,negative_seasonally_adjusted_permit_value,X-13 additive SA value < 0,processed permits SA,
34060,"Morgantown, WV",2016-08-01,permits units SA,-1.43987492106488,negative_seasonally_adjusted_permit_value,X-13 additive SA value < 0,processed permits SA,
34060,"Morgantown, WV",2016-10-01,permits units SA,-0.749779557532213,negative_seasonally_adjusted_permit_value,X-13 additive SA value < 0,processed permits SA,
34060,"Morgantown, WV",2016-12-01,permits units SA,-1.81321080474688,negative_seasonally_adjusted_permit_value,X-13 additive SA value < 0,processed permits SA,
34060,"Morgantown, WV",2017-12-01,permits units SA,-1.68511304394193,negative_seasonally_adjusted_permit_value,X-13 additive SA value < 0,processed permits SA,
34060,"Morgantown, WV",2023-06-01,permits units SA,-0.140943506632299,negative_seasonally_adjusted_permit_value,X-13 additive SA value < 0,processed permits SA,
34060,"Morgantown, WV",2026-06-01,employment,74.0,BLS preliminary observation,preliminary_flag==1,BLS CES,
34620,"Muncie, IN",2009-02-01,permits units SA,-1.02054877104692,negative_seasonally_adjusted_permit_value,X-13 additive SA value < 0,processed permits SA,
34620,"Muncie, IN",2009-12-01,permits units SA,-0.406148542523246,negative_seasonally_adjusted_permit_value,X-13 additive SA value < 0,processed permits SA,
34620,"Muncie, IN",2010-06-01,permits units SA,-0.523374350513451,negative_seasonally_adjusted_permit_value,X-13 additive SA value < 0,processed permits SA,
34620,"Muncie, IN",2010-08-01,permits units SA,-0.650503453408573,negative_seasonally_adjusted_permit_value,X-13 additive SA value < 0,processed permits SA,
34620,"Muncie, IN",2011-10-01,permits units SA,-0.208048462742551,negative_seasonally_adjusted_permit_value,X-13 additive SA value < 0,processed permits SA,
34620,"Muncie, IN",2012-06-01,permits units SA,-0.815329094940675,negative_seasonally_adjusted_permit_value,X-13 additive SA value < 0,processed permits SA,
34620,"Muncie, IN",2012-08-01,permits units SA,-0.708438308577461,negative_seasonally_adjusted_permit_value,X-13 additive SA value < 0,processed permits SA,
34620,"Muncie, IN",2012-12-01,permits units SA,-0.451835606966989,negative_seasonally_adjusted_permit_value,X-13 additive SA value < 0,processed permits SA,
34620,"Muncie, IN",2013-10-01,permits units SA,-0.39017199775461,negative_seasonally_adjusted_permit_value,X-13 additive SA value < 0,processed permits SA,
34620,"Muncie, IN",2014-08-01,permits units SA,-2.39121084842349,negative_seasonally_adjusted_permit_value,X-13 additive SA value < 0,processed permits SA,
34620,"Muncie, IN",2015-10-01,permits units SA,-0.0568408999634035,negative_seasonally_adjusted_permit_value,X-13 additive SA value < 0,processed permits SA,
34620,"Muncie, IN",2016-04-01,permits units SA,-1.00752188966734,negative_seasonally_adjusted_permit_value,X-13 additive SA value < 0,processed permits SA,
34620,"Muncie, IN",2016-06-01,permits units SA,-0.163166199408782,negative_seasonally_adjusted_permit_value,X-13 additive SA value < 0,processed permits SA,
34620,"Muncie, IN",2016-08-01,permits units SA,-2.40288562262961,negative_seasonally_adjusted_permit_value,X-13 additive SA value < 0,processed permits SA,
34620,"Muncie, IN",2026-06-01,permits units SA,-0.887615493407228,negative_seasonally_adjusted_permit_value,X-13 additive SA value < 0,processed permits SA,
34620,"Muncie, IN",2026-06-01,employment,48.5,BLS preliminary observation,preliminary_flag==1,BLS CES,
34900,"Napa, CA",2004-08-01,permits units SA,-6.78242764161259,negative_seasonally_adjusted_permit_value,X-13 additive SA value < 0,processed permits SA,
34900,"Napa, CA",2005-04-01,permits units SA,-0.0324973225278485,negative_seasonally_adjusted_permit_value,X-13 additive SA value < 0,processed permits SA,
34900,"Napa, CA",2006-08-01,permits units SA,-2.75092806745946,negative_seasonally_adjusted_permit_value,X-13 additive SA value < 0,processed permits SA,
34900,"Napa, CA",2009-08-01,permits units SA,-2.28978144572347,negative_seasonally_adjusted_permit_value,X-13 additive SA value < 0,processed permits SA,
34900,"Napa, CA",2012-08-01,permits units SA,-1.65183251811661,negative_seasonally_adjusted_permit_value,X-13 additive SA value < 0,processed permits SA,
34900,"Napa, CA",2013-04-01,permits units SA,-4.88103029555915,negative_seasonally_adjusted_permit_value,X-13 additive SA value < 0,processed permits SA,
35300,"New Haven, CT",2026-06-01,employment,290.1,BLS preliminary observation,preliminary_flag==1,BLS CES,
35660,"Niles, MI",2004-10-01,permits units SA,-0.317041496813243,negative_seasonally_adjusted_permit_value,X-13 additive SA value < 0,processed permits SA,
35660,"Niles, MI",2005-04-01,permits units SA,-0.793465043861587,negative_seasonally_adjusted_permit_value,X-13 additive SA value < 0,processed permits SA,
35660,"Niles, MI",2008-06-01,permits units SA,-0.464258353149016,negative_seasonally_adjusted_permit_value,X-13 additive SA value < 0,processed permits SA,
35660,"Niles, MI",2013-02-01,permits units SA,-0.129501458518817,negative_seasonally_adjusted_permit_value,X-13 additive SA value < 0,processed permits SA,
35660,"Niles, MI",2013-12-01,permits units SA,-0.839548567286659,negative_seasonally_adjusted_permit_value,X-13 additive SA value < 0,processed permits SA,
35660,"Niles, MI",2014-04-01,permits units SA,-0.386409731046979,negative_seasonally_adjusted_permit_value,X-13 additive SA value < 0,processed permits SA,
35660,"Niles, MI",2014-06-01,permits units SA,-0.271067977620708,negative_seasonally_adjusted_permit_value,X-13 additive SA value < 0,processed permits SA,
35660,"Niles, MI",2016-06-01,permits units SA,-1.99224268231368,negative_seasonally_adjusted_permit_value,X-13 additive SA value < 0,processed permits SA,
35660,"Niles, MI",2016-12-01,permits units SA,-0.0577463173584821,negative_seasonally_adjusted_permit_value,X-13 additive SA value < 0,processed permits SA,
35660,"Niles, MI",2017-02-01,permits units SA,-3.14603522663561,negative_seasonally_adjusted_permit_value,X-13 additive SA value < 0,processed permits SA,
35660,"Niles, MI",2026-06-01,employment,64.2,BLS preliminary observation,preliminary_flag==1,BLS CES,
36100,"Ocala, FL",2026-06-01,employment,126.6,BLS preliminary observation,preliminary_flag==1,BLS CES,
36220,"Odessa, TX",2022-02-01,permits units SA,-0.876165753445662,negative_seasonally_adjusted_permit_value,X-13 additive SA value < 0,processed permits SA,
36220,"Odessa, TX",2026-06-01,employment,84.0,BLS preliminary observation,preliminary_flag==1,BLS CES,
36260,"Ogden, UT",2026-06-01,employment,269.7,BLS preliminary observation,preliminary_flag==1,BLS CES,
36420,"Oklahoma City, OK",2026-06-01,employment,711.4,BLS preliminary observation,preliminary_flag==1,BLS CES,
36980,"Owensboro, KY",2026-06-01,employment,50.7,BLS preliminary observation,preliminary_flag==1,BLS CES,
37900,"Peoria, IL",2006-10-01,permits units SA,-0.631041797357798,negative_seasonally_adjusted_permit_value,X-13 additive SA value < 0,processed permits SA,
37900,"Peoria, IL",2010-10-01,permits units SA,-0.828657615740798,negative_seasonally_adjusted_permit_value,X-13 additive SA value < 0,processed permits SA,
37900,"Peoria, IL",2011-02-01,permits units SA,-0.0759022738995387,negative_seasonally_adjusted_permit_value,X-13 additive SA value < 0,processed permits SA,
37900,"Peoria, IL",2014-02-01,permits units SA,-2.33208921644795,negative_seasonally_adjusted_permit_value,X-13 additive SA value < 0,processed permits SA,
37900,"Peoria, IL",2016-02-01,permits units SA,-0.86565171312041,negative_seasonally_adjusted_permit_value,X-13 additive SA value < 0,processed permits SA,
37900,"Peoria, IL",2016-08-01,permits units SA,-1.88175097270124,negative_seasonally_adjusted_permit_value,X-13 additive SA value < 0,processed permits SA,
37900,"Peoria, IL",2026-06-01,employment,171.3,BLS preliminary observation,preliminary_flag==1,BLS CES,
38300,"Pittsburgh, PA",2026-06-01,employment,1202.0,BLS preliminary observation,preliminary_flag==1,BLS CES,
38340,"Pittsfield, MA",2006-04-01,permits units SA,-0.0245359621735308,negative_seasonally_adjusted_permit_value,X-13 additive SA value < 0,processed permits SA,
38340,"Pittsfield, MA",2007-02-01,permits units SA,-0.856897996447858,negative_seasonally_adjusted_permit_value,X-13 additive SA value < 0,processed permits SA,
38340,"Pittsfield, MA",2010-04-01,permits units SA,-0.162248934621527,negative_seasonally_adjusted_permit_value,X-13 additive SA value < 0,processed permits SA,
38340,"Pittsfield, MA",2011-10-01,permits units SA,-0.305028177672757,negative_seasonally_adjusted_permit_value,X-13 additive SA value < 0,processed permits SA,
38340,"Pittsfield, MA",2012-06-01,permits units SA,-0.500880105429349,negative_seasonally_adjusted_permit_value,X-13 additive SA value < 0,processed permits SA,
38340,"Pittsfield, MA",2013-06-01,permits units SA,-0.331420659135711,negative_seasonally_adjusted_permit_value,X-13 additive SA value < 0,processed permits SA,
38340,"Pittsfield, MA",2013-08-01,permits units SA,-0.27551523554894,negative_seasonally_adjusted_permit_value,X-13 additive SA value < 0,processed permits SA,
38340,"Pittsfield, MA",2013-10-01,permits units SA,-0.710658038979949,negative_seasonally_adjusted_permit_value,X-13 additive SA value < 0,processed permits SA,
38340,"Pittsfield, MA",2013-12-01,permits units SA,-0.84855833446383,negative_seasonally_adjusted_permit_value,X-13 additive SA value < 0,processed permits SA,
38340,"Pittsfield, MA",2014-02-01,permits units SA,-0.791389969510332,negative_seasonally_adjusted_permit_value,X-13 additive SA value < 0,processed permits SA,
38340,"Pittsfield, MA",2015-08-01,permits units SA,-0.317154707233716,negative_seasonally_adjusted_permit_value,X-13 additive SA value < 0,processed permits SA,
38340,"Pittsfield, MA",2015-10-01,permits units SA,-0.292635621582069,negative_seasonally_adjusted_permit_value,X-13 additive SA value < 0,processed permits SA,
38340,"Pittsfield, MA",2016-02-01,permits units SA,-1.20149312611335,negative_seasonally_adjusted_permit_value,X-13 additive SA value < 0,processed permits SA,
38340,"Pittsfield, MA",2017-06-01,permits units SA,-0.483951436385171,negative_seasonally_adjusted_permit_value,X-13 additive SA value < 0,processed permits SA,
38340,"Pittsfield, MA",2026-06-01,employment,58.1,BLS preliminary observation,preliminary_flag==1,BLS CES,
38540,"Pocatello, ID",2026-06-01,employment,39.8,BLS preliminary observation,preliminary_flag==1,BLS CES,
38940,"Port St. Lucie, FL",2026-06-01,employment,178.3,BLS preliminary observation,preliminary_flag==1,BLS CES,
39380,"Pueblo, CO",2026-06-01,employment,62.8,BLS preliminary observation,preliminary_flag==1,BLS CES,
39460,"Punta Gorda, FL",2026-06-01,employment,59.2,BLS preliminary observation,preliminary_flag==1,BLS CES,
39660,"Rapid City, SD",2018-12-01,permits units SA,-10.0530023432813,negative_seasonally_adjusted_permit_value,X-13 additive SA value < 0,processed permits SA,
39660,"Rapid City, SD",2026-06-01,employment,77.0,BLS preliminary observation,preliminary_flag==1,BLS CES,
39740,"Reading, PA",2005-02-01,permits units SA,-0.563078219707712,negative_seasonally_adjusted_permit_value,X-13 additive SA value < 0,processed permits SA,
39740,"Reading, PA",2011-10-01,permits units SA,-1.17427605304279,negative_seasonally_adjusted_permit_value,X-13 additive SA value < 0,processed permits SA,
39740,"Reading, PA",2012-02-01,permits units SA,-0.41582671961318,negative_seasonally_adjusted_permit_value,X-13 additive SA value < 0,processed permits SA,
39740,"Reading, PA",2014-02-01,permits units SA,-2.28602409608294,negative_seasonally_adjusted_permit_value,X-13 additive SA value < 0,processed permits SA,
39740,"Reading, PA",2015-12-01,permits units SA,-1.70486846594404,negative_seasonally_adjusted_permit_value,X-13 additive SA value < 0,processed permits SA,
39740,"Reading, PA",2016-02-01,permits units SA,-1.81507275343515,negative_seasonally_adjusted_permit_value,X-13 additive SA value < 0,processed permits SA,
39740,"Reading, PA",2026-06-01,employment,185.3,BLS preliminary observation,preliminary_flag==1,BLS CES,
39820,"Redding, CA",2011-06-01,permits units SA,-3.11437928116457,negative_seasonally_adjusted_permit_value,X-13 additive SA value < 0,processed permits SA,
39820,"Redding, CA",2026-06-01,employment,73.9,BLS preliminary observation,preliminary_flag==1,BLS CES,
39900,"Reno, NV",2026-06-01,employment,285.6,BLS preliminary observation,preliminary_flag==1,BLS CES,
40060,"Richmond, VA",2026-06-01,employment,728.8,BLS preliminary observation,preliminary_flag==1,BLS CES,
40340,"Rochester, MN",2004-10-01,permits units SA,-22.2714070164313,negative_seasonally_adjusted_permit_value,X-13 additive SA value < 0,processed permits SA,
40340,"Rochester, MN",2004-12-01,permits units SA,-11.2352529789622,negative_seasonally_adjusted_permit_value,X-13 additive SA value < 0,processed permits SA,
40340,"Rochester, MN",2012-10-01,permits units SA,-1.43987904908882,negative_seasonally_adjusted_permit_value,X-13 additive SA value < 0,processed permits SA,
40340,"Rochester, MN",2014-10-01,permits units SA,-90.125404575521,negative_seasonally_adjusted_permit_value,X-13 additive SA value < 0,processed permits SA,
40340,"Rochester, MN",2023-10-01,permits units SA,-0.484773101101084,negative_seasonally_adjusted_permit_value,X-13 additive SA value < 0,processed permits SA,
40340,"Rochester, MN",2026-06-01,employment,128.6,BLS preliminary observation,preliminary_flag==1,BLS CES,
40380,"Rochester, NY",2014-02-01,permits units SA,-12.979075439176,negative_seasonally_adjusted_permit_value,X-13 additive SA value < 0,processed permits SA,
40380,"Rochester, NY",2026-06-01,employment,521.3,BLS preliminary observation,preliminary_flag==1,BLS CES,
40420,"Rockford, IL",2004-08-01,permits units SA,-1.66629218410827,negative_seasonally_adjusted_permit_value,X-13 additive SA value < 0,processed permits SA,
40420,"Rockford, IL",2010-06-01,permits units SA,-0.870391190654006,negative_seasonally_adjusted_permit_value,X-13 additive SA value < 0,processed permits SA,
40420,"Rockford, IL",2016-06-01,permits units SA,-0.641011580274978,negative_seasonally_adjusted_permit_value,X-13 additive SA value < 0,processed permits SA,
40420,"Rockford, IL",2026-06-01,employment,142.5,BLS preliminary observation,preliminary_flag==1,BLS CES,
40660,"Rome, GA",2026-06-01,employment,46.9,BLS preliminary observation,preliminary_flag==1,BLS CES,
40980,"Saginaw, MI",2010-06-01,permits units SA,-1.33572984889773,negative_seasonally_adjusted_permit_value,X-13 additive SA value < 0,processed permits SA,
40980,"Saginaw, MI",2014-02-01,permits units SA,-1.20974165954725,negative_seasonally_adjusted_permit_value,X-13 additive SA value < 0,processed permits SA,
40980,"Saginaw, MI",2014-04-01,permits units SA,-0.363787721856326,negative_seasonally_adjusted_permit_value,X-13 additive SA value < 0,processed permits SA,
40980,"Saginaw, MI",2016-08-01,permits units SA,-1.52866403908339,negative_seasonally_adjusted_permit_value,X-13 additive SA value < 0,processed permits SA,
40980,"Saginaw, MI",2026-06-01,employment,85.2,BLS preliminary observation,preliminary_flag==1,BLS CES,
41060,"St. Cloud, MN",2005-10-01,permits units SA,-15.5080243241457,negative_seasonally_adjusted_permit_value,X-13 additive SA value < 0,processed permits SA,
41060,"St. Cloud, MN",2006-04-01,permits units SA,-1.09748497749057,negative_seasonally_adjusted_permit_value,X-13 additive SA value < 0,processed permits SA,
41060,"St. Cloud, MN",2006-06-01,permits units SA,-6.86070339449704,negative_seasonally_adjusted_permit_value,X-13 additive SA value < 0,processed permits SA,
41060,"St. Cloud, MN",2006-08-01,permits units SA,-1.51791993173336,negative_seasonally_adjusted_permit_value,X-13 additive SA value < 0,processed permits SA,
41060,"St. Cloud, MN",2006-10-01,permits units SA,-5.31557420029923,negative_seasonally_adjusted_permit_value,X-13 additive SA value < 0,processed permits SA,
41060,"St. Cloud, MN",2006-12-01,permits units SA,-3.39893495091632,negative_seasonally_adjusted_permit_value,X-13 additive SA value < 0,processed permits SA,
41060,"St. Cloud, MN",2007-02-01,permits units SA,-1.48736879930913,negative_seasonally_adjusted_permit_value,X-13 additive SA value < 0,processed permits SA,
41060,"St. Cloud, MN",2007-12-01,permits units SA,-3.70318439241507,negative_seasonally_adjusted_permit_value,X-13 additive SA value < 0,processed permits SA,
41060,"St. Cloud, MN",2008-04-01,permits units SA,-1.57112931427976,negative_seasonally_adjusted_permit_value,X-13 additive SA value < 0,processed permits SA,
41060,"St. Cloud, MN",2008-06-01,permits units SA,-0.519661213154074,negative_seasonally_adjusted_permit_value,X-13 additive SA value < 0,processed permits SA,
41060,"St. Cloud, MN",2009-02-01,permits units SA,-0.809879412832922,negative_seasonally_adjusted_permit_value,X-13 additive SA value < 0,processed permits SA,
41060,"St. Cloud, MN",2009-04-01,permits units SA,-0.70509053926331,negative_seasonally_adjusted_permit_value,X-13 additive SA value < 0,processed permits SA,
41060,"St. Cloud, MN",2010-02-01,permits units SA,-7.31135753695886,negative_seasonally_adjusted_permit_value,X-13 additive SA value < 0,processed permits SA,
41060,"St. Cloud, MN",2010-10-01,permits units SA,-6.2549637568641,negative_seasonally_adjusted_permit_value,X-13 additive SA value < 0,processed permits SA,
41060,"St. Cloud, MN",2011-02-01,permits units SA,-3.42080740335116,negative_seasonally_adjusted_permit_value,X-13 additive SA value < 0,processed permits SA,
41060,"St. Cloud, MN",2012-04-01,permits units SA,-4.49952010565146,negative_seasonally_adjusted_permit_value,X-13 additive SA value < 0,processed permits SA,
41060,"St. Cloud, MN",2012-06-01,permits units SA,-2.31988720477663,negative_seasonally_adjusted_permit_value,X-13 additive SA value < 0,processed permits SA,
41060,"St. Cloud, MN",2012-08-01,permits units SA,-4.31665256944522,negative_seasonally_adjusted_permit_value,X-13 additive SA value < 0,processed permits SA,
41060,"St. Cloud, MN",2012-12-01,permits units SA,-5.25717835033095,negative_seasonally_adjusted_permit_value,X-13 additive SA value < 0,processed permits SA,
41060,"St. Cloud, MN",2013-08-01,permits units SA,-0.390808958228583,negative_seasonally_adjusted_permit_value,X-13 additive SA value < 0,processed permits SA,
41060,"St. Cloud, MN",2013-10-01,permits units SA,-9.10222645815449,negative_seasonally_adjusted_permit_value,X-13 additive SA value < 0,processed permits SA,
41060,"St. Cloud, MN",2013-12-01,permits units SA,-1.34823365740567,negative_seasonally_adjusted_permit_value,X-13 additive SA value < 0,processed permits SA,
41060,"St. Cloud, MN",2014-02-01,permits units SA,-8.47054595188929,negative_seasonally_adjusted_permit_value,X-13 additive SA value < 0,processed permits SA,
41060,"St. Cloud, MN",2014-04-01,permits units SA,-1.55864806899985,negative_seasonally_adjusted_permit_value,X-13 additive SA value < 0,processed permits SA,
41060,"St. Cloud, MN",2014-08-01,permits units SA,-10.7495198850982,negative_seasonally_adjusted_permit_value,X-13 additive SA value < 0,processed permits SA,
41060,"St. Cloud, MN",2014-10-01,permits units SA,-0.320749671988183,negative_seasonally_adjusted_permit_value,X-13 additive SA value < 0,processed permits SA,
41060,"St. Cloud, MN",2014-12-01,permits units SA,-1.50165185656558,negative_seasonally_adjusted_permit_value,X-13 additive SA value < 0,processed permits SA,
41060,"St. Cloud, MN",2015-04-01,permits units SA,-0.443248658650723,negative_seasonally_adjusted_permit_value,X-13 additive SA value < 0,processed permits SA,
41060,"St. Cloud, MN",2015-12-01,permits units SA,-5.55200300191139,negative_seasonally_adjusted_permit_value,X-13 additive SA value < 0,processed permits SA,
41060,"St. Cloud, MN",2016-02-01,permits units SA,-3.49884795368574,negative_seasonally_adjusted_permit_value,X-13 additive SA value < 0,processed permits SA,
41060,"St. Cloud, MN",2016-04-01,permits units SA,-2.12732264753179,negative_seasonally_adjusted_permit_value,X-13 additive SA value < 0,processed permits SA,
41060,"St. Cloud, MN",2016-06-01,permits units SA,-7.05640413206293,negative_seasonally_adjusted_permit_value,X-13 additive SA value < 0,processed permits SA,
41060,"St. Cloud, MN",2016-10-01,permits units SA,-0.657881893229136,negative_seasonally_adjusted_permit_value,X-13 additive SA value < 0,processed permits SA,
41060,"St. Cloud, MN",2016-12-01,permits units SA,-5.48847411111476,negative_seasonally_adjusted_permit_value,X-13 additive SA value < 0,processed permits SA,
41060,"St. Cloud, MN",2026-06-01,employment,108.8,BLS preliminary observation,preliminary_flag==1,BLS CES,
41100,"St. George, UT",2026-06-01,employment,92.2,BLS preliminary observation,preliminary_flag==1,BLS CES,
41420,"Salem, OR",2026-06-01,employment,189.9,BLS preliminary observation,preliminary_flag==1,BLS CES,
41500,"Salinas, CA",2012-12-01,permits units SA,-2.96620025709319,negative_seasonally_adjusted_permit_value,X-13 additive SA value < 0,processed permits SA,
41500,"Salinas, CA",2026-06-01,employment,150.3,BLS preliminary observation,preliminary_flag==1,BLS CES,
41540,"Salisbury, MD",2022-10-01,permits units SA,-11.9878785354914,negative_seasonally_adjusted_permit_value,X-13 additive SA value < 0,processed permits SA,
41540,"Salisbury, MD",2023-04-01,permits units SA,-7.66445131164608,negative_seasonally_adjusted_permit_value,X-13 additive SA value < 0,processed permits SA,
41540,"Salisbury, MD",2024-10-01,permits units SA,-19.6080075377612,negative_seasonally_adjusted_permit_value,X-13 additive SA value < 0,processed permits SA,
41540,"Salisbury, MD",2025-02-01,permits units SA,-2.53791654195841,negative_seasonally_adjusted_permit_value,X-13 additive SA value < 0,processed permits SA,
41540,"Salisbury, MD",2025-04-01,permits units SA,-15.2969973950665,negative_seasonally_adjusted_permit_value,X-13 additive SA value < 0,processed permits SA,
41540,"Salisbury, MD",2026-06-01,employment,57.6,BLS preliminary observation,preliminary_flag==1,BLS CES,
41660,"San Angelo, TX",2026-06-01,employment,54.1,BLS preliminary observation,preliminary_flag==1,BLS CES,
41780,"Sandusky, OH",2004-08-01,permits units SA,-0.232608605362312,negative_seasonally_adjusted_permit_value,X-13 additive SA value < 0,processed permits SA,
41780,"Sandusky, OH",2005-02-01,permits units SA,-0.359795213088266,negative_seasonally_adjusted_permit_value,X-13 additive SA value < 0,processed permits SA,
41780,"Sandusky, OH",2005-04-01,permits units SA,-0.54595705274086,negative_seasonally_adjusted_permit_value,X-13 additive SA value < 0,processed permits SA,
41780,"Sandusky, OH",2006-10-01,permits units SA,-0.0725808911434266,negative_seasonally_adjusted_permit_value,X-13 additive SA value < 0,processed permits SA,
41780,"Sandusky, OH",2006-12-01,permits units SA,-0.120156173204311,negative_seasonally_adjusted_permit_value,X-13 additive SA value < 0,processed permits SA,
41780,"Sandusky, OH",2007-02-01,permits units SA,-0.101320093040893,negative_seasonally_adjusted_permit_value,X-13 additive SA value < 0,processed permits SA,
41780,"Sandusky, OH",2007-04-01,permits units SA,-0.0852378481158203,negative_seasonally_adjusted_permit_value,X-13 additive SA value < 0,processed permits SA,
41780,"Sandusky, OH",2007-06-01,permits units SA,-0.0402380399866317,negative_seasonally_adjusted_permit_value,X-13 additive SA value < 0,processed permits SA,
41780,"Sandusky, OH",2007-08-01,permits units SA,-0.00176895656721142,negative_seasonally_adjusted_permit_value,X-13 additive SA value < 0,processed permits SA,
41780,"Sandusky, OH",2007-12-01,permits units SA,-0.0210166175821972,negative_seasonally_adjusted_permit_value,X-13 additive SA value < 0,processed permits SA,
41780,"Sandusky, OH",2008-10-01,permits units SA,-0.0693361064122848,negative_seasonally_adjusted_permit_value,X-13 additive SA value < 0,processed permits SA,
41780,"Sandusky, OH",2008-12-01,permits units SA,-0.139073122511266,negative_seasonally_adjusted_permit_value,X-13 additive SA value < 0,processed permits SA,
41780,"Sandusky, OH",2009-02-01,permits units SA,-0.108150356264053,negative_seasonally_adjusted_permit_value,X-13 additive SA value < 0,processed permits SA,
41780,"Sandusky, OH",2009-06-01,permits units SA,-0.0464546492480035,negative_seasonally_adjusted_permit_value,X-13 additive SA value < 0,processed permits SA,
41780,"Sandusky, OH",2009-08-01,permits units SA,-0.0100235751807426,negative_seasonally_adjusted_permit_value,X-13 additive SA value < 0,processed permits SA,
41780,"Sandusky, OH",2009-10-01,permits units SA,-0.05923947333705,negative_seasonally_adjusted_permit_value,X-13 additive SA value < 0,processed permits SA,
41780,"Sandusky, OH",2009-12-01,permits units SA,-0.142170719280198,negative_seasonally_adjusted_permit_value,X-13 additive SA value < 0,processed permits SA,
41780,"Sandusky, OH",2010-10-01,permits units SA,-0.0905213288204041,negative_seasonally_adjusted_permit_value,X-13 additive SA value < 0,processed permits SA,
42140,"Santa Fe, NM",2023-04-01,permits units SA,-48.047347941726,negative_seasonally_adjusted_permit_value,X-13 additive SA value < 0,processed permits SA,
42140,"Santa Fe, NM",2026-06-01,employment,63.5,BLS preliminary observation,preliminary_flag==1,BLS CES,
42340,"Savannah, GA",2026-06-01,employment,216.1,BLS preliminary observation,preliminary_flag==1,BLS CES,
43100,"Sheboygan, WI",2008-04-01,permits units SA,-0.481434723406958,negative_seasonally_adjusted_permit_value,X-13 additive SA value < 0,processed permits SA,
43100,"Sheboygan, WI",2008-06-01,permits units SA,-0.452108344026325,negative_seasonally_adjusted_permit_value,X-13 additive SA value < 0,processed permits SA,
43100,"Sheboygan, WI",2008-10-01,permits units SA,-0.596549483691928,negative_seasonally_adjusted_permit_value,X-13 additive SA value < 0,processed permits SA,
43100,"Sheboygan, WI",2010-04-01,permits units SA,-1.32462096844358,negative_seasonally_adjusted_permit_value,X-13 additive SA value < 0,processed permits SA,
43100,"Sheboygan, WI",2010-10-01,permits units SA,-0.599254742533106,negative_seasonally_adjusted_permit_value,X-13 additive SA value < 0,processed permits SA,
43100,"Sheboygan, WI",2011-02-01,permits units SA,-0.00707928589502727,negative_seasonally_adjusted_permit_value,X-13 additive SA value < 0,processed permits SA,
43100,"Sheboygan, WI",2011-08-01,permits units SA,-0.0779082958792883,negative_seasonally_adjusted_permit_value,X-13 additive SA value < 0,processed permits SA,
43100,"Sheboygan, WI",2012-02-01,permits units SA,-0.350648750712232,negative_seasonally_adjusted_permit_value,X-13 additive SA value < 0,processed permits SA,
43100,"Sheboygan, WI",2012-08-01,permits units SA,-1.33661636959269,negative_seasonally_adjusted_permit_value,X-13 additive SA value < 0,processed permits SA,
43100,"Sheboygan, WI",2013-10-01,permits units SA,-12.6789936579446,negative_seasonally_adjusted_permit_value,X-13 additive SA value < 0,processed permits SA,
43100,"Sheboygan, WI",2014-02-01,permits units SA,-1.32515322909407,negative_seasonally_adjusted_permit_value,X-13 additive SA value < 0,processed permits SA,
43100,"Sheboygan, WI",2014-06-01,permits units SA,-0.634325899180663,negative_seasonally_adjusted_permit_value,X-13 additive SA value < 0,processed permits SA,
43100,"Sheboygan, WI",2014-08-01,permits units SA,-0.289211508760448,negative_seasonally_adjusted_permit_value,X-13 additive SA value < 0,processed permits SA,
43100,"Sheboygan, WI",2014-12-01,permits units SA,-0.646113915307396,negative_seasonally_adjusted_permit_value,X-13 additive SA value < 0,processed permits SA,
43100,"Sheboygan, WI",2016-06-01,permits units SA,-2.19635745402577,negative_seasonally_adjusted_permit_value,X-13 additive SA value < 0,processed permits SA,
43100,"Sheboygan, WI",2016-12-01,permits units SA,-1.58384529648975,negative_seasonally_adjusted_permit_value,X-13 additive SA value < 0,processed permits SA,
43100,"Sheboygan, WI",2026-06-01,employment,63.1,BLS preliminary observation,preliminary_flag==1,BLS CES,
43900,"Spartanburg, SC",2026-06-01,employment,179.9,BLS preliminary observation,preliminary_flag==1,BLS CES,
44100,"Springfield, IL",2021-12-01,permits units SA,-3.26039700825338,negative_seasonally_adjusted_permit_value,X-13 additive SA value < 0,processed permits SA,
44100,"Springfield, IL",2026-06-01,employment,106.0,BLS preliminary observation,preliminary_flag==1,BLS CES,
44140,"Springfield, MA",2004-02-01,permits units SA,-2.57235849636111,negative_seasonally_adjusted_permit_value,X-13 additive SA value < 0,processed permits SA,
44140,"Springfield, MA",2004-06-01,permits units SA,-2.97892652209035,negative_seasonally_adjusted_permit_value,X-13 additive SA value < 0,processed permits SA,
44140,"Springfield, MA",2004-08-01,permits units SA,-0.448082382991309,negative_seasonally_adjusted_permit_value,X-13 additive SA value < 0,processed permits SA,
44140,"Springfield, MA",2006-02-01,permits units SA,-11.1547871734087,negative_seasonally_adjusted_permit_value,X-13 additive SA value < 0,processed permits SA,
44140,"Springfield, MA",2010-02-01,permits units SA,-7.79930358430318,negative_seasonally_adjusted_permit_value,X-13 additive SA value < 0,processed permits SA,
44140,"Springfield, MA",2011-12-01,permits units SA,-7.81508962053549,negative_seasonally_adjusted_permit_value,X-13 additive SA value < 0,processed permits SA,
44140,"Springfield, MA",2013-12-01,permits units SA,-6.53634309001397,negative_seasonally_adjusted_permit_value,X-13 additive SA value < 0,processed permits SA,
44140,"Springfield, MA",2014-04-01,permits units SA,-1.11338852715291,negative_seasonally_adjusted_permit_value,X-13 additive SA value < 0,processed permits SA,
44140,"Springfield, MA",2014-06-01,permits units SA,-0.64944987354599,negative_seasonally_adjusted_permit_value,X-13 additive SA value < 0,processed permits SA,
44140,"Springfield, MA",2016-02-01,permits units SA,-4.93767282174516,negative_seasonally_adjusted_permit_value,X-13 additive SA value < 0,processed permits SA,
44140,"Springfield, MA",2016-04-01,permits units SA,-2.37180028857989,negative_seasonally_adjusted_permit_value,X-13 additive SA value < 0,processed permits SA,
44140,"Springfield, MA",2016-06-01,permits units SA,-7.81037884964296,negative_seasonally_adjusted_permit_value,X-13 additive SA value < 0,processed permits SA,
44140,"Springfield, MA",2026-06-01,employment,208.9,BLS preliminary observation,preliminary_flag==1,BLS CES,
44180,"Springfield, MO",2026-06-01,employment,237.4,BLS preliminary observation,preliminary_flag==1,BLS CES,
44220,"Springfield, OH",2005-12-01,permits units SA,-2.79329086343857,negative_seasonally_adjusted_permit_value,X-13 additive SA value < 0,processed permits SA,
44220,"Springfield, OH",2009-02-01,permits units SA,-0.98972114970572,negative_seasonally_adjusted_permit_value,X-13 additive SA value < 0,processed permits SA,
44220,"Springfield, OH",2009-12-01,permits units SA,-2.21290768081723,negative_seasonally_adjusted_permit_value,X-13 additive SA value < 0,processed permits SA,
44220,"Springfield, OH",2026-06-01,employment,46.9,BLS preliminary observation,preliminary_flag==1,BLS CES,
44300,"State College, PA",2007-06-01,permits units SA,-2.57455570064305,negative_seasonally_adjusted_permit_value,X-13 additive SA value < 0,processed permits SA,
44300,"State College, PA",2008-04-01,permits units SA,-2.82143357916226,negative_seasonally_adjusted_permit_value,X-13 additive SA value < 0,processed permits SA,
44300,"State College, PA",2009-08-01,permits units SA,-0.625867583229067,negative_seasonally_adjusted_permit_value,X-13 additive SA value < 0,processed permits SA,
44300,"State College, PA",2010-04-01,permits units SA,-1.27989499578699,negative_seasonally_adjusted_permit_value,X-13 additive SA value < 0,processed permits SA,
44300,"State College, PA",2011-08-01,permits units SA,-1.06672592161072,negative_seasonally_adjusted_permit_value,X-13 additive SA value < 0,processed permits SA,
44300,"State College, PA",2026-06-01,employment,81.7,BLS preliminary observation,preliminary_flag==1,BLS CES,
44940,"Sumter, SC",2026-06-01,employment,37.4,BLS preliminary observation,preliminary_flag==1,BLS CES,
45060,"Syracuse, NY",2025-04-01,permits units SA,-0.912472903308114,negative_seasonally_adjusted_permit_value,X-13 additive SA value < 0,processed permits SA,
45060,"Syracuse, NY",2026-06-01,employment,322.2,BLS preliminary observation,preliminary_flag==1,BLS CES,
45220,"Tallahassee, FL",2026-06-01,employment,202.1,BLS preliminary observation,preliminary_flag==1,BLS CES,
45460,"Terre Haute, IN",2010-12-01,permits units SA,-1.2893534695616,negative_seasonally_adjusted_permit_value,X-13 additive SA value < 0,processed permits SA,
45460,"Terre Haute, IN",2014-02-01,permits units SA,-2.49575131437263,negative_seasonally_adjusted_permit_value,X-13 additive SA value < 0,processed permits SA,
45460,"Terre Haute, IN",2026-06-01,employment,68.2,BLS preliminary observation,preliminary_flag==1,BLS CES,
45780,"Toledo, OH",2026-06-01,employment,299.9,BLS preliminary observation,preliminary_flag==1,BLS CES,
45820,"Topeka, KS",2026-06-01,employment,118.5,BLS preliminary observation,preliminary_flag==1,BLS CES,
46060,"Tucson, AZ",2026-06-01,employment,406.1,BLS preliminary observation,preliminary_flag==1,BLS CES,
46140,"Tulsa, OK",2026-06-01,employment,483.0,BLS preliminary observation,preliminary_flag==1,BLS CES,
46220,"Tuscaloosa, AL",2026-06-01,employment,117.9,BLS preliminary observation,preliminary_flag==1,BLS CES,
46300,"Twin Falls, ID",2026-06-01,employment,51.7,BLS preliminary observation,preliminary_flag==1,BLS CES,
46340,"Tyler, TX",2026-06-01,employment,122.1,BLS preliminary observation,preliminary_flag==1,BLS CES,
46520,"Urban Honolulu, HI",2014-12-01,permits units SA,-27.3342500410836,negative_seasonally_adjusted_permit_value,X-13 additive SA value < 0,processed permits SA,
46520,"Urban Honolulu, HI",2024-12-01,permits units SA,-30.4948909986356,negative_seasonally_adjusted_permit_value,X-13 additive SA value < 0,processed permits SA,
46520,"Urban Honolulu, HI",2026-06-01,employment,462.2,BLS preliminary observation,preliminary_flag==1,BLS CES,
46660,"Valdosta, GA",2026-06-01,employment,56.8,BLS preliminary observation,preliminary_flag==1,BLS CES,
46700,"Vallejo, CA",2026-06-01,employment,146.4,BLS preliminary observation,preliminary_flag==1,BLS CES,
47220,"Vineland, NJ",2026-06-01,employment,60.0,BLS preliminary observation,preliminary_flag==1,BLS CES,
47300,"Visalia, CA",2026-06-01,employment,145.3,BLS preliminary observation,preliminary_flag==1,BLS CES,
47380,"Waco, TX",2026-06-01,employment,143.3,BLS preliminary observation,preliminary_flag==1,BLS CES,
47460,"Walla Walla, WA",2026-06-01,employment,27.7,BLS preliminary observation,preliminary_flag==1,BLS CES,
47580,"Warner Robins, GA",2026-06-01,employment,77.7,BLS preliminary observation,preliminary_flag==1,BLS CES,
48140,"Wausau, WI",2022-08-01,permits units SA,-23.4849281637844,negative_seasonally_adjusted_permit_value,X-13 additive SA value < 0,processed permits SA,
48140,"Wausau, WI",2026-06-01,employment,70.8,BLS preliminary observation,preliminary_flag==1,BLS CES,
48620,"Wichita, KS",2026-06-01,employment,315.8,BLS preliminary observation,preliminary_flag==1,BLS CES,
48660,"Wichita Falls, TX",2009-02-01,permits units SA,-0.482067558545685,negative_seasonally_adjusted_permit_value,X-13 additive SA value < 0,processed permits SA,
48660,"Wichita Falls, TX",2009-12-01,permits units SA,-0.548419213954516,negative_seasonally_adjusted_permit_value,X-13 additive SA value < 0,processed permits SA,
48660,"Wichita Falls, TX",2010-02-01,permits units SA,-0.213225788701659,negative_seasonally_adjusted_permit_value,X-13 additive SA value < 0,processed permits SA,
48660,"Wichita Falls, TX",2010-04-01,permits units SA,-1.06412475903835,negative_seasonally_adjusted_permit_value,X-13 additive SA value < 0,processed permits SA,
48660,"Wichita Falls, TX",2011-02-01,permits units SA,-0.19620742855284,negative_seasonally_adjusted_permit_value,X-13 additive SA value < 0,processed permits SA,
48660,"Wichita Falls, TX",2011-08-01,permits units SA,-0.365881475266536,negative_seasonally_adjusted_permit_value,X-13 additive SA value < 0,processed permits SA,
48660,"Wichita Falls, TX",2012-02-01,permits units SA,-0.449155019310482,negative_seasonally_adjusted_permit_value,X-13 additive SA value < 0,processed permits SA,
48660,"Wichita Falls, TX",2012-04-01,permits units SA,-1.70821155331862,negative_seasonally_adjusted_permit_value,X-13 additive SA value < 0,processed permits SA,
48660,"Wichita Falls, TX",2013-04-01,permits units SA,-0.355327157146711,negative_seasonally_adjusted_permit_value,X-13 additive SA value < 0,processed permits SA,
48660,"Wichita Falls, TX",2013-08-01,permits units SA,-1.85858914551048,negative_seasonally_adjusted_permit_value,X-13 additive SA value < 0,processed permits SA,
48660,"Wichita Falls, TX",2013-10-01,permits units SA,-0.448714726916614,negative_seasonally_adjusted_permit_value,X-13 additive SA value < 0,processed permits SA,
48660,"Wichita Falls, TX",2013-12-01,permits units SA,-1.04646125699816,negative_seasonally_adjusted_permit_value,X-13 additive SA value < 0,processed permits SA,
48660,"Wichita Falls, TX",2014-02-01,permits units SA,-0.930831111803253,negative_seasonally_adjusted_permit_value,X-13 additive SA value < 0,processed permits SA,
48660,"Wichita Falls, TX",2015-08-01,permits units SA,-2.99235203898837,negative_seasonally_adjusted_permit_value,X-13 additive SA value < 0,processed permits SA,
48660,"Wichita Falls, TX",2015-10-01,permits units SA,-1.53218901618283,negative_seasonally_adjusted_permit_value,X-13 additive SA value < 0,processed permits SA,
48660,"Wichita Falls, TX",2017-04-01,permits units SA,-2.00467226995692,negative_seasonally_adjusted_permit_value,X-13 additive SA value < 0,processed permits SA,
48660,"Wichita Falls, TX",2026-06-01,employment,58.7,BLS preliminary observation,preliminary_flag==1,BLS CES,
48700,"Williamsport, PA",2006-06-01,permits units SA,-0.466822876100888,negative_seasonally_adjusted_permit_value,X-13 additive SA value < 0,processed permits SA,
48700,"Williamsport, PA",2006-08-01,permits units SA,-0.205372823920686,negative_seasonally_adjusted_permit_value,X-13 additive SA value < 0,processed permits SA,
48700,"Williamsport, PA",2008-06-01,permits units SA,-0.460568745052341,negative_seasonally_adjusted_permit_value,X-13 additive SA value < 0,processed permits SA,
48700,"Williamsport, PA",2008-10-01,permits units SA,-0.679794047708574,negative_seasonally_adjusted_permit_value,X-13 additive SA value < 0,processed permits SA,
48700,"Williamsport, PA",2013-08-01,permits units SA,-0.29680925600656,negative_seasonally_adjusted_permit_value,X-13 additive SA value < 0,processed permits SA,
48700,"Williamsport, PA",2014-02-01,permits units SA,-0.267583986670385,negative_seasonally_adjusted_permit_value,X-13 additive SA value < 0,processed permits SA,
48700,"Williamsport, PA",2014-04-01,permits units SA,-0.412267762262301,negative_seasonally_adjusted_permit_value,X-13 additive SA value < 0,processed permits SA,
48700,"Williamsport, PA",2016-02-01,permits units SA,-0.299353606423765,negative_seasonally_adjusted_permit_value,X-13 additive SA value < 0,processed permits SA,
48700,"Williamsport, PA",2016-10-01,permits units SA,-0.398501698103784,negative_seasonally_adjusted_permit_value,X-13 additive SA value < 0,processed permits SA,
48700,"Williamsport, PA",2026-06-01,employment,53.0,BLS preliminary observation,preliminary_flag==1,BLS CES,
48900,"Wilmington, NC",2026-06-01,employment,200.6,BLS preliminary observation,preliminary_flag==1,BLS CES,
49340,"Worcester, MA",2004-08-01,permits units SA,-7.47157858213682,negative_seasonally_adjusted_permit_value,X-13 additive SA value < 0,processed permits SA,
49340,"Worcester, MA",2008-04-01,permits units SA,-1.96368844719538,negative_seasonally_adjusted_permit_value,X-13 additive SA value < 0,processed permits SA,
49340,"Worcester, MA",2010-04-01,permits units SA,-4.83176725683682,negative_seasonally_adjusted_permit_value,X-13 additive SA value < 0,processed permits SA,
49340,"Worcester, MA",2014-12-01,permits units SA,-6.34809989031612,negative_seasonally_adjusted_permit_value,X-13 additive SA value < 0,processed permits SA,
49340,"Worcester, MA",2016-12-01,permits units SA,-18.0381859541144,negative_seasonally_adjusted_permit_value,X-13 additive SA value < 0,processed permits SA,
49340,"Worcester, MA",2026-06-01,employment,368.1,BLS preliminary observation,preliminary_flag==1,BLS CES,
49420,"Yakima, WA",2007-12-01,permits units SA,-1.47484177345968,negative_seasonally_adjusted_permit_value,X-13 additive SA value < 0,processed permits SA,
49420,"Yakima, WA",2026-06-01,employment,89.6,BLS preliminary observation,preliminary_flag==1,BLS CES,
49700,"Yuba City, CA",2005-10-01,permits units SA,-1.65548838766216,negative_seasonally_adjusted_permit_value,X-13 additive SA value < 0,processed permits SA,
49700,"Yuba City, CA",2009-06-01,permits units SA,-0.458531158487133,negative_seasonally_adjusted_permit_value,X-13 additive SA value < 0,processed permits SA,
49740,"Yuma, AZ",2026-06-01,employment,60.5,BLS preliminary observation,preliminary_flag==1,BLS CES,
