  Reading input spec file from D:\Programming\Dynamic Paper-dlrhcs_replication\outputs\empirical\unemployment\raw_sa_pilot\x13_work\bps_permits_additive_level_44140_200401_202606.spc

1

               U. S. Department of Commerce, U. S. Census Bureau

              X-13ARIMA-SEATS monthly seasonal adjustment Method,
                          Release Version 1.1 Build 62


           This software application provides an enhanced version of
             Statistics Canada's X-11-ARIMA extension (Dagum, 1980)
                 of the X-11 variant of the Census Method II of
                      Shiskin, Young and Musgrave (1967).

            It also provides an ARIMA model-based method following
       Hillmer and Tiao (1982) and Burman (1980) that is very similar
       to the update of the method of SEATS (Gomez and Maravall, 1996)
                produced at the Bank of Spain by G. Caporello and
               A. Maravall for TSW (Caporello and Maravall, 2004).
          The present application includes additional enhancements.

         X-13ARIMA-SEATS includes an automatic ARIMA model selection procedure
          based largely on the procedure of Gomez and Maravall (1998)
            as implemented in TRAMO (1996) and subsequent revisions.

              Primary Programmers: Brian Monsell, Mark Otto and,
                 for the ARIMA model-based signal extraction,
                      Gianluca Caporello and Victor Gomez


     Series Title- bps_permits 44140
     Series Name- bps_permits_addi
     Jul 29, 2026  08.34.46 

        -Period covered-  1st month,2004 to  6th month,2026
        -Type of run - additive seasonal adjustment

        -Sigma limits for graduating extreme values are  1.5 and  2.5 .
        -3x3 moving average used in section 1 of each iteration, 
         3x5 moving average in section 2 of iterations B and C,
         moving average for final seasonal factors chosen by Global MSR.
        -Holiday adjustment factors applied directly to the final seasonally adjusted series
        -Spectral plots generated for selected series
        -Spectral plots generated for series starting in 2018.Jul

 FILE SAVE REQUESTS (* indicates file exists and will be overwritten)
  D:\Programming\Dynamic Paper-dlrhcs_replication\outputs\empirical\unemployment\raw_sa_pilot\x13_work\bps_permits_additive_level_44140_200401_202606.d10  final seasonal factors
  D:\Programming\Dynamic Paper-dlrhcs_replication\outputs\empirical\unemployment\raw_sa_pilot\x13_work\bps_permits_additive_level_44140_200401_202606.d11  final seasonally adjusted data
  D:\Programming\Dynamic Paper-dlrhcs_replication\outputs\empirical\unemployment\raw_sa_pilot\x13_work\bps_permits_additive_level_44140_200401_202606.out  program output file
  D:\Programming\Dynamic Paper-dlrhcs_replication\outputs\empirical\unemployment\raw_sa_pilot\x13_work\bps_permits_additive_level_44140_200401_202606.err  program error file
        bps_permits 44140            PAGE   1, SERIES bps_permits_addi

     Contents of spc file D:\Programming\Dynamic Paper-dlrhcs_replication\outputs\empirical\unemployment\raw_sa_pilot\x13_work\bps_permits_additive_level_44140_200401_202606.spc

 Line #
 ------
      1: series {
      2:   title = "bps_permits 44140"
      3:   start = 2004.1
      4:   period = 12
      5:   data = (
      6: 50
      7: 37
      8: 94
      9: 88
     10: 109
     11: 96
     12: 104
     13: 98
     14: 90
     15: 71
     16: 79
     17: 105
     18: 41
     19: 40
     20: 83
     21: 87
     22: 95
     23: 78
     24: 75
     25: 78
     26: 77
     27: 87
     28: 84
     29: 67
     30: 54
     31: 58
     32: 69
     33: 57
     34: 86
     35: 79
     36: 62
     37: 65
     38: 53
     39: 74
     40: 71
     41: 125
     42: 48
     43: 39
     44: 46
     45: 65
     46: 88
     47: 46
     48: 52
     49: 61
     50: 76
     51: 89
     52: 52
     53: 62
     54: 43
     55: 18
     56: 39
     57: 171
     58: 22
     59: 30
     60: 39
     61: 44
     62: 29
     63: 33
     64: 26
     65: 14
     66: 8
     67: 20
     68: 20
     69: 33
     70: 35
     71: 41
     72: 29
     73: 35
     74: 20
     75: 34
     76: 36
     77: 30
     78: 18
     79: 15
     80: 33
     81: 30
     82: 26
     83: 37
     84: 38
     85: 27
     86: 45
     87: 38
     88: 27
     89: 24
     90: 16
     91: 5
     92: 22
     93: 24
     94: 23
     95: 22
     96: 16
     97: 35
     98: 28
     99: 23
    100: 18
    101: 28
    102: 20
    103: 18
    104: 20
    105: 22
    106: 25
    107: 32
    108: 27
    109: 16
    110: 17
    111: 26
    112: 24
    113: 27
    114: 14
    115: 17
    116: 39
    117: 25
    118: 31
    119: 28
    120: 30
    121: 33
    122: 29
    123: 23
    124: 33
    125: 22
    126: 9
    127: 4
    128: 21
    129: 40
    130: 27
    131: 61
    132: 21
    133: 26
    134: 46
    135: 19
    136: 19
    137: 22
    138: 4
    139: 1
    140: 0
    141: 4
    142: 4
    143: 0
    144: 1
    145: 2
    146: 4
    147: 2
    148: 2
    149: 3
    150: 2
    151: 1
    152: 1
    153: 4
    154: 2
    155: 5
    156: 1
    157: 7
    158: 3
    159: 3
    160: 2
    161: 2
    162: 2
    163: 1
    164: 8
    165: 5
    166: 4
    167: 4
    168: 1
    169: 1
    170: 3
    171: 5
    172: 2
    173: 7
    174: 1
    175: 2
    176: 0
    177: 8
    178: 4
    179: 4
    180: 4
    181: 8
    182: 8
    183: 5
    184: 1
    185: 6
    186: 2
    187: 2
    188: 1
    189: 6
    190: 3
    191: 9
    192: 13
    193: 3
    194: 2
    195: 6
    196: 2
    197: 1
    198: 2
    199: 1
    200: 4
    201: 1
    202: 3
    203: 4
    204: 5
    205: 1
    206: 3
    207: 1
    208: 2
    209: 5
    210: 0
    211: 2
    212: 2
    213: 4
    214: 4
    215: 0
    216: 1
    217: 1
    218: 2
    219: 2
    220: 2
    221: 2
    222: 53
    223: 42
    224: 100
    225: 63
    226: 46
    227: 145
    228: 48
    229: 40
    230: 49
    231: 46
    232: 55
    233: 41
    234: 28
    235: 26
    236: 126
    237: 31
    238: 62
    239: 59
    240: 43
    241: 47
    242: 46
    243: 57
    244: 59
    245: 39
    246: 15
    247: 15
    248: 18
    249: 49
    250: 34
    251: 68
    252: 34
    253: 31
    254: 26
    255: 27
    256: 24
    257: 25
    258: 18
    259: 13
    260: 26
    261: 24
    262: 24
    263: 28
    264: 37
    265: 24
    266: 42
    267: 34
    268: 23
    269: 40
    270: 22
    271: 17
    272: 21
    273: 29
    274: 27
    275: 43
    276:   )
    277: }
    278: transform { function = none }
    279: regression { aictest = (td easter) }
    280: automdl {}
    281: x11 { mode = add save = (d10 d11) }
        bps_permits 44140            PAGE   2, SERIES bps_permits_addi

 A 1  Time series data (for the span analyzed)
  From  2004.Jan to 2026.Jun
  Observations        270
 -----------------------------------------------------------------------------
               Jan      Feb      Mar      Apr      May      Jun 
               Jul      Aug      Sep      Oct      Nov      Dec        TOTAL  
 -----------------------------------------------------------------------------
  2004          50.      37.      94.      88.     109.      96.
               104.      98.      90.      71.      79.     105.         1021.
 
  2005          41.      40.      83.      87.      95.      78.
                75.      78.      77.      87.      84.      67.          892.
 
  2006          54.      58.      69.      57.      86.      79.
                62.      65.      53.      74.      71.     125.          853.
 
  2007          48.      39.      46.      65.      88.      46.
                52.      61.      76.      89.      52.      62.          724.
 
  2008          43.      18.      39.     171.      22.      30.
                39.      44.      29.      33.      26.      14.          508.
 
  2009           8.      20.      20.      33.      35.      41.
                29.      35.      20.      34.      36.      30.          341.
 
  2010          18.      15.      33.      30.      26.      37.
                38.      27.      45.      38.      27.      24.          358.
 
  2011          16.       5.      22.      24.      23.      22.
                16.      35.      28.      23.      18.      28.          260.
 
  2012          20.      18.      20.      22.      25.      32.
                27.      16.      17.      26.      24.      27.          274.
 
  2013          14.      17.      39.      25.      31.      28.
                30.      33.      29.      23.      33.      22.          324.
 
  2014           9.       4.      21.      40.      27.      61.
                21.      26.      46.      19.      19.      22.          315.
 
  2015           4.       1.       0.       4.       4.       0.
                 1.       2.       4.       2.       2.       3.           27.
 
  2016           2.       1.       1.       4.       2.       5.
                 1.       7.       3.       3.       2.       2.           33.
 
  2017           2.       1.       8.       5.       4.       4.
                 1.       1.       3.       5.       2.       7.           43.
 
  2018           1.       2.       0.       8.       4.       4.
                 4.       8.       8.       5.       1.       6.           51.
 
  2019           2.       2.       1.       6.       3.       9.
                13.       3.       2.       6.       2.       1.           50.
 
  2020           2.       1.       4.       1.       3.       4.
                 5.       1.       3.       1.       2.       5.           32.
 
  2021           0.       2.       2.       4.       4.       0.
                 1.       1.       2.       2.       2.       2.           22.
 
  2022          53.      42.     100.      63.      46.     145.
                48.      40.      49.      46.      55.      41.          728.
 
  2023          28.      26.     126.      31.      62.      59.
                43.      47.      46.      57.      59.      39.          623.
 
  2024          15.      15.      18.      49.      34.      68.
                34.      31.      26.      27.      24.      25.          366.
 
  2025          18.      13.      26.      24.      24.      28.
                37.      24.      42.      34.      23.      40.          333.
 
  2026          22.      17.      21.      29.      27.      43.
                                                                          159.
 
  AVGE          20.      17.      34.      38.      34.      40.
                31.      31.      32.      32.      29.      32.

  Table Total-        8337.   Mean-        31.   Std. Dev.-        30.
                              Min -         0.        Max -       171.
        bps_permits 44140            PAGE   3, SERIES bps_permits_addi
                        Automatic ARIMA Model Selection

                    Procedure based closely on TRAMO method 
                         of Gomez and Maravall (2000)
              "Automatic Modeling Methods for Univariate Series",
                            A Course in Time Series
                  (Edited by D. Pena, G. C. Tiao, R. S. Tsay),
                         New York : J. Wiley and Sons


     Maximum order for regular ARMA parameters :   2
     Maximum order for seasonal ARMA parameters :   1
     Maximum order for regular differencing :   2
     Maximum order for seasonal differencing :   1

   Results of Unit Root Test for identifying orders of differencing:
     Regular difference order :   0
     Seasonal difference order :   0

  Automatic model choice : (1 0 1)(1 0 1)


  Final Checks for Identified Model


  Checking for Unit Roots.
   Regular unit root found.
   ( 0, 1, 1) ( 1, 0, 1)
  Constant term removed from model

  Checking for nonseasonal overdifferencing.
   Nonseasonal MA not within  0.001 of 1.0 - model passes test.

  Checking for insignificant ARMA coefficients.

  Final automatic model choice : (0 1 1)(1 0 1)
   End of automatic model selection procedure.

 Average absolute percentage error in within-sample forecasts:
  Last year:  26.71      Last-1 year:  62.58     Last-2 year:  74.04
  Last three years:   54.44

 Estimation converged in    6 ARMA iterations,   89 function evaluations.

 Regression Model
 ------------------------------------------------------------------------------
                             Parameter        Standard
 Variable                     Estimate           Error      t-value
 ------------------------------------------------------------------------------
 Easter[8]                    -16.7497         4.73865        -3.53
 ------------------------------------------------------------------------------


 ARIMA Model:  (0 1 1)(1 0 1)
   Nonseasonal differences: 1
                                              Standard
 Parameter                    Estimate          Errors
 -----------------------------------------------------
 Seasonal AR                                       
   Lag 12                       0.4085         0.05694

 Nonseasonal MA                                    
   Lag  1                       0.7284         0.04337

 Seasonal MA                                       
   Lag 12                       0.2040         0.01215

 Variance                       0.30971E+03
 SE of Var                      0.26705E+02
 -----------------------------------------------------

 Likelihood Statistics
 ------------------------------------------------------------------
 Number of observations (nobs)                                  270
 Effective number of observations (nefobs)                      269
 Number of parameters estimated (np)                              5
 Log likelihood (L)                                      -1153.8161
 AIC                                                      2317.6322 
 AICC (F-corrected-AIC)                                   2317.8603 
 Hannan Quinn                                             2324.8504 
 BIC                                                      2335.6058 
 ------------------------------------------------------------------

 QS Statistic for regARIMA Model Residuals (full series):             0.00
                                                       (P-Value =     1.0000)

 QS Statistic for regARIMA Model Residuals (starting 2018.Jul):       0.00
                                                       (P-Value =     1.0000)
      10*LOG(SPECTRUM) of the regARIMA model residuals
      Spectrum estimated from 2018.Jul to 2026.Jun.
 ++++++++++I+++++++++++++++++++++++++++++++++++++++++++++++++++++++++++++I
      30.01I                                                             I     30.01
           I   *     *                                                   I
           I   *     *                                                   I
           I   *     *                                                   I
      28.87I   *     *                                                   I     28.87
           I   *   ***                                             *     I
           I   *   ***                                 *           *     I
           I   *   ***                                 **         **     I
      27.73I  **   ***                              S  **         **     I     27.73
           I  **  ****                              S*T**         **     I
           I  **  ****S                             S*T**         **     I
           I  **  ****S                             S*T**         **     I
      26.59I  **  ****S   *             *          *S*T***     *T***     I     26.59
           I  *** ****S   *            **          *S*T***     *T***     I
           I  *** ****S   *            **          *S*T***     *T***     I
           I  ********S   *           ****         *S*T***     *T***     I
      25.44I  ********S   *          *****         *S*T***    S*T***     I     25.44
           I  ********S   *          *****         *S*T***    S*T***     I
           I  ********S   *   *      *****         *S*T****   S*T***     I
           I  ********S   **  *      *****         *S*T****   S*T****    I
      24.30I  ********S   **  **     *****S        *S*T****   S*T****    I     24.30
           I  ********S   **  **     *****S        *S*T****   S*T****    I
           I  ********S   **  **     *****S        *S*T****  *S*T****    I
           I  ********S   **  **     *****S        *S*T***** *S*T****    I
      23.16I  ********S* ***  **     *****S        *S*T*******S*T****    I     23.16
           I *********S* ***  **    ******S        *S*T*******S*T****    I
           I *********S* ***  **    ******S       **S*T*******S*T****    I
           I *********S* ***  **    ******S       **S*T*******S*T****    I
      22.01I *********S* ***  **    ******S*      **S*T*******S*T****    I     22.01
           I *********S*********    ******S*      **S*T*******S*T****    I
           I**********S*********    ******S*      **S*T*******S*T****    I
           I**********S*********    ******S*      **S*T*******S*T****    I
      20.87I**********S*********    ******S*      **S*T*******S*T****    I     20.87
           I**********S*********    ******S*      **S*T*******S*T****    I
           I**********S*********    ******S*      **S*T*******S*T****    I
           I**********S*********    ******S*      **S*T*******S*T*****   I
      19.73I**********S*********S   ******S*      **S*T*******S*T*****   I     19.73
           I**********S*********S  *******S*      **S*T*******S*T*****   I
           I**********S*********S  *******S*      **S*T*******S*T*****   I
           I**********S*********S  *******S**    ***S*T*******S*T*****   I
      18.58I**********S*********S  *******S**    ***S*T*******S*T*****   I     18.58
           I**********S*********S  *******S**    ***S*T*******S*T*****   I
           I**********S*********S  *******S**    ***S*T*******S*T*****   I
           I**********S*********S  *******S**    ***S*T*******S*T*****   I
      17.44I**********S*********S*********S**    ***S*T*******S*T*****   I     17.44
           I**********S*********S*********S**    ***S*T*******S*T******  I
           I**********S*********S*********S**    ***S*T*******S*T******  I
           I**********S*********S*********S***   ***S*T*******S*T******  I
      16.30I**********S*********S*********S***  ****S*T*******S*T******  I     16.30
           I**********S*********S*********S***  ****S*T*******S*T******  I
           I**********S*********S*********S***  ****S*T*******S*T******  I
           I**********S*********S*********S***  ****S*T*******S*T******* I
      15.16I**********S*********S*********S*********S*T*******S*T*******SI     15.16
 ++++++++++I+++++++++++++++++++++++++++++++++++++++++++++++++++++++++++++I
            S=SEASONAL FREQUENCIES, T=TRADING DAY FREQUENCIES


 FORECASTING
  Origin  2026.Jun
  Number        12

  Forecasts and Standard Errors
   ------------------------------
                         Standard
       Date   Forecast      Error
   ------------------------------
   2026.Jul      32.57     17.599
   2026.Aug      29.80     18.236
   2026.Sep      33.28     18.852
   2026.Oct      31.78     19.449
   2026.Nov      29.44     20.028
   2026.Dec      32.76     20.591
   2027.Jan      28.58     21.138
   2027.Feb      27.34     21.672
   2027.Mar      18.78     22.381
   2027.Apr      40.70     22.879
   2027.May      30.07     23.200
   2027.Jun      33.83     23.687
   ------------------------------

  Confidence intervals with coverage probability ( 0.95000
   ---------------------------------------
       Date      Lower  Forecast     Upper
   ---------------------------------------
   2026.Jul      -1.92     32.57     67.06
   2026.Aug      -5.94     29.80     65.55
   2026.Sep      -3.67     33.28     70.23
   2026.Oct      -6.34     31.78     69.90
   2026.Nov      -9.82     29.44     68.69
   2026.Dec      -7.60     32.76     73.12
   2027.Jan     -12.85     28.58     70.01
   2027.Feb     -15.14     27.34     69.82
   2027.Mar     -25.09     18.78     62.65
   2027.Apr      -4.14     40.70     85.54
   2027.May     -15.40     30.07     75.54
   2027.Jun     -12.60     33.83     80.25
   ---------------------------------------
        bps_permits 44140            PAGE   4, SERIES bps_permits_addi

 A 7  RegARIMA holiday component
  From  2004.Jan to 2026.Jun
  Observations        270
 -----------------------------------------------------------------------------
               Jan      Feb      Mar      Apr      May      Jun 
               Jul      Aug      Sep      Oct      Nov      Dec         AVGE  
 -----------------------------------------------------------------------------
  2004           0.       0.       6.      -6.       0.       0.
                 0.       0.       0.       0.       0.       0.            0.
 
  2005           0.       0.     -10.      10.       0.       0.
                 0.       0.       0.       0.       0.       0.            0.
 
  2006           0.       0.       6.      -6.       0.       0.
                 0.       0.       0.       0.       0.       0.            0.
 
  2007           0.       0.       4.      -4.       0.       0.
                 0.       0.       0.       0.       0.       0.            0.
 
  2008           0.       0.     -10.      10.       0.       0.
                 0.       0.       0.       0.       0.       0.            0.
 
  2009           0.       0.       6.      -6.       0.       0.
                 0.       0.       0.       0.       0.       0.            0.
 
  2010           0.       0.      -4.       4.       0.       0.
                 0.       0.       0.       0.       0.       0.            0.
 
  2011           0.       0.       6.      -6.       0.       0.
                 0.       0.       0.       0.       0.       0.            0.
 
  2012           0.       0.       4.      -4.       0.       0.
                 0.       0.       0.       0.       0.       0.            0.
 
  2013           0.       0.     -10.      10.       0.       0.
                 0.       0.       0.       0.       0.       0.            0.
 
  2014           0.       0.       6.      -6.       0.       0.
                 0.       0.       0.       0.       0.       0.            0.
 
  2015           0.       0.      -2.       2.       0.       0.
                 0.       0.       0.       0.       0.       0.            0.
 
  2016           0.       0.     -10.      10.       0.       0.
                 0.       0.       0.       0.       0.       0.            0.
 
  2017           0.       0.       6.      -6.       0.       0.
                 0.       0.       0.       0.       0.       0.            0.
 
  2018           0.       0.     -10.      10.       0.       0.
                 0.       0.       0.       0.       0.       0.            0.
 
  2019           0.       0.       6.      -6.       0.       0.
                 0.       0.       0.       0.       0.       0.            0.
 
  2020           0.       0.       6.      -6.       0.       0.
                 0.       0.       0.       0.       0.       0.            0.
 
  2021           0.       0.      -4.       4.       0.       0.
                 0.       0.       0.       0.       0.       0.            0.
 
  2022           0.       0.       6.      -6.       0.       0.
                 0.       0.       0.       0.       0.       0.            0.
 
  2023           0.       0.       6.      -6.       0.       0.
                 0.       0.       0.       0.       0.       0.            0.
 
  2024           0.       0.     -10.      10.       0.       0.
                 0.       0.       0.       0.       0.       0.            0.
 
  2025           0.       0.       6.      -6.       0.       0.
                 0.       0.       0.       0.       0.       0.            0.
 
  2026           0.       0.      -2.       2.       0.       0.
                                                                            0.
 
  AVGE           0.       0.       0.      -0.       0.       0.
                 0.       0.       0.       0.       0.       0.

  Table Total-           0.   Mean-         0.   Std. Dev.-         3.
                              Min -       -10.        Max -        10.

 A 7.A  RegARIMA holiday component forecasts
  From  2026.Jul to 2027.Jun
  Observations         12
 -----------------------------------------------------------------------------
               Jan      Feb      Mar      Apr      May      Jun 
               Jul      Aug      Sep      Oct      Nov      Dec         AVGE  
 -----------------------------------------------------------------------------
  2026                                                          
                 0.       0.       0.       0.       0.       0.            0.
 
  2027           0.       0.     -10.      10.       0.       0.
                                                                            0.
 
        bps_permits 44140            PAGE   5, SERIES bps_permits_addi
  
 B 1  Original series (prior adjusted)
      (adjusted for regARIMA factors)
  From  2004.Jan to 2026.Jun
  Observations        270
 -----------------------------------------------------------------------------
               Jan      Feb      Mar      Apr      May      Jun 
               Jul      Aug      Sep      Oct      Nov      Dec        TOTAL  
 -----------------------------------------------------------------------------
  2004          50.      37.      88.      94.     109.      96.
               104.      98.      90.      71.      79.     105.         1021.
 
  2005          41.      40.      93.      77.      95.      78.
                75.      78.      77.      87.      84.      67.          892.
 
  2006          54.      58.      63.      63.      86.      79.
                62.      65.      53.      74.      71.     125.          853.
 
  2007          48.      39.      42.      69.      88.      46.
                52.      61.      76.      89.      52.      62.          724.
 
  2008          43.      18.      49.     161.      22.      30.
                39.      44.      29.      33.      26.      14.          508.
 
  2009           8.      20.      14.      39.      35.      41.
                29.      35.      20.      34.      36.      30.          341.
 
  2010          18.      15.      37.      26.      26.      37.
                38.      27.      45.      38.      27.      24.          358.
 
  2011          16.       5.      16.      30.      23.      22.
                16.      35.      28.      23.      18.      28.          260.
 
  2012          20.      18.      16.      26.      25.      32.
                27.      16.      17.      26.      24.      27.          274.
 
  2013          14.      17.      49.      15.      31.      28.
                30.      33.      29.      23.      33.      22.          324.
 
  2014           9.       4.      15.      46.      27.      61.
                21.      26.      46.      19.      19.      22.          315.
 
  2015           4.       1.       2.       2.       4.       0.
                 1.       2.       4.       2.       2.       3.           27.
 
  2016           2.       1.      11.      -6.       2.       5.
                 1.       7.       3.       3.       2.       2.           33.
 
  2017           2.       1.       2.      11.       4.       4.
                 1.       1.       3.       5.       2.       7.           43.
 
  2018           1.       2.      10.      -2.       4.       4.
                 4.       8.       8.       5.       1.       6.           51.
 
  2019           2.       2.      -5.      12.       3.       9.
                13.       3.       2.       6.       2.       1.           50.
 
  2020           2.       1.      -2.       7.       3.       4.
                 5.       1.       3.       1.       2.       5.           32.
 
  2021           0.       2.       6.      -0.       4.       0.
                 1.       1.       2.       2.       2.       2.           22.
 
  2022          53.      42.      94.      69.      46.     145.
                48.      40.      49.      46.      55.      41.          728.
 
  2023          28.      26.     120.      37.      62.      59.
                43.      47.      46.      57.      59.      39.          623.
 
  2024          15.      15.      28.      39.      34.      68.
                34.      31.      26.      27.      24.      25.          366.
 
  2025          18.      13.      20.      30.      24.      28.
                37.      24.      42.      34.      23.      40.          333.
 
  2026          22.      17.      23.      27.      27.      43.
                                                                          159.
 
  AVGE          20.      17.      34.      38.      34.      40.
                31.      31.      32.      32.      29.      32.

  Table Total-        8337.   Mean-        31.   Std. Dev.-        29.
                              Min -        -6.        Max -       161.

 B 1.A  Forecasts of (prior adjusted) original series
  From  2026.Jul to 2027.Jun
  Observations         12
 -----------------------------------------------------------------------------
               Jan      Feb      Mar      Apr      May      Jun 
               Jul      Aug      Sep      Oct      Nov      Dec        TOTAL  
 -----------------------------------------------------------------------------
  2026                                                          
                33.      30.      33.      32.      29.      33.          190.
 
  2027          29.      27.      29.      30.      30.      34.
                                                                          179.
 
        bps_permits 44140            PAGE   6, SERIES bps_permits_addi

 C 17  Final weights for irregular component
  From  2004.Jan to 2026.Jun
  Observations        270
  Lower sigma limit    1.50
  Upper sigma limit    2.50
 -----------------------------------------------------------------------------
               Jan      Feb      Mar      Apr      May      Jun 
               Jul      Aug      Sep      Oct      Nov      Dec         S.D.  
 -----------------------------------------------------------------------------
  2004         100.     100.     100.     100.     100.     100.
               100.     100.     100.      62.     100.      63.          892.
 
  2005         100.     100.      42.     100.     100.     100.
               100.     100.     100.     100.     100.      52.          892.
 
  2006         100.      97.     100.     100.     100.     100.
               100.     100.     100.     100.     100.       0.          892.
 
  2007         100.     100.     100.     100.      70.      79.
               100.     100.     100.      64.     100.     100.          846.
 
  2008         100.      17.     100.       0.       0.       0.
               100.     100.     100.     100.     100.     100.          821.
 
  2009         100.      83.     100.     100.     100.     100.
               100.     100.     100.     100.     100.     100.          786.
 
  2010         100.     100.       0.     100.     100.     100.
               100.     100.     100.     100.     100.     100.          666.
 
  2011         100.     100.     100.     100.     100.     100.
               100.      14.     100.     100.     100.     100.          555.
 
  2012         100.     100.     100.     100.     100.     100.
               100.     100.     100.     100.     100.     100.          622.
 
  2013         100.     100.       0.       0.     100.     100.
               100.     100.     100.     100.      67.     100.          529.
 
  2014         100.     100.     100.       0.     100.       0.
                14.     100.       0.     100.     100.     100.          486.
 
  2015         100.     100.     100.     100.     100.     100.
               100.     100.     100.     100.     100.     100.          460.
 
  2016         100.     100.     100.       0.     100.     100.
               100.     100.     100.     100.     100.     100.          435.
 
  2017         100.     100.     100.     100.     100.     100.
               100.     100.     100.     100.     100.     100.          233.
 
  2018         100.     100.      62.       0.     100.     100.
               100.     100.     100.     100.     100.     100.          257.
 
  2019         100.     100.       0.     100.     100.     100.
               100.     100.     100.     100.     100.     100.          400.
 
  2020         100.     100.     100.     100.     100.     100.
               100.     100.     100.     100.     100.     100.          762.
 
  2021         100.     100.     100.     100.     100.     100.
               100.     100.     100.     100.     100.      22.          832.
 
  2022           0.     100.       0.     100.       0.       0.
               100.      96.     100.     100.     100.     100.          874.
 
  2023         100.     100.       0.      91.     100.     100.
               100.     100.     100.     100.     100.     100.          910.
 
  2024         100.     100.     100.     100.     100.      32.
               100.     100.     100.     100.     100.     100.          855.
 
  2025         100.     100.     100.     100.     100.     100.
               100.     100.     100.     100.     100.     100.          820.
 
  2026         100.     100.     100.     100.     100.     100.
                                                                          820.
 
        bps_permits 44140            PAGE   7, SERIES bps_permits_addi

 D 8  Final unmodified SI ratios
  From  2004.Jan to 2026.Jun
  Observations        270
 -----------------------------------------------------------------------------
               Jan      Feb      Mar      Apr      May      Jun 
               Jul      Aug      Sep      Oct      Nov      Dec         AVGE  
 -----------------------------------------------------------------------------
  2004         -24.     -41.       5.       7.      17.       2.
                11.       8.       4.     -11.       1.      30.            1.
 
  2005         -33.     -35.      18.       1.      20.       3.
                -0.       3.       2.      11.       8.      -9.           -1.
 
  2006         -20.     -14.      -8.      -6.      19.      14.
                -1.       3.     -10.      11.       8.      61.            5.
 
  2007         -16.     -23.     -18.      12.      32.     -11.
                -7.      -1.      13.      26.     -10.       2.           -0.
 
  2008         -15.     -38.      -6.     107.     -28.     -16.
                -2.       8.      -1.       7.       3.      -8.            1.
 
  2009         -15.      -5.     -13.      11.       6.      12.
                 1.       7.      -8.       5.       7.       0.            1.
 
  2010         -11.     -13.      11.       1.       1.       9.
                 8.      -5.      12.       6.      -2.      -2.            1.
 
  2011          -8.     -17.      -5.      10.       3.       3.
                -3.      16.       8.       2.      -5.       4.            1.
 
  2012          -5.      -7.     -10.       2.       2.      11.
                 7.      -4.      -3.       6.       2.       3.            0.
 
  2013         -12.     -10.      22.     -13.       4.       1.
                 3.       6.       3.      -2.      10.       1.            1.
 
  2014         -10.     -15.      -6.      23.       2.      35.
                -5.       1.      22.      -2.       0.       6.            4.
 
  2015          -8.      -8.      -3.       0.       4.       1.
                 2.       2.       3.       0.      -1.      -1.           -1.
 
  2016          -4.      -6.       5.     -12.      -3.       1.
                -2.       4.       0.      -0.      -1.      -1.           -2.
 
  2017          -1.      -2.      -2.       8.       1.       1.
                -2.      -2.       0.       1.      -2.       2.            0.
 
  2018          -4.      -3.       6.      -7.      -1.      -1.
                -1.       2.       2.      -1.      -4.       1.           -1.
 
  2019          -3.      -3.     -11.       6.      -4.       2.
                 7.      -3.      -4.       0.      -3.      -3.           -2.
 
  2020          -1.      -0.      -2.       8.       3.       3.
                 3.      -3.      -2.      -5.      -5.      -1.           -0.
 
  2021          -4.       0.       7.       3.       8.       3.
                 2.       0.      -1.      -6.     -12.     -22.           -2.
 
  2022          18.      -4.      38.       9.     -15.      86.
                -8.     -13.      -1.      -2.       8.      -4.            9.
 
  2023         -16.     -16.      77.      -5.      18.      13.
                -5.      -3.      -5.       8.      13.      -3.            6.
 
  2024         -22.     -18.      -3.       7.       1.      35.
                 2.       1.      -1.       2.      -0.       0.            0.
 
  2025          -8.     -13.      -6.       6.      -0.       3.
                11.      -4.      12.       3.      -9.       9.            0.
 
  2026          -9.     -13.      -6.      -2.      -1.      15.
                                                                           -3.
 
  AVGE         -10.     -13.       4.       8.       4.      10.
                 1.       1.       2.       3.       0.       3.

  Table Total-         257.   Mean-         1.   Std. Dev.-        15.
                              Min -       -41.        Max -       107.
        bps_permits 44140            PAGE   8, SERIES bps_permits_addi

 D 8.B  Final unmodified SI ratios, with labels for outliers and extreme values
  From  2004.Jan to 2026.Jun
  Observations        270
 ---------------------------------------------------------------------
               Jan       Feb       Mar       Apr       May       Jun  
               Jul       Aug       Sep       Oct       Nov       Dec  
 ---------------------------------------------------------------------
  2004        -24.      -41.        5.        7.       17.        2.  
               11.        8.        4.      -11.*       1.       30.* 
 
  2005        -33.      -35.       18.*       1.       20.        3.  
               -0.        3.        2.       11.        8.       -9.* 
 
  2006        -20.      -14.*      -8.       -6.       19.       14.  
               -1.        3.      -10.       11.        8.       61.* 
 
  2007        -16.      -23.      -18.       12.       32.*     -11.* 
               -7.       -1.       13.       26.*     -10.        2.  
 
  2008        -15.      -38.*      -6.      107.*     -28.*     -16.* 
               -2.        8.       -1.        7.        3.       -8.  
 
  2009        -15.       -5.*     -13.       11.        6.       12.  
                1.        7.       -8.        5.        7.        0.  
 
  2010        -11.      -13.       11.*       1.        1.        9.  
                8.       -5.       12.        6.       -2.       -2.  
 
  2011         -8.      -17.       -5.       10.        3.        3.  
               -3.       16.*       8.        2.       -5.        4.  
 
  2012         -5.       -7.      -10.        2.        2.       11.  
                7.       -4.       -3.        6.        2.        3.  
 
  2013        -12.      -10.       22.*     -13.*       4.        1.  
                3.        6.        3.       -2.       10.*       1.  
 
  2014        -10.      -15.       -6.       23.*       2.       35.* 
               -5.*       1.       22.*      -2.        0.        6.  
 
  2015         -8.       -8.       -3.        0.        4.        1.  
                2.        2.        3.        0.       -1.       -1.  
 
  2016         -4.       -6.        5.      -12.*      -3.        1.  
               -2.        4.        0.       -0.       -1.       -1.  
 
  2017         -1.       -2.       -2.        8.        1.        1.  
               -2.       -2.        0.        1.       -2.        2.  
 
  2018         -4.       -3.        6.*      -7.*      -1.       -1.  
               -1.        2.        2.       -1.       -4.        1.  
 
  2019         -3.       -3.      -11.*       6.       -4.        2.  
                7.       -3.       -4.        0.       -3.       -3.  
 
  2020         -1.       -0.       -2.        8.        3.        3.  
                3.       -3.       -2.       -5.       -5.       -1.  
 
  2021         -4.        0.        7.        3.        8.        3.  
                2.        0.       -1.       -6.      -12.      -22.* 
 
  2022         18.*      -4.       38.*       9.      -15.*      86.* 
               -8.      -13.*      -1.       -2.        8.       -4.  
 
  2023        -16.      -16.       77.*      -5.*      18.       13.  
               -5.       -3.       -5.        8.       13.       -3.  
 
  2024        -22.      -18.       -3.        7.        1.       35.* 
                2.        1.       -1.        2.       -0.        0.  
 
  2025         -8.      -13.       -6.        6.       -0.        3.  
               11.       -4.       12.        3.       -9.        9.  
 
  2026         -9.      -13.       -6.       -2.       -1.       15.  
                                                                      
 

  Key to symbols:
    *  : extreme value as determined by X-11 extreme value procedure
 
        bps_permits 44140            PAGE   9, SERIES bps_permits_addi

 D 9  Final replacement values for SI ratios
  From  2004.Jan to 2026.Jun
  Observations        270
 ---------------------------------------------------------------
               Jan      Feb      Mar      Apr      May      Jun 
               Jul      Aug      Sep      Oct      Nov      Dec 
 ---------------------------------------------------------------
  2004     ******** ******** ******** ******** ******** ********
           ******** ******** ********      -4. ********      24.
 
  2005     ******** ********       7. ******** ******** ********
           ******** ******** ******** ******** ********      -0.
 
  2006     ********     -15. ******** ******** ******** ********
           ******** ******** ******** ******** ********       9.
 
  2007     ******** ******** ******** ********      27.      -8.
           ******** ******** ********      20. ******** ********
 
  2008     ********     -22. ********       9.      15.       5.
           ******** ******** ******** ******** ******** ********
 
  2009     ********      -7. ******** ******** ******** ********
           ******** ******** ******** ******** ******** ********
 
  2010     ******** ********      -7. ******** ******** ********
           ******** ******** ******** ******** ******** ********
 
  2011     ******** ******** ******** ******** ******** ********
           ********       5. ******** ******** ******** ********
 
  2012     ******** ******** ******** ******** ******** ********
           ******** ******** ******** ******** ******** ********
 
  2013     ******** ********      -4.       6. ******** ********
           ******** ******** ******** ********       7. ********
 
  2014     ******** ******** ********       8. ********       8.
                 4. ********       4. ******** ******** ********
 
  2015     ******** ******** ******** ******** ******** ********
           ******** ******** ******** ******** ******** ********
 
  2016     ******** ******** ********       4. ******** ********
           ******** ******** ******** ******** ******** ********
 
  2017     ******** ******** ******** ******** ******** ********
           ******** ******** ******** ******** ******** ********
 
  2018     ******** ********       4.       5. ******** ********
           ******** ******** ******** ******** ******** ********
 
  2019     ******** ********       2. ******** ******** ********
           ******** ******** ******** ******** ******** ********
 
  2020     ******** ******** ******** ******** ******** ********
           ******** ******** ******** ******** ******** ********
 
  2021     ******** ******** ******** ******** ******** ********
           ******** ******** ******** ******** ********      -7.
 
  2022          -7. ********      13. ********      12.      17.
           ********     -12. ******** ******** ******** ********
 
  2023     ******** ********      12.      -4. ******** ********
           ******** ******** ******** ******** ******** ********
 
  2024     ******** ******** ******** ******** ********      22.
           ******** ******** ******** ******** ******** ********
 
  2025     ******** ******** ******** ******** ******** ********
           ******** ******** ******** ******** ******** ********
 
  2026     ******** ******** ******** ******** ******** ********
                                                                
 

 D 9.A  Moving seasonality ratio
 ---------------------------------------------------------------
               Jan      Feb      Mar      Apr      May      Jun 
 ---------------------------------------------------------------
   I          4.231    5.392    5.716    6.067    4.572    7.270
   S          1.464    1.852    1.431    0.783    1.345    1.229
 RATIO        2.890    2.911    3.994    7.746    3.399    5.917



 ---------------------------------------------------------------
               Jul      Aug      Sep      Oct      Nov      Dec 
 ---------------------------------------------------------------
   I          5.365    5.431    6.225    4.338    6.627    4.835
   S          0.729    0.654    0.901    0.842    0.921    1.042
 RATIO        7.364    8.309    6.909    5.150    7.194    4.638



        bps_permits 44140            PAGE  10, SERIES bps_permits_addi

 D 10  Final seasonal factors
  From  2004.Jan to 2026.Jun
  Observations        270
  Seasonal filter    3 x 5 moving average
 -----------------------------------------------------------------------------
               Jan      Feb      Mar      Apr      May      Jun 
               Jul      Aug      Sep      Oct      Nov      Dec         AVGE  
 -----------------------------------------------------------------------------
  2004         -24.     -29.      -1.       3.      20.       4.
                 2.       4.       1.       8.       3.      10.           -0.
 
  2005         -23.     -28.      -3.       3.      20.       4.
                 1.       4.       1.       8.       2.       8.           -0.
 
  2006         -21.     -25.      -5.       5.      19.       4.
                -0.       4.       1.      10.       2.       5.           -0.
 
  2007         -19.     -21.      -7.       5.      17.       5.
                -1.       3.       1.      10.       2.       2.           -0.
 
  2008         -16.     -18.      -9.       7.      14.       5.
                -1.       3.       2.       9.       1.      -0.           -0.
 
  2009         -13.     -15.     -10.       7.      10.       6.
                 0.       3.       2.       8.       0.      -0.           -0.
 
  2010         -11.     -14.      -9.       7.       6.       7.
                 2.       2.       3.       5.       0.      -0.           -0.
 
  2011         -10.     -12.      -8.       6.       4.       7.
                 3.       1.       3.       3.       1.       1.           -0.
 
  2012          -9.     -12.      -7.       6.       3.       6.
                 3.       1.       3.       2.       1.       2.           -0.
 
  2013          -9.     -11.      -5.       5.       2.       5.
                 3.       1.       3.       1.       1.       2.           -0.
 
  2014          -8.     -10.      -4.       5.       2.       4.
                 2.       2.       2.      -0.       1.       2.           -0.
 
  2015          -7.      -8.      -2.       5.       1.       3.
                 1.       2.       2.      -0.      -0.       1.           -0.
 
  2016          -6.      -6.      -0.       5.       1.       2.
                 1.       2.       1.      -0.      -1.       1.           -0.
 
  2017          -4.      -5.       1.       5.      -0.       2.
                 1.       1.       0.      -0.      -2.       0.           -0.
 
  2018          -3.      -3.       1.       5.       0.       2.
                 1.       0.      -0.      -1.      -4.      -1.           -0.
 
  2019          -3.      -2.       2.       6.       2.       3.
                 1.      -1.      -1.      -2.      -4.      -2.           -0.
 
  2020          -4.      -3.       4.       5.       4.       5.
                 1.      -2.      -1.      -2.      -3.      -3.            0.
 
  2021          -7.      -5.       5.       5.       6.       8.
                -0.      -3.      -2.      -1.      -1.      -3.            0.
 
  2022          -9.      -8.       5.       4.       8.      10.
                -1.      -4.      -1.      -0.       1.      -2.            0.
 
  2023         -11.     -10.       4.       4.       7.      12.
                -0.      -3.       0.       1.       1.      -1.            0.
 
  2024         -12.     -12.       2.       3.       6.      12.
                 1.      -3.       2.       3.       1.       1.            0.
 
  2025         -11.     -13.      -1.       2.       3.      13.
                 3.      -2.       3.       3.       0.       2.            0.
 
  2026         -10.     -13.      -4.       2.       1.      11.
                                                                           -2.
 
  AVGE         -11.     -12.      -2.       5.       7.       6.
                 1.       1.       1.       3.       0.       1.

  Table Total-         -28.   Mean-        -0.   Std. Dev.-         7.
                              Min -       -29.        Max -        20.

 D 10.A  Final seasonal component forecasts
  From  2026.Jul to 2027.Jun
  Observations         12
 -----------------------------------------------------------------------------
               Jan      Feb      Mar      Apr      May      Jun 
               Jul      Aug      Sep      Oct      Nov      Dec         AVGE  
 -----------------------------------------------------------------------------
  2026                                                          
                 4.      -1.       4.       3.      -1.       2.            2.
 
  2027          -9.     -12.      -5.       2.       0.      11.
                                                                           -2.
 
        bps_permits 44140            PAGE  11, SERIES bps_permits_addi
  
 D 11  Final seasonally adjusted data
       (also adjusted for holiday)
  From  2004.Jan to 2026.Jun
  Observations        270
 -----------------------------------------------------------------------------
               Jan      Feb      Mar      Apr      May      Jun 
               Jul      Aug      Sep      Oct      Nov      Dec        TOTAL  
 -----------------------------------------------------------------------------
  2004          74.      66.      89.      92.      89.      92.
               102.      94.      89.      63.      76.      95.         1022.
 
  2005          64.      68.      96.      73.      75.      74.
                74.      74.      76.      79.      82.      59.          894.
 
  2006          75.      83.      67.      59.      67.      75.
                62.      61.      52.      64.      69.     120.          856.
 
  2007          67.      60.      49.      64.      71.      41.
                53.      58.      75.      79.      50.      60.          727.
 
  2008          59.      36.      59.     154.       8.      25.
                40.      41.      27.      24.      25.      14.          511.
 
  2009          21.      35.      23.      32.      25.      35.
                29.      32.      18.      26.      36.      30.          343.
 
  2010          29.      29.      46.      19.      20.      30.
                36.      25.      42.      33.      27.      24.          359.
 
  2011          26.      17.      23.      24.      19.      15.
                13.      34.      25.      20.      17.      27.          260.
 
  2012          29.      30.      22.      21.      22.      26.
                24.      15.      14.      24.      23.      25.          275.
 
  2013          23.      28.      55.      10.      29.      23.
                27.      32.      26.      22.      32.      20.          326.
 
  2014          17.      14.      18.      42.      25.      57.
                19.      24.      44.      19.      18.      20.          317.
 
  2015          11.       9.       4.      -3.       3.      -3.
                -0.       0.       2.       2.       2.       2.           29.
 
  2016           8.       7.      12.     -11.       1.       3.
                 0.       5.       2.       3.       3.       1.           36.
 
  2017           6.       6.       1.       6.       4.       2.
                 0.       0.       3.       5.       4.       7.           45.
 
  2018           4.       5.       9.      -8.       4.       2.
                 3.       8.       8.       6.       5.       7.           53.
 
  2019           5.       4.      -8.       6.       1.       6.
                12.       4.       3.       8.       6.       3.           51.
 
  2020           6.       4.      -7.       2.      -1.      -1.
                 4.       3.       4.       3.       5.       8.           31.
 
  2021           7.       7.       1.      -5.      -2.      -8.
                 1.       4.       4.       3.       3.       5.           20.
 
  2022          62.      50.      88.      65.      38.     135.
                49.      44.      50.      46.      54.      43.          724.
 
  2023          39.      36.     116.      34.      55.      47.
                43.      50.      46.      56.      58.      40.          619.
 
  2024          27.      27.      27.      36.      28.      56.
                33.      34.      24.      24.      23.      24.          363.
 
  2025          29.      26.      21.      28.      21.      15.
                34.      26.      39.      31.      23.      38.          332.
 
  2026          32.      30.      27.      25.      26.      32.
                                                                          172.
 
  AVGE          31.      29.      36.      33.      27.      34.
                30.      30.      31.      29.      29.      31.

  Table Total-        8365.   Mean-        31.   Std. Dev.-        28.
                              Min -       -11.        Max -       154.
        bps_permits 44140            PAGE  12, SERIES bps_permits_addi

 D 12  Final trend cycle
  From  2004.Jan to 2026.Jun
  Observations        270
  Trend filter    13-term Henderson moving average
  I/C ratio        3.33
 -----------------------------------------------------------------------------
               Jan      Feb      Mar      Apr      May      Jun 
               Jul      Aug      Sep      Oct      Nov      Dec        TOTAL  
 -----------------------------------------------------------------------------
  2004          74.      78.      83.      87.      92.      95.
                94.      91.      87.      82.      78.      75.         1015.
 
  2005          74.      74.      75.      75.      75.      75.
                75.      75.      76.      77.      77.      76.          904.
 
  2006          75.      72.      70.      69.      67.      65.
                63.      62.      63.      63.      64.      65.          797.
 
  2007          64.      62.      60.      57.      56.      56.
                59.      61.      63.      63.      63.      60.          724.
 
  2008          58.      56.      55.      54.      51.      47.
                42.      36.      30.      25.      22.      22.          498.
 
  2009          23.      25.      27.      29.      30.      30.
                29.      28.      28.      28.      29.      30.          335.
 
  2010          29.      27.      25.      24.      25.      28.
                30.      33.      33.      32.      29.      26.          342.
 
  2011          24.      22.      21.      20.      19.      18.
                18.      19.      20.      22.      24.      25.          252.
 
  2012          26.      26.      26.      24.      23.      21.
                20.      20.      20.      20.      22.      24.          270.
 
  2013          26.      27.      27.      28.      28.      27.
                27.      27.      27.      25.      23.      20.          313.
 
  2014          19.      19.      20.      23.      25.      27.
                27.      26.      24.      22.      19.      16.          266.
 
  2015          12.       8.       4.       1.      -0.      -1.
                -1.       0.       1.       2.       3.       5.           35.
 
  2016           6.       7.       7.       6.       4.       3.
                 2.       2.       3.       3.       3.       4.           51.
 
  2017           4.       4.       4.       4.       3.       2.
                 2.       2.       3.       4.       5.       6.           42.
 
  2018           6.       6.       5.       4.       4.       4.
                 5.       6.       6.       6.       6.       6.           64.
 
  2019           5.       5.       5.       5.       6.       6.
                 6.       6.       6.       6.       5.       4.           66.
 
  2020           3.       2.       0.      -0.      -0.       1.
                 2.       3.       4.       5.       6.       6.           31.
 
  2021           5.       4.       1.      -1.      -3.      -3.
                -2.      -1.       1.       5.      12.      22.           42.
 
  2022          35.      48.      58.      64.      64.      60.
                56.      52.      49.      47.      45.      44.          621.
 
  2023          43.      42.      43.      44.      45.      47.
                49.      50.      51.      50.      46.      41.          551.
 
  2024          35.      31.      30.      31.      33.      34.
                33.      31.      28.      26.      25.      25.          362.
 
  2025          25.      25.      24.      23.      23.      25.
                27.      29.      31.      32.      32.      32.          328.
 
  2026          31.      29.      28.      28.      28.      28.
                                                                          172.
 
  AVGE          30.      30.      30.      30.      30.      30.
                30.      30.      30.      29.      29.      29.

  Table Total-        8080.   Mean-        30.   Std. Dev.-        25.
                              Min -        -3.        Max -        95.
        bps_permits 44140            PAGE  13, SERIES bps_permits_addi

 D 13  Final irregular component
  From  2004.Jan to 2026.Jun
  Observations        270
 -----------------------------------------------------------------------------
               Jan      Feb      Mar      Apr      May      Jun 
               Jul      Aug      Sep      Oct      Nov      Dec         S.D.  
 -----------------------------------------------------------------------------
  2004           1.     -12.       6.       4.      -3.      -3.
                 8.       3.       2.     -19.      -2.      20.            9.
 
  2005         -10.      -6.      21.      -2.       0.      -1.
                -1.      -1.      -0.       2.       5.     -17.            9.
 
  2006           1.      11.      -3.     -10.       0.      11.
                -1.      -1.     -10.       1.       5.      56.           17.
 
  2007           3.      -2.     -11.       7.      16.     -15.
                -6.      -4.      13.      16.     -12.      -0.           10.
 
  2008           1.     -21.       3.     100.     -43.     -22.
                -2.       5.      -2.      -2.       3.      -8.           33.
 
  2009          -1.      11.      -4.       3.      -5.       5.
                -0.       4.     -10.      -2.       7.       1.            6.
 
  2010           0.       1.      20.      -5.      -6.       3.
                 6.      -8.       9.       1.      -2.      -2.            8.
 
  2011           2.      -5.       2.       5.       0.      -3.
                -5.      15.       5.      -2.      -7.       2.            6.
 
  2012           4.       4.      -3.      -4.      -1.       5.
                 4.      -5.      -6.       4.       1.       1.            4.
 
  2013          -3.       1.      27.     -18.       1.      -5.
                -0.       4.      -1.      -3.       9.      -0.           10.
 
  2014          -2.      -5.      -2.      19.      -1.      30.
                -9.      -2.      20.      -3.      -1.       4.           12.
 
  2015          -1.       1.      -0.      -4.       3.      -2.
                 0.       0.       2.       1.      -1.      -3.            2.
 
  2016           1.       0.       5.     -17.      -3.      -0.
                -2.       3.      -1.       0.      -0.      -2.            5.
 
  2017           2.       1.      -3.       2.       1.       0.
                -2.      -2.      -0.       2.      -0.       1.            2.
 
  2018          -2.      -0.       4.     -12.      -0.      -2.
                -2.       2.       2.      -1.      -2.       1.            4.
 
  2019          -0.      -1.     -13.       1.      -4.       0.
                 6.      -2.      -3.       2.       1.      -2.            4.
 
  2020           3.       2.      -7.       2.      -1.      -1.
                 2.       0.       0.      -2.      -1.       2.            3.
 
  2021           1.       3.      -0.      -3.       0.      -5.
                 3.       5.       2.      -2.     -10.     -17.            6.
 
  2022          27.       2.      30.       2.     -25.      75.
                -7.      -8.       1.      -1.       9.      -1.           26.
 
  2023          -4.      -6.      73.     -10.      10.       0.
                -5.       0.      -5.       6.      12.      -1.           22.
 
  2024          -9.      -4.      -3.       5.      -5.      21.
                -1.       3.      -4.      -1.      -2.      -0.            7.
 
  2025           4.       1.      -3.       5.      -3.      -9.
                 8.      -3.       8.      -1.     -10.       7.            6.
 
  2026           2.       0.      -1.      -2.      -2.       4.
                                                                            2.
 
  S.D.           7.       7.      19.      22.      11.      19.
                 5.       5.       7.       6.       6.      14.

  Table Total-         285.   Mean-         1.   Std. Dev.-        12.
                              Min -       -43.        Max -       100.
        bps_permits 44140            PAGE  14, SERIES bps_permits_addi
  
 D 16  Combined adjustment factors
       (includes seasonal, holiday factors)
  From  2004.Jan to 2026.Jun
  Observations        270
 -----------------------------------------------------------------------------
               Jan      Feb      Mar      Apr      May      Jun 
               Jul      Aug      Sep      Oct      Nov      Dec         AVGE  
 -----------------------------------------------------------------------------
  2004         -24.     -29.       5.      -4.      20.       4.
                 2.       4.       1.       8.       3.      10.           -0.
 
  2005         -23.     -28.     -13.      14.      20.       4.
                 1.       4.       1.       8.       2.       8.           -0.
 
  2006         -21.     -25.       2.      -2.      19.       4.
                -0.       4.       1.      10.       2.       5.           -0.
 
  2007         -19.     -21.      -3.       1.      17.       5.
                -1.       3.       1.      10.       2.       2.           -0.
 
  2008         -16.     -18.     -20.      17.      14.       5.
                -1.       3.       2.       9.       1.      -0.           -0.
 
  2009         -13.     -15.      -3.       1.      10.       6.
                 0.       3.       2.       8.       0.      -0.           -0.
 
  2010         -11.     -14.     -13.      11.       6.       7.
                 2.       2.       3.       5.       0.      -0.           -0.
 
  2011         -10.     -12.      -1.      -0.       4.       7.
                 3.       1.       3.       3.       1.       1.           -0.
 
  2012          -9.     -12.      -2.       1.       3.       6.
                 3.       1.       3.       2.       1.       2.           -0.
 
  2013          -9.     -11.     -16.      15.       2.       5.
                 3.       1.       3.       1.       1.       2.           -0.
 
  2014          -8.     -10.       3.      -2.       2.       4.
                 2.       2.       2.      -0.       1.       2.           -0.
 
  2015          -7.      -8.      -4.       7.       1.       3.
                 1.       2.       2.      -0.      -0.       1.           -0.
 
  2016          -6.      -6.     -11.      15.       1.       2.
                 1.       2.       1.      -0.      -1.       1.           -0.
 
  2017          -4.      -5.       7.      -1.      -0.       2.
                 1.       1.       0.      -0.      -2.       0.           -0.
 
  2018          -3.      -3.      -9.      16.       0.       2.
                 1.       0.      -0.      -1.      -4.      -1.           -0.
 
  2019          -3.      -2.       9.      -0.       2.       3.
                 1.      -1.      -1.      -2.      -4.      -2.           -0.
 
  2020          -4.      -3.      11.      -1.       4.       5.
                 1.      -2.      -1.      -2.      -3.      -3.            0.
 
  2021          -7.      -5.       1.       9.       6.       8.
                -0.      -3.      -2.      -1.      -1.      -3.            0.
 
  2022          -9.      -8.      12.      -2.       8.      10.
                -1.      -4.      -1.      -0.       1.      -2.            0.
 
  2023         -11.     -10.      10.      -3.       7.      12.
                -0.      -3.       0.       1.       1.      -1.            0.
 
  2024         -12.     -12.      -9.      13.       6.      12.
                 1.      -3.       2.       3.       1.       1.            0.
 
  2025         -11.     -13.       5.      -4.       3.      13.
                 3.      -2.       3.       3.       0.       2.            0.
 
  2026         -10.     -13.      -6.       4.       1.      11.
                                                                           -2.
 
  AVGE         -11.     -12.      -2.       5.       7.       6.
                 1.       1.       1.       3.       0.       1.

  Table Total-         -28.   Mean-        -0.   Std. Dev.-         8.
                              Min -       -29.        Max -        20.

 D 16.A  Combined adjustment component forecasts
  From  2026.Jul to 2027.Jun
  Observations         12
 -----------------------------------------------------------------------------
               Jan      Feb      Mar      Apr      May      Jun 
               Jul      Aug      Sep      Oct      Nov      Dec         AVGE  
 -----------------------------------------------------------------------------
  2026                                                          
                 4.      -1.       4.       3.      -1.       2.            2.
 
  2027          -9.     -12.     -15.      12.       0.      11.
                                                                           -2.
 
        bps_permits 44140            PAGE  15, SERIES bps_permits_addi
  
 D 18  Combined calendar adjustment factors
       (includes holiday factors)
  From  2004.Jan to 2026.Jun
  Observations        270
 -----------------------------------------------------------------------------
               Jan      Feb      Mar      Apr      May      Jun 
               Jul      Aug      Sep      Oct      Nov      Dec         AVGE  
 -----------------------------------------------------------------------------
  2004           0.       0.       6.      -6.       0.       0.
                 0.       0.       0.       0.       0.       0.            0.
 
  2005           0.       0.     -10.      10.       0.       0.
                 0.       0.       0.       0.       0.       0.            0.
 
  2006           0.       0.       6.      -6.       0.       0.
                 0.       0.       0.       0.       0.       0.            0.
 
  2007           0.       0.       4.      -4.       0.       0.
                 0.       0.       0.       0.       0.       0.            0.
 
  2008           0.       0.     -10.      10.       0.       0.
                 0.       0.       0.       0.       0.       0.            0.
 
  2009           0.       0.       6.      -6.       0.       0.
                 0.       0.       0.       0.       0.       0.            0.
 
  2010           0.       0.      -4.       4.       0.       0.
                 0.       0.       0.       0.       0.       0.            0.
 
  2011           0.       0.       6.      -6.       0.       0.
                 0.       0.       0.       0.       0.       0.            0.
 
  2012           0.       0.       4.      -4.       0.       0.
                 0.       0.       0.       0.       0.       0.            0.
 
  2013           0.       0.     -10.      10.       0.       0.
                 0.       0.       0.       0.       0.       0.            0.
 
  2014           0.       0.       6.      -6.       0.       0.
                 0.       0.       0.       0.       0.       0.            0.
 
  2015           0.       0.      -2.       2.       0.       0.
                 0.       0.       0.       0.       0.       0.            0.
 
  2016           0.       0.     -10.      10.       0.       0.
                 0.       0.       0.       0.       0.       0.            0.
 
  2017           0.       0.       6.      -6.       0.       0.
                 0.       0.       0.       0.       0.       0.            0.
 
  2018           0.       0.     -10.      10.       0.       0.
                 0.       0.       0.       0.       0.       0.            0.
 
  2019           0.       0.       6.      -6.       0.       0.
                 0.       0.       0.       0.       0.       0.            0.
 
  2020           0.       0.       6.      -6.       0.       0.
                 0.       0.       0.       0.       0.       0.            0.
 
  2021           0.       0.      -4.       4.       0.       0.
                 0.       0.       0.       0.       0.       0.            0.
 
  2022           0.       0.       6.      -6.       0.       0.
                 0.       0.       0.       0.       0.       0.            0.
 
  2023           0.       0.       6.      -6.       0.       0.
                 0.       0.       0.       0.       0.       0.            0.
 
  2024           0.       0.     -10.      10.       0.       0.
                 0.       0.       0.       0.       0.       0.            0.
 
  2025           0.       0.       6.      -6.       0.       0.
                 0.       0.       0.       0.       0.       0.            0.
 
  2026           0.       0.      -2.       2.       0.       0.
                                                                            0.
 
  AVGE           0.       0.       0.      -0.       0.       0.
                 0.       0.       0.       0.       0.       0.

  Table Total-           0.   Mean-         0.   Std. Dev.-         3.
                              Min -       -10.        Max -        10.

 D 18.A  Combined calendar adjustment component forecasts
  From  2026.Jul to 2027.Jun
  Observations         12
 -----------------------------------------------------------------------------
               Jan      Feb      Mar      Apr      May      Jun 
               Jul      Aug      Sep      Oct      Nov      Dec         AVGE  
 -----------------------------------------------------------------------------
  2026                                                          
                 0.       0.       0.       0.       0.       0.            0.
 
  2027           0.       0.     -10.      10.       0.       0.
                                                                            0.
 
        bps_permits 44140            PAGE  16, SERIES bps_permits_addi

 E 4  Differences of annual totals
  From          2004 to 2025
  Observations         22
 -----------------------------------
  Year       Unmodified     Modified
                  (D11)         (E2)
 -----------------------------------
  2004              -1.          -1.
 
  2005              -2.          -2.
 
  2006              -3.          -3.
 
  2007              -3.          -3.
 
  2008              -3.          -3.
 
  2009              -2.          -2.
 
  2010              -1.          -1.
 
  2011              -0.          -0.
 
  2012              -1.          -1.
 
  2013              -2.          -2.
 
  2014              -2.          -2.
 
  2015              -2.          -2.
 
  2016              -3.          -3.
 
  2017              -2.          -2.
 
  2018              -2.          -2.
 
  2019              -1.          -1.
 
  2020               1.           1.
 
  2021               2.           2.
 
  2022               4.           4.
 
  2023               4.           4.
 
  2024               3.           3.
 
  2025               1.           1.
 
        bps_permits 44140            PAGE  17, SERIES bps_permits_addi

 E 5  Month-to-month differences in the original series
  From  2004.Feb to 2026.Jun
  Observations        269
 -----------------------------------------------------------------------------
               Jan      Feb      Mar      Apr      May      Jun 
               Jul      Aug      Sep      Oct      Nov      Dec         AVGE  
 -----------------------------------------------------------------------------
  2004                  -13.      57.      -6.      21.     -13.
                 8.      -6.      -8.     -19.       8.      26.            5.
 
  2005         -64.      -1.      43.       4.       8.     -17.
                -3.       3.      -1.      10.      -3.     -17.           -3.
 
  2006         -13.       4.      11.     -12.      29.      -7.
               -17.       3.     -12.      21.      -3.      54.            5.
 
  2007         -77.      -9.       7.      19.      23.     -42.
                 6.       9.      15.      13.     -37.      10.           -5.
 
  2008         -19.     -25.      21.     132.    -149.       8.
                 9.       5.     -15.       4.      -7.     -12.           -4.
 
  2009          -6.      12.       0.      13.       2.       6.
               -12.       6.     -15.      14.       2.      -6.            1.
 
  2010         -12.      -3.      18.      -3.      -4.      11.
                 1.     -11.      18.      -7.     -11.      -3.           -0.
 
  2011          -8.     -11.      17.       2.      -1.      -1.
                -6.      19.      -7.      -5.      -5.      10.            0.
 
  2012          -8.      -2.       2.       2.       3.       7.
                -5.     -11.       1.       9.      -2.       3.           -0.
 
  2013         -13.       3.      22.     -14.       6.      -3.
                 2.       3.      -4.      -6.      10.     -11.           -0.
 
  2014         -13.      -5.      17.      19.     -13.      34.
               -40.       5.      20.     -27.       0.       3.            0.
 
  2015         -18.      -3.      -1.       4.       0.      -4.
                 1.       1.       2.      -2.       0.       1.           -2.
 
  2016          -1.      -1.       0.       3.      -2.       3.
                -4.       6.      -4.       0.      -1.       0.           -0.
 
  2017           0.      -1.       7.      -3.      -1.       0.
                -3.       0.       2.       2.      -3.       5.            0.
 
  2018          -6.       1.      -2.       8.      -4.       0.
                 0.       4.       0.      -3.      -4.       5.           -0.
 
  2019          -4.       0.      -1.       5.      -3.       6.
                 4.     -10.      -1.       4.      -4.      -1.           -0.
 
  2020           1.      -1.       3.      -3.       2.       1.
                 1.      -4.       2.      -2.       1.       3.            0.
 
  2021          -5.       2.       0.       2.       0.      -4.
                 1.       0.       1.       0.       0.       0.           -0.
 
  2022          51.     -11.      58.     -37.     -17.      99.
               -97.      -8.       9.      -3.       9.     -14.            3.
 
  2023         -13.      -2.     100.     -95.      31.      -3.
               -16.       4.      -1.      11.       2.     -20.           -0.
 
  2024         -24.       0.       3.      31.     -15.      34.
               -34.      -3.      -5.       1.      -3.       1.           -1.
 
  2025          -7.      -5.      13.      -2.       0.       4.
                 9.     -13.      18.      -8.     -11.      17.            1.
 
  2026         -18.      -5.       4.       8.      -2.      16.
                                                                            1.
 
  AVGE         -13.      -3.      17.       3.      -4.       6.
                -9.       0.       1.       0.      -3.       2.

  Table Total-          -7.   Mean-        -0.   Std. Dev.-        22.
                              Min -      -149.        Max -       132.
        bps_permits 44140            PAGE  18, SERIES bps_permits_addi

 E 6  Month-to-month differences in seasonally adjusted series (D11)
  From  2004.Feb to 2026.Jun
  Observations        269
 -----------------------------------------------------------------------------
               Jan      Feb      Mar      Apr      May      Jun 
               Jul      Aug      Sep      Oct      Nov      Dec         AVGE  
 -----------------------------------------------------------------------------
  2004                   -8.      23.       3.      -3.       3.
                10.      -8.      -5.     -26.      13.      20.            2.
 
  2005         -31.       4.      28.     -23.       2.      -1.
                -0.       0.       2.       3.       3.     -23.           -3.
 
  2006          16.       8.     -16.      -9.       8.       9.
               -13.      -1.      -9.      12.       5.      51.            5.
 
  2007         -53.      -7.     -11.      15.       7.     -30.
                12.       5.      18.       4.     -29.      10.           -5.
 
  2008          -1.     -23.      23.      95.    -146.      16.
                15.       1.     -14.      -4.       2.     -11.           -4.
 
  2009           7.      14.     -12.       9.      -7.      10.
                -6.       4.     -15.       9.      10.      -6.            1.
 
  2010          -1.      -1.      17.     -27.       1.      11.
                 6.     -12.      17.     -10.      -6.      -3.           -1.
 
  2011           2.      -9.       6.       1.      -5.      -4.
                -2.      20.      -8.      -5.      -3.      10.            0.
 
  2012           2.       0.      -7.      -2.       1.       4.
                -2.      -9.      -1.      11.      -1.       2.           -0.
 
  2013          -2.       5.      26.     -45.      19.      -6.
                 4.       5.      -6.      -4.      10.     -12.           -0.
 
  2014          -3.      -3.       5.      23.     -17.      32.
               -38.       5.      20.     -25.      -1.       2.            0.
 
  2015          -9.      -2.      -5.      -7.       5.      -6.
                 3.       1.       2.       0.      -0.      -0.           -2.
 
  2016           6.      -0.       4.     -23.      12.       2.
                -3.       5.      -4.       2.      -0.      -2.           -0.
 
  2017           5.      -0.      -5.       5.      -2.      -2.
                -2.      -0.       2.       3.      -1.       3.            0.
 
  2018          -3.       1.       4.     -17.      12.      -1.
                 0.       5.       0.      -3.      -1.       2.            0.
 
  2019          -2.      -1.     -12.      14.      -5.       5.
                 6.      -8.      -1.       5.      -2.      -3.           -0.
 
  2020           4.      -2.     -11.       9.      -3.       0.
                 5.      -1.       1.      -2.       2.       3.            0.
 
  2021          -1.       0.      -6.      -6.       3.      -5.
                 9.       3.      -1.      -1.      -1.       3.           -0.
 
  2022          57.     -12.      39.     -23.     -27.      97.
               -86.      -5.       6.      -4.       8.     -11.            3.
 
  2023          -4.      -3.      79.     -82.      21.      -8.
                -4.       7.      -5.      10.       2.     -18.           -0.
 
  2024         -13.       1.      -1.       9.      -8.      27.
               -23.       1.     -10.       0.      -2.       2.           -1.
 
  2025           5.      -3.      -5.       7.      -7.      -5.
                19.      -9.      13.      -8.      -8.      16.            1.
 
  2026          -6.      -3.      -3.      -2.       0.       6.
                                                                           -1.
 
  AVGE          -1.      -2.       7.      -3.      -6.       7.
                -4.       0.       0.      -1.       0.       2.

  Table Total-         -42.   Mean-        -0.   Std. Dev.-        19.
                              Min -      -146.        Max -        97.
        bps_permits 44140            PAGE  19, SERIES bps_permits_addi

 E 7  Month-to-month differences in final trend cycle (D12)
  From  2004.Feb to 2026.Jun
  Observations        269
 -----------------------------------------------------------------------------
               Jan      Feb      Mar      Apr      May      Jun 
               Jul      Aug      Sep      Oct      Nov      Dec         AVGE  
 -----------------------------------------------------------------------------
  2004                    4.       5.       5.       5.       3.
                -0.      -3.      -5.      -5.      -4.      -3.            0.
 
  2005          -1.       0.       0.       0.      -0.       0.
                 0.       0.       1.       1.       0.      -1.            0.
 
  2006          -2.      -2.      -2.      -2.      -2.      -2.
                -2.      -1.       0.       1.       1.       1.           -1.
 
  2007          -0.      -2.      -3.      -3.      -1.       1.
                 2.       3.       2.       1.      -1.      -2.           -0.
 
  2008          -2.      -2.      -1.      -1.      -3.      -4.
                -5.      -6.      -6.      -5.      -3.      -1.           -3.
 
  2009           1.       2.       3.       2.       1.      -0.
                -1.      -1.      -0.       0.       1.       0.            1.
 
  2010          -1.      -2.      -2.      -1.       1.       3.
                 3.       2.       1.      -1.      -3.      -3.           -0.
 
  2011          -2.      -2.      -2.      -1.      -1.      -1.
                -0.       0.       1.       2.       2.       1.           -0.
 
  2012           1.       0.      -0.      -1.      -2.      -2.
                -1.      -1.      -0.       1.       2.       2.           -0.
 
  2013           2.       1.       0.       0.       0.      -0.
                -0.      -0.      -1.      -1.      -2.      -3.           -0.
 
  2014          -2.      -0.       1.       3.       3.       2.
                 0.      -1.      -2.      -2.      -3.      -3.           -0.
 
  2015          -4.      -4.      -4.      -3.      -2.      -1.
                 0.       1.       1.       1.       1.       2.           -1.
 
  2016           1.       1.      -0.      -1.      -1.      -1.
                -1.      -0.       0.       0.       0.       0.           -0.
 
  2017           0.       0.       0.      -1.      -1.      -1.
                -0.       0.       1.       1.       1.       1.            0.
 
  2018           0.      -0.      -1.      -1.      -0.       0.
                 1.       1.       1.       0.      -0.      -0.            0.
 
  2019          -1.      -0.       0.       0.       0.       0.
                 0.      -0.      -0.      -0.      -1.      -1.           -0.
 
  2020          -1.      -1.      -1.      -1.       0.       1.
                 1.       1.       1.       1.       1.       0.            0.
 
  2021          -1.      -2.      -3.      -2.      -1.       0.
                 1.       1.       2.       4.       7.      10.            1.
 
  2022          13.      13.      10.       5.       0.      -3.
                -5.      -4.      -3.      -2.      -1.      -1.            2.
 
  2023          -1.      -1.       0.       1.       1.       2.
                 2.       2.       1.      -1.      -4.      -5.           -0.
 
  2024          -6.      -4.      -1.       1.       2.       1.
                -1.      -2.      -3.      -2.      -1.       0.           -1.
 
  2025           0.      -0.      -1.      -1.       0.       1.
                 2.       2.       2.       1.       0.      -1.            1.
 
  2026          -1.      -1.      -1.      -1.      -0.       0.
                                                                           -1.
 
  AVGE          -0.      -0.      -0.      -0.      -0.      -0.
                -0.      -0.      -0.      -0.      -0.      -0.

  Table Total-         -46.   Mean-        -0.   Std. Dev.-         2.
                              Min -        -6.        Max -        13.
        bps_permits 44140            PAGE  20, SERIES bps_permits_addi

 E 8  Month-to-month differences in original series adjusted for calendar factors (A18)
  From  2004.Feb to 2026.Jun
  Observations        269
 -----------------------------------------------------------------------------
               Jan      Feb      Mar      Apr      May      Jun 
               Jul      Aug      Sep      Oct      Nov      Dec         AVGE  
 -----------------------------------------------------------------------------
  2004                  -13.      51.       7.      15.     -13.
                 8.      -6.      -8.     -19.       8.      26.            5.
 
  2005         -64.      -1.      53.     -17.      18.     -17.
                -3.       3.      -1.      10.      -3.     -17.           -3.
 
  2006         -13.       4.       5.       1.      23.      -7.
               -17.       3.     -12.      21.      -3.      54.            5.
 
  2007         -77.      -9.       3.      28.      19.     -42.
                 6.       9.      15.      13.     -37.      10.           -5.
 
  2008         -19.     -25.      31.     111.    -139.       8.
                 9.       5.     -15.       4.      -7.     -12.           -4.
 
  2009          -6.      12.      -6.      26.      -4.       6.
               -12.       6.     -15.      14.       2.      -6.            1.
 
  2010         -12.      -3.      22.     -11.       0.      11.
                 1.     -11.      18.      -7.     -11.      -3.           -0.
 
  2011          -8.     -11.      11.      15.      -7.      -1.
                -6.      19.      -7.      -5.      -5.      10.            0.
 
  2012          -8.      -2.      -2.      11.      -1.       7.
                -5.     -11.       1.       9.      -2.       3.           -0.
 
  2013         -13.       3.      32.     -35.      16.      -3.
                 2.       3.      -4.      -6.      10.     -11.           -0.
 
  2014         -13.      -5.      11.      32.     -19.      34.
               -40.       5.      20.     -27.       0.       3.            0.
 
  2015         -18.      -3.       1.       0.       2.      -4.
                 1.       1.       2.      -2.       0.       1.           -2.
 
  2016          -1.      -1.      10.     -18.       8.       3.
                -4.       6.      -4.       0.      -1.       0.           -0.
 
  2017           0.      -1.       1.      10.      -7.       0.
                -3.       0.       2.       2.      -3.       5.            0.
 
  2018          -6.       1.       8.     -13.       6.       0.
                 0.       4.       0.      -3.      -4.       5.           -0.
 
  2019          -4.       0.      -7.      18.      -9.       6.
                 4.     -10.      -1.       4.      -4.      -1.           -0.
 
  2020           1.      -1.      -3.      10.      -4.       1.
                 1.      -4.       2.      -2.       1.       3.            0.
 
  2021          -5.       2.       4.      -6.       4.      -4.
                 1.       0.       1.       0.       0.       0.           -0.
 
  2022          51.     -11.      52.     -24.     -23.      99.
               -97.      -8.       9.      -3.       9.     -14.            3.
 
  2023         -13.      -2.      94.     -82.      25.      -3.
               -16.       4.      -1.      11.       2.     -20.           -0.
 
  2024         -24.       0.      13.      10.      -5.      34.
               -34.      -3.      -5.       1.      -3.       1.           -1.
 
  2025          -7.      -5.       7.      11.      -6.       4.
                 9.     -13.      18.      -8.     -11.      17.            1.
 
  2026         -18.      -5.       6.       4.      -0.      16.
                                                                            1.
 
  AVGE         -13.      -3.      17.       4.      -4.       6.
                -9.       0.       1.       0.      -3.       2.

  Table Total-          -7.   Mean-        -0.   Std. Dev.-        22.
                              Min -      -139.        Max -       111.
        bps_permits 44140            PAGE  21, SERIES bps_permits_addi

 E 18  Final adjustment ratios
  From  2004.Jan to 2026.Jun
  Observations        270
 -----------------------------------------------------------------------------
               Jan      Feb      Mar      Apr      May      Jun 
               Jul      Aug      Sep      Oct      Nov      Dec         AVGE  
 -----------------------------------------------------------------------------
  2004       67.493   56.078  105.598   95.838  122.387  104.526
            101.623  103.956  100.992  112.674  104.048  110.020        98.769
 
  2005       64.016   58.630   86.560  118.897  126.595  104.867
            101.336  105.038  101.630  110.760  102.807  113.372        99.542
 
  2006       71.544   69.685  102.311   97.124  128.807  104.945
             99.442  106.131  101.595  114.906  102.847  103.982       100.277
 
  2007       71.730   64.817   94.032  101.620  123.671  112.106
             98.667  106.078  100.666  112.332  103.432  103.275        99.369
 
  2008       72.873   50.638   66.583  111.030  268.536  121.826
             97.629  107.560  105.870  140.406  102.647   99.821       112.118
 
  2009       38.034   56.678   86.413  101.903  139.399  118.229
            101.324  107.778  114.163  128.889  100.037   98.512        99.280
 
  2010       61.421   52.474   72.092  160.027  132.911  121.475
            104.130  109.303  106.797  116.764  101.201   99.573       103.181
 
  2011       61.236   28.901   94.997   98.600  119.317  148.439
            122.713  104.450  111.596  117.285  105.362  103.443       101.362
 
  2012       68.055   60.756   89.485  105.821  113.202  123.392
            113.263  109.689  124.685  107.550  103.410  107.839       102.262
 
  2013       61.806   60.508   71.481  254.224  108.663  122.350
            111.557  104.627  111.646  103.353  101.950  110.208       110.198
 
  2014       53.126   29.304  114.515   95.995  108.881  106.681
            111.850  108.565  104.691   99.573  103.606  108.406        95.433
 
  2015       36.655   11.026    0.000 -155.499  153.662   -0.000
           -223.173 1888.215  172.057   83.850   94.063  176.632       186.457
 
  2016       26.123   13.376    8.467  -35.859  149.165  162.421
            491.031  128.380  179.776   89.889   60.084  145.088       118.162
 
  2017       32.329   17.317  815.141   79.904   98.660  167.350
            399.246  439.014  119.573   93.864   44.770  100.233       200.617
 
  2018       23.424   38.703    0.000 -102.573  104.553  160.261
            147.981  100.755   95.867   87.062   21.782   85.788        63.633
 
  2019       38.171   44.759  -12.796   92.786  202.534  143.127
            110.016   72.024   71.818   78.797   34.608   36.162        76.001
 
  2020       31.180   24.413  -61.196   48.373 -269.448 -615.906
            116.739   28.912   69.278   38.481   43.591   64.595       -40.082
 
  2021        0.000   28.489  291.367  -81.010 -168.648   -0.000
             70.579   23.083   53.852   62.752   79.880   39.738        33.340
 
  2022       85.418   84.598  113.376   96.545  119.942  107.418
             98.891   91.778   97.841   99.965  101.073   94.704        99.296
 
  2023       71.897   71.641  108.938   92.112  113.070  125.930
             99.449   93.185  100.714  101.899  102.033   97.718        98.216
 
  2024       56.501   55.166   67.508  136.071  119.882  122.248
            103.792   91.999  108.050  110.273  104.764  102.322        98.215
 
  2025       61.067   49.924  123.284   85.023  115.563  181.718
            108.243   93.543  108.014  110.257  101.846  104.205       103.557
 
  2026       67.881   57.308   78.167  114.589  105.265  135.802
                                                                        93.169
 
  AVGE       53.130   47.182  109.405   74.415  101.590   86.052
            122.106  192.003  107.326  100.981   87.266  100.256

  Table Total-       26469.   Mean-        98.   Std. Dev.-       143.
                              Min -      -616.        Max -      1888.

 E 18.A  Final adjustment ratio forecasts
  From  2026.Jul to 2027.Jun
  Observations         12
 -----------------------------------------------------------------------------
               Jan      Feb      Mar      Apr      May      Jun 
               Jul      Aug      Sep      Oct      Nov      Dec         AVGE  
 -----------------------------------------------------------------------------
  2026                                                          
            115.310   98.200  113.907  112.052   97.137  107.304       107.318
 
  2027       75.149   69.367   54.879  143.521  100.655  145.882
                                                                        98.242
 
        bps_permits 44140            PAGE  22, SERIES bps_permits_addi

 E 18.B  Total adjustment factors
  From  2004.Jan to 2026.Jun
  Observations        270
 -----------------------------------------------------------------------------
               Jan      Feb      Mar      Apr      May      Jun 
               Jul      Aug      Sep      Oct      Nov      Dec         AVGE  
 -----------------------------------------------------------------------------
  2004         -24.     -29.       5.      -4.      20.       4.
                 2.       4.       1.       8.       3.      10.           -0.
 
  2005         -23.     -28.     -13.      14.      20.       4.
                 1.       4.       1.       8.       2.       8.           -0.
 
  2006         -21.     -25.       2.      -2.      19.       4.
                -0.       4.       1.      10.       2.       5.           -0.
 
  2007         -19.     -21.      -3.       1.      17.       5.
                -1.       3.       1.      10.       2.       2.           -0.
 
  2008         -16.     -18.     -20.      17.      14.       5.
                -1.       3.       2.       9.       1.      -0.           -0.
 
  2009         -13.     -15.      -3.       1.      10.       6.
                 0.       3.       2.       8.       0.      -0.           -0.
 
  2010         -11.     -14.     -13.      11.       6.       7.
                 2.       2.       3.       5.       0.      -0.           -0.
 
  2011         -10.     -12.      -1.      -0.       4.       7.
                 3.       1.       3.       3.       1.       1.           -0.
 
  2012          -9.     -12.      -2.       1.       3.       6.
                 3.       1.       3.       2.       1.       2.           -0.
 
  2013          -9.     -11.     -16.      15.       2.       5.
                 3.       1.       3.       1.       1.       2.           -0.
 
  2014          -8.     -10.       3.      -2.       2.       4.
                 2.       2.       2.      -0.       1.       2.           -0.
 
  2015          -7.      -8.      -4.       7.       1.       3.
                 1.       2.       2.      -0.      -0.       1.           -0.
 
  2016          -6.      -6.     -11.      15.       1.       2.
                 1.       2.       1.      -0.      -1.       1.           -0.
 
  2017          -4.      -5.       7.      -1.      -0.       2.
                 1.       1.       0.      -0.      -2.       0.           -0.
 
  2018          -3.      -3.      -9.      16.       0.       2.
                 1.       0.      -0.      -1.      -4.      -1.           -0.
 
  2019          -3.      -2.       9.      -0.       2.       3.
                 1.      -1.      -1.      -2.      -4.      -2.           -0.
 
  2020          -4.      -3.      11.      -1.       4.       5.
                 1.      -2.      -1.      -2.      -3.      -3.            0.
 
  2021          -7.      -5.       1.       9.       6.       8.
                -0.      -3.      -2.      -1.      -1.      -3.            0.
 
  2022          -9.      -8.      12.      -2.       8.      10.
                -1.      -4.      -1.      -0.       1.      -2.            0.
 
  2023         -11.     -10.      10.      -3.       7.      12.
                -0.      -3.       0.       1.       1.      -1.            0.
 
  2024         -12.     -12.      -9.      13.       6.      12.
                 1.      -3.       2.       3.       1.       1.            0.
 
  2025         -11.     -13.       5.      -4.       3.      13.
                 3.      -2.       3.       3.       0.       2.            0.
 
  2026         -10.     -13.      -6.       4.       1.      11.
                                                                           -2.
 
  AVGE         -11.     -12.      -2.       5.       7.       6.
                 1.       1.       1.       3.       0.       1.

  Table Total-         -28.   Mean-        -0.   Std. Dev.-         8.
                              Min -       -29.        Max -        20.

 E 18.C  Total adjustment factor forecasts
  From  2026.Jul to 2027.Jun
  Observations         12
 -----------------------------------------------------------------------------
               Jan      Feb      Mar      Apr      May      Jun 
               Jul      Aug      Sep      Oct      Nov      Dec         AVGE  
 -----------------------------------------------------------------------------
  2026                                                          
                 4.      -1.       4.       3.      -1.       2.            2.
 
  2027          -9.     -12.     -15.      12.       0.      11.
                                                                           -2.
 

  QS statistic for seasonality:
  Original Series                                     5.53  (P-Value =     0.0629)
  Original Series (EV adj)                            7.44  (P-Value =     0.0242)
  Residuals                                           0.00  (P-Value =     1.0000)
  Seasonally Adjusted Series                          0.00  (P-Value =     1.0000)
  Seasonally Adjusted Series (EV adj)                 0.00  (P-Value =     1.0000)
  Irregular Series                                    0.00  (P-Value =     1.0000)
  Irregular Series (EV adj)                           0.00  (P-Value =     1.0000)

  QS statistic for seasonality (starting 2018.Jul):
  Original Series                                     3.72  (P-Value =     0.1559)
  Original Series (EV adj)                            5.41  (P-Value =     0.0669)
  Residuals                                           0.00  (P-Value =     1.0000)
  Seasonally Adjusted Series                          0.22  (P-Value =     0.8946)
  Seasonally Adjusted Series (EV adj)                 0.00  (P-Value =     1.0000)
  Irregular Series                                    0.62  (P-Value =     0.7328)
  Irregular Series (EV adj)                           0.00  (P-Value =     1.0000)


 WARNING: Series should not be a candidate for seasonal adjustment
          because the spectrum of the prior adjusted series (Table B1)
          has no visually significant seasonal peaks.

          If this is a component series of an indirectly adjusted
          composite series, consider using type = trend or type = summary
          in the x11 spec.
        bps_permits 44140            PAGE  23, SERIES bps_permits_addi
 G 0  10*LOG(SPECTRUM) of the differenced Prior Adjusted Series
      (Table B1).  Spectrum estimated from 2018.Jul to 2026.Jun.
 ++++++++++I+++++++++++++++++++++++++++++++++++++++++++++++++++++++++++++I
      34.00I                                                             I     34.00
           I                                        S                    I
           I                                        S                    I
           I                                        S          *         I
      32.37I                                        S*         *         I     32.37
           I                                        S*        S*         I
           I                                       *S* *      S*  **     I
           I                                       *S*T*      S*T **     I
      30.73I                                       *S*T**     S*T***     I     30.73
           I                                       *S*T**     S*T***     I
           I                                       *S*T**     S*T***     I
           I                                       *S*T**    *S*T***     I
      29.10I                                       *S*T***   *S*T***     I     29.10
           I                             *         *S*T***   *S*T***     I
           I                            **S        *S*T***   *S*T***     I
           I                            **S        *S*T***  **S*T****    I
      27.46I                            **S        *S*T**** **S*T****    I     27.46
           I                            **S        *S*T*******S*T****    I
           I                            **S        *S*T*******S*T****    I
           I                           ***S        *S*T*******S*T****    I
      25.83I                   *       ***S*      **S*T*******S*T****    I     25.83
           I         *         *       ***S*      **S*T*******S*T****    I
           I         *         *      ****S*      **S*T*******S*T****    I
           I         *         *     *****S*      **S*T*******S*T****    I
      24.20I         *         *     *****S*      **S*T*******S*T*****   I     24.20
           I         *         *     *****S*      **S*T*******S*T*****   I
           I         *         *     *****S*      **S*T*******S*T*****   I
           I        **S        *     *****S*      **S*T*******S*T*****   I
      22.56I        **S        *    ******S*      **S*T*******S*T*****   I     22.56
           I        **S        *    ******S*      **S*T*******S*T******  I
           I        **S       **    ******S*      **S*T*******S*T******  I
           I        **S       **    ******S**    ***S*T*******S*T******  I
      20.93I        **S   *   **    ******S**    ***S*T*******S*T******* I     20.93
           I        **S   **  **S   ******S**    ***S*T*******S*T*******SI
           I        **S   **  **S   ******S**    ***S*T*******S*T*******SI
           I        **S*  **  **S   ******S**    ***S*T*******S*T*******SI
      19.30I       ***S*  **  **S   ******S**    ***S*T*******S*T*******SI     19.30
           I       ***S* *******S  *******S**    ***S*T*******S*T*******SI
           I   *   ***S*********S  *******S**   ****S*T*******S*T*******SI
           I   *   ***S*********S  *******S***  ****S*T*******S*T*******SI
      17.66I   *   ***S*********S  *******S***  ****S*T*******S*T*******SI     17.66
           I   *   ***S*********S* *******S***  ****S*T*******S*T*******SI
           I   **  ***S*********S*********S*********S*T*******S*T*******SI
           I  *** ****S*********S*********S*********S*T*******S*T*******SI
      16.03I  *** ****S*********S*********S*********S*T*******S*T*******SI     16.03
           I  ********S*********S*********S*********S*T*******S*T*******SI
           I  ********S*********S*********S*********S*T*******S*T*******SI
           I  ********S*********S*********S*********S*T*******S*T*******SI
      14.39I  ********S*********S*********S*********S*T*******S*T*******SI     14.39
           I  ********S*********S*********S*********S*T*******S*T*******SI
           I *********S*********S*********S*********S*T*******S*T*******SI
           I *********S*********S*********S*********S*T*******S*T*******SI
      12.76I**********S*********S*********S*********S*T*******S*T*******SI     12.76
 ++++++++++I+++++++++++++++++++++++++++++++++++++++++++++++++++++++++++++I
            S=SEASONAL FREQUENCIES, T=TRADING DAY FREQUENCIES
        bps_permits 44140            PAGE  24, SERIES bps_permits_addi
 G 1  10*LOG(SPECTRUM) of the differenced seasonally adjusted 
      data (Table E2).  Spectrum estimated from 2018.Jul to 2026.Jun.
 ++++++++++I+++++++++++++++++++++++++++++++++++++++++++++++++++++++++++++I
      26.84I                  *                                          I     26.84
           I                  *                                          I
           I                  *                                          I
           I                  *                                          I
      25.57I                  *                                          I     25.57
           I                  *                                          I
           I                  *                           *              I
           I                  *                           *              I
      24.30I                  *                           *              I     24.30
           I                  *                           *              I
           I                  *                           *        *     I
           I              *   *                           *        *     I
      23.04I              *   *                           **       *     I     23.04
           I              *   *                           **       *     I
           I              *   *                           **       *     I
           I              *   *                   *       **       * *   I
      21.77I              *   *                   *       **       ***   I     21.77
           I              *   *                   *       **       ***   I
           I              *   *                   *       **       ***   I
           I              *   *                   *       **       ***   I
      20.50I        *     *   *                   *      ***       ****  I     20.50
           I        *     *   *                   *      ****      ****  I
           I       **     *   *                   *      ****      ****  I
           I       **     *   *                   **     ****      ****  I
      19.23I       **     *   *                   **   * ****      ****  I     19.23
           I       **     *   *               *   **   *******    *****  I
           I       **     *   *         *     *   **   *******    *****  I
           I       **     *   *         *     *   **   *******    *****  I
      17.97I       **     *   *         *     *   **   *******    *****  I     17.97
           I       **     *   *         *     *   **   *******    *****  I
           I       **     *   *         *     *   **   *******    *****  I
           I       **     *   *         *     *   **  T*******    *****  I
      16.70I       **     *  **         *     **  **  T*******    *****  I     16.70
           I   *  ***    **  **         *     ** ***  T*******    ****** I
           I   *  ****   **  **    *    *     ** ***  T*******S   ****** I
           I   *  ****   **  **    *    *     ** ***S T*******S   ****** I
      15.43I   *  ****   *** **    *    *     ** ***S T*******S   ****** I     15.43
           I  **  ****   *** **   **   **     ** ***S*T*******S   ******SI
           I  **  ****   *** ***  **   **     ******S*T*******S   ******SI
           I  *** ****   *** ***  **   ***    ******S*T*******S   ******SI
      14.17I  ********   *** ***  **   ***   *******S*T*******S   ******SI     14.17
           I  ********   *** ***  **   ***   *******S*T*******S  *******SI
           I  ********   *******  **   ***   *******S*T*******S* *******SI
           I  ********   *******  **   ***   *******S*T*******S* *******SI
      12.90I  ********   *******  **   ***   *******S*T*******S* *******SI     12.90
           I  ********S  *******  **   ***   *******S*T*******S* *******SI
           I  ********S  *******  **   ***   *******S*T*******S*T*******SI
           I  ********S  *******  ***  ***   *******S*T*******S*T*******SI
      11.63I *********S ******** **** ****   *******S*T*******S*T*******SI     11.63
           I *********S ******** **** ****S  *******S*T*******S*T*******SI
           I *********S ********S**** ****S ********S*T*******S*T*******SI
           I**********S*********S**** ****S ********S*T*******S*T*******SI
      10.37I**********S*********S*********S*********S*T*******S*T*******SI     10.37
 ++++++++++I+++++++++++++++++++++++++++++++++++++++++++++++++++++++++++++I
            S=SEASONAL FREQUENCIES, T=TRADING DAY FREQUENCIES
        bps_permits 44140            PAGE  25, SERIES bps_permits_addi
 G 2  10*LOG(SPECTRUM) of the Modified Irregular (Table E3).  
      Spectrum estimated from 2018.Jul to 2026.Jun.
 ++++++++++I+++++++++++++++++++++++++++++++++++++++++++++++++++++++++++++I
      25.97I                  *                                          I     25.97
           I                  *                                          I
           I                  *                                          I
           I                  *                                          I
      24.39I                  *                                          I     24.39
           I                  *                                          I
           I                  *                                          I
           I                  *                                          I
      22.81I                  *                                          I     22.81
           I                  *                                          I
           I                  *                                          I
           I                  *                                          I
      21.23I                  *                                          I     21.23
           I                  *                                          I
           I                  *                                          I
           I                  *                                          I
      19.65I              *   *                           *              I     19.65
           I              *   *                           *              I
           I              *   *                           *              I
           I              *   *                           *              I
      18.07I              *   *                           *              I     18.07
           I              *   *                           *        *     I
           I              *   *                   *       **       *     I
           I              *   *                   *       **       *     I
      16.49I              *   *         *         *       **       *     I     16.49
           I              *   *         *         *       **       **    I
           I              *   *         *         *      ***       ***   I
           I              *  **         *         *      ***       ***   I
      14.92I              *  **    *    *         *      ***       ***   I     14.92
           I              ** **    *    *     *   **     ****      ***   I
           I              ** **   **    *     *   **   * ****      ****  I
           I  *          *** **   **   **     *   **   ******      ****  I
      13.34I  *          *** ***  **   **     *   **   ******      ****  I     13.34
           I  *          *** ***  **   **     *   **   *******    *****  I
           I  *          *** ***  **   **     **  **  T*******    *****  I
           I  *          *******  **   ***    ** ***  T*******    *****  I
      11.76I  *          *******  **   ***    ** ***  T*******    *****  I     11.76
           I  *          *******  **   ***    ** ***  T*******    *****  I
           I  *          *******  **   ***    ** ***S T*******    ****** I
           I  *          *******  ***  ***    ******S*T*******    ****** I
      10.18I  *          ******* **** ****    ******S*T*******    ****** I     10.18
           I  *          *******S**** ****   *******S*T*******S   ****** I
           I  **        ********S*********   *******S*T*******S   ******SI
           I ***        ********S*********   *******S*T*******S   ******SI
       8.60I ***   *    ********S*********   *******S*T*******S   ******SI      8.60
           I ***   *    ********S*********S  *******S*T*******S   ******SI
           I ***   *   *********S*********S  *******S*T*******S  *******SI
           I ***   **  *********S*********S  *******S*T*******S* *******SI
       7.02I****  ***  *********S*********S ********S*T*******S* *******SI      7.02
           I****  ****S*********S*********S*********S*T*******S*T*******SI
           I****  ****S*********S*********S*********S*T*******S*T*******SI
           I***** ****S*********S*********S*********S*T*******S*T*******SI
       5.44I**********S*********S*********S*********S*T*******S*T*******SI      5.44
 ++++++++++I+++++++++++++++++++++++++++++++++++++++++++++++++++++++++++++I
            S=SEASONAL FREQUENCIES, T=TRADING DAY FREQUENCIES
        bps_permits 44140            PAGE  26, SERIES bps_permits_addi

  Peak probabilities for Tukey spectrum estimator
  Spectrum estimated from 2018.Jul to 2026.Jun.

                                          S1       S2       S3       S4       S5       S6       TD
                                        ------   ------   ------   ------   ------   ------   ------
  Model Residuals                        0.403    0.898    0.185    0.103    0.002    0.621    0.481  
  Prior Adjusted Series (Table B1)       0.303    0.635    0.568    0.820    0.517    0.450    0.557  
  Seasonally adjusted series (E2)        0.003    0.025    0.142    0.559    0.072    0.238    0.889  
  Modified Irregular (E3)                0.230    0.030    0.158    0.564    0.081    0.262    0.903* 
  ----------
     ** - Peak Probability > 0.99,
      * - 0.90 < Peak Probability < 0.99


