  Reading input spec file from D:\Programming\Dynamic Paper-dlrhcs_replication\outputs\empirical\unemployment\raw_sa_pilot\x13_work\bps_permits_additive_level_42340_200401_202606.spc

1

               U. S. Department of Commerce, U. S. Census Bureau

              X-13ARIMA-SEATS monthly seasonal adjustment Method,
                          Release Version 1.1 Build 62


           This software application provides an enhanced version of
             Statistics Canada's X-11-ARIMA extension (Dagum, 1980)
                 of the X-11 variant of the Census Method II of
                      Shiskin, Young and Musgrave (1967).

            It also provides an ARIMA model-based method following
       Hillmer and Tiao (1982) and Burman (1980) that is very similar
       to the update of the method of SEATS (Gomez and Maravall, 1996)
                produced at the Bank of Spain by G. Caporello and
               A. Maravall for TSW (Caporello and Maravall, 2004).
          The present application includes additional enhancements.

         X-13ARIMA-SEATS includes an automatic ARIMA model selection procedure
          based largely on the procedure of Gomez and Maravall (1998)
            as implemented in TRAMO (1996) and subsequent revisions.

              Primary Programmers: Brian Monsell, Mark Otto and,
                 for the ARIMA model-based signal extraction,
                      Gianluca Caporello and Victor Gomez


     Series Title- bps_permits 42340
     Series Name- bps_permits_addi
     Jul 29, 2026  08.34.25 

        -Period covered-  1st month,2004 to  6th month,2026
        -Type of run - additive seasonal adjustment

        -Sigma limits for graduating extreme values are  1.5 and  2.5 .
        -3x3 moving average used in section 1 of each iteration, 
         3x5 moving average in section 2 of iterations B and C,
         moving average for final seasonal factors chosen by Global MSR.
        -Holiday adjustment factors applied directly to the final seasonally adjusted series
        -Spectral plots generated for selected series
        -Spectral plots generated for series starting in 2018.Jul

 FILE SAVE REQUESTS (* indicates file exists and will be overwritten)
  D:\Programming\Dynamic Paper-dlrhcs_replication\outputs\empirical\unemployment\raw_sa_pilot\x13_work\bps_permits_additive_level_42340_200401_202606.d10  final seasonal factors
  D:\Programming\Dynamic Paper-dlrhcs_replication\outputs\empirical\unemployment\raw_sa_pilot\x13_work\bps_permits_additive_level_42340_200401_202606.d11  final seasonally adjusted data
  D:\Programming\Dynamic Paper-dlrhcs_replication\outputs\empirical\unemployment\raw_sa_pilot\x13_work\bps_permits_additive_level_42340_200401_202606.out  program output file
  D:\Programming\Dynamic Paper-dlrhcs_replication\outputs\empirical\unemployment\raw_sa_pilot\x13_work\bps_permits_additive_level_42340_200401_202606.err  program error file
        bps_permits 42340            PAGE   1, SERIES bps_permits_addi

     Contents of spc file D:\Programming\Dynamic Paper-dlrhcs_replication\outputs\empirical\unemployment\raw_sa_pilot\x13_work\bps_permits_additive_level_42340_200401_202606.spc

 Line #
 ------
      1: series {
      2:   title = "bps_permits 42340"
      3:   start = 2004.1
      4:   period = 12
      5:   data = (
      6: 321
      7: 147
      8: 287
      9: 219
     10: 242
     11: 252
     12: 191
     13: 184
     14: 177
     15: 206
     16: 251
     17: 231
     18: 230
     19: 245
     20: 238
     21: 246
     22: 292
     23: 254
     24: 217
     25: 336
     26: 279
     27: 579
     28: 208
     29: 227
     30: 252
     31: 256
     32: 335
     33: 266
     34: 310
     35: 337
     36: 216
     37: 287
     38: 201
     39: 292
     40: 223
     41: 661
     42: 286
     43: 346
     44: 281
     45: 285
     46: 616
     47: 250
     48: 183
     49: 473
     50: 263
     51: 174
     52: 113
     53: 90
     54: 134
     55: 192
     56: 167
     57: 124
     58: 429
     59: 156
     60: 168
     61: 118
     62: 212
     63: 99
     64: 52
     65: 60
     66: 58
     67: 68
     68: 81
     69: 94
     70: 106
     71: 212
     72: 97
     73: 78
     74: 80
     75: 80
     76: 64
     77: 309
     78: 52
     79: 69
     80: 123
     81: 99
     82: 66
     83: 178
     84: 75
     85: 61
     86: 60
     87: 44
     88: 97
     89: 186
     90: 83
     91: 91
     92: 97
     93: 108
     94: 91
     95: 86
     96: 98
     97: 97
     98: 121
     99: 253
    100: 59
    101: 157
    102: 87
    103: 83
    104: 93
    105: 92
    106: 95
    107: 112
    108: 121
    109: 177
    110: 157
    111: 145
    112: 137
    113: 130
    114: 170
    115: 156
    116: 173
    117: 127
    118: 132
    119: 132
    120: 109
    121: 194
    122: 114
    123: 153
    124: 129
    125: 140
    126: 110
    127: 123
    128: 120
    129: 150
    130: 331
    131: 140
    132: 134
    133: 171
    134: 155
    135: 148
    136: 99
    137: 127
    138: 180
    139: 138
    140: 182
    141: 189
    142: 199
    143: 217
    144: 175
    145: 160
    146: 195
    147: 222
    148: 138
    149: 134
    150: 129
    151: 167
    152: 232
    153: 198
    154: 180
    155: 140
    156: 141
    157: 134
    158: 156
    159: 120
    160: 146
    161: 121
    162: 150
    163: 163
    164: 213
    165: 184
    166: 226
    167: 192
    168: 142
    169: 213
    170: 131
    171: 141
    172: 208
    173: 196
    174: 276
    175: 209
    176: 169
    177: 194
    178: 203
    179: 166
    180: 135
    181: 434
    182: 137
    183: 176
    184: 454
    185: 185
    186: 375
    187: 159
    188: 218
    189: 218
    190: 210
    191: 202
    192: 195
    193: 239
    194: 413
    195: 209
    196: 153
    197: 171
    198: 257
    199: 158
    200: 190
    201: 149
    202: 201
    203: 173
    204: 233
    205: 259
    206: 303
    207: 229
    208: 163
    209: 561
    210: 185
    211: 197
    212: 282
    213: 304
    214: 202
    215: 562
    216: 261
    217: 246
    218: 319
    219: 166
    220: 156
    221: 172
    222: 544
    223: 268
    224: 259
    225: 280
    226: 216
    227: 337
    228: 245
    229: 399
    230: 110
    231: 159
    232: 155
    233: 180
    234: 217
    235: 205
    236: 303
    237: 547
    238: 515
    239: 233
    240: 174
    241: 216
    242: 220
    243: 252
    244: 155
    245: 254
    246: 252
    247: 279
    248: 198
    249: 294
    250: 302
    251: 475
    252: 239
    253: 303
    254: 826
    255: 313
    256: 262
    257: 219
    258: 371
    259: 355
    260: 302
    261: 609
    262: 358
    263: 240
    264: 891
    265: 456
    266: 225
    267: 1092
    268: 230
    269: 206
    270: 305
    271: 247
    272: 298
    273: 355
    274: 339
    275: 719
    276:   )
    277: }
    278: transform { function = none }
    279: regression { aictest = (td easter) }
    280: automdl {}
    281: x11 { mode = add save = (d10 d11) }
        bps_permits 42340            PAGE   2, SERIES bps_permits_addi

 A 1  Time series data (for the span analyzed)
  From  2004.Jan to 2026.Jun
  Observations        270
 -----------------------------------------------------------------------------
               Jan      Feb      Mar      Apr      May      Jun 
               Jul      Aug      Sep      Oct      Nov      Dec        TOTAL  
 -----------------------------------------------------------------------------
  2004         321.     147.     287.     219.     242.     252.
               191.     184.     177.     206.     251.     231.         2708.
 
  2005         230.     245.     238.     246.     292.     254.
               217.     336.     279.     579.     208.     227.         3351.
 
  2006         252.     256.     335.     266.     310.     337.
               216.     287.     201.     292.     223.     661.         3636.
 
  2007         286.     346.     281.     285.     616.     250.
               183.     473.     263.     174.     113.      90.         3360.
 
  2008         134.     192.     167.     124.     429.     156.
               168.     118.     212.      99.      52.      60.         1911.
 
  2009          58.      68.      81.      94.     106.     212.
                97.      78.      80.      80.      64.     309.         1327.
 
  2010          52.      69.     123.      99.      66.     178.
                75.      61.      60.      44.      97.     186.         1110.
 
  2011          83.      91.      97.     108.      91.      86.
                98.      97.     121.     253.      59.     157.         1341.
 
  2012          87.      83.      93.      92.      95.     112.
               121.     177.     157.     145.     137.     130.         1429.
 
  2013         170.     156.     173.     127.     132.     132.
               109.     194.     114.     153.     129.     140.         1729.
 
  2014         110.     123.     120.     150.     331.     140.
               134.     171.     155.     148.      99.     127.         1808.
 
  2015         180.     138.     182.     189.     199.     217.
               175.     160.     195.     222.     138.     134.         2129.
 
  2016         129.     167.     232.     198.     180.     140.
               141.     134.     156.     120.     146.     121.         1864.
 
  2017         150.     163.     213.     184.     226.     192.
               142.     213.     131.     141.     208.     196.         2159.
 
  2018         276.     209.     169.     194.     203.     166.
               135.     434.     137.     176.     454.     185.         2738.
 
  2019         375.     159.     218.     218.     210.     202.
               195.     239.     413.     209.     153.     171.         2762.
 
  2020         257.     158.     190.     149.     201.     173.
               233.     259.     303.     229.     163.     561.         2876.
 
  2021         185.     197.     282.     304.     202.     562.
               261.     246.     319.     166.     156.     172.         3052.
 
  2022         544.     268.     259.     280.     216.     337.
               245.     399.     110.     159.     155.     180.         3152.
 
  2023         217.     205.     303.     547.     515.     233.
               174.     216.     220.     252.     155.     254.         3291.
 
  2024         252.     279.     198.     294.     302.     475.
               239.     303.     826.     313.     262.     219.         3962.
 
  2025         371.     355.     302.     609.     358.     240.
               891.     456.     225.    1092.     230.     206.         5335.
 
  2026         305.     247.     298.     355.     339.     719.
                                                                         2263.
 
  AVGE         218.     188.     210.     232.     255.     251.
               202.     238.     221.     239.     166.     214.

  Table Total-       59293.   Mean-       220.   Std. Dev.-       136.
                              Min -        44.        Max -      1092.
        bps_permits 42340            PAGE   3, SERIES bps_permits_addi
                        Automatic ARIMA Model Selection

                    Procedure based closely on TRAMO method 
                         of Gomez and Maravall (2000)
              "Automatic Modeling Methods for Univariate Series",
                            A Course in Time Series
                  (Edited by D. Pena, G. C. Tiao, R. S. Tsay),
                         New York : J. Wiley and Sons


     Maximum order for regular ARMA parameters :   2
     Maximum order for seasonal ARMA parameters :   1
     Maximum order for regular differencing :   2
     Maximum order for seasonal differencing :   1

   Results of Unit Root Test for identifying orders of differencing:
     Regular difference order :   0
     Seasonal difference order :   0

  Automatic model choice : (1 0 1)


  Final Checks for Identified Model


  Checking for Unit Roots.
   Regular unit root found.
   ( 2, 1, 1) ( 0, 0, 1)
  Constant term removed from model

  Checking for nonseasonal overdifferencing.
   Nonseasonal MA not within  0.001 of 1.0 - model passes test.

  Checking for insignificant ARMA coefficients.
   Due to insignificant ARMA coefficients, model changed to
   ( 2, 1, 1) ( 0, 0, 0)

  Checking for insignificant ARMA coefficients.

  Final automatic model choice : (2 1 1)
   End of automatic model selection procedure.

 Average absolute percentage error in within-sample forecasts:
  Last year:  39.16      Last-1 year:  22.37     Last-2 year:  34.67
  Last three years:   32.07

 Estimation converged in   11 ARMA iterations,   64 function evaluations.

 Regression Model
 ------------------------------------------------------------------------------
                             Parameter        Standard
 Variable                     Estimate           Error      t-value
 ------------------------------------------------------------------------------
 Leap Year                    -14.6291        51.37285        -0.28

 1-Coefficient Trading Day
   Weekday                      5.3435         2.56866         2.08
 **Sat/Sun (derived)          -13.3588         6.42164        -2.08
 ------------------------------------------------------------------------------
 **For the one coefficient trading-day effect, the derived
   parameter estimate is obtained indirectly as minus -2.5 times
   the directly estimated parameter that defines the effect.


 Chi-squared Tests for Groups of Regressors
 ------------------------------------------------------------------------------
 Regression Effect                  df      Chi-Square      P-Value
 ------------------------------------------------------------------------------
 Combined Trading Day and Leap Year Regressors
                                     2            4.42         0.11


 F Tests for Trading Day Regressors 
 -----------------------------------------------------------------------
 Regression Effect                     df         F-statistic    P-Value
 -----------------------------------------------------------------------
 1-Coefficient Trading Day           1, 267            4.30         0.04


 ARIMA Model:  (2 1 1)
   Nonseasonal differences: 1
                                              Standard
 Parameter                    Estimate          Errors
 -----------------------------------------------------
 Nonseasonal AR                                    
   Lag  1                      -0.1057         0.07463
   Lag  2                      -0.0902         0.07144

 Nonseasonal MA                                    
   Lag  1                       0.8358         0.04450

 Variance                       0.12648E+05
 SE of Var                      0.10906E+04
 -----------------------------------------------------

 Likelihood Statistics
 ------------------------------------------------------------------
 Number of observations (nobs)                                  270
 Effective number of observations (nefobs)                      269
 Number of parameters estimated (np)                              6
 Log likelihood (L)                                      -1652.8308
 AIC                                                      3317.6615 
 AICC (F-corrected-AIC)                                   3317.9821 
 Hannan Quinn                                             3326.3234 
 BIC                                                      3339.2298 
 ------------------------------------------------------------------

 QS Statistic for regARIMA Model Residuals (full series):             0.00
                                                       (P-Value =     1.0000)

 QS Statistic for regARIMA Model Residuals (starting 2018.Jul):       0.00
                                                       (P-Value =     1.0000)
      10*LOG(SPECTRUM) of the regARIMA model residuals
      Spectrum estimated from 2018.Jul to 2026.Jun.
 ++++++++++I+++++++++++++++++++++++++++++++++++++++++++++++++++++++++++++I
      51.66I         *                                                   I     51.66
           I         *                                                   I
           I         *                                                   I
           I         *                                                   I
      50.45I         *                                                   I     50.45
           I         *                                                   I
           I         *                                                   I
           I         *                                                   I
      49.24I         *                                                   I     49.24
           I         *                                                   I
           I         *                                                   I
           I         *                                   *               I
      48.03I         *                         *         *               I     48.03
           I         *                         *        **               I
           I         *                         *        **               I
           I         *                         *  *     ***              I
      46.82I         *      *                  * **     ***              I     46.82
           I         *  *   *                  ****     ****             I
           I         *  *   *                  ****     ****             I
           I         *  *   *            *     ****     ****             I
      45.61I         *S *   *            *     ****     ****             I     45.61
           I         *S *   *            *    *****     ****             I
           I         *S**   **           *    ******    ****             I
           I         *S**   **           *    ******    ****      *      I
      44.40I         *S**   **           *    ******   *****      *      I     44.40
           I         *S**   **           *    ******   *****      *      I
           I        **S**   **           *    ******   ******     *      I
           I    *   **S**   **          **    ******   ******     *      I
      43.19I    *   **S**   **          **    ******   ******    **      I     43.19
           I    *   **S**   **          **    ******S  ******    **      I
           I    *   **S***  **          **    ******S T******    **      I
           I    *   **S***  **   *      **    ******S*T******    **  *   I
      41.98I    *   **S***  **   *      **    ******S*T******    **  *   I     41.98
           I   **   **S***  **   *      **    ******S*T******    *** *   I
           I   **   **S***  **   *      **S   ******S*T******    *** *   I
           I   **   **S*** ***   *     ***S   ******S*T******    ******  I
      40.77I   **   **S*** ***   **    ***S  *******S*T******    ******  I     40.77
           I   **   **S*** ***   **  *****S  *******S*T******    ******  I
           I   **   **S*** ***   **  *****S  *******S*T******    ******  I
           I   **   **S*******  S**  *****S  *******S*T*******   ******  I
      39.56I   **   **S******** S**  *****S  *******S*T*******   ******  I     39.56
           I   ***  **S******** S** ******S  *******S*T*******   ******  I
           I   ***  **S******** S*********S  *******S*T*******  T******  I
           I   *** ***S******** S*********S* *******S*T*******  T******  I
      38.35I   *** ***S*********S*********S*********S*T*******  T******* I     38.35
           I   *** ***S*********S*********S*********S*T*******  T******* I
           I  **** ***S*********S*********S*********S*T*******S T******* I
           I  ********S*********S*********S*********S*T*******S*T*******SI
      37.14I  ********S*********S*********S*********S*T*******S*T*******SI     37.14
           I  ********S*********S*********S*********S*T*******S*T*******SI
           I  ********S*********S*********S*********S*T*******S*T*******SI
           I *********S*********S*********S*********S*T*******S*T*******SI
      35.93I**********S*********S*********S*********S*T*******S*T*******SI     35.93
 ++++++++++I+++++++++++++++++++++++++++++++++++++++++++++++++++++++++++++I
            S=SEASONAL FREQUENCIES, T=TRADING DAY FREQUENCIES


 FORECASTING
  Origin  2026.Jun
  Number        12

  Forecasts and Standard Errors
   ------------------------------
                         Standard
       Date   Forecast      Error
   ------------------------------
   2026.Jul     399.95    112.718
   2026.Aug     365.42    113.073
   2026.Sep     426.46    113.039
   2026.Oct     409.78    114.207
   2026.Nov     402.17    115.373
   2026.Dec     426.75    116.578
   2027.Jan     389.50    117.771
   2027.Feb     414.46    118.916
   2027.Mar     426.83    119.606
   2027.Apr     421.49    120.459
   2027.May     389.43    121.755
   2027.Jun     421.49    122.423
   ------------------------------

  Confidence intervals with coverage probability ( 0.95000
   ---------------------------------------
       Date      Lower  Forecast     Upper
   ---------------------------------------
   2026.Jul     179.03    399.95    620.87
   2026.Aug     143.81    365.42    587.04
   2026.Sep     204.90    426.46    648.01
   2026.Oct     185.93    409.78    633.62
   2026.Nov     176.04    402.17    628.30
   2026.Dec     198.26    426.75    655.24
   2027.Jan     158.67    389.50    620.32
   2027.Feb     181.39    414.46    647.53
   2027.Mar     192.41    426.83    661.25
   2027.Apr     185.40    421.49    657.59
   2027.May     150.80    389.43    628.07
   2027.Jun     181.55    421.49    661.44
   ---------------------------------------
        bps_permits 42340            PAGE   4, SERIES bps_permits_addi

 A 6  RegARIMA trading day component
  From  2004.Jan to 2026.Jun
  Observations        270
 -----------------------------------------------------------------------------
               Jan      Feb      Mar      Apr      May      Jun 
               Jul      Aug      Sep      Oct      Nov      Dec         AVGE  
 -----------------------------------------------------------------------------
  2004          -3.     -24.      16.      11.     -21.      11.
                -3.      -3.      11.     -21.      11.      16.           -0.
 
  2005         -21.       4.      16.      -8.      -3.      11.
               -21.      16.      11.     -21.      11.      -3.           -1.
 
  2006          -3.       4.      16.     -27.      16.      11.
               -21.      16.      -8.      -3.      11.     -21.           -1.
 
  2007          16.       4.      -3.      -8.      16.      -8.
                -3.      16.     -27.      16.      11.     -21.            1.
 
  2008          16.      -6.     -21.      11.      -3.      -8.
                16.     -21.      11.      16.     -27.      16.           -0.
 
  2009          -3.       4.      -3.      11.     -21.      11.
                16.     -21.      11.      -3.      -8.      16.            1.
 
  2010         -21.       4.      16.      11.     -21.      11.
                -3.      -3.      11.     -21.      11.      16.            1.
 
  2011         -21.       4.      16.      -8.      -3.      11.
               -21.      16.      11.     -21.      11.      -3.           -1.
 
  2012          -3.      -6.      -3.      -8.      16.      -8.
                -3.      16.     -27.      16.      11.     -21.           -2.
 
  2013          16.       4.     -21.      11.      16.     -27.
                16.      -3.      -8.      16.      -8.      -3.            1.
 
  2014          16.       4.     -21.      11.      -3.      -8.
                16.     -21.      11.      16.     -27.      16.            1.
 
  2015          -3.       4.      -3.      11.     -21.      11.
                16.     -21.      11.      -3.      -8.      16.            1.
 
  2016         -21.      -6.      16.      -8.      -3.      11.
               -21.      16.      11.     -21.      11.      -3.           -2.
 
  2017          -3.       4.      16.     -27.      16.      11.
               -21.      16.      -8.      -3.      11.     -21.           -1.
 
  2018          16.       4.      -3.      -8.      16.      -8.
                -3.      16.     -27.      16.      11.     -21.            1.
 
  2019          16.       4.     -21.      11.      16.     -27.
                16.      -3.      -8.      16.      -8.      -3.            1.
 
  2020          16.     -24.      -3.      11.     -21.      11.
                16.     -21.      11.      -3.      -8.      16.           -0.
 
  2021         -21.       4.      16.      11.     -21.      11.
                -3.      -3.      11.     -21.      11.      16.            1.
 
  2022         -21.       4.      16.      -8.      -3.      11.
               -21.      16.      11.     -21.      11.      -3.           -1.
 
  2023          -3.       4.      16.     -27.      16.      11.
               -21.      16.      -8.      -3.      11.     -21.           -1.
 
  2024          16.      -6.     -21.      11.      16.     -27.
                16.      -3.      -8.      16.      -8.      -3.           -0.
 
  2025          16.       4.     -21.      11.      -3.      -8.
                16.     -21.      11.      16.     -27.      16.            1.
 
  2026          -3.       4.      -3.      11.     -21.      11.
                                                                           -0.
 
  AVGE          -0.      -0.       1.       0.      -1.       1.
                -1.       1.       0.      -1.       0.      -0.

  Table Total-          -9.   Mean-        -0.   Std. Dev.-        14.
                              Min -       -27.        Max -        16.

 A 6.A  RegARIMA trading day component forecasts
  From  2026.Jul to 2027.Jun
  Observations         12
 -----------------------------------------------------------------------------
               Jan      Feb      Mar      Apr      May      Jun 
               Jul      Aug      Sep      Oct      Nov      Dec         AVGE  
 -----------------------------------------------------------------------------
  2026                                                          
                16.     -21.      11.      -3.      -8.      16.            2.
 
  2027         -21.       4.      16.      11.     -21.      11.
                                                                           -0.
 
        bps_permits 42340            PAGE   5, SERIES bps_permits_addi
  
 B 1  Original series (prior adjusted)
      (adjusted for regARIMA factors)
  From  2004.Jan to 2026.Jun
  Observations        270
 -----------------------------------------------------------------------------
               Jan      Feb      Mar      Apr      May      Jun 
               Jul      Aug      Sep      Oct      Nov      Dec        TOTAL  
 -----------------------------------------------------------------------------
  2004         324.     171.     271.     208.     263.     241.
               194.     187.     166.     227.     240.     215.         2708.
 
  2005         251.     241.     222.     254.     295.     243.
               238.     320.     268.     600.     197.     230.         3361.
 
  2006         255.     252.     319.     293.     294.     326.
               237.     271.     209.     295.     212.     682.         3646.
 
  2007         270.     342.     284.     293.     600.     258.
               186.     457.     290.     158.     102.     111.         3351.
 
  2008         118.     198.     188.     113.     432.     164.
               152.     139.     201.      83.      79.      44.         1911.
 
  2009          61.      64.      84.      83.     127.     201.
                81.      99.      69.      83.      72.     293.         1318.
 
  2010          73.      65.     107.      88.      87.     167.
                78.      64.      49.      65.      86.     170.         1101.
 
  2011         104.      87.      81.     116.      94.      75.
               119.      81.     110.     274.      48.     160.         1351.
 
  2012          90.      89.      96.     100.      79.     120.
               124.     161.     184.     129.     126.     151.         1448.
 
  2013         154.     152.     194.     116.     116.     159.
                93.     197.     122.     137.     137.     143.         1720.
 
  2014          94.     119.     141.     139.     334.     148.
               118.     192.     144.     132.     126.     111.         1799.
 
  2015         183.     134.     185.     178.     220.     206.
               159.     181.     184.     225.     146.     118.         2120.
 
  2016         150.     173.     216.     206.     183.     129.
               162.     118.     145.     141.     135.     124.         1883.
 
  2017         153.     159.     197.     211.     210.     181.
               163.     197.     139.     144.     197.     217.         2169.
 
  2018         260.     205.     172.     202.     187.     174.
               138.     418.     164.     160.     443.     206.         2729.
 
  2019         359.     155.     239.     207.     194.     229.
               179.     242.     421.     193.     161.     174.         2753.
 
  2020         241.     182.     193.     138.     222.     162.
               217.     280.     292.     232.     171.     545.         2876.
 
  2021         206.     193.     266.     293.     223.     551.
               264.     249.     308.     187.     145.     156.         3043.
 
  2022         565.     264.     243.     288.     219.     326.
               266.     383.      99.     180.     144.     183.         3162.
 
  2023         220.     201.     287.     574.     499.     222.
               195.     200.     228.     255.     144.     275.         3301.
 
  2024         236.     285.     219.     283.     286.     502.
               223.     306.     834.     297.     270.     222.         3962.
 
  2025         355.     351.     323.     598.     361.     248.
               875.     477.     214.    1076.     257.     190.         5326.
 
  2026         308.     243.     301.     344.     360.     708.
                                                                         2265.
 
  AVGE         219.     188.     210.     232.     256.     250.
               203.     237.     220.     240.     166.     215.

  Table Total-       59302.   Mean-       220.   Std. Dev.-       136.
                              Min -        44.        Max -      1076.

 B 1.A  Forecasts of (prior adjusted) original series
  From  2026.Jul to 2027.Jun
  Observations         12
 -----------------------------------------------------------------------------
               Jan      Feb      Mar      Apr      May      Jun 
               Jul      Aug      Sep      Oct      Nov      Dec        TOTAL  
 -----------------------------------------------------------------------------
  2026                                                          
               384.     387.     416.     412.     410.     411.         2420.
 
  2027         411.     411.     411.     411.     411.     411.
                                                                         2465.
 
        bps_permits 42340            PAGE   6, SERIES bps_permits_addi

 C 17  Final weights for irregular component
  From  2004.Jan to 2026.Jun
  Observations        270
  Lower sigma limit    1.50
  Upper sigma limit    2.50
 -----------------------------------------------------------------------------
               Jan      Feb      Mar      Apr      May      Jun 
               Jul      Aug      Sep      Oct      Nov      Dec         S.D.  
 -----------------------------------------------------------------------------
  2004         100.     100.     100.     100.     100.     100.
               100.     100.     100.     100.      48.     100.         4513.
 
  2005         100.     100.     100.     100.     100.     100.
               100.     100.     100.       0.     100.     100.         4513.
 
  2006         100.     100.     100.     100.     100.     100.
               100.     100.      94.     100.     100.       0.         4513.
 
  2007         100.     100.     100.     100.       0.     100.
                87.       0.     100.     100.     100.      97.         4853.
 
  2008         100.     100.     100.     100.       0.     100.
               100.     100.     100.     100.     100.     100.         4825.
 
  2009         100.     100.     100.     100.     100.     100.
               100.     100.     100.     100.     100.       0.         4770.
 
  2010         100.     100.     100.     100.     100.     100.
               100.     100.     100.     100.     100.     100.         3513.
 
  2011         100.     100.     100.     100.     100.      79.
               100.     100.     100.       0.     100.     100.         3294.
 
  2012         100.     100.     100.     100.      97.     100.
               100.     100.      42.     100.     100.     100.         2383.
 
  2013         100.     100.      97.     100.     100.     100.
               100.      59.     100.     100.     100.     100.         2377.
 
  2014         100.     100.     100.     100.       0.     100.
               100.     100.     100.     100.     100.     100.         2291.
 
  2015         100.     100.     100.     100.     100.     100.
               100.     100.     100.       0.     100.     100.         2441.
 
  2016         100.     100.     100.     100.     100.     100.
               100.      91.     100.     100.     100.     100.         2734.
 
  2017         100.     100.     100.     100.     100.     100.
               100.     100.      76.     100.     100.     100.         3708.
 
  2018         100.     100.     100.     100.     100.     100.
               100.       0.      31.     100.       0.     100.         3838.
 
  2019          70.     100.     100.     100.     100.     100.
               100.     100.       0.     100.     100.     100.         4109.
 
  2020         100.     100.     100.     100.     100.     100.
               100.     100.     100.     100.     100.       0.         5154.
 
  2021         100.     100.     100.     100.     100.       0.
               100.     100.     100.     100.     100.     100.         6868.
 
  2022           0.     100.     100.     100.     100.     100.
               100.      66.       0.     100.     100.     100.         6861.
 
  2023         100.     100.     100.      13.      15.     100.
               100.     100.     100.     100.     100.     100.         9105.
 
  2024         100.     100.     100.     100.     100.     100.
               100.     100.       0.     100.     100.     100.         9665.
 
  2025         100.     100.     100.     100.     100.       0.
                 0.     100.       0.       0.     100.     100.         9327.
 
  2026         100.     100.     100.     100.     100.       0.
                                                                         9327.
 
        bps_permits 42340            PAGE   7, SERIES bps_permits_addi

 D 8  Final unmodified SI ratios
  From  2004.Jan to 2026.Jun
  Observations        270
 -----------------------------------------------------------------------------
               Jan      Feb      Mar      Apr      May      Jun 
               Jul      Aug      Sep      Oct      Nov      Dec         AVGE  
 -----------------------------------------------------------------------------
  2004          87.     -59.      46.     -12.      48.      28.
               -18.     -25.     -47.      11.      21.      -8.            6.
 
  2005          23.       8.     -17.       9.      44.     -12.
               -21.      57.       2.     331.     -73.     -41.           26.
 
  2006         -16.     -16.      52.      27.      29.      60.
               -31.      -1.     -68.      13.     -74.     392.           31.
 
  2007         -23.      49.      -7.       9.     326.      -2.
               -59.     228.      77.     -40.     -82.     -62.           34.
 
  2008         -46.      40.      36.     -36.     285.      20.
                13.       6.      76.     -33.     -29.     -56.           23.
 
  2009         -34.     -26.      -4.      -5.      38.     109.
               -14.       2.     -30.     -16.     -27.     196.           16.
 
  2010         -22.     -28.      16.      -1.      -0.      81.
                -9.     -24.     -41.     -28.      -9.      72.            1.
 
  2011           5.     -13.     -20.      16.      -6.     -23.
                22.     -15.      14.     179.     -47.      64.           15.
 
  2012          -7.     -10.      -6.      -5.     -31.       3.
                 0.      30.      46.     -14.     -21.       2.           -1.
 
  2013           4.       4.      48.     -27.     -25.      20.
               -43.      62.     -11.       5.       5.      11.            5.
 
  2014         -39.     -14.       7.       4.     197.       9.
               -23.      49.      -1.     -17.     -26.     -44.            9.
 
  2015          24.     -29.      17.       6.      46.      30.
               -18.       4.       8.      50.     -27.     -53.            5.
 
  2016         -18.       7.      52.      45.      24.     -27.
                 9.     -33.      -4.      -7.     -15.     -30.            0.
 
  2017          -5.      -4.      29.      38.      32.      -1.
               -23.       7.     -54.     -51.       2.      22.           -1.
 
  2018          65.      11.     -21.      11.      -4.     -17.
               -56.     221.     -37.     -46.     232.      -9.           29.
 
  2019         140.     -65.      19.     -12.     -23.      14.
               -33.      33.     216.      -9.     -37.     -21.           19.
 
  2020          48.      -9.       1.     -56.      23.     -42.
                 6.      63.      68.       2.     -64.     306.           29.
 
  2021         -36.     -50.      22.      51.     -18.     311.
                24.      10.      71.     -49.     -91.     -82.           14.
 
  2022         325.      20.      -5.      36.     -35.      73.
                14.     131.    -151.     -70.    -106.     -67.           14.
 
  2023         -29.     -44.      46.     337.     265.     -10.
               -36.     -32.      -6.      16.    -101.      23.           36.
 
  2024         -25.      16.     -56.       3.       2.     215.
               -70.       6.     524.     -26.     -67.    -130.           33.
 
  2025         -14.     -34.     -79.     183.     -64.    -180.
               451.      63.    -186.     694.    -107.    -157.           47.
 
  2026         -25.     -80.     -18.      24.      31.     365.
                                                                           49.
 
  AVGE          17.     -14.       7.      28.      51.      45.
                 4.      38.      21.      41.     -34.      15.

  Table Total-        4945.   Mean-        18.   Std. Dev.-       104.
                              Min -      -186.        Max -       694.
        bps_permits 42340            PAGE   8, SERIES bps_permits_addi

 D 8.B  Final unmodified SI ratios, with labels for outliers and extreme values
  From  2004.Jan to 2026.Jun
  Observations        270
 ---------------------------------------------------------------------
               Jan       Feb       Mar       Apr       May       Jun  
               Jul       Aug       Sep       Oct       Nov       Dec  
 ---------------------------------------------------------------------
  2004         87.      -59.       46.      -12.       48.       28.  
              -18.      -25.      -47.       11.       21.*      -8.  
 
  2005         23.        8.      -17.        9.       44.      -12.  
              -21.       57.        2.      331.*     -73.      -41.  
 
  2006        -16.      -16.       52.       27.       29.       60.  
              -31.       -1.      -68.*      13.      -74.      392.* 
 
  2007        -23.       49.       -7.        9.      326.*      -2.  
              -59.*     228.*      77.      -40.      -82.      -62.* 
 
  2008        -46.       40.       36.      -36.      285.*      20.  
               13.        6.       76.      -33.      -29.      -56.  
 
  2009        -34.      -26.       -4.       -5.       38.      109.  
              -14.        2.      -30.      -16.      -27.      196.* 
 
  2010        -22.      -28.       16.       -1.       -0.       81.  
               -9.      -24.      -41.      -28.       -9.       72.  
 
  2011          5.      -13.      -20.       16.       -6.      -23.* 
               22.      -15.       14.      179.*     -47.       64.  
 
  2012         -7.      -10.       -6.       -5.      -31.*       3.  
                0.       30.       46.*     -14.      -21.        2.  
 
  2013          4.        4.       48.*     -27.      -25.       20.  
              -43.       62.*     -11.        5.        5.       11.  
 
  2014        -39.      -14.        7.        4.      197.*       9.  
              -23.       49.       -1.      -17.      -26.      -44.  
 
  2015         24.      -29.       17.        6.       46.       30.  
              -18.        4.        8.       50.*     -27.      -53.  
 
  2016        -18.        7.       52.       45.       24.      -27.  
                9.      -33.*      -4.       -7.      -15.      -30.  
 
  2017         -5.       -4.       29.       38.       32.       -1.  
              -23.        7.      -54.*     -51.        2.       22.  
 
  2018         65.       11.      -21.       11.       -4.      -17.  
              -56.      221.*     -37.*     -46.      232.*      -9.  
 
  2019        140.*     -65.       19.      -12.      -23.       14.  
              -33.       33.      216.*      -9.      -37.      -21.  
 
  2020         48.       -9.        1.      -56.       23.      -42.  
                6.       63.       68.        2.      -64.      306.* 
 
  2021        -36.      -50.       22.       51.      -18.      311.* 
               24.       10.       71.      -49.      -91.      -82.  
 
  2022        325.*      20.       -5.       36.      -35.       73.  
               14.      131.*    -151.*     -70.     -106.      -67.  
 
  2023        -29.      -44.       46.      337.*     265.*     -10.  
              -36.      -32.       -6.       16.     -101.       23.  
 
  2024        -25.       16.      -56.        3.        2.      215.  
              -70.        6.      524.*     -26.      -67.     -130.  
 
  2025        -14.      -34.      -79.      183.      -64.     -180.* 
              451.*      63.     -186.*     694.*    -107.     -157.  
 
  2026        -25.      -80.      -18.       24.       31.      365.* 
                                                                      
 

  Key to symbols:
    *  : extreme value as determined by X-11 extreme value procedure
 
        bps_permits 42340            PAGE   9, SERIES bps_permits_addi

 D 9  Final replacement values for SI ratios
  From  2004.Jan to 2026.Jun
  Observations        270
 ---------------------------------------------------------------
               Jan      Feb      Mar      Apr      May      Jun 
               Jul      Aug      Sep      Oct      Nov      Dec 
 ---------------------------------------------------------------
  2004     ******** ******** ******** ******** ******** ********
           ******** ******** ******** ********     -27. ********
 
  2005     ******** ******** ******** ******** ******** ********
           ******** ******** ********      16. ******** ********
 
  2006     ******** ******** ******** ******** ******** ********
           ******** ********     -63. ******** ********      13.
 
  2007     ******** ******** ******** ********      89. ********
               -49.      37. ******** ******** ********     -60.
 
  2008     ******** ******** ******** ********      56. ********
           ******** ******** ******** ******** ******** ********
 
  2009     ******** ******** ******** ******** ******** ********
           ******** ******** ******** ******** ********      29.
 
  2010     ******** ******** ******** ******** ******** ********
           ******** ******** ******** ******** ******** ********
 
  2011     ******** ******** ******** ******** ********     -11.
           ******** ******** ********      -0. ******** ********
 
  2012     ******** ******** ******** ********     -30. ********
           ******** ********      17. ******** ******** ********
 
  2013     ******** ********      47. ******** ******** ********
           ********      44. ******** ******** ******** ********
 
  2014     ******** ******** ******** ********      25. ********
           ******** ******** ******** ******** ******** ********
 
  2015     ******** ******** ******** ******** ******** ********
           ******** ******** ********     -12. ******** ********
 
  2016     ******** ******** ******** ******** ******** ********
           ********     -29. ******** ******** ******** ********
 
  2017     ******** ******** ******** ******** ******** ********
           ******** ********     -38. ******** ******** ********
 
  2018     ******** ******** ******** ******** ******** ********
           ********      38.      21. ********      -7. ********
 
  2019         118. ******** ******** ******** ******** ********
           ******** ********      41. ******** ******** ********
 
  2020     ******** ******** ******** ******** ******** ********
           ******** ******** ******** ******** ********     -10.
 
  2021     ******** ******** ******** ******** ********      44.
           ******** ******** ******** ******** ******** ********
 
  2022          27. ******** ******** ******** ******** ********
           ********      88.      36. ******** ******** ********
 
  2023     ******** ******** ********     148.      82. ********
           ******** ******** ******** ******** ******** ********
 
  2024     ******** ******** ******** ******** ******** ********
           ******** ********      74. ******** ******** ********
 
  2025     ******** ******** ******** ******** ********     123.
                 7. ********      97.      41. ******** ********
 
  2026     ******** ******** ******** ******** ********     115.
                                                                
 

 D 9.A  Moving seasonality ratio
 ---------------------------------------------------------------
               Jan      Feb      Mar      Apr      May      Jun 
 ---------------------------------------------------------------
   I         34.233   39.732   41.300   53.861   33.642   52.533
   S          7.284    5.113    4.800    6.429    5.553   10.156
 RATIO        4.700    7.771    8.604    8.378    6.058    5.172



 ---------------------------------------------------------------
               Jul      Aug      Sep      Oct      Nov      Dec 
 ---------------------------------------------------------------
   I         30.715   41.330   41.400   27.188   21.954   43.041
   S          5.148    3.615    6.264    4.418    6.818    7.825
 RATIO        5.966   11.432    6.609    6.154    3.220    5.501



        bps_permits 42340            PAGE  10, SERIES bps_permits_addi

 D 10  Final seasonal factors
  From  2004.Jan to 2026.Jun
  Observations        270
  Seasonal filter    3 x 5 moving average
 -----------------------------------------------------------------------------
               Jan      Feb      Mar      Apr      May      Jun 
               Jul      Aug      Sep      Oct      Nov      Dec         AVGE  
 -----------------------------------------------------------------------------
  2004          23.     -12.      22.       8.      48.      21.
               -27.      14.     -19.       5.     -62.     -20.            0.
 
  2005          16.      -5.      21.       4.      49.      19.
               -25.      15.      -8.       1.     -60.     -24.            0.
 
  2006           1.       3.      17.       2.      52.      23.
               -24.      18.       5.      -6.     -59.     -26.            1.
 
  2007         -14.       6.      17.      -0.      49.      35.
               -21.      13.       8.     -13.     -52.     -18.            1.
 
  2008         -24.       7.      12.      -1.      43.      42.
               -17.       8.      11.     -19.     -46.      -4.            1.
 
  2009         -24.       1.      10.      -3.      30.      44.
                -9.       0.       9.     -22.     -37.      11.            1.
 
  2010         -18.      -5.       6.      -4.      15.      40.
                -6.       2.       5.     -18.     -29.      23.            1.
 
  2011         -14.     -11.       7.      -4.       0.      34.
                -6.       7.      -3.     -14.     -23.      26.            0.
 
  2012          -8.     -13.       8.      -3.      -3.      24.
               -10.      16.      -3.     -10.     -21.      17.           -0.
 
  2013          -7.     -11.      14.      -0.       0.      13.
               -12.      20.       2.      -9.     -20.      -3.           -1.
 
  2014          -6.     -10.      21.       5.      10.       8.
               -15.      20.      -0.     -11.     -18.     -16.           -1.
 
  2015          -3.      -7.      24.      13.      18.       5.
               -19.      16.      -3.     -17.     -15.     -22.           -1.
 
  2016          12.     -10.      22.      17.      21.       2.
               -22.      12.      -3.     -23.     -15.     -20.           -0.
 
  2017          29.     -11.      18.      14.      17.      -5.
               -22.      15.       6.     -25.     -18.     -16.            0.
 
  2018          39.     -17.      15.       9.       9.      -5.
               -20.      21.      19.     -26.     -26.     -15.            0.
 
  2019          42.     -18.       9.       4.      -0.      -0.
               -14.      34.      34.     -28.     -41.     -22.           -0.
 
  2020          36.     -25.       9.      13.      -2.      10.
                -9.      38.      42.     -28.     -60.     -30.           -0.
 
  2021          21.     -22.       6.      24.       1.      29.
                -7.      37.      49.     -26.     -75.     -42.           -0.
 
  2022           1.     -22.       0.      50.       2.      53.
                -9.      30.      50.     -20.     -85.     -56.           -0.
 
  2023         -11.     -20.     -13.      65.       1.      82.
               -12.      27.      50.     -16.     -86.     -69.            0.
 
  2024         -17.     -25.     -20.      78.       2.      94.
               -15.      21.      48.      -5.     -80.     -74.            1.
 
  2025         -18.     -27.     -28.      68.       3.     105.
               -16.      19.      49.       3.     -71.     -76.            1.
 
  2026         -20.     -31.     -32.      63.       1.     105.
                                                                           14.
 
  AVGE           2.     -12.       7.      19.      16.      34.
               -15.      18.      16.     -15.     -45.     -21.

  Table Total-         107.   Mean-         0.   Std. Dev.-        30.
                              Min -       -86.        Max -       105.

 D 10.A  Final seasonal component forecasts
  From  2026.Jul to 2027.Jun
  Observations         12
 -----------------------------------------------------------------------------
               Jan      Feb      Mar      Apr      May      Jun 
               Jul      Aug      Sep      Oct      Nov      Dec         AVGE  
 -----------------------------------------------------------------------------
  2026                                                          
               -15.      18.      54.       8.     -66.     -81.          -14.
 
  2027         -18.     -32.     -36.      61.      -4.     108.
                                                                           13.
 
        bps_permits 42340            PAGE  11, SERIES bps_permits_addi
  
 D 11  Final seasonally adjusted data
       (also adjusted for trading day)
  From  2004.Jan to 2026.Jun
  Observations        270
 -----------------------------------------------------------------------------
               Jan      Feb      Mar      Apr      May      Jun 
               Jul      Aug      Sep      Oct      Nov      Dec        TOTAL  
 -----------------------------------------------------------------------------
  2004         300.     183.     249.     200.     216.     220.
               221.     172.     186.     222.     302.     235.         2705.
 
  2005         235.     247.     201.     250.     245.     224.
               264.     305.     276.     599.     257.     253.         3356.
 
  2006         253.     249.     302.     291.     242.     303.
               261.     253.     204.     300.     271.     708.         3639.
 
  2007         284.     336.     266.     293.     551.     223.
               206.     444.     281.     171.     154.     129.         3340.
 
  2008         142.     191.     177.     114.     388.     122.
               168.     132.     190.     102.     125.      48.         1899.
 
  2009          84.      64.      74.      86.      97.     157.
                90.      99.      60.     104.     109.     282.         1306.
 
  2010          91.      70.     101.      92.      73.     128.
                83.      62.      44.      84.     115.     147.         1090.
 
  2011         118.      98.      73.     120.      93.      41.
               125.      74.     113.     288.      71.     134.         1348.
 
  2012          97.     101.      87.     103.      82.      96.
               134.     145.     187.     139.     148.     134.         1454.
 
  2013         161.     163.     181.     117.     116.     146.
               105.     176.     120.     146.     157.     145.         1733.
 
  2014         100.     129.     121.     134.     324.     140.
               133.     173.     145.     143.     144.     127.         1810.
 
  2015         186.     142.     161.     165.     202.     201.
               178.     165.     188.     242.     161.     140.         2131.
 
  2016         139.     182.     194.     189.     162.     127.
               185.     106.     148.     164.     150.     143.         1888.
 
  2017         124.     170.     179.     196.     193.     187.
               186.     182.     133.     168.     215.     234.         2167.
 
  2018         221.     222.     157.     193.     178.     179.
               158.     397.     145.     186.     469.     221.         2726.
 
  2019         317.     173.     231.     203.     194.     229.
               193.     208.     387.     221.     202.     196.         2755.
 
  2020         205.     207.     184.     125.     224.     152.
               226.     243.     250.     260.     231.     575.         2882.
 
  2021         185.     215.     260.     270.     223.     523.
               271.     211.     260.     213.     220.     198.         3048.
 
  2022         564.     286.     243.     238.     217.     273.
               275.     353.      49.     200.     230.     238.         3167.
 
  2023         231.     221.     299.     508.     498.     140.
               208.     173.     178.     271.     230.     344.         3301.
 
  2024         253.     310.     239.     205.     284.     407.
               238.     285.     786.     302.     350.     295.         3955.
 
  2025         373.     379.     351.     530.     357.     143.
               891.     459.     165.    1073.     328.     266.         5316.
 
  2026         327.     274.     333.     281.     359.     603.
                                                                         2179.
 
  AVGE         217.     201.     203.     213.     240.     216.
               218.     219.     204.     255.     211.     236.

  Table Total-       59195.   Mean-       219.   Std. Dev.-       130.
                              Min -        41.        Max -      1073.
        bps_permits 42340            PAGE  12, SERIES bps_permits_addi

 D 12  Final trend cycle
  From  2004.Jan to 2026.Jun
  Observations        270
  Trend filter    23-term Henderson moving average
  I/C ratio        4.74
 -----------------------------------------------------------------------------
               Jan      Feb      Mar      Apr      May      Jun 
               Jul      Aug      Sep      Oct      Nov      Dec        TOTAL  
 -----------------------------------------------------------------------------
  2004         233.     228.     223.     219.     215.     212.
               211.     212.     213.     216.     220.     224.         2626.
 
  2005         229.     234.     239.     245.     250.     255.
               259.     262.     266.     269.     271.     272.         3049.
 
  2006         271.     270.     268.     266.     266.     266.
               268.     271.     275.     280.     285.     289.         3274.
 
  2007         293.     294.     292.     286.     276.     262.
               246.     229.     212.     197.     182.     171.         2941.
 
  2008         162.     156.     152.     151.     149.     146.
               142.     135.     126.     116.     106.      98.         1639.
 
  2009          92.      88.      87.      88.      90.      94.
                97.      99.     100.     100.      99.      97.         1130.
 
  2010          95.      92.      90.      88.      86.      86.
                86.      88.      91.      94.      97.      99.         1092.
 
  2011         101.     101.     101.     100.      98.      97.
                96.      96.      96.      97.      97.      98.         1176.
 
  2012          98.      99.     101.     104.     108.     115.
               122.     130.     138.     144.     149.     151.         1458.
 
  2013         150.     148.     146.     143.     140.     138.
               136.     134.     133.     132.     132.     132.         1664.
 
  2014         133.     133.     134.     135.     137.     139.
               141.     143.     145.     148.     151.     154.         1694.
 
  2015         158.     163.     168.     173.     177.     178.
               179.     178.     176.     173.     171.     169.         2063.
 
  2016         167.     166.     164.     163.     160.     157.
               153.     150.     148.     147.     149.     153.         1878.
 
  2017         158.     164.     169.     173.     178.     182.
               186.     189.     192.     195.     196.     197.         2179.
 
  2018         196.     195.     193.     191.     189.     189.
               191.     196.     201.     208.     214.     218.         2381.
 
  2019         220.     221.     219.     217.     215.     213.
               211.     209.     207.     204.     201.     197.         2533.
 
  2020         193.     190.     190.     193.     197.     204.
               211.     219.     226.     232.     236.     240.         2530.
 
  2021         242.     243.     243.     242.     241.     240.
               240.     239.     238.     236.     236.     237.         2877.
 
  2022         240.     245.     249.     252.     254.     254.
               252.     250.     249.     249.     249.     250.         2993.
 
  2023         250.     248.     244.     240.     236.     233.
               231.     230.     231.     235.     242.     250.         2869.
 
  2024         260.     269.     277.     283.     286.     290.
               294.     301.     309.     320.     333.     348.         3572.
 
  2025         365.     383.     401.     417.     428.     432.
               429.     419.     402.     382.     361.     342.         4763.
 
  2026         327.     318.     315.     320.     331.     348.
                                                                         1958.
 
  AVGE         201.     202.     203.     204.     205.     206.
               199.     199.     199.     199.     199.     199.

  Table Total-       54340.   Mean-       201.   Std. Dev.-        77.
                              Min -        86.        Max -       432.
        bps_permits 42340            PAGE  13, SERIES bps_permits_addi

 D 13  Final irregular component
  From  2004.Jan to 2026.Jun
  Observations        270
 -----------------------------------------------------------------------------
               Jan      Feb      Mar      Apr      May      Jun 
               Jul      Aug      Sep      Oct      Nov      Dec         S.D.  
 -----------------------------------------------------------------------------
  2004          67.     -45.      26.     -19.       1.       7.
                10.     -39.     -28.       6.      82.      11.           38.
 
  2005           7.      13.     -38.       5.      -5.     -31.
                 5.      42.      10.     331.     -13.     -18.           98.
 
  2006         -18.     -21.      34.      24.     -23.      37.
                -6.     -18.     -71.      21.     -14.     419.          124.
 
  2007          -8.      42.     -26.       7.     275.     -39.
               -40.     215.      69.     -26.     -28.     -42.          106.
 
  2008         -20.      35.      24.     -36.     240.     -24.
                27.      -3.      64.     -14.      19.     -51.           76.
 
  2009          -8.     -25.     -13.      -2.       7.      64.
                -7.      -0.     -40.       5.      10.     185.           58.
 
  2010          -4.     -22.      11.       4.     -14.      42.
                -3.     -26.     -46.     -10.      18.      48.           26.
 
  2011          17.      -3.     -27.      20.      -5.     -55.
                30.     -22.      17.     191.     -26.      36.           61.
 
  2012          -0.       2.     -14.      -1.     -26.     -19.
                12.      15.      49.      -5.      -1.     -17.           19.
 
  2013          10.      15.      35.     -26.     -24.       8.
               -31.      42.     -13.      14.      25.      13.           24.
 
  2014         -33.      -4.     -14.      -2.     186.       0.
                -8.      29.      -1.      -5.      -7.     -27.           56.
 
  2015          28.     -21.      -7.      -8.      26.      23.
                -1.     -12.      12.      69.     -10.     -29.           27.
 
  2016         -29.      16.      29.      26.       2.     -30.
                31.     -44.       0.      17.       1.     -10.           24.
 
  2017         -34.       6.      10.      23.      16.       5.
                 0.      -7.     -60.     -26.      19.      37.           26.
 
  2018          24.      27.     -36.       3.     -11.     -10.
               -34.     202.     -56.     -22.     256.       3.           97.
 
  2019          96.     -48.      11.     -14.     -20.      16.
               -17.      -1.     180.      17.       2.      -0.           62.
 
  2020          13.      17.      -6.     -68.      27.     -51.
                15.      24.      24.      28.      -6.     335.          101.
 
  2021         -57.     -28.      18.      28.     -18.     282.
                31.     -28.      22.     -23.     -16.     -40.           86.
 
  2022         324.      42.      -6.     -14.     -38.      19.
                23.     103.    -200.     -48.     -20.     -12.          116.
 
  2023         -19.     -27.      56.     269.     262.     -93.
               -23.     -57.     -53.      35.     -12.      94.          119.
 
  2024          -7.      40.     -38.     -77.      -3.     118.
               -56.     -16.     476.     -18.      17.     -53.          146.
 
  2025           8.      -5.     -50.     113.     -71.    -289.
               461.      40.    -237.     691.     -33.     -77.          268.
 
  2026           0.     -43.      18.     -38.      29.     256.
                                                                          108.
 
  S.D.          75.      28.      27.      67.     104.     108.
               101.      72.     133.     170.      60.     127.

  Table Total-        4855.   Mean-        18.   Std. Dev.-        98.
                              Min -      -289.        Max -       691.
        bps_permits 42340            PAGE  14, SERIES bps_permits_addi
  
 D 16  Combined adjustment factors
       (includes seasonal, trading day factors)
  From  2004.Jan to 2026.Jun
  Observations        270
 -----------------------------------------------------------------------------
               Jan      Feb      Mar      Apr      May      Jun 
               Jul      Aug      Sep      Oct      Nov      Dec         AVGE  
 -----------------------------------------------------------------------------
  2004          21.     -36.      38.      19.      26.      32.
               -30.      12.      -9.     -16.     -51.      -4.            0.
 
  2005          -5.      -2.      37.      -4.      47.      30.
               -47.      31.       3.     -20.     -49.     -26.           -0.
 
  2006          -1.       7.      33.     -25.      68.      34.
               -45.      34.      -3.      -8.     -48.     -47.           -0.
 
  2007           2.      10.      15.      -8.      65.      27.
               -23.      29.     -18.       3.     -41.     -39.            2.
 
  2008          -8.       1.     -10.      10.      41.      34.
                -0.     -14.      22.      -3.     -73.      12.            1.
 
  2009         -26.       4.       7.       8.       9.      55.
                 7.     -21.      20.     -24.     -45.      27.            2.
 
  2010         -39.      -1.      22.       7.      -7.      50.
                -8.      -1.      16.     -40.     -18.      39.            2.
 
  2011         -35.      -7.      24.     -12.      -2.      45.
               -27.      23.       8.     -35.     -12.      23.           -1.
 
  2012         -10.     -18.       6.     -11.      13.      16.
               -13.      32.     -30.       6.     -11.      -4.           -2.
 
  2013           9.      -7.      -8.      10.      16.     -14.
                 4.      18.      -6.       7.     -28.      -5.           -0.
 
  2014          10.      -6.      -1.      16.       7.       0.
                 1.      -2.      10.       5.     -45.       0.           -0.
 
  2015          -6.      -4.      21.      24.      -3.      16.
                -3.      -5.       7.     -20.     -23.      -6.           -0.
 
  2016         -10.     -15.      38.       9.      18.      13.
               -44.      28.       8.     -44.      -4.     -22.           -2.
 
  2017          26.      -7.      34.     -12.      33.       5.
               -44.      31.      -2.     -27.      -7.     -38.           -1.
 
  2018          55.     -13.      12.       1.      25.     -13.
               -23.      37.      -8.     -10.     -15.     -36.            1.
 
  2019          58.     -14.     -13.      15.      16.     -27.
                 2.      31.      26.     -12.     -49.     -25.            1.
 
  2020          52.     -49.       6.      24.     -23.      21.
                 7.      16.      53.     -31.     -68.     -14.           -0.
 
  2021           0.     -18.      22.      34.     -21.      39.
               -10.      35.      59.     -47.     -64.     -26.            0.
 
  2022         -20.     -18.      16.      42.      -1.      64.
               -30.      46.      61.     -41.     -75.     -58.           -1.
 
  2023         -14.     -16.       4.      39.      17.      93.
               -34.      43.      42.     -19.     -75.     -90.           -1.
 
  2024          -1.     -31.     -41.      89.      18.      68.
                 1.      18.      40.      11.     -88.     -76.            1.
 
  2025          -2.     -24.     -49.      79.       1.      97.
                 0.      -3.      60.      19.     -98.     -60.            2.
 
  2026         -22.     -27.     -35.      74.     -20.     116.
                                                                           14.
 
  AVGE           1.     -13.       8.      19.      15.      35.
               -16.      19.      16.     -16.     -45.     -22.

  Table Total-          98.   Mean-         0.   Std. Dev.-        33.
                              Min -       -98.        Max -       116.

 D 16.A  Combined adjustment component forecasts
  From  2026.Jul to 2027.Jun
  Observations         12
 -----------------------------------------------------------------------------
               Jan      Feb      Mar      Apr      May      Jun 
               Jul      Aug      Sep      Oct      Nov      Dec         AVGE  
 -----------------------------------------------------------------------------
  2026                                                          
                 1.      -4.      65.       6.     -74.     -65.          -12.
 
  2027         -39.     -29.     -20.      72.     -25.     119.
                                                                           13.
 
        bps_permits 42340            PAGE  15, SERIES bps_permits_addi
  
 D 18  Combined calendar adjustment factors
       (includes trading day factors)
  From  2004.Jan to 2026.Jun
  Observations        270
 -----------------------------------------------------------------------------
               Jan      Feb      Mar      Apr      May      Jun 
               Jul      Aug      Sep      Oct      Nov      Dec         AVGE  
 -----------------------------------------------------------------------------
  2004          -3.     -24.      16.      11.     -21.      11.
                -3.      -3.      11.     -21.      11.      16.           -0.
 
  2005         -21.       4.      16.      -8.      -3.      11.
               -21.      16.      11.     -21.      11.      -3.           -1.
 
  2006          -3.       4.      16.     -27.      16.      11.
               -21.      16.      -8.      -3.      11.     -21.           -1.
 
  2007          16.       4.      -3.      -8.      16.      -8.
                -3.      16.     -27.      16.      11.     -21.            1.
 
  2008          16.      -6.     -21.      11.      -3.      -8.
                16.     -21.      11.      16.     -27.      16.           -0.
 
  2009          -3.       4.      -3.      11.     -21.      11.
                16.     -21.      11.      -3.      -8.      16.            1.
 
  2010         -21.       4.      16.      11.     -21.      11.
                -3.      -3.      11.     -21.      11.      16.            1.
 
  2011         -21.       4.      16.      -8.      -3.      11.
               -21.      16.      11.     -21.      11.      -3.           -1.
 
  2012          -3.      -6.      -3.      -8.      16.      -8.
                -3.      16.     -27.      16.      11.     -21.           -2.
 
  2013          16.       4.     -21.      11.      16.     -27.
                16.      -3.      -8.      16.      -8.      -3.            1.
 
  2014          16.       4.     -21.      11.      -3.      -8.
                16.     -21.      11.      16.     -27.      16.            1.
 
  2015          -3.       4.      -3.      11.     -21.      11.
                16.     -21.      11.      -3.      -8.      16.            1.
 
  2016         -21.      -6.      16.      -8.      -3.      11.
               -21.      16.      11.     -21.      11.      -3.           -2.
 
  2017          -3.       4.      16.     -27.      16.      11.
               -21.      16.      -8.      -3.      11.     -21.           -1.
 
  2018          16.       4.      -3.      -8.      16.      -8.
                -3.      16.     -27.      16.      11.     -21.            1.
 
  2019          16.       4.     -21.      11.      16.     -27.
                16.      -3.      -8.      16.      -8.      -3.            1.
 
  2020          16.     -24.      -3.      11.     -21.      11.
                16.     -21.      11.      -3.      -8.      16.           -0.
 
  2021         -21.       4.      16.      11.     -21.      11.
                -3.      -3.      11.     -21.      11.      16.            1.
 
  2022         -21.       4.      16.      -8.      -3.      11.
               -21.      16.      11.     -21.      11.      -3.           -1.
 
  2023          -3.       4.      16.     -27.      16.      11.
               -21.      16.      -8.      -3.      11.     -21.           -1.
 
  2024          16.      -6.     -21.      11.      16.     -27.
                16.      -3.      -8.      16.      -8.      -3.           -0.
 
  2025          16.       4.     -21.      11.      -3.      -8.
                16.     -21.      11.      16.     -27.      16.            1.
 
  2026          -3.       4.      -3.      11.     -21.      11.
                                                                           -0.
 
  AVGE          -0.      -0.       1.       0.      -1.       1.
                -1.       1.       0.      -1.       0.      -0.

  Table Total-          -9.   Mean-        -0.   Std. Dev.-        14.
                              Min -       -27.        Max -        16.

 D 18.A  Combined calendar adjustment component forecasts
  From  2026.Jul to 2027.Jun
  Observations         12
 -----------------------------------------------------------------------------
               Jan      Feb      Mar      Apr      May      Jun 
               Jul      Aug      Sep      Oct      Nov      Dec         AVGE  
 -----------------------------------------------------------------------------
  2026                                                          
                16.     -21.      11.      -3.      -8.      16.            2.
 
  2027         -21.       4.      16.      11.     -21.      11.
                                                                           -0.
 
        bps_permits 42340            PAGE  16, SERIES bps_permits_addi

 E 4  Differences of annual totals
  From          2004 to 2025
  Observations         22
 -----------------------------------
  Year       Unmodified     Modified
                  (D11)         (E2)
 -----------------------------------
  2004               3.           3.
 
  2005              -5.          -5.
 
  2006              -3.          -3.
 
  2007              20.          20.
 
  2008              12.          12.
 
  2009              21.          21.
 
  2010              20.          20.
 
  2011              -7.          -7.
 
  2012             -25.         -25.
 
  2013              -4.          -4.
 
  2014              -2.          -2.
 
  2015              -2.          -2.
 
  2016             -24.         -24.
 
  2017              -8.          -8.
 
  2018              12.          12.
 
  2019               7.           7.
 
  2020              -6.          -6.
 
  2021               4.           4.
 
  2022             -15.         -15.
 
  2023             -10.         -10.
 
  2024               7.           7.
 
  2025              19.          19.
 
        bps_permits 42340            PAGE  17, SERIES bps_permits_addi

 E 5  Month-to-month differences in the original series
  From  2004.Feb to 2026.Jun
  Observations        269
 -----------------------------------------------------------------------------
               Jan      Feb      Mar      Apr      May      Jun 
               Jul      Aug      Sep      Oct      Nov      Dec         AVGE  
 -----------------------------------------------------------------------------
  2004                 -174.     140.     -68.      23.      10.
               -61.      -7.      -7.      29.      45.     -20.           -8.
 
  2005          -1.      15.      -7.       8.      46.     -38.
               -37.     119.     -57.     300.    -371.      19.           -0.
 
  2006          25.       4.      79.     -69.      44.      27.
              -121.      71.     -86.      91.     -69.     438.           36.
 
  2007        -375.      60.     -65.       4.     331.    -366.
               -67.     290.    -210.     -89.     -61.     -23.          -48.
 
  2008          44.      58.     -25.     -43.     305.    -273.
                12.     -50.      94.    -113.     -47.       8.           -2.
 
  2009          -2.      10.      13.      13.      12.     106.
              -115.     -19.       2.       0.     -16.     245.           21.
 
  2010        -257.      17.      54.     -24.     -33.     112.
              -103.     -14.      -1.     -16.      53.      89.          -10.
 
  2011        -103.       8.       6.      11.     -17.      -5.
                12.      -1.      24.     132.    -194.      98.           -2.
 
  2012         -70.      -4.      10.      -1.       3.      17.
                 9.      56.     -20.     -12.      -8.      -7.           -2.
 
  2013          40.     -14.      17.     -46.       5.       0.
               -23.      85.     -80.      39.     -24.      11.            1.
 
  2014         -30.      13.      -3.      30.     181.    -191.
                -6.      37.     -16.      -7.     -49.      28.           -1.
 
  2015          53.     -42.      44.       7.      10.      18.
               -42.     -15.      35.      27.     -84.      -4.            1.
 
  2016          -5.      38.      65.     -34.     -18.     -40.
                 1.      -7.      22.     -36.      26.     -25.           -1.
 
  2017          29.      13.      50.     -29.      42.     -34.
               -50.      71.     -82.      10.      67.     -12.            6.
 
  2018          80.     -67.     -40.      25.       9.     -37.
               -31.     299.    -297.      39.     278.    -269.           -1.
 
  2019         190.    -216.      59.       0.      -8.      -8.
                -7.      44.     174.    -204.     -56.      18.           -1.
 
  2020          86.     -99.      32.     -41.      52.     -28.
                60.      26.      44.     -74.     -66.     398.           33.
 
  2021        -376.      12.      85.      22.    -102.     360.
              -301.     -15.      73.    -153.     -10.      16.          -32.
 
  2022         372.    -276.      -9.      21.     -64.     121.
               -92.     154.    -289.      49.      -4.      25.            1.
 
  2023          37.     -12.      98.     244.     -32.    -282.
               -59.      42.       4.      32.     -97.      99.            6.
 
  2024          -2.      27.     -81.      96.       8.     173.
              -236.      64.     523.    -513.     -51.     -43.           -3.
 
  2025         152.     -16.     -53.     307.    -251.    -118.
               651.    -435.    -231.     867.    -862.     -24.           -1.
 
  2026          99.     -58.      51.      57.     -16.     380.
                                                                           86.
 
  AVGE          -1.     -31.      23.      21.      23.      -4.
               -28.      36.     -17.      18.     -73.      48.

  Table Total-         398.   Mean-         1.   Std. Dev.-       156.
                              Min -      -862.        Max -       867.
        bps_permits 42340            PAGE  18, SERIES bps_permits_addi

 E 6  Month-to-month differences in seasonally adjusted series (D11)
  From  2004.Feb to 2026.Jun
  Observations        269
 -----------------------------------------------------------------------------
               Jan      Feb      Mar      Apr      May      Jun 
               Jul      Aug      Sep      Oct      Nov      Dec         AVGE  
 -----------------------------------------------------------------------------
  2004                 -117.      66.     -49.      16.       4.
                 1.     -48.      13.      36.      80.     -67.           -6.
 
  2005           1.      11.     -45.      48.      -4.     -21.
                40.      41.     -29.     323.    -342.      -4.            2.
 
  2006          -0.      -5.      53.     -11.     -48.      60.
               -42.      -8.     -49.      96.     -29.     437.           38.
 
  2007        -424.      52.     -70.      27.     258.    -328.
               -17.     238.    -163.    -110.     -16.     -25.          -48.
 
  2008          13.      50.     -14.     -62.     274.    -266.
                47.     -37.      58.     -88.      23.     -77.           -7.
 
  2009          37.     -21.      10.      12.      11.      60.
               -67.       9.     -39.      44.       4.     173.           19.
 
  2010        -191.     -21.      31.      -9.     -19.      55.
               -44.     -21.     -18.      39.      31.      32.          -11.
 
  2011         -29.     -20.     -24.      46.     -26.     -52.
                84.     -52.      39.     175.    -217.      63.           -1.
 
  2012         -36.       4.     -14.      16.     -20.      14.
                38.      11.      41.     -48.       9.     -13.            0.
 
  2013          27.       2.      17.     -64.      -1.      30.
               -41.      72.     -56.      26.      11.     -12.            1.
 
  2014         -46.      29.      -8.      13.     190.    -184.
                -7.      40.     -28.      -2.       1.     -17.           -2.
 
  2015          59.     -44.      19.       4.      37.      -1.
               -24.     -12.      22.      54.     -81.     -21.            1.
 
  2016          -1.      43.      11.      -5.     -26.     -35.
                57.     -79.      42.      16.     -15.      -7.            0.
 
  2017         -19.      46.      10.      17.      -3.      -7.
                -1.      -4.     -49.      36.      47.      18.            8.
 
  2018         -13.       1.     -65.      36.     -15.       1.
               -21.     239.    -252.      41.     284.    -248.           -1.
 
  2019          96.    -144.      57.     -28.      -9.      35.
               -36.      14.     180.    -166.     -19.      -6.           -2.
 
  2020           9.       2.     -23.     -59.     100.     -72.
                74.      17.       8.      10.     -29.     345.           32.
 
  2021        -390.      30.      45.      10.     -47.     300.
              -252.     -60.      49.     -47.       7.     -23.          -31.
 
  2022         367.    -278.     -43.      -5.     -22.      56.
                 2.      78.    -304.     151.      30.       9.            3.
 
  2023          -7.     -10.      79.     209.     -11.    -357.
                67.     -35.       5.      93.     -40.     114.            9.
 
  2024         -91.      56.     -70.     -34.      78.     124.
              -170.      47.     501.    -484.      48.     -55.           -4.
 
  2025          78.       6.     -28.     179.    -173.    -214.
               747.    -432.    -293.     908.    -745.     -62.           -2.
 
  2026          62.     -53.      59.     -52.      78.     244.
                                                                           56.
 
  AVGE         -23.     -17.       2.      10.      27.     -24.
                20.       1.     -15.      50.     -44.      25.

  Table Total-         303.   Mean-         1.   Std. Dev.-       147.
                              Min -      -745.        Max -       908.
        bps_permits 42340            PAGE  19, SERIES bps_permits_addi

 E 7  Month-to-month differences in final trend cycle (D12)
  From  2004.Feb to 2026.Jun
  Observations        269
 -----------------------------------------------------------------------------
               Jan      Feb      Mar      Apr      May      Jun 
               Jul      Aug      Sep      Oct      Nov      Dec         AVGE  
 -----------------------------------------------------------------------------
  2004                   -5.      -5.      -4.      -4.      -3.
                -1.       1.       2.       3.       4.       4.           -1.
 
  2005           5.       5.       6.       6.       5.       5.
                 4.       4.       3.       3.       2.       1.            4.
 
  2006          -0.      -1.      -2.      -2.      -1.       0.
                 2.       3.       4.       5.       5.       4.            1.
 
  2007           4.       2.      -2.      -6.     -10.     -14.
               -16.     -17.     -17.     -16.     -14.     -12.          -10.
 
  2008          -9.      -6.      -3.      -2.      -2.      -3.
                -4.      -7.      -9.     -10.      -9.      -8.           -6.
 
  2009          -6.      -4.      -2.       1.       3.       3.
                 3.       2.       1.      -0.      -1.      -2.           -0.
 
  2010          -2.      -3.      -3.      -2.      -1.      -1.
                 0.       2.       3.       3.       3.       2.            0.
 
  2011           1.       0.      -0.      -1.      -2.      -1.
                -1.      -0.       1.       1.       1.       0.           -0.
 
  2012           0.       1.       2.       3.       5.       6.
                 7.       8.       8.       6.       4.       2.            4.
 
  2013          -0.      -2.      -3.      -3.      -3.      -2.
                -2.      -1.      -1.      -1.      -0.       0.           -2.
 
  2014           1.       1.       1.       1.       2.       2.
                 2.       2.       2.       2.       3.       3.            2.
 
  2015           4.       5.       5.       5.       3.       2.
                 0.      -1.      -2.      -2.      -2.      -2.            1.
 
  2016          -2.      -2.      -1.      -2.      -3.      -3.
                -4.      -3.      -2.      -0.       2.       4.           -1.
 
  2017           5.       6.       5.       5.       4.       4.
                 4.       4.       3.       2.       1.       1.            4.
 
  2018          -0.      -2.      -2.      -2.      -1.       0.
                 2.       4.       6.       7.       6.       4.            2.
 
  2019           2.       0.      -1.      -2.      -2.      -2.
                -2.      -2.      -2.      -3.      -4.      -4.           -2.
 
  2020          -4.      -3.      -0.       2.       5.       6.
                 7.       8.       7.       6.       5.       3.            4.
 
  2021           2.       1.      -0.      -1.      -1.      -1.
                -1.      -1.      -1.      -1.      -0.       1.           -0.
 
  2022           3.       4.       4.       4.       2.      -1.
                -2.      -2.      -1.       0.       1.       1.            1.
 
  2023          -0.      -2.      -4.      -4.      -4.      -3.
                -2.      -1.       1.       4.       7.       9.            0.
 
  2024          10.       9.       8.       6.       4.       3.
                 4.       6.       9.      11.      13.      15.            8.
 
  2025          17.      18.      18.      16.      11.       4.
                -3.     -10.     -16.     -20.     -21.     -19.           -1.
 
  2026         -15.     -10.      -3.       5.      11.      17.
                                                                            1.
 
  AVGE           1.       1.       1.       1.       1.       1.
                -0.      -0.      -0.      -0.       0.       0.

  Table Total-         114.   Mean-         0.   Std. Dev.-         6.
                              Min -       -21.        Max -        18.
        bps_permits 42340            PAGE  20, SERIES bps_permits_addi

 E 8  Month-to-month differences in original series adjusted for calendar factors (A18)
  From  2004.Feb to 2026.Jun
  Observations        269
 -----------------------------------------------------------------------------
               Jan      Feb      Mar      Apr      May      Jun 
               Jul      Aug      Sep      Oct      Nov      Dec         AVGE  
 -----------------------------------------------------------------------------
  2004                 -152.     100.     -63.      55.     -22.
               -48.      -7.     -20.      61.      13.     -25.          -10.
 
  2005          36.     -10.     -19.      32.      41.     -51.
                -5.      82.     -52.     332.    -403.      32.            1.
 
  2006          25.      -2.      67.     -26.       1.      32.
               -89.      34.     -62.      86.     -82.     470.           38.
 
  2007        -412.      72.     -59.       9.     307.    -342.
               -72.     271.    -167.    -132.     -56.       9.          -48.
 
  2008           7.      80.      -9.     -75.     318.    -268.
               -12.     -13.      62.    -118.      -4.     -35.           -6.
 
  2009          17.       4.      19.      -0.      44.      74.
              -120.      18.     -30.      13.     -11.     221.           21.
 
  2010        -220.      -8.      42.     -19.      -1.      80.
               -90.     -14.     -14.      16.      21.      84.          -10.
 
  2011         -66.     -17.      -6.      35.     -22.     -18.
                44.     -38.      29.     164.    -226.     111.           -1.
 
  2012         -70.      -1.       7.       4.     -21.      41.
                 4.      37.      23.     -55.      -3.      25.           -1.
 
  2013           3.      -2.      42.     -78.      -0.      43.
               -66.     104.     -75.      15.       0.       6.           -1.
 
  2014         -49.      25.      22.      -2.     194.    -186.
               -30.      74.     -48.     -12.      -6.     -15.           -3.
 
  2015          72.     -48.      50.      -6.      42.     -14.
               -47.      22.       3.      40.     -79.     -28.            1.
 
  2016          32.      22.      43.     -10.     -23.     -53.
                33.     -44.      27.      -4.      -6.     -12.            0.
 
  2017          29.       7.      38.      14.      -1.     -29.
               -18.      34.     -58.       5.      54.      20.            8.
 
  2018          43.     -55.     -34.      30.     -15.     -13.
               -36.     280.    -254.      -4.     283.    -237.           -1.
 
  2019         153.    -204.      84.     -32.     -13.      35.
               -50.      63.     179.    -228.     -32.      13.           -3.
 
  2020          67.     -59.      10.     -54.      84.     -60.
                55.      63.      12.     -61.     -61.     374.           31.
 
  2021        -339.     -13.      73.      27.     -70.     328.
              -288.     -15.      60.    -121.     -42.      11.          -32.
 
  2022         409.    -301.     -21.      45.     -69.     108.
               -60.     117.    -284.      81.     -36.      38.            2.
 
  2023          37.     -18.      86.     287.     -75.    -277.
               -27.       5.      28.      27.    -110.     131.            8.
 
  2024         -39.      49.     -65.      64.       3.     216.
              -279.      83.     528.    -537.     -27.     -48.           -4.
 
  2025         133.      -4.     -28.     275.    -238.    -113.
               627.    -398.    -263.     862.    -819.     -67.           -3.
 
  2026         118.     -64.      57.      44.      16.     348.
                                                                           86.
 
  AVGE          -1.     -30.      22.      22.      24.      -6.
               -26.      34.     -17.      20.     -74.      49.

  Table Total-         385.   Mean-         1.   Std. Dev.-       154.
                              Min -      -819.        Max -       862.
        bps_permits 42340            PAGE  21, SERIES bps_permits_addi

 E 18  Final adjustment ratios
  From  2004.Jan to 2026.Jun
  Observations        270
 -----------------------------------------------------------------------------
               Jan      Feb      Mar      Apr      May      Jun 
               Jul      Aug      Sep      Oct      Nov      Dec         AVGE  
 -----------------------------------------------------------------------------
  2004      106.857   80.350  115.266  109.530  112.161  114.602
             86.503  106.740   95.301   92.839   83.124   98.462       100.145
 
  2005       97.783   99.332  118.237   98.561  119.086  113.457
             82.245  110.281  101.064   96.616   80.835   89.553       100.588
 
  2006       99.449  102.861  110.810   91.464  127.864  111.262
             82.672  113.361   98.441   97.227   82.315   93.357       100.924
 
  2007      100.629  102.940  105.471   97.168  111.787  112.196
             88.728  106.497   93.515  101.903   73.182   69.797        96.984
 
  2008       94.680  100.495   94.507  108.567  110.461  127.926
             99.713   89.558  111.654   97.026   41.596  125.495       100.140
 
  2009       68.662  107.001  109.639  109.408  109.330  134.749
            107.693   78.744  133.518   76.761   58.969  109.691       100.347
 
  2010       57.186   98.068  121.781  107.566   90.672  139.450
             89.908   98.409  134.984   52.530   84.336  126.517       100.117
 
  2011       70.388   92.866  131.988   90.352   97.527  207.390
             78.124  131.702  107.046   87.775   83.273  117.563       107.999
 
  2012       89.330   82.021  106.634   89.533  115.215  116.563
             90.427  121.880   84.160  104.388   92.745   96.850        99.146
 
  2013      105.691   95.576   95.742  108.979  114.172   90.580
            104.214  110.095   94.672  104.786   81.968   96.291       100.231
 
  2014      110.146   95.359   99.573  112.024  102.249  100.239
            100.868   98.972  107.253  103.536   68.915  100.025        99.930
 
  2015       96.780   97.393  113.028  114.466   98.398  107.701
             98.559   96.751  103.855   91.672   85.764   95.799       100.014
 
  2016       92.929   91.685  119.838  105.025  111.013  110.103
             76.390  126.839  105.330   72.990   97.405   84.446        99.499
 
  2017      120.836   95.944  118.700   93.664  116.975  102.934
             76.480  117.032   98.798   83.680   96.543   83.912       100.458
 
  2018      125.139   94.170  107.730  100.414  113.950   92.650
             85.577  109.272   94.387   94.747   96.730   83.567        99.861
 
  2019      118.301   91.769   94.471  107.266  108.021   88.229
            100.915  115.089  106.660   94.385   75.674   87.196        98.998
 
  2020      125.136   76.367  103.237  119.361   89.576  113.633
            103.131  106.800  121.153   88.193   70.693   97.551       101.236
 
  2021      100.001   91.662  108.391  112.709   90.752  107.539
             96.301  116.471  122.806   77.876   70.759   87.072        98.528
 
  2022       96.379   93.658  106.641  117.533   99.756  123.453
             89.029  113.107  224.779   79.399   67.457   75.475       107.222
 
  2023       93.901   92.779  101.177  107.618  103.504  166.009
             83.849  125.086  123.725   93.113   67.347   73.804       102.659
 
  2024       99.489   90.130   82.790  143.178  106.423  116.585
            100.518  106.455  105.113  103.643   74.758   74.139       100.268
 
  2025       99.422   93.723   85.986  114.872  100.187  167.380
            100.054   99.444  135.987  101.732   70.096   77.545       103.869
 
  2026       93.167   90.024   89.506  126.297   94.299  119.141
                                                                       102.072
 
  AVGE       98.360   93.747  106.137  108.068  106.234  121.033
             91.905  109.027  113.827   90.764   77.476   92.914

  Table Total-       27242.   Mean-       101.   Std. Dev.-        20.
                              Min -        42.        Max -       225.

 E 18.A  Final adjustment ratio forecasts
  From  2026.Jul to 2027.Jun
  Observations         12
 -----------------------------------------------------------------------------
               Jan      Feb      Mar      Apr      May      Jun 
               Jul      Aug      Sep      Oct      Nov      Dec         AVGE  
 -----------------------------------------------------------------------------
  2026                                                          
            100.255   99.034  117.907  101.361   84.417   86.753        98.288
 
  2027       90.812   93.546   95.483  120.592   93.895  139.399
                                                                       105.621
 
        bps_permits 42340            PAGE  22, SERIES bps_permits_addi

 F 4.  Additive Day of the Week Trading Day Component Factors


      Day of Week Component for regARIMA Trading Day Factors:

                                       months starting on:
                     Mon      Tue      Wed      Thu      Fri      Sat      Sun
 31-day months        16.      16.      16.      -3.     -21.     -21.      -3.
 30-day months        11.      11.      11.      11.      -8.     -27.      -8.
 Leap year Feb.        5. ********       5.       5.       5.     -13.     -13.

  QS statistic for seasonality:
  Original Series                                     0.00  (P-Value =     1.0000)
  Original Series (EV adj)                            0.00  (P-Value =     1.0000)
  Residuals                                           0.00  (P-Value =     1.0000)
  Seasonally Adjusted Series                          0.00  (P-Value =     1.0000)
  Seasonally Adjusted Series (EV adj)                 0.00  (P-Value =     1.0000)
  Irregular Series                                    0.00  (P-Value =     1.0000)
  Irregular Series (EV adj)                           0.00  (P-Value =     1.0000)

  QS statistic for seasonality (starting 2018.Jul):
  Original Series                                     0.00  (P-Value =     1.0000)
  Original Series (EV adj)                            0.00  (P-Value =     1.0000)
  Residuals                                           0.00  (P-Value =     1.0000)
  Seasonally Adjusted Series                          0.00  (P-Value =     1.0000)
  Seasonally Adjusted Series (EV adj)                 0.00  (P-Value =     1.0000)
  Irregular Series                                    0.00  (P-Value =     1.0000)
  Irregular Series (EV adj)                           0.00  (P-Value =     1.0000)


 WARNING: Series should not be a candidate for seasonal adjustment
          because the spectrum of the prior adjusted series (Table B1)
          has no visually significant seasonal peaks.

          If this is a component series of an indirectly adjusted
          composite series, consider using type = trend or type = summary
          in the x11 spec.
        bps_permits 42340            PAGE  23, SERIES bps_permits_addi
 G 0  10*LOG(SPECTRUM) of the differenced Prior Adjusted Series
      (Table B1).  Spectrum estimated from 2018.Jul to 2026.Jun.
 ++++++++++I+++++++++++++++++++++++++++++++++++++++++++++++++++++++++++++I
      53.61I                                             *               I     53.61
           I                                             *               I
           I                                            **               I
           I                                     **     **               I
      51.76I                                     **     **               I     51.76
           I                                     **     ** *             I
           I                                   * **     ****             I
           I                                   * **     ****             I
      49.91I                                   *****    *****     *      I     49.91
           I                             *    ******    *****     *      I
           I                             *    ******S   *****    **      I
           I                             *    ******S* ******    **      I
      48.05I                             *    ******S*T******    **      I     48.05
           I                             *    ******S*T******    **      I
           I                             *    ******S*T******    ***     I
           I                             *    ******S*T******    *****   I
      46.20I                             *    ******S*T******    *****   I     46.20
           I                            **    ******S*T******    *****   I
           I                            **    ******S*T******    ******  I
           I                            **    ******S*T*******   ******  I
      44.35I                          * **    ******S*T*******   ******  I     44.35
           I         *      *         ****    ******S*T*******  T******  I
           I         *      *    *    ****S  *******S*T*******  T******  I
           I         *      *    *    ****S  *******S*T*******  T******* I
      42.50I         *      *    *    ****S  *******S*T*******  T*******SI     42.50
           I         *      *    **   ****S  *******S*T*******S*T*******SI
           I         *      *    **   ****S  *******S*T*******S*T*******SI
           I         *S     **   **  *****S  *******S*T*******S*T*******SI
      40.64I         *S     **   **  *****S  *******S*T*******S*T*******SI     40.64
           I         *S     **   **  *****S*********S*T*******S*T*******SI
           I         *S*    **   **  *****S*********S*T*******S*T*******SI
           I         *S**   **   **  *****S*********S*T*******S*T*******SI
      38.79I         *S**   **   **  *****S*********S*T*******S*T*******SI     38.79
           I        **S**   **   *********S*********S*T*******S*T*******SI
           I        **S**  ***   *********S*********S*T*******S*T*******SI
           I        **S*** ***   *********S*********S*T*******S*T*******SI
      36.94I        **S*** ***  S*********S*********S*T*******S*T*******SI     36.94
           I        **S*** ***  S*********S*********S*T*******S*T*******SI
           I        **S*******  S*********S*********S*T*******S*T*******SI
           I        **S******** S*********S*********S*T*******S*T*******SI
      35.09I        **S******** S*********S*********S*T*******S*T*******SI     35.09
           I       ***S*********S*********S*********S*T*******S*T*******SI
           I       ***S*********S*********S*********S*T*******S*T*******SI
           I     *****S*********S*********S*********S*T*******S*T*******SI
      33.24I     *****S*********S*********S*********S*T*******S*T*******SI     33.24
           I     *****S*********S*********S*********S*T*******S*T*******SI
           I    ******S*********S*********S*********S*T*******S*T*******SI
           I    ******S*********S*********S*********S*T*******S*T*******SI
      31.38I    ******S*********S*********S*********S*T*******S*T*******SI     31.38
           I    ******S*********S*********S*********S*T*******S*T*******SI
           I   *******S*********S*********S*********S*T*******S*T*******SI
           I*  *******S*********S*********S*********S*T*******S*T*******SI
      29.53I**********S*********S*********S*********S*T*******S*T*******SI     29.53
 ++++++++++I+++++++++++++++++++++++++++++++++++++++++++++++++++++++++++++I
            S=SEASONAL FREQUENCIES, T=TRADING DAY FREQUENCIES
        bps_permits 42340            PAGE  24, SERIES bps_permits_addi
 G 1  10*LOG(SPECTRUM) of the differenced seasonally adjusted 
      data (Table E2).  Spectrum estimated from 2018.Jul to 2026.Jun.
 ++++++++++I+++++++++++++++++++++++++++++++++++++++++++++++++++++++++++++I
      47.35I                                                     *       I     47.35
           I                                                     *       I
           I                                                     *       I
           I                                                     *       I
      44.78I                                                     *       I     44.78
           I                                                     *       I
           I                                             *       *       I
           I                                             **      *       I
      42.20I                                             **      *       I     42.20
           I                                             **      *       I
           I                                   *         **      *       I
           I                         **        *        ***      *       I
      39.63I                         ** *      *        ****    T*       I     39.63
           I                *        ****     **        ****    T**      I
           I                *        ****     ***       ****    T**      I
           I                **       ****     ***       ****    T**   *  I
      37.05I                **       ****     ****      ****    T**   *  I     37.05
           I               ***       ****     ****      *****   T**   *  I
           I               ***       *****    ****      *****  *T**  *** I
           I               ****     ******    *****     ******S*T*** ***SI
      34.48I            *******     ******    *****    *******S*T*******SI     34.48
           I            *******     ******    *****    *******S*T*******SI
           I            ********    ******   ******    *******S*T*******SI
           I           *********    ******   ******    *******S*T*******SI
      31.91I          S*********S  *******S  *******   *******S*T*******SI     31.91
           I         *S*********S  *******S  *******  T*******S*T*******SI
           I         *S*********S*********S  *******  T*******S*T*******SI
           I         *S*********S*********S*********S*T*******S*T*******SI
      29.33I    *   **S*********S*********S*********S*T*******S*T*******SI     29.33
           I    **  **S*********S*********S*********S*T*******S*T*******SI
           I    **  **S*********S*********S*********S*T*******S*T*******SI
           I    **  **S*********S*********S*********S*T*******S*T*******SI
      26.76I    ** ***S*********S*********S*********S*T*******S*T*******SI     26.76
           I    ******S*********S*********S*********S*T*******S*T*******SI
           I    ******S*********S*********S*********S*T*******S*T*******SI
           I    ******S*********S*********S*********S*T*******S*T*******SI
      24.18I    ******S*********S*********S*********S*T*******S*T*******SI     24.18
           I    ******S*********S*********S*********S*T*******S*T*******SI
           I    ******S*********S*********S*********S*T*******S*T*******SI
           I    ******S*********S*********S*********S*T*******S*T*******SI
      21.61I   *******S*********S*********S*********S*T*******S*T*******SI     21.61
           I   *******S*********S*********S*********S*T*******S*T*******SI
           I   *******S*********S*********S*********S*T*******S*T*******SI
           I   *******S*********S*********S*********S*T*******S*T*******SI
      19.04I   *******S*********S*********S*********S*T*******S*T*******SI     19.04
           I   *******S*********S*********S*********S*T*******S*T*******SI
           I   *******S*********S*********S*********S*T*******S*T*******SI
           I  ********S*********S*********S*********S*T*******S*T*******SI
      16.46I  ********S*********S*********S*********S*T*******S*T*******SI     16.46
           I  ********S*********S*********S*********S*T*******S*T*******SI
           I  ********S*********S*********S*********S*T*******S*T*******SI
           I *********S*********S*********S*********S*T*******S*T*******SI
      13.89I**********S*********S*********S*********S*T*******S*T*******SI     13.89
 ++++++++++I+++++++++++++++++++++++++++++++++++++++++++++++++++++++++++++I
            S=SEASONAL FREQUENCIES, T=TRADING DAY FREQUENCIES
        bps_permits 42340            PAGE  25, SERIES bps_permits_addi
 G 2  10*LOG(SPECTRUM) of the Modified Irregular (Table E3).  
      Spectrum estimated from 2018.Jul to 2026.Jun.
 ++++++++++I+++++++++++++++++++++++++++++++++++++++++++++++++++++++++++++I
      41.57I                                                     *       I     41.57
           I                                                     *       I
           I                *                                    *       I
           I                *                                    *       I
      40.32I                *                                    *       I     40.32
           I                *                                    *       I
           I                **                                   *       I
           I                **                                   *       I
      39.06I               ***                                   *       I     39.06
           I               ***                                   *       I
           I               ***       **                          *       I
           I               ***       **                  *       *       I
      37.81I            * ****       **                  *       *       I     37.81
           I            ******       **                  *       *       I
           I           *******       **        *         **      *       I
           I           *******       ** *      *         **      *       I
      36.56I           *******       ****      *         **      *       I     36.56
           I           ********      ****      *         **      *       I
           I           ********      ****      *         **      *       I
           I           ********      ****     **         **      *       I
      35.31I           ********      ****     **         **      *       I     35.31
           I          S********      ****     **         **      *       I
           I          S********      ****     **        ***      *       I
           I   *      S********      ****     ***       ***      *       I
      34.06I   *      S********      ****     ***       ****    T*       I     34.06
           I  **      S*********     ****     ***       ****    T*       I
           I  **      S*********    ******    ***       ****    T*       I
           I  **      S*********    ******    ****      ****    T*       I
      32.81I  **     *S*********    ******    ****      ****    T**      I     32.81
           I  **     *S*********    ******    ****      ****    T**      I
           I  **     *S*********    ******    ****      ****    T**      I
           I  ***    *S*********S   ******    ****      ****    T**      I
      31.56I ****    *S*********S   ******    ****      ****    T**   *  I     31.56
           I ****    *S*********S   ******    ****      *****   T**   *  I
           I ****   **S*********S   ******    ****      *****   T**   *  I
           I*****   **S*********S* *******    ****      *****   T**  **  I
      30.31I******  **S*********S* *******    *****     *****  *T**  **  I     30.31
           I**********S*********S*********    *****     *****  *T**  **  I
           I**********S*********S*********   ******     ****** *T**  *** I
           I**********S*********S*********   ******    *******S*T*** *** I
      29.06I**********S*********S*********   ******    *******S*T*** *** I     29.06
           I**********S*********S*********S  ******    *******S*T*******SI
           I**********S*********S*********S  ******    *******S*T*******SI
           I**********S*********S*********S  ******    *******S*T*******SI
      27.80I**********S*********S*********S  ******    *******S*T*******SI     27.80
           I**********S*********S*********S  ******    *******S*T*******SI
           I**********S*********S*********S  *******   *******S*T*******SI
           I**********S*********S*********S*********   *******S*T*******SI
      26.55I**********S*********S*********S*********  T*******S*T*******SI     26.55
           I**********S*********S*********S*********  T*******S*T*******SI
           I**********S*********S*********S*********  T*******S*T*******SI
           I**********S*********S*********S*********  T*******S*T*******SI
      25.30I**********S*********S*********S*********S*T*******S*T*******SI     25.30
 ++++++++++I+++++++++++++++++++++++++++++++++++++++++++++++++++++++++++++I
            S=SEASONAL FREQUENCIES, T=TRADING DAY FREQUENCIES
        bps_permits 42340            PAGE  26, SERIES bps_permits_addi

  Peak probabilities for Tukey spectrum estimator
  Spectrum estimated from 2018.Jul to 2026.Jun.

                                          S1       S2       S3       S4       S5       S6       TD
                                        ------   ------   ------   ------   ------   ------   ------
  Model Residuals                        0.520    0.977*   0.778    0.773    0.976*   0.414    0.882  
  Prior Adjusted Series (Table B1)       0.224    0.140    0.280    0.665    0.334    0.516    0.354  
  Seasonally adjusted series (E2)        0.193    0.256    0.252    0.259    0.140    0.570    0.003  
  Modified Irregular (E3)                0.296    0.187    0.253    0.237    0.138    0.542    0.002  
  ----------
     ** - Peak Probability > 0.99,
      * - 0.90 < Peak Probability < 0.99


