  Reading input spec file from D:\Programming\Dynamic Paper-dlrhcs_replication\outputs\empirical\unemployment\raw_sa_pilot\x13_work\bps_permits_additive_level_41660_200401_202606.spc

1

               U. S. Department of Commerce, U. S. Census Bureau

              X-13ARIMA-SEATS monthly seasonal adjustment Method,
                          Release Version 1.1 Build 62


           This software application provides an enhanced version of
             Statistics Canada's X-11-ARIMA extension (Dagum, 1980)
                 of the X-11 variant of the Census Method II of
                      Shiskin, Young and Musgrave (1967).

            It also provides an ARIMA model-based method following
       Hillmer and Tiao (1982) and Burman (1980) that is very similar
       to the update of the method of SEATS (Gomez and Maravall, 1996)
                produced at the Bank of Spain by G. Caporello and
               A. Maravall for TSW (Caporello and Maravall, 2004).
          The present application includes additional enhancements.

         X-13ARIMA-SEATS includes an automatic ARIMA model selection procedure
          based largely on the procedure of Gomez and Maravall (1998)
            as implemented in TRAMO (1996) and subsequent revisions.

              Primary Programmers: Brian Monsell, Mark Otto and,
                 for the ARIMA model-based signal extraction,
                      Gianluca Caporello and Victor Gomez


     Series Title- bps_permits 41660
     Series Name- bps_permits_addi
     Jul 29, 2026  08.34.18 

        -Period covered-  1st month,2004 to  6th month,2026
        -Type of run - additive seasonal adjustment

        -Sigma limits for graduating extreme values are  1.5 and  2.5 .
        -3x3 moving average used in section 1 of each iteration, 
         3x5 moving average in section 2 of iterations B and C,
         moving average for final seasonal factors chosen by Global MSR.
        -Holiday adjustment factors applied directly to the final seasonally adjusted series
        -Spectral plots generated for selected series
        -Spectral plots generated for series starting in 2018.Jul

 FILE SAVE REQUESTS (* indicates file exists and will be overwritten)
  D:\Programming\Dynamic Paper-dlrhcs_replication\outputs\empirical\unemployment\raw_sa_pilot\x13_work\bps_permits_additive_level_41660_200401_202606.d10  final seasonal factors
  D:\Programming\Dynamic Paper-dlrhcs_replication\outputs\empirical\unemployment\raw_sa_pilot\x13_work\bps_permits_additive_level_41660_200401_202606.d11  final seasonally adjusted data
  D:\Programming\Dynamic Paper-dlrhcs_replication\outputs\empirical\unemployment\raw_sa_pilot\x13_work\bps_permits_additive_level_41660_200401_202606.out  program output file
  D:\Programming\Dynamic Paper-dlrhcs_replication\outputs\empirical\unemployment\raw_sa_pilot\x13_work\bps_permits_additive_level_41660_200401_202606.err  program error file
        bps_permits 41660            PAGE   1, SERIES bps_permits_addi

     Contents of spc file D:\Programming\Dynamic Paper-dlrhcs_replication\outputs\empirical\unemployment\raw_sa_pilot\x13_work\bps_permits_additive_level_41660_200401_202606.spc

 Line #
 ------
      1: series {
      2:   title = "bps_permits 41660"
      3:   start = 2004.1
      4:   period = 12
      5:   data = (
      6: 22
      7: 27
      8: 34
      9: 13
     10: 24
     11: 18
     12: 16
     13: 18
     14: 16
     15: 17
     16: 11
     17: 19
     18: 25
     19: 17
     20: 28
     21: 22
     22: 18
     23: 32
     24: 22
     25: 21
     26: 23
     27: 17
     28: 20
     29: 23
     30: 43
     31: 32
     32: 27
     33: 28
     34: 38
     35: 32
     36: 26
     37: 27
     38: 34
     39: 155
     40: 27
     41: 18
     42: 28
     43: 22
     44: 35
     45: 39
     46: 41
     47: 23
     48: 12
     49: 34
     50: 27
     51: 27
     52: 41
     53: 21
     54: 25
     55: 24
     56: 38
     57: 29
     58: 21
     59: 17
     60: 18
     61: 18
     62: 25
     63: 17
     64: 16
     65: 12
     66: 10
     67: 226
     68: 16
     69: 19
     70: 8
     71: 132
     72: 16
     73: 9
     74: 25
     75: 23
     76: 18
     77: 14
     78: 9
     79: 38
     80: 15
     81: 15
     82: 17
     83: 6
     84: 15
     85: 20
     86: 13
     87: 15
     88: 10
     89: 7
     90: 12
     91: 8
     92: 18
     93: 10
     94: 18
     95: 7
     96: 11
     97: 11
     98: 10
     99: 21
    100: 6
    101: 12
    102: 54
    103: 190
    104: 18
    105: 11
    106: 17
    107: 14
    108: 12
    109: 19
    110: 9
    111: 14
    112: 20
    113: 26
    114: 25
    115: 25
    116: 34
    117: 43
    118: 27
    119: 217
    120: 25
    121: 31
    122: 22
    123: 24
    124: 26
    125: 23
    126: 203
    127: 19
    128: 33
    129: 8
    130: 241
    131: 20
    132: 21
    133: 16
    134: 14
    135: 30
    136: 13
    137: 11
    138: 12
    139: 9
    140: 27
    141: 16
    142: 30
    143: 45
    144: 14
    145: 19
    146: 22
    147: 13
    148: 24
    149: 11
    150: 8
    151: 19
    152: 13
    153: 13
    154: 14
    155: 17
    156: 15
    157: 18
    158: 22
    159: 13
    160: 6
    161: 12
    162: 20
    163: 13
    164: 16
    165: 17
    166: 27
    167: 16
    168: 6
    169: 21
    170: 15
    171: 17
    172: 24
    173: 12
    174: 18
    175: 17
    176: 20
    177: 31
    178: 39
    179: 20
    180: 18
    181: 24
    182: 13
    183: 20
    184: 14
    185: 28
    186: 22
    187: 20
    188: 23
    189: 24
    190: 18
    191: 33
    192: 20
    193: 31
    194: 23
    195: 23
    196: 24
    197: 22
    198: 29
    199: 24
    200: 45
    201: 42
    202: 11
    203: 29
    204: 92
    205: 108
    206: 45
    207: 115
    208: 84
    209: 57
    210: 23
    211: 15
    212: 29
    213: 80
    214: 25
    215: 29
    216: 14
    217: 10
    218: 39
    219: 29
    220: 20
    221: 20
    222: 25
    223: 20
    224: 34
    225: 18
    226: 18
    227: 17
    228: 12
    229: 30
    230: 106
    231: 19
    232: 16
    233: 7
    234: 20
    235: 13
    236: 20
    237: 27
    238: 19
    239: 20
    240: 21
    241: 22
    242: 36
    243: 21
    244: 14
    245: 19
    246: 16
    247: 15
    248: 32
    249: 27
    250: 26
    251: 17
    252: 17
    253: 17
    254: 15
    255: 12
    256: 13
    257: 26
    258: 26
    259: 39
    260: 22
    261: 32
    262: 19
    263: 32
    264: 38
    265: 44
    266: 26
    267: 24
    268: 13
    269: 20
    270: 21
    271: 27
    272: 19
    273: 44
    274: 30
    275: 44
    276:   )
    277: }
    278: transform { function = none }
    279: regression { aictest = (td easter) }
    280: automdl {}
    281: x11 { mode = add save = (d10 d11) }
        bps_permits 41660            PAGE   2, SERIES bps_permits_addi

 A 1  Time series data (for the span analyzed)
  From  2004.Jan to 2026.Jun
  Observations        270
 -----------------------------------------------------------------------------
               Jan      Feb      Mar      Apr      May      Jun 
               Jul      Aug      Sep      Oct      Nov      Dec        TOTAL  
 -----------------------------------------------------------------------------
  2004          22.      27.      34.      13.      24.      18.
                16.      18.      16.      17.      11.      19.          235.
 
  2005          25.      17.      28.      22.      18.      32.
                22.      21.      23.      17.      20.      23.          268.
 
  2006          43.      32.      27.      28.      38.      32.
                26.      27.      34.     155.      27.      18.          487.
 
  2007          28.      22.      35.      39.      41.      23.
                12.      34.      27.      27.      41.      21.          350.
 
  2008          25.      24.      38.      29.      21.      17.
                18.      18.      25.      17.      16.      12.          260.
 
  2009          10.     226.      16.      19.       8.     132.
                16.       9.      25.      23.      18.      14.          516.
 
  2010           9.      38.      15.      15.      17.       6.
                15.      20.      13.      15.      10.       7.          180.
 
  2011          12.       8.      18.      10.      18.       7.
                11.      11.      10.      21.       6.      12.          144.
 
  2012          54.     190.      18.      11.      17.      14.
                12.      19.       9.      14.      20.      26.          404.
 
  2013          25.      25.      34.      43.      27.     217.
                25.      31.      22.      24.      26.      23.          522.
 
  2014         203.      19.      33.       8.     241.      20.
                21.      16.      14.      30.      13.      11.          629.
 
  2015          12.       9.      27.      16.      30.      45.
                14.      19.      22.      13.      24.      11.          242.
 
  2016           8.      19.      13.      13.      14.      17.
                15.      18.      22.      13.       6.      12.          170.
 
  2017          20.      13.      16.      17.      27.      16.
                 6.      21.      15.      17.      24.      12.          204.
 
  2018          18.      17.      20.      31.      39.      20.
                18.      24.      13.      20.      14.      28.          262.
 
  2019          22.      20.      23.      24.      18.      33.
                20.      31.      23.      23.      24.      22.          283.
 
  2020          29.      24.      45.      42.      11.      29.
                92.     108.      45.     115.      84.      57.          681.
 
  2021          23.      15.      29.      80.      25.      29.
                14.      10.      39.      29.      20.      20.          333.
 
  2022          25.      20.      34.      18.      18.      17.
                12.      30.     106.      19.      16.       7.          322.
 
  2023          20.      13.      20.      27.      19.      20.
                21.      22.      36.      21.      14.      19.          252.
 
  2024          16.      15.      32.      27.      26.      17.
                17.      17.      15.      12.      13.      26.          233.
 
  2025          26.      39.      22.      32.      19.      32.
                38.      44.      26.      24.      13.      20.          335.
 
  2026          21.      27.      19.      44.      30.      44.
                                                                          185.
 
  AVGE          30.      37.      26.      26.      32.      36.
                21.      26.      26.      30.      21.      19.

  Table Total-        7497.   Mean-        28.   Std. Dev.-        31.
                              Min -         6.        Max -       241.
        bps_permits 41660            PAGE   3, SERIES bps_permits_addi
                        Automatic ARIMA Model Selection

                    Procedure based closely on TRAMO method 
                         of Gomez and Maravall (2000)
              "Automatic Modeling Methods for Univariate Series",
                            A Course in Time Series
                  (Edited by D. Pena, G. C. Tiao, R. S. Tsay),
                         New York : J. Wiley and Sons


     Maximum order for regular ARMA parameters :   2
     Maximum order for seasonal ARMA parameters :   1
     Maximum order for regular differencing :   2
     Maximum order for seasonal differencing :   1

   Results of Unit Root Test for identifying orders of differencing:
     Regular difference order :   0
     Seasonal difference order :   0

  Automatic model choice : (1 0 1)
   Model changed to 
   ( 0, 1, 1) ( 0, 1, 1) without constant term


  Final Checks for Identified Model


  Checking for Unit Roots.
   No unit roots found.

  Checking for nonseasonal overdifferencing.
   Nonseasonal MA not within  0.001 of 1.0 - model passes test.

  Checking for insignificant ARMA coefficients.

  Final automatic model choice : (0 1 1)(0 1 1)
   End of automatic model selection procedure.

 Average absolute percentage error in within-sample forecasts:
  Last year:  28.68      Last-1 year:  29.99     Last-2 year:  41.63
  Last three years:   33.43

 Estimation converged in   33 ARMA iterations,  100 function evaluations.

 ARIMA Model:  (0 1 1)(0 1 1)
   Nonseasonal differences: 1
   Seasonal differences:    1
                                              Standard
 Parameter                    Estimate          Errors
 -----------------------------------------------------
 Nonseasonal MA                                    
   Lag  1                       0.9099         0.02495

 Seasonal MA                                       
   Lag 12                       0.9992         0.03211

 Variance                       0.10194E+04
 SE of Var                      0.89924E+02
 -----------------------------------------------------

 Likelihood Statistics
 ------------------------------------------------------------------
 Number of observations (nobs)                                  270
 Effective number of observations (nefobs)                      257
 Number of parameters estimated (np)                              3
 Log likelihood (L)                                      -1274.5807
 AIC                                                      2555.1613 
 AICC (F-corrected-AIC)                                   2555.2562 
 Hannan Quinn                                             2559.4431 
 BIC                                                      2565.8086 
 ------------------------------------------------------------------

 QS Statistic for regARIMA Model Residuals (full series):             0.00
                                                       (P-Value =     1.0000)

 QS Statistic for regARIMA Model Residuals (starting 2018.Jul):       2.02
                                                       (P-Value =     0.3638)


  At least one visually significant residual seasonal peaks has been
  found in the spectral plot of the following series starting in 2018.Jul:

          regARIMA model residuals (1 Seasonal peak(s))

      10*LOG(SPECTRUM) of the regARIMA model residuals
      Spectrum estimated from 2018.Jul to 2026.Jun.
 ++++++++++I+++++++++++++++++++++++++++++++++++++++++++++++++++++++++++++I
      31.66I                             *                               I     31.66
           I          S                  *                               I
           I          S                  *                               I
           I   *      S                  *                               I
      30.65I   * *    S                  *                               I     30.65
           I  ** *    S                  *S                              I
           I  ****    S                  *S                              I
           I  *****   S    *             *S                              I
      29.65I  *****   S    *             *S                              I     29.65
           I  *****   S    *             *S                              I
           I  *****   S    *             *S                              I
           I  *****   S    *             *S*                             I
      28.65I  *****   S    *             *S*                             I     28.65
           I  *****   S    *             *S*                             I
           I  *****   S    *             *S*                             I
           I  *****  *S*   *     *      **S*          T               *  I
      27.65I ******  *S*   **    *      **S**         T               *  I     27.65
           I ******  *S*   **    *      **S**         T               *  I
           I ******* *S*   **   S*      **S**         T               *  I
           I ******* *S*   **   S*      **S**         T               *  I
      26.65I******** *S*   **   S*      **S**         T               *  I     26.65
           I******** *S*   **   S*      **S**         T*              *  I
           I**********S*   **   S*      **S**         T*              *  I
           I**********S*  ***   S**     **S**         T*              *  I
      25.64I**********S*  ***   S**     **S**        *T*              *  I     25.64
           I**********S*  ***   S**     **S**        *T*              *  I
           I**********S*  ***   S**     **S**        *T*              *  I
           I**********S*  ***   S**     **S**        *T*              *  I
      24.64I**********S*  ***   S***   ***S**     *  *T*             **  I     24.64
           I**********S** ***  *S***   ***S***    *  *T*             **  I
           I**********S** **** *S***   ***S***    * S*T*             **  I
           I**********S** **** *S****  ***S***    **S*T*             **  I
      23.64I**********S******* *S****  ***S***    **S*T*             **  I     23.64
           I**********S******* *S*********S***   ***S*T*             **  I
           I**********S*********S*********S***   ***S*T*             *** I
           I**********S*********S*********S***   ***S*T*     *       *** I
      22.64I**********S*********S*********S***   ***S*T**    *       *** I     22.64
           I**********S*********S*********S***   ***S*T**    *       *** I
           I**********S*********S*********S***   ***S*T**    *       *** I
           I**********S*********S*********S***   ***S*T**    *    *  *** I
      21.63I**********S*********S*********S***   ***S*T**    *    *  *** I     21.63
           I**********S*********S*********S****  ***S*T**    *S   * **** I
           I**********S*********S*********S**** ****S*T**    *S   ******SI
           I**********S*********S*********S**** ****S*T**    *S   ******SI
      20.63I**********S*********S*********S**** ****S*T**    *S   ******SI     20.63
           I**********S*********S*********S**** ****S*T**   **S   ******SI
           I**********S*********S*********S*********S*T***  **S  *******SI
           I**********S*********S*********S*********S*T***  **S  *******SI
      19.63I**********S*********S*********S*********S*T***  **S  *******SI     19.63
           I**********S*********S*********S*********S*T***  **S* *******SI
           I**********S*********S*********S*********S*T***  **S* *******SI
           I**********S*********S*********S*********S*T***  **S* *******SI
      18.63I**********S*********S*********S*********S*T*******S*T*******SI     18.63
 ++++++++++I+++++++++++++++++++++++++++++++++++++++++++++++++++++++++++++I
            S=SEASONAL FREQUENCIES, T=TRADING DAY FREQUENCIES


 FORECASTING
  Origin  2026.Jun
  Number        12

  Forecasts and Standard Errors
   ------------------------------
                         Standard
       Date   Forecast      Error
   ------------------------------
   2026.Jul      20.30     31.927
   2026.Aug      25.16     32.057
   2026.Sep      25.71     32.186
   2026.Oct      29.62     32.314
   2026.Nov      20.26     32.442
   2026.Dec      18.44     32.569
   2027.Jan      29.89     32.696
   2027.Feb      36.97     32.822
   2027.Mar      25.54     32.948
   2027.Apr      26.06     33.074
   2027.May      32.06     33.199
   2027.Jun      36.02     33.323
   ------------------------------

  Confidence intervals with coverage probability ( 0.95000
   ---------------------------------------
       Date      Lower  Forecast     Upper
   ---------------------------------------
   2026.Jul     -42.28     20.30     82.88
   2026.Aug     -37.67     25.16     87.99
   2026.Sep     -37.37     25.71     88.79
   2026.Oct     -33.72     29.62     92.95
   2026.Nov     -43.33     20.26     83.84
   2026.Dec     -45.40     18.44     82.27
   2027.Jan     -34.20     29.89     93.97
   2027.Feb     -27.36     36.97    101.30
   2027.Mar     -39.04     25.54     90.11
   2027.Apr     -38.76     26.06     90.88
   2027.May     -33.01     32.06     97.13
   2027.Jun     -29.30     36.02    101.33
   ---------------------------------------
        bps_permits 41660            PAGE   4, SERIES bps_permits_addi

 B 1  Original series (prior adjusted)
  From  2004.Jan to 2026.Jun
  Observations        270
 -----------------------------------------------------------------------------
               Jan      Feb      Mar      Apr      May      Jun 
               Jul      Aug      Sep      Oct      Nov      Dec        TOTAL  
 -----------------------------------------------------------------------------
  2004          22.      27.      34.      13.      24.      18.
                16.      18.      16.      17.      11.      19.          235.
 
  2005          25.      17.      28.      22.      18.      32.
                22.      21.      23.      17.      20.      23.          268.
 
  2006          43.      32.      27.      28.      38.      32.
                26.      27.      34.     155.      27.      18.          487.
 
  2007          28.      22.      35.      39.      41.      23.
                12.      34.      27.      27.      41.      21.          350.
 
  2008          25.      24.      38.      29.      21.      17.
                18.      18.      25.      17.      16.      12.          260.
 
  2009          10.     226.      16.      19.       8.     132.
                16.       9.      25.      23.      18.      14.          516.
 
  2010           9.      38.      15.      15.      17.       6.
                15.      20.      13.      15.      10.       7.          180.
 
  2011          12.       8.      18.      10.      18.       7.
                11.      11.      10.      21.       6.      12.          144.
 
  2012          54.     190.      18.      11.      17.      14.
                12.      19.       9.      14.      20.      26.          404.
 
  2013          25.      25.      34.      43.      27.     217.
                25.      31.      22.      24.      26.      23.          522.
 
  2014         203.      19.      33.       8.     241.      20.
                21.      16.      14.      30.      13.      11.          629.
 
  2015          12.       9.      27.      16.      30.      45.
                14.      19.      22.      13.      24.      11.          242.
 
  2016           8.      19.      13.      13.      14.      17.
                15.      18.      22.      13.       6.      12.          170.
 
  2017          20.      13.      16.      17.      27.      16.
                 6.      21.      15.      17.      24.      12.          204.
 
  2018          18.      17.      20.      31.      39.      20.
                18.      24.      13.      20.      14.      28.          262.
 
  2019          22.      20.      23.      24.      18.      33.
                20.      31.      23.      23.      24.      22.          283.
 
  2020          29.      24.      45.      42.      11.      29.
                92.     108.      45.     115.      84.      57.          681.
 
  2021          23.      15.      29.      80.      25.      29.
                14.      10.      39.      29.      20.      20.          333.
 
  2022          25.      20.      34.      18.      18.      17.
                12.      30.     106.      19.      16.       7.          322.
 
  2023          20.      13.      20.      27.      19.      20.
                21.      22.      36.      21.      14.      19.          252.
 
  2024          16.      15.      32.      27.      26.      17.
                17.      17.      15.      12.      13.      26.          233.
 
  2025          26.      39.      22.      32.      19.      32.
                38.      44.      26.      24.      13.      20.          335.
 
  2026          21.      27.      19.      44.      30.      44.
                                                                          185.
 
  AVGE          30.      37.      26.      26.      32.      36.
                21.      26.      26.      30.      21.      19.

  Table Total-        7497.   Mean-        28.   Std. Dev.-        31.
                              Min -         6.        Max -       241.

 B 1.A  Forecasts of (prior adjusted) original series
  From  2026.Jul to 2027.Jun
  Observations         12
 -----------------------------------------------------------------------------
               Jan      Feb      Mar      Apr      May      Jun 
               Jul      Aug      Sep      Oct      Nov      Dec        TOTAL  
 -----------------------------------------------------------------------------
  2026                                                          
                20.      25.      26.      30.      20.      18.          139.
 
  2027          30.      37.      26.      26.      32.      36.
                                                                          187.
 
        bps_permits 41660            PAGE   5, SERIES bps_permits_addi

 C 17  Final weights for irregular component
  From  2004.Jan to 2026.Jun
  Observations        270
  Lower sigma limit    1.50
  Upper sigma limit    2.50
 -----------------------------------------------------------------------------
               Jan      Feb      Mar      Apr      May      Jun 
               Jul      Aug      Sep      Oct      Nov      Dec         S.D.  
 -----------------------------------------------------------------------------
  2004         100.     100.     100.     100.     100.     100.
               100.     100.     100.     100.     100.     100.          691.
 
  2005         100.     100.     100.     100.     100.     100.
               100.     100.     100.     100.     100.     100.          691.
 
  2006          99.     100.      88.     100.     100.     100.
               100.       4.       5.       0.       0.      92.          691.
 
  2007         100.     100.     100.     100.     100.     100.
               100.     100.     100.     100.     100.     100.         1335.
 
  2008         100.     100.     100.     100.     100.     100.
               100.     100.     100.     100.     100.     100.         1351.
 
  2009           0.       0.       0.       0.       0.       0.
               100.     100.     100.     100.     100.     100.         1290.
 
  2010         100.     100.     100.     100.     100.     100.
               100.     100.     100.     100.     100.     100.         1325.
 
  2011         100.     100.     100.     100.     100.     100.
               100.     100.     100.     100.     100.     100.         1434.
 
  2012         100.       0.     100.     100.     100.     100.
               100.     100.     100.     100.     100.     100.         1439.
 
  2013         100.     100.     100.     100.      13.       0.
               100.     100.     100.     100.     100.     100.         1441.
 
  2014           0.       0.      61.       0.       0.       0.
               100.     100.     100.     100.     100.     100.         1434.
 
  2015         100.     100.     100.     100.     100.     100.
               100.     100.     100.     100.     100.     100.         1375.
 
  2016         100.     100.     100.     100.     100.     100.
               100.     100.     100.     100.     100.     100.         1258.
 
  2017         100.     100.     100.     100.     100.     100.
               100.     100.     100.     100.     100.     100.          529.
 
  2018         100.     100.     100.     100.     100.     100.
               100.     100.     100.     100.     100.     100.         1091.
 
  2019         100.     100.     100.     100.     100.     100.
               100.     100.     100.     100.     100.     100.         1143.
 
  2020         100.     100.     100.     100.       0.      39.
                 0.       0.       0.       0.     100.     100.         1162.
 
  2021          66.     100.     100.       0.     100.     100.
               100.     100.     100.     100.     100.     100.         1141.
 
  2022         100.     100.     100.     100.     100.     100.
               100.     100.       0.     100.     100.     100.         1146.
 
  2023         100.     100.     100.     100.     100.     100.
               100.     100.     100.     100.     100.     100.          596.
 
  2024         100.     100.      57.     100.     100.     100.
               100.     100.      90.     100.     100.     100.          491.
 
  2025         100.      44.     100.     100.      96.     100.
                70.      11.      91.     100.     100.     100.          484.
 
  2026         100.     100.     100.      52.     100.      68.
                                                                          484.
 
        bps_permits 41660            PAGE   6, SERIES bps_permits_addi

 D 8  Final unmodified SI ratios
  From  2004.Jan to 2026.Jun
  Observations        270
 -----------------------------------------------------------------------------
               Jan      Feb      Mar      Apr      May      Jun 
               Jul      Aug      Sep      Oct      Nov      Dec         AVGE  
 -----------------------------------------------------------------------------
  2004          -1.       4.      11.      -9.       4.      -1.
                -2.       1.      -1.      -0.      -7.       0.            0.
 
  2005           5.      -3.       6.      -1.      -6.       8.
                -1.      -1.       2.      -5.      -5.      -4.           -0.
 
  2006          13.       1.      -4.      -3.       6.      -2.
               -12.     -14.      -9.     113.     -12.     -16.            5.
 
  2007          -2.      -6.       7.      11.      12.      -6.
               -17.       5.      -3.      -4.       9.      -9.           -0.
 
  2008          -3.      -1.      16.       9.       0.      -5.
                -4.      -4.       3.      -6.     -10.     -20.           -2.
 
  2009         -29.     180.     -33.     -29.     -36.      95.
               -15.     -18.       1.       1.      -3.      -5.            9.
 
  2010          -7.      25.       4.       4.       4.      -9.
                -3.       1.      -6.      -2.      -4.      -3.            0.
 
  2011           4.       1.      11.       2.       8.      -5.
                -3.      -4.      -7.       1.     -17.     -14.           -2.
 
  2012          27.     165.      -3.      -5.       4.       2.
                -2.       1.     -12.      -9.      -4.       2.           14.
 
  2013          -0.      -3.       3.       8.     -12.     177.
               -14.      -5.     -12.     -10.     -11.     -18.            9.
 
  2014         157.     -31.     -19.     -43.     195.     -21.
               -14.     -15.     -13.       7.      -8.      -7.           16.
 
  2015          -4.      -5.      12.      -1.      10.      23.
                -9.      -5.      -2.     -10.       3.      -8.            0.
 
  2016          -8.       6.       2.       3.       3.       4.
                 0.       2.       5.      -4.     -10.      -4.           -0.
 
  2017           4.      -3.      -0.       1.      12.       2.
                -9.       5.      -2.      -2.       5.      -8.            0.
 
  2018          -2.      -4.      -3.       6.      14.      -4.
                -3.       5.      -5.       2.      -6.       6.            0.
 
  2019          -2.      -4.      -1.      -0.      -6.       9.
                -4.       8.       2.       2.       2.      -3.            0.
 
  2020          -1.     -11.       5.      -2.     -38.     -26.
                31.      41.     -26.      45.      19.       1.            3.
 
  2021         -23.     -23.      -3.      51.      -1.       5.
                -7.      -8.      22.      10.      -2.      -5.            1.
 
  2022          -2.      -7.       8.      -6.      -4.      -4.
                -8.      10.      86.       0.      -2.     -11.            5.
 
  2023           2.      -6.       0.       6.      -2.      -1.
                -1.      -1.      13.      -1.      -8.      -2.           -0.
 
  2024          -5.      -6.      11.       6.       6.      -1.
                 1.       2.      -1.      -6.      -9.       1.           -0.
 
  2025          -1.      12.      -4.       7.      -7.       5.
                10.      15.      -2.      -3.     -12.      -3.            1.
 
  2026          -2.       2.      -7.      17.       2.      17.
                                                                            5.
 
  AVGE           5.      12.       1.       1.       7.      11.
                -4.       1.       1.       5.      -4.      -6.

  Table Total-         755.   Mean-         3.   Std. Dev.-        28.
                              Min -       -43.        Max -       195.
        bps_permits 41660            PAGE   7, SERIES bps_permits_addi

 D 8.B  Final unmodified SI ratios, with labels for outliers and extreme values
  From  2004.Jan to 2026.Jun
  Observations        270
 ---------------------------------------------------------------------
               Jan       Feb       Mar       Apr       May       Jun  
               Jul       Aug       Sep       Oct       Nov       Dec  
 ---------------------------------------------------------------------
  2004         -1.        4.       11.       -9.        4.       -1.  
               -2.        1.       -1.       -0.       -7.        0.  
 
  2005          5.       -3.        6.       -1.       -6.        8.  
               -1.       -1.        2.       -5.       -5.       -4.  
 
  2006         13.*       1.       -4.*      -3.        6.       -2.  
              -12.      -14.*      -9.*     113.*     -12.*     -16.* 
 
  2007         -2.       -6.        7.       11.       12.       -6.  
              -17.        5.       -3.       -4.        9.       -9.  
 
  2008         -3.       -1.       16.        9.        0.       -5.  
               -4.       -4.        3.       -6.      -10.      -20.  
 
  2009        -29.*     180.*     -33.*     -29.*     -36.*      95.* 
              -15.      -18.        1.        1.       -3.       -5.  
 
  2010         -7.       25.        4.        4.        4.       -9.  
               -3.        1.       -6.       -2.       -4.       -3.  
 
  2011          4.        1.       11.        2.        8.       -5.  
               -3.       -4.       -7.        1.      -17.      -14.  
 
  2012         27.      165.*      -3.       -5.        4.        2.  
               -2.        1.      -12.       -9.       -4.        2.  
 
  2013         -0.       -3.        3.        8.      -12.*     177.* 
              -14.       -5.      -12.      -10.      -11.      -18.  
 
  2014        157.*     -31.*     -19.*     -43.*     195.*     -21.* 
              -14.      -15.      -13.        7.       -8.       -7.  
 
  2015         -4.       -5.       12.       -1.       10.       23.  
               -9.       -5.       -2.      -10.        3.       -8.  
 
  2016         -8.        6.        2.        3.        3.        4.  
                0.        2.        5.       -4.      -10.       -4.  
 
  2017          4.       -3.       -0.        1.       12.        2.  
               -9.        5.       -2.       -2.        5.       -8.  
 
  2018         -2.       -4.       -3.        6.       14.       -4.  
               -3.        5.       -5.        2.       -6.        6.  
 
  2019         -2.       -4.       -1.       -0.       -6.        9.  
               -4.        8.        2.        2.        2.       -3.  
 
  2020         -1.      -11.        5.       -2.      -38.*     -26.* 
               31.*      41.*     -26.*      45.*      19.        1.  
 
  2021        -23.*     -23.       -3.       51.*      -1.        5.  
               -7.       -8.       22.       10.       -2.       -5.  
 
  2022         -2.       -7.        8.       -6.       -4.       -4.  
               -8.       10.       86.*       0.       -2.      -11.  
 
  2023          2.       -6.        0.        6.       -2.       -1.  
               -1.       -1.       13.       -1.       -8.       -2.  
 
  2024         -5.       -6.       11.*       6.        6.       -1.  
                1.        2.       -1.*      -6.       -9.        1.  
 
  2025         -1.       12.*      -4.        7.       -7.*       5.  
               10.*      15.*      -2.*      -3.      -12.       -3.  
 
  2026         -2.        2.       -7.       17.*       2.       17.* 
                                                                      
 

  Key to symbols:
    *  : extreme value as determined by X-11 extreme value procedure
 
        bps_permits 41660            PAGE   8, SERIES bps_permits_addi

 D 9  Final replacement values for SI ratios
  From  2004.Jan to 2026.Jun
  Observations        270
 ---------------------------------------------------------------
               Jan      Feb      Mar      Apr      May      Jun 
               Jul      Aug      Sep      Oct      Nov      Dec 
 ---------------------------------------------------------------
  2004     ******** ******** ******** ******** ******** ********
           ******** ******** ******** ******** ******** ********
 
  2005     ******** ******** ******** ******** ******** ********
           ******** ******** ******** ******** ******** ********
 
  2006          13. ********      -3. ******** ******** ********
           ********       2.       7.       6.       6.     -15.
 
  2007     ******** ******** ******** ******** ******** ********
           ******** ******** ******** ******** ******** ********
 
  2008     ******** ******** ******** ******** ******** ********
           ******** ******** ******** ******** ******** ********
 
  2009           7.      15.      15.      11.      10.      -1.
           ******** ******** ******** ******** ******** ********
 
  2010     ******** ******** ******** ******** ******** ********
           ******** ******** ******** ******** ******** ********
 
  2011     ******** ******** ******** ******** ******** ********
           ******** ******** ******** ******** ******** ********
 
  2012     ********      19. ******** ******** ******** ********
           ******** ******** ******** ******** ******** ********
 
  2013     ******** ******** ******** ********      18.      23.
           ******** ******** ******** ******** ******** ********
 
  2014          12.      16.      -8.      10.      21.      22.
           ******** ******** ******** ******** ******** ********
 
  2015     ******** ******** ******** ******** ******** ********
           ******** ******** ******** ******** ******** ********
 
  2016     ******** ******** ******** ******** ******** ********
           ******** ******** ******** ******** ******** ********
 
  2017     ******** ******** ******** ******** ******** ********
           ******** ******** ******** ******** ******** ********
 
  2018     ******** ******** ******** ******** ******** ********
           ******** ******** ******** ******** ******** ********
 
  2019     ******** ******** ******** ******** ******** ********
           ******** ******** ******** ******** ******** ********
 
  2020     ******** ******** ******** ********      -2.     -11.
                -4.       6.      15.       8. ******** ********
 
  2021         -15. ******** ********       4. ******** ********
           ******** ******** ******** ******** ******** ********
 
  2022     ******** ******** ******** ******** ******** ********
           ******** ********      18. ******** ******** ********
 
  2023     ******** ******** ******** ******** ******** ********
           ******** ******** ******** ******** ******** ********
 
  2024     ******** ********       7. ******** ******** ********
           ******** ********       0. ******** ******** ********
 
  2025     ********       6. ******** ********      -6. ********
                 7.       5.      -2. ******** ******** ********
 
  2026     ******** ******** ********      12. ********      14.
                                                                
 

 D 9.A  Moving seasonality ratio
 ---------------------------------------------------------------
               Jan      Feb      Mar      Apr      May      Jun 
 ---------------------------------------------------------------
   I          8.608   10.440    8.387    5.603    7.552    7.865
   S          1.411    1.952    0.909    1.086    1.329    1.788
 RATIO        6.101    5.349    9.231    5.159    5.683    4.399



 ---------------------------------------------------------------
               Jul      Aug      Sep      Oct      Nov      Dec 
 ---------------------------------------------------------------
   I          5.706    6.859    5.367    5.477    8.378    8.036
   S          0.806    1.125    1.533    0.981    1.537    0.986
 RATIO        7.081    6.097    3.501    5.584    5.450    8.147



        bps_permits 41660            PAGE   9, SERIES bps_permits_addi

 D 10  Final seasonal factors
  From  2004.Jan to 2026.Jun
  Observations        270
  Seasonal filter    3 x 9 moving average
 -----------------------------------------------------------------------------
               Jan      Feb      Mar      Apr      May      Jun 
               Jul      Aug      Sep      Oct      Nov      Dec         AVGE  
 -----------------------------------------------------------------------------
  2004           3.       0.       8.       1.       4.      -0.
                -7.       0.       1.      -1.      -1.      -8.           -0.
 
  2005           3.       1.       8.       2.       4.      -1.
                -7.      -1.       1.      -2.      -2.      -8.           -0.
 
  2006           2.       3.       8.       2.       4.      -1.
                -7.      -2.       1.      -1.      -2.      -8.           -0.
 
  2007           3.       5.       8.       2.       5.      -2.
                -7.      -2.      -0.      -2.      -3.      -8.           -0.
 
  2008           4.       5.       7.       3.       5.      -1.
                -7.      -2.      -2.      -2.      -4.      -9.           -0.
 
  2009           5.       6.       6.       4.       7.       0.
                -8.      -3.      -3.      -2.      -4.      -9.           -0.
 
  2010           5.       6.       6.       5.       9.       3.
                -9.      -4.      -4.      -3.      -4.     -10.           -0.
 
  2011           4.       7.       5.       5.       9.       4.
                -8.      -5.      -5.      -3.      -5.      -9.           -0.
 
  2012           4.       7.       5.       4.      10.       6.
                -8.      -5.      -5.      -3.      -6.      -8.            0.
 
  2013           3.       7.       4.       4.      10.       6.
                -7.      -4.      -5.      -3.      -6.      -7.            0.
 
  2014           4.       5.       2.       3.      10.       7.
                -7.      -2.      -5.      -3.      -5.      -6.            0.
 
  2015           3.       3.       1.       3.       9.       7.
                -7.      -1.      -4.      -2.      -4.      -5.            0.
 
  2016           2.       0.       1.       3.       8.       8.
                -7.      -0.      -2.      -1.      -2.      -5.            0.
 
  2017           0.      -2.       1.       2.       7.       7.
                -7.       0.       1.       0.      -0.      -4.            0.
 
  2018          -2.      -5.       1.       2.       5.       5.
                -6.       1.       4.       1.      -0.      -4.            0.
 
  2019          -3.      -6.       2.       2.       3.       2.
                -5.       2.       6.       1.      -0.      -3.            0.
 
  2020          -3.      -6.       2.       2.       2.       1.
                -4.       3.       7.       1.      -1.      -3.            0.
 
  2021          -3.      -6.       1.       3.       1.       0.
                -3.       3.       7.       1.      -2.      -3.           -0.
 
  2022          -3.      -6.       0.       3.       0.       1.
                -3.       3.       7.       1.      -2.      -3.           -0.
 
  2023          -3.      -5.       0.       3.      -0.       2.
                -2.       2.       8.       1.      -3.      -4.           -0.
 
  2024          -3.      -4.      -0.       3.      -0.       3.
                -2.       2.       8.       1.      -5.      -5.           -0.
 
  2025          -3.      -2.      -0.       4.       0.       4.
                -2.       2.       7.      -0.      -7.      -5.           -0.
 
  2026          -2.      -0.      -1.       5.       1.       5.
                                                                            1.
 
  AVGE           1.       1.       3.       3.       5.       3.
                -6.      -0.       1.      -1.      -3.      -6.

  Table Total-          12.   Mean-         0.   Std. Dev.-         5.
                              Min -       -10.        Max -        10.

 D 10.A  Final seasonal component forecasts
  From  2026.Jul to 2027.Jun
  Observations         12
 -----------------------------------------------------------------------------
               Jan      Feb      Mar      Apr      May      Jun 
               Jul      Aug      Sep      Oct      Nov      Dec         AVGE  
 -----------------------------------------------------------------------------
  2026                                                          
                -1.       2.       5.      -1.      -8.      -5.           -2.
 
  2027          -1.       2.      -2.       5.       1.       6.
                                                                            2.
 
        bps_permits 41660            PAGE  10, SERIES bps_permits_addi

 D 11  Final seasonally adjusted data
  From  2004.Jan to 2026.Jun
  Observations        270
 -----------------------------------------------------------------------------
               Jan      Feb      Mar      Apr      May      Jun 
               Jul      Aug      Sep      Oct      Nov      Dec        TOTAL  
 -----------------------------------------------------------------------------
  2004          19.      27.      26.      12.      20.      18.
                23.      18.      15.      18.      12.      27.          236.
 
  2005          22.      16.      20.      20.      14.      33.
                29.      22.      22.      19.      22.      31.          269.
 
  2006          41.      29.      19.      26.      34.      33.
                33.      29.      33.     156.      29.      26.          488.
 
  2007          25.      17.      27.      37.      36.      25.
                19.      36.      27.      29.      44.      29.          351.
 
  2008          21.      19.      31.      26.      16.      18.
                25.      20.      27.      19.      20.      21.          262.
 
  2009           5.     220.      10.      15.       1.     132.
                24.      12.      28.      25.      22.      23.          517.
 
  2010           4.      32.       9.      10.       8.       3.
                24.      24.      17.      18.      14.      17.          181.
 
  2011           8.       1.      13.       5.       9.       3.
                19.      16.      15.      24.      11.      21.          144.
 
  2012          50.     183.      13.       7.       7.       8.
                20.      24.      14.      17.      26.      34.          403.
 
  2013          22.      18.      30.      39.      17.     211.
                32.      35.      27.      27.      32.      30.          520.
 
  2014         199.      14.      31.       5.     231.      13.
                28.      18.      19.      33.      18.      17.          627.
 
  2015           9.       6.      26.      13.      21.      38.
                21.      20.      26.      15.      28.      16.          238.
 
  2016           6.      19.      12.      10.       6.       9.
                22.      18.      24.      14.       8.      17.          166.
 
  2017          20.      15.      15.      15.      20.       9.
                13.      21.      14.      17.      24.      16.          200.
 
  2018          20.      22.      19.      29.      34.      15.
                24.      23.       9.      19.      14.      32.          260.
 
  2019          25.      26.      21.      22.      15.      31.
                25.      29.      17.      22.      24.      25.          281.
 
  2020          32.      30.      43.      40.       9.      28.
                96.     105.      38.     114.      85.      60.          681.
 
  2021          26.      21.      28.      77.      24.      29.
                17.       7.      32.      28.      22.      23.          333.
 
  2022          28.      26.      34.      15.      18.      16.
                15.      27.      99.      18.      18.      10.          323.
 
  2023          23.      18.      20.      24.      19.      18.
                23.      20.      28.      20.      17.      23.          253.
 
  2024          19.      19.      32.      24.      26.      14.
                19.      15.       7.      11.      18.      31.          235.
 
  2025          29.      41.      22.      28.      19.      28.
                40.      42.      19.      24.      20.      25.          338.
 
  2026          23.      27.      20.      39.      29.      39.
                                                                          178.
 
  AVGE          29.      37.      23.      23.      28.      33.
                27.      26.      25.      31.      24.      25.

  Table Total-        7485.   Mean-        28.   Std. Dev.-        31.
                              Min -         1.        Max -       231.
        bps_permits 41660            PAGE  11, SERIES bps_permits_addi

 D 12  Final trend cycle
  From  2004.Jan to 2026.Jun
  Observations        270
  Trend filter    13-term Henderson moving average
  I/C ratio        3.39
 -----------------------------------------------------------------------------
               Jan      Feb      Mar      Apr      May      Jun 
               Jul      Aug      Sep      Oct      Nov      Dec        TOTAL  
 -----------------------------------------------------------------------------
  2004          22.      22.      21.      20.      20.      19.
                18.      18.      18.      18.      19.      19.          234.
 
  2005          19.      19.      20.      21.      22.      24.
                24.      24.      23.      24.      26.      28.          275.
 
  2006          29.      29.      28.      28.      30.      34.
                39.      44.      46.      44.      39.      34.          424.
 
  2007          29.      27.      27.      28.      29.      29.
                29.      30.      31.      31.      31.      30.          350.
 
  2008          28.      25.      23.      22.      21.      21.
                21.      20.      20.      21.      25.      31.          279.
 
  2009          40.      48.      52.      51.      45.      37.
                29.      24.      22.      21.      21.      20.          410.
 
  2010          18.      15.      13.      11.      12.      13.
                16.      18.      19.      18.      16.      12.          182.
 
  2011          10.       8.       6.       6.       8.      10.
                12.      14.      17.      21.      25.      28.          164.
 
  2012          28.      26.      21.      16.      12.      11.
                13.      17.      20.      22.      23.      23.          231.
 
  2013          25.      29.      33.      38.      42.      43.
                40.      35.      31.      30.      33.      38.          417.
 
  2014          45.      51.      55.      55.      51.      44.
                36.      30.      24.      20.      17.      15.          443.
 
  2015          14.      14.      16.      19.      23.      25.
                25.      24.      23.      21.      19.      17.          240.
 
  2016          15.      12.      11.      10.      12.      14.
                16.      17.      18.      17.      16.      15.          173.
 
  2017          15.      16.      16.      16.      15.      15.
                15.      16.      17.      18.      19.      19.          197.
 
  2018          21.      22.      24.      25.      25.      24.
                21.      19.      18.      18.      20.      23.          259.
 
  2019          24.      24.      23.      23.      23.      23.
                24.      24.      23.      23.      24.      26.          284.
 
  2020          30.      34.      37.      41.      46.      53.
                61.      70.      76.      76.      69.      57.          649.
 
  2021          45.      34.      28.      24.      22.      22.
                21.      21.      21.      23.      25.      26.          313.
 
  2022          27.      26.      23.      21.      20.      19.
                20.      21.      21.      21.      19.      18.          256.
 
  2023          18.      19.      20.      20.      21.      21.
                22.      22.      22.      21.      21.      21.          247.
 
  2024          21.      22.      23.      23.      22.      19.
                16.      13.      13.      16.      20.      24.          234.
 
  2025          27.      28.      28.      28.      28.      28.
                28.      28.      26.      24.      23.      22.          319.
 
  2026          23.      25.      28.      29.      29.      29.
                                                                          164.
 
  AVGE          25.      25.      25.      25.      25.      25.
                25.      25.      25.      25.      25.      25.

  Table Total-        6742.   Mean-        25.   Std. Dev.-        11.
                              Min -         6.        Max -        76.
        bps_permits 41660            PAGE  12, SERIES bps_permits_addi

 D 13  Final irregular component
  From  2004.Jan to 2026.Jun
  Observations        270
 -----------------------------------------------------------------------------
               Jan      Feb      Mar      Apr      May      Jun 
               Jul      Aug      Sep      Oct      Nov      Dec         S.D.  
 -----------------------------------------------------------------------------
  2004          -4.       5.       5.      -8.       1.      -1.
                 5.       0.      -3.       0.      -6.       8.            5.
 
  2005           3.      -4.      -0.      -1.      -8.       9.
                 5.      -2.      -2.      -6.      -4.       4.            5.
 
  2006          12.      -0.     -10.      -3.       4.      -0.
                -6.     -15.     -12.     112.     -10.      -7.           34.
 
  2007          -4.      -9.       0.       9.       7.      -4.
               -10.       6.      -3.      -3.      13.      -1.            7.
 
  2008          -7.      -6.       8.       4.      -6.      -3.
                 4.      -0.       7.      -2.      -5.     -11.            6.
 
  2009         -35.     172.     -42.     -36.     -44.      95.
                -5.     -12.       6.       4.       1.       3.           61.
 
  2010         -14.      16.      -3.      -1.      -3.     -10.
                 8.       6.      -2.      -0.      -1.       4.            8.
 
  2011          -2.      -7.       6.      -1.       1.      -8.
                 7.       2.      -2.       3.     -13.      -7.            6.
 
  2012          22.     157.      -8.      -9.      -4.      -3.
                 7.       7.      -6.      -5.       3.      11.           46.
 
  2013          -3.     -11.      -3.       1.     -25.     168.
                -8.      -0.      -4.      -3.      -1.      -8.           49.
 
  2014         154.     -37.     -24.     -50.     181.     -31.
                -8.     -12.      -5.      13.       1.       2.           72.
 
  2015          -5.      -8.      10.      -6.      -2.      13.
                -5.      -5.       4.      -6.       9.      -1.            7.
 
  2016          -9.       6.       1.       0.      -6.      -5.
                 6.       1.       6.      -3.      -8.       1.            5.
 
  2017           5.      -1.      -1.      -1.       5.      -5.
                -2.       5.      -3.      -1.       6.      -3.            4.
 
  2018          -0.      -0.      -5.       4.       9.      -9.
                 3.       4.      -9.       1.      -6.       9.            6.
 
  2019           1.       2.      -2.      -1.      -8.       7.
                 1.       5.      -6.      -1.       0.      -1.            4.
 
  2020           2.      -3.       7.      -1.     -37.     -24.
                35.      35.     -38.      38.      16.       2.           25.
 
  2021         -19.     -13.       1.      53.       2.       7.
                -4.     -14.      11.       5.      -3.      -4.           18.
 
  2022           1.       0.      10.      -6.      -2.      -4.
                -5.       6.      77.      -3.      -1.      -8.           23.
 
  2023           5.      -1.       0.       3.      -1.      -3.
                 2.      -2.       6.      -2.      -3.       2.            3.
 
  2024          -2.      -4.       9.       0.       4.      -5.
                 3.       2.      -6.      -4.      -2.       6.            5.
 
  2025           1.      13.      -6.       0.      -9.       0.
                11.      15.      -7.      -0.      -3.       3.            8.
 
  2026          -1.       2.      -8.      10.       0.      10.
                                                                            7.
 
  S.D.          34.      50.      12.      18.      40.      42.
                10.      10.      19.      26.       7.       6.

  Table Total-         743.   Mean-         3.   Std. Dev.-        27.
                              Min -       -50.        Max -       181.
        bps_permits 41660            PAGE  13, SERIES bps_permits_addi

 D 16  Combined adjustment factors
  From  2004.Jan to 2026.Jun
  Observations        270
 -----------------------------------------------------------------------------
               Jan      Feb      Mar      Apr      May      Jun 
               Jul      Aug      Sep      Oct      Nov      Dec         AVGE  
 -----------------------------------------------------------------------------
  2004           3.       0.       8.       1.       4.      -0.
                -7.       0.       1.      -1.      -1.      -8.           -0.
 
  2005           3.       1.       8.       2.       4.      -1.
                -7.      -1.       1.      -2.      -2.      -8.           -0.
 
  2006           2.       3.       8.       2.       4.      -1.
                -7.      -2.       1.      -1.      -2.      -8.           -0.
 
  2007           3.       5.       8.       2.       5.      -2.
                -7.      -2.      -0.      -2.      -3.      -8.           -0.
 
  2008           4.       5.       7.       3.       5.      -1.
                -7.      -2.      -2.      -2.      -4.      -9.           -0.
 
  2009           5.       6.       6.       4.       7.       0.
                -8.      -3.      -3.      -2.      -4.      -9.           -0.
 
  2010           5.       6.       6.       5.       9.       3.
                -9.      -4.      -4.      -3.      -4.     -10.           -0.
 
  2011           4.       7.       5.       5.       9.       4.
                -8.      -5.      -5.      -3.      -5.      -9.           -0.
 
  2012           4.       7.       5.       4.      10.       6.
                -8.      -5.      -5.      -3.      -6.      -8.            0.
 
  2013           3.       7.       4.       4.      10.       6.
                -7.      -4.      -5.      -3.      -6.      -7.            0.
 
  2014           4.       5.       2.       3.      10.       7.
                -7.      -2.      -5.      -3.      -5.      -6.            0.
 
  2015           3.       3.       1.       3.       9.       7.
                -7.      -1.      -4.      -2.      -4.      -5.            0.
 
  2016           2.       0.       1.       3.       8.       8.
                -7.      -0.      -2.      -1.      -2.      -5.            0.
 
  2017           0.      -2.       1.       2.       7.       7.
                -7.       0.       1.       0.      -0.      -4.            0.
 
  2018          -2.      -5.       1.       2.       5.       5.
                -6.       1.       4.       1.      -0.      -4.            0.
 
  2019          -3.      -6.       2.       2.       3.       2.
                -5.       2.       6.       1.      -0.      -3.            0.
 
  2020          -3.      -6.       2.       2.       2.       1.
                -4.       3.       7.       1.      -1.      -3.            0.
 
  2021          -3.      -6.       1.       3.       1.       0.
                -3.       3.       7.       1.      -2.      -3.           -0.
 
  2022          -3.      -6.       0.       3.       0.       1.
                -3.       3.       7.       1.      -2.      -3.           -0.
 
  2023          -3.      -5.       0.       3.      -0.       2.
                -2.       2.       8.       1.      -3.      -4.           -0.
 
  2024          -3.      -4.      -0.       3.      -0.       3.
                -2.       2.       8.       1.      -5.      -5.           -0.
 
  2025          -3.      -2.      -0.       4.       0.       4.
                -2.       2.       7.      -0.      -7.      -5.           -0.
 
  2026          -2.      -0.      -1.       5.       1.       5.
                                                                            1.
 
  AVGE           1.       1.       3.       3.       5.       3.
                -6.      -0.       1.      -1.      -3.      -6.

  Table Total-          12.   Mean-         0.   Std. Dev.-         5.
                              Min -       -10.        Max -        10.

 D 16.A  Combined adjustment component forecasts
  From  2026.Jul to 2027.Jun
  Observations         12
 -----------------------------------------------------------------------------
               Jan      Feb      Mar      Apr      May      Jun 
               Jul      Aug      Sep      Oct      Nov      Dec         AVGE  
 -----------------------------------------------------------------------------
  2026                                                          
                -1.       2.       5.      -1.      -8.      -5.           -2.
 
  2027          -1.       2.      -2.       5.       1.       6.
                                                                            2.
 
        bps_permits 41660            PAGE  14, SERIES bps_permits_addi

 E 4  Differences of annual totals
  From          2004 to 2025
  Observations         22
 -----------------------------------
  Year       Unmodified     Modified
                  (D11)         (E2)
 -----------------------------------
  2004              -1.          -1.
 
  2005              -1.          -1.
 
  2006              -1.          -1.
 
  2007              -1.          -1.
 
  2008              -2.          -2.
 
  2009              -1.          -1.
 
  2010              -1.          -1.
 
  2011              -0.          -0.
 
  2012               1.           1.
 
  2013               2.           2.
 
  2014               2.           2.
 
  2015               4.           4.
 
  2016               4.           4.
 
  2017               4.           4.
 
  2018               2.           2.
 
  2019               2.           2.
 
  2020               0.           0.
 
  2021              -0.          -0.
 
  2022              -1.          -1.
 
  2023              -1.          -1.
 
  2024              -2.          -2.
 
  2025              -3.          -3.
 
        bps_permits 41660            PAGE  15, SERIES bps_permits_addi

 E 5  Month-to-month differences in the original series
  From  2004.Feb to 2026.Jun
  Observations        269
 -----------------------------------------------------------------------------
               Jan      Feb      Mar      Apr      May      Jun 
               Jul      Aug      Sep      Oct      Nov      Dec         AVGE  
 -----------------------------------------------------------------------------
  2004                    5.       7.     -21.      11.      -6.
                -2.       2.      -2.       1.      -6.       8.           -0.
 
  2005           6.      -8.      11.      -6.      -4.      14.
               -10.      -1.       2.      -6.       3.       3.            0.
 
  2006          20.     -11.      -5.       1.      10.      -6.
                -6.       1.       7.     121.    -128.      -9.           -0.
 
  2007          10.      -6.      13.       4.       2.     -18.
               -11.      22.      -7.       0.      14.     -20.            0.
 
  2008           4.      -1.      14.      -9.      -8.      -4.
                 1.       0.       7.      -8.      -1.      -4.           -1.
 
  2009          -2.     216.    -210.       3.     -11.     124.
              -116.      -7.      16.      -2.      -5.      -4.            0.
 
  2010          -5.      29.     -23.       0.       2.     -11.
                 9.       5.      -7.       2.      -5.      -3.           -1.
 
  2011           5.      -4.      10.      -8.       8.     -11.
                 4.       0.      -1.      11.     -15.       6.            0.
 
  2012          42.     136.    -172.      -7.       6.      -3.
                -2.       7.     -10.       5.       6.       6.            1.
 
  2013          -1.       0.       9.       9.     -16.     190.
              -192.       6.      -9.       2.       2.      -3.           -0.
 
  2014         180.    -184.      14.     -25.     233.    -221.
                 1.      -5.      -2.      16.     -17.      -2.           -1.
 
  2015           1.      -3.      18.     -11.      14.      15.
               -31.       5.       3.      -9.      11.     -13.            0.
 
  2016          -3.      11.      -6.       0.       1.       3.
                -2.       3.       4.      -9.      -7.       6.            0.
 
  2017           8.      -7.       3.       1.      10.     -11.
               -10.      15.      -6.       2.       7.     -12.            0.
 
  2018           6.      -1.       3.      11.       8.     -19.
                -2.       6.     -11.       7.      -6.      14.            1.
 
  2019          -6.      -2.       3.       1.      -6.      15.
               -13.      11.      -8.       0.       1.      -2.           -0.
 
  2020           7.      -5.      21.      -3.     -31.      18.
                63.      16.     -63.      70.     -31.     -27.            3.
 
  2021         -34.      -8.      14.      51.     -55.       4.
               -15.      -4.      29.     -10.      -9.       0.           -3.
 
  2022           5.      -5.      14.     -16.       0.      -1.
                -5.      18.      76.     -87.      -3.      -9.           -1.
 
  2023          13.      -7.       7.       7.      -8.       1.
                 1.       1.      14.     -15.      -7.       5.            1.
 
  2024          -3.      -1.      17.      -5.      -1.      -9.
                 0.       0.      -2.      -3.       1.      13.            1.
 
  2025           0.      13.     -17.      10.     -13.      13.
                 6.       6.     -18.      -2.     -11.       7.           -0.
 
  2026           1.       6.      -8.      25.     -14.      14.
                                                                            4.
 
  AVGE          12.       7.     -11.       1.       6.       4.
               -15.       5.       1.       4.      -9.      -2.

  Table Total-          22.   Mean-         0.   Std. Dev.-        43.
                              Min -      -221.        Max -       233.
        bps_permits 41660            PAGE  16, SERIES bps_permits_addi

 E 6  Month-to-month differences in seasonally adjusted series (D11)
  From  2004.Feb to 2026.Jun
  Observations        269
 -----------------------------------------------------------------------------
               Jan      Feb      Mar      Apr      May      Jun 
               Jul      Aug      Sep      Oct      Nov      Dec         AVGE  
 -----------------------------------------------------------------------------
  2004                    8.      -0.     -14.       8.      -2.
                 5.      -5.      -3.       4.      -6.      15.            1.
 
  2005          -5.      -7.       4.       0.      -6.      19.
                -4.      -7.      -0.      -3.       3.      10.            0.
 
  2006           9.     -12.     -10.       7.       8.      -0.
                -0.      -5.       5.     123.    -127.      -3.           -0.
 
  2007          -1.      -8.      10.      10.      -0.     -11.
                -6.      17.      -8.       1.      15.     -15.            0.
 
  2008          -8.      -2.      12.      -5.     -11.       3.
                 7.      -5.       7.      -8.       1.       1.           -1.
 
  2009         -16.     215.    -210.       5.     -14.     131.
              -108.     -12.      16.      -3.      -3.       1.            0.
 
  2010         -19.      27.     -22.       1.      -2.      -5.
                20.       0.      -6.       0.      -3.       2.           -1.
 
  2011          -9.      -7.      12.      -7.       3.      -6.
                17.      -4.      -1.       9.     -13.      10.            0.
 
  2012          29.     132.    -170.      -6.       1.       1.
                12.       4.     -10.       3.       8.       9.            1.
 
  2013         -13.      -4.      12.       9.     -22.     193.
              -178.       3.      -7.      -0.       5.      -2.           -0.
 
  2014         169.    -186.      17.     -26.     226.    -218.
                15.     -10.       1.      13.     -15.      -1.           -1.
 
  2015          -8.      -3.      20.     -12.       7.      17.
               -17.      -1.       7.     -11.      12.     -12.           -0.
 
  2016         -10.      13.      -7.      -2.      -5.       3.
                13.      -4.       6.     -10.      -6.       9.            0.
 
  2017           3.      -5.       0.      -0.       5.     -11.
                 4.       8.      -7.       3.       8.      -8.           -0.
 
  2018           4.       2.      -3.      10.       5.     -19.
                10.      -1.     -14.      10.      -5.      18.            1.
 
  2019          -8.       1.      -4.       1.      -8.      16.
                -5.       4.     -12.       5.       2.       1.           -1.
 
  2020           6.      -1.      13.      -3.     -31.      19.
                68.       9.     -67.      76.     -29.     -25.            3.
 
  2021         -34.      -5.       7.      49.     -53.       5.
               -11.     -11.      25.      -4.      -6.       1.           -3.
 
  2022           5.      -2.       8.     -19.       3.      -2.
                -1.      12.      72.     -81.       1.      -8.           -1.
 
  2023          13.      -5.       2.       4.      -4.      -2.
                 6.      -4.       9.      -9.      -2.       6.            1.
 
  2024          -4.      -0.      13.      -9.       3.     -13.
                 5.      -4.      -8.       4.       7.      13.            1.
 
  2025          -2.      12.     -19.       6.      -9.       9.
                12.       3.     -23.       5.      -4.       5.           -0.
 
  2026          -2.       4.      -7.      19.     -10.      10.
                                                                            2.
 
  AVGE           5.       7.     -14.       1.       4.       6.
                -6.      -1.      -1.       6.      -7.       1.

  Table Total-          21.   Mean-         0.   Std. Dev.-        42.
                              Min -      -218.        Max -       226.
        bps_permits 41660            PAGE  17, SERIES bps_permits_addi

 E 7  Month-to-month differences in final trend cycle (D12)
  From  2004.Feb to 2026.Jun
  Observations        269
 -----------------------------------------------------------------------------
               Jan      Feb      Mar      Apr      May      Jun 
               Jul      Aug      Sep      Oct      Nov      Dec         AVGE  
 -----------------------------------------------------------------------------
  2004                   -0.      -1.      -1.      -1.      -1.
                -1.      -0.       0.       0.       1.       1.           -0.
 
  2005           0.       0.       0.       1.       2.       1.
                 0.      -0.      -0.       1.       2.       2.            1.
 
  2006           1.       0.      -1.      -0.       1.       4.
                 5.       5.       2.      -2.      -5.      -6.            1.
 
  2007          -5.      -2.      -0.       1.       1.       0.
                -0.       1.       1.       1.      -0.      -1.           -0.
 
  2008          -2.      -2.      -2.      -1.      -0.       0.
                -0.      -1.      -0.       1.       4.       6.            0.
 
  2009           8.       8.       4.      -1.      -6.      -8.
                -7.      -5.      -2.      -1.       0.      -1.           -1.
 
  2010          -2.      -3.      -3.      -1.       0.       2.
                 2.       2.       1.      -1.      -3.      -3.           -1.
 
  2011          -3.      -2.      -1.       0.       1.       2.
                 2.       2.       3.       4.       4.       3.            1.
 
  2012           0.      -3.      -5.      -5.      -4.      -1.
                 2.       4.       3.       2.       1.       0.           -0.
 
  2013           2.       4.       5.       5.       4.       1.
                -3.      -5.      -4.      -1.       3.       5.            1.
 
  2014           7.       6.       4.      -0.      -4.      -7.
                -7.      -7.      -6.      -4.      -3.      -2.           -2.
 
  2015          -1.      -0.       2.       3.       3.       2.
                 1.      -1.      -2.      -2.      -2.      -2.            0.
 
  2016          -2.      -2.      -2.      -0.       1.       2.
                 2.       1.       1.      -1.      -1.      -1.           -0.
 
  2017           0.       0.       0.      -0.      -1.      -0.
                 0.       1.       1.       1.       1.       1.            0.
 
  2018           1.       1.       2.       1.       0.      -1.
                -3.      -2.      -1.       1.       2.       2.            0.
 
  2019           1.       0.      -0.      -0.       0.       0.
                 0.      -0.      -1.      -0.       1.       3.            0.
 
  2020           4.       4.       3.       4.       5.       7.
                 9.       9.       6.      -0.      -7.     -12.            3.
 
  2021         -13.     -10.      -7.      -4.      -1.      -0.
                -1.      -0.       0.       2.       2.       1.           -3.
 
  2022           0.      -1.      -2.      -2.      -2.      -0.
                 1.       1.       0.      -1.      -1.      -1.           -1.
 
  2023          -0.       1.       1.       1.       0.       0.
                 0.       0.      -0.      -0.      -1.      -0.            0.
 
  2024           1.       1.       1.       0.      -1.      -3.
                -3.      -2.      -0.       2.       4.       4.            0.
 
  2025           3.       1.      -0.      -1.      -0.       0.
                 0.      -1.      -1.      -2.      -2.      -1.           -0.
 
  2026           1.       2.       2.       1.       0.      -1.
                                                                            1.
 
  AVGE           0.       0.       0.       0.      -0.      -0.
                 0.       0.       0.       0.       0.       0.

  Table Total-           6.   Mean-         0.   Std. Dev.-         3.
                              Min -       -13.        Max -         9.
        bps_permits 41660            PAGE  18, SERIES bps_permits_addi

 E 8  Month-to-month differences in original series adjusted for calendar factors (A18)
  From  2004.Feb to 2026.Jun
  Observations        269
 -----------------------------------------------------------------------------
               Jan      Feb      Mar      Apr      May      Jun 
               Jul      Aug      Sep      Oct      Nov      Dec         AVGE  
 -----------------------------------------------------------------------------
  2004                    5.       7.     -21.      11.      -6.
                -2.       2.      -2.       1.      -6.       8.           -0.
 
  2005           6.      -8.      11.      -6.      -4.      14.
               -10.      -1.       2.      -6.       3.       3.            0.
 
  2006          20.     -11.      -5.       1.      10.      -6.
                -6.       1.       7.     121.    -128.      -9.           -0.
 
  2007          10.      -6.      13.       4.       2.     -18.
               -11.      22.      -7.       0.      14.     -20.            0.
 
  2008           4.      -1.      14.      -9.      -8.      -4.
                 1.       0.       7.      -8.      -1.      -4.           -1.
 
  2009          -2.     216.    -210.       3.     -11.     124.
              -116.      -7.      16.      -2.      -5.      -4.            0.
 
  2010          -5.      29.     -23.       0.       2.     -11.
                 9.       5.      -7.       2.      -5.      -3.           -1.
 
  2011           5.      -4.      10.      -8.       8.     -11.
                 4.       0.      -1.      11.     -15.       6.            0.
 
  2012          42.     136.    -172.      -7.       6.      -3.
                -2.       7.     -10.       5.       6.       6.            1.
 
  2013          -1.       0.       9.       9.     -16.     190.
              -192.       6.      -9.       2.       2.      -3.           -0.
 
  2014         180.    -184.      14.     -25.     233.    -221.
                 1.      -5.      -2.      16.     -17.      -2.           -1.
 
  2015           1.      -3.      18.     -11.      14.      15.
               -31.       5.       3.      -9.      11.     -13.            0.
 
  2016          -3.      11.      -6.       0.       1.       3.
                -2.       3.       4.      -9.      -7.       6.            0.
 
  2017           8.      -7.       3.       1.      10.     -11.
               -10.      15.      -6.       2.       7.     -12.            0.
 
  2018           6.      -1.       3.      11.       8.     -19.
                -2.       6.     -11.       7.      -6.      14.            1.
 
  2019          -6.      -2.       3.       1.      -6.      15.
               -13.      11.      -8.       0.       1.      -2.           -0.
 
  2020           7.      -5.      21.      -3.     -31.      18.
                63.      16.     -63.      70.     -31.     -27.            3.
 
  2021         -34.      -8.      14.      51.     -55.       4.
               -15.      -4.      29.     -10.      -9.       0.           -3.
 
  2022           5.      -5.      14.     -16.       0.      -1.
                -5.      18.      76.     -87.      -3.      -9.           -1.
 
  2023          13.      -7.       7.       7.      -8.       1.
                 1.       1.      14.     -15.      -7.       5.            1.
 
  2024          -3.      -1.      17.      -5.      -1.      -9.
                 0.       0.      -2.      -3.       1.      13.            1.
 
  2025           0.      13.     -17.      10.     -13.      13.
                 6.       6.     -18.      -2.     -11.       7.           -0.
 
  2026           1.       6.      -8.      25.     -14.      14.
                                                                            4.
 
  AVGE          12.       7.     -11.       1.       6.       4.
               -15.       5.       1.       4.      -9.      -2.

  Table Total-          22.   Mean-         0.   Std. Dev.-        43.
                              Min -      -221.        Max -       233.
        bps_permits 41660            PAGE  19, SERIES bps_permits_addi

 E 18  Final adjustment ratios
  From  2004.Jan to 2026.Jun
  Observations        270
 -----------------------------------------------------------------------------
               Jan      Feb      Mar      Apr      May      Jun 
               Jul      Aug      Sep      Oct      Nov      Dec         AVGE  
 -----------------------------------------------------------------------------
  2004      118.278  100.965  129.211  105.348  118.535   98.925
             69.971  100.443  109.649   91.973   89.598   70.268       100.264
 
  2005      112.760  109.024  140.985  108.093  128.252   97.665
             75.509   95.950  105.685   91.361   92.265   73.216       102.564
 
  2006      106.081  111.152  144.430  109.140  113.235   95.659
             78.291   94.108  101.636   99.055   92.208   68.371       101.114
 
  2007      111.801  126.788  129.366  106.598  112.979   92.314
             63.891   95.055   98.282   94.317   92.999   71.845        99.686
 
  2008      118.391  127.103  123.954  110.969  134.525   93.574
             72.366   89.664   93.842   88.829   80.540   57.639        99.283
 
  2009      200.148  102.797  160.547  123.502  730.462  100.250
             67.539   77.059   89.172   90.795   81.076   60.150       156.958
 
  2010      205.118  120.004  161.081  144.787  200.841  178.656
             63.658   84.394   74.942   84.090   69.000   42.031       119.050
 
  2011      152.095 1097.051  143.975  190.884  206.833  268.635
             56.637   70.368   67.052   87.723   52.758   56.674       204.224
 
  2012      107.181  104.064  141.245  163.826  227.841  172.012
             60.007   79.889   63.455   80.878   78.147   76.169       112.893
 
  2013      115.967  139.660  112.604  109.017  156.386  102.992
             77.648   89.166   80.655   88.667   81.611   76.525       102.575
 
  2014      101.803  138.127  107.777  160.172  104.280  154.222
             74.932   87.346   72.179   91.733   71.526   64.230       102.361
 
  2015      138.604  151.130  105.158  118.585  144.156  119.336
             67.527   96.102   83.189   85.259   86.550   68.075       105.306
 
  2016      128.411  100.315  108.011  124.224  240.112  185.435
             68.148   97.379   91.082   91.614   73.904   71.453       115.007
 
  2017      100.048   86.514  106.315  114.977  133.459  172.194
             45.943  100.416  107.015  100.605   98.335   74.050       103.323
 
  2018       89.924   78.958  107.638  106.719  114.719  134.356
             73.665  103.373  147.792  104.308   99.418   87.387       104.021
 
  2019       89.709   78.185  107.920  107.268  122.263  107.996
             79.078  107.464  138.228  104.796   99.029   86.745       102.390
 
  2020       91.171   78.726  103.512  104.813  121.864  102.888
             95.767  102.957  118.967  100.835   99.114   95.109       101.310
 
  2021       88.645   70.259  102.945  103.526  104.588  101.519
             81.109  148.808  122.115  104.586   92.107   87.912       100.677
 
  2022       89.658   77.899  101.040  119.621  100.054  108.736
             81.216  111.331  107.393  107.711   87.108   67.709        96.623
 
  2023       86.655   72.981  100.591  113.731   97.759  112.514
             89.463  112.503  127.326  106.219   80.760   82.418        98.577
 
  2024       84.024   80.296   99.491  114.696   98.972  123.477
             88.813  112.244  205.349  105.812   72.791   84.381       105.862
 
  2025       90.921   94.921   97.841  114.200  101.424  114.215
             95.861  104.177  133.554   98.789   65.513   79.198        99.218
 
  2026       91.870   99.831   94.906  111.815  102.317  112.509
                                                                       102.208
 
  AVGE      113.881  145.511  118.719  121.153  161.559  128.264
             73.956   98.191  106.298   95.453   83.471   72.798

  Table Total-       29813.   Mean-       110.   Std. Dev.-        79.
                              Min -        42.        Max -      1097.

 E 18.A  Final adjustment ratio forecasts
  From  2026.Jul to 2027.Jun
  Observations         12
 -----------------------------------------------------------------------------
               Jan      Feb      Mar      Apr      May      Jun 
               Jul      Aug      Sep      Oct      Nov      Dec         AVGE  
 -----------------------------------------------------------------------------
  2026                                                          
             95.059  107.256  122.602   96.448   71.193   77.779        95.056
 
  2027       95.367  104.617   94.353  123.815  103.123  118.194
                                                                       106.578
 

  QS statistic for seasonality:
  Original Series                                     0.00  (P-Value =     1.0000)
  Original Series (EV adj)                            0.00  (P-Value =     1.0000)
  Residuals                                           0.00  (P-Value =     1.0000)
  Seasonally Adjusted Series                          0.00  (P-Value =     1.0000)
  Seasonally Adjusted Series (EV adj)                 0.00  (P-Value =     1.0000)
  Irregular Series                                    0.00  (P-Value =     1.0000)
  Irregular Series (EV adj)                           0.00  (P-Value =     1.0000)

  QS statistic for seasonality (starting 2018.Jul):
  Original Series                                     1.10  (P-Value =     0.5759)
  Original Series (EV adj)                            1.10  (P-Value =     0.5759)
  Residuals                                           2.02  (P-Value =     0.3638)
  Seasonally Adjusted Series                          0.68  (P-Value =     0.7127)
  Seasonally Adjusted Series (EV adj)                 0.00  (P-Value =     1.0000)
  Irregular Series                                    0.05  (P-Value =     0.9766)
  Irregular Series (EV adj)                           0.00  (P-Value =     1.0000)


 WARNING: Series should not be a candidate for seasonal adjustment
          because the spectrum of the original series (Table A1 or B1)
          has no visually significant seasonal peaks.

          If this is a component series of an indirectly adjusted
          composite series, consider using type = trend or type = summary
          in the x11 spec.
        bps_permits 41660            PAGE  20, SERIES bps_permits_addi
 G 0  10*LOG(SPECTRUM) of the differenced Original Series
      (Table A1 or B1).  Spectrum estimated from 2018.Jul to 2026.Jun.
 ++++++++++I+++++++++++++++++++++++++++++++++++++++++++++++++++++++++++++I
      32.84I                                                          *  I     32.84
           I                                                          *  I
           I                            *             T               *  I
           I                            *             T*              *  I
      31.23I                            *             T*             **  I     31.23
           I                            *   *         T*             **  I
           I                            *   *         T*             **  I
           I                            *   *         T*             **  I
      29.62I                            *   *         T*             **  I     29.62
           I                            *   *        *T*     *       *** I
           I                            *   *    *   *T*     *       *** I
           I                     *      *   *    *   *T*     *       *** I
      28.00I                    S*      *   **   *   *T**    *       ***SI     28.00
           I                    S*      **  **   *   *T**    *      ****SI
           I                    S*      **  **   **  *T**    *      ****SI
           I                    S*      **  **   ** S*T**    *    * ****SI
      26.39I                    S*     ***  **   ** S*T**   **    ******SI     26.39
           I               **   S*     ***  **   ** S*T**   **   *******SI
           I               **   S*     *** ***   ***S*T**   **S  *******SI
           I               **   S** *  *** ***  ****S*T**   **S  *******SI
      24.77I               **   S****  *** ***  ****S*T**   **S  *******SI     24.77
           I               **   S***** ***S***  ****S*T**   **S  *******SI
           I               **   S*********S***  ****S*T***  **S*T*******SI
           I               **   S*********S***  ****S*T***  **S*T*******SI
      23.16I               **  *S*********S**** ****S*T*** ***S*T*******SI     23.16
           I              **** *S*********S*********S*T*** ***S*T*******SI
           I              **** *S*********S*********S*T*******S*T*******SI
           I              **** *S*********S*********S*T*******S*T*******SI
      21.54I          S   ******S*********S*********S*T*******S*T*******SI     21.54
           I          S   ******S*********S*********S*T*******S*T*******SI
           I         *S* *******S*********S*********S*T*******S*T*******SI
           I     *   *S*********S*********S*********S*T*******S*T*******SI
      19.93I     *   *S*********S*********S*********S*T*******S*T*******SI     19.93
           I     **  *S*********S*********S*********S*T*******S*T*******SI
           I     ** **S*********S*********S*********S*T*******S*T*******SI
           I     ** **S*********S*********S*********S*T*******S*T*******SI
      18.31I     *****S*********S*********S*********S*T*******S*T*******SI     18.31
           I     *****S*********S*********S*********S*T*******S*T*******SI
           I     *****S*********S*********S*********S*T*******S*T*******SI
           I    ******S*********S*********S*********S*T*******S*T*******SI
      16.70I    ******S*********S*********S*********S*T*******S*T*******SI     16.70
           I    ******S*********S*********S*********S*T*******S*T*******SI
           I    ******S*********S*********S*********S*T*******S*T*******SI
           I    ******S*********S*********S*********S*T*******S*T*******SI
      15.08I    ******S*********S*********S*********S*T*******S*T*******SI     15.08
           I    ******S*********S*********S*********S*T*******S*T*******SI
           I    ******S*********S*********S*********S*T*******S*T*******SI
           I   *******S*********S*********S*********S*T*******S*T*******SI
      13.47I   *******S*********S*********S*********S*T*******S*T*******SI     13.47
           I   *******S*********S*********S*********S*T*******S*T*******SI
           I   *******S*********S*********S*********S*T*******S*T*******SI
           I  ********S*********S*********S*********S*T*******S*T*******SI
      11.86I**********S*********S*********S*********S*T*******S*T*******SI     11.86
 ++++++++++I+++++++++++++++++++++++++++++++++++++++++++++++++++++++++++++I
            S=SEASONAL FREQUENCIES, T=TRADING DAY FREQUENCIES
        bps_permits 41660            PAGE  21, SERIES bps_permits_addi
 G 1  10*LOG(SPECTRUM) of the differenced seasonally adjusted 
      data (Table E2).  Spectrum estimated from 2018.Jul to 2026.Jun.
 ++++++++++I+++++++++++++++++++++++++++++++++++++++++++++++++++++++++++++I
      26.26I                                                         *   I     26.26
           I                                                         *   I
           I                                                         **  I
           I                                                         **  I
      24.92I                                                         ***SI     24.92
           I                                            *            ***SI
           I                                            *            ***SI
           I                                            *            ***SI
      23.58I                                            *            ***SI     23.58
           I                                            *           ****SI
           I                **                          *           ****SI
           I                **                          **          ****SI
      22.24I                **                          **          ****SI     22.24
           I                **    *            **       **       *  ****SI
           I                **    *            **       **       *  ****SI
           I                **   **        *   **       **       *  ****SI
      20.90I                **   **        ** ****      **      T*  ****SI     20.90
           I                **   **        ** ****      **      T*  ****SI
           I        *       **   **        ** ****      ***     T* *****SI
           I       **       **   **        *******     ****     T*******SI
      19.57I       **       **   **        *******     ****     T*******SI     19.57
           I       **      ***   **        ********    ****     T*******SI
           I       **      ***   **       S********    ****     T*******SI
           I       **    * ***   **       S********    ****     T*******SI
      18.23I       **    ******  ***      S********    ****     T*******SI     18.23
           I       **    ******  ***      S********    ****     T*******SI
           I       **   ******* S***      S********    *****    T*******SI
           I      ****  ******* S***      S********    *****   *T*******SI
      16.89I      ****  ******* S***      S*********   *****   *T*******SI     16.89
           I    ******  ******* S***  *   S*********  T*****   *T*******SI
           I    ******  ********S******  *S*********  T*****   *T*******SI
           I    ****** *********S******* *S*********  T*****   *T*******SI
      15.55I    ******S*********S******* *S*********  T******  *T*******SI     15.55
           I    ******S*********S*********S*********S*T****** S*T*******SI
           I    ******S*********S*********S*********S*T****** S*T*******SI
           I   *******S*********S*********S*********S*T*******S*T*******SI
      14.21I   *******S*********S*********S*********S*T*******S*T*******SI     14.21
           I   *******S*********S*********S*********S*T*******S*T*******SI
           I   *******S*********S*********S*********S*T*******S*T*******SI
           I   *******S*********S*********S*********S*T*******S*T*******SI
      12.87I   *******S*********S*********S*********S*T*******S*T*******SI     12.87
           I   *******S*********S*********S*********S*T*******S*T*******SI
           I   *******S*********S*********S*********S*T*******S*T*******SI
           I   *******S*********S*********S*********S*T*******S*T*******SI
      11.54I  ********S*********S*********S*********S*T*******S*T*******SI     11.54
           I  ********S*********S*********S*********S*T*******S*T*******SI
           I  ********S*********S*********S*********S*T*******S*T*******SI
           I  ********S*********S*********S*********S*T*******S*T*******SI
      10.20I  ********S*********S*********S*********S*T*******S*T*******SI     10.20
           I  ********S*********S*********S*********S*T*******S*T*******SI
           I *********S*********S*********S*********S*T*******S*T*******SI
           I *********S*********S*********S*********S*T*******S*T*******SI
       8.86I**********S*********S*********S*********S*T*******S*T*******SI      8.86
 ++++++++++I+++++++++++++++++++++++++++++++++++++++++++++++++++++++++++++I
            S=SEASONAL FREQUENCIES, T=TRADING DAY FREQUENCIES
        bps_permits 41660            PAGE  22, SERIES bps_permits_addi
 G 2  10*LOG(SPECTRUM) of the Modified Irregular (Table E3).  
      Spectrum estimated from 2018.Jul to 2026.Jun.
 ++++++++++I+++++++++++++++++++++++++++++++++++++++++++++++++++++++++++++I
      21.59I                 *                                           I     21.59
           I                 *                                           I
           I                 *   **                                      I
           I                 *   **                                      I
      20.30I                **   **                                  *   I     20.30
           I                **   **                     *            *   I
           I                **   **                     *            ** SI
           I                **   **                     *            ** SI
      19.01I                **   **                     *            ***SI     19.01
           I                **   **                     *            ***SI
           I                **   **                     *            ***SI
           I                **   **             *       *            ***SI
      17.73I                **   **         *   *       *            ***SI     17.73
           I              * **   ***       **  **       *            ***SI
           I              ****   ***       **  **       **          ****SI
           I              ****   ***       ******       **       *  ****SI
      16.44I              ****   ****      *******      **       *  ****SI     16.44
           I             *****   *****     *******      **       *  ****SI
           I             ******  *****     *******      **       *  ****SI
           I             ****** S*****    S*******      **       *  ****SI
      15.15I*            ****** S*****    S*******      **       *  ****SI     15.15
           I*            ****** S*****    S*******      **      T*  ****SI
           I*            ****** S******   S*******      ***     T*  ****SI
           I*            ****** S******   S********     ***     T*  ****SI
      13.86I*            *******S******   S********     ***     T*******SI     13.86
           I*            *******S******  *S********    ****     T*******SI
           I*            *******S******* *S********    ****     T*******SI
           I**           *******S*********S********    *****    T*******SI
      12.57I**           *******S*********S********    *****    T*******SI     12.57
           I**           *******S*********S********    *****    T*******SI
           I**           *******S*********S********    *****    T*******SI
           I**       *  ********S*********S*********   *****    T*******SI
      11.28I**       *  ********S*********S*********   *****    T*******SI     11.28
           I**       *  ********S*********S*********   *****    T*******SI
           I***      *S ********S*********S*********   ******  *T*******SI
           I***      *S ********S*********S*********  T******  *T*******SI
       9.99I***      *S*********S*********S*********S T******  *T*******SI      9.99
           I****     *S*********S*********S*********S T******  *T*******SI
           I****     *S*********S*********S*********S*T******  *T*******SI
           I****     *S*********S*********S*********S*T*******S*T*******SI
       8.71I****     *S*********S*********S*********S*T*******S*T*******SI      8.71
           I****    **S*********S*********S*********S*T*******S*T*******SI
           I*****   **S*********S*********S*********S*T*******S*T*******SI
           I*****   **S*********S*********S*********S*T*******S*T*******SI
       7.42I*****   **S*********S*********S*********S*T*******S*T*******SI      7.42
           I*****   **S*********S*********S*********S*T*******S*T*******SI
           I*****   **S*********S*********S*********S*T*******S*T*******SI
           I*****   **S*********S*********S*********S*T*******S*T*******SI
       6.13I*****   **S*********S*********S*********S*T*******S*T*******SI      6.13
           I******  **S*********S*********S*********S*T*******S*T*******SI
           I****** ***S*********S*********S*********S*T*******S*T*******SI
           I****** ***S*********S*********S*********S*T*******S*T*******SI
       4.84I**********S*********S*********S*********S*T*******S*T*******SI      4.84
 ++++++++++I+++++++++++++++++++++++++++++++++++++++++++++++++++++++++++++I
            S=SEASONAL FREQUENCIES, T=TRADING DAY FREQUENCIES
        bps_permits 41660            PAGE  23, SERIES bps_permits_addi

  Peak probabilities for Tukey spectrum estimator
  Spectrum estimated from 2018.Jul to 2026.Jun.

                                          S1       S2       S3       S4       S5       S6       TD
                                        ------   ------   ------   ------   ------   ------   ------
  Model Residuals                        0.041    0.039    0.529    0.256    0.108    0.557    0.927* 
  Original Series (Table A1 or B1)       0.952*   0.674    0.087    0.096    0.339    0.361    0.663  
  Seasonally adjusted series (E2)        0.227    0.042    0.406    0.271    0.300    0.558    0.076  
  Modified Irregular (E3)                0.143    0.030    0.390    0.194    0.257    0.572    0.048  
  ----------
     ** - Peak Probability > 0.99,
      * - 0.90 < Peak Probability < 0.99


