  Reading input spec file from D:\Programming\Dynamic Paper-dlrhcs_replication\outputs\empirical\unemployment\raw_sa_pilot\x13_work\bps_permits_additive_level_35620_200401_202606.spc

1

               U. S. Department of Commerce, U. S. Census Bureau

              X-13ARIMA-SEATS monthly seasonal adjustment Method,
                          Release Version 1.1 Build 62


           This software application provides an enhanced version of
             Statistics Canada's X-11-ARIMA extension (Dagum, 1980)
                 of the X-11 variant of the Census Method II of
                      Shiskin, Young and Musgrave (1967).

            It also provides an ARIMA model-based method following
       Hillmer and Tiao (1982) and Burman (1980) that is very similar
       to the update of the method of SEATS (Gomez and Maravall, 1996)
                produced at the Bank of Spain by G. Caporello and
               A. Maravall for TSW (Caporello and Maravall, 2004).
          The present application includes additional enhancements.

         X-13ARIMA-SEATS includes an automatic ARIMA model selection procedure
          based largely on the procedure of Gomez and Maravall (1998)
            as implemented in TRAMO (1996) and subsequent revisions.

              Primary Programmers: Brian Monsell, Mark Otto and,
                 for the ARIMA model-based signal extraction,
                      Gianluca Caporello and Victor Gomez


     Series Title- bps_permits 35620
     Series Name- bps_permits_addi
     Jul 29, 2026  08.31.58 

        -Period covered-  1st month,2004 to  6th month,2026
        -Type of run - additive seasonal adjustment

        -Sigma limits for graduating extreme values are  1.5 and  2.5 .
        -3x3 moving average used in section 1 of each iteration, 
         3x5 moving average in section 2 of iterations B and C,
         moving average for final seasonal factors chosen by Global MSR.
        -Holiday adjustment factors applied directly to the final seasonally adjusted series
        -Spectral plots generated for selected series
        -Spectral plots generated for series starting in 2018.Jul

 FILE SAVE REQUESTS (* indicates file exists and will be overwritten)
  D:\Programming\Dynamic Paper-dlrhcs_replication\outputs\empirical\unemployment\raw_sa_pilot\x13_work\bps_permits_additive_level_35620_200401_202606.d10  final seasonal factors
  D:\Programming\Dynamic Paper-dlrhcs_replication\outputs\empirical\unemployment\raw_sa_pilot\x13_work\bps_permits_additive_level_35620_200401_202606.d11  final seasonally adjusted data
  D:\Programming\Dynamic Paper-dlrhcs_replication\outputs\empirical\unemployment\raw_sa_pilot\x13_work\bps_permits_additive_level_35620_200401_202606.out  program output file
  D:\Programming\Dynamic Paper-dlrhcs_replication\outputs\empirical\unemployment\raw_sa_pilot\x13_work\bps_permits_additive_level_35620_200401_202606.err  program error file
        bps_permits 35620            PAGE   1, SERIES bps_permits_addi

     Contents of spc file D:\Programming\Dynamic Paper-dlrhcs_replication\outputs\empirical\unemployment\raw_sa_pilot\x13_work\bps_permits_additive_level_35620_200401_202606.spc

 Line #
 ------
      1: series {
      2:   title = "bps_permits 35620"
      3:   start = 2004.1
      4:   period = 12
      5:   data = (
      6: 3019
      7: 2838
      8: 4136
      9: 4639
     10: 5156
     11: 5869
     12: 5381
     13: 5023
     14: 4575
     15: 4515
     16: 5544
     17: 4934
     18: 4027
     19: 3587
     20: 4699
     21: 6375
     22: 5683
     23: 7617
     24: 5274
     25: 5787
     26: 5718
     27: 4430
     28: 5839
     29: 5117
     30: 4600
     31: 4391
     32: 5420
     33: 4464
     34: 5199
     35: 6228
     36: 4693
     37: 6264
     38: 4861
     39: 4260
     40: 4511
     41: 5014
     42: 4371
     43: 3155
     44: 4204
     45: 4706
     46: 4474
     47: 6670
     48: 5205
     49: 4788
     50: 4078
     51: 4799
     52: 4450
     53: 4294
     54: 3570
     55: 2463
     56: 2788
     57: 3365
     58: 5875
     59: 20802
     60: 3334
     61: 1957
     62: 2301
     63: 1845
     64: 1496
     65: 1650
     66: 1030
     67: 1013
     68: 1122
     69: 1335
     70: 1004
     71: 1953
     72: 1243
     73: 1233
     74: 1260
     75: 1100
     76: 1423
     77: 1759
     78: 874
     79: 934
     80: 1453
     81: 1072
     82: 1352
     83: 2706
     84: 1358
     85: 1499
     86: 1430
     87: 1557
     88: 996
     89: 2984
     90: 1234
     91: 923
     92: 1538
     93: 1469
     94: 2571
     95: 3538
     96: 1443
     97: 1861
     98: 1081
     99: 1484
    100: 1839
    101: 2071
    102: 1686
    103: 1791
    104: 1835
    105: 2472
    106: 1990
    107: 2869
    108: 2791
    109: 2209
    110: 2406
    111: 2300
    112: 1794
    113: 2723
    114: 2965
    115: 1517
    116: 1754
    117: 3003
    118: 3362
    119: 4087
    120: 3396
    121: 4689
    122: 2705
    123: 3325
    124: 3246
    125: 4661
    126: 1673
    127: 2754
    128: 5762
    129: 3777
    130: 3810
    131: 3378
    132: 5156
    133: 3326
    134: 4786
    135: 2532
    136: 3266
    137: 3747
    138: 3285
    139: 1987
    140: 5308
    141: 9373
    142: 16366
    143: 22481
    144: 3841
    145: 3517
    146: 2941
    147: 4276
    148: 3596
    149: 10559
    150: 1549
    151: 3218
    152: 2640
    153: 2987
    154: 3036
    155: 4255
    156: 2939
    157: 4275
    158: 4258
    159: 2559
    160: 3483
    161: 4709
    162: 5524
    163: 2725
    164: 3699
    165: 4285
    166: 4075
    167: 3913
    168: 4044
    169: 4120
    170: 3392
    171: 3866
    172: 3593
    173: 5527
    174: 3076
    175: 3444
    176: 4947
    177: 2619
    178: 5325
    179: 4606
    180: 4279
    181: 3131
    182: 2827
    183: 3443
    184: 4279
    185: 4004
    186: 4389
    187: 3241
    188: 3662
    189: 3830
    190: 3412
    191: 4738
    192: 4463
    193: 5037
    194: 4773
    195: 6042
    196: 6967
    197: 5708
    198: 5982
    199: 2929
    200: 3410
    201: 1571
    202: 2886
    203: 5370
    204: 4738
    205: 3382
    206: 5122
    207: 4276
    208: 4823
    209: 5203
    210: 5506
    211: 3793
    212: 3572
    213: 4411
    214: 4345
    215: 5315
    216: 4463
    217: 5046
    218: 3423
    219: 4261
    220: 6070
    221: 6145
    222: 4663
    223: 4018
    224: 8465
    225: 5379
    226: 3627
    227: 6898
    228: 5281
    229: 4833
    230: 3438
    231: 2718
    232: 3549
    233: 4438
    234: 2583
    235: 2764
    236: 5633
    237: 2514
    238: 4618
    239: 3046
    240: 3026
    241: 4372
    242: 1954
    243: 3105
    244: 2103
    245: 2867
    246: 4992
    247: 7829
    248: 5355
    249: 5211
    250: 3330
    251: 4467
    252: 5031
    253: 5023
    254: 3666
    255: 4168
    256: 4216
    257: 6341
    258: 4200
    259: 2107
    260: 3541
    261: 3605
    262: 3660
    263: 3563
    264: 3965
    265: 3819
    266: 3742
    267: 4474
    268: 3639
    269: 7315
    270: 6012
    271: 5564
    272: 4596
    273: 3286
    274: 4590
    275: 5399
    276:   )
    277: }
    278: transform { function = none }
    279: regression { aictest = (td easter) }
    280: automdl {}
    281: x11 { mode = add save = (d10 d11) }
        bps_permits 35620            PAGE   2, SERIES bps_permits_addi

 A 1  Time series data (for the span analyzed)
  From  2004.Jan to 2026.Jun
  Observations        270
 -----------------------------------------------------------------------------
               Jan      Feb      Mar      Apr      May      Jun 
               Jul      Aug      Sep      Oct      Nov      Dec        TOTAL  
 -----------------------------------------------------------------------------
  2004        3019.    2838.    4136.    4639.    5156.    5869.
              5381.    5023.    4575.    4515.    5544.    4934.        55629.
 
  2005        4027.    3587.    4699.    6375.    5683.    7617.
              5274.    5787.    5718.    4430.    5839.    5117.        64153.
 
  2006        4600.    4391.    5420.    4464.    5199.    6228.
              4693.    6264.    4861.    4260.    4511.    5014.        59905.
 
  2007        4371.    3155.    4204.    4706.    4474.    6670.
              5205.    4788.    4078.    4799.    4450.    4294.        55194.
 
  2008        3570.    2463.    2788.    3365.    5875.   20802.
              3334.    1957.    2301.    1845.    1496.    1650.        51446.
 
  2009        1030.    1013.    1122.    1335.    1004.    1953.
              1243.    1233.    1260.    1100.    1423.    1759.        15475.
 
  2010         874.     934.    1453.    1072.    1352.    2706.
              1358.    1499.    1430.    1557.     996.    2984.        18215.
 
  2011        1234.     923.    1538.    1469.    2571.    3538.
              1443.    1861.    1081.    1484.    1839.    2071.        21052.
 
  2012        1686.    1791.    1835.    2472.    1990.    2869.
              2791.    2209.    2406.    2300.    1794.    2723.        26866.
 
  2013        2965.    1517.    1754.    3003.    3362.    4087.
              3396.    4689.    2705.    3325.    3246.    4661.        38710.
 
  2014        1673.    2754.    5762.    3777.    3810.    3378.
              5156.    3326.    4786.    2532.    3266.    3747.        43967.
 
  2015        3285.    1987.    5308.    9373.   16366.   22481.
              3841.    3517.    2941.    4276.    3596.   10559.        87530.
 
  2016        1549.    3218.    2640.    2987.    3036.    4255.
              2939.    4275.    4258.    2559.    3483.    4709.        39908.
 
  2017        5524.    2725.    3699.    4285.    4075.    3913.
              4044.    4120.    3392.    3866.    3593.    5527.        48763.
 
  2018        3076.    3444.    4947.    2619.    5325.    4606.
              4279.    3131.    2827.    3443.    4279.    4004.        45980.
 
  2019        4389.    3241.    3662.    3830.    3412.    4738.
              4463.    5037.    4773.    6042.    6967.    5708.        56262.
 
  2020        5982.    2929.    3410.    1571.    2886.    5370.
              4738.    3382.    5122.    4276.    4823.    5203.        49692.
 
  2021        5506.    3793.    3572.    4411.    4345.    5315.
              4463.    5046.    3423.    4261.    6070.    6145.        56350.
 
  2022        4663.    4018.    8465.    5379.    3627.    6898.
              5281.    4833.    3438.    2718.    3549.    4438.        57307.
 
  2023        2583.    2764.    5633.    2514.    4618.    3046.
              3026.    4372.    1954.    3105.    2103.    2867.        38585.
 
  2024        4992.    7829.    5355.    5211.    3330.    4467.
              5031.    5023.    3666.    4168.    4216.    6341.        59629.
 
  2025        4200.    2107.    3541.    3605.    3660.    3563.
              3965.    3819.    3742.    4474.    3639.    7315.        47630.
 
  2026        6012.    5564.    4596.    3286.    4590.    5399.
                                                                        29447.
 
  AVGE        3513.    2999.    3893.    3728.    4337.    6077.
              3879.    3872.    3397.    3424.    3669.    4626.

  Table Total-     1067695.   Mean-      3954.   Std. Dev.-      2329.
                              Min -       874.        Max -     22481.
        bps_permits 35620            PAGE   3, SERIES bps_permits_addi
                        Automatic ARIMA Model Selection

                    Procedure based closely on TRAMO method 
                         of Gomez and Maravall (2000)
              "Automatic Modeling Methods for Univariate Series",
                            A Course in Time Series
                  (Edited by D. Pena, G. C. Tiao, R. S. Tsay),
                         New York : J. Wiley and Sons


     Maximum order for regular ARMA parameters :   2
     Maximum order for seasonal ARMA parameters :   1
     Maximum order for regular differencing :   2
     Maximum order for seasonal differencing :   1

   Results of Unit Root Test for identifying orders of differencing:
     Regular difference order :   0
     Seasonal difference order :   0

  Automatic model choice : (2 0 1)(1 0 1)
     Deleted Easter regressor(s) due to insignificant t-value.


  Final Checks for Identified Model


  Checking for Unit Roots.
   Regular unit root found.
   ( 1, 1, 1) ( 1, 0, 1)
   Seasonal unit root found.
   ( 1, 1, 1) ( 0, 1, 1)
  Constant term removed from model

  Checking for nonseasonal overdifferencing.
   Nonseasonal MA not within  0.001 of 1.0 - model passes test.

  Checking for insignificant ARMA coefficients.

  Final automatic model choice : (1 1 1)(0 1 1)
   End of automatic model selection procedure.

 Average absolute percentage error in within-sample forecasts:
  Last year:  23.34      Last-1 year:  25.16     Last-2 year:  38.84
  Last three years:   29.11

 Estimation converged in   70 ARMA iterations,  281 function evaluations.

 ARIMA Model:  (1 1 1)(0 1 1)
   Nonseasonal differences: 1
   Seasonal differences:    1
                                              Standard
 Parameter                    Estimate          Errors
 -----------------------------------------------------
 Nonseasonal AR                                    
   Lag  1                       0.3772         0.06639

 Nonseasonal MA                                    
   Lag  1                       0.9132         0.03053

 Seasonal MA                                       
   Lag 12                       0.9764         0.03153

 Variance                       0.37111E+07
 SE of Var                      0.32738E+06
 -----------------------------------------------------

 Likelihood Statistics
 ------------------------------------------------------------------
 Number of observations (nobs)                                  270
 Effective number of observations (nefobs)                      257
 Number of parameters estimated (np)                              4
 Log likelihood (L)                                      -2325.2783
 AIC                                                      4658.5565 
 AICC (F-corrected-AIC)                                   4658.7153 
 Hannan Quinn                                             4664.2656 
 BIC                                                      4672.7528 
 ------------------------------------------------------------------

 QS Statistic for regARIMA Model Residuals (full series):             0.00
                                                       (P-Value =     1.0000)

 QS Statistic for regARIMA Model Residuals (starting 2018.Jul):       6.08
                                                       (P-Value =     0.0479)


  At least one visually significant residual seasonal peaks has been
  found in the spectral plot of the following series starting in 2018.Jul:

          regARIMA model residuals (1 Seasonal peak(s))

      10*LOG(SPECTRUM) of the regARIMA model residuals
      Spectrum estimated from 2018.Jul to 2026.Jun.
 ++++++++++I+++++++++++++++++++++++++++++++++++++++++++++++++++++++++++++I
      67.90I                                                            SI     67.90
           I                                                            SI
           I                                                            SI
           I                                                            SI
      66.87I                                                            SI     66.87
           I          S         S                                       SI
           I          S         S                                       SI
           I         *S         S                                       SI
      65.83I         *S         S                                       SI     65.83
           I         *S         S                                       SI
           I         *S*        S                      *                SI
           I         *S*        S                     T**               SI
      64.80I         *S*        S                     T**      *        SI     64.80
           I         *S*        S                     T**      *        SI
           I         *S*        S*                   *T**      *        SI
           I         *S*        S*                   *T**      *        SI
      63.76I         *S*        S*    *              *T**      *        SI     63.76
           I     *   *S*        S*    *              *T**      *        SI
           I     *   *S*        S*   **       *      *T**      *        SI
           I    **  **S**       S*   **       *      *T**     S*        SI
      62.72I    **  **S**       S*   **  *S   *      *T**     S*        SI     62.72
           I    **  **S**       S*   **  *S   **     *T**     S*T  *    SI
           I    **  **S**       S*   **  *S   **    S*T**     S*T **    SI
           I    **  **S**       S*   **  *S  ***    S*T**     S*T **   *SI
      61.69I    **  **S**       S*   **  *S  ***    S*T**     S*T **   *SI     61.69
           I    **  **S**       S*   *****S* ***    S*T***    S*T **   *SI
           I    **  **S**       S*   *****S*****    S*T***    S*T***   *SI
           I    *** **S***      S*   *****S*****    S*T***    S*T***   *SI
      60.65I    ******S***      S*   *****S*****    S*T***    S*T***   *SI     60.65
           I    ******S***      S*   *****S*****    S*T***    S*T***   *SI
           I    ******S***      S*   *****S******   S*T***    S*T***   *SI
           I    ******S*****   *S*   *****S******   S*T***    S*T****  *SI
      59.62I    ******S*****   *S*   *****S******  *S*T***    S*T****  *SI     59.62
           I    ******S*****   *S*  ******S******  *S*T***    S*T****  *SI
           I    ******S******  *S*  ******S******  *S*T***   *S*T****  *SI
           I    ******S******  *S** ******S******  *S*T***   *S*T****  *SI
      58.58I   *******S******  *S** ******S******* *S*T***   *S*T**** **SI     58.58
           I   *******S******  *S** ******S*********S*T****  *S*T**** **SI
           I   *******S******  *S** ******S*********S*T****  *S*T*******SI
           I   *******S******* *S*********S*********S*T****  *S*T*******SI
      57.55I   *******S*********S*********S*********S*T****  *S*T*******SI     57.55
           I   *******S*********S*********S*********S*T****  *S*T*******SI
           I   *******S*********S*********S*********S*T**** **S*T*******SI
           I   *******S*********S*********S*********S*T*******S*T*******SI
      56.51I   *******S*********S*********S*********S*T*******S*T*******SI     56.51
           I   *******S*********S*********S*********S*T*******S*T*******SI
           I   *******S*********S*********S*********S*T*******S*T*******SI
           I  ********S*********S*********S*********S*T*******S*T*******SI
      55.48I  ********S*********S*********S*********S*T*******S*T*******SI     55.48
           I  ********S*********S*********S*********S*T*******S*T*******SI
           I  ********S*********S*********S*********S*T*******S*T*******SI
           I *********S*********S*********S*********S*T*******S*T*******SI
      54.44I**********S*********S*********S*********S*T*******S*T*******SI     54.44
 ++++++++++I+++++++++++++++++++++++++++++++++++++++++++++++++++++++++++++I
            S=SEASONAL FREQUENCIES, T=TRADING DAY FREQUENCIES


 FORECASTING
  Origin  2026.Jun
  Number        12

  Forecasts and Standard Errors
   ------------------------------
                         Standard
       Date   Forecast      Error
   ------------------------------
   2026.Jul    3863.40   1926.433
   2026.Aug    4099.29   2123.755
   2026.Sep    3705.98   2182.858
   2026.Oct    3779.15   2211.957
   2026.Nov    4034.57   2232.503
   2026.Dec    5013.61   2250.154
   2027.Jan    3929.96   2266.703
   2027.Feb    3377.13   2282.778
   2027.Mar    4251.43   2298.608
   2027.Apr    4053.39   2314.281
   2027.May    4653.25   2329.830
   2027.Jun    6356.37   2345.270
   ------------------------------

  Confidence intervals with coverage probability ( 0.95000
   ---------------------------------------
       Date      Lower  Forecast     Upper
   ---------------------------------------
   2026.Jul      87.66   3863.40   7639.14
   2026.Aug     -63.19   4099.29   8261.77
   2026.Sep    -572.35   3705.98   7984.30
   2026.Oct    -556.21   3779.15   8114.50
   2026.Nov    -341.06   4034.57   8410.19
   2026.Dec     603.39   5013.61   9423.83
   2027.Jan    -512.70   3929.96   8372.61
   2027.Feb   -1097.03   3377.13   7851.30
   2027.Mar    -253.75   4251.43   8756.62
   2027.Apr    -482.52   4053.39   8589.30
   2027.May      86.87   4653.25   9219.64
   2027.Jun    1759.73   6356.37  10953.01
   ---------------------------------------
        bps_permits 35620            PAGE   4, SERIES bps_permits_addi

 B 1  Original series (prior adjusted)
  From  2004.Jan to 2026.Jun
  Observations        270
 -----------------------------------------------------------------------------
               Jan      Feb      Mar      Apr      May      Jun 
               Jul      Aug      Sep      Oct      Nov      Dec        TOTAL  
 -----------------------------------------------------------------------------
  2004        3019.    2838.    4136.    4639.    5156.    5869.
              5381.    5023.    4575.    4515.    5544.    4934.        55629.
 
  2005        4027.    3587.    4699.    6375.    5683.    7617.
              5274.    5787.    5718.    4430.    5839.    5117.        64153.
 
  2006        4600.    4391.    5420.    4464.    5199.    6228.
              4693.    6264.    4861.    4260.    4511.    5014.        59905.
 
  2007        4371.    3155.    4204.    4706.    4474.    6670.
              5205.    4788.    4078.    4799.    4450.    4294.        55194.
 
  2008        3570.    2463.    2788.    3365.    5875.   20802.
              3334.    1957.    2301.    1845.    1496.    1650.        51446.
 
  2009        1030.    1013.    1122.    1335.    1004.    1953.
              1243.    1233.    1260.    1100.    1423.    1759.        15475.
 
  2010         874.     934.    1453.    1072.    1352.    2706.
              1358.    1499.    1430.    1557.     996.    2984.        18215.
 
  2011        1234.     923.    1538.    1469.    2571.    3538.
              1443.    1861.    1081.    1484.    1839.    2071.        21052.
 
  2012        1686.    1791.    1835.    2472.    1990.    2869.
              2791.    2209.    2406.    2300.    1794.    2723.        26866.
 
  2013        2965.    1517.    1754.    3003.    3362.    4087.
              3396.    4689.    2705.    3325.    3246.    4661.        38710.
 
  2014        1673.    2754.    5762.    3777.    3810.    3378.
              5156.    3326.    4786.    2532.    3266.    3747.        43967.
 
  2015        3285.    1987.    5308.    9373.   16366.   22481.
              3841.    3517.    2941.    4276.    3596.   10559.        87530.
 
  2016        1549.    3218.    2640.    2987.    3036.    4255.
              2939.    4275.    4258.    2559.    3483.    4709.        39908.
 
  2017        5524.    2725.    3699.    4285.    4075.    3913.
              4044.    4120.    3392.    3866.    3593.    5527.        48763.
 
  2018        3076.    3444.    4947.    2619.    5325.    4606.
              4279.    3131.    2827.    3443.    4279.    4004.        45980.
 
  2019        4389.    3241.    3662.    3830.    3412.    4738.
              4463.    5037.    4773.    6042.    6967.    5708.        56262.
 
  2020        5982.    2929.    3410.    1571.    2886.    5370.
              4738.    3382.    5122.    4276.    4823.    5203.        49692.
 
  2021        5506.    3793.    3572.    4411.    4345.    5315.
              4463.    5046.    3423.    4261.    6070.    6145.        56350.
 
  2022        4663.    4018.    8465.    5379.    3627.    6898.
              5281.    4833.    3438.    2718.    3549.    4438.        57307.
 
  2023        2583.    2764.    5633.    2514.    4618.    3046.
              3026.    4372.    1954.    3105.    2103.    2867.        38585.
 
  2024        4992.    7829.    5355.    5211.    3330.    4467.
              5031.    5023.    3666.    4168.    4216.    6341.        59629.
 
  2025        4200.    2107.    3541.    3605.    3660.    3563.
              3965.    3819.    3742.    4474.    3639.    7315.        47630.
 
  2026        6012.    5564.    4596.    3286.    4590.    5399.
                                                                        29447.
 
  AVGE        3513.    2999.    3893.    3728.    4337.    6077.
              3879.    3872.    3397.    3424.    3669.    4626.

  Table Total-     1067695.   Mean-      3954.   Std. Dev.-      2329.
                              Min -       874.        Max -     22481.

 B 1.A  Forecasts of (prior adjusted) original series
  From  2026.Jul to 2027.Jun
  Observations         12
 -----------------------------------------------------------------------------
               Jan      Feb      Mar      Apr      May      Jun 
               Jul      Aug      Sep      Oct      Nov      Dec        TOTAL  
 -----------------------------------------------------------------------------
  2026                                                          
              3863.    4099.    3706.    3779.    4035.    5014.        24496.
 
  2027        3930.    3377.    4251.    4053.    4653.    6356.
                                                                        26622.
 
        bps_permits 35620            PAGE   5, SERIES bps_permits_addi

 C 17  Final weights for irregular component
  From  2004.Jan to 2026.Jun
  Observations        270
  Lower sigma limit    1.50
  Upper sigma limit    2.50
 -----------------------------------------------------------------------------
               Jan      Feb      Mar      Apr      May      Jun 
               Jul      Aug      Sep      Oct      Nov      Dec         S.D.  
 -----------------------------------------------------------------------------
  2004         100.     100.     100.     100.     100.     100.
               100.     100.     100.     100.     100.     100.        73979.
 
  2005         100.     100.     100.     100.     100.     100.
               100.     100.     100.     100.     100.     100.        73979.
 
  2006         100.     100.     100.     100.     100.     100.
               100.     100.     100.     100.     100.     100.        73979.
 
  2007         100.     100.     100.     100.     100.     100.
               100.     100.     100.     100.     100.     100.        73878.
 
  2008         100.     100.       0.       0.     100.       0.
                 0.       0.     100.     100.     100.     100.        73731.
 
  2009         100.     100.     100.     100.     100.     100.
               100.     100.     100.     100.     100.     100.        72729.
 
  2010         100.     100.     100.     100.     100.     100.
               100.     100.     100.     100.     100.     100.        73871.
 
  2011         100.     100.     100.     100.     100.     100.
                47.     100.     100.     100.      93.     100.        39349.
 
  2012         100.     100.     100.     100.     100.     100.
               100.     100.     100.     100.     100.     100.        61555.
 
  2013         100.     100.     100.     100.     100.     100.
               100.     100.     100.     100.     100.     100.       135700.
 
  2014         100.     100.      91.     100.     100.     100.
               100.     100.     100.     100.     100.     100.       140715.
 
  2015         100.     100.     100.     100.       0.       0.
                 0.       0.      73.     100.     100.       0.       141797.
 
  2016          91.     100.     100.     100.     100.     100.
               100.     100.     100.     100.     100.     100.       143709.
 
  2017         100.     100.     100.     100.     100.     100.
               100.     100.     100.     100.     100.     100.       136435.
 
  2018          77.     100.     100.      36.     100.     100.
               100.     100.     100.     100.     100.     100.        70567.
 
  2019         100.     100.     100.     100.     100.     100.
               100.     100.     100.     100.     100.     100.        61284.
 
  2020         100.     100.     100.       2.     100.     100.
               100.     100.      21.     100.     100.     100.        64479.
 
  2021         100.     100.     100.     100.     100.     100.
               100.     100.     100.     100.     100.     100.        71687.
 
  2022         100.     100.       0.     100.       0.     100.
               100.     100.     100.     100.     100.     100.        74463.
 
  2023         100.     100.       0.     100.      53.     100.
               100.     100.     100.     100.      70.       0.        68211.
 
  2024         100.       0.     100.     100.      12.     100.
               100.     100.     100.     100.     100.     100.        70234.
 
  2025         100.     100.     100.     100.     100.     100.
               100.     100.     100.     100.     100.     100.        67195.
 
  2026         100.     100.     100.      94.     100.     100.
                                                                        67195.
 
        bps_permits 35620            PAGE   6, SERIES bps_permits_addi

 D 8  Final unmodified SI ratios
  From  2004.Jan to 2026.Jun
  Observations        270
 -----------------------------------------------------------------------------
               Jan      Feb      Mar      Apr      May      Jun 
               Jul      Aug      Sep      Oct      Nov      Dec         AVGE  
 -----------------------------------------------------------------------------
  2004        -991.   -1335.    -193.     165.     572.    1211.
               659.     230.    -300.    -409.     596.     -34.           14.
 
  2005       -1002.   -1572.    -609.     911.     115.    2033.
              -248.     367.     376.    -922.     418.    -364.          -41.
 
  2006        -888.    -988.     237.    -496.     414.    1522.
               -25.    1453.     -67.    -738.    -493.      62.           -0.
 
  2007        -471.   -1574.    -413.     219.      84.    2294.
               758.     225.    -575.     126.    -174.    -258.           20.
 
  2008        -969.   -2176.   -2091.   -1816.     513.   15545.
             -1487.   -2162.   -1034.    -810.    -672.    -235.          217.
 
  2009        -685.    -526.    -167.     333.     228.    1256.
               445.     197.     -53.    -441.    -249.      75.           35.
 
  2010        -736.    -561.      89.    -179.     158.    1506.
                75.      61.    -184.    -199.    -823.    1174.           32.
 
  2011        -545.    -851.    -284.    -427.     630.    1594.
              -454.      68.    -632.    -217.      56.     141.          -77.
 
  2012        -374.    -351.    -331.     329.    -125.     759.
               671.      24.      88.    -178.    -823.      37.          -23.
 
  2013         258.   -1148.    -863.     387.     678.    1255.
               315.    1337.    -831.    -377.    -645.     588.           79.
 
  2014       -2473.   -1329.    1906.     233.     525.     210.
              1942.     -92.    1091.   -1317.    -609.    -243.          -13.
 
  2015       -1109.   -3188.    -928.    2085.    8401.   14403.
             -3796.   -3279.   -2909.    -812.    -973.    6387.         1190.
 
  2016       -2257.    -167.    -285.     399.     526.    1576.
               -66.     851.     393.   -1633.    -912.     235.         -112.
 
  2017        1101.   -1529.    -330.     505.     470.     337.
               349.     250.    -584.    -175.    -451.    1488.          119.
 
  2018       -1014.    -782.     554.   -1884.     848.     296.
               234.    -612.    -696.      28.     838.     426.         -147.
 
  2019         655.    -623.    -293.    -213.    -755.     356.
              -223.     -22.    -616.     475.    1435.     447.           52.
 
  2020        1144.   -1480.    -670.   -2330.   -1002.    1397.
               667.    -766.     920.      10.     471.     734.          -75.
 
  2021         916.    -853.   -1069.    -186.    -160.     884.
                15.     497.   -1258.    -555.    1124.    1106.           38.
 
  2022        -462.   -1222.    3097.     -96.   -1878.    1512.
               178.     138.    -810.   -1126.      45.    1167.           45.
 
  2023        -552.    -271.    2651.    -455.    1615.     -29.
              -121.    1140.   -1395.    -398.   -1641.   -1209.          -55.
 
  2024         573.    3110.     450.     262.   -1565.    -336.
               269.     244.   -1112.    -504.    -213.    2242.          285.
 
  2025         425.   -1434.     115.     163.      76.    -208.
                22.    -272.    -547.    -109.   -1240.    2244.          -64.
 
  2026         866.     457.    -377.   -1514.     -29.     900.
                                                                           51.
 
  AVGE        -373.    -887.       9.    -157.     450.    2186.
                 8.      -6.    -488.    -467.    -224.     737.

  Table Total-       18541.   Mean-        69.   Std. Dev.-      1761.
                              Min -     -3796.        Max -     15545.
        bps_permits 35620            PAGE   7, SERIES bps_permits_addi

 D 8.B  Final unmodified SI ratios, with labels for outliers and extreme values
  From  2004.Jan to 2026.Jun
  Observations        270
 ---------------------------------------------------------------------
               Jan       Feb       Mar       Apr       May       Jun  
               Jul       Aug       Sep       Oct       Nov       Dec  
 ---------------------------------------------------------------------
  2004       -991.    -1335.     -193.      165.      572.     1211.  
              659.      230.     -300.     -409.      596.      -34.  
 
  2005      -1002.    -1572.     -609.      911.      115.     2033.  
             -248.      367.      376.     -922.      418.     -364.  
 
  2006       -888.     -988.      237.     -496.      414.     1522.  
              -25.     1453.      -67.     -738.     -493.       62.  
 
  2007       -471.    -1574.     -413.      219.       84.     2294.  
              758.      225.     -575.      126.     -174.     -258.  
 
  2008       -969.    -2176.    -2091.*   -1816.*     513.    15545.* 
            -1487.*   -2162.*   -1034.     -810.     -672.     -235.  
 
  2009       -685.     -526.     -167.      333.      228.     1256.  
              445.      197.      -53.     -441.     -249.       75.  
 
  2010       -736.     -561.       89.     -179.      158.     1506.  
               75.       61.     -184.     -199.     -823.     1174.  
 
  2011       -545.     -851.     -284.     -427.      630.     1594.  
             -454.*      68.     -632.     -217.       56.*     141.  
 
  2012       -374.     -351.     -331.      329.     -125.      759.  
              671.       24.       88.     -178.     -823.       37.  
 
  2013        258.    -1148.     -863.      387.      678.     1255.  
              315.     1337.     -831.     -377.     -645.      588.  
 
  2014      -2473.    -1329.     1906.*     233.      525.      210.  
             1942.      -92.     1091.    -1317.     -609.     -243.  
 
  2015      -1109.    -3188.     -928.     2085.     8401.*   14403.* 
            -3796.*   -3279.*   -2909.*    -812.     -973.     6387.* 
 
  2016      -2257.*    -167.     -285.      399.      526.     1576.  
              -66.      851.      393.    -1633.     -912.      235.  
 
  2017       1101.    -1529.     -330.      505.      470.      337.  
              349.      250.     -584.     -175.     -451.     1488.  
 
  2018      -1014.*    -782.      554.    -1884.*     848.      296.  
              234.     -612.     -696.       28.      838.      426.  
 
  2019        655.     -623.     -293.     -213.     -755.      356.  
             -223.      -22.     -616.      475.     1435.      447.  
 
  2020       1144.    -1480.     -670.    -2330.*   -1002.     1397.  
              667.     -766.      920.*      10.      471.      734.  
 
  2021        916.     -853.    -1069.     -186.     -160.      884.  
               15.      497.    -1258.     -555.     1124.     1106.  
 
  2022       -462.    -1222.     3097.*     -96.    -1878.*    1512.  
              178.      138.     -810.    -1126.       45.     1167.  
 
  2023       -552.     -271.     2651.*    -455.     1615.*     -29.  
             -121.     1140.    -1395.     -398.    -1641.*   -1209.* 
 
  2024        573.     3110.*     450.      262.    -1565.*    -336.  
              269.      244.    -1112.     -504.     -213.     2242.  
 
  2025        425.    -1434.      115.      163.       76.     -208.  
               22.     -272.     -547.     -109.    -1240.     2244.  
 
  2026        866.      457.     -377.    -1514.*     -29.      900.  
                                                                      
 

  Key to symbols:
    *  : extreme value as determined by X-11 extreme value procedure
 
        bps_permits 35620            PAGE   8, SERIES bps_permits_addi

 D 9  Final replacement values for SI ratios
  From  2004.Jan to 2026.Jun
  Observations        270
 ---------------------------------------------------------------
               Jan      Feb      Mar      Apr      May      Jun 
               Jul      Aug      Sep      Oct      Nov      Dec 
 ---------------------------------------------------------------
  2004     ******** ******** ******** ******** ******** ********
           ******** ******** ******** ******** ******** ********
 
  2005     ******** ******** ******** ******** ******** ********
           ******** ******** ******** ******** ******** ********
 
  2006     ******** ******** ******** ******** ******** ********
           ******** ******** ******** ******** ******** ********
 
  2007     ******** ******** ******** ******** ******** ********
           ******** ******** ******** ******** ******** ********
 
  2008     ******** ********    -156.     457. ********    2469.
               968.     841. ******** ******** ******** ********
 
  2009     ******** ******** ******** ******** ******** ********
           ******** ******** ******** ******** ******** ********
 
  2010     ******** ******** ******** ******** ******** ********
           ******** ******** ******** ******** ******** ********
 
  2011     ******** ******** ******** ******** ******** ********
               -33. ******** ******** ********      14. ********
 
  2012     ******** ******** ******** ******** ******** ********
           ******** ******** ******** ******** ******** ********
 
  2013     ******** ******** ******** ******** ******** ********
           ******** ******** ******** ******** ******** ********
 
  2014     ******** ********    1711. ******** ******** ********
           ******** ******** ******** ******** ******** ********
 
  2015     ******** ******** ******** ********    2030.    2187.
              1418.     704.   -2241. ******** ********    1003.
 
  2016       -2043. ******** ******** ******** ******** ********
           ******** ******** ******** ******** ******** ********
 
  2017     ******** ******** ******** ******** ******** ********
           ******** ******** ******** ******** ******** ********
 
  2018        -731. ******** ********    -913. ******** ********
           ******** ******** ******** ******** ******** ********
 
  2019     ******** ******** ******** ******** ******** ********
           ******** ******** ******** ******** ******** ********
 
  2020     ******** ******** ********    -762. ******** ********
           ******** ********    -244. ******** ******** ********
 
  2021     ******** ******** ******** ******** ******** ********
           ******** ******** ******** ******** ******** ********
 
  2022     ******** ********      -3. ********      23. ********
           ******** ******** ******** ******** ******** ********
 
  2023     ******** ********     226. ********     982. ********
           ******** ******** ******** ********   -1265.    1477.
 
  2024     ********    -611. ******** ********     -84. ********
           ******** ******** ******** ******** ******** ********
 
  2025     ******** ******** ******** ******** ******** ********
           ******** ******** ******** ******** ******** ********
 
  2026     ******** ******** ********   -1450. ******** ********
                                                                
 

 D 9.A  Moving seasonality ratio
 ---------------------------------------------------------------
               Jan      Feb      Mar      Apr      May      Jun 
 ---------------------------------------------------------------
   I        851.213  813.925  716.767  670.653  587.239  720.443
   S        133.215  100.284   94.010   97.294   85.582  116.409
 RATIO        6.390    8.116    7.624    6.893    6.862    6.189



 ---------------------------------------------------------------
               Jul      Aug      Sep      Oct      Nov      Dec 
 ---------------------------------------------------------------
   I        557.174  688.064  888.955  495.738  606.793  529.422
   S         82.827   67.899  110.569   73.637  153.464  102.436
 RATIO        6.727   10.134    8.040    6.732    3.954    5.168



        bps_permits 35620            PAGE   9, SERIES bps_permits_addi

 D 10  Final seasonal factors
  From  2004.Jan to 2026.Jun
  Observations        270
  Seasonal filter    3 x 9 moving average
 -----------------------------------------------------------------------------
               Jan      Feb      Mar      Apr      May      Jun 
               Jul      Aug      Sep      Oct      Nov      Dec         AVGE  
 -----------------------------------------------------------------------------
  2004        -857.   -1406.    -225.     258.     339.    1792.
               372.     573.    -218.    -538.      27.    -140.           -2.
 
  2005        -851.   -1381.    -213.     253.     334.    1800.
               395.     552.    -256.    -537.     -53.    -100.           -5.
 
  2006        -824.   -1283.    -189.     214.     332.    1765.
               370.     497.    -267.    -505.    -116.     -17.           -2.
 
  2007        -787.   -1198.    -185.     172.     321.    1719.
               355.     439.    -277.    -464.    -180.      45.           -3.
 
  2008        -714.   -1134.    -218.     154.     313.    1676.
               344.     445.    -296.    -438.    -262.      84.           -4.
 
  2009        -700.   -1083.    -170.     133.     312.    1568.
               423.     457.    -268.    -428.    -376.     114.           -1.
 
  2010        -725.   -1158.    -157.     212.     390.    1524.
               546.     457.    -342.    -445.    -479.     176.           -0.
 
  2011        -844.   -1175.    -108.     290.     485.    1458.
               648.     427.    -365.    -530.    -565.     232.           -4.
 
  2012        -831.   -1173.    -145.     402.     564.    1376.
               644.     394.    -406.    -584.    -605.     350.           -1.
 
  2013        -807.   -1097.    -112.     368.     602.    1234.
               578.     358.    -380.    -611.    -584.     448.           -0.
 
  2014        -678.   -1082.    -100.     327.     586.    1070.
               532.     302.    -403.    -543.    -447.     502.            5.
 
  2015        -567.   -1120.    -104.     265.     513.     985.
               539.     236.    -428.    -491.    -304.     511.            3.
 
  2016        -405.   -1165.    -162.     233.     418.     938.
               530.     223.    -478.    -471.    -131.     544.            6.
 
  2017        -326.   -1212.    -174.     183.     336.     949.
               529.     165.    -514.    -504.     -19.     622.            3.
 
  2018        -234.   -1194.    -223.     126.     333.     960.
               426.     181.    -665.    -523.      48.     748.           -1.
 
  2019        -122.   -1055.    -189.      15.     249.     870.
               300.     160.    -718.    -507.      75.     878.           -4.
 
  2020         106.    -965.    -175.     -85.     171.     701.
               184.     149.    -804.    -407.      68.    1064.            1.
 
  2021         250.    -843.    -112.    -237.      53.     558.
               110.      76.    -784.    -331.     116.    1180.            3.
 
  2022         363.    -814.    -126.    -311.     -31.     534.
                72.      48.    -817.    -287.      89.    1295.            1.
 
  2023         379.    -728.    -145.    -385.     -69.     582.
                34.      69.    -821.    -332.      -3.    1384.           -3.
 
  2024         374.    -678.    -127.    -375.     -48.     570.
                 2.     131.    -853.    -396.    -152.    1515.           -3.
 
  2025         312.    -616.     -46.    -382.      23.     518.
               -39.     161.    -876.    -438.    -310.    1632.           -5.
 
  2026         295.    -529.      41.    -401.      56.     423.
                                                                          -19.
 
  AVGE        -356.   -1047.    -146.      62.     286.    1112.
               359.     295.    -511.    -469.    -189.     594.

  Table Total-        -310.   Mean-        -1.   Std. Dev.-       630.
                              Min -     -1406.        Max -      1800.

 D 10.A  Final seasonal component forecasts
  From  2026.Jul to 2027.Jun
  Observations         12
 -----------------------------------------------------------------------------
               Jan      Feb      Mar      Apr      May      Jun 
               Jul      Aug      Sep      Oct      Nov      Dec         AVGE  
 -----------------------------------------------------------------------------
  2026                                                          
               -88.     151.    -873.    -408.    -415.    1715.           14.
 
  2027         357.    -492.      60.    -436.       8.     380.
                                                                          -20.
 
        bps_permits 35620            PAGE  10, SERIES bps_permits_addi

 D 11  Final seasonally adjusted data
  From  2004.Jan to 2026.Jun
  Observations        270
 -----------------------------------------------------------------------------
               Jan      Feb      Mar      Apr      May      Jun 
               Jul      Aug      Sep      Oct      Nov      Dec        TOTAL  
 -----------------------------------------------------------------------------
  2004        3876.    4244.    4361.    4381.    4817.    4077.
              5009.    4450.    4793.    5053.    5517.    5074.        55653.
 
  2005        4878.    4968.    4912.    6122.    5349.    5817.
              4879.    5235.    5974.    4967.    5892.    5217.        64209.
 
  2006        5424.    5674.    5609.    4250.    4867.    4463.
              4323.    5767.    5128.    4765.    4627.    5031.        59928.
 
  2007        5158.    4353.    4389.    4534.    4153.    4951.
              4850.    4349.    4355.    5263.    4630.    4249.        55233.
 
  2008        4284.    3597.    3006.    3211.    5562.   19126.
              2990.    1512.    2597.    2283.    1758.    1566.        51492.
 
  2009        1730.    2096.    1292.    1202.     692.     385.
               820.     776.    1528.    1528.    1799.    1645.        15493.
 
  2010        1599.    2092.    1610.     860.     962.    1182.
               812.    1042.    1772.    2002.    1475.    2808.        18215.
 
  2011        2078.    2098.    1646.    1179.    2086.    2080.
               795.    1434.    1446.    2014.    2404.    1839.        21100.
 
  2012        2517.    2964.    1980.    2070.    1426.    1493.
              2147.    1815.    2812.    2884.    2399.    2373.        26879.
 
  2013        3772.    2614.    1866.    2635.    2760.    2853.
              2818.    4331.    3085.    3936.    3830.    4213.        38712.
 
  2014        2351.    3836.    5862.    3450.    3224.    2308.
              4624.    3024.    5189.    3075.    3713.    3245.        43902.
 
  2015        3852.    3107.    5412.    9108.   15853.   21496.
              3302.    3281.    3369.    4767.    3900.   10048.        87492.
 
  2016        1954.    4383.    2802.    2754.    2618.    3317.
              2409.    4052.    4736.    3030.    3614.    4165.        39833.
 
  2017        5850.    3937.    3873.    4102.    3739.    2964.
              3515.    3955.    3906.    4370.    3612.    4905.        48727.
 
  2018        3310.    4638.    5170.    2493.    4992.    3646.
              3853.    2950.    3492.    3966.    4231.    3256.        45998.
 
  2019        4511.    4296.    3851.    3815.    3163.    3868.
              4163.    4877.    5491.    6549.    6892.    4830.        56304.
 
  2020        5876.    3894.    3585.    1656.    2715.    4669.
              4554.    3233.    5926.    4683.    4755.    4139.        49685.
 
  2021        5256.    4636.    3684.    4648.    4292.    4757.
              4353.    4970.    4207.    4592.    5954.    4965.        56316.
 
  2022        4300.    4832.    8591.    5690.    3658.    6364.
              5209.    4785.    4255.    3005.    3460.    3143.        57292.
 
  2023        2204.    3492.    5778.    2899.    4687.    2464.
              2992.    4303.    2775.    3437.    2106.    1483.        38622.
 
  2024        4618.    8507.    5482.    5586.    3378.    3897.
              5029.    4892.    4519.    4564.    4368.    4826.        59666.
 
  2025        3888.    2723.    3587.    3987.    3637.    3045.
              4004.    3658.    4618.    4912.    3949.    5683.        47691.
 
  2026        5717.    6093.    4555.    3687.    4534.    4976.
                                                                        29563.
 
  AVGE        3870.    4047.    4039.    3666.    4051.    4965.
              3521.    3577.    3908.    3893.    3858.    4032.

  Table Total-     1068005.   Mean-      3956.   Std. Dev.-      2193.
                              Min -       385.        Max -     21496.
        bps_permits 35620            PAGE  11, SERIES bps_permits_addi

 D 12  Final trend cycle
  From  2004.Jan to 2026.Jun
  Observations        270
  Trend filter    13-term Henderson moving average
  I/C ratio        3.38
 -----------------------------------------------------------------------------
               Jan      Feb      Mar      Apr      May      Jun 
               Jul      Aug      Sep      Oct      Nov      Dec        TOTAL  
 -----------------------------------------------------------------------------
  2004        4081.    4202.    4310.    4411.    4488.    4549.
              4635.    4756.    4898.    4999.    5056.    5078.        55463.
 
  2005        5115.    5195.    5281.    5383.    5453.    5476.
              5452.    5414.    5398.    5445.    5513.    5534.        64659.
 
  2006        5487.    5327.    5110.    4902.    4767.    4742.
              4791.    4898.    4996.    5019.    4964.    4854.        59855.
 
  2007        4711.    4602.    4547.    4501.    4495.    4547.
              4630.    4702.    4698.    4607.    4465.    4342.        54847.
 
  2008        4336.    4498.    4851.    5279.    5564.    5498.
              5022.    4219.    3309.    2527.    1995.    1728.        48825.
 
  2009        1620.    1522.    1337.    1081.     851.     732.
               783.     973.    1232.    1491.    1694.    1782.        15097.
 
  2010        1757.    1639.    1446.    1230.    1066.     994.
              1054.    1249.    1531.    1821.    2033.    2120.        17941.
 
  2011        2093.    1992.    1873.    1755.    1644.    1581.
              1576.    1596.    1685.    1850.    2081.    2302.        22028.
 
  2012        2394.    2337.    2165.    1950.    1804.    1792.
              1903.    2126.    2400.    2631.    2767.    2788.        27056.
 
  2013        2738.    2636.    2563.    2577.    2688.    2892.
              3199.    3494.    3629.    3672.    3710.    3786.        37584.
 
  2014        3844.    3873.    3817.    3709.    3625.    3588.
              3603.    3677.    3748.    3641.    3416.    3388.        43929.
 
  2015        3831.    4835.    6236.    7646.    8578.    8747.
              8158.    7024.    5755.    4731.    4065.    3662.        73270.
 
  2016        3434.    3239.    3015.    2866.    2890.    3038.
              3227.    3445.    3717.    3955.    4163.    4326.        41314.
 
  2017        4401.    4344.    4171.    3894.    3640.    3524.
              3579.    3728.    3869.    4037.    4175.    4279.        47639.
 
  2018        4361.    4439.    4456.    4359.    4150.    3908.
              3699.    3566.    3573.    3682.    3852.    4013.        48056.
 
  2019        4057.    3985.    3840.    3716.    3699.    3917.
              4372.    5004.    5607.    5990.    6031.    5672.        55891.
 
  2020        5030.    4342.    3803.    3527.    3519.    3707.
              3967.    4229.    4429.    4562.    4629.    4637.        50381.
 
  2021        4602.    4504.    4421.    4410.    4409.    4441.
              4535.    4671.    4773.    4838.    4892.    4922.        55419.
 
  2022        4991.    5131.    5343.    5575.    5720.    5644.
              5308.    4773.    4164.    3614.    3198.    2995.        56459.
 
  2023        2981.    3034.    3125.    3203.    3270.    3293.
              3245.    3184.    3181.    3269.    3514.    3933.        39233.
 
  2024        4409.    4836.    5091.    5119.    5006.    4829.
              4705.    4666.    4661.    4596.    4414.    4157.        56488.
 
  2025        3887.    3676.    3517.    3438.    3484.    3611.
              3777.    3966.    4251.    4651.    5033.    5265.        48557.
 
  2026        5322.    5224.    4987.    4699.    4433.    4289.
                                                                        28955.
 
  AVGE        3890.    3887.    3883.    3880.    3880.    3884.
              3874.    3880.    3886.    3892.    3894.    3889.

  Table Total-     1048944.   Mean-      3885.   Std. Dev.-      1365.
                              Min -       732.        Max -      8747.
        bps_permits 35620            PAGE  12, SERIES bps_permits_addi

 D 13  Final irregular component
  From  2004.Jan to 2026.Jun
  Observations        270
 -----------------------------------------------------------------------------
               Jan      Feb      Mar      Apr      May      Jun 
               Jul      Aug      Sep      Oct      Nov      Dec         S.D.  
 -----------------------------------------------------------------------------
  2004        -204.      42.      51.     -30.     329.    -472.
               374.    -305.    -105.      54.     461.      -4.          264.
 
  2005        -237.    -227.    -369.     739.    -105.     342.
              -573.    -180.     576.    -478.     379.    -317.          417.
 
  2006         -63.     348.     499.    -653.     100.    -279.
              -468.     869.     132.    -254.    -337.     177.          417.
 
  2007         447.    -249.    -158.      32.    -342.     404.
               219.    -353.    -343.     656.     165.     -93.          332.
 
  2008         -52.    -901.   -1845.   -2068.      -2.   13629.
             -2032.   -2707.    -711.    -244.    -237.    -162.         4147.
 
  2009         110.     574.     -45.     121.    -158.    -347.
                37.    -197.     297.      37.     106.    -137.          235.
 
  2010        -159.     452.     164.    -370.    -104.     188.
              -242.    -207.     241.     181.    -558.     688.          344.
 
  2011         -14.     107.    -227.    -577.     442.     499.
              -781.    -162.    -239.     163.     323.    -463.          396.
 
  2012         123.     627.    -185.     120.    -377.    -299.
               244.    -311.     411.     253.    -368.    -415.          340.
 
  2013        1034.     -22.    -696.      59.      72.     -39.
              -381.     836.    -543.     264.     119.     426.          498.
 
  2014       -1492.     -38.    2046.    -259.    -400.   -1280.
              1021.    -653.    1441.    -566.     297.    -144.         1011.
 
  2015          20.   -1728.    -824.    1461.    7275.   12749.
             -4856.   -3743.   -2387.      36.    -165.    6385.         5044.
 
  2016       -1480.    1144.    -213.    -112.    -272.     279.
              -818.     606.    1019.    -925.    -549.    -161.          762.
 
  2017        1449.    -406.    -298.     208.      99.    -560.
               -64.     227.      37.     333.    -563.     627.          547.
 
  2018       -1050.     200.     714.   -1865.     842.    -262.
               154.    -616.     -81.     283.     379.    -756.          770.
 
  2019         454.     311.      11.      99.    -536.     -49.
              -209.    -127.    -117.     559.     861.    -843.          451.
 
  2020         847.    -448.    -219.   -1871.    -804.     962.
               586.    -996.    1497.     121.     126.    -498.          908.
 
  2021         654.     132.    -738.     239.    -117.     316.
              -182.     300.    -566.    -247.    1063.      43.          483.
 
  2022        -691.    -300.    3248.     115.   -2063.     719.
               -98.      12.      91.    -609.     262.     148.         1168.
 
  2023        -778.     458.    2654.    -304.    1417.    -828.
              -252.    1119.    -407.     168.   -1408.   -2450.         1295.
 
  2024         209.    3670.     391.     468.   -1628.    -932.
               324.     227.    -142.     -32.     -47.     669.         1226.
 
  2025           0.    -953.      69.     548.     153.    -566.
               227.    -308.     368.     261.   -1084.     418.          521.
 
  2026         394.     869.    -432.   -1012.     101.     687.
                                                                          659.
 
  S.D.         713.     983.    1112.     852.    1673.    3931.
              1201.    1107.     780.     382.     569.    1517.

  Table Total-       19061.   Mean-        71.   Std. Dev.-      1530.
                              Min -     -4856.        Max -     13629.
        bps_permits 35620            PAGE  13, SERIES bps_permits_addi

 D 16  Combined adjustment factors
  From  2004.Jan to 2026.Jun
  Observations        270
 -----------------------------------------------------------------------------
               Jan      Feb      Mar      Apr      May      Jun 
               Jul      Aug      Sep      Oct      Nov      Dec         AVGE  
 -----------------------------------------------------------------------------
  2004        -857.   -1406.    -225.     258.     339.    1792.
               372.     573.    -218.    -538.      27.    -140.           -2.
 
  2005        -851.   -1381.    -213.     253.     334.    1800.
               395.     552.    -256.    -537.     -53.    -100.           -5.
 
  2006        -824.   -1283.    -189.     214.     332.    1765.
               370.     497.    -267.    -505.    -116.     -17.           -2.
 
  2007        -787.   -1198.    -185.     172.     321.    1719.
               355.     439.    -277.    -464.    -180.      45.           -3.
 
  2008        -714.   -1134.    -218.     154.     313.    1676.
               344.     445.    -296.    -438.    -262.      84.           -4.
 
  2009        -700.   -1083.    -170.     133.     312.    1568.
               423.     457.    -268.    -428.    -376.     114.           -1.
 
  2010        -725.   -1158.    -157.     212.     390.    1524.
               546.     457.    -342.    -445.    -479.     176.           -0.
 
  2011        -844.   -1175.    -108.     290.     485.    1458.
               648.     427.    -365.    -530.    -565.     232.           -4.
 
  2012        -831.   -1173.    -145.     402.     564.    1376.
               644.     394.    -406.    -584.    -605.     350.           -1.
 
  2013        -807.   -1097.    -112.     368.     602.    1234.
               578.     358.    -380.    -611.    -584.     448.           -0.
 
  2014        -678.   -1082.    -100.     327.     586.    1070.
               532.     302.    -403.    -543.    -447.     502.            5.
 
  2015        -567.   -1120.    -104.     265.     513.     985.
               539.     236.    -428.    -491.    -304.     511.            3.
 
  2016        -405.   -1165.    -162.     233.     418.     938.
               530.     223.    -478.    -471.    -131.     544.            6.
 
  2017        -326.   -1212.    -174.     183.     336.     949.
               529.     165.    -514.    -504.     -19.     622.            3.
 
  2018        -234.   -1194.    -223.     126.     333.     960.
               426.     181.    -665.    -523.      48.     748.           -1.
 
  2019        -122.   -1055.    -189.      15.     249.     870.
               300.     160.    -718.    -507.      75.     878.           -4.
 
  2020         106.    -965.    -175.     -85.     171.     701.
               184.     149.    -804.    -407.      68.    1064.            1.
 
  2021         250.    -843.    -112.    -237.      53.     558.
               110.      76.    -784.    -331.     116.    1180.            3.
 
  2022         363.    -814.    -126.    -311.     -31.     534.
                72.      48.    -817.    -287.      89.    1295.            1.
 
  2023         379.    -728.    -145.    -385.     -69.     582.
                34.      69.    -821.    -332.      -3.    1384.           -3.
 
  2024         374.    -678.    -127.    -375.     -48.     570.
                 2.     131.    -853.    -396.    -152.    1515.           -3.
 
  2025         312.    -616.     -46.    -382.      23.     518.
               -39.     161.    -876.    -438.    -310.    1632.           -5.
 
  2026         295.    -529.      41.    -401.      56.     423.
                                                                          -19.
 
  AVGE        -356.   -1047.    -146.      62.     286.    1112.
               359.     295.    -511.    -469.    -189.     594.

  Table Total-        -310.   Mean-        -1.   Std. Dev.-       630.
                              Min -     -1406.        Max -      1800.

 D 16.A  Combined adjustment component forecasts
  From  2026.Jul to 2027.Jun
  Observations         12
 -----------------------------------------------------------------------------
               Jan      Feb      Mar      Apr      May      Jun 
               Jul      Aug      Sep      Oct      Nov      Dec         AVGE  
 -----------------------------------------------------------------------------
  2026                                                          
               -88.     151.    -873.    -408.    -415.    1715.           14.
 
  2027         357.    -492.      60.    -436.       8.     380.
                                                                          -20.
 
        bps_permits 35620            PAGE  14, SERIES bps_permits_addi

 E 4  Differences of annual totals
  From          2004 to 2025
  Observations         22
 -----------------------------------
  Year       Unmodified     Modified
                  (D11)         (E2)
 -----------------------------------
  2004             -24.         -24.
 
  2005             -56.         -56.
 
  2006             -23.         -23.
 
  2007             -39.         -39.
 
  2008             -46.         -46.
 
  2009             -18.         -18.
 
  2010              -0.          -0.
 
  2011             -48.         -48.
 
  2012             -13.         -13.
 
  2013              -2.          -2.
 
  2014              65.          65.
 
  2015              38.          38.
 
  2016              75.          75.
 
  2017              36.          36.
 
  2018             -18.         -18.
 
  2019             -42.         -42.
 
  2020               7.           7.
 
  2021              34.          34.
 
  2022              15.          15.
 
  2023             -37.         -37.
 
  2024             -37.         -37.
 
  2025             -61.         -61.
 
        bps_permits 35620            PAGE  15, SERIES bps_permits_addi

 E 5  Month-to-month differences in the original series
  From  2004.Feb to 2026.Jun
  Observations        269
 -----------------------------------------------------------------------------
               Jan      Feb      Mar      Apr      May      Jun 
               Jul      Aug      Sep      Oct      Nov      Dec         AVGE  
 -----------------------------------------------------------------------------
  2004                 -181.    1298.     503.     517.     713.
              -488.    -358.    -448.     -60.    1029.    -610.          174.
 
  2005        -907.    -440.    1112.    1676.    -692.    1934.
             -2343.     513.     -69.   -1288.    1409.    -722.           15.
 
  2006        -517.    -209.    1029.    -956.     735.    1029.
             -1535.    1571.   -1403.    -601.     251.     503.           -9.
 
  2007        -643.   -1216.    1049.     502.    -232.    2196.
             -1465.    -417.    -710.     721.    -349.    -156.          -60.
 
  2008        -724.   -1107.     325.     577.    2510.   14927.
            -17468.   -1377.     344.    -456.    -349.     154.         -220.
 
  2009        -620.     -17.     109.     213.    -331.     949.
              -710.     -10.      27.    -160.     323.     336.            9.
 
  2010        -885.      60.     519.    -381.     280.    1354.
             -1348.     141.     -69.     127.    -561.    1988.          102.
 
  2011       -1750.    -311.     615.     -69.    1102.     967.
             -2095.     418.    -780.     403.     355.     232.          -76.
 
  2012        -385.     105.      44.     637.    -482.     879.
               -78.    -582.     197.    -106.    -506.     929.           54.
 
  2013         242.   -1448.     237.    1249.     359.     725.
              -691.    1293.   -1984.     620.     -79.    1415.          162.
 
  2014       -2988.    1081.    3008.   -1985.      33.    -432.
              1778.   -1830.    1460.   -2254.     734.     481.          -76.
 
  2015        -462.   -1298.    3321.    4065.    6993.    6115.
            -18640.    -324.    -576.    1335.    -680.    6963.          568.
 
  2016       -9010.    1669.    -578.     347.      49.    1219.
             -1316.    1336.     -17.   -1699.     924.    1226.         -487.
 
  2017         815.   -2799.     974.     586.    -210.    -162.
               131.      76.    -728.     474.    -273.    1934.           68.
 
  2018       -2451.     368.    1503.   -2328.    2706.    -719.
              -327.   -1148.    -304.     616.     836.    -275.         -127.
 
  2019         385.   -1148.     421.     168.    -418.    1326.
              -275.     574.    -264.    1269.     925.   -1259.          142.
 
  2020         274.   -3053.     481.   -1839.    1315.    2484.
              -632.   -1356.    1740.    -846.     547.     380.          -42.
 
  2021         303.   -1713.    -221.     839.     -66.     970.
              -852.     583.   -1623.     838.    1809.      75.           79.
 
  2022       -1482.    -645.    4447.   -3086.   -1752.    3271.
             -1617.    -448.   -1395.    -720.     831.     889.         -142.
 
  2023       -1855.     181.    2869.   -3119.    2104.   -1572.
               -20.    1346.   -2418.    1151.   -1002.     764.         -131.
 
  2024        2125.    2837.   -2474.    -144.   -1881.    1137.
               564.      -8.   -1357.     502.      48.    2125.          290.
 
  2025       -2141.   -2093.    1434.      64.      55.     -97.
               402.    -146.     -77.     732.    -835.    3676.           81.
 
  2026       -1303.    -448.    -968.   -1310.    1304.     809.
                                                                         -319.
 
  AVGE       -1090.    -514.     894.    -165.     609.    1740.
             -2228.      -7.    -475.      27.     245.     957.

  Table Total-        2380.   Mean-         9.   Std. Dev.-      2371.
                              Min -    -18640.        Max -     14927.
        bps_permits 35620            PAGE  16, SERIES bps_permits_addi

 E 6  Month-to-month differences in seasonally adjusted series (D11)
  From  2004.Feb to 2026.Jun
  Observations        269
 -----------------------------------------------------------------------------
               Jan      Feb      Mar      Apr      May      Jun 
               Jul      Aug      Sep      Oct      Nov      Dec         AVGE  
 -----------------------------------------------------------------------------
  2004                  368.     117.      20.     436.    -740.
               932.    -559.     343.     260.     464.    -442.          109.
 
  2005        -196.      90.     -56.    1210.    -773.     469.
              -938.     356.     739.   -1007.     926.    -675.           12.
 
  2006         207.     251.     -65.   -1359.     617.    -404.
              -140.    1444.    -639.    -363.    -138.     404.          -16.
 
  2007         128.    -805.      36.     145.    -381.     798.
              -102.    -501.       6.     909.    -633.    -381.          -65.
 
  2008          35.    -687.    -591.     205.    2351.   13565.
            -16136.   -1478.    1085.    -314.    -525.    -191.         -224.
 
  2009         164.     366.    -804.     -90.    -510.    -307.
               435.     -44.     753.      -0.     271.    -154.            7.
 
  2010         -46.     493.    -482.    -749.     101.     220.
              -370.     230.     730.     230.    -526.    1333.           97.
 
  2011        -730.      20.    -452.    -467.     907.      -5.
             -1285.     638.      12.     568.     391.    -565.          -81.
 
  2012         678.     447.    -984.      91.    -644.      67.
               654.    -332.     996.      72.    -485.     -26.           44.
 
  2013        1400.   -1158.    -747.     769.     125.      93.
               -35.    1513.   -1245.     850.    -106.     383.          153.
 
  2014       -1861.    1485.    2026.   -2412.    -226.    -917.
              2316.   -1600.    2165.   -2114.     638.    -468.          -81.
 
  2015         607.    -745.    2306.    3695.    6745.    5643.
            -18194.     -21.      88.    1398.    -866.    6147.          567.
 
  2016       -8094.    2429.   -1581.     -48.    -136.     699.
              -908.    1643.     684.   -1706.     584.     551.         -490.
 
  2017        1685.   -1912.     -65.     229.    -363.    -775.
               552.     440.     -49.     464.    -758.    1294.           62.
 
  2018       -1595.    1328.     531.   -2676.    2499.   -1346.
               207.    -903.     543.     473.     265.    -974.         -137.
 
  2019        1254.    -215.    -445.     -36.    -651.     705.
               295.     714.     614.    1059.     343.   -2063.          131.
 
  2020        1047.   -1982.    -309.   -1929.    1060.    1954.
              -115.   -1321.    2694.   -1243.      72.    -616.          -58.
 
  2021        1118.    -620.    -952.     965.    -356.     464.
              -404.     618.    -763.     385.    1363.    -989.           69.
 
  2022        -666.     532.    3759.   -2900.   -2033.    2706.
             -1154.    -424.    -530.   -1250.     455.    -317.         -152.
 
  2023        -939.    1289.    2286.   -2879.    1788.   -2223.
               528.    1311.   -1529.     663.   -1331.    -623.         -138.
 
  2024        3135.    3889.   -3025.     105.   -2208.     519.
              1132.    -137.    -373.      45.    -196.     458.          279.
 
  2025        -938.   -1165.     864.     400.    -350.    -592.
               960.    -347.     961.     294.    -963.    1734.           71.
 
  2026          33.     377.   -1538.    -868.     847.     442.
                                                                         -118.
 
  AVGE        -163.     177.      -7.    -373.     385.     915.
             -1444.      56.     331.     -15.     -35.     174.

  Table Total-        1100.   Mean-         4.   Std. Dev.-      2180.
                              Min -    -18194.        Max -     13565.
        bps_permits 35620            PAGE  17, SERIES bps_permits_addi

 E 7  Month-to-month differences in final trend cycle (D12)
  From  2004.Feb to 2026.Jun
  Observations        269
 -----------------------------------------------------------------------------
               Jan      Feb      Mar      Apr      May      Jun 
               Jul      Aug      Sep      Oct      Nov      Dec         AVGE  
 -----------------------------------------------------------------------------
  2004                  122.     108.     101.      76.      61.
                86.     121.     142.     102.      57.      22.           91.
 
  2005          36.      81.      86.     102.      70.      22.
               -24.     -37.     -16.      46.      68.      21.           38.
 
  2006         -47.    -160.    -217.    -208.    -135.     -25.
                49.     107.      98.      23.     -55.    -110.          -57.
 
  2007        -143.    -109.     -55.     -45.      -6.      52.
                83.      71.      -4.     -91.    -142.    -123.          -43.
 
  2008          -7.     163.     353.     428.     284.     -66.
              -476.    -804.    -910.    -782.    -533.    -266.         -218.
 
  2009        -108.     -99.    -185.    -256.    -231.    -118.
                51.     190.     259.     259.     203.      88.            4.
 
  2010         -25.    -118.    -193.    -216.    -164.     -72.
                60.     195.     282.     290.     212.      87.           28.
 
  2011         -27.    -101.    -118.    -118.    -111.     -63.
                -5.      19.      89.     166.     231.     221.           15.
 
  2012          92.     -58.    -172.    -214.    -147.     -11.
               111.     223.     274.     231.     136.      21.           40.
 
  2013         -50.    -102.     -73.      14.     111.     204.
               307.     295.     134.      43.      39.      76.           83.
 
  2014          57.      30.     -57.    -108.     -84.     -37.
                15.      75.      71.    -107.    -226.     -27.          -33.
 
  2015         443.    1003.    1401.    1411.     932.     169.
              -590.   -1134.   -1269.   -1025.    -666.    -403.           23.
 
  2016        -229.    -195.    -224.    -149.      25.     148.
               188.     219.     271.     238.     208.     163.           55.
 
  2017          75.     -57.    -173.    -277.    -254.    -116.
                55.     149.     141.     168.     138.     104.           -4.
 
  2018          82.      78.      17.     -97.    -209.    -242.
              -209.    -133.       8.     109.     169.     161.          -22.
 
  2019          44.     -72.    -145.    -124.     -17.     218.
               455.     632.     603.     383.      42.    -359.          138.
 
  2020        -643.    -688.    -538.    -276.      -8.     188.
               260.     261.     200.     133.      67.       8.          -86.
 
  2021         -35.     -99.     -82.     -12.      -0.      31.
                94.     136.     102.      65.      53.      31.           24.
 
  2022          69.     140.     212.     232.     145.     -76.
              -337.    -535.    -609.    -550.    -416.    -203.         -161.
 
  2023         -14.      53.      91.      79.      67.      22.
               -48.     -60.      -3.      88.     245.     419.           78.
 
  2024         475.     428.     254.      28.    -113.    -176.
              -124.     -40.      -5.     -65.    -181.    -258.           19.
 
  2025        -269.    -212.    -158.     -79.      46.     126.
               166.     189.     285.     400.     382.     232.           92.
 
  2026          57.     -98.    -237.    -288.    -267.    -144.
                                                                         -163.
 
  AVGE          -7.      -3.      -5.      -3.       0.       4.
                 8.       6.       7.       6.       1.      -4.

  Table Total-         208.   Mean-         1.   Std. Dev.-       294.
                              Min -     -1269.        Max -      1411.
        bps_permits 35620            PAGE  18, SERIES bps_permits_addi

 E 8  Month-to-month differences in original series adjusted for calendar factors (A18)
  From  2004.Feb to 2026.Jun
  Observations        269
 -----------------------------------------------------------------------------
               Jan      Feb      Mar      Apr      May      Jun 
               Jul      Aug      Sep      Oct      Nov      Dec         AVGE  
 -----------------------------------------------------------------------------
  2004                 -181.    1298.     503.     517.     713.
              -488.    -358.    -448.     -60.    1029.    -610.          174.
 
  2005        -907.    -440.    1112.    1676.    -692.    1934.
             -2343.     513.     -69.   -1288.    1409.    -722.           15.
 
  2006        -517.    -209.    1029.    -956.     735.    1029.
             -1535.    1571.   -1403.    -601.     251.     503.           -9.
 
  2007        -643.   -1216.    1049.     502.    -232.    2196.
             -1465.    -417.    -710.     721.    -349.    -156.          -60.
 
  2008        -724.   -1107.     325.     577.    2510.   14927.
            -17468.   -1377.     344.    -456.    -349.     154.         -220.
 
  2009        -620.     -17.     109.     213.    -331.     949.
              -710.     -10.      27.    -160.     323.     336.            9.
 
  2010        -885.      60.     519.    -381.     280.    1354.
             -1348.     141.     -69.     127.    -561.    1988.          102.
 
  2011       -1750.    -311.     615.     -69.    1102.     967.
             -2095.     418.    -780.     403.     355.     232.          -76.
 
  2012        -385.     105.      44.     637.    -482.     879.
               -78.    -582.     197.    -106.    -506.     929.           54.
 
  2013         242.   -1448.     237.    1249.     359.     725.
              -691.    1293.   -1984.     620.     -79.    1415.          162.
 
  2014       -2988.    1081.    3008.   -1985.      33.    -432.
              1778.   -1830.    1460.   -2254.     734.     481.          -76.
 
  2015        -462.   -1298.    3321.    4065.    6993.    6115.
            -18640.    -324.    -576.    1335.    -680.    6963.          568.
 
  2016       -9010.    1669.    -578.     347.      49.    1219.
             -1316.    1336.     -17.   -1699.     924.    1226.         -487.
 
  2017         815.   -2799.     974.     586.    -210.    -162.
               131.      76.    -728.     474.    -273.    1934.           68.
 
  2018       -2451.     368.    1503.   -2328.    2706.    -719.
              -327.   -1148.    -304.     616.     836.    -275.         -127.
 
  2019         385.   -1148.     421.     168.    -418.    1326.
              -275.     574.    -264.    1269.     925.   -1259.          142.
 
  2020         274.   -3053.     481.   -1839.    1315.    2484.
              -632.   -1356.    1740.    -846.     547.     380.          -42.
 
  2021         303.   -1713.    -221.     839.     -66.     970.
              -852.     583.   -1623.     838.    1809.      75.           79.
 
  2022       -1482.    -645.    4447.   -3086.   -1752.    3271.
             -1617.    -448.   -1395.    -720.     831.     889.         -142.
 
  2023       -1855.     181.    2869.   -3119.    2104.   -1572.
               -20.    1346.   -2418.    1151.   -1002.     764.         -131.
 
  2024        2125.    2837.   -2474.    -144.   -1881.    1137.
               564.      -8.   -1357.     502.      48.    2125.          290.
 
  2025       -2141.   -2093.    1434.      64.      55.     -97.
               402.    -146.     -77.     732.    -835.    3676.           81.
 
  2026       -1303.    -448.    -968.   -1310.    1304.     809.
                                                                         -319.
 
  AVGE       -1090.    -514.     894.    -165.     609.    1740.
             -2228.      -7.    -475.      27.     245.     957.

  Table Total-        2380.   Mean-         9.   Std. Dev.-      2371.
                              Min -    -18640.        Max -     14927.
        bps_permits 35620            PAGE  19, SERIES bps_permits_addi

 E 18  Final adjustment ratios
  From  2004.Jan to 2026.Jun
  Observations        270
 -----------------------------------------------------------------------------
               Jan      Feb      Mar      Apr      May      Jun 
               Jul      Aug      Sep      Oct      Nov      Dec         AVGE  
 -----------------------------------------------------------------------------
  2004       77.882   66.872   94.833  105.882  107.036  143.956
            107.428  112.872   95.451   89.354  100.496   97.238        99.942
 
  2005       82.555   72.203   95.664  104.136  106.254  130.936
            108.098  110.552   95.714   89.194   99.096   98.085        99.374
 
  2006       84.813   77.384   96.627  105.041  106.823  139.542
            108.559  108.618   94.787   89.399   97.496   99.668       100.730
 
  2007       84.736   72.480   95.790  103.797  107.730  134.708
            107.330  110.107   93.650   91.180   96.115  101.051        99.889
 
  2008       83.336   68.477   92.740  104.798  105.634  108.762
            111.507  129.432   88.588   80.814   85.112  105.332        97.044
 
  2009       59.528   48.334   86.863  111.101  145.064  506.630
            151.574  158.968   82.450   71.996   79.086  106.937       134.044
 
  2010       54.671   44.656   90.262  124.590  140.594  228.939
            167.181  143.858   80.717   77.776   67.505  106.260       110.584
 
  2011       59.374   43.990   93.434  124.632  123.269  170.060
            181.397  129.783   74.763   73.692   76.484  112.601       105.290
 
  2012       66.987   60.427   92.694  119.392  139.505  192.146
            129.996  121.697   85.575   79.754   74.793  114.773       106.478
 
  2013       78.599   58.038   93.977  113.959  121.812  143.253
            120.526  108.278   87.669   84.484   84.760  110.640       100.499
 
  2014       71.151   71.796   98.289  109.467  118.162  146.375
            111.513  109.984   92.234   82.334   87.962  115.477       101.229
 
  2015       85.283   63.962   98.076  102.914  103.237  104.582
            116.332  107.201   87.307   89.708   92.199  105.091        96.324
 
  2016       79.281   73.423   94.223  108.464  115.967  128.269
            121.995  105.508   89.915   84.460   96.374  113.065       100.912
 
  2017       94.434   69.207   95.519  104.468  108.992  132.026
            115.038  104.163   86.842   88.477   99.486  112.679       100.944
 
  2018       92.924   74.249   95.695  105.037  106.670  126.325
            111.053  106.140   80.947   86.819  101.144  122.959       100.830
 
  2019       97.303   75.449   95.093  100.405  107.869  122.496
            107.200  103.285   86.932   92.254  101.085  118.190       100.630
 
  2020      101.801   75.222   95.131   94.881  106.279  115.005
            104.042  104.616   86.428   91.302  101.430  125.712       100.154
 
  2021      104.748   81.816   96.963   94.893  101.224  111.733
            102.532  101.520   81.361   92.798  101.943  123.755        99.607
 
  2022      108.450   83.161   98.536   94.529   99.166  108.394
            101.373  100.996   80.791   90.442  102.575  141.213       100.802
 
  2023      117.213   79.146   97.485   86.714   98.520  123.614
            101.121  101.592   70.425   90.335   99.851  193.311       104.944
 
  2024      108.099   92.032   97.688   93.279   98.580  114.625
            100.039  102.675   81.125   91.329   96.527  131.392       100.616
 
  2025      108.037   77.380   98.728   90.424  100.634  117.023
             99.016  104.409   81.022   91.083   92.147  128.707        99.051
 
  2026      105.169   91.317  100.894   89.113  101.233  108.497
                                                                        99.370
 
  AVGE       87.234   70.479   95.444  103.996  111.750  150.343
            117.493  113.011   85.668   86.317   92.439  117.461

  Table Total-       27715.   Mean-       103.   Std. Dev.-        34.
                              Min -        44.        Max -       507.

 E 18.A  Final adjustment ratio forecasts
  From  2026.Jul to 2027.Jun
  Observations         12
 -----------------------------------------------------------------------------
               Jan      Feb      Mar      Apr      May      Jun 
               Jul      Aug      Sep      Oct      Nov      Dec         AVGE  
 -----------------------------------------------------------------------------
  2026                                                          
             97.774  103.837   80.933   90.265   90.668  152.014       102.582
 
  2027      109.989   87.287  101.443   90.296  100.171  106.367
                                                                        99.259
 

  QS statistic for seasonality:
  Original Series                                    11.54  (P-Value =     0.0031)
  Original Series (EV adj)                           11.54  (P-Value =     0.0031)
  Residuals                                           0.00  (P-Value =     1.0000)
  Seasonally Adjusted Series                          0.00  (P-Value =     1.0000)
  Seasonally Adjusted Series (EV adj)                 0.00  (P-Value =     1.0000)
  Irregular Series                                    0.00  (P-Value =     1.0000)
  Irregular Series (EV adj)                           0.00  (P-Value =     1.0000)

  QS statistic for seasonality (starting 2018.Jul):
  Original Series                                     3.27  (P-Value =     0.1952)
  Original Series (EV adj)                            3.27  (P-Value =     0.1952)
  Residuals                                           6.08  (P-Value =     0.0479)
  Seasonally Adjusted Series                          0.00  (P-Value =     1.0000)
  Seasonally Adjusted Series (EV adj)                 0.00  (P-Value =     1.0000)
  Irregular Series                                    0.00  (P-Value =     1.0000)
  Irregular Series (EV adj)                           0.00  (P-Value =     1.0000)


 WARNING: Series should not be a candidate for seasonal adjustment
          because the spectrum of the original series (Table A1 or B1)
          has no visually significant seasonal peaks.

          If this is a component series of an indirectly adjusted
          composite series, consider using type = trend or type = summary
          in the x11 spec.
        bps_permits 35620            PAGE  20, SERIES bps_permits_addi
 G 0  10*LOG(SPECTRUM) of the differenced Original Series
      (Table A1 or B1).  Spectrum estimated from 2018.Jul to 2026.Jun.
 ++++++++++I+++++++++++++++++++++++++++++++++++++++++++++++++++++++++++++I
      70.67I                                                   *         I     70.67
           I                                                   *         I
           I                                                   *         I
           I                                                   *         I
      68.38I                                          T        *         I     68.38
           I                                          T *      *         I
           I                                          T**     S*         I
           I                                         *T**     S*         I
      66.09I                                         *T**     S*         I     66.09
           I                    S             *      *T**     S*  *      I
           I                    S     *       *      *T**     S*T **     I
           I                    S*   **   S  **      *T***    S*T **    SI
      63.80I                    S*   **  *S  ***    S*T***    S*T***    SI     63.80
           I                    S*   *** *S*****    S*T***    S*T***    SI
           I            *       S*   *****S*****    S*T***    S*T****  *SI
           I            *       S*   *****S*****    S*T***    S*T****  *SI
      61.51I            *       S*   *****S*****    S*T***    S*T****  *SI     61.51
           I            *      *S*  ******S******  *S*T***   *S*T*******SI
           I           **    * *S** ******S******  *S*T****  *S*T*******SI
           I           **   ****S** ******S******* *S*T****  *S*T*******SI
      59.22I           **   ****S*********S*********S*T****  *S*T*******SI     59.22
           I           ***  ****S*********S*********S*T*******S*T*******SI
           I           ***  ****S*********S*********S*T*******S*T*******SI
           I          S*** *****S*********S*********S*T*******S*T*******SI
      56.92I        **S*********S*********S*********S*T*******S*T*******SI     56.92
           I        **S*********S*********S*********S*T*******S*T*******SI
           I        **S*********S*********S*********S*T*******S*T*******SI
           I    *  ***S*********S*********S*********S*T*******S*T*******SI
      54.63I    ** ***S*********S*********S*********S*T*******S*T*******SI     54.63
           I    ** ***S*********S*********S*********S*T*******S*T*******SI
           I    ******S*********S*********S*********S*T*******S*T*******SI
           I    ******S*********S*********S*********S*T*******S*T*******SI
      52.34I    ******S*********S*********S*********S*T*******S*T*******SI     52.34
           I    ******S*********S*********S*********S*T*******S*T*******SI
           I    ******S*********S*********S*********S*T*******S*T*******SI
           I    ******S*********S*********S*********S*T*******S*T*******SI
      50.05I    ******S*********S*********S*********S*T*******S*T*******SI     50.05
           I    ******S*********S*********S*********S*T*******S*T*******SI
           I   *******S*********S*********S*********S*T*******S*T*******SI
           I   *******S*********S*********S*********S*T*******S*T*******SI
      47.76I   *******S*********S*********S*********S*T*******S*T*******SI     47.76
           I   *******S*********S*********S*********S*T*******S*T*******SI
           I   *******S*********S*********S*********S*T*******S*T*******SI
           I   *******S*********S*********S*********S*T*******S*T*******SI
      45.47I   *******S*********S*********S*********S*T*******S*T*******SI     45.47
           I   *******S*********S*********S*********S*T*******S*T*******SI
           I   *******S*********S*********S*********S*T*******S*T*******SI
           I  ********S*********S*********S*********S*T*******S*T*******SI
      43.18I  ********S*********S*********S*********S*T*******S*T*******SI     43.18
           I  ********S*********S*********S*********S*T*******S*T*******SI
           I  ********S*********S*********S*********S*T*******S*T*******SI
           I *********S*********S*********S*********S*T*******S*T*******SI
      40.88I**********S*********S*********S*********S*T*******S*T*******SI     40.88
 ++++++++++I+++++++++++++++++++++++++++++++++++++++++++++++++++++++++++++I
            S=SEASONAL FREQUENCIES, T=TRADING DAY FREQUENCIES
        bps_permits 35620            PAGE  21, SERIES bps_permits_addi
 G 1  10*LOG(SPECTRUM) of the differenced seasonally adjusted 
      data (Table E2).  Spectrum estimated from 2018.Jul to 2026.Jun.
 ++++++++++I+++++++++++++++++++++++++++++++++++++++++++++++++++++++++++++I
      64.60I                                                             I     64.60
           I                                           *      S          I
           I                                          T*  *   S          I
           I            *                     *       T*  *   S          I
      62.78I            *                     *       T*  *   S          I     62.78
           I            *                    **       T*  *   S*   *    SI
           I            *                    **       T* **   S*   *    SI
           I            *                *S  **       T* *** *S*   **   SI
      60.97I            *                *S  **       T* *** *S*   **  *SI     60.97
           I            *             *  *S  ***      T***** *S*   **  *SI
           I            *   *         *  *S  *****    T*******S*   **  *SI
           I           **   *         *  *S ******    T*******S*  ******SI
      59.16I           **   *         * **S*******    T*******S*  ******SI     59.16
           I           **   *        *****S*******    T*******S*T ******SI
           I           **   *     *  *****S*******   *T*******S*T ******SI
           I           **   *     *  *****S********  *T*******S*T*******SI
      57.34I           **   *     *  *****S********  *T*******S*T*******SI     57.34
           I        *  **   *    **  *****S********  *T*******S*T*******SI
           I        ** ***  *    **  *****S******** S*T*******S*T*******SI
           I        **S***  *    *********S*********S*T*******S*T*******SI
      55.53I        **S*** ***   *********S*********S*T*******S*T*******SI     55.53
           I     *  **S*** ***   *********S*********S*T*******S*T*******SI
           I     * ***S*** ***   *********S*********S*T*******S*T*******SI
           I    ** ***S*******   *********S*********S*T*******S*T*******SI
      53.72I    ** ***S*******   *********S*********S*T*******S*T*******SI     53.72
           I    ******S*******   *********S*********S*T*******S*T*******SI
           I    ******S*******   *********S*********S*T*******S*T*******SI
           I    ******S*******  S*********S*********S*T*******S*T*******SI
      51.90I    ******S*******  S*********S*********S*T*******S*T*******SI     51.90
           I    ******S******** S*********S*********S*T*******S*T*******SI
           I    ******S******** S*********S*********S*T*******S*T*******SI
           I    ******S*********S*********S*********S*T*******S*T*******SI
      50.09I    ******S*********S*********S*********S*T*******S*T*******SI     50.09
           I    ******S*********S*********S*********S*T*******S*T*******SI
           I    ******S*********S*********S*********S*T*******S*T*******SI
           I    ******S*********S*********S*********S*T*******S*T*******SI
      48.28I    ******S*********S*********S*********S*T*******S*T*******SI     48.28
           I   *******S*********S*********S*********S*T*******S*T*******SI
           I   *******S*********S*********S*********S*T*******S*T*******SI
           I   *******S*********S*********S*********S*T*******S*T*******SI
      46.46I   *******S*********S*********S*********S*T*******S*T*******SI     46.46
           I   *******S*********S*********S*********S*T*******S*T*******SI
           I   *******S*********S*********S*********S*T*******S*T*******SI
           I   *******S*********S*********S*********S*T*******S*T*******SI
      44.65I   *******S*********S*********S*********S*T*******S*T*******SI     44.65
           I   *******S*********S*********S*********S*T*******S*T*******SI
           I  ********S*********S*********S*********S*T*******S*T*******SI
           I  ********S*********S*********S*********S*T*******S*T*******SI
      42.84I  ********S*********S*********S*********S*T*******S*T*******SI     42.84
           I  ********S*********S*********S*********S*T*******S*T*******SI
           I  ********S*********S*********S*********S*T*******S*T*******SI
           I *********S*********S*********S*********S*T*******S*T*******SI
      41.02I**********S*********S*********S*********S*T*******S*T*******SI     41.02
 ++++++++++I+++++++++++++++++++++++++++++++++++++++++++++++++++++++++++++I
            S=SEASONAL FREQUENCIES, T=TRADING DAY FREQUENCIES
        bps_permits 35620            PAGE  22, SERIES bps_permits_addi
 G 2  10*LOG(SPECTRUM) of the Modified Irregular (Table E3).  
      Spectrum estimated from 2018.Jul to 2026.Jun.
 ++++++++++I+++++++++++++++++++++++++++++++++++++++++++++++++++++++++++++I
      59.79I                                  *                          I     59.79
           I                                  *                          I
           I                          *  *   **       T*  *              I
           I            *             *  *S  **       T*  *   S          I
      58.38I            *             *  *S  **       T*  *   S          I     58.38
           I            *         *   *  *S  **       T*  *   S          I
           I            *         *   ** *S  **       T*  *   S          I
           I            *   *     *   ****S  **       T*  *   S          I
      56.97I            *   *     *   ****S  **       T*  *   S          I     56.97
           I            *   *     *   ****S  ***      T*  *   S    *     I
           I            *   *     *  *****S*****      T* **   S    *    SI
           I            *   *     *  *****S*******    T* ***  S*   *    SI
      55.56I           **   *     *  *****S*******    T* *** *S*   *    SI     55.56
           I           **   *     *  *****S*******    T***** *S*   **  *SI
           I           **   **   *** *****S*******    T***** *S*   **  *SI
           I           **   **   *** *****S*******    T***** *S*   **  *SI
      54.15I           **   **   *********S*******    T*******S*  ***  *SI     54.15
           I           ***  **   *********S*******    T*******S*  ******SI
           I           *** ***   *********S********   T*******S*  ******SI
           I           *** ***   *********S********  *T*******S*  ******SI
      52.74I           *** ***   *********S********  *T*******S*  ******SI     52.74
           I           *** ***   *********S********  *T*******S*T ******SI
           I           *******   *********S********  *T*******S*T ******SI
           I           *******   *********S********  *T*******S*T*******SI
      51.33I          S*******   *********S********  *T*******S*T*******SI     51.33
           I          S******** S*********S*********S*T*******S*T*******SI
           I        * S******** S*********S*********S*T*******S*T*******SI
           I        * S******** S*********S*********S*T*******S*T*******SI
      49.92I       ***S******** S*********S*********S*T*******S*T*******SI     49.92
           I       ***S*********S*********S*********S*T*******S*T*******SI
           I       ***S*********S*********S*********S*T*******S*T*******SI
           I       ***S*********S*********S*********S*T*******S*T*******SI
      48.50I       ***S*********S*********S*********S*T*******S*T*******SI     48.50
           I      ****S*********S*********S*********S*T*******S*T*******SI
           I    * ****S*********S*********S*********S*T*******S*T*******SI
           I   ** ****S*********S*********S*********S*T*******S*T*******SI
      47.09I   *******S*********S*********S*********S*T*******S*T*******SI     47.09
           I   *******S*********S*********S*********S*T*******S*T*******SI
           I   *******S*********S*********S*********S*T*******S*T*******SI
           I   *******S*********S*********S*********S*T*******S*T*******SI
      45.68I   *******S*********S*********S*********S*T*******S*T*******SI     45.68
           I   *******S*********S*********S*********S*T*******S*T*******SI
           I   *******S*********S*********S*********S*T*******S*T*******SI
           I  ********S*********S*********S*********S*T*******S*T*******SI
      44.27I  ********S*********S*********S*********S*T*******S*T*******SI     44.27
           I  ********S*********S*********S*********S*T*******S*T*******SI
           I  ********S*********S*********S*********S*T*******S*T*******SI
           I  ********S*********S*********S*********S*T*******S*T*******SI
      42.86I  ********S*********S*********S*********S*T*******S*T*******SI     42.86
           I  ********S*********S*********S*********S*T*******S*T*******SI
           I *********S*********S*********S*********S*T*******S*T*******SI
           I *********S*********S*********S*********S*T*******S*T*******SI
      41.45I**********S*********S*********S*********S*T*******S*T*******SI     41.45
 ++++++++++I+++++++++++++++++++++++++++++++++++++++++++++++++++++++++++++I
            S=SEASONAL FREQUENCIES, T=TRADING DAY FREQUENCIES
        bps_permits 35620            PAGE  23, SERIES bps_permits_addi

  Peak probabilities for Tukey spectrum estimator
  Spectrum estimated from 2018.Jul to 2026.Jun.

                                          S1       S2       S3       S4       S5       S6       TD
                                        ------   ------   ------   ------   ------   ------   ------
  Model Residuals                        0.590    0.077    0.356    0.289    0.541    0.465    0.463  
  Original Series (Table A1 or B1)       0.465    0.895    0.400    0.640    0.974*   0.873    0.716  
  Seasonally adjusted series (E2)        0.570    0.196    0.359    0.043    0.515    0.798    0.884  
  Modified Irregular (E3)                0.612    0.110    0.273    0.044    0.476    0.810    0.910* 
  ----------
     ** - Peak Probability > 0.99,
      * - 0.90 < Peak Probability < 0.99


