  Reading input spec file from D:\Programming\Dynamic Paper-dlrhcs_replication\outputs\empirical\unemployment\raw_sa_pilot\x13_work\bps_permits_additive_level_12620_200401_202606.spc

1

               U. S. Department of Commerce, U. S. Census Bureau

              X-13ARIMA-SEATS monthly seasonal adjustment Method,
                          Release Version 1.1 Build 62


           This software application provides an enhanced version of
             Statistics Canada's X-11-ARIMA extension (Dagum, 1980)
                 of the X-11 variant of the Census Method II of
                      Shiskin, Young and Musgrave (1967).

            It also provides an ARIMA model-based method following
       Hillmer and Tiao (1982) and Burman (1980) that is very similar
       to the update of the method of SEATS (Gomez and Maravall, 1996)
                produced at the Bank of Spain by G. Caporello and
               A. Maravall for TSW (Caporello and Maravall, 2004).
          The present application includes additional enhancements.

         X-13ARIMA-SEATS includes an automatic ARIMA model selection procedure
          based largely on the procedure of Gomez and Maravall (1998)
            as implemented in TRAMO (1996) and subsequent revisions.

              Primary Programmers: Brian Monsell, Mark Otto and,
                 for the ARIMA model-based signal extraction,
                      Gianluca Caporello and Victor Gomez


     Series Title- bps_permits 12620
     Series Name- bps_permits_addi
     Jul 29, 2026  08.22.52 

        -Period covered-  1st month,2004 to  6th month,2026
        -Type of run - additive seasonal adjustment

        -Sigma limits for graduating extreme values are  1.5 and  2.5 .
        -3x3 moving average used in section 1 of each iteration, 
         3x5 moving average in section 2 of iterations B and C,
         moving average for final seasonal factors chosen by Global MSR.
        -Holiday adjustment factors applied directly to the final seasonally adjusted series
        -Spectral plots generated for selected series
        -Spectral plots generated for series starting in 2018.Jul

 FILE SAVE REQUESTS (* indicates file exists and will be overwritten)
  D:\Programming\Dynamic Paper-dlrhcs_replication\outputs\empirical\unemployment\raw_sa_pilot\x13_work\bps_permits_additive_level_12620_200401_202606.d10  final seasonal factors
  D:\Programming\Dynamic Paper-dlrhcs_replication\outputs\empirical\unemployment\raw_sa_pilot\x13_work\bps_permits_additive_level_12620_200401_202606.d11  final seasonally adjusted data
  D:\Programming\Dynamic Paper-dlrhcs_replication\outputs\empirical\unemployment\raw_sa_pilot\x13_work\bps_permits_additive_level_12620_200401_202606.out  program output file
  D:\Programming\Dynamic Paper-dlrhcs_replication\outputs\empirical\unemployment\raw_sa_pilot\x13_work\bps_permits_additive_level_12620_200401_202606.err  program error file
        bps_permits 12620            PAGE   1, SERIES bps_permits_addi

     Contents of spc file D:\Programming\Dynamic Paper-dlrhcs_replication\outputs\empirical\unemployment\raw_sa_pilot\x13_work\bps_permits_additive_level_12620_200401_202606.spc

 Line #
 ------
      1: series {
      2:   title = "bps_permits 12620"
      3:   start = 2004.1
      4:   period = 12
      5:   data = (
      6: 12
      7: 24
      8: 42
      9: 42
     10: 63
     11: 52
     12: 41
     13: 36
     14: 44
     15: 30
     16: 43
     17: 36
     18: 15
     19: 51
     20: 44
     21: 33
     22: 44
     23: 88
     24: 38
     25: 53
     26: 46
     27: 31
     28: 23
     29: 23
     30: 19
     31: 9
     32: 23
     33: 37
     34: 40
     35: 42
     36: 31
     37: 30
     38: 22
     39: 27
     40: 43
     41: 17
     42: 15
     43: 5
     44: 14
     45: 19
     46: 34
     47: 48
     48: 16
     49: 38
     50: 23
     51: 23
     52: 8
     53: 7
     54: 5
     55: 11
     56: 13
     57: 18
     58: 16
     59: 105
     60: 18
     61: 14
     62: 14
     63: 12
     64: 10
     65: 10
     66: 5
     67: 3
     68: 12
     69: 7
     70: 13
     71: 17
     72: 21
     73: 19
     74: 12
     75: 14
     76: 24
     77: 16
     78: 12
     79: 8
     80: 13
     81: 29
     82: 16
     83: 30
     84: 17
     85: 15
     86: 21
     87: 21
     88: 7
     89: 5
     90: 4
     91: 4
     92: 15
     93: 13
     94: 14
     95: 11
     96: 14
     97: 9
     98: 9
     99: 8
    100: 10
    101: 9
    102: 6
    103: 11
    104: 7
    105: 13
    106: 33
    107: 23
    108: 12
    109: 12
    110: 11
    111: 11
    112: 11
    113: 5
    114: 4
    115: 2
    116: 9
    117: 11
    118: 11
    119: 10
    120: 14
    121: 14
    122: 12
    123: 23
    124: 29
    125: 2
    126: 3
    127: 2
    128: 14
    129: 10
    130: 9
    131: 18
    132: 12
    133: 8
    134: 6
    135: 13
    136: 5
    137: 5
    138: 4
    139: 1
    140: 83
    141: 71
    142: 36
    143: 50
    144: 49
    145: 10
    146: 13
    147: 54
    148: 12
    149: 24
    150: 1
    151: 4
    152: 5
    153: 10
    154: 13
    155: 14
    156: 63
    157: 25
    158: 28
    159: 4
    160: 4
    161: 3
    162: 4
    163: 20
    164: 6
    165: 10
    166: 13
    167: 9
    168: 13
    169: 11
    170: 7
    171: 11
    172: 9
    173: 5
    174: 2
    175: 7
    176: 4
    177: 7
    178: 18
    179: 13
    180: 16
    181: 14
    182: 25
    183: 21
    184: 9
    185: 4
    186: 4
    187: 10
    188: 9
    189: 12
    190: 12
    191: 49
    192: 11
    193: 14
    194: 11
    195: 33
    196: 7
    197: 4
    198: 5
    199: 9
    200: 17
    201: 8
    202: 15
    203: 22
    204: 57
    205: 23
    206: 16
    207: 12
    208: 11
    209: 11
    210: 13
    211: 7
    212: 15
    213: 17
    214: 14
    215: 24
    216: 12
    217: 17
    218: 15
    219: 19
    220: 7
    221: 10
    222: 17
    223: 37
    224: 21
    225: 43
    226: 49
    227: 35
    228: 27
    229: 64
    230: 27
    231: 28
    232: 28
    233: 26
    234: 23
    235: 17
    236: 29
    237: 29
    238: 35
    239: 42
    240: 20
    241: 27
    242: 33
    243: 19
    244: 15
    245: 14
    246: 17
    247: 19
    248: 30
    249: 35
    250: 44
    251: 40
    252: 38
    253: 46
    254: 51
    255: 44
    256: 40
    257: 41
    258: 40
    259: 30
    260: 104
    261: 49
    262: 36
    263: 30
    264: 32
    265: 35
    266: 37
    267: 37
    268: 26
    269: 21
    270: 21
    271: 17
    272: 45
    273: 59
    274: 40
    275: 87
    276:   )
    277: }
    278: transform { function = none }
    279: regression { aictest = (td easter) }
    280: automdl {}
    281: x11 { mode = add save = (d10 d11) }
        bps_permits 12620            PAGE   2, SERIES bps_permits_addi

 A 1  Time series data (for the span analyzed)
  From  2004.Jan to 2026.Jun
  Observations        270
 -----------------------------------------------------------------------------
               Jan      Feb      Mar      Apr      May      Jun 
               Jul      Aug      Sep      Oct      Nov      Dec        TOTAL  
 -----------------------------------------------------------------------------
  2004          12.      24.      42.      42.      63.      52.
                41.      36.      44.      30.      43.      36.          465.
 
  2005          15.      51.      44.      33.      44.      88.
                38.      53.      46.      31.      23.      23.          489.
 
  2006          19.       9.      23.      37.      40.      42.
                31.      30.      22.      27.      43.      17.          340.
 
  2007          15.       5.      14.      19.      34.      48.
                16.      38.      23.      23.       8.       7.          250.
 
  2008           5.      11.      13.      18.      16.     105.
                18.      14.      14.      12.      10.      10.          246.
 
  2009           5.       3.      12.       7.      13.      17.
                21.      19.      12.      14.      24.      16.          163.
 
  2010          12.       8.      13.      29.      16.      30.
                17.      15.      21.      21.       7.       5.          194.
 
  2011           4.       4.      15.      13.      14.      11.
                14.       9.       9.       8.      10.       9.          120.
 
  2012           6.      11.       7.      13.      33.      23.
                12.      12.      11.      11.      11.       5.          155.
 
  2013           4.       2.       9.      11.      11.      10.
                14.      14.      12.      23.      29.       2.          141.
 
  2014           3.       2.      14.      10.       9.      18.
                12.       8.       6.      13.       5.       5.          105.
 
  2015           4.       1.      83.      71.      36.      50.
                49.      10.      13.      54.      12.      24.          407.
 
  2016           1.       4.       5.      10.      13.      14.
                63.      25.      28.       4.       4.       3.          174.
 
  2017           4.      20.       6.      10.      13.       9.
                13.      11.       7.      11.       9.       5.          118.
 
  2018           2.       7.       4.       7.      18.      13.
                16.      14.      25.      21.       9.       4.          140.
 
  2019           4.      10.       9.      12.      12.      49.
                11.      14.      11.      33.       7.       4.          176.
 
  2020           5.       9.      17.       8.      15.      22.
                57.      23.      16.      12.      11.      11.          206.
 
  2021          13.       7.      15.      17.      14.      24.
                12.      17.      15.      19.       7.      10.          170.
 
  2022          17.      37.      21.      43.      49.      35.
                27.      64.      27.      28.      28.      26.          402.
 
  2023          23.      17.      29.      29.      35.      42.
                20.      27.      33.      19.      15.      14.          303.
 
  2024          17.      19.      30.      35.      44.      40.
                38.      46.      51.      44.      40.      41.          445.
 
  2025          40.      30.     104.      49.      36.      30.
                32.      35.      37.      37.      26.      21.          477.
 
  2026          21.      17.      45.      59.      40.      87.
                                                                          269.
 
  AVGE          11.      13.      25.      25.      27.      37.
                26.      24.      22.      23.      17.      14.

  Table Total-        5955.   Mean-        22.   Std. Dev.-        18.
                              Min -         1.        Max -       105.
        bps_permits 12620            PAGE   3, SERIES bps_permits_addi
                        Automatic ARIMA Model Selection

                    Procedure based closely on TRAMO method 
                         of Gomez and Maravall (2000)
              "Automatic Modeling Methods for Univariate Series",
                            A Course in Time Series
                  (Edited by D. Pena, G. C. Tiao, R. S. Tsay),
                         New York : J. Wiley and Sons


     Maximum order for regular ARMA parameters :   2
     Maximum order for seasonal ARMA parameters :   1
     Maximum order for regular differencing :   2
     Maximum order for seasonal differencing :   1

   Results of Unit Root Test for identifying orders of differencing:
     Regular difference order :   0
     Seasonal difference order :   0

  Automatic model choice : (1 0 1)(1 0 1)


  Final Checks for Identified Model


  Checking for Unit Roots.
   Seasonal unit root found.
   ( 1, 0, 1) ( 0, 1, 1)
  Constant term removed from model
   Nonseasonal MA not within  0.001 of 1.0 - model passes test.

  Checking for insignificant ARMA coefficients.

  Final automatic model choice : (1 0 1)(0 1 1)
   End of automatic model selection procedure.

 Average absolute percentage error in within-sample forecasts:
  Last year:  25.80      Last-1 year:  39.44     Last-2 year:  27.12
  Last three years:   30.78

 Estimation converged in    6 ARMA iterations,   25 function evaluations.

 ARIMA Model:  (1 0 1)(0 1 1)
   Seasonal differences:    1
                                              Standard
 Parameter                    Estimate          Errors
 -----------------------------------------------------
 Nonseasonal AR                                    
   Lag  1                       0.9645         0.02370

 Nonseasonal MA                                    
   Lag  1                       0.7353         0.05343

 Seasonal MA                                       
   Lag 12                       0.9216         0.03097

 Variance                       0.18575E+03
 SE of Var                      0.16354E+02
 -----------------------------------------------------

 Likelihood Statistics
 ------------------------------------------------------------------
 Number of observations (nobs)                                  270
 Effective number of observations (nefobs)                      258
 Number of parameters estimated (np)                              4
 Log likelihood (L)                                      -1050.8380
 AIC                                                      2109.6760 
 AICC (F-corrected-AIC)                                   2109.8341 
 Hannan Quinn                                             2115.3907 
 BIC                                                      2123.8879 
 ------------------------------------------------------------------

 QS Statistic for regARIMA Model Residuals (full series):             0.00
                                                       (P-Value =     1.0000)

 QS Statistic for regARIMA Model Residuals (starting 2018.Jul):       0.00
                                                       (P-Value =     1.0000)
      10*LOG(SPECTRUM) of the regARIMA model residuals
      Spectrum estimated from 2018.Jul to 2026.Jun.
 ++++++++++I+++++++++++++++++++++++++++++++++++++++++++++++++++++++++++++I
      28.28I     *                                                       I     28.28
           I     *                                                       I
           I     *                                                       I
           I     *                                                       I
      27.30I     *                                 *                     I     27.30
           I     *                                 *                     I
           I     *                                 *                     I
           I     *                                 *                     I
      26.32I     *                                 *                 *   I     26.32
           I     *                                 *                 *   I
           I     *                                 *                 *   I
           I     *                                 *                 *   I
      25.34I     *                                 *                 *   I     25.34
           I     *            *                    *                 *   I
           I     *            *                    *                **   I
           I     *            *       *            *                **   I
      24.36I    **            *       *            *                **   I     24.36
           I    ***           **      *           **                **   I
           I    ***           **      *           **                **   I
           I    ***           **      **          **               ***   I
      23.38I    ***          ***      **          **               ***   I     23.38
           I    ***          ***      **  S       **               ***   I
           I    *** *        ***      **  S*  *   **               ***   I
           I    *****        ***S     **  S*  *   **               ****  I
      22.40I    *****        ***S     ** *S* **   **      *       *****  I     22.40
           I    *****        ***S    *****S****   **     ** *     *****  I
           I    *****       ****S    *****S****   **     ****     *****  I
           I    *****      *****S*   *****S****   **     ****     *****  I
      21.41I    *****      *****S*   *****S*****  **     ****     *****  I     21.41
           I    *****      *****S*   *****S*****  **     ****     *****  I
           I    *****      *****S*   *****S*****  **S    ****     *****  I
           I    *****     ******S**  *****S***** ***S    *****    *****  I
      20.43I    ******    ******S**  *****S***** ***S    *****    *****  I     20.43
           I    ******    ******S**  *****S***** ***S    *****    *****  I
           I    ******    ******S** ******S*********S    *****    *****  I
           I    ******    ******S*********S*********S    *****    *****  I
      19.45I    ******    ******S*********S*********S    *****    *****  I     19.45
           I   *******    ******S*********S*********S   ******    *****  I
           I   *******    ******S*********S*********S   ******   ******* I
           I   *******    ******S*********S*********S   ******   ******* I
      18.47I   *******   *******S*********S*********S   ******   ******* I     18.47
           I   *******   *******S*********S*********S   ******S  ******* I
           I   *******   *******S*********S*********S   ******S  ******* I
           I   *******   *******S*********S*********S*  ******S  *******SI
      17.49I   *******S  *******S*********S*********S*  ******S  *******SI     17.49
           I   *******S  *******S*********S*********S*  ******S  *******SI
           I   *******S  *******S*********S*********S*  ******S*T*******SI
           I  ********S  *******S*********S*********S*  ******S*T*******SI
      16.51I  ********S ********S*********S*********S* *******S*T*******SI     16.51
           I  ********S ********S*********S*********S* *******S*T*******SI
           I  ********S*********S*********S*********S*T*******S*T*******SI
           I *********S*********S*********S*********S*T*******S*T*******SI
      15.53I**********S*********S*********S*********S*T*******S*T*******SI     15.53
 ++++++++++I+++++++++++++++++++++++++++++++++++++++++++++++++++++++++++++I
            S=SEASONAL FREQUENCIES, T=TRADING DAY FREQUENCIES


 FORECASTING
  Origin  2026.Jun
  Number        12

  Forecasts and Standard Errors
   ------------------------------
                         Standard
       Date   Forecast      Error
   ------------------------------
   2026.Jul      49.16     13.629
   2026.Aug      47.57     13.983
   2026.Sep      44.41     14.304
   2026.Oct      43.99     14.596
   2026.Nov      37.11     14.863
   2026.Dec      33.41     15.107
   2027.Jan      30.65     15.330
   2027.Feb      31.73     15.535
   2027.Mar      45.09     15.724
   2027.Apr      43.73     15.897
   2027.May      43.30     16.057
   2027.Jun      52.51     16.204
   ------------------------------

  Confidence intervals with coverage probability ( 0.95000
   ---------------------------------------
       Date      Lower  Forecast     Upper
   ---------------------------------------
   2026.Jul     22.445    49.158    75.870
   2026.Aug     20.161    47.567    74.972
   2026.Sep     16.380    44.414    72.449
   2026.Oct     15.382    43.990    72.598
   2026.Nov      7.976    37.107    66.237
   2026.Dec      3.799    33.408    63.016
   2027.Jan      0.600    30.646    60.693
   2027.Feb      1.281    31.730    62.179
   2027.Mar     14.269    45.088    75.906
   2027.Apr     12.574    43.732    74.889
   2027.May     11.832    43.303    74.773
   2027.Jun     20.755    52.513    84.272
   ---------------------------------------
        bps_permits 12620            PAGE   4, SERIES bps_permits_addi

 B 1  Original series (prior adjusted)
  From  2004.Jan to 2026.Jun
  Observations        270
 -----------------------------------------------------------------------------
               Jan      Feb      Mar      Apr      May      Jun 
               Jul      Aug      Sep      Oct      Nov      Dec        TOTAL  
 -----------------------------------------------------------------------------
  2004          12.      24.      42.      42.      63.      52.
                41.      36.      44.      30.      43.      36.          465.
 
  2005          15.      51.      44.      33.      44.      88.
                38.      53.      46.      31.      23.      23.          489.
 
  2006          19.       9.      23.      37.      40.      42.
                31.      30.      22.      27.      43.      17.          340.
 
  2007          15.       5.      14.      19.      34.      48.
                16.      38.      23.      23.       8.       7.          250.
 
  2008           5.      11.      13.      18.      16.     105.
                18.      14.      14.      12.      10.      10.          246.
 
  2009           5.       3.      12.       7.      13.      17.
                21.      19.      12.      14.      24.      16.          163.
 
  2010          12.       8.      13.      29.      16.      30.
                17.      15.      21.      21.       7.       5.          194.
 
  2011           4.       4.      15.      13.      14.      11.
                14.       9.       9.       8.      10.       9.          120.
 
  2012           6.      11.       7.      13.      33.      23.
                12.      12.      11.      11.      11.       5.          155.
 
  2013           4.       2.       9.      11.      11.      10.
                14.      14.      12.      23.      29.       2.          141.
 
  2014           3.       2.      14.      10.       9.      18.
                12.       8.       6.      13.       5.       5.          105.
 
  2015           4.       1.      83.      71.      36.      50.
                49.      10.      13.      54.      12.      24.          407.
 
  2016           1.       4.       5.      10.      13.      14.
                63.      25.      28.       4.       4.       3.          174.
 
  2017           4.      20.       6.      10.      13.       9.
                13.      11.       7.      11.       9.       5.          118.
 
  2018           2.       7.       4.       7.      18.      13.
                16.      14.      25.      21.       9.       4.          140.
 
  2019           4.      10.       9.      12.      12.      49.
                11.      14.      11.      33.       7.       4.          176.
 
  2020           5.       9.      17.       8.      15.      22.
                57.      23.      16.      12.      11.      11.          206.
 
  2021          13.       7.      15.      17.      14.      24.
                12.      17.      15.      19.       7.      10.          170.
 
  2022          17.      37.      21.      43.      49.      35.
                27.      64.      27.      28.      28.      26.          402.
 
  2023          23.      17.      29.      29.      35.      42.
                20.      27.      33.      19.      15.      14.          303.
 
  2024          17.      19.      30.      35.      44.      40.
                38.      46.      51.      44.      40.      41.          445.
 
  2025          40.      30.     104.      49.      36.      30.
                32.      35.      37.      37.      26.      21.          477.
 
  2026          21.      17.      45.      59.      40.      87.
                                                                          269.
 
  AVGE          11.      13.      25.      25.      27.      37.
                26.      24.      22.      23.      17.      14.

  Table Total-        5955.   Mean-        22.   Std. Dev.-        18.
                              Min -         1.        Max -       105.

 B 1.A  Forecasts of (prior adjusted) original series
  From  2026.Jul to 2027.Jun
  Observations         12
 -----------------------------------------------------------------------------
               Jan      Feb      Mar      Apr      May      Jun 
               Jul      Aug      Sep      Oct      Nov      Dec        TOTAL  
 -----------------------------------------------------------------------------
  2026                                                          
                49.      48.      44.      44.      37.      33.          256.
 
  2027          31.      32.      45.      44.      43.      53.
                                                                          247.
 
        bps_permits 12620            PAGE   5, SERIES bps_permits_addi

 C 17  Final weights for irregular component
  From  2004.Jan to 2026.Jun
  Observations        270
  Lower sigma limit    1.50
  Upper sigma limit    2.50
 -----------------------------------------------------------------------------
               Jan      Feb      Mar      Apr      May      Jun 
               Jul      Aug      Sep      Oct      Nov      Dec         S.D.  
 -----------------------------------------------------------------------------
  2004         100.     100.     100.     100.     100.     100.
               100.     100.     100.     100.     100.     100.          768.
 
  2005         100.       0.     100.     100.      89.       0.
               100.     100.     100.     100.     100.     100.          768.
 
  2006         100.     100.     100.     100.     100.     100.
               100.     100.     100.     100.      28.     100.          768.
 
  2007         100.     100.     100.     100.     100.     100.
               100.     100.     100.     100.     100.     100.          768.
 
  2008         100.     100.     100.     100.       0.       0.
               100.      23.     100.     100.     100.     100.          577.
 
  2009         100.     100.     100.     100.     100.     100.
                45.     100.     100.     100.     100.     100.          505.
 
  2010         100.     100.     100.       2.     100.     100.
               100.     100.     100.     100.     100.     100.          487.
 
  2011         100.     100.     100.     100.     100.      72.
               100.     100.     100.     100.     100.     100.          443.
 
  2012         100.     100.      35.     100.       0.     100.
               100.     100.     100.     100.     100.     100.          410.
 
  2013         100.     100.     100.     100.     100.     100.
               100.     100.     100.     100.      61.     100.          807.
 
  2014         100.     100.     100.     100.     100.     100.
               100.     100.     100.     100.     100.     100.          862.
 
  2015         100.       0.       0.       0.     100.     100.
               100.       0.      84.       0.     100.     100.          856.
 
  2016         100.     100.     100.     100.     100.     100.
                 0.     100.     100.      27.     100.     100.          840.
 
  2017         100.     100.     100.     100.     100.     100.
               100.     100.     100.     100.     100.     100.          854.
 
  2018         100.     100.     100.     100.     100.     100.
               100.     100.      64.     100.     100.     100.          446.
 
  2019         100.     100.     100.     100.     100.       0.
                49.     100.     100.       0.     100.     100.          334.
 
  2020         100.     100.     100.     100.     100.     100.
                 0.     100.     100.     100.     100.     100.          474.
 
  2021         100.     100.     100.     100.     100.     100.
               100.     100.     100.     100.     100.     100.          460.
 
  2022         100.       0.       0.     100.      76.      31.
               100.       0.      17.     100.     100.     100.          453.
 
  2023         100.     100.     100.     100.     100.     100.
               100.     100.     100.     100.     100.     100.          512.
 
  2024         100.     100.     100.     100.     100.     100.
               100.     100.     100.     100.     100.     100.          552.
 
  2025         100.      51.       0.     100.      96.       0.
               100.     100.     100.     100.     100.     100.          528.
 
  2026         100.      95.     100.     100.      27.       0.
                                                                          528.
 
        bps_permits 12620            PAGE   6, SERIES bps_permits_addi

 D 8  Final unmodified SI ratios
  From  2004.Jan to 2026.Jun
  Observations        270
 -----------------------------------------------------------------------------
               Jan      Feb      Mar      Apr      May      Jun 
               Jul      Aug      Sep      Oct      Nov      Dec         AVGE  
 -----------------------------------------------------------------------------
  2004         -25.     -16.       1.      -0.      21.      12.
                 4.       0.       8.      -7.       5.      -3.            0.
 
  2005         -25.      12.       5.      -5.       6.      49.
                -1.      14.       9.      -4.      -9.      -7.            4.
 
  2006         -10.     -20.      -7.       8.      12.      16.
                 6.       5.      -3.       1.      16.      -9.            1.
 
  2007         -10.     -18.      -7.      -2.      12.      25.
                -7.      15.       2.       4.     -10.     -10.           -0.
 
  2008         -12.      -7.      -6.      -2.      -5.      85.
                -1.      -3.      -1.      -2.      -4.      -4.            3.
 
  2009          -8.      -9.       1.      -2.       4.       8.
                11.       7.      -3.      -3.       5.      -3.            1.
 
  2010          -7.      -9.      -3.      14.       1.      14.
                 0.      -2.       5.       6.      -6.      -7.            1.
 
  2011          -7.      -7.       4.       2.       3.       1.
                 5.       1.       1.      -1.      -0.      -2.           -0.
 
  2012          -7.      -3.      -7.      -1.      19.      10.
                -0.       1.       0.       1.       1.      -5.            1.
 
  2013          -6.      -7.       1.       4.       4.       2.
                 4.       1.      -3.       7.      13.     -13.            1.
 
  2014         -10.      -9.       5.       2.       2.      11.
                 6.       2.      -1.       5.      -6.     -11.           -0.
 
  2015         -18.     -27.      49.      33.      -3.      12.
                15.     -20.     -14.      30.      -9.       6.            5.
 
  2016         -14.      -8.      -4.       2.       3.       1.
                47.       7.      10.     -13.     -11.     -11.            1.
 
  2017          -9.       7.      -6.      -1.       4.       2.
                 7.       5.       0.       3.      -0.      -5.            1.
 
  2018          -8.      -3.      -6.      -3.       8.       2.
                 4.       1.      11.       7.      -5.      -9.           -0.
 
  2019          -8.      -2.      -2.       0.       1.      38.
                 0.       4.       1.      23.      -4.      -8.            4.
 
  2020          -7.      -3.       5.      -4.       2.       8.
                43.       8.       0.      -4.      -5.      -5.            3.
 
  2021          -3.      -8.       1.       5.       2.      12.
                -0.       4.       1.       3.     -10.     -10.           -0.
 
  2022          -7.       9.     -11.       9.      14.       1.
                -6.      31.      -5.      -5.      -4.      -5.            2.
 
  2023          -6.     -11.       2.       3.       9.      16.
                -6.       2.       9.      -4.      -8.      -9.           -0.
 
  2024          -8.      -7.       2.       5.      11.       5.
                -0.       5.       7.      -2.      -8.      -8.            0.
 
  2025          -8.     -17.      60.       9.      -1.      -4.
                -1.       2.       4.       5.      -6.     -11.            3.
 
  2026         -12.     -18.       6.      16.      -6.      40.
                                                                            4.
 
  AVGE         -10.      -8.       4.       4.       5.      16.
                 6.       4.       2.       2.      -3.      -7.

  Table Total-         344.   Mean-         1.   Std. Dev.-        13.
                              Min -       -27.        Max -        85.
        bps_permits 12620            PAGE   7, SERIES bps_permits_addi

 D 8.B  Final unmodified SI ratios, with labels for outliers and extreme values
  From  2004.Jan to 2026.Jun
  Observations        270
 ---------------------------------------------------------------------
               Jan       Feb       Mar       Apr       May       Jun  
               Jul       Aug       Sep       Oct       Nov       Dec  
 ---------------------------------------------------------------------
  2004        -25.      -16.        1.       -0.       21.       12.  
                4.        0.        8.       -7.        5.       -3.  
 
  2005        -25.       12.*       5.       -5.        6.*      49.* 
               -1.       14.        9.       -4.       -9.       -7.  
 
  2006        -10.      -20.       -7.        8.       12.       16.  
                6.        5.       -3.        1.       16.*      -9.  
 
  2007        -10.      -18.       -7.       -2.       12.       25.  
               -7.       15.        2.        4.      -10.      -10.  
 
  2008        -12.       -7.       -6.       -2.       -5.*      85.* 
               -1.       -3.*      -1.       -2.       -4.       -4.  
 
  2009         -8.       -9.        1.       -2.        4.        8.  
               11.*       7.       -3.       -3.        5.       -3.  
 
  2010         -7.       -9.       -3.       14.*       1.       14.  
                0.       -2.        5.        6.       -6.       -7.  
 
  2011         -7.       -7.        4.        2.        3.        1.* 
                5.        1.        1.       -1.       -0.       -2.  
 
  2012         -7.       -3.       -7.*      -1.       19.*      10.  
               -0.        1.        0.        1.        1.       -5.  
 
  2013         -6.       -7.        1.        4.        4.        2.  
                4.        1.       -3.        7.       13.*     -13.  
 
  2014        -10.       -9.        5.        2.        2.       11.  
                6.        2.       -1.        5.       -6.      -11.  
 
  2015        -18.      -27.*      49.*      33.*      -3.       12.  
               15.      -20.*     -14.*      30.*      -9.        6.  
 
  2016        -14.       -8.       -4.        2.        3.        1.  
               47.*       7.       10.      -13.*     -11.      -11.  
 
  2017         -9.        7.       -6.       -1.        4.        2.  
                7.        5.        0.        3.       -0.       -5.  
 
  2018         -8.       -3.       -6.       -3.        8.        2.  
                4.        1.       11.*       7.       -5.       -9.  
 
  2019         -8.       -2.       -2.        0.        1.       38.* 
                0.*       4.        1.       23.*      -4.       -8.  
 
  2020         -7.       -3.        5.       -4.        2.        8.  
               43.*       8.        0.       -4.       -5.       -5.  
 
  2021         -3.       -8.        1.        5.        2.       12.  
               -0.        4.        1.        3.      -10.      -10.  
 
  2022         -7.        9.*     -11.*       9.       14.*       1.* 
               -6.       31.*      -5.*      -5.       -4.       -5.  
 
  2023         -6.      -11.        2.        3.        9.       16.  
               -6.        2.        9.       -4.       -8.       -9.  
 
  2024         -8.       -7.        2.        5.       11.        5.  
               -0.        5.        7.       -2.       -8.       -8.  
 
  2025         -8.      -17.*      60.*       9.       -1.*      -4.* 
               -1.        2.        4.        5.       -6.      -11.  
 
  2026        -12.      -18.*       6.       16.       -6.*      40.* 
                                                                      
 

  Key to symbols:
    *  : extreme value as determined by X-11 extreme value procedure
 
        bps_permits 12620            PAGE   8, SERIES bps_permits_addi

 D 9  Final replacement values for SI ratios
  From  2004.Jan to 2026.Jun
  Observations        270
 ---------------------------------------------------------------
               Jan      Feb      Mar      Apr      May      Jun 
               Jul      Aug      Sep      Oct      Nov      Dec 
 ---------------------------------------------------------------
  2004     ******** ******** ******** ******** ******** ********
           ******** ******** ******** ******** ******** ********
 
  2005     ********     -14. ******** ********       7.      21.
           ******** ******** ******** ******** ******** ********
 
  2006     ******** ******** ******** ******** ******** ********
           ******** ******** ******** ********       4. ********
 
  2007     ******** ******** ******** ******** ******** ********
           ******** ******** ******** ******** ******** ********
 
  2008     ******** ******** ******** ********      12.      20.
           ********       7. ******** ******** ******** ********
 
  2009     ******** ******** ******** ******** ******** ********
                 5. ******** ******** ******** ******** ********
 
  2010     ******** ******** ********       2. ******** ********
           ******** ******** ******** ******** ******** ********
 
  2011     ******** ******** ******** ******** ********       3.
           ******** ******** ******** ******** ******** ********
 
  2012     ******** ********      -1. ********       4. ********
           ******** ******** ******** ******** ******** ********
 
  2013     ******** ******** ******** ******** ******** ********
           ******** ******** ******** ********       7. ********
 
  2014     ******** ******** ******** ******** ******** ********
           ******** ******** ******** ******** ******** ********
 
  2015     ********      -0.       5.       7. ******** ********
           ********       2.     -12.       5. ******** ********
 
  2016     ******** ******** ******** ******** ******** ********
                11. ******** ********       1. ******** ********
 
  2017     ******** ******** ******** ******** ******** ********
           ******** ******** ******** ******** ******** ********
 
  2018     ******** ******** ******** ******** ******** ********
           ******** ********       8. ******** ******** ********
 
  2019     ******** ******** ******** ******** ********       9.
                 4. ******** ********       3. ******** ********
 
  2020     ******** ******** ******** ******** ******** ********
                 4. ******** ******** ******** ******** ********
 
  2021     ******** ******** ******** ******** ******** ********
           ******** ******** ******** ******** ******** ********
 
  2022     ********      -7.       3. ********      12.       8.
           ********       5.       3. ******** ******** ********
 
  2023     ******** ******** ******** ******** ******** ********
           ******** ******** ******** ******** ******** ********
 
  2024     ******** ******** ******** ******** ******** ********
           ******** ******** ******** ******** ******** ********
 
  2025     ********     -11.       9. ********      -1.      12.
           ******** ******** ******** ******** ******** ********
 
  2026     ********     -18. ******** ********       3.      13.
                                                                
 

 D 9.A  Moving seasonality ratio
 ---------------------------------------------------------------
               Jan      Feb      Mar      Apr      May      Jun 
 ---------------------------------------------------------------
   I          2.773    4.725    4.185    4.388    4.849    6.306
   S          0.912    1.146    0.860    0.766    0.996    0.970
 RATIO        3.042    4.124    4.868    5.728    4.868    6.500



 ---------------------------------------------------------------
               Jul      Aug      Sep      Oct      Nov      Dec 
 ---------------------------------------------------------------
   I          4.686    4.393    5.618    4.277    6.203    4.870
   S          0.941    0.588    0.854    0.722    0.821    0.535
 RATIO        4.979    7.469    6.581    5.921    7.559    9.104



        bps_permits 12620            PAGE   9, SERIES bps_permits_addi

 D 10  Final seasonal factors
  From  2004.Jan to 2026.Jun
  Observations        270
  Seasonal filter    3 x 5 moving average
 -----------------------------------------------------------------------------
               Jan      Feb      Mar      Apr      May      Jun 
               Jul      Aug      Sep      Oct      Nov      Dec         AVGE  
 -----------------------------------------------------------------------------
  2004         -18.     -17.      -1.       1.      14.      18.
                 1.       8.       4.      -2.      -1.      -7.           -0.
 
  2005         -17.     -16.      -2.       0.      13.      19.
                 1.       8.       4.      -2.      -2.      -7.           -0.
 
  2006         -15.     -15.      -2.      -0.      12.      19.
                 0.       9.       2.      -2.      -3.      -7.           -0.
 
  2007         -13.     -14.      -3.       0.      10.      18.
                 0.       8.       1.      -1.      -3.      -7.           -0.
 
  2008         -10.     -12.      -3.      -0.       8.      17.
                 1.       7.       0.      -0.      -3.      -6.           -0.
 
  2009          -9.     -10.      -2.       0.       7.      14.
                 1.       5.       0.       0.      -2.      -5.           -0.
 
  2010          -8.      -8.      -1.       0.       5.      11.
                 2.       3.       0.       1.      -1.      -5.           -0.
 
  2011          -7.      -7.       0.       1.       4.       9.
                 3.       2.       0.       2.      -0.      -6.           -0.
 
  2012          -8.      -6.       1.       2.       3.       8.
                 4.       1.      -1.       3.      -0.      -6.            0.
 
  2013          -9.      -6.       2.       2.       2.       8.
                 5.       2.      -1.       4.      -2.      -6.           -0.
 
  2014         -10.      -5.       1.       3.       2.       7.
                 7.       3.      -2.       4.      -3.      -6.            0.
 
  2015         -11.      -4.      -0.       2.       2.       6.
                 8.       3.      -0.       4.      -5.      -6.           -0.
 
  2016         -11.      -2.      -1.       2.       2.       6.
                 8.       4.       1.       4.      -5.      -6.            0.
 
  2017         -11.      -2.      -2.       0.       3.       5.
                 8.       4.       2.       3.      -6.      -6.           -0.
 
  2018          -9.      -1.      -2.      -0.       3.       5.
                 6.       4.       3.       3.      -5.      -7.           -0.
 
  2019          -8.      -3.      -1.      -0.       4.       6.
                 4.       5.       3.       2.      -5.      -8.           -0.
 
  2020          -7.      -4.       0.       1.       5.       8.
                 1.       5.       3.       1.      -6.      -8.           -0.
 
  2021          -7.      -6.       1.       2.       6.       9.
                -1.       5.       3.      -1.      -6.      -8.           -0.
 
  2022          -6.      -7.       3.       4.       6.      10.
                -2.       4.       4.      -1.      -7.      -8.           -0.
 
  2023          -7.      -9.       3.       6.       7.      10.
                -2.       4.       5.      -1.      -7.      -8.            0.
 
  2024          -8.     -10.       4.       7.       6.      11.
                -2.       3.       5.      -1.      -7.      -9.            0.
 
  2025          -9.     -11.       5.       8.       6.      11.
                -1.       3.       5.      -0.      -7.      -9.            0.
 
  2026         -10.     -12.       6.       9.       5.      12.
                                                                            2.
 
  AVGE         -10.      -8.       0.       2.       6.      11.
                 2.       4.       2.       1.      -4.      -7.

  Table Total-          -2.   Mean-        -0.   Std. Dev.-         7.
                              Min -       -18.        Max -        19.

 D 10.A  Final seasonal component forecasts
  From  2026.Jul to 2027.Jun
  Observations         12
 -----------------------------------------------------------------------------
               Jan      Feb      Mar      Apr      May      Jun 
               Jul      Aug      Sep      Oct      Nov      Dec         AVGE  
 -----------------------------------------------------------------------------
  2026                                                          
                -1.       3.       5.       0.      -7.      -9.           -2.
 
  2027         -10.     -12.       6.       9.       4.      12.
                                                                            2.
 
        bps_permits 12620            PAGE  10, SERIES bps_permits_addi

 D 11  Final seasonally adjusted data
  From  2004.Jan to 2026.Jun
  Observations        270
 -----------------------------------------------------------------------------
               Jan      Feb      Mar      Apr      May      Jun 
               Jul      Aug      Sep      Oct      Nov      Dec        TOTAL  
 -----------------------------------------------------------------------------
  2004          30.      41.      43.      41.      49.      34.
                40.      28.      40.      32.      44.      43.          466.
 
  2005          32.      67.      46.      33.      31.      69.
                37.      45.      42.      33.      25.      30.          490.
 
  2006          34.      24.      25.      37.      28.      23.
                31.      21.      20.      29.      46.      24.          342.
 
  2007          28.      19.      17.      19.      24.      30.
                16.      30.      22.      24.      11.      14.          251.
 
  2008          15.      23.      16.      18.       8.      88.
                17.       7.      14.      12.      13.      16.          247.
 
  2009          14.      13.      14.       7.       6.       3.
                20.      14.      12.      14.      26.      21.          164.
 
  2010          20.      16.      14.      29.      11.      19.
                15.      12.      21.      20.       8.      10.          194.
 
  2011          11.      11.      15.      12.      10.       2.
                11.       7.       9.       6.      10.      15.          120.
 
  2012          14.      17.       6.      11.      30.      15.
                 8.      11.      12.       8.      11.      11.          155.
 
  2013          13.       8.       7.       9.       9.       2.
                 9.      12.      13.      19.      31.       8.          141.
 
  2014          13.       7.      13.       7.       7.      11.
                 5.       5.       8.       9.       8.      11.          105.
 
  2015          15.       5.      83.      69.      34.      44.
                41.       7.      13.      50.      17.      30.          407.
 
  2016          12.       6.       6.       8.      11.       8.
                55.      21.      27.      -0.       9.       9.          174.
 
  2017          15.      22.       8.      10.      10.       4.
                 5.       7.       5.       8.      15.      11.          119.
 
  2018          11.       8.       6.       7.      15.       8.
                10.      10.      22.      18.      14.      11.          141.
 
  2019          12.      13.      10.      12.       8.      43.
                 7.       9.       8.      31.      12.      12.          177.
 
  2020          12.      13.      17.       7.      10.      14.
                56.      18.      13.      11.      17.      19.          207.
 
  2021          20.      13.      14.      15.       8.      15.
                13.      12.      12.      20.      13.      18.          171.
 
  2022          23.      44.      18.      39.      43.      25.
                29.      60.      23.      29.      35.      34.          402.
 
  2023          30.      26.      26.      23.      28.      32.
                22.      23.      28.      20.      22.      22.          303.
 
  2024          25.      29.      26.      28.      38.      29.
                40.      43.      46.      45.      47.      50.          445.
 
  2025          49.      41.      99.      41.      30.      19.
                33.      32.      32.      37.      33.      30.          477.
 
  2026          31.      29.      39.      50.      35.      75.
                                                                          260.
 
  AVGE          21.      21.      25.      23.      21.      27.
                24.      20.      20.      22.      21.      20.

  Table Total-        5957.   Mean-        22.   Std. Dev.-        16.
                              Min -        -0.        Max -        99.
        bps_permits 12620            PAGE  11, SERIES bps_permits_addi

 D 12  Final trend cycle
  From  2004.Jan to 2026.Jun
  Observations        270
  Trend filter    13-term Henderson moving average
  I/C ratio        3.36
 -----------------------------------------------------------------------------
               Jan      Feb      Mar      Apr      May      Jun 
               Jul      Aug      Sep      Oct      Nov      Dec        TOTAL  
 -----------------------------------------------------------------------------
  2004          38.      40.      41.      42.      41.      39.
                37.      36.      36.      37.      39.      40.          464.
 
  2005          40.      39.      38.      38.      38.      39.
                39.      39.      38.      35.      32.      30.          445.
 
  2006          29.      29.      29.      29.      28.      27.
                26.      25.      26.      26.      27.      26.          325.
 
  2007          24.      22.      21.      21.      22.      24.
                24.      24.      22.      19.      17.      16.          255.
 
  2008          16.      17.      19.      21.      21.      20.
                19.      17.      15.      14.      14.      14.          207.
 
  2009          14.      12.      11.       9.       8.       8.
                 9.      12.      15.      18.      20.      20.          155.
 
  2010          19.      18.      16.      15.      15.      15.
                16.      16.      16.      15.      13.      12.          187.
 
  2011          12.      11.      11.      11.      10.       9.
                 8.       8.       8.       9.      11.      12.          122.
 
  2012          14.      14.      14.      14.      13.      12.
                11.      11.      11.      11.      11.      11.          145.
 
  2013          10.      10.       8.       7.       7.       7.
                 9.      12.      15.      16.      17.      15.          134.
 
  2014          13.      11.       9.       8.       8.       7.
                 7.       6.       6.       7.      10.      14.          108.
 
  2015          21.      28.      34.      39.      41.      39.
                35.      30.      26.      23.      20.      17.          353.
 
  2016          14.      11.       8.       8.      10.      13.
                17.      18.      18.      17.      15.      14.          164.
 
  2017          13.      13.      12.      10.       8.       6.
                 5.       6.       7.       9.      10.      11.          111.
 
  2018          10.      10.       9.       9.       9.      10.
                12.      13.      15.      15.      15.      14.          140.
 
  2019          12.      11.      11.      11.      11.      10.
                10.      10.      10.      11.      12.      12.          132.
 
  2020          13.      12.      12.      12.      13.      14.
                14.      15.      16.      16.      16.      16.          169.
 
  2021          16.      15.      14.      13.      12.      12.
                12.      13.      14.      15.      17.      20.          173.
 
  2022          24.      29.      33.      35.      36.      35.
                33.      32.      32.      32.      32.      31.          384.
 
  2023          30.      28.      27.      26.      26.      26.
                26.      25.      24.      23.      23.      23.          307.
 
  2024          25.      26.      28.      30.      32.      35.
                38.      42.      44.      46.      48.      49.          444.
 
  2025          48.      47.      44.      40.      37.      34.
                33.      33.      33.      32.      32.      31.          444.
 
  2026          32.      35.      39.      43.      46.      48.
                                                                          243.
 
  AVGE          21.      21.      21.      21.      21.      21.
                20.      20.      20.      20.      20.      20.

  Table Total-        5611.   Mean-        21.   Std. Dev.-        11.
                              Min -         5.        Max -        49.
        bps_permits 12620            PAGE  12, SERIES bps_permits_addi

 D 13  Final irregular component
  From  2004.Jan to 2026.Jun
  Observations        270
 -----------------------------------------------------------------------------
               Jan      Feb      Mar      Apr      May      Jun 
               Jul      Aug      Sep      Oct      Nov      Dec         S.D.  
 -----------------------------------------------------------------------------
  2004          -7.       1.       2.      -0.       8.      -5.
                 2.      -8.       4.      -5.       6.       3.            5.
 
  2005          -8.      28.       8.      -5.      -7.      30.
                -2.       6.       5.      -2.      -7.       0.           13.
 
  2006           6.      -5.      -4.       8.      -0.      -4.
                 5.      -4.      -6.       2.      19.      -2.            7.
 
  2007           4.      -4.      -4.      -2.       2.       6.
                -9.       6.       0.       4.      -7.      -2.            5.
 
  2008          -1.       6.      -3.      -3.     -14.      68.
                -2.     -10.      -1.      -2.      -1.       2.           20.
 
  2009           0.       0.       4.      -2.      -2.      -5.
                10.       2.      -3.      -4.       7.       1.            4.
 
  2010           1.      -2.      -2.      14.      -4.       4.
                -1.      -5.       5.       6.      -5.      -2.            5.
 
  2011          -0.      -1.       3.       1.       0.      -7.
                 3.      -0.       1.      -3.      -1.       3.            3.
 
  2012           0.       3.      -9.      -2.      18.       3.
                -3.      -0.       1.      -2.       1.       0.            6.
 
  2013           3.      -2.      -1.       1.       2.      -5.
                -1.       0.      -2.       3.      14.      -7.            5.
 
  2014           1.      -4.       4.      -1.      -1.       4.
                -2.      -1.       1.       2.      -2.      -3.            2.
 
  2015          -6.     -23.      49.      30.      -7.       5.
                 6.     -24.     -13.      27.      -3.      13.           22.
 
  2016          -2.      -5.      -2.       0.       1.      -5.
                38.       3.       9.     -17.      -6.      -5.           13.
 
  2017           2.       9.      -4.      -1.       2.      -2.
                -0.       1.      -3.      -1.       5.       1.            3.
 
  2018           1.      -1.      -3.      -1.       6.      -3.
                -2.      -4.       8.       3.      -0.      -3.            4.
 
  2019          -1.       1.      -1.       1.      -3.      32.
                -3.      -1.      -2.      20.       1.      -1.           11.
 
  2020          -1.       1.       5.      -5.      -2.       0.
                41.       4.      -2.      -5.       1.       2.           12.
 
  2021           3.      -3.      -1.       2.      -4.       3.
                 0.      -0.      -2.       5.      -3.      -2.            3.
 
  2022          -1.      16.     -14.       4.       7.     -10.
                -4.      27.      -9.      -3.       3.       3.           11.
 
  2023           0.      -2.      -1.      -3.       2.       6.
                -4.      -2.       5.      -3.      -1.      -1.            3.
 
  2024           0.       3.      -2.      -2.       5.      -6.
                 2.       1.       2.      -2.      -1.       1.            3.
 
  2025           1.      -5.      55.       1.      -6.     -15.
                 0.      -1.      -1.       5.       1.      -2.           17.
 
  2026          -2.      -6.       0.       7.     -11.      28.
                                                                           13.
 
  S.D.           3.       9.      16.       8.       7.      19.
                13.       9.       5.       9.       6.       4.

  Table Total-         346.   Mean-         1.   Std. Dev.-        10.
                              Min -       -24.        Max -        68.
        bps_permits 12620            PAGE  13, SERIES bps_permits_addi

 D 16  Combined adjustment factors
  From  2004.Jan to 2026.Jun
  Observations        270
 -----------------------------------------------------------------------------
               Jan      Feb      Mar      Apr      May      Jun 
               Jul      Aug      Sep      Oct      Nov      Dec         AVGE  
 -----------------------------------------------------------------------------
  2004         -18.     -17.      -1.       1.      14.      18.
                 1.       8.       4.      -2.      -1.      -7.           -0.
 
  2005         -17.     -16.      -2.       0.      13.      19.
                 1.       8.       4.      -2.      -2.      -7.           -0.
 
  2006         -15.     -15.      -2.      -0.      12.      19.
                 0.       9.       2.      -2.      -3.      -7.           -0.
 
  2007         -13.     -14.      -3.       0.      10.      18.
                 0.       8.       1.      -1.      -3.      -7.           -0.
 
  2008         -10.     -12.      -3.      -0.       8.      17.
                 1.       7.       0.      -0.      -3.      -6.           -0.
 
  2009          -9.     -10.      -2.       0.       7.      14.
                 1.       5.       0.       0.      -2.      -5.           -0.
 
  2010          -8.      -8.      -1.       0.       5.      11.
                 2.       3.       0.       1.      -1.      -5.           -0.
 
  2011          -7.      -7.       0.       1.       4.       9.
                 3.       2.       0.       2.      -0.      -6.           -0.
 
  2012          -8.      -6.       1.       2.       3.       8.
                 4.       1.      -1.       3.      -0.      -6.            0.
 
  2013          -9.      -6.       2.       2.       2.       8.
                 5.       2.      -1.       4.      -2.      -6.           -0.
 
  2014         -10.      -5.       1.       3.       2.       7.
                 7.       3.      -2.       4.      -3.      -6.            0.
 
  2015         -11.      -4.      -0.       2.       2.       6.
                 8.       3.      -0.       4.      -5.      -6.           -0.
 
  2016         -11.      -2.      -1.       2.       2.       6.
                 8.       4.       1.       4.      -5.      -6.            0.
 
  2017         -11.      -2.      -2.       0.       3.       5.
                 8.       4.       2.       3.      -6.      -6.           -0.
 
  2018          -9.      -1.      -2.      -0.       3.       5.
                 6.       4.       3.       3.      -5.      -7.           -0.
 
  2019          -8.      -3.      -1.      -0.       4.       6.
                 4.       5.       3.       2.      -5.      -8.           -0.
 
  2020          -7.      -4.       0.       1.       5.       8.
                 1.       5.       3.       1.      -6.      -8.           -0.
 
  2021          -7.      -6.       1.       2.       6.       9.
                -1.       5.       3.      -1.      -6.      -8.           -0.
 
  2022          -6.      -7.       3.       4.       6.      10.
                -2.       4.       4.      -1.      -7.      -8.           -0.
 
  2023          -7.      -9.       3.       6.       7.      10.
                -2.       4.       5.      -1.      -7.      -8.            0.
 
  2024          -8.     -10.       4.       7.       6.      11.
                -2.       3.       5.      -1.      -7.      -9.            0.
 
  2025          -9.     -11.       5.       8.       6.      11.
                -1.       3.       5.      -0.      -7.      -9.            0.
 
  2026         -10.     -12.       6.       9.       5.      12.
                                                                            2.
 
  AVGE         -10.      -8.       0.       2.       6.      11.
                 2.       4.       2.       1.      -4.      -7.

  Table Total-          -2.   Mean-        -0.   Std. Dev.-         7.
                              Min -       -18.        Max -        19.

 D 16.A  Combined adjustment component forecasts
  From  2026.Jul to 2027.Jun
  Observations         12
 -----------------------------------------------------------------------------
               Jan      Feb      Mar      Apr      May      Jun 
               Jul      Aug      Sep      Oct      Nov      Dec         AVGE  
 -----------------------------------------------------------------------------
  2026                                                          
                -1.       3.       5.       0.      -7.      -9.           -2.
 
  2027         -10.     -12.       6.       9.       4.      12.
                                                                            2.
 
        bps_permits 12620            PAGE  14, SERIES bps_permits_addi

 E 4  Differences of annual totals
  From          2004 to 2025
  Observations         22
 -----------------------------------
  Year       Unmodified     Modified
                  (D11)         (E2)
 -----------------------------------
  2004              -1.          -1.
 
  2005              -1.          -1.
 
  2006              -2.          -2.
 
  2007              -1.          -1.
 
  2008              -1.          -1.
 
  2009              -1.          -1.
 
  2010              -0.          -0.
 
  2011              -0.          -0.
 
  2012               0.           0.
 
  2013              -0.          -0.
 
  2014               0.           0.
 
  2015              -0.          -0.
 
  2016               0.           0.
 
  2017              -1.          -1.
 
  2018              -1.          -1.
 
  2019              -1.          -1.
 
  2020              -1.          -1.
 
  2021              -1.          -1.
 
  2022              -0.          -0.
 
  2023               0.           0.
 
  2024               0.           0.
 
  2025               0.           0.
 
        bps_permits 12620            PAGE  15, SERIES bps_permits_addi

 E 5  Month-to-month differences in the original series
  From  2004.Feb to 2026.Jun
  Observations        269
 -----------------------------------------------------------------------------
               Jan      Feb      Mar      Apr      May      Jun 
               Jul      Aug      Sep      Oct      Nov      Dec         AVGE  
 -----------------------------------------------------------------------------
  2004                   12.      18.       0.      21.     -11.
               -11.      -5.       8.     -14.      13.      -7.            2.
 
  2005         -21.      36.      -7.     -11.      11.      44.
               -50.      15.      -7.     -15.      -8.       0.           -1.
 
  2006          -4.     -10.      14.      14.       3.       2.
               -11.      -1.      -8.       5.      16.     -26.           -0.
 
  2007          -2.     -10.       9.       5.      15.      14.
               -32.      22.     -15.       0.     -15.      -1.           -1.
 
  2008          -2.       6.       2.       5.      -2.      89.
               -87.      -4.       0.      -2.      -2.       0.            0.
 
  2009          -5.      -2.       9.      -5.       6.       4.
                 4.      -2.      -7.       2.      10.      -8.            1.
 
  2010          -4.      -4.       5.      16.     -13.      14.
               -13.      -2.       6.       0.     -14.      -2.           -1.
 
  2011          -1.       0.      11.      -2.       1.      -3.
                 3.      -5.       0.      -1.       2.      -1.            0.
 
  2012          -3.       5.      -4.       6.      20.     -10.
               -11.       0.      -1.       0.       0.      -6.           -0.
 
  2013          -1.      -2.       7.       2.       0.      -1.
                 4.       0.      -2.      11.       6.     -27.           -0.
 
  2014           1.      -1.      12.      -4.      -1.       9.
                -6.      -4.      -2.       7.      -8.       0.            0.
 
  2015          -1.      -3.      82.     -12.     -35.      14.
                -1.     -39.       3.      41.     -42.      12.            2.
 
  2016         -23.       3.       1.       5.       3.       1.
                49.     -38.       3.     -24.       0.      -1.           -2.
 
  2017           1.      16.     -14.       4.       3.      -4.
                 4.      -2.      -4.       4.      -2.      -4.            0.
 
  2018          -3.       5.      -3.       3.      11.      -5.
                 3.      -2.      11.      -4.     -12.      -5.           -0.
 
  2019           0.       6.      -1.       3.       0.      37.
               -38.       3.      -3.      22.     -26.      -3.            0.
 
  2020           1.       4.       8.      -9.       7.       7.
                35.     -34.      -7.      -4.      -1.       0.            1.
 
  2021           2.      -6.       8.       2.      -3.      10.
               -12.       5.      -2.       4.     -12.       3.           -0.
 
  2022           7.      20.     -16.      22.       6.     -14.
                -8.      37.     -37.       1.       0.      -2.            1.
 
  2023          -3.      -6.      12.       0.       6.       7.
               -22.       7.       6.     -14.      -4.      -1.           -1.
 
  2024           3.       2.      11.       5.       9.      -4.
                -2.       8.       5.      -7.      -4.       1.            2.
 
  2025          -1.     -10.      74.     -55.     -13.      -6.
                 2.       3.       2.       0.     -11.      -5.           -2.
 
  2026           0.      -4.      28.      14.     -19.      47.
                                                                           11.
 
  AVGE          -3.       2.      12.       0.       2.      10.
                -9.      -2.      -2.       1.      -5.      -4.

  Table Total-          75.   Mean-         0.   Std. Dev.-        17.
                              Min -       -87.        Max -        89.
        bps_permits 12620            PAGE  16, SERIES bps_permits_addi

 E 6  Month-to-month differences in seasonally adjusted series (D11)
  From  2004.Feb to 2026.Jun
  Observations        269
 -----------------------------------------------------------------------------
               Jan      Feb      Mar      Apr      May      Jun 
               Jul      Aug      Sep      Oct      Nov      Dec         AVGE  
 -----------------------------------------------------------------------------
  2004                   10.       2.      -2.       8.     -15.
                 6.     -12.      12.      -8.      12.      -2.            1.
 
  2005         -10.      35.     -21.     -13.      -2.      39.
               -32.       8.      -2.      -9.      -8.       5.           -1.
 
  2006           5.     -10.       1.      12.      -9.      -5.
                 8.     -10.      -1.       9.      17.     -22.           -1.
 
  2007           4.      -9.      -1.       2.       5.       6.
               -14.      14.      -8.       2.     -13.       3.           -1.
 
  2008           2.       8.      -7.       2.     -10.      81.
               -71.     -11.       7.      -2.       1.       3.            0.
 
  2009          -2.      -1.       2.      -7.      -1.      -3.
                17.      -6.      -2.       2.      12.      -5.            0.
 
  2010          -2.      -4.      -2.      15.     -18.       8.
                -4.      -3.       9.      -0.     -12.       2.           -1.
 
  2011           1.      -0.       4.      -3.      -2.      -8.
                 9.      -4.       1.      -2.       4.       5.            0.
 
  2012          -1.       4.     -12.       6.      19.     -15.
                -7.       3.       1.      -4.       3.      -0.           -0.
 
  2013           2.      -5.      -0.       1.       0.      -7.
                 6.       4.       1.       6.      12.     -23.           -0.
 
  2014           5.      -7.       6.      -5.      -0.       4.
                -6.       1.       2.       2.      -1.       3.            0.
 
  2015           4.     -10.      78.     -14.     -35.      10.
                -3.     -34.       6.      37.     -33.      14.            2.
 
  2016         -18.      -6.       0.       2.       2.      -2.
                46.     -33.       6.     -27.       9.      -0.           -2.
 
  2017           6.       7.     -13.       1.       0.      -6.
                 2.       2.      -2.       3.       7.      -3.            0.
 
  2018          -0.      -3.      -2.       1.       8.      -7.
                 3.      -0.      13.      -4.      -4.      -3.           -0.
 
  2019           1.       1.      -2.       2.      -4.      35.
               -35.       2.      -1.      23.     -19.      -1.            0.
 
  2020           0.       1.       4.     -10.       3.       3.
                42.     -37.      -5.      -2.       6.       2.            1.
 
  2021           1.      -7.       1.       1.      -7.       7.
                -2.      -0.      -1.       8.      -6.       4.           -0.
 
  2022           6.      21.     -26.      21.       3.     -18.
                 4.      31.     -37.       6.       6.      -1.            1.
 
  2023          -4.      -4.      -0.      -2.       5.       4.
               -10.       1.       5.      -8.       2.       0.           -1.
 
  2024           3.       4.      -4.       2.      10.      -8.
                11.       3.       3.      -1.       2.       3.            2.
 
  2025          -1.      -8.      58.     -58.     -10.     -11.
                14.      -1.       0.       5.      -5.      -3.           -2.
 
  2026           1.      -2.      11.      11.     -15.      40.
                                                                            8.
 
  AVGE           0.       1.       3.      -2.      -2.       6.
                -1.      -4.       0.       2.      -0.      -1.

  Table Total-          45.   Mean-         0.   Std. Dev.-        15.
                              Min -       -71.        Max -        81.
        bps_permits 12620            PAGE  17, SERIES bps_permits_addi

 E 7  Month-to-month differences in final trend cycle (D12)
  From  2004.Feb to 2026.Jun
  Observations        269
 -----------------------------------------------------------------------------
               Jan      Feb      Mar      Apr      May      Jun 
               Jul      Aug      Sep      Oct      Nov      Dec         AVGE  
 -----------------------------------------------------------------------------
  2004                    2.       1.       1.      -1.      -2.
                -2.      -1.      -0.       1.       2.       1.            0.
 
  2005           0.      -1.      -1.      -1.       0.       1.
                 0.      -0.      -1.      -3.      -3.      -2.           -1.
 
  2006          -1.      -0.       1.      -0.      -1.      -1.
                -1.      -0.       0.       1.       0.      -1.           -0.
 
  2007          -2.      -2.      -1.      -0.       1.       2.
                 1.      -1.      -2.      -2.      -2.      -1.           -1.
 
  2008          -0.       1.       2.       2.       1.      -1.
                -2.      -2.      -2.      -1.      -0.       0.           -0.
 
  2009          -0.      -1.      -2.      -2.      -1.       0.
                 1.       3.       3.       3.       2.       0.            1.
 
  2010          -1.      -1.      -2.      -1.      -0.       1.
                 1.       0.      -0.      -1.      -1.      -1.           -1.
 
  2011          -1.      -0.      -0.      -0.      -1.      -1.
                -1.      -0.       1.       1.       2.       1.            0.
 
  2012           1.       1.      -0.      -1.      -1.      -1.
                -1.      -1.      -0.      -0.       0.       0.           -0.
 
  2013          -0.      -1.      -1.      -1.      -1.       1.
                 2.       3.       3.       2.       0.      -1.            0.
 
  2014          -2.      -2.      -2.      -1.      -0.      -0.
                -1.      -0.      -0.       1.       3.       5.           -0.
 
  2015           6.       7.       7.       5.       2.      -2.
                -4.      -4.      -4.      -3.      -3.      -3.            0.
 
  2016          -3.      -3.      -3.      -1.       2.       4.
                 3.       1.      -0.      -1.      -2.      -1.           -0.
 
  2017          -1.      -0.      -1.      -1.      -2.      -2.
                -1.       1.       1.       2.       1.       0.           -0.
 
  2018          -0.      -1.      -1.      -0.       0.       1.
                 2.       2.       1.       0.      -0.      -1.            0.
 
  2019          -1.      -1.      -0.      -0.      -0.      -0.
                -0.      -0.       0.       0.       1.       1.           -0.
 
  2020           0.      -0.      -0.       0.       1.       1.
                 1.       1.       1.       0.       0.       0.            0.
 
  2021          -0.      -1.      -1.      -1.      -1.      -0.
                 0.       1.       1.       1.       2.       3.            0.
 
  2022           4.       5.       4.       2.       1.      -1.
                -2.      -1.      -0.       0.       0.      -1.            1.
 
  2023          -2.      -2.      -1.      -1.      -0.       0.
                -0.      -1.      -1.      -1.      -0.       1.           -1.
 
  2024           1.       1.       2.       2.       2.       3.
                 3.       3.       3.       2.       2.       1.            2.
 
  2025          -1.      -2.      -3.      -4.      -3.      -2.
                -1.      -0.       0.      -0.      -1.      -0.           -1.
 
  2026           1.       3.       4.       4.       3.       1.
                                                                            3.
 
  AVGE          -0.       0.       0.       0.       0.      -0.
                -0.       0.       0.       0.       0.       0.

  Table Total-          10.   Mean-         0.   Std. Dev.-         2.
                              Min -        -4.        Max -         7.
        bps_permits 12620            PAGE  18, SERIES bps_permits_addi

 E 8  Month-to-month differences in original series adjusted for calendar factors (A18)
  From  2004.Feb to 2026.Jun
  Observations        269
 -----------------------------------------------------------------------------
               Jan      Feb      Mar      Apr      May      Jun 
               Jul      Aug      Sep      Oct      Nov      Dec         AVGE  
 -----------------------------------------------------------------------------
  2004                   12.      18.       0.      21.     -11.
               -11.      -5.       8.     -14.      13.      -7.            2.
 
  2005         -21.      36.      -7.     -11.      11.      44.
               -50.      15.      -7.     -15.      -8.       0.           -1.
 
  2006          -4.     -10.      14.      14.       3.       2.
               -11.      -1.      -8.       5.      16.     -26.           -0.
 
  2007          -2.     -10.       9.       5.      15.      14.
               -32.      22.     -15.       0.     -15.      -1.           -1.
 
  2008          -2.       6.       2.       5.      -2.      89.
               -87.      -4.       0.      -2.      -2.       0.            0.
 
  2009          -5.      -2.       9.      -5.       6.       4.
                 4.      -2.      -7.       2.      10.      -8.            1.
 
  2010          -4.      -4.       5.      16.     -13.      14.
               -13.      -2.       6.       0.     -14.      -2.           -1.
 
  2011          -1.       0.      11.      -2.       1.      -3.
                 3.      -5.       0.      -1.       2.      -1.            0.
 
  2012          -3.       5.      -4.       6.      20.     -10.
               -11.       0.      -1.       0.       0.      -6.           -0.
 
  2013          -1.      -2.       7.       2.       0.      -1.
                 4.       0.      -2.      11.       6.     -27.           -0.
 
  2014           1.      -1.      12.      -4.      -1.       9.
                -6.      -4.      -2.       7.      -8.       0.            0.
 
  2015          -1.      -3.      82.     -12.     -35.      14.
                -1.     -39.       3.      41.     -42.      12.            2.
 
  2016         -23.       3.       1.       5.       3.       1.
                49.     -38.       3.     -24.       0.      -1.           -2.
 
  2017           1.      16.     -14.       4.       3.      -4.
                 4.      -2.      -4.       4.      -2.      -4.            0.
 
  2018          -3.       5.      -3.       3.      11.      -5.
                 3.      -2.      11.      -4.     -12.      -5.           -0.
 
  2019           0.       6.      -1.       3.       0.      37.
               -38.       3.      -3.      22.     -26.      -3.            0.
 
  2020           1.       4.       8.      -9.       7.       7.
                35.     -34.      -7.      -4.      -1.       0.            1.
 
  2021           2.      -6.       8.       2.      -3.      10.
               -12.       5.      -2.       4.     -12.       3.           -0.
 
  2022           7.      20.     -16.      22.       6.     -14.
                -8.      37.     -37.       1.       0.      -2.            1.
 
  2023          -3.      -6.      12.       0.       6.       7.
               -22.       7.       6.     -14.      -4.      -1.           -1.
 
  2024           3.       2.      11.       5.       9.      -4.
                -2.       8.       5.      -7.      -4.       1.            2.
 
  2025          -1.     -10.      74.     -55.     -13.      -6.
                 2.       3.       2.       0.     -11.      -5.           -2.
 
  2026           0.      -4.      28.      14.     -19.      47.
                                                                           11.
 
  AVGE          -3.       2.      12.       0.       2.      10.
                -9.      -2.      -2.       1.      -5.      -4.

  Table Total-          75.   Mean-         0.   Std. Dev.-        17.
                              Min -       -87.        Max -        89.
        bps_permits 12620            PAGE  19, SERIES bps_permits_addi

 E 18  Final adjustment ratios
  From  2004.Jan to 2026.Jun
  Observations        270
 -----------------------------------------------------------------------------
               Jan      Feb      Mar      Apr      May      Jun 
               Jul      Aug      Sep      Oct      Nov      Dec         AVGE  
 -----------------------------------------------------------------------------
  2004       39.539   59.126   97.497  101.450  127.379  153.021
            103.718  128.501  110.672   93.408   96.782   83.899        99.583
 
  2005       46.199   76.132   96.219  100.898  143.891  126.798
            102.284  118.266  108.529   94.098   91.776   77.087        98.515
 
  2006       55.158   37.537   90.691   99.529  143.553  181.445
            101.147  141.933  111.544   94.620   94.064   71.456       101.890
 
  2007       54.027   26.898   81.720  100.041  144.663  160.831
            103.021  127.032  103.815   96.676   75.114   51.760        93.800
 
  2008       32.917   47.914   81.419   99.446  208.465  118.702
            103.707  205.469  100.782   99.738   78.415   62.179       103.263
 
  2009       36.781   23.518   83.328  100.777  206.985  603.098
            105.877  134.683  100.453  102.330   91.823   75.143       138.733
 
  2010       60.759   50.424   93.899  100.334  144.601  158.475
            112.475  127.990  101.012  103.339   87.735   49.103        99.179
 
  2011       35.324   36.685  101.560  106.537  133.832  549.425
            124.207  123.045  103.105  127.505   97.507   60.093       133.235
 
  2012       43.459   63.230  124.262  115.645  108.274  151.715
            149.949  111.472   93.738  135.782   96.559   44.631       103.226
 
  2013       30.518   25.461  120.106  126.072  123.064  456.761
            162.758  112.881   91.901  118.080   93.415   23.864       123.740
 
  2014       22.362   30.150  109.206  135.804  126.383  163.712
            248.703  145.657   79.194  140.339   62.392   45.148       109.088
 
  2015       26.406   21.429   99.899  103.163  106.421  114.553
            119.747  147.056   98.226  108.013   72.252   78.961        91.344
 
  2016        8.086   64.069   79.460  120.956  123.343  167.378
            115.339  116.477  102.077 ********   42.987   33.538      -443.359
 
  2017       27.202   92.445   73.089  104.788  130.121  237.951
            239.876  158.183  146.368  143.358   60.998   44.159       121.545
 
  2018       17.782   83.250   63.294   97.952  121.935  173.315
            159.921  145.638  111.399  115.369   62.649   36.641        99.095
 
  2019       34.027   79.516   86.393   99.139  150.738  114.847
            149.943  149.363  137.656  106.044   56.678   34.217        99.880
 
  2020       42.108   68.554  100.050  115.537  143.902  161.127
            102.408  124.370  120.227  107.725   65.611   58.921       100.878
 
  2021       66.511   54.197  110.345  115.920  172.239  163.792
             95.944  137.531  128.790   96.134   51.880   56.596       104.157
 
  2022       72.510   83.455  113.772  109.905  115.114  140.925
             93.742  107.417  118.008   95.632   80.025   76.425       100.578
 
  2023       76.580   65.663  113.562  125.274  124.999  131.786
             89.657  117.039  116.622   93.635   68.401   62.969        98.849
 
  2024       68.133   64.940  116.567  126.217  116.962  137.282
             94.658  107.572  110.895   98.562   85.409   82.399       100.800
 
  2025       81.641   72.971  105.059  120.181  118.866  158.640
             95.955  109.124  114.744   99.086   79.665   70.172       102.175
 
  2026       68.608   59.483  114.384  117.099  112.720  115.481
                                                                        97.963
 
  AVGE       45.506   55.959   98.077  110.551  136.889  201.785
            126.138  131.668  109.535 -182.934   76.915   58.153

  Table Total-       21950.   Mean-        81.   Std. Dev.-       394.
                              Min -     -6294.        Max -       603.

 E 18.A  Final adjustment ratio forecasts
  From  2026.Jul to 2027.Jun
  Observations         12
 -----------------------------------------------------------------------------
               Jan      Feb      Mar      Apr      May      Jun 
               Jul      Aug      Sep      Oct      Nov      Dec         AVGE  
 -----------------------------------------------------------------------------
  2026                                                          
             98.579  106.204  111.533  100.405   84.530   78.346        96.599
 
  2027       75.468   72.771  115.721  126.976  109.717  128.975
                                                                       104.938
 

  QS statistic for seasonality:
  Original Series                                     5.63  (P-Value =     0.0600)
  Original Series (EV adj)                            5.63  (P-Value =     0.0600)
  Residuals                                           0.00  (P-Value =     1.0000)
  Seasonally Adjusted Series                          0.00  (P-Value =     1.0000)
  Seasonally Adjusted Series (EV adj)                 0.00  (P-Value =     1.0000)
  Irregular Series                                    0.00  (P-Value =     1.0000)
  Irregular Series (EV adj)                           0.00  (P-Value =     1.0000)

  QS statistic for seasonality (starting 2018.Jul):
  Original Series                                     0.31  (P-Value =     0.8559)
  Original Series (EV adj)                            0.31  (P-Value =     0.8559)
  Residuals                                           0.00  (P-Value =     1.0000)
  Seasonally Adjusted Series                          0.00  (P-Value =     1.0000)
  Seasonally Adjusted Series (EV adj)                 0.00  (P-Value =     1.0000)
  Irregular Series                                    0.00  (P-Value =     1.0000)
  Irregular Series (EV adj)                           0.00  (P-Value =     1.0000)
        bps_permits 12620            PAGE  20, SERIES bps_permits_addi
 G 0  10*LOG(SPECTRUM) of the differenced Original Series
      (Table A1 or B1).  Spectrum estimated from 2018.Jul to 2026.Jun.
 ++++++++++I+++++++++++++++++++++++++++++++++++++++++++++++++++++++++++++I
      31.12I                                       *                     I     31.12
           I                                       *                     I
           I                                       *                     I
           I                                       *                     I
      29.67I                                       *                 *   I     29.67
           I                                       *                 *   I
           I                                       *               * *   I
           I                                      **               * *   I
      28.22I                                      **      *        ***   I     28.22
           I                                      **      *        ****  I
           I                                      **      *        ****  I
           I                                      **      *        ****  I
      26.77I                                      **      *   S    ****  I     26.77
           I                                      **      *   S   *****  I
           I          S                *          **      *  *S   *****  I
           I          S                *  S       **      *  *S   *****  I
      25.32I          S                *  S   *   **     *** *S   *****  I     25.32
           I          S                ** S*  *   **S    *** *S   *****  I
           I          S                ** S*  **  **S    *** *S   *****  I
           I          S                ***S*  ** ***S    *****S*  ****** I
      23.87I          S                ***S*  ** ***S    *****S*  ****** I     23.87
           I          S                ***S***** ***S    *****S*  ****** I
           I          S           *   ****S*********S    *****S*  ****** I
           I          S           *   ****S*********S    *****S* *******SI
      22.42I          S           *   ****S*********S*   *****S* *******SI     22.42
           I          S          **   ****S*********S*  ******S*T*******SI
           I     *    S          **   ****S*********S*  ******S*T*******SI
           I     *    S        *S***  ****S*********S*  ******S*T*******SI
      20.97I     *    S        *S***  ****S*********S*T ******S*T*******SI     20.97
           I     *    S       **S***  ****S*********S*T*******S*T*******SI
           I     *    S       **S*** *****S*********S*T*******S*T*******SI
           I     *    S*    ****S*** *****S*********S*T*******S*T*******SI
      19.52I     *    S*    ****S*********S*********S*T*******S*T*******SI     19.52
           I     *    S*   *****S*********S*********S*T*******S*T*******SI
           I     **  *S*   *****S*********S*********S*T*******S*T*******SI
           I     **  *S*   *****S*********S*********S*T*******S*T*******SI
      18.07I    ***  *S*   *****S*********S*********S*T*******S*T*******SI     18.07
           I    ***  *S*   *****S*********S*********S*T*******S*T*******SI
           I    ***  *S*   *****S*********S*********S*T*******S*T*******SI
           I    ***  *S*  ******S*********S*********S*T*******S*T*******SI
      16.62I    ***  *S*  ******S*********S*********S*T*******S*T*******SI     16.62
           I    ***  *S*  ******S*********S*********S*T*******S*T*******SI
           I    **** *S** ******S*********S*********S*T*******S*T*******SI
           I    ******S** ******S*********S*********S*T*******S*T*******SI
      15.17I    ******S*********S*********S*********S*T*******S*T*******SI     15.17
           I   *******S*********S*********S*********S*T*******S*T*******SI
           I   *******S*********S*********S*********S*T*******S*T*******SI
           I   *******S*********S*********S*********S*T*******S*T*******SI
      13.72I   *******S*********S*********S*********S*T*******S*T*******SI     13.72
           I   *******S*********S*********S*********S*T*******S*T*******SI
           I  ********S*********S*********S*********S*T*******S*T*******SI
           I  ********S*********S*********S*********S*T*******S*T*******SI
      12.27I**********S*********S*********S*********S*T*******S*T*******SI     12.27
 ++++++++++I+++++++++++++++++++++++++++++++++++++++++++++++++++++++++++++I
            S=SEASONAL FREQUENCIES, T=TRADING DAY FREQUENCIES
        bps_permits 12620            PAGE  21, SERIES bps_permits_addi
 G 1  10*LOG(SPECTRUM) of the differenced seasonally adjusted 
      data (Table E2).  Spectrum estimated from 2018.Jul to 2026.Jun.
 ++++++++++I+++++++++++++++++++++++++++++++++++++++++++++++++++++++++++++I
      23.24I                                              *              I     23.24
           I                                              *              I
           I                                              *              I
           I                                              *              I
      21.31I                                              *              I     21.31
           I                                              *              I
           I                                     *        *              I
           I                                     *        *              I
      19.37I                                     **       *              I     19.37
           I                                     **       *              I
           I                                   ****       *              I
           I                                   ****   T   *              I
      17.44I                                   ****   T   *              I     17.44
           I                                  *****   T   *     T        I
           I                 *                *****   T*  *    *T   *    I
           I                 *                *****   T* ***   *T   **   I
      15.51I     *           *                *****   T* ***   *T   **   I     15.51
           I     *           *                ******  T* ***   *T   **   I
           I     *           *         *      ****** *T* ***   *T  ***   I
           I     *           *         *     ******* *T* ***   *T* ****  I
      13.58I    **           *     *   *     *******S*T*****   *T* ****  I     13.58
           I    **          **     *  *** S*********S*T*****  S*T******  I
           I    **        * ***    *  ****S*********S*T*****  S*T******  I
           I    **        *****   **  ****S*********S*T*****  S*T******* I
      11.64I    **  *     *****   **  ****S*********S*T****** S*T*******SI     11.64
           I    *****     *****   ********S*********S*T****** S*T*******SI
           I    *****     *****   ********S*********S*T*******S*T*******SI
           I    *****    ******   ********S*********S*T*******S*T*******SI
       9.71I    ******   ******   ********S*********S*T*******S*T*******SI      9.71
           I    ******   ******   ********S*********S*T*******S*T*******SI
           I    ******   ******   ********S*********S*T*******S*T*******SI
           I    ******   ******* *********S*********S*T*******S*T*******SI
       7.78I    ******   ******* *********S*********S*T*******S*T*******SI      7.78
           I    ******  ******** *********S*********S*T*******S*T*******SI
           I    ******S ********S*********S*********S*T*******S*T*******SI
           I    ******S ********S*********S*********S*T*******S*T*******SI
       5.85I    ******S*********S*********S*********S*T*******S*T*******SI      5.85
           I   *******S*********S*********S*********S*T*******S*T*******SI
           I   *******S*********S*********S*********S*T*******S*T*******SI
           I   *******S*********S*********S*********S*T*******S*T*******SI
       3.91I   *******S*********S*********S*********S*T*******S*T*******SI      3.91
           I   *******S*********S*********S*********S*T*******S*T*******SI
           I   *******S*********S*********S*********S*T*******S*T*******SI
           I   *******S*********S*********S*********S*T*******S*T*******SI
       1.98I   *******S*********S*********S*********S*T*******S*T*******SI      1.98
           I   *******S*********S*********S*********S*T*******S*T*******SI
           I  ********S*********S*********S*********S*T*******S*T*******SI
           I  ********S*********S*********S*********S*T*******S*T*******SI
       0.05I  ********S*********S*********S*********S*T*******S*T*******SI      0.05
           I  ********S*********S*********S*********S*T*******S*T*******SI
           I  ********S*********S*********S*********S*T*******S*T*******SI
           I *********S*********S*********S*********S*T*******S*T*******SI
      -1.88I**********S*********S*********S*********S*T*******S*T*******SI     -1.88
 ++++++++++I+++++++++++++++++++++++++++++++++++++++++++++++++++++++++++++I
            S=SEASONAL FREQUENCIES, T=TRADING DAY FREQUENCIES
        bps_permits 12620            PAGE  22, SERIES bps_permits_addi
 G 2  10*LOG(SPECTRUM) of the Modified Irregular (Table E3).  
      Spectrum estimated from 2018.Jul to 2026.Jun.
 ++++++++++I+++++++++++++++++++++++++++++++++++++++++++++++++++++++++++++I
      17.47I                                              *              I     17.47
           I                                              *              I
           I                                              *              I
           I                                     *        *              I
      15.94I                                     *        *              I     15.94
           I                                     *        *              I
           I                                     *        *              I
           I                                     *        *              I
      14.41I                 *                   **       *              I     14.41
           I                 *                  ***       *              I
           I                 *                 ****       *              I
           I                 *                *****       *              I
      12.89I                 *                *****   T   *              I     12.89
           I                 *                *****   T   *              I
           I                **     *          *****   T   *              I
           I                **     *   *      *****   T   *     T        I
      11.36I                **    **  ***     *****   T   *     T        I     11.36
           I                **    **  ****   ******   T* ***    T   *    I
           I                **    **  ****   *******  T* ***   *T   *    I
           I                **    ********S  ******* *T* ***   *T   **   I
       9.83I                ***   ********S  ******* *T* ***   *T   **   I      9.83
           I         *     ****   ********S*********S*T* ***   *T   **   I
           I         *     ****   ********S*********S*T*****   *T   **   I
           I        **    *****   ********S*********S*T*****   *T   **   I
       8.31I        **    *****   ********S*********S*T*****   *T  ***   I      8.31
           I        **    *****  *********S*********S*T*****   *T* ***   I
           I        **   ******  *********S*********S*T*****   *T* ****  I
           I        **   ******  *********S*********S*T*****  S*T* ****  I
       6.78I        **S  ******  *********S*********S*T*****  S*T******  I      6.78
           I    *   **S ******** *********S*********S*T****** S*T******* I
           I   **   **S ********S*********S*********S*T****** S*T*******SI
           I   **   **S*********S*********S*********S*T****** S*T*******SI
       5.26I   **  ***S*********S*********S*********S*T*******S*T*******SI      5.26
           I   **  ***S*********S*********S*********S*T*******S*T*******SI
           I   **  ***S*********S*********S*********S*T*******S*T*******SI
           I   **  ***S*********S*********S*********S*T*******S*T*******SI
       3.73I   *** ***S*********S*********S*********S*T*******S*T*******SI      3.73
           I   *******S*********S*********S*********S*T*******S*T*******SI
           I   *******S*********S*********S*********S*T*******S*T*******SI
           I   *******S*********S*********S*********S*T*******S*T*******SI
       2.20I   *******S*********S*********S*********S*T*******S*T*******SI      2.20
           I   *******S*********S*********S*********S*T*******S*T*******SI
           I   *******S*********S*********S*********S*T*******S*T*******SI
           I  ********S*********S*********S*********S*T*******S*T*******SI
       0.68I  ********S*********S*********S*********S*T*******S*T*******SI      0.68
           I  ********S*********S*********S*********S*T*******S*T*******SI
           I  ********S*********S*********S*********S*T*******S*T*******SI
           I  ********S*********S*********S*********S*T*******S*T*******SI
      -0.85I  ********S*********S*********S*********S*T*******S*T*******SI     -0.85
           I  ********S*********S*********S*********S*T*******S*T*******SI
           I *********S*********S*********S*********S*T*******S*T*******SI
           I *********S*********S*********S*********S*T*******S*T*******SI
      -2.37I**********S*********S*********S*********S*T*******S*T*******SI     -2.37
 ++++++++++I+++++++++++++++++++++++++++++++++++++++++++++++++++++++++++++I
            S=SEASONAL FREQUENCIES, T=TRADING DAY FREQUENCIES
        bps_permits 12620            PAGE  23, SERIES bps_permits_addi

  Peak probabilities for Tukey spectrum estimator
  Spectrum estimated from 2018.Jul to 2026.Jun.

                                          S1       S2       S3       S4       S5       S6       TD
                                        ------   ------   ------   ------   ------   ------   ------
  Model Residuals                        0.167    0.565    0.215    0.763    0.439    0.498    0.884  
  Original Series (Table A1 or B1)       0.956*   0.588    0.509    0.575    0.919*   0.235    0.238  
  Seasonally adjusted series (E2)        0.206    0.037    0.351    0.072    0.186    0.186    0.779  
  Modified Irregular (E3)                0.522    0.046    0.311    0.073    0.197    0.184    0.775  
  ----------
     ** - Peak Probability > 0.99,
      * - 0.90 < Peak Probability < 0.99


