  Reading input spec file from D:\Programming\Dynamic Paper-dlrhcs_replication\outputs\empirical\unemployment\raw_sa_pilot\x13_work\bps_permits_additive_level_38540_200401_202606.spc

1

               U. S. Department of Commerce, U. S. Census Bureau

              X-13ARIMA-SEATS monthly seasonal adjustment Method,
                          Release Version 1.1 Build 62


           This software application provides an enhanced version of
             Statistics Canada's X-11-ARIMA extension (Dagum, 1980)
                 of the X-11 variant of the Census Method II of
                      Shiskin, Young and Musgrave (1967).

            It also provides an ARIMA model-based method following
       Hillmer and Tiao (1982) and Burman (1980) that is very similar
       to the update of the method of SEATS (Gomez and Maravall, 1996)
                produced at the Bank of Spain by G. Caporello and
               A. Maravall for TSW (Caporello and Maravall, 2004).
          The present application includes additional enhancements.

         X-13ARIMA-SEATS includes an automatic ARIMA model selection procedure
          based largely on the procedure of Gomez and Maravall (1998)
            as implemented in TRAMO (1996) and subsequent revisions.

              Primary Programmers: Brian Monsell, Mark Otto and,
                 for the ARIMA model-based signal extraction,
                      Gianluca Caporello and Victor Gomez


     Series Title- bps_permits 38540
     Series Name- bps_permits_addi
     Jul 29, 2026  08.33.09 

        -Period covered-  1st month,2004 to  6th month,2026
        -Type of run - additive seasonal adjustment

        -Sigma limits for graduating extreme values are  1.5 and  2.5 .
        -3x3 moving average used in section 1 of each iteration, 
         3x5 moving average in section 2 of iterations B and C,
         moving average for final seasonal factors chosen by Global MSR.
        -Holiday adjustment factors applied directly to the final seasonally adjusted series
        -Spectral plots generated for selected series
        -Spectral plots generated for series starting in 2018.Jul

 FILE SAVE REQUESTS (* indicates file exists and will be overwritten)
  D:\Programming\Dynamic Paper-dlrhcs_replication\outputs\empirical\unemployment\raw_sa_pilot\x13_work\bps_permits_additive_level_38540_200401_202606.d10  final seasonal factors
  D:\Programming\Dynamic Paper-dlrhcs_replication\outputs\empirical\unemployment\raw_sa_pilot\x13_work\bps_permits_additive_level_38540_200401_202606.d11  final seasonally adjusted data
  D:\Programming\Dynamic Paper-dlrhcs_replication\outputs\empirical\unemployment\raw_sa_pilot\x13_work\bps_permits_additive_level_38540_200401_202606.out  program output file
  D:\Programming\Dynamic Paper-dlrhcs_replication\outputs\empirical\unemployment\raw_sa_pilot\x13_work\bps_permits_additive_level_38540_200401_202606.err  program error file
        bps_permits 38540            PAGE   1, SERIES bps_permits_addi

     Contents of spc file D:\Programming\Dynamic Paper-dlrhcs_replication\outputs\empirical\unemployment\raw_sa_pilot\x13_work\bps_permits_additive_level_38540_200401_202606.spc

 Line #
 ------
      1: series {
      2:   title = "bps_permits 38540"
      3:   start = 2004.1
      4:   period = 12
      5:   data = (
      6: 25
      7: 9
      8: 27
      9: 37
     10: 38
     11: 51
     12: 49
     13: 42
     14: 45
     15: 63
     16: 94
     17: 69
     18: 48
     19: 24
     20: 46
     21: 65
     22: 37
     23: 46
     24: 36
     25: 59
     26: 125
     27: 40
     28: 64
     29: 40
     30: 28
     31: 14
     32: 41
     33: 47
     34: 69
     35: 53
     36: 34
     37: 66
     38: 139
     39: 52
     40: 66
     41: 42
     42: 33
     43: 11
     44: 33
     45: 30
     46: 42
     47: 20
     48: 42
     49: 16
     50: 16
     51: 31
     52: 20
     53: 15
     54: 9
     55: 16
     56: 21
     57: 26
     58: 27
     59: 26
     60: 17
     61: 19
     62: 13
     63: 15
     64: 11
     65: 6
     66: 9
     67: 8
     68: 11
     69: 9
     70: 21
     71: 18
     72: 11
     73: 17
     74: 12
     75: 6
     76: 13
     77: 9
     78: 9
     79: 8
     80: 20
     81: 14
     82: 12
     83: 10
     84: 11
     85: 16
     86: 9
     87: 14
     88: 9
     89: 4
     90: 2
     91: 7
     92: 5
     93: 5
     94: 9
     95: 16
     96: 2
     97: 7
     98: 14
     99: 4
    100: 2
    101: 5
    102: 4
    103: 5
    104: 8
    105: 9
    106: 7
    107: 15
    108: 14
    109: 9
    110: 9
    111: 23
    112: 5
    113: 5
    114: 9
    115: 7
    116: 8
    117: 19
    118: 21
    119: 18
    120: 25
    121: 14
    122: 10
    123: 12
    124: 11
    125: 5
    126: 4
    127: 8
    128: 10
    129: 17
    130: 12
    131: 14
    132: 21
    133: 8
    134: 12
    135: 19
    136: 14
    137: 27
    138: 10
    139: 21
    140: 12
    141: 19
    142: 14
    143: 27
    144: 19
    145: 14
    146: 18
    147: 24
    148: 14
    149: 6
    150: 7
    151: 12
    152: 23
    153: 14
    154: 25
    155: 16
    156: 20
    157: 18
    158: 15
    159: 15
    160: 11
    161: 11
    162: 12
    163: 23
    164: 20
    165: 16
    166: 23
    167: 21
    168: 13
    169: 21
    170: 21
    171: 23
    172: 13
    173: 18
    174: 20
    175: 115
    176: 51
    177: 39
    178: 18
    179: 29
    180: 22
    181: 32
    182: 23
    183: 20
    184: 23
    185: 11
    186: 12
    187: 8
    188: 44
    189: 41
    190: 27
    191: 29
    192: 18
    193: 22
    194: 22
    195: 21
    196: 21
    197: 9
    198: 10
    199: 18
    200: 28
    201: 21
    202: 42
    203: 47
    204: 73
    205: 41
    206: 52
    207: 70
    208: 34
    209: 312
    210: 69
    211: 68
    212: 37
    213: 39
    214: 60
    215: 31
    216: 23
    217: 35
    218: 21
    219: 44
    220: 21
    221: 25
    222: 22
    223: 29
    224: 57
    225: 65
    226: 57
    227: 28
    228: 39
    229: 29
    230: 27
    231: 93
    232: 24
    233: 19
    234: 23
    235: 14
    236: 19
    237: 29
    238: 34
    239: 52
    240: 36
    241: 42
    242: 33
    243: 30
    244: 43
    245: 24
    246: 25
    247: 38
    248: 35
    249: 35
    250: 27
    251: 29
    252: 26
    253: 26
    254: 20
    255: 54
    256: 13
    257: 25
    258: 19
    259: 21
    260: 24
    261: 23
    262: 38
    263: 123
    264: 15
    265: 87
    266: 29
    267: 28
    268: 42
    269: 18
    270: 24
    271: 77
    272: 21
    273: 50
    274: 63
    275: 66
    276:   )
    277: }
    278: transform { function = none }
    279: regression { aictest = (td easter) }
    280: automdl {}
    281: x11 { mode = add save = (d10 d11) }
        bps_permits 38540            PAGE   2, SERIES bps_permits_addi

 A 1  Time series data (for the span analyzed)
  From  2004.Jan to 2026.Jun
  Observations        270
 -----------------------------------------------------------------------------
               Jan      Feb      Mar      Apr      May      Jun 
               Jul      Aug      Sep      Oct      Nov      Dec        TOTAL  
 -----------------------------------------------------------------------------
  2004          25.       9.      27.      37.      38.      51.
                49.      42.      45.      63.      94.      69.          549.
 
  2005          48.      24.      46.      65.      37.      46.
                36.      59.     125.      40.      64.      40.          630.
 
  2006          28.      14.      41.      47.      69.      53.
                34.      66.     139.      52.      66.      42.          651.
 
  2007          33.      11.      33.      30.      42.      20.
                42.      16.      16.      31.      20.      15.          309.
 
  2008           9.      16.      21.      26.      27.      26.
                17.      19.      13.      15.      11.       6.          206.
 
  2009           9.       8.      11.       9.      21.      18.
                11.      17.      12.       6.      13.       9.          144.
 
  2010           9.       8.      20.      14.      12.      10.
                11.      16.       9.      14.       9.       4.          136.
 
  2011           2.       7.       5.       5.       9.      16.
                 2.       7.      14.       4.       2.       5.           78.
 
  2012           4.       5.       8.       9.       7.      15.
                14.       9.       9.      23.       5.       5.          113.
 
  2013           9.       7.       8.      19.      21.      18.
                25.      14.      10.      12.      11.       5.          159.
 
  2014           4.       8.      10.      17.      12.      14.
                21.       8.      12.      19.      14.      27.          166.
 
  2015          10.      21.      12.      19.      14.      27.
                19.      14.      18.      24.      14.       6.          198.
 
  2016           7.      12.      23.      14.      25.      16.
                20.      18.      15.      15.      11.      11.          187.
 
  2017          12.      23.      20.      16.      23.      21.
                13.      21.      21.      23.      13.      18.          224.
 
  2018          20.     115.      51.      39.      18.      29.
                22.      32.      23.      20.      23.      11.          403.
 
  2019          12.       8.      44.      41.      27.      29.
                18.      22.      22.      21.      21.       9.          274.
 
  2020          10.      18.      28.      21.      42.      47.
                73.      41.      52.      70.      34.     312.          748.
 
  2021          69.      68.      37.      39.      60.      31.
                23.      35.      21.      44.      21.      25.          473.
 
  2022          22.      29.      57.      65.      57.      28.
                39.      29.      27.      93.      24.      19.          489.
 
  2023          23.      14.      19.      29.      34.      52.
                36.      42.      33.      30.      43.      24.          379.
 
  2024          25.      38.      35.      35.      27.      29.
                26.      26.      20.      54.      13.      25.          353.
 
  2025          19.      21.      24.      23.      38.     123.
                15.      87.      29.      28.      42.      18.          467.
 
  2026          24.      77.      21.      50.      63.      66.
                                                                          301.
 
  AVGE          19.      24.      26.      29.      31.      34.
                26.      29.      31.      32.      26.      32.

  Table Total-        7637.   Mean-        28.   Std. Dev.-        28.
                              Min -         2.        Max -       312.
        bps_permits 38540            PAGE   3, SERIES bps_permits_addi
                        Automatic ARIMA Model Selection

                    Procedure based closely on TRAMO method 
                         of Gomez and Maravall (2000)
              "Automatic Modeling Methods for Univariate Series",
                            A Course in Time Series
                  (Edited by D. Pena, G. C. Tiao, R. S. Tsay),
                         New York : J. Wiley and Sons


     Maximum order for regular ARMA parameters :   2
     Maximum order for seasonal ARMA parameters :   1
     Maximum order for regular differencing :   2
     Maximum order for seasonal differencing :   1

   Results of Unit Root Test for identifying orders of differencing:
     Regular difference order :   0
     Seasonal difference order :   0

  Automatic model choice : (1 0 1)


  Final Checks for Identified Model


  Checking for Unit Roots.
   No unit roots found.
   Nonseasonal MA not within  0.001 of 1.0 - model passes test.

  Checking for insignificant ARMA coefficients.

  Final automatic model choice : (1 0 1)
   End of automatic model selection procedure.

 Average absolute percentage error in within-sample forecasts:
  Last year:  69.16      Last-1 year:  44.88     Last-2 year:  15.24
  Last three years:   43.09

 Estimation converged in   13 ARMA iterations,   59 function evaluations.

 Regression Model
 ------------------------------------------------------------------------------
                             Parameter        Standard
 Variable                     Estimate           Error      t-value
 ------------------------------------------------------------------------------
 Constant                      29.1962         5.50230         5.31
 ------------------------------------------------------------------------------


 ARIMA Model:  (1 0 1)
                                              Standard
 Parameter                    Estimate          Errors
 -----------------------------------------------------
 Nonseasonal AR                                    
   Lag  1                       0.9280         0.03565

 Nonseasonal MA                                    
   Lag  1                       0.7192         0.06524

 Variance                       0.57766E+03
 SE of Var                      0.49717E+02
 -----------------------------------------------------

 Likelihood Statistics
 ------------------------------------------------------------------
 Number of observations (nobs)                                  270
 Effective number of observations (nefobs)                      270
 Number of parameters estimated (np)                              4
 Log likelihood (L)                                      -1241.8273
 AIC                                                      2491.6546 
 AICC (F-corrected-AIC)                                   2491.8055 
 Hannan Quinn                                             2497.4344 
 BIC                                                      2506.0482 
 ------------------------------------------------------------------

 QS Statistic for regARIMA Model Residuals (full series):             0.56
                                                       (P-Value =     0.7567)

 QS Statistic for regARIMA Model Residuals (starting 2018.Jul):       0.00
                                                       (P-Value =     1.0000)
      10*LOG(SPECTRUM) of the regARIMA model residuals
      Spectrum estimated from 2018.Jul to 2026.Jun.
 ++++++++++I+++++++++++++++++++++++++++++++++++++++++++++++++++++++++++++I
      35.11I       *                                                     I     35.11
           I       *                                                     I
           I       *                                                     I
           I       *                                                     I
      34.06I       *                                                     I     34.06
           I       *        *                           *               SI
           I       *        *                           *   **          SI
           I       *        *      *                    **  **          SI
      33.00I       *        *      *                    **  **          SI     33.00
           I       *        *      *                    ** ***S         SI
           I       *        *      *                    ** ***S        *SI
           I      **        *      *                    ******S        *SI
      31.94I      **        *     **                    ******S        *SI     31.94
           I      **        *     **                    ******S        *SI
           I      **        **    **                    ******S*       *SI
           I   *  **        **    ***                   ******S*   *   *SI
      30.88I   *  **        **    ***              *    ******S*   **  *SI     30.88
           I   *  **        **    ***              *    ******S*   ** **SI
           I   *  **       ***    ***             **   *******S*T ******SI
           I   *  **       ***    ***   *         **   *******S*T ******SI
      29.83I   ** **   **  ***   ****   *         **   *******S*T*******SI     29.83
           I   ** **   **  ***   ****   **        **   *******S*T*******SI
           I   ** ***  **  ***   ****   **        **   *******S*T*******SI
           I   ******  **  ***   ***** ***   *    **   *******S*T*******SI
      28.77I   ******  **  ****  ***** ***   *    **   *******S*T*******SI     28.77
           I   ******  **  ****  ***** ***   *    **S  *******S*T*******SI
           I   ******  **  **** S*********  **    **S  *******S*T*******SI
           I   ******  ******** S*********S ***   **S T*******S*T*******SI
      27.71I   ****** S*********S*********S ***   **S T*******S*T*******SI     27.71
           I   ****** S*********S*********S****   **S*T*******S*T*******SI
           I   ****** S*********S*********S****  ***S*T*******S*T*******SI
           I   *******S*********S*********S****  ***S*T*******S*T*******SI
      26.65I   *******S*********S*********S****  ***S*T*******S*T*******SI     26.65
           I   *******S*********S*********S***** ***S*T*******S*T*******SI
           I  ********S*********S*********S***** ***S*T*******S*T*******SI
           I  ********S*********S*********S*********S*T*******S*T*******SI
      25.59I  ********S*********S*********S*********S*T*******S*T*******SI     25.59
           I  ********S*********S*********S*********S*T*******S*T*******SI
           I  ********S*********S*********S*********S*T*******S*T*******SI
           I  ********S*********S*********S*********S*T*******S*T*******SI
      24.54I  ********S*********S*********S*********S*T*******S*T*******SI     24.54
           I  ********S*********S*********S*********S*T*******S*T*******SI
           I  ********S*********S*********S*********S*T*******S*T*******SI
           I  ********S*********S*********S*********S*T*******S*T*******SI
      23.48I  ********S*********S*********S*********S*T*******S*T*******SI     23.48
           I  ********S*********S*********S*********S*T*******S*T*******SI
           I  ********S*********S*********S*********S*T*******S*T*******SI
           I  ********S*********S*********S*********S*T*******S*T*******SI
      22.42I *********S*********S*********S*********S*T*******S*T*******SI     22.42
           I *********S*********S*********S*********S*T*******S*T*******SI
           I *********S*********S*********S*********S*T*******S*T*******SI
           I *********S*********S*********S*********S*T*******S*T*******SI
      21.36I**********S*********S*********S*********S*T*******S*T*******SI     21.36
 ++++++++++I+++++++++++++++++++++++++++++++++++++++++++++++++++++++++++++I
            S=SEASONAL FREQUENCIES, T=TRADING DAY FREQUENCIES


 FORECASTING
  Origin  2026.Jun
  Number        12

  Forecasts and Standard Errors
   ------------------------------
                         Standard
       Date   Forecast      Error
   ------------------------------
   2026.Jul      46.68     24.076
   2026.Aug      45.43     24.612
   2026.Sep      44.26     25.070
   2026.Oct      43.17     25.461
   2026.Nov      42.17     25.797
   2026.Dec      41.24     26.086
   2027.Jan      40.37     26.335
   2027.Feb      39.57     26.551
   2027.Mar      38.82     26.738
   2027.Apr      38.13     26.900
   2027.May      37.48     27.041
   2027.Jun      36.89     27.165
   ------------------------------

  Confidence intervals with coverage probability ( 0.95000
   ---------------------------------------
       Date      Lower  Forecast     Upper
   ---------------------------------------
   2026.Jul     -0.503    46.685    93.873
   2026.Aug     -2.813    45.427    93.666
   2026.Sep     -4.877    44.259    93.394
   2026.Oct     -6.727    43.175    93.077
   2026.Nov     -8.391    42.169    92.729
   2026.Dec     -9.891    41.236    92.362
   2027.Jan    -11.246    40.369    91.985
   2027.Feb    -12.473    39.565    91.604
   2027.Mar    -13.586    38.819    91.224
   2027.Apr    -14.596    38.127    90.850
   2027.May    -15.516    37.484    90.485
   2027.Jun    -16.354    36.888    90.130
   ---------------------------------------
        bps_permits 38540            PAGE   4, SERIES bps_permits_addi

 B 1  Original series (prior adjusted)
  From  2004.Jan to 2026.Jun
  Observations        270
 -----------------------------------------------------------------------------
               Jan      Feb      Mar      Apr      May      Jun 
               Jul      Aug      Sep      Oct      Nov      Dec        TOTAL  
 -----------------------------------------------------------------------------
  2004          25.       9.      27.      37.      38.      51.
                49.      42.      45.      63.      94.      69.          549.
 
  2005          48.      24.      46.      65.      37.      46.
                36.      59.     125.      40.      64.      40.          630.
 
  2006          28.      14.      41.      47.      69.      53.
                34.      66.     139.      52.      66.      42.          651.
 
  2007          33.      11.      33.      30.      42.      20.
                42.      16.      16.      31.      20.      15.          309.
 
  2008           9.      16.      21.      26.      27.      26.
                17.      19.      13.      15.      11.       6.          206.
 
  2009           9.       8.      11.       9.      21.      18.
                11.      17.      12.       6.      13.       9.          144.
 
  2010           9.       8.      20.      14.      12.      10.
                11.      16.       9.      14.       9.       4.          136.
 
  2011           2.       7.       5.       5.       9.      16.
                 2.       7.      14.       4.       2.       5.           78.
 
  2012           4.       5.       8.       9.       7.      15.
                14.       9.       9.      23.       5.       5.          113.
 
  2013           9.       7.       8.      19.      21.      18.
                25.      14.      10.      12.      11.       5.          159.
 
  2014           4.       8.      10.      17.      12.      14.
                21.       8.      12.      19.      14.      27.          166.
 
  2015          10.      21.      12.      19.      14.      27.
                19.      14.      18.      24.      14.       6.          198.
 
  2016           7.      12.      23.      14.      25.      16.
                20.      18.      15.      15.      11.      11.          187.
 
  2017          12.      23.      20.      16.      23.      21.
                13.      21.      21.      23.      13.      18.          224.
 
  2018          20.     115.      51.      39.      18.      29.
                22.      32.      23.      20.      23.      11.          403.
 
  2019          12.       8.      44.      41.      27.      29.
                18.      22.      22.      21.      21.       9.          274.
 
  2020          10.      18.      28.      21.      42.      47.
                73.      41.      52.      70.      34.     312.          748.
 
  2021          69.      68.      37.      39.      60.      31.
                23.      35.      21.      44.      21.      25.          473.
 
  2022          22.      29.      57.      65.      57.      28.
                39.      29.      27.      93.      24.      19.          489.
 
  2023          23.      14.      19.      29.      34.      52.
                36.      42.      33.      30.      43.      24.          379.
 
  2024          25.      38.      35.      35.      27.      29.
                26.      26.      20.      54.      13.      25.          353.
 
  2025          19.      21.      24.      23.      38.     123.
                15.      87.      29.      28.      42.      18.          467.
 
  2026          24.      77.      21.      50.      63.      66.
                                                                          301.
 
  AVGE          19.      24.      26.      29.      31.      34.
                26.      29.      31.      32.      26.      32.

  Table Total-        7637.   Mean-        28.   Std. Dev.-        28.
                              Min -         2.        Max -       312.

 B 1.A  Forecasts of (prior adjusted) original series
  From  2026.Jul to 2027.Jun
  Observations         12
 -----------------------------------------------------------------------------
               Jan      Feb      Mar      Apr      May      Jun 
               Jul      Aug      Sep      Oct      Nov      Dec        TOTAL  
 -----------------------------------------------------------------------------
  2026                                                          
                47.      45.      44.      43.      42.      41.          263.
 
  2027          40.      40.      39.      38.      37.      37.
                                                                          231.
 
        bps_permits 38540            PAGE   5, SERIES bps_permits_addi

 C 17  Final weights for irregular component
  From  2004.Jan to 2026.Jun
  Observations        270
  Lower sigma limit    1.50
  Upper sigma limit    2.50
 -----------------------------------------------------------------------------
               Jan      Feb      Mar      Apr      May      Jun 
               Jul      Aug      Sep      Oct      Nov      Dec         S.D.  
 -----------------------------------------------------------------------------
  2004         100.     100.     100.     100.     100.     100.
               100.     100.     100.     100.       0.     100.          824.
 
  2005         100.     100.     100.     100.       5.     100.
               100.     100.       0.     100.     100.     100.          824.
 
  2006         100.     100.     100.     100.     100.     100.
                 0.     100.       0.     100.     100.     100.          824.
 
  2007         100.     100.     100.     100.     100.     100.
                 0.     100.     100.      78.     100.     100.          710.
 
  2008         100.     100.     100.     100.     100.     100.
               100.     100.     100.     100.     100.     100.          597.
 
  2009         100.     100.     100.     100.     100.     100.
               100.     100.     100.     100.     100.     100.          486.
 
  2010         100.     100.       0.     100.     100.     100.
               100.     100.     100.     100.     100.     100.          308.
 
  2011         100.     100.     100.     100.     100.      67.
                 0.     100.       0.     100.     100.     100.          289.
 
  2012         100.     100.     100.     100.     100.     100.
               100.     100.     100.       0.     100.     100.          270.
 
  2013         100.     100.     100.     100.     100.     100.
               100.     100.     100.     100.     100.     100.          279.
 
  2014         100.     100.     100.     100.     100.     100.
               100.     100.     100.     100.     100.       0.          283.
 
  2015         100.     100.      69.     100.     100.      45.
               100.     100.     100.     100.     100.     100.          346.
 
  2016         100.     100.     100.     100.      88.     100.
               100.     100.     100.     100.     100.     100.          415.
 
  2017         100.     100.     100.     100.     100.     100.
               100.     100.     100.     100.      42.     100.          498.
 
  2018         100.       0.     100.     100.     100.     100.
               100.     100.     100.     100.     100.     100.         1029.
 
  2019         100.     100.     100.     100.     100.     100.
               100.     100.     100.     100.     100.     100.         1200.
 
  2020         100.     100.     100.     100.     100.     100.
               100.     100.     100.     100.       0.       0.         1425.
 
  2021         100.     100.       0.     100.     100.     100.
               100.     100.     100.     100.     100.     100.         1426.
 
  2022         100.     100.     100.     100.     100.     100.
               100.     100.     100.       0.     100.     100.         1441.
 
  2023         100.     100.     100.     100.     100.     100.
               100.     100.     100.     100.     100.     100.         1240.
 
  2024         100.     100.     100.     100.     100.     100.
               100.     100.     100.      72.     100.     100.         1114.
 
  2025         100.     100.     100.     100.     100.       0.
                 0.       0.     100.     100.     100.     100.         1064.
 
  2026         100.       0.      91.     100.     100.     100.
                                                                         1064.
 
        bps_permits 38540            PAGE   6, SERIES bps_permits_addi

 D 8  Final unmodified SI ratios
  From  2004.Jan to 2026.Jun
  Observations        270
 -----------------------------------------------------------------------------
               Jan      Feb      Mar      Apr      May      Jun 
               Jul      Aug      Sep      Oct      Nov      Dec         AVGE  
 -----------------------------------------------------------------------------
  2004          -9.     -26.      -8.       1.       0.      11.
                 7.      -3.      -4.      11.      39.      11.            2.
 
  2005         -11.     -34.      -9.      13.     -12.      -1.
               -10.      14.      81.      -4.      22.      -1.            4.
 
  2006         -13.     -28.      -4.      -1.      17.      -2.
               -24.       8.      82.      -2.      15.      -4.            4.
 
  2007          -9.     -26.      -0.       1.      18.      -1.
                24.      -1.      -0.      14.       1.      -5.            1.
 
  2008         -13.      -6.      -2.       4.       6.       7.
                -0.       3.      -1.       2.      -1.      -6.           -1.
 
  2009          -3.      -4.      -1.      -3.       9.       6.
                -1.       5.       0.      -6.       1.      -3.           -0.
 
  2010          -3.      -4.       9.       4.       3.       1.
                 1.       6.      -2.       3.      -1.      -5.            1.
 
  2011          -6.      -0.      -2.      -1.       3.      10.
                -4.       2.       9.      -1.      -4.      -2.            0.
 
  2012          -4.      -3.       0.       1.      -1.       7.
                 6.       0.      -0.      13.      -5.      -5.            1.
 
  2013          -2.      -5.      -5.       5.       6.       2.
                10.      -0.      -3.      -0.      -0.      -6.            0.
 
  2014          -7.      -3.      -1.       6.       1.       3.
                 9.      -4.      -2.       4.      -2.      10.            1.
 
  2015          -7.       4.      -4.       3.      -1.      12.
                 3.      -3.       0.       7.      -2.      -9.            0.
 
  2016          -7.      -2.       9.      -1.       9.      -1.
                 3.       2.      -1.      -1.      -6.      -6.           -0.
 
  2017          -5.       6.       4.       0.       7.       4.
                -5.       2.       1.       1.     -12.     -10.           -1.
 
  2018         -11.      83.      20.       9.     -10.       3.
                -3.       7.      -1.      -3.       3.      -8.            7.
 
  2019          -8.     -15.      19.      14.      -1.       2.
                -8.      -1.       1.       2.       3.      -7.            0.
 
  2020          -6.       1.       6.      -8.       5.       2.
                20.     -19.     -15.      -3.     -44.     232.           14.
 
  2021          -9.      -4.     -25.     -12.      17.      -6.
               -10.       4.      -9.      16.      -6.      -4.           -4.
 
  2022         -12.     -10.      13.      19.      11.     -14.
                 1.      -5.      -4.      64.      -3.      -6.            5.
 
  2023           0.      -8.      -4.       2.       3.      18.
                -1.       4.      -4.      -6.       7.     -13.            0.
 
  2024         -12.       2.       1.       5.       1.       6.
                 4.       2.      -6.      26.     -16.      -4.            1.
 
  2025          -9.      -6.      -4.      -7.       5.      88.
               -22.      50.      -7.      -7.       9.     -16.            6.
 
  2026         -12.      38.     -21.       6.      17.      20.
                                                                            8.
 
  AVGE          -8.      -2.      -0.       3.       5.       8.
                 0.       3.       5.       6.      -0.       6.

  Table Total-         555.   Mean-         2.   Std. Dev.-        21.
                              Min -       -44.        Max -       232.
        bps_permits 38540            PAGE   7, SERIES bps_permits_addi

 D 8.B  Final unmodified SI ratios, with labels for outliers and extreme values
  From  2004.Jan to 2026.Jun
  Observations        270
 ---------------------------------------------------------------------
               Jan       Feb       Mar       Apr       May       Jun  
               Jul       Aug       Sep       Oct       Nov       Dec  
 ---------------------------------------------------------------------
  2004         -9.      -26.       -8.        1.        0.       11.  
                7.       -3.       -4.       11.       39.*      11.  
 
  2005        -11.      -34.       -9.       13.      -12.*      -1.  
              -10.       14.       81.*      -4.       22.       -1.  
 
  2006        -13.      -28.       -4.       -1.       17.       -2.  
              -24.*       8.       82.*      -2.       15.       -4.  
 
  2007         -9.      -26.       -0.        1.       18.       -1.  
               24.*      -1.       -0.       14.*       1.       -5.  
 
  2008        -13.       -6.       -2.        4.        6.        7.  
               -0.        3.       -1.        2.       -1.       -6.  
 
  2009         -3.       -4.       -1.       -3.        9.        6.  
               -1.        5.        0.       -6.        1.       -3.  
 
  2010         -3.       -4.        9.*       4.        3.        1.  
                1.        6.       -2.        3.       -1.       -5.  
 
  2011         -6.       -0.       -2.       -1.        3.       10.* 
               -4.*       2.        9.*      -1.       -4.       -2.  
 
  2012         -4.       -3.        0.        1.       -1.        7.  
                6.        0.       -0.       13.*      -5.       -5.  
 
  2013         -2.       -5.       -5.        5.        6.        2.  
               10.       -0.       -3.       -0.       -0.       -6.  
 
  2014         -7.       -3.       -1.        6.        1.        3.  
                9.       -4.       -2.        4.       -2.       10.* 
 
  2015         -7.        4.       -4.*       3.       -1.       12.* 
                3.       -3.        0.        7.       -2.       -9.  
 
  2016         -7.       -2.        9.       -1.        9.*      -1.  
                3.        2.       -1.       -1.       -6.       -6.  
 
  2017         -5.        6.        4.        0.        7.        4.  
               -5.        2.        1.        1.      -12.*     -10.  
 
  2018        -11.       83.*      20.        9.      -10.        3.  
               -3.        7.       -1.       -3.        3.       -8.  
 
  2019         -8.      -15.       19.       14.       -1.        2.  
               -8.       -1.        1.        2.        3.       -7.  
 
  2020         -6.        1.        6.       -8.        5.        2.  
               20.      -19.      -15.       -3.      -44.*     232.* 
 
  2021         -9.       -4.      -25.*     -12.       17.       -6.  
              -10.        4.       -9.       16.       -6.       -4.  
 
  2022        -12.      -10.       13.       19.       11.      -14.  
                1.       -5.       -4.       64.*      -3.       -6.  
 
  2023          0.       -8.       -4.        2.        3.       18.  
               -1.        4.       -4.       -6.        7.      -13.  
 
  2024        -12.        2.        1.        5.        1.        6.  
                4.        2.       -6.       26.*     -16.       -4.  
 
  2025         -9.       -6.       -4.       -7.        5.       88.* 
              -22.*      50.*      -7.       -7.        9.      -16.  
 
  2026        -12.       38.*     -21.*       6.       17.       20.  
                                                                      
 

  Key to symbols:
    *  : extreme value as determined by X-11 extreme value procedure
 
        bps_permits 38540            PAGE   8, SERIES bps_permits_addi

 D 9  Final replacement values for SI ratios
  From  2004.Jan to 2026.Jun
  Observations        270
 ---------------------------------------------------------------
               Jan      Feb      Mar      Apr      May      Jun 
               Jul      Aug      Sep      Oct      Nov      Dec 
 ---------------------------------------------------------------
  2004     ******** ******** ******** ******** ******** ********
           ******** ******** ******** ********      15. ********
 
  2005     ******** ******** ******** ********       7. ********
           ******** ********      10. ******** ******** ********
 
  2006     ******** ******** ******** ******** ******** ********
                 1. ********       7. ******** ******** ********
 
  2007     ******** ******** ******** ******** ******** ********
                 1. ******** ********      11. ******** ********
 
  2008     ******** ******** ******** ******** ******** ********
           ******** ******** ******** ******** ******** ********
 
  2009     ******** ******** ******** ******** ******** ********
           ******** ******** ******** ******** ******** ********
 
  2010     ******** ********      -0. ******** ******** ********
           ******** ******** ******** ******** ******** ********
 
  2011     ******** ******** ******** ******** ********       8.
                 4. ********      -1. ******** ******** ********
 
  2012     ******** ******** ******** ******** ******** ********
           ******** ******** ********       1. ******** ********
 
  2013     ******** ******** ******** ******** ******** ********
           ******** ******** ******** ******** ******** ********
 
  2014     ******** ******** ******** ******** ******** ********
           ******** ******** ******** ******** ********      -6.
 
  2015     ******** ********      -2. ******** ********       8.
           ******** ******** ******** ******** ******** ********
 
  2016     ******** ******** ******** ********       8. ********
           ******** ******** ******** ******** ******** ********
 
  2017     ******** ******** ******** ******** ******** ********
           ******** ******** ******** ********      -6. ********
 
  2018     ********       3. ******** ******** ******** ********
           ******** ******** ******** ******** ******** ********
 
  2019     ******** ******** ******** ******** ******** ********
           ******** ******** ******** ******** ******** ********
 
  2020     ******** ******** ******** ******** ******** ********
           ******** ******** ******** ********      15.      11.
 
  2021     ******** ********      12. ******** ******** ********
           ******** ******** ******** ******** ******** ********
 
  2022     ******** ******** ******** ******** ******** ********
           ******** ******** ********      10. ******** ********
 
  2023     ******** ******** ******** ******** ******** ********
           ******** ******** ******** ******** ******** ********
 
  2024     ******** ******** ******** ******** ******** ********
           ******** ******** ********      21. ******** ********
 
  2025     ******** ******** ******** ******** ********      19.
                11.       9. ******** ******** ******** ********
 
  2026     ********      -0.     -19. ******** ******** ********
                                                                
 

 D 9.A  Moving seasonality ratio
 ---------------------------------------------------------------
               Jan      Feb      Mar      Apr      May      Jun 
 ---------------------------------------------------------------
   I          3.867    5.895    5.342    8.719    6.846    6.505
   S          0.683    1.932    1.779    1.233    1.093    1.365
 RATIO        5.659    3.052    3.002    7.072    6.265    4.767



 ---------------------------------------------------------------
               Jul      Aug      Sep      Oct      Nov      Dec 
 ---------------------------------------------------------------
   I          7.240    6.622    3.700    8.651    6.952    5.174
   S          1.252    0.878    0.743    0.830    1.569    0.950
 RATIO        5.784    7.539    4.983   10.429    4.431    5.447



        bps_permits 38540            PAGE   9, SERIES bps_permits_addi

 D 10  Final seasonal factors
  From  2004.Jan to 2026.Jun
  Observations        270
  Seasonal filter    3 x 5 moving average
 -----------------------------------------------------------------------------
               Jan      Feb      Mar      Apr      May      Jun 
               Jul      Aug      Sep      Oct      Nov      Dec         AVGE  
 -----------------------------------------------------------------------------
  2004         -10.     -29.      -6.       4.      10.       2.
                -0.       5.       4.       3.      15.       1.           -0.
 
  2005         -11.     -27.      -5.       4.      10.       2.
                -0.       5.       3.       3.      13.       0.           -0.
 
  2006         -10.     -24.      -4.       3.      10.       2.
                -0.       5.       3.       3.      10.      -2.           -0.
 
  2007         -10.     -19.      -3.       2.      11.       2.
                -0.       5.       2.       2.       7.      -3.           -0.
 
  2008          -8.     -14.      -2.       1.      10.       3.
                 0.       4.       1.       1.       3.      -4.           -0.
 
  2009          -7.      -9.      -1.       1.       7.       4.
                 1.       3.      -0.       1.      -0.      -4.           -0.
 
  2010          -5.      -5.      -1.       1.       5.       5.
                 2.       3.      -1.       0.      -2.      -4.           -0.
 
  2011          -5.      -3.      -1.       2.       3.       5.
                 4.       2.      -1.       0.      -2.      -4.           -0.
 
  2012          -4.      -2.      -2.       2.       3.       5.
                 5.       1.      -1.       1.      -2.      -5.           -0.
 
  2013          -5.      -2.      -1.       3.       2.       5.
                 6.      -1.      -1.       2.      -3.      -6.           -0.
 
  2014          -5.      -1.      -0.       3.       3.       4.
                 6.      -1.      -1.       2.      -3.      -7.           -0.
 
  2015          -6.       0.       2.       3.       3.       3.
                 4.      -0.      -1.       2.      -3.      -7.           -0.
 
  2016          -7.       0.       5.       4.       2.       3.
                 1.       0.      -1.       1.      -3.      -8.           -0.
 
  2017          -8.      -0.       9.       4.       1.       3.
                 0.      -0.      -1.       0.      -1.      -7.            0.
 
  2018          -8.      -1.      11.       3.       2.       2.
                -1.      -1.      -3.       1.       0.      -6.            0.
 
  2019          -8.      -3.      13.       3.       3.      -0.
                 0.      -2.      -4.       2.       2.      -4.            0.
 
  2020          -8.      -4.      12.       3.       5.      -1.
                -0.      -3.      -5.       4.       2.      -4.            0.
 
  2021          -8.      -5.      10.       3.       6.      -1.
                 1.      -3.      -6.       5.       2.      -3.            0.
 
  2022          -8.      -5.       6.       2.       7.       2.
                 1.      -1.      -6.       6.       0.      -5.            0.
 
  2023          -8.      -5.       2.       2.       8.       5.
                 2.       1.      -6.       6.      -1.      -7.            0.
 
  2024          -8.      -5.      -2.       2.       7.      10.
                 3.       3.      -4.       4.      -1.      -9.           -0.
 
  2025          -9.      -4.      -5.       3.       7.      13.
                 4.       4.      -4.       3.      -2.      -9.            0.
 
  2026          -9.      -4.      -7.       1.       8.      15.
                                                                            1.
 
  AVGE          -8.      -7.       1.       3.       6.       4.
                 2.       1.      -2.       2.       1.      -5.

  Table Total-         -18.   Mean-        -0.   Std. Dev.-         6.
                              Min -       -29.        Max -        15.

 D 10.A  Final seasonal component forecasts
  From  2026.Jul to 2027.Jun
  Observations         12
 -----------------------------------------------------------------------------
               Jan      Feb      Mar      Apr      May      Jun 
               Jul      Aug      Sep      Oct      Nov      Dec         AVGE  
 -----------------------------------------------------------------------------
  2026                                                          
                 4.       4.      -4.       3.      -2.      -9.           -1.
 
  2027         -10.      -3.      -7.       1.       9.      15.
                                                                            1.
 
        bps_permits 38540            PAGE  10, SERIES bps_permits_addi

 D 11  Final seasonally adjusted data
  From  2004.Jan to 2026.Jun
  Observations        270
 -----------------------------------------------------------------------------
               Jan      Feb      Mar      Apr      May      Jun 
               Jul      Aug      Sep      Oct      Nov      Dec        TOTAL  
 -----------------------------------------------------------------------------
  2004          35.      38.      33.      33.      28.      49.
                49.      37.      41.      60.      79.      68.          550.
 
  2005          59.      51.      51.      61.      27.      44.
                36.      54.     122.      37.      51.      40.          633.
 
  2006          38.      38.      45.      44.      59.      51.
                34.      61.     136.      49.      56.      44.          656.
 
  2007          43.      30.      36.      28.      31.      18.
                42.      11.      14.      29.      13.      18.          314.
 
  2008          17.      30.      23.      25.      17.      23.
                17.      15.      12.      14.       8.      10.          211.
 
  2009          16.      17.      12.       8.      14.      14.
                10.      14.      12.       5.      13.      13.          147.
 
  2010          14.      13.      21.      13.       7.       5.
                 9.      13.      10.      14.      11.       8.          138.
 
  2011           7.      10.       6.       3.       6.      11.
                -2.       5.      15.       4.       4.       9.           79.
 
  2012           8.       7.      10.       7.       4.      10.
                 9.       8.      10.      22.       7.      10.          113.
 
  2013          14.       9.       9.      16.      19.      13.
                19.      15.      11.      10.      14.      11.          160.
 
  2014           9.       9.      10.      14.       9.      10.
                15.       9.      13.      17.      17.      34.          167.
 
  2015          16.      21.      10.      16.      11.      24.
                15.      14.      19.      22.      17.      13.          199.
 
  2016          14.      12.      18.      10.      23.      13.
                19.      18.      16.      14.      14.      19.          188.
 
  2017          20.      23.      11.      12.      22.      18.
                13.      21.      22.      23.      14.      25.          223.
 
  2018          28.     116.      40.      36.      16.      27.
                23.      33.      26.      19.      23.      17.          402.
 
  2019          20.      11.      31.      38.      24.      29.
                18.      24.      26.      19.      19.      13.          272.
 
  2020          18.      22.      16.      18.      37.      48.
                73.      44.      57.      66.      32.     316.          747.
 
  2021          77.      73.      27.      36.      54.      32.
                22.      38.      27.      39.      19.      28.          472.
 
  2022          30.      34.      51.      63.      50.      26.
                38.      30.      33.      87.      24.      24.          489.
 
  2023          31.      19.      17.      27.      26.      47.
                34.      41.      39.      24.      44.      31.          379.
 
  2024          33.      43.      37.      33.      20.      19.
                23.      23.      24.      50.      14.      34.          353.
 
  2025          28.      25.      29.      20.      31.     110.
                11.      83.      33.      25.      44.      27.          467.
 
  2026          33.      81.      28.      49.      55.      51.
                                                                          297.
 
  AVGE          26.      32.      25.      27.      26.      30.
                24.      28.      33.      29.      24.      37.

  Table Total-        7655.   Mean-        28.   Std. Dev.-        27.
                              Min -        -2.        Max -       316.
        bps_permits 38540            PAGE  11, SERIES bps_permits_addi

 D 12  Final trend cycle
  From  2004.Jan to 2026.Jun
  Observations        270
  Trend filter    23-term Henderson moving average
  I/C ratio        3.52
 -----------------------------------------------------------------------------
               Jan      Feb      Mar      Apr      May      Jun 
               Jul      Aug      Sep      Oct      Nov      Dec        TOTAL  
 -----------------------------------------------------------------------------
  2004          31.      32.      35.      36.      39.      41.
                44.      47.      50.      52.      54.      56.          515.
 
  2005          56.      55.      54.      53.      51.      49.
                47.      45.      44.      43.      42.      43.          582.
 
  2006          43.      45.      47.      49.      52.      54.
                55.      56.      55.      53.      50.      47.          605.
 
  2007          42.      38.      33.      29.      25.      22.
                20.      18.      18.      18.      19.      19.          300.
 
  2008          20.      21.      21.      21.      20.      19.
                18.      16.      15.      14.      13.      12.          211.
 
  2009          12.      12.      12.      12.      12.      12.
                12.      12.      12.      12.      12.      12.          143.
 
  2010          12.      11.      11.      11.      11.      10.
                10.      10.      10.      10.       9.       9.          125.
 
  2011           9.       8.       7.       7.       6.       6.
                 6.       6.       6.       6.       6.       7.           78.
 
  2012           7.       7.       8.       8.       8.       8.
                 8.       9.       9.       9.      10.      11.          102.
 
  2013          11.      12.      13.      14.      14.      15.
                14.      14.      13.      13.      12.      11.          157.
 
  2014          11.      10.      10.      11.      11.      12.
                13.      13.      14.      15.      16.      16.          151.
 
  2015          16.      16.      16.      16.      16.      16.
                16.      16.      16.      16.      16.      16.          196.
 
  2016          16.      16.      15.      15.      15.      16.
                16.      16.      17.      17.      17.      17.          192.
 
  2017          17.      17.      17.      17.      17.      17.
                18.      20.      21.      23.      25.      27.          235.
 
  2018          28.      29.      30.      30.      29.      28.
                26.      25.      23.      22.      22.      22.          315.
 
  2019          23.      23.      24.      25.      25.      25.
                24.      23.      21.      19.      18.      18.          267.
 
  2020          19.      21.      25.      30.      37.      44.
                52.      60.      67.      72.      75.      75.          576.
 
  2021          72.      68.      62.      55.      47.      41.
                35.      31.      29.      29.      31.      33.          532.
 
  2022          36.      38.      40.      41.      41.      40.
                38.      35.      32.      29.      27.      25.          423.
 
  2023          25.      25.      27.      28.      30.      32.
                34.      35.      37.      37.      37.      36.          384.
 
  2024          35.      33.      31.      30.      28.      27.
                26.      26.      25.      25.      26.      27.          339.
 
  2025          28.      29.      30.      31.      32.      33.
                34.      35.      35.      35.      36.      37.          396.
 
  2026          38.      39.      40.      42.      44.      45.
                                                                          248.
 
  AVGE          26.      26.      26.      27.      27.      27.
                26.      26.      26.      26.      26.      26.

  Table Total-        7073.   Mean-        26.   Std. Dev.-        15.
                              Min -         6.        Max -        75.
        bps_permits 38540            PAGE  12, SERIES bps_permits_addi

 D 13  Final irregular component
  From  2004.Jan to 2026.Jun
  Observations        270
 -----------------------------------------------------------------------------
               Jan      Feb      Mar      Apr      May      Jun 
               Jul      Aug      Sep      Oct      Nov      Dec         S.D.  
 -----------------------------------------------------------------------------
  2004           5.       5.      -2.      -3.     -10.       8.
                 6.     -10.      -8.       7.      25.      12.           10.
 
  2005           3.      -4.      -3.       9.     -24.      -5.
               -11.       9.      78.      -6.       8.      -3.           24.
 
  2006          -5.      -7.      -1.      -5.       7.      -3.
               -21.       5.      81.      -4.       5.      -3.           25.
 
  2007           0.      -7.       3.      -1.       7.      -4.
                23.      -7.      -4.      11.      -5.      -1.            8.
 
  2008          -3.       9.       1.       3.      -3.       4.
                -1.      -2.      -3.       0.      -5.      -2.            4.
 
  2009           4.       5.      -0.      -4.       2.       2.
                -2.       2.       1.      -7.       1.       2.            3.
 
  2010           3.       2.      10.       2.      -4.      -6.
                -2.       3.       0.       4.       1.      -1.            4.
 
  2011          -2.       2.      -1.      -3.      -0.       5.
                -8.      -1.      10.      -2.      -2.       3.            4.
 
  2012           1.       0.       2.      -1.      -4.       2.
                 0.      -0.       1.      13.      -2.      -1.            4.
 
  2013           2.      -3.      -4.       2.       5.      -1.
                 4.       1.      -2.      -3.       2.      -1.            3.
 
  2014          -1.      -1.      -0.       4.      -2.      -2.
                 3.      -4.      -1.       2.       2.      18.            6.
 
  2015          -0.       5.      -7.      -0.      -5.       7.
                -1.      -2.       3.       6.       1.      -3.            4.
 
  2016          -2.      -4.       2.      -5.       8.      -3.
                 3.       1.      -1.      -3.      -3.       2.            4.
 
  2017           3.       6.      -6.      -5.       5.       1.
                -6.       1.       1.      -1.     -11.      -2.            5.
 
  2018          -1.      87.      10.       6.     -13.      -1.
                -4.       8.       2.      -3.       1.      -5.           26.
 
  2019          -2.     -13.       7.      14.      -1.       4.
                -6.       1.       5.      -0.       1.      -5.            7.
 
  2020          -1.       1.      -9.     -12.       0.       3.
                21.     -17.     -10.      -6.     -43.     241.           71.
 
  2021           5.       6.     -34.     -19.       6.      -9.
               -13.       7.      -2.       9.     -12.      -5.           13.
 
  2022          -6.      -4.      11.      22.       9.     -14.
                -1.      -5.       1.      58.      -3.      -1.           19.
 
  2023           6.      -7.     -10.      -2.      -4.      15.
                -0.       5.       2.     -13.       7.      -5.            8.
 
  2024          -1.      10.       6.       3.      -8.      -8.
                -3.      -3.      -1.      24.     -12.       7.            9.
 
  2025           0.      -4.      -1.     -11.      -2.      77.
               -23.      49.      -2.     -10.       8.      -9.           28.
 
  2026          -4.      42.     -13.       7.      12.       6.
                                                                           19.
 
  S.D.           3.      21.       9.       8.       8.      17.
                10.      12.      24.      15.      12.      52.

  Table Total-         582.   Mean-         2.   Std. Dev.-        20.
                              Min -       -43.        Max -       241.
        bps_permits 38540            PAGE  13, SERIES bps_permits_addi

 D 16  Combined adjustment factors
  From  2004.Jan to 2026.Jun
  Observations        270
 -----------------------------------------------------------------------------
               Jan      Feb      Mar      Apr      May      Jun 
               Jul      Aug      Sep      Oct      Nov      Dec         AVGE  
 -----------------------------------------------------------------------------
  2004         -10.     -29.      -6.       4.      10.       2.
                -0.       5.       4.       3.      15.       1.           -0.
 
  2005         -11.     -27.      -5.       4.      10.       2.
                -0.       5.       3.       3.      13.       0.           -0.
 
  2006         -10.     -24.      -4.       3.      10.       2.
                -0.       5.       3.       3.      10.      -2.           -0.
 
  2007         -10.     -19.      -3.       2.      11.       2.
                -0.       5.       2.       2.       7.      -3.           -0.
 
  2008          -8.     -14.      -2.       1.      10.       3.
                 0.       4.       1.       1.       3.      -4.           -0.
 
  2009          -7.      -9.      -1.       1.       7.       4.
                 1.       3.      -0.       1.      -0.      -4.           -0.
 
  2010          -5.      -5.      -1.       1.       5.       5.
                 2.       3.      -1.       0.      -2.      -4.           -0.
 
  2011          -5.      -3.      -1.       2.       3.       5.
                 4.       2.      -1.       0.      -2.      -4.           -0.
 
  2012          -4.      -2.      -2.       2.       3.       5.
                 5.       1.      -1.       1.      -2.      -5.           -0.
 
  2013          -5.      -2.      -1.       3.       2.       5.
                 6.      -1.      -1.       2.      -3.      -6.           -0.
 
  2014          -5.      -1.      -0.       3.       3.       4.
                 6.      -1.      -1.       2.      -3.      -7.           -0.
 
  2015          -6.       0.       2.       3.       3.       3.
                 4.      -0.      -1.       2.      -3.      -7.           -0.
 
  2016          -7.       0.       5.       4.       2.       3.
                 1.       0.      -1.       1.      -3.      -8.           -0.
 
  2017          -8.      -0.       9.       4.       1.       3.
                 0.      -0.      -1.       0.      -1.      -7.            0.
 
  2018          -8.      -1.      11.       3.       2.       2.
                -1.      -1.      -3.       1.       0.      -6.            0.
 
  2019          -8.      -3.      13.       3.       3.      -0.
                 0.      -2.      -4.       2.       2.      -4.            0.
 
  2020          -8.      -4.      12.       3.       5.      -1.
                -0.      -3.      -5.       4.       2.      -4.            0.
 
  2021          -8.      -5.      10.       3.       6.      -1.
                 1.      -3.      -6.       5.       2.      -3.            0.
 
  2022          -8.      -5.       6.       2.       7.       2.
                 1.      -1.      -6.       6.       0.      -5.            0.
 
  2023          -8.      -5.       2.       2.       8.       5.
                 2.       1.      -6.       6.      -1.      -7.            0.
 
  2024          -8.      -5.      -2.       2.       7.      10.
                 3.       3.      -4.       4.      -1.      -9.           -0.
 
  2025          -9.      -4.      -5.       3.       7.      13.
                 4.       4.      -4.       3.      -2.      -9.            0.
 
  2026          -9.      -4.      -7.       1.       8.      15.
                                                                            1.
 
  AVGE          -8.      -7.       1.       3.       6.       4.
                 2.       1.      -2.       2.       1.      -5.

  Table Total-         -18.   Mean-        -0.   Std. Dev.-         6.
                              Min -       -29.        Max -        15.

 D 16.A  Combined adjustment component forecasts
  From  2026.Jul to 2027.Jun
  Observations         12
 -----------------------------------------------------------------------------
               Jan      Feb      Mar      Apr      May      Jun 
               Jul      Aug      Sep      Oct      Nov      Dec         AVGE  
 -----------------------------------------------------------------------------
  2026                                                          
                 4.       4.      -4.       3.      -2.      -9.           -1.
 
  2027         -10.      -3.      -7.       1.       9.      15.
                                                                            1.
 
        bps_permits 38540            PAGE  14, SERIES bps_permits_addi

 E 4  Differences of annual totals
  From          2004 to 2025
  Observations         22
 -----------------------------------
  Year       Unmodified     Modified
                  (D11)         (E2)
 -----------------------------------
  2004              -1.          -1.
 
  2005              -3.          -3.
 
  2006              -5.          -5.
 
  2007              -5.          -5.
 
  2008              -5.          -5.
 
  2009              -3.          -3.
 
  2010              -2.          -2.
 
  2011              -1.          -1.
 
  2012              -0.          -0.
 
  2013              -1.          -1.
 
  2014              -1.          -1.
 
  2015              -1.          -1.
 
  2016              -1.          -1.
 
  2017               1.           1.
 
  2018               1.           1.
 
  2019               2.           2.
 
  2020               1.           1.
 
  2021               1.           1.
 
  2022               0.           0.
 
  2023               0.           0.
 
  2024              -0.          -0.
 
  2025               0.           0.
 
        bps_permits 38540            PAGE  15, SERIES bps_permits_addi

 E 5  Month-to-month differences in the original series
  From  2004.Feb to 2026.Jun
  Observations        269
 -----------------------------------------------------------------------------
               Jan      Feb      Mar      Apr      May      Jun 
               Jul      Aug      Sep      Oct      Nov      Dec         AVGE  
 -----------------------------------------------------------------------------
  2004                  -16.      18.      10.       1.      13.
                -2.      -7.       3.      18.      31.     -25.            4.
 
  2005         -21.     -24.      22.      19.     -28.       9.
               -10.      23.      66.     -85.      24.     -24.           -2.
 
  2006         -12.     -14.      27.       6.      22.     -16.
               -19.      32.      73.     -87.      14.     -24.            0.
 
  2007          -9.     -22.      22.      -3.      12.     -22.
                22.     -26.       0.      15.     -11.      -5.           -2.
 
  2008          -6.       7.       5.       5.       1.      -1.
                -9.       2.      -6.       2.      -4.      -5.           -1.
 
  2009           3.      -1.       3.      -2.      12.      -3.
                -7.       6.      -5.      -6.       7.      -4.            0.
 
  2010           0.      -1.      12.      -6.      -2.      -2.
                 1.       5.      -7.       5.      -5.      -5.           -0.
 
  2011          -2.       5.      -2.       0.       4.       7.
               -14.       5.       7.     -10.      -2.       3.            0.
 
  2012          -1.       1.       3.       1.      -2.       8.
                -1.      -5.       0.      14.     -18.       0.            0.
 
  2013           4.      -2.       1.      11.       2.      -3.
                 7.     -11.      -4.       2.      -1.      -6.            0.
 
  2014          -1.       4.       2.       7.      -5.       2.
                 7.     -13.       4.       7.      -5.      13.            2.
 
  2015         -17.      11.      -9.       7.      -5.      13.
                -8.      -5.       4.       6.     -10.      -8.           -2.
 
  2016           1.       5.      11.      -9.      11.      -9.
                 4.      -2.      -3.       0.      -4.       0.            0.
 
  2017           1.      11.      -3.      -4.       7.      -2.
                -8.       8.       0.       2.     -10.       5.            1.
 
  2018           2.      95.     -64.     -12.     -21.      11.
                -7.      10.      -9.      -3.       3.     -12.           -1.
 
  2019           1.      -4.      36.      -3.     -14.       2.
               -11.       4.       0.      -1.       0.     -12.           -0.
 
  2020           1.       8.      10.      -7.      21.       5.
                26.     -32.      11.      18.     -36.     278.           25.
 
  2021        -243.      -1.     -31.       2.      21.     -29.
                -8.      12.     -14.      23.     -23.       4.          -24.
 
  2022          -3.       7.      28.       8.      -8.     -29.
                11.     -10.      -2.      66.     -69.      -5.           -0.
 
  2023           4.      -9.       5.      10.       5.      18.
               -16.       6.      -9.      -3.      13.     -19.            0.
 
  2024           1.      13.      -3.       0.      -8.       2.
                -3.       0.      -6.      34.     -41.      12.            0.
 
  2025          -6.       2.       3.      -1.      15.      85.
              -108.      72.     -58.      -1.      14.     -24.           -1.
 
  2026           6.      53.     -56.      29.      13.       3.
                                                                            8.
 
  AVGE         -13.       6.       2.       3.       2.       3.
                -7.       3.       2.       1.      -6.       6.

  Table Total-          41.   Mean-         0.   Std. Dev.-        31.
                              Min -      -243.        Max -       278.
        bps_permits 38540            PAGE  16, SERIES bps_permits_addi

 E 6  Month-to-month differences in seasonally adjusted series (D11)
  From  2004.Feb to 2026.Jun
  Observations        269
 -----------------------------------------------------------------------------
               Jan      Feb      Mar      Apr      May      Jun 
               Jul      Aug      Sep      Oct      Nov      Dec         AVGE  
 -----------------------------------------------------------------------------
  2004                    2.      -5.       0.      -5.      20.
                 0.     -12.       4.      19.      19.     -11.            3.
 
  2005          -9.      -7.       0.      10.     -34.      16.
                -7.      18.      68.     -85.      14.     -11.           -2.
 
  2006          -2.      -0.       7.      -2.      15.      -8.
               -16.      27.      75.     -87.       6.     -12.            0.
 
  2007          -1.     -12.       6.      -8.       4.     -14.
                25.     -31.       3.      15.     -16.       5.           -2.
 
  2008          -1.      13.      -7.       2.      -7.       6.
                -6.      -2.      -2.       2.      -6.       3.           -1.
 
  2009           6.       1.      -5.      -4.       5.       0.
                -4.       4.      -1.      -7.       8.       0.            0.
 
  2010           1.      -1.       8.      -8.      -6.      -2.
                 4.       4.      -3.       4.      -3.      -2.           -0.
 
  2011          -2.       4.      -4.      -3.       2.       5.
               -13.       7.      10.     -11.       0.       5.            0.
 
  2012          -1.      -1.       2.      -3.      -2.       6.
                -2.      -0.       2.      12.     -15.       2.            0.
 
  2013           4.      -5.       0.       7.       3.      -6.
                 5.      -4.      -3.      -1.       4.      -3.            0.
 
  2014          -1.      -0.       1.       4.      -5.       0.
                 6.      -6.       4.       4.       0.      16.            2.
 
  2015         -17.       5.     -11.       6.      -5.      12.
                -8.      -1.       5.       3.      -5.      -4.           -2.
 
  2016           1.      -2.       6.      -7.      13.     -10.
                 6.      -1.      -2.      -2.       0.       5.            0.
 
  2017           1.       4.     -12.       1.      10.      -4.
                -6.       8.       1.       0.      -9.      11.            0.
 
  2018           3.      88.     -76.      -4.     -20.      11.
                -4.      10.      -7.      -6.       3.      -6.           -1.
 
  2019           4.     -10.      21.       7.     -15.       5.
               -11.       6.       2.      -7.       0.      -6.           -0.
 
  2020           5.       5.      -6.       2.      19.      11.
                26.     -30.      14.       9.     -35.     284.           25.
 
  2021        -239.      -4.     -46.       9.      17.     -22.
               -10.      16.     -11.      11.     -19.       9.          -24.
 
  2022           1.       5.      17.      12.     -14.     -23.
                11.      -8.       3.      53.     -63.       0.           -0.
 
  2023           7.     -13.      -2.      10.      -0.      21.
               -13.       7.      -2.     -15.      20.     -13.            1.
 
  2024           3.       9.      -6.      -4.     -13.      -0.
                 4.      -1.       2.      25.     -36.      20.            0.
 
  2025          -6.      -3.       4.      -9.      10.      80.
               -99.      72.     -50.      -8.      18.     -16.           -1.
 
  2026           6.      47.     -53.      21.       6.      -4.
                                                                            4.
 
  AVGE         -11.       5.      -7.       2.      -1.       4.
                -5.       4.       5.      -3.      -5.      13.

  Table Total-          16.   Mean-         0.   Std. Dev.-        30.
                              Min -      -239.        Max -       284.
        bps_permits 38540            PAGE  17, SERIES bps_permits_addi

 E 7  Month-to-month differences in final trend cycle (D12)
  From  2004.Feb to 2026.Jun
  Observations        269
 -----------------------------------------------------------------------------
               Jan      Feb      Mar      Apr      May      Jun 
               Jul      Aug      Sep      Oct      Nov      Dec         AVGE  
 -----------------------------------------------------------------------------
  2004                    2.       2.       2.       2.       2.
                 3.       3.       3.       3.       2.       1.            2.
 
  2005           0.      -1.      -1.      -2.      -2.      -2.
                -2.      -2.      -1.      -1.      -0.       0.           -1.
 
  2006           1.       1.       2.       2.       2.       2.
                 1.       1.      -1.      -2.      -3.      -4.            0.
 
  2007          -4.      -5.      -5.      -4.      -4.      -3.
                -2.      -1.      -1.       0.       1.       1.           -2.
 
  2008           1.       1.       0.      -0.      -1.      -1.
                -1.      -1.      -1.      -1.      -1.      -0.           -1.
 
  2009          -0.      -0.      -0.      -0.      -0.      -0.
                -0.      -0.       0.       0.       0.      -0.           -0.
 
  2010          -0.      -0.      -0.      -0.      -0.      -0.
                -0.      -0.      -0.      -0.      -0.      -0.           -0.
 
  2011          -0.      -1.      -1.      -1.      -1.      -0.
                -0.       0.       0.       0.       0.       0.           -0.
 
  2012           0.       0.       0.       0.       0.       0.
                 0.       0.       0.       0.       1.       1.            0.
 
  2013           1.       1.       1.       1.       0.       0.
                -0.      -0.      -1.      -1.      -1.      -1.            0.
 
  2014          -1.      -0.      -0.       0.       0.       1.
                 1.       1.       1.       1.       1.       0.            0.
 
  2015           0.       0.       0.       0.       0.       0.
                 0.      -0.      -0.      -0.      -0.      -0.           -0.
 
  2016          -0.      -0.      -0.      -0.       0.       0.
                 0.       0.       0.       0.       0.      -0.            0.
 
  2017          -0.       0.       0.       0.       0.       0.
                 1.       1.       2.       2.       2.       2.            1.
 
  2018           1.       1.       1.      -0.      -1.      -1.
                -2.      -2.      -1.      -1.      -0.       0.           -0.
 
  2019           1.       1.       1.       1.       0.      -0.
                -1.      -1.      -2.      -2.      -1.      -0.           -0.
 
  2020           1.       2.       4.       5.       7.       8.
                 8.       8.       7.       5.       3.       0.            5.
 
  2021          -2.      -4.      -6.      -7.      -7.      -7.
                -6.      -4.      -2.       0.       2.       2.           -3.
 
  2022           3.       2.       2.       1.      -0.      -1.
                -2.      -3.      -3.      -3.      -2.      -1.           -1.
 
  2023          -0.       1.       1.       2.       2.       2.
                 2.       2.       1.       1.      -0.      -1.            1.
 
  2024          -1.      -2.      -2.      -2.      -1.      -1.
                -1.      -1.      -0.       0.       0.       1.           -1.
 
  2025           1.       1.       1.       1.       1.       1.
                 1.       0.       0.       0.       0.       1.            1.
 
  2026           1.       1.       2.       2.       2.       1.
                                                                            1.
 
  AVGE           0.       0.       0.       0.       0.       0.
                 0.       0.       0.       0.       0.       0.

  Table Total-          15.   Mean-         0.   Std. Dev.-         2.
                              Min -        -7.        Max -         8.
        bps_permits 38540            PAGE  18, SERIES bps_permits_addi

 E 8  Month-to-month differences in original series adjusted for calendar factors (A18)
  From  2004.Feb to 2026.Jun
  Observations        269
 -----------------------------------------------------------------------------
               Jan      Feb      Mar      Apr      May      Jun 
               Jul      Aug      Sep      Oct      Nov      Dec         AVGE  
 -----------------------------------------------------------------------------
  2004                  -16.      18.      10.       1.      13.
                -2.      -7.       3.      18.      31.     -25.            4.
 
  2005         -21.     -24.      22.      19.     -28.       9.
               -10.      23.      66.     -85.      24.     -24.           -2.
 
  2006         -12.     -14.      27.       6.      22.     -16.
               -19.      32.      73.     -87.      14.     -24.            0.
 
  2007          -9.     -22.      22.      -3.      12.     -22.
                22.     -26.       0.      15.     -11.      -5.           -2.
 
  2008          -6.       7.       5.       5.       1.      -1.
                -9.       2.      -6.       2.      -4.      -5.           -1.
 
  2009           3.      -1.       3.      -2.      12.      -3.
                -7.       6.      -5.      -6.       7.      -4.            0.
 
  2010           0.      -1.      12.      -6.      -2.      -2.
                 1.       5.      -7.       5.      -5.      -5.           -0.
 
  2011          -2.       5.      -2.       0.       4.       7.
               -14.       5.       7.     -10.      -2.       3.            0.
 
  2012          -1.       1.       3.       1.      -2.       8.
                -1.      -5.       0.      14.     -18.       0.            0.
 
  2013           4.      -2.       1.      11.       2.      -3.
                 7.     -11.      -4.       2.      -1.      -6.            0.
 
  2014          -1.       4.       2.       7.      -5.       2.
                 7.     -13.       4.       7.      -5.      13.            2.
 
  2015         -17.      11.      -9.       7.      -5.      13.
                -8.      -5.       4.       6.     -10.      -8.           -2.
 
  2016           1.       5.      11.      -9.      11.      -9.
                 4.      -2.      -3.       0.      -4.       0.            0.
 
  2017           1.      11.      -3.      -4.       7.      -2.
                -8.       8.       0.       2.     -10.       5.            1.
 
  2018           2.      95.     -64.     -12.     -21.      11.
                -7.      10.      -9.      -3.       3.     -12.           -1.
 
  2019           1.      -4.      36.      -3.     -14.       2.
               -11.       4.       0.      -1.       0.     -12.           -0.
 
  2020           1.       8.      10.      -7.      21.       5.
                26.     -32.      11.      18.     -36.     278.           25.
 
  2021        -243.      -1.     -31.       2.      21.     -29.
                -8.      12.     -14.      23.     -23.       4.          -24.
 
  2022          -3.       7.      28.       8.      -8.     -29.
                11.     -10.      -2.      66.     -69.      -5.           -0.
 
  2023           4.      -9.       5.      10.       5.      18.
               -16.       6.      -9.      -3.      13.     -19.            0.
 
  2024           1.      13.      -3.       0.      -8.       2.
                -3.       0.      -6.      34.     -41.      12.            0.
 
  2025          -6.       2.       3.      -1.      15.      85.
              -108.      72.     -58.      -1.      14.     -24.           -1.
 
  2026           6.      53.     -56.      29.      13.       3.
                                                                            8.
 
  AVGE         -13.       6.       2.       3.       2.       3.
                -7.       3.       2.       1.      -6.       6.

  Table Total-          41.   Mean-         0.   Std. Dev.-        31.
                              Min -      -243.        Max -       278.
        bps_permits 38540            PAGE  19, SERIES bps_permits_addi

 E 18  Final adjustment ratios
  From  2004.Jan to 2026.Jun
  Observations        270
 -----------------------------------------------------------------------------
               Jan      Feb      Mar      Apr      May      Jun 
               Jul      Aug      Sep      Oct      Nov      Dec         AVGE  
 -----------------------------------------------------------------------------
  2004       70.640   23.945   82.420  111.890  134.035  104.619
             99.615  114.458  109.324  105.325  119.046  101.392        98.059
 
  2005       81.885   46.919   89.638  105.994  135.783  105.606
             99.734  108.982  102.622  109.284  125.768  100.037       101.021
 
  2006       72.973   36.645   90.328  107.325  117.944  104.556
             98.572  108.175  102.070  105.108  118.622   95.975        96.524
 
  2007       77.306   36.203   91.379  108.503  133.407  113.996
             99.349  143.717  113.839  105.627  152.611   81.437       104.781
 
  2008       51.890   53.161   91.777  106.062  157.650  112.728
            100.598  130.335  106.940  107.433  140.983   57.664       101.435
 
  2009       56.235   48.026   91.099  111.090  154.628  130.803
            112.895  125.605   96.452  118.995   99.805   66.783       101.035
 
  2010       62.408   61.256   94.673  107.316  176.464  203.178
            127.286  121.813   89.429  102.235   84.548   48.413       106.585
 
  2011       30.537   68.264   79.524  147.729  159.942  145.651
            -99.478  141.376   91.689  105.795   47.502   53.086        80.968
 
  2012       47.976   66.838   83.356  133.678  156.633  148.981
            164.280  107.485   86.892  104.307   66.897   50.691       101.501
 
  2013       64.649   78.225   88.473  117.686  111.067  134.333
            133.328   96.049   88.109  117.886   78.991   47.013        96.317
 
  2014       42.658   89.876   97.204  119.338  129.163  144.106
            136.599   88.921   91.183  111.187   81.075   80.511       100.985
 
  2015       62.050  100.605  123.098  118.448  121.803  114.826
            126.457   97.398   94.969  107.496   80.885   44.954        99.416
 
  2016       50.287  104.184  130.992  135.796  107.896  124.994
            106.460  102.388   96.189  109.632   79.736   58.132       100.557
 
  2017       61.465   99.786  181.967  131.845  105.334  115.002
            102.095   99.823   94.037  101.800   92.498   72.360       104.834
 
  2018       72.329   99.014  128.090  108.180  113.146  107.211
             97.316   97.776   89.778  104.174  101.864   66.656        98.795
 
  2019       59.728   75.686  140.316  107.154  114.586   99.978
            100.050   91.138   83.400  110.699  109.387   70.704        96.902
 
  2020       55.782   80.001  173.211  114.712  114.003   98.794
             99.660   94.094   90.757  105.528  107.457   98.886       102.740
 
  2021       89.739   92.760  135.094  107.842  112.048   98.344
            104.874   92.169   77.177  114.050  109.147   88.723       101.830
 
  2022       74.267   84.079  111.722  102.680  114.901  107.158
            103.871   97.049   81.362  107.290  101.845   79.319        97.129
 
  2023       73.537   74.730  111.395  108.604  128.404  110.550
            106.801  102.544   85.653  126.047   97.597   78.311       100.348
 
  2024       74.823   88.869   94.768  107.460  136.722  148.902
            111.274  114.947   81.752  108.415   91.062   73.744       102.728
 
  2025       67.819   84.328   82.588  112.630  123.932  111.591
            134.419  104.492   87.833  111.328   96.264   66.206        98.619
 
  2026       72.120   95.621   75.974  102.467  114.060  129.005
                                                                        98.208
 
  AVGE       64.048   73.436  107.352  114.540  129.285  122.387
            103.003  108.215   92.793  109.075   99.254   71.863

  Table Total-       26907.   Mean-       100.   Std. Dev.-        30.
                              Min -       -99.        Max -       203.

 E 18.A  Final adjustment ratio forecasts
  From  2026.Jul to 2027.Jun
  Observations         12
 -----------------------------------------------------------------------------
               Jan      Feb      Mar      Apr      May      Jun 
               Jul      Aug      Sep      Oct      Nov      Dec         AVGE  
 -----------------------------------------------------------------------------
  2026                                                          
            110.266  110.683   91.646  106.737   95.097   81.537        99.328
 
  2027       80.451   92.066   84.409  102.610  129.528  170.055
                                                                       109.853
 

  QS statistic for seasonality:
  Original Series                                     0.73  (P-Value =     0.6927)
  Original Series (EV adj)                            0.73  (P-Value =     0.6927)
  Residuals                                           0.56  (P-Value =     0.7567)
  Seasonally Adjusted Series                          0.00  (P-Value =     0.9996)
  Seasonally Adjusted Series (EV adj)                 0.00  (P-Value =     1.0000)
  Irregular Series                                    0.00  (P-Value =     1.0000)
  Irregular Series (EV adj)                           0.00  (P-Value =     1.0000)

  QS statistic for seasonality (starting 2018.Jul):
  Original Series                                     0.00  (P-Value =     1.0000)
  Original Series (EV adj)                            0.00  (P-Value =     1.0000)
  Residuals                                           0.00  (P-Value =     1.0000)
  Seasonally Adjusted Series                          0.00  (P-Value =     1.0000)
  Seasonally Adjusted Series (EV adj)                 0.00  (P-Value =     1.0000)
  Irregular Series                                    0.00  (P-Value =     1.0000)
  Irregular Series (EV adj)                           0.00  (P-Value =     1.0000)


 WARNING: Series should not be a candidate for seasonal adjustment
          because the spectrum of the original series (Table A1 or B1)
          has no visually significant seasonal peaks.

          If this is a component series of an indirectly adjusted
          composite series, consider using type = trend or type = summary
          in the x11 spec.
        bps_permits 38540            PAGE  20, SERIES bps_permits_addi
 G 0  10*LOG(SPECTRUM) of the differenced Original Series
      (Table A1 or B1).  Spectrum estimated from 2018.Jul to 2026.Jun.
 ++++++++++I+++++++++++++++++++++++++++++++++++++++++++++++++++++++++++++I
      38.81I                                                            SI     38.81
           I                                            *    *          SI
           I                                            **  **          SI
           I                                            ** ***S        *SI
      36.79I                                            ******S        *SI     36.79
           I                                            ******S*   *   *SI
           I                                            ******S*   ** **SI
           I                                            ******S*  ******SI
      34.77I                                           *******S*T ******SI     34.77
           I                                       *   *******S*T*******SI
           I                                      **   *******S*T*******SI
           I                                      **   *******S*T*******SI
      32.74I                       *              **   *******S*T*******SI     32.74
           I                      **              **S T*******S*T*******SI
           I                      ***   **   *    **S T*******S*T*******SI
           I                *     ***   **   *    **S*T*******S*T*******SI
      30.72I                *     ***   **   **  ***S*T*******S*T*******SI     30.72
           I                **    **** ***  ***  ***S*T*******S*T*******SI
           I                **   ***** ***S ***  ***S*T*******S*T*******SI
           I                **   *********S***** ***S*T*******S*T*******SI
      28.70I                **   *********S*********S*T*******S*T*******SI     28.70
           I                **   *********S*********S*T*******S*T*******SI
           I                **   *********S*********S*T*******S*T*******SI
           I               **** S*********S*********S*T*******S*T*******SI
      26.68I       *       **** S*********S*********S*T*******S*T*******SI     26.68
           I       *       *****S*********S*********S*T*******S*T*******SI
           I       *       *****S*********S*********S*T*******S*T*******SI
           I       *    *  *****S*********S*********S*T*******S*T*******SI
      24.66I      **    ********S*********S*********S*T*******S*T*******SI     24.66
           I      **   *********S*********S*********S*T*******S*T*******SI
           I      ***  *********S*********S*********S*T*******S*T*******SI
           I      ***  *********S*********S*********S*T*******S*T*******SI
      22.64I      ***  *********S*********S*********S*T*******S*T*******SI     22.64
           I      *** S*********S*********S*********S*T*******S*T*******SI
           I     *****S*********S*********S*********S*T*******S*T*******SI
           I     *****S*********S*********S*********S*T*******S*T*******SI
      20.61I     *****S*********S*********S*********S*T*******S*T*******SI     20.61
           I     *****S*********S*********S*********S*T*******S*T*******SI
           I    ******S*********S*********S*********S*T*******S*T*******SI
           I    ******S*********S*********S*********S*T*******S*T*******SI
      18.59I    ******S*********S*********S*********S*T*******S*T*******SI     18.59
           I    ******S*********S*********S*********S*T*******S*T*******SI
           I   *******S*********S*********S*********S*T*******S*T*******SI
           I   *******S*********S*********S*********S*T*******S*T*******SI
      16.57I   *******S*********S*********S*********S*T*******S*T*******SI     16.57
           I   *******S*********S*********S*********S*T*******S*T*******SI
           I   *******S*********S*********S*********S*T*******S*T*******SI
           I   *******S*********S*********S*********S*T*******S*T*******SI
      14.55I  ********S*********S*********S*********S*T*******S*T*******SI     14.55
           I  ********S*********S*********S*********S*T*******S*T*******SI
           I  ********S*********S*********S*********S*T*******S*T*******SI
           I *********S*********S*********S*********S*T*******S*T*******SI
      12.53I**********S*********S*********S*********S*T*******S*T*******SI     12.53
 ++++++++++I+++++++++++++++++++++++++++++++++++++++++++++++++++++++++++++I
            S=SEASONAL FREQUENCIES, T=TRADING DAY FREQUENCIES
        bps_permits 38540            PAGE  21, SERIES bps_permits_addi
 G 1  10*LOG(SPECTRUM) of the differenced seasonally adjusted 
      data (Table E2).  Spectrum estimated from 2018.Jul to 2026.Jun.
 ++++++++++I+++++++++++++++++++++++++++++++++++++++++++++++++++++++++++++I
      30.54I                                             *               I     30.54
           I                                             *               I
           I                                             *               I
           I                                             * *             I
      28.90I                                             * *             I     28.90
           I                                             * *             I
           I                                             * *             I
           I                                             * *     *       I
      27.26I                                             * *     *       I     27.26
           I                                             * *     *       I
           I                                             * *     *       I
           I                                             ***     *       I
      25.62I                                             ***     *       I     25.62
           I       *                            *        ***     **      I
           I       *                            *        ****    **      I
           I       *                            *       *****    **      I
      23.97I       *                            *       *****    ****    I     23.97
           I       *                            *       *****    ****    I
           I       *                *           *       *****    ****    I
           I       *        *       *           *       *****    ****    I
      22.33I       *        *       *       **  *       *****    ****    I     22.33
           I       *        **      *       **  *       *****    ****    I
           I       *        **     **  *    **  *       *****    ****    I
           I       *        **     **  *    **  *       *****    ****    I
      20.69I       *        **     **  *    **  *       *****    *****   I     20.69
           I       *        **     **  *    **  *       *****    *****   I
           I       *        **     **  *    **  **      *****   T*****  SI
           I       *        **     **  *    **  **      *****   T*****  SI
      19.05I      **        **     **  *    **  **      *****   T*******SI     19.05
           I      **        **     ** **    **  **      *****   T*******SI
           I      **        **     *****    ** ***     ******   T*******SI
           I      **        **     *****    ** ***     *******  T*******SI
      17.40I      **        **     *****    ******     *******  T*******SI     17.40
           I    * **        **     *****    ******     *******  T*******SI
           I    *****       **     *****    ******   *T*******  T*******SI
           I    *****       **     ******   ******   *T******* *T*******SI
      15.76I    *****      ***     ******   ******   *T******* *T*******SI     15.76
           I   ******      ***     ******   ******* S*T*******S*T*******SI
           I   ******      ***     ******   ******* S*T*******S*T*******SI
           I   ******      ***    *******   ********S*T*******S*T*******SI
      14.12I   ******    ******   *******  *********S*T*******S*T*******SI     14.12
           I   ******    ******   *******  *********S*T*******S*T*******SI
           I   ******   *******   *******  *********S*T*******S*T*******SI
           I   ******   *******   *******  *********S*T*******S*T*******SI
      12.48I   ******   *******   ******** *********S*T*******S*T*******SI     12.48
           I  *******   *******   ******** *********S*T*******S*T*******SI
           I  ********  *******   ********S*********S*T*******S*T*******SI
           I  ********  ******** *********S*********S*T*******S*T*******SI
      10.83I  ******** ********* *********S*********S*T*******S*T*******SI     10.83
           I  ********S*********S*********S*********S*T*******S*T*******SI
           I  ********S*********S*********S*********S*T*******S*T*******SI
           I *********S*********S*********S*********S*T*******S*T*******SI
       9.19I**********S*********S*********S*********S*T*******S*T*******SI      9.19
 ++++++++++I+++++++++++++++++++++++++++++++++++++++++++++++++++++++++++++I
            S=SEASONAL FREQUENCIES, T=TRADING DAY FREQUENCIES
        bps_permits 38540            PAGE  22, SERIES bps_permits_addi
 G 2  10*LOG(SPECTRUM) of the Modified Irregular (Table E3).  
      Spectrum estimated from 2018.Jul to 2026.Jun.
 ++++++++++I+++++++++++++++++++++++++++++++++++++++++++++++++++++++++++++I
      26.15I                                                             I     26.15
           I                *                                            I
           I                *                                            I
           I                *                                            I
      24.59I                *                                            I     24.59
           I                *                            *               I
           I                *                            * *             I
           I                **                           * *             I
      23.03I                **                           * *             I     23.03
           I                **                           * *             I
           I                **                           * *             I
           I                **                           * *             I
      21.47I                **      *                    * *             I     21.47
           I                **      *           *        * *     *       I
           I                **      *           *        ***     *       I
           I                **     **           *        ***     **      I
      19.91I                **     **       *   *       ****     **      I     19.91
           I                **     **  *    *   *       ****     **      I
           I                **     **  *    *   *       *****    **      I
           I       *        **     **  *    *   *       *****    **      I
      18.35I       *       ***     **  *    **  *       *****    **      I     18.35
           I       *     * ***     **  *    **  *       *****    ***     I
           I       *     * ***     **  *    **  *       *****    ***     I
           I       *    ** ***     **  *    **  *       *****    ****    I
      16.79I       *    ** ****    **  *    **  *       *****    ****    I     16.79
           I       *    *******    **  *    **  *       *****    ****    I
           I       *    *******    ** **    **  **      *****    ****    I
           I       *    *******    *****    **  **      *****    ****    I
      15.23I       **   *******    *****    ** ***      *****    *****   I     15.23
           I       **   *******    *****    ** ***      *****    *****   I
           I   *   **   *******    *****    ** ***      *****   T*****   I
           I   *   **   *******    *****    ** ***      *****   T*****   I
      13.67I   *   **   *******    *****    ******      *****   T******  I     13.67
           I   *   **   ********   ******   ******      *****   T******  I
           I   *   **   ********  *******   ******     *******  T*******SI
           I   *  ***  *********  *******   ******     *******  T*******SI
      12.11I   ** ***  *********  *******   ******     *******  T*******SI     12.11
           I   ** ***  *********  *******   ******     *******  T*******SI
           I   ** ***  *********  *******  ********    *******  T*******SI
           I   ** **** *********S *******  ********   T******* *T*******SI
      10.55I  ******** *********S********  ********  *T*******S*T*******SI     10.55
           I  ********S*********S********  *********S*T*******S*T*******SI
           I  ********S*********S********  *********S*T*******S*T*******SI
           I  ********S*********S********  *********S*T*******S*T*******SI
       8.99I  ********S*********S********* *********S*T*******S*T*******SI      8.99
           I  ********S*********S*********S*********S*T*******S*T*******SI
           I  ********S*********S*********S*********S*T*******S*T*******SI
           I  ********S*********S*********S*********S*T*******S*T*******SI
       7.43I  ********S*********S*********S*********S*T*******S*T*******SI      7.43
           I  ********S*********S*********S*********S*T*******S*T*******SI
           I *********S*********S*********S*********S*T*******S*T*******SI
           I *********S*********S*********S*********S*T*******S*T*******SI
       5.88I**********S*********S*********S*********S*T*******S*T*******SI      5.88
 ++++++++++I+++++++++++++++++++++++++++++++++++++++++++++++++++++++++++++I
            S=SEASONAL FREQUENCIES, T=TRADING DAY FREQUENCIES
        bps_permits 38540            PAGE  23, SERIES bps_permits_addi

  Peak probabilities for Tukey spectrum estimator
  Spectrum estimated from 2018.Jul to 2026.Jun.

                                          S1       S2       S3       S4       S5       S6       TD
                                        ------   ------   ------   ------   ------   ------   ------
  Model Residuals                        0.952*   0.797    0.331    0.397    0.395    0.814    0.592  
  Original Series (Table A1 or B1)       0.608    0.224    0.393    0.553    0.387    0.646    0.531  
  Seasonally adjusted series (E2)        0.282    0.037    0.004    0.462    0.010    0.651    0.045  
  Modified Irregular (E3)                0.479    0.053    0.008    0.374    0.012    0.644    0.041  
  ----------
     ** - Peak Probability > 0.99,
      * - 0.90 < Peak Probability < 0.99


