  Reading input spec file from D:\Programming\Dynamic Paper-dlrhcs_replication\outputs\empirical\unemployment\raw_sa_pilot\x13_work\bps_permits_additive_level_37340_200401_202606.spc

1

               U. S. Department of Commerce, U. S. Census Bureau

              X-13ARIMA-SEATS monthly seasonal adjustment Method,
                          Release Version 1.1 Build 62


           This software application provides an enhanced version of
             Statistics Canada's X-11-ARIMA extension (Dagum, 1980)
                 of the X-11 variant of the Census Method II of
                      Shiskin, Young and Musgrave (1967).

            It also provides an ARIMA model-based method following
       Hillmer and Tiao (1982) and Burman (1980) that is very similar
       to the update of the method of SEATS (Gomez and Maravall, 1996)
                produced at the Bank of Spain by G. Caporello and
               A. Maravall for TSW (Caporello and Maravall, 2004).
          The present application includes additional enhancements.

         X-13ARIMA-SEATS includes an automatic ARIMA model selection procedure
          based largely on the procedure of Gomez and Maravall (1998)
            as implemented in TRAMO (1996) and subsequent revisions.

              Primary Programmers: Brian Monsell, Mark Otto and,
                 for the ARIMA model-based signal extraction,
                      Gianluca Caporello and Victor Gomez


     Series Title- bps_permits 37340
     Series Name- bps_permits_addi
     Jul 29, 2026  08.32.29 

        -Period covered-  1st month,2004 to  6th month,2026
        -Type of run - additive seasonal adjustment

        -Sigma limits for graduating extreme values are  1.5 and  2.5 .
        -3x3 moving average used in section 1 of each iteration, 
         3x5 moving average in section 2 of iterations B and C,
         moving average for final seasonal factors chosen by Global MSR.
        -Holiday adjustment factors applied directly to the final seasonally adjusted series
        -Spectral plots generated for selected series
        -Spectral plots generated for series starting in 2018.Jul

 FILE SAVE REQUESTS (* indicates file exists and will be overwritten)
  D:\Programming\Dynamic Paper-dlrhcs_replication\outputs\empirical\unemployment\raw_sa_pilot\x13_work\bps_permits_additive_level_37340_200401_202606.d10  final seasonal factors
  D:\Programming\Dynamic Paper-dlrhcs_replication\outputs\empirical\unemployment\raw_sa_pilot\x13_work\bps_permits_additive_level_37340_200401_202606.d11  final seasonally adjusted data
  D:\Programming\Dynamic Paper-dlrhcs_replication\outputs\empirical\unemployment\raw_sa_pilot\x13_work\bps_permits_additive_level_37340_200401_202606.out  program output file
  D:\Programming\Dynamic Paper-dlrhcs_replication\outputs\empirical\unemployment\raw_sa_pilot\x13_work\bps_permits_additive_level_37340_200401_202606.err  program error file
        bps_permits 37340            PAGE   1, SERIES bps_permits_addi

     Contents of spc file D:\Programming\Dynamic Paper-dlrhcs_replication\outputs\empirical\unemployment\raw_sa_pilot\x13_work\bps_permits_additive_level_37340_200401_202606.spc

 Line #
 ------
      1: series {
      2:   title = "bps_permits 37340"
      3:   start = 2004.1
      4:   period = 12
      5:   data = (
      6: 855
      7: 526
      8: 586
      9: 525
     10: 1024
     11: 650
     12: 713
     13: 636
     14: 581
     15: 826
     16: 481
     17: 492
     18: 500
     19: 440
     20: 657
     21: 585
     22: 683
     23: 1043
     24: 828
     25: 745
     26: 656
     27: 660
     28: 600
     29: 579
     30: 696
     31: 771
     32: 486
     33: 610
     34: 404
     35: 389
     36: 399
     37: 252
     38: 378
     39: 505
     40: 315
     41: 296
     42: 294
     43: 170
     44: 271
     45: 201
     46: 178
     47: 258
     48: 355
     49: 360
     50: 181
     51: 182
     52: 160
     53: 300
     54: 99
     55: 150
     56: 99
     57: 179
     58: 133
     59: 288
     60: 151
     61: 127
     62: 118
     63: 88
     64: 67
     65: 172
     66: 114
     67: 75
     68: 46
     69: 59
     70: 62
     71: 78
     72: 96
     73: 100
     74: 77
     75: 92
     76: 82
     77: 129
     78: 97
     79: 117
     80: 130
     81: 79
     82: 88
     83: 85
     84: 80
     85: 165
     86: 63
     87: 52
     88: 141
     89: 70
     90: 87
     91: 61
     92: 87
     93: 99
     94: 69
     95: 87
     96: 76
     97: 92
     98: 81
     99: 62
    100: 49
    101: 57
    102: 60
    103: 65
    104: 82
    105: 74
    106: 106
    107: 99
    108: 119
    109: 139
    110: 95
    111: 142
    112: 88
    113: 76
    114: 114
    115: 120
    116: 136
    117: 112
    118: 121
    119: 93
    120: 141
    121: 130
    122: 97
    123: 125
    124: 100
    125: 75
    126: 101
    127: 90
    128: 115
    129: 106
    130: 116
    131: 88
    132: 124
    133: 128
    134: 113
    135: 107
    136: 91
    137: 123
    138: 175
    139: 83
    140: 111
    141: 67
    142: 430
    143: 141
    144: 130
    145: 64
    146: 61
    147: 95
    148: 105
    149: 110
    150: 106
    151: 109
    152: 166
    153: 142
    154: 130
    155: 147
    156: 153
    157: 191
    158: 147
    159: 117
    160: 127
    161: 689
    162: 130
    163: 116
    164: 141
    165: 150
    166: 219
    167: 183
    168: 167
    169: 347
    170: 191
    171: 275
    172: 171
    173: 183
    174: 187
    175: 216
    176: 190
    177: 204
    178: 168
    179: 214
    180: 175
    181: 538
    182: 160
    183: 173
    184: 159
    185: 165
    186: 186
    187: 146
    188: 111
    189: 1150
    190: 489
    191: 176
    192: 201
    193: 255
    194: 221
    195: 335
    196: 275
    197: 321
    198: 245
    199: 216
    200: 210
    201: 426
    202: 207
    203: 431
    204: 231
    205: 237
    206: 470
    207: 363
    208: 632
    209: 362
    210: 230
    211: 256
    212: 350
    213: 322
    214: 321
    215: 489
    216: 349
    217: 707
    218: 407
    219: 362
    220: 758
    221: 332
    222: 445
    223: 353
    224: 370
    225: 402
    226: 373
    227: 515
    228: 465
    229: 450
    230: 309
    231: 582
    232: 312
    233: 363
    234: 368
    235: 1067
    236: 582
    237: 642
    238: 494
    239: 539
    240: 473
    241: 438
    242: 442
    243: 361
    244: 294
    245: 741
    246: 484
    247: 240
    248: 319
    249: 364
    250: 333
    251: 382
    252: 348
    253: 299
    254: 389
    255: 700
    256: 410
    257: 351
    258: 446
    259: 264
    260: 290
    261: 315
    262: 260
    263: 345
    264: 547
    265: 391
    266: 640
    267: 343
    268: 242
    269: 534
    270: 198
    271: 245
    272: 330
    273: 303
    274: 328
    275: 437
    276:   )
    277: }
    278: transform { function = none }
    279: regression { aictest = (td easter) }
    280: automdl {}
    281: x11 { mode = add save = (d10 d11) }
        bps_permits 37340            PAGE   2, SERIES bps_permits_addi

 A 1  Time series data (for the span analyzed)
  From  2004.Jan to 2026.Jun
  Observations        270
 -----------------------------------------------------------------------------
               Jan      Feb      Mar      Apr      May      Jun 
               Jul      Aug      Sep      Oct      Nov      Dec        TOTAL  
 -----------------------------------------------------------------------------
  2004         855.     526.     586.     525.    1024.     650.
               713.     636.     581.     826.     481.     492.         7895.
 
  2005         500.     440.     657.     585.     683.    1043.
               828.     745.     656.     660.     600.     579.         7976.
 
  2006         696.     771.     486.     610.     404.     389.
               399.     252.     378.     505.     315.     296.         5501.
 
  2007         294.     170.     271.     201.     178.     258.
               355.     360.     181.     182.     160.     300.         2910.
 
  2008          99.     150.      99.     179.     133.     288.
               151.     127.     118.      88.      67.     172.         1671.
 
  2009         114.      75.      46.      59.      62.      78.
                96.     100.      77.      92.      82.     129.         1010.
 
  2010          97.     117.     130.      79.      88.      85.
                80.     165.      63.      52.     141.      70.         1167.
 
  2011          87.      61.      87.      99.      69.      87.
                76.      92.      81.      62.      49.      57.          907.
 
  2012          60.      65.      82.      74.     106.      99.
               119.     139.      95.     142.      88.      76.         1145.
 
  2013         114.     120.     136.     112.     121.      93.
               141.     130.      97.     125.     100.      75.         1364.
 
  2014         101.      90.     115.     106.     116.      88.
               124.     128.     113.     107.      91.     123.         1302.
 
  2015         175.      83.     111.      67.     430.     141.
               130.      64.      61.      95.     105.     110.         1572.
 
  2016         106.     109.     166.     142.     130.     147.
               153.     191.     147.     117.     127.     689.         2224.
 
  2017         130.     116.     141.     150.     219.     183.
               167.     347.     191.     275.     171.     183.         2273.
 
  2018         187.     216.     190.     204.     168.     214.
               175.     538.     160.     173.     159.     165.         2549.
 
  2019         186.     146.     111.    1150.     489.     176.
               201.     255.     221.     335.     275.     321.         3866.
 
  2020         245.     216.     210.     426.     207.     431.
               231.     237.     470.     363.     632.     362.         4030.
 
  2021         230.     256.     350.     322.     321.     489.
               349.     707.     407.     362.     758.     332.         4883.
 
  2022         445.     353.     370.     402.     373.     515.
               465.     450.     309.     582.     312.     363.         4939.
 
  2023         368.    1067.     582.     642.     494.     539.
               473.     438.     442.     361.     294.     741.         6441.
 
  2024         484.     240.     319.     364.     333.     382.
               348.     299.     389.     700.     410.     351.         4619.
 
  2025         446.     264.     290.     315.     260.     345.
               547.     391.     640.     343.     242.     534.         4617.
 
  2026         198.     245.     330.     303.     328.     437.
                                                                         1841.
 
  AVGE         270.     256.     255.     309.     293.     311.
               287.     309.     267.     298.     257.     296.

  Table Total-       76702.   Mean-       284.   Std. Dev.-       215.
                              Min -        46.        Max -      1150.
        bps_permits 37340            PAGE   3, SERIES bps_permits_addi
                        Automatic ARIMA Model Selection

                    Procedure based closely on TRAMO method 
                         of Gomez and Maravall (2000)
              "Automatic Modeling Methods for Univariate Series",
                            A Course in Time Series
                  (Edited by D. Pena, G. C. Tiao, R. S. Tsay),
                         New York : J. Wiley and Sons


     Maximum order for regular ARMA parameters :   2
     Maximum order for seasonal ARMA parameters :   1
     Maximum order for regular differencing :   2
     Maximum order for seasonal differencing :   1

   Results of Unit Root Test for identifying orders of differencing:
     Regular difference order :   1
     Seasonal difference order :   0

     Mean is significant.

  Automatic model choice : (0 1 1)
     Deleted constant regressor(s) due to insignificant t-value.


  Final Checks for Identified Model


  Checking for Unit Roots.
   No unit roots found.

  Checking for nonseasonal overdifferencing.
   Nonseasonal MA not within  0.001 of 1.0 - model passes test.

  Checking for insignificant ARMA coefficients.
   Due to insignificant ARMA coefficients, model changed to
   ( 3, 1, 1) ( 0, 0, 0)

  Checking for insignificant ARMA coefficients.
   Due to insignificant ARMA coefficients, model changed to
   ( 2, 1, 1) ( 0, 0, 0)

  Checking for insignificant ARMA coefficients.
   Due to insignificant ARMA coefficients, model changed to
   ( 1, 1, 1) ( 0, 0, 0)

  Checking for insignificant ARMA coefficients.
   Due to insignificant ARMA coefficients, model changed to
   ( 0, 1, 1) ( 0, 0, 0)

  Checking for insignificant ARMA coefficients.

  Final automatic model choice : (0 1 1)
   End of automatic model selection procedure.

 Average absolute percentage error in within-sample forecasts:
  Last year:  26.91      Last-1 year:  23.38     Last-2 year:  50.76
  Last three years:   33.68

 Estimation converged in    6 ARMA iterations,   23 function evaluations.

 Regression Model
 ------------------------------------------------------------------------------
                             Parameter        Standard
 Variable                     Estimate           Error      t-value
 ------------------------------------------------------------------------------
 Easter[15]                    96.7509        43.47407         2.23
 ------------------------------------------------------------------------------


 ARIMA Model:  (0 1 1)
   Nonseasonal differences: 1
                                              Standard
 Parameter                    Estimate          Errors
 -----------------------------------------------------
 Nonseasonal MA                                    
   Lag  1                       0.7873         0.03767

 Variance                       0.17211E+05
 SE of Var                      0.14840E+04
 -----------------------------------------------------

 Likelihood Statistics
 ------------------------------------------------------------------
 Number of observations (nobs)                                  270
 Effective number of observations (nefobs)                      269
 Number of parameters estimated (np)                              3
 Log likelihood (L)                                      -1693.9962
 AIC                                                      3393.9924 
 AICC (F-corrected-AIC)                                   3394.0830 
 Hannan Quinn                                             3398.3234 
 BIC                                                      3404.7766 
 ------------------------------------------------------------------

 QS Statistic for regARIMA Model Residuals (full series):             0.00
                                                       (P-Value =     1.0000)

 QS Statistic for regARIMA Model Residuals (starting 2018.Jul):       0.00
                                                       (P-Value =     1.0000)
      10*LOG(SPECTRUM) of the regARIMA model residuals
      Spectrum estimated from 2018.Jul to 2026.Jun.
 ++++++++++I+++++++++++++++++++++++++++++++++++++++++++++++++++++++++++++I
      51.67I             *                                               I     51.67
           I             *                                               I
           I             *                                               I
           I             *                                               I
      50.62I             *                                               I     50.62
           I             *                                               I
           I             *                                               I
           I             *                                               I
      49.56I             *                                               I     49.56
           I             *                                               I
           I             *                                               I
           I             *                                               I
      48.51I             *                             *                 I     48.51
           I             *           *                 *                 I
           I             *           **                *                 I
           I             *           **                *                 I
      47.45I             *           **                *                 I     47.45
           I            **           **               T*                 I
           I            **           **    *          T*                 I
           I            **    *      **    *          T*                 I
      46.40I            **    *      **    *          T*                 I     46.40
           I            **    *      **    *  *       T*               * I
           I            **    *      **    *  **      T**              *SI
           I            **    *      **    ** **      T**        *    **SI
      45.35I        *   **   **      **    ** **      T**        *    **SI     45.35
           I        *   **   **      **    *****     *T**        *    **SI
           I        *   **   **      **   S*****     *T**       T*    **SI
           I        *   **   ***     **   S*****     *T**       T*    **SI
      44.29I       **   ***  ***     **   S*****     *T**       T*    **SI     44.29
           I       **   ***  ***     **   S*****     *T**    *  T*    **SI
           I       **   ***  ***    ***   S*****     *T**   **  T*    **SI
           I       ***  ***  ***    ****  S*****    S*T**   ** *T*   ***SI
      43.24I       ***  ***  ***S   ****  S******   S*T***  **S*T**  ***SI     43.24
           I       ***  ***  ***S   ****  S******   S*T***  **S*T**  ***SI
           I      ****  ***  ***S*  ****  S******   S*T***  **S*T**  ***SI
           I      **** **** ****S*  ****  S******   S*T*** ***S*T**  ***SI
      42.19I      **** **** ****S******* *S******   S*T*** ***S*T**  ***SI     42.19
           I      **** **** ****S******* *S******   S*T*******S*T*******SI
           I      ****S*********S*********S******  *S*T*******S*T*******SI
           I      ****S*********S*********S******  *S*T*******S*T*******SI
      41.13I     *****S*********S*********S******* *S*T*******S*T*******SI     41.13
           I     *****S*********S*********S******* *S*T*******S*T*******SI
           I*    *****S*********S*********S*********S*T*******S*T*******SI
           I*    *****S*********S*********S*********S*T*******S*T*******SI
      40.08I*    *****S*********S*********S*********S*T*******S*T*******SI     40.08
           I*    *****S*********S*********S*********S*T*******S*T*******SI
           I*    *****S*********S*********S*********S*T*******S*T*******SI
           I**  ******S*********S*********S*********S*T*******S*T*******SI
      39.03I**  ******S*********S*********S*********S*T*******S*T*******SI     39.03
           I**  ******S*********S*********S*********S*T*******S*T*******SI
           I**  ******S*********S*********S*********S*T*******S*T*******SI
           I**  ******S*********S*********S*********S*T*******S*T*******SI
      37.97I**********S*********S*********S*********S*T*******S*T*******SI     37.97
 ++++++++++I+++++++++++++++++++++++++++++++++++++++++++++++++++++++++++++I
            S=SEASONAL FREQUENCIES, T=TRADING DAY FREQUENCIES


 FORECASTING
  Origin  2026.Jun
  Number        12

  Forecasts and Standard Errors
   ------------------------------
                         Standard
       Date   Forecast      Error
   ------------------------------
   2026.Jul     353.84    131.190
   2026.Aug     353.84    134.124
   2026.Sep     353.84    136.994
   2026.Oct     353.84    139.806
   2026.Nov     353.84    142.562
   2026.Dec     353.84    145.266
   2027.Jan     353.84    147.921
   2027.Feb     353.84    150.528
   2027.Mar     402.47    154.680
   2027.Apr     305.20    157.104
   2027.May     353.84    158.094
   2027.Jun     353.84    160.536
   ------------------------------

  Confidence intervals with coverage probability ( 0.95000
   ---------------------------------------
       Date      Lower  Forecast     Upper
   ---------------------------------------
   2026.Jul      96.71    353.84    610.96
   2026.Aug      90.96    353.84    616.71
   2026.Sep      85.33    353.84    622.34
   2026.Oct      79.82    353.84    627.85
   2026.Nov      74.42    353.84    633.25
   2026.Dec      69.12    353.84    638.55
   2027.Jan      63.92    353.84    643.75
   2027.Feb      58.81    353.84    648.87
   2027.Mar      99.30    402.47    705.64
   2027.Apr      -2.72    305.20    613.12
   2027.May      43.98    353.84    663.69
   2027.Jun      39.19    353.84    668.48
   ---------------------------------------
        bps_permits 37340            PAGE   4, SERIES bps_permits_addi

 A 7  RegARIMA holiday component
  From  2004.Jan to 2026.Jun
  Observations        270
 -----------------------------------------------------------------------------
               Jan      Feb      Mar      Apr      May      Jun 
               Jul      Aug      Sep      Oct      Nov      Dec         AVGE  
 -----------------------------------------------------------------------------
  2004           0.       0.     -16.      16.       0.       0.
                 0.       0.       0.       0.       0.       0.           -0.
 
  2005           0.       0.      49.     -49.       0.       0.
                 0.       0.       0.       0.       0.       0.            0.
 
  2006           0.       0.     -48.      48.       0.       0.
                 0.       0.       0.       0.       0.       0.            0.
 
  2007           0.       0.       3.      -3.       0.       0.
                 0.       0.       0.       0.       0.       0.            0.
 
  2008           0.       0.      49.     -49.       0.       0.
                 0.       0.       0.       0.       0.       0.            0.
 
  2009           0.       0.     -22.      22.       0.       0.
                 0.       0.       0.       0.       0.       0.           -0.
 
  2010           0.       0.      29.     -29.       0.       0.
                 0.       0.       0.       0.       0.       0.            0.
 
  2011           0.       0.     -48.      48.       0.       0.
                 0.       0.       0.       0.       0.       0.            0.
 
  2012           0.       0.       3.      -3.       0.       0.
                 0.       0.       0.       0.       0.       0.            0.
 
  2013           0.       0.      49.     -49.       0.       0.
                 0.       0.       0.       0.       0.       0.            0.
 
  2014           0.       0.     -48.      48.       0.       0.
                 0.       0.       0.       0.       0.       0.            0.
 
  2015           0.       0.      23.     -23.       0.       0.
                 0.       0.       0.       0.       0.       0.           -0.
 
  2016           0.       0.      49.     -49.       0.       0.
                 0.       0.       0.       0.       0.       0.            0.
 
  2017           0.       0.     -48.      48.       0.       0.
                 0.       0.       0.       0.       0.       0.            0.
 
  2018           0.       0.      49.     -49.       0.       0.
                 0.       0.       0.       0.       0.       0.            0.
 
  2019           0.       0.     -48.      48.       0.       0.
                 0.       0.       0.       0.       0.       0.            0.
 
  2020           0.       0.     -22.      22.       0.       0.
                 0.       0.       0.       0.       0.       0.           -0.
 
  2021           0.       0.      29.     -29.       0.       0.
                 0.       0.       0.       0.       0.       0.            0.
 
  2022           0.       0.     -48.      48.       0.       0.
                 0.       0.       0.       0.       0.       0.            0.
 
  2023           0.       0.      -3.       3.       0.       0.
                 0.       0.       0.       0.       0.       0.            0.
 
  2024           0.       0.      49.     -49.       0.       0.
                 0.       0.       0.       0.       0.       0.            0.
 
  2025           0.       0.     -48.      48.       0.       0.
                 0.       0.       0.       0.       0.       0.            0.
 
  2026           0.       0.      23.     -23.       0.       0.
                                                                           -0.
 
  AVGE           0.       0.       0.      -0.       0.       0.
                 0.       0.       0.       0.       0.       0.

  Table Total-          -0.   Mean-        -0.   Std. Dev.-        16.
                              Min -       -49.        Max -        49.

 A 7.A  RegARIMA holiday component forecasts
  From  2026.Jul to 2027.Jun
  Observations         12
 -----------------------------------------------------------------------------
               Jan      Feb      Mar      Apr      May      Jun 
               Jul      Aug      Sep      Oct      Nov      Dec         AVGE  
 -----------------------------------------------------------------------------
  2026                                                          
                 0.       0.       0.       0.       0.       0.            0.
 
  2027           0.       0.      49.     -49.       0.       0.
                                                                            0.
 
        bps_permits 37340            PAGE   5, SERIES bps_permits_addi
  
 B 1  Original series (prior adjusted)
      (adjusted for regARIMA factors)
  From  2004.Jan to 2026.Jun
  Observations        270
 -----------------------------------------------------------------------------
               Jan      Feb      Mar      Apr      May      Jun 
               Jul      Aug      Sep      Oct      Nov      Dec        TOTAL  
 -----------------------------------------------------------------------------
  2004         855.     526.     602.     509.    1024.     650.
               713.     636.     581.     826.     481.     492.         7895.
 
  2005         500.     440.     608.     634.     683.    1043.
               828.     745.     656.     660.     600.     579.         7976.
 
  2006         696.     771.     534.     562.     404.     389.
               399.     252.     378.     505.     315.     296.         5501.
 
  2007         294.     170.     268.     204.     178.     258.
               355.     360.     181.     182.     160.     300.         2910.
 
  2008          99.     150.      50.     228.     133.     288.
               151.     127.     118.      88.      67.     172.         1671.
 
  2009         114.      75.      68.      37.      62.      78.
                96.     100.      77.      92.      82.     129.         1010.
 
  2010          97.     117.     101.     108.      88.      85.
                80.     165.      63.      52.     141.      70.         1167.
 
  2011          87.      61.     135.      51.      69.      87.
                76.      92.      81.      62.      49.      57.          907.
 
  2012          60.      65.      79.      77.     106.      99.
               119.     139.      95.     142.      88.      76.         1145.
 
  2013         114.     120.      87.     161.     121.      93.
               141.     130.      97.     125.     100.      75.         1364.
 
  2014         101.      90.     163.      58.     116.      88.
               124.     128.     113.     107.      91.     123.         1302.
 
  2015         175.      83.      88.      90.     430.     141.
               130.      64.      61.      95.     105.     110.         1572.
 
  2016         106.     109.     117.     191.     130.     147.
               153.     191.     147.     117.     127.     689.         2224.
 
  2017         130.     116.     189.     102.     219.     183.
               167.     347.     191.     275.     171.     183.         2273.
 
  2018         187.     216.     141.     253.     168.     214.
               175.     538.     160.     173.     159.     165.         2549.
 
  2019         186.     146.     159.    1102.     489.     176.
               201.     255.     221.     335.     275.     321.         3866.
 
  2020         245.     216.     232.     404.     207.     431.
               231.     237.     470.     363.     632.     362.         4030.
 
  2021         230.     256.     321.     351.     321.     489.
               349.     707.     407.     362.     758.     332.         4883.
 
  2022         445.     353.     418.     354.     373.     515.
               465.     450.     309.     582.     312.     363.         4939.
 
  2023         368.    1067.     585.     639.     494.     539.
               473.     438.     442.     361.     294.     741.         6441.
 
  2024         484.     240.     270.     413.     333.     382.
               348.     299.     389.     700.     410.     351.         4619.
 
  2025         446.     264.     338.     267.     260.     345.
               547.     391.     640.     343.     242.     534.         4617.
 
  2026         198.     245.     307.     326.     328.     437.
                                                                         1841.
 
  AVGE         270.     256.     255.     310.     293.     311.
               287.     309.     267.     298.     257.     296.

  Table Total-       76702.   Mean-       284.   Std. Dev.-       214.
                              Min -        37.        Max -      1102.

 B 1.A  Forecasts of (prior adjusted) original series
  From  2026.Jul to 2027.Jun
  Observations         12
 -----------------------------------------------------------------------------
               Jan      Feb      Mar      Apr      May      Jun 
               Jul      Aug      Sep      Oct      Nov      Dec        TOTAL  
 -----------------------------------------------------------------------------
  2026                                                          
               354.     354.     354.     354.     354.     354.         2123.
 
  2027         354.     354.     354.     354.     354.     354.
                                                                         2123.
 
        bps_permits 37340            PAGE   6, SERIES bps_permits_addi

 C 17  Final weights for irregular component
  From  2004.Jan to 2026.Jun
  Observations        270
  Lower sigma limit    1.50
  Upper sigma limit    2.50
 -----------------------------------------------------------------------------
               Jan      Feb      Mar      Apr      May      Jun 
               Jul      Aug      Sep      Oct      Nov      Dec         S.D.  
 -----------------------------------------------------------------------------
  2004          29.     100.     100.      23.       0.     100.
               100.     100.     100.       0.     100.     100.         7024.
 
  2005         100.     100.     100.     100.     100.       0.
               100.     100.     100.     100.     100.     100.         7024.
 
  2006         100.       0.     100.     100.     100.     100.
               100.      76.     100.      20.     100.     100.         7024.
 
  2007         100.     100.     100.     100.     100.     100.
               100.      11.     100.     100.     100.      68.         5576.
 
  2008         100.     100.      40.     100.     100.      74.
               100.     100.     100.     100.     100.     100.         5280.
 
  2009         100.     100.     100.     100.     100.     100.
               100.     100.     100.     100.     100.     100.         4077.
 
  2010         100.     100.     100.     100.     100.     100.
               100.      96.     100.     100.       0.     100.         3053.
 
  2011         100.     100.       0.     100.     100.     100.
               100.     100.     100.     100.     100.     100.         1970.
 
  2012         100.     100.     100.     100.     100.     100.
               100.     100.     100.     100.     100.     100.         2170.
 
  2013         100.     100.     100.       3.     100.     100.
               100.     100.     100.     100.     100.     100.         2396.
 
  2014         100.     100.       0.     100.     100.     100.
               100.     100.     100.     100.     100.     100.         2882.
 
  2015         100.     100.     100.     100.       0.     100.
               100.       0.     100.     100.     100.     100.         3577.
 
  2016         100.     100.     100.     100.     100.     100.
               100.     100.     100.      98.     100.       0.         5612.
 
  2017         100.     100.     100.      93.     100.     100.
               100.     100.     100.     100.     100.     100.         7417.
 
  2018         100.     100.     100.     100.     100.     100.
               100.       0.     100.     100.     100.     100.         8857.
 
  2019         100.     100.     100.       0.     100.      28.
               100.     100.     100.     100.     100.     100.        10526.
 
  2020         100.     100.     100.     100.     100.     100.
               100.     100.     100.     100.       0.     100.        10862.
 
  2021         100.     100.     100.     100.     100.     100.
               100.      11.     100.     100.       0.     100.        10515.
 
  2022         100.     100.     100.     100.     100.     100.
               100.     100.     100.     100.     100.     100.         9658.
 
  2023          91.       0.     100.     100.     100.     100.
               100.     100.     100.     100.     100.       0.         9376.
 
  2024         100.     100.     100.     100.     100.     100.
               100.     100.     100.       0.     100.     100.         7551.
 
  2025         100.     100.     100.     100.     100.     100.
                66.     100.       0.     100.     100.      43.         7259.
 
  2026          41.     100.     100.     100.     100.     100.
                                                                         7259.
 
        bps_permits 37340            PAGE   7, SERIES bps_permits_addi

 D 8  Final unmodified SI ratios
  From  2004.Jan to 2026.Jun
  Observations        270
 -----------------------------------------------------------------------------
               Jan      Feb      Mar      Apr      May      Jun 
               Jul      Aug      Sep      Oct      Nov      Dec         AVGE  
 -----------------------------------------------------------------------------
  2004         192.    -129.     -40.    -122.     404.      41.
               116.      52.      10.     265.     -76.     -67.           54.
 
  2005         -69.    -144.       5.       8.      36.     377.
               147.      56.     -33.     -21.     -63.     -58.           20.
 
  2006          92.     204.       6.      73.     -47.     -27.
                14.    -106.      43.     188.      13.       7.           38.
 
  2007          16.     -97.      11.     -42.     -59.      30.
               135.     147.     -26.     -18.     -34.     112.           15.
 
  2008         -83.     -27.    -121.      61.     -28.     132.
                 2.     -14.     -13.     -34.     -45.      70.           -8.
 
  2009          21.     -11.     -12.     -40.     -12.       4.
                20.      20.      -9.      -0.     -17.      25.           -1.
 
  2010         -10.      10.      -5.       5.     -11.     -10.
               -10.      79.     -19.     -26.      66.      -3.            5.
 
  2011          15.     -10.      64.     -19.      -0.      18.
                 8.      25.      14.      -5.     -19.     -13.            7.
 
  2012         -13.     -12.      -4.     -10.      13.       2.
                17.      34.     -13.      33.     -23.     -35.           -1.
 
  2013           3.       9.     -23.      50.      11.     -17.
                32.      22.      -9.      20.      -2.     -25.            6.
 
  2014           3.      -6.      69.     -36.      21.      -9.
                23.      23.       4.      -6.     -26.       3.            5.
 
  2015          53.     -39.     -33.     -29.     313.      28.
                19.     -45.     -48.     -15.      -8.      -8.           16.
 
  2016         -16.     -18.     -15.      54.     -10.       4.
                 9.      45.       0.     -31.     -22.     539.           45.
 
  2017         -24.     -43.      24.     -71.      38.      -7.
               -33.     138.     -25.      55.     -50.     -36.           -3.
 
  2018         -27.       9.     -58.      61.     -16.      36.
                 2.     368.     -12.      -6.     -32.     -41.           24.
 
  2019         -36.     -93.     -95.     835.     212.    -108.
               -86.     -33.     -67.      49.      -9.      39.           51.
 
  2020         -36.     -67.     -54.     113.     -88.     130.
               -76.     -76.     150.      38.     304.      31.           31.
 
  2021        -104.     -81.     -20.       6.     -32.     125.
               -26.     321.      12.     -40.     353.     -74.           37.
 
  2022          39.     -52.      14.     -50.     -30.     112.
                60.      40.    -109.     153.    -132.     -97.           -4.
 
  2023        -107.     580.      90.     141.      -1.      54.
                 3.     -12.      14.     -46.     -93.     370.           83.
 
  2024         126.    -109.     -72.      73.      -6.      40.
                 1.     -54.      31.     339.      48.     -11.           34.
 
  2025          87.     -92.     -15.     -84.     -88.      -1.
               202.      47.     296.      -1.    -101.     192.           37.
 
  2026        -142.     -94.     -31.     -13.     -11.      96.
                                                                          -32.
 
  AVGE          -1.     -14.     -14.      42.      26.      46.
                26.      49.       9.      41.       1.      42.

  Table Total-        5669.   Mean-        21.   Std. Dev.-       116.
                              Min -      -144.        Max -       835.
        bps_permits 37340            PAGE   8, SERIES bps_permits_addi

 D 8.B  Final unmodified SI ratios, with labels for outliers and extreme values
  From  2004.Jan to 2026.Jun
  Observations        270
 ---------------------------------------------------------------------
               Jan       Feb       Mar       Apr       May       Jun  
               Jul       Aug       Sep       Oct       Nov       Dec  
 ---------------------------------------------------------------------
  2004        192.*    -129.      -40.     -122.*     404.*      41.  
              116.       52.       10.      265.*     -76.      -67.  
 
  2005        -69.     -144.        5.        8.       36.      377.* 
              147.       56.      -33.      -21.      -63.      -58.  
 
  2006         92.      204.*       6.       73.      -47.      -27.  
               14.     -106.*      43.      188.*      13.        7.  
 
  2007         16.      -97.       11.      -42.      -59.       30.  
              135.      147.*     -26.      -18.      -34.      112.* 
 
  2008        -83.      -27.     -121.*      61.      -28.      132.* 
                2.      -14.      -13.      -34.      -45.       70.  
 
  2009         21.      -11.      -12.      -40.      -12.        4.  
               20.       20.       -9.       -0.      -17.       25.  
 
  2010        -10.       10.       -5.        5.      -11.      -10.  
              -10.       79.*     -19.      -26.       66.*      -3.  
 
  2011         15.      -10.       64.*     -19.       -0.       18.  
                8.       25.       14.       -5.      -19.      -13.  
 
  2012        -13.      -12.       -4.      -10.       13.        2.  
               17.       34.      -13.       33.      -23.      -35.  
 
  2013          3.        9.      -23.       50.*      11.      -17.  
               32.       22.       -9.       20.       -2.      -25.  
 
  2014          3.       -6.       69.*     -36.       21.       -9.  
               23.       23.        4.       -6.      -26.        3.  
 
  2015         53.      -39.      -33.      -29.      313.*      28.  
               19.      -45.*     -48.      -15.       -8.       -8.  
 
  2016        -16.      -18.      -15.       54.      -10.        4.  
                9.       45.        0.      -31.*     -22.      539.* 
 
  2017        -24.      -43.       24.      -71.*      38.       -7.  
              -33.      138.      -25.       55.      -50.      -36.  
 
  2018        -27.        9.      -58.       61.      -16.       36.  
                2.      368.*     -12.       -6.      -32.      -41.  
 
  2019        -36.      -93.      -95.      835.*     212.     -108.* 
              -86.      -33.      -67.       49.       -9.       39.  
 
  2020        -36.      -67.      -54.      113.      -88.      130.  
              -76.      -76.      150.       38.      304.*      31.  
 
  2021       -104.      -81.      -20.        6.      -32.      125.  
              -26.      321.*      12.      -40.      353.*     -74.  
 
  2022         39.      -52.       14.      -50.      -30.      112.  
               60.       40.     -109.      153.     -132.      -97.  
 
  2023       -107.*     580.*      90.      141.       -1.       54.  
                3.      -12.       14.      -46.      -93.      370.* 
 
  2024        126.     -109.      -72.       73.       -6.       40.  
                1.      -54.       31.      339.*      48.      -11.  
 
  2025         87.      -92.      -15.      -84.      -88.       -1.  
              202.*      47.      296.*      -1.     -101.      192.* 
 
  2026       -142.*     -94.      -31.      -13.      -11.       96.  
                                                                      
 

  Key to symbols:
    *  : extreme value as determined by X-11 extreme value procedure
 
        bps_permits 37340            PAGE   9, SERIES bps_permits_addi

 D 9  Final replacement values for SI ratios
  From  2004.Jan to 2026.Jun
  Observations        270
 ---------------------------------------------------------------
               Jan      Feb      Mar      Apr      May      Jun 
               Jul      Aug      Sep      Oct      Nov      Dec 
 ---------------------------------------------------------------
  2004          81. ******** ********       1.       3. ********
           ******** ******** ********      50. ******** ********
 
  2005     ******** ******** ******** ******** ********      59.
           ******** ******** ******** ******** ******** ********
 
  2006     ********     -62. ******** ******** ******** ********
           ********     -76. ********      58. ******** ********
 
  2007     ******** ******** ******** ******** ******** ********
           ********      28. ******** ******** ********      80.
 
  2008     ******** ********     -55. ******** ********     108.
           ******** ******** ******** ******** ******** ********
 
  2009     ******** ******** ******** ******** ******** ********
           ******** ******** ******** ******** ******** ********
 
  2010     ******** ******** ******** ******** ******** ********
           ********      78. ******** ********     -13. ********
 
  2011     ******** ********      -3. ******** ******** ********
           ******** ******** ******** ******** ******** ********
 
  2012     ******** ******** ******** ******** ******** ********
           ******** ******** ******** ******** ******** ********
 
  2013     ******** ******** ********      -7. ******** ********
           ******** ******** ******** ******** ******** ********
 
  2014     ******** ********      -7. ******** ******** ********
           ******** ******** ******** ******** ******** ********
 
  2015     ******** ******** ******** ********      29. ********
           ********      55. ******** ******** ******** ********
 
  2016     ******** ******** ******** ******** ******** ********
           ******** ******** ********     -29. ********      35.
 
  2017     ******** ******** ********     -63. ******** ********
           ******** ******** ******** ******** ******** ********
 
  2018     ******** ******** ******** ******** ******** ********
           ********      66. ******** ******** ******** ********
 
  2019     ******** ******** ********     122. ********      62.
           ******** ******** ******** ******** ******** ********
 
  2020     ******** ******** ******** ******** ******** ********
           ******** ******** ******** ********      -8. ********
 
  2021     ******** ******** ******** ******** ******** ********
           ********      97. ******** ********      -0. ********
 
  2022     ******** ******** ******** ******** ******** ********
           ******** ******** ******** ******** ******** ********
 
  2023         -93.     -27. ******** ******** ******** ********
           ******** ******** ******** ******** ********      -1.
 
  2024     ******** ******** ******** ******** ******** ********
           ******** ******** ********      15. ******** ********
 
  2025     ******** ******** ******** ******** ******** ********
               156. ********      54. ******** ********     107.
 
  2026         -53. ******** ******** ******** ******** ********
                                                                
 

 D 9.A  Moving seasonality ratio
 ---------------------------------------------------------------
               Jan      Feb      Mar      Apr      May      Jun 
 ---------------------------------------------------------------
   I         71.658   32.790   38.291   71.688   55.999   37.734
   S          9.781    9.057    5.673   10.760    7.877    8.197
 RATIO        7.326    3.620    6.750    6.662    7.109    4.604



 ---------------------------------------------------------------
               Jul      Aug      Sep      Oct      Nov      Dec 
 ---------------------------------------------------------------
   I         51.673   59.800   53.819   53.075   39.553   40.749
   S         11.006    8.397    6.469    6.251    5.792    8.352
 RATIO        4.695    7.121    8.319    8.491    6.829    4.879



        bps_permits 37340            PAGE  10, SERIES bps_permits_addi

 D 10  Final seasonal factors
  From  2004.Jan to 2026.Jun
  Observations        270
  Seasonal filter    3 x 5 moving average
 -----------------------------------------------------------------------------
               Jan      Feb      Mar      Apr      May      Jun 
               Jul      Aug      Sep      Oct      Nov      Dec         AVGE  
 -----------------------------------------------------------------------------
  2004          30.    -111.      -8.      16.     -13.      24.
                97.      12.       0.      21.     -42.     -23.            0.
 
  2005          22.    -104.     -10.      16.     -15.      30.
                93.      11.      -2.      15.     -42.     -11.            0.
 
  2006          10.     -89.      -9.      15.     -18.      34.
                83.       8.      -6.       5.     -38.       6.            0.
 
  2007           3.     -65.     -11.      16.     -23.      33.
                60.       6.      -7.      -1.     -30.      22.            0.
 
  2008          -2.     -43.     -10.       7.     -24.      29.
                43.      12.      -9.      -9.     -25.      30.           -0.
 
  2009          -5.     -24.     -13.       2.     -20.      26.
                24.      21.      -8.      -9.     -23.      25.           -0.
 
  2010          -6.     -13.     -13.      -7.     -10.      18.
                18.      31.      -9.      -6.     -22.      10.           -1.
 
  2011          -3.      -5.     -11.     -10.      -1.       7.
                12.      33.      -7.       0.     -18.      -5.           -1.
 
  2012           5.      -6.     -11.     -16.       7.      -0.
                16.      35.      -7.       5.     -15.     -14.           -0.
 
  2013           6.      -9.     -13.     -13.      11.       1.
                18.      35.      -9.       3.     -16.     -12.            0.
 
  2014           7.     -15.     -14.     -14.      15.       2.
                17.      42.     -13.       4.     -18.      -9.            0.
 
  2015           3.     -18.     -16.      -9.      14.       4.
                11.      53.     -14.       3.     -22.      -8.            0.
 
  2016          -3.     -26.     -22.       3.      27.      11.
                -1.      60.     -19.       6.     -25.      -7.            0.
 
  2017         -14.     -33.     -31.      28.      29.      26.
               -17.      50.     -11.      12.     -25.      -2.            1.
 
  2018         -29.     -44.     -38.      45.      33.      46.
               -33.      40.      -3.      17.     -22.      -4.            1.
 
  2019         -36.     -51.     -41.      52.      19.      69.
               -35.      29.       6.      27.     -26.     -13.           -0.
 
  2020         -42.     -59.     -32.      55.      15.      87.
               -31.      20.       2.      29.     -35.     -21.           -1.
 
  2021         -31.     -63.     -21.      58.      -3.      95.
               -19.       7.       4.      31.     -40.     -25.           -1.
 
  2022         -16.     -68.      -8.      47.     -16.      86.
                 2.       7.       5.      23.     -47.     -20.           -0.
 
  2023           7.     -71.      -4.      29.     -30.      73.
                25.       9.       6.      22.     -49.     -15.            0.
 
  2024          16.     -71.      -4.      17.     -27.      53.
                42.       8.       8.      12.     -49.       3.            1.
 
  2025          25.     -71.     -14.       9.     -27.      40.
                46.       1.      18.       7.     -38.      19.            1.
 
  2026          26.     -69.     -21.      -4.     -30.      29.
                                                                          -12.
 
  AVGE          -1.     -49.     -16.      15.      -4.      36.
                21.      24.      -3.      10.     -30.      -3.

  Table Total-         -51.   Mean-        -0.   Std. Dev.-        31.
                              Min -      -111.        Max -        97.

 D 10.A  Final seasonal component forecasts
  From  2026.Jul to 2027.Jun
  Observations         12
 -----------------------------------------------------------------------------
               Jan      Feb      Mar      Apr      May      Jun 
               Jul      Aug      Sep      Oct      Nov      Dec         AVGE  
 -----------------------------------------------------------------------------
  2026                                                          
                49.      -0.      29.       0.     -26.      29.           14.
 
  2027          29.     -70.     -26.     -19.     -32.      28.
                                                                          -15.
 
        bps_permits 37340            PAGE  11, SERIES bps_permits_addi
  
 D 11  Final seasonally adjusted data
       (also adjusted for holiday)
  From  2004.Jan to 2026.Jun
  Observations        270
 -----------------------------------------------------------------------------
               Jan      Feb      Mar      Apr      May      Jun 
               Jul      Aug      Sep      Oct      Nov      Dec        TOTAL  
 -----------------------------------------------------------------------------
  2004         825.     637.     610.     493.    1037.     626.
               616.     624.     581.     805.     523.     515.         7890.
 
  2005         478.     544.     618.     617.     698.    1013.
               735.     734.     658.     645.     642.     590.         7972.
 
  2006         686.     860.     543.     547.     422.     355.
               316.     244.     384.     500.     353.     290.         5500.
 
  2007         291.     235.     278.     188.     201.     225.
               295.     354.     188.     183.     190.     278.         2908.
 
  2008         101.     193.      61.     221.     157.     259.
               108.     115.     127.      97.      92.     142.         1673.
 
  2009         119.      99.      81.      35.      82.      52.
                72.      79.      85.     101.     105.     104.         1015.
 
  2010         103.     130.     114.     116.      98.      67.
                62.     134.      72.      58.     163.      60.         1177.
 
  2011          90.      66.     146.      60.      70.      80.
                64.      59.      88.      62.      67.      62.          914.
 
  2012          55.      71.      89.      94.      99.      99.
               103.     104.     102.     137.     103.      90.         1146.
 
  2013         108.     129.     101.     174.     110.      92.
               123.      95.     106.     122.     116.      87.         1363.
 
  2014          94.     105.     177.      72.     101.      86.
               107.      86.     126.     103.     109.     132.         1299.
 
  2015         172.     101.     104.      98.     416.     137.
               119.      11.      75.      92.     127.     118.         1569.
 
  2016         109.     135.     139.     187.     103.     136.
               154.     131.     166.     111.     152.     696.         2220.
 
  2017         144.     149.     220.      74.     190.     157.
               184.     297.     202.     263.     196.     185.         2262.
 
  2018         216.     260.     179.     208.     135.     168.
               208.     498.     163.     156.     181.     169.         2541.
 
  2019         222.     197.     200.    1050.     470.     107.
               236.     226.     215.     308.     301.     334.         3866.
 
  2020         287.     275.     264.     349.     192.     344.
               262.     217.     468.     334.     667.     383.         4043.
 
  2021         261.     319.     342.     293.     324.     394.
               368.     700.     403.     331.     798.     357.         4892.
 
  2022         461.     421.     426.     307.     389.     429.
               463.     443.     304.     559.     359.     383.         4944.
 
  2023         361.    1138.     589.     610.     524.     466.
               448.     429.     436.     339.     343.     756.         6439.
 
  2024         468.     311.     274.     395.     360.     329.
               306.     291.     381.     688.     459.     348.         4610.
 
  2025         421.     335.     352.     258.     287.     305.
               501.     390.     622.     336.     280.     515.         4601.
 
  2026         172.     314.     328.     330.     358.     408.
                                                                         1910.
 
  AVGE         272.     305.     271.     295.     297.     275.
               266.     285.     270.     288.     287.     300.

  Table Total-       76753.   Mean-       284.   Std. Dev.-       212.
                              Min -        11.        Max -      1138.
        bps_permits 37340            PAGE  12, SERIES bps_permits_addi

 D 12  Final trend cycle
  From  2004.Jan to 2026.Jun
  Observations        270
  Trend filter    23-term Henderson moving average
  I/C ratio        4.35
 -----------------------------------------------------------------------------
               Jan      Feb      Mar      Apr      May      Jun 
               Jul      Aug      Sep      Oct      Nov      Dec        TOTAL  
 -----------------------------------------------------------------------------
  2004         668.     660.     648.     637.     627.     615.
               602.     587.     572.     560.     554.     555.         7284.
 
  2005         565.     581.     602.     626.     649.     669.
               684.     691.     691.     681.     663.     636.         7737.
 
  2006         603.     566.     527.     488.     450.     416.
               385.     358.     335.     317.     302.     290.         5038.
 
  2007         279.     267.     256.     246.     236.     227.
               219.     213.     207.     201.     195.     190.         2735.
 
  2008         184.     178.     172.     166.     161.     154.
               147.     139.     130.     121.     112.     102.         1768.
 
  2009          94.      87.      81.      77.      74.      73.
                75.      79.      85.      92.      99.     105.         1021.
 
  2010         108.     109.     107.     104.      99.      94.
                89.      85.      81.      77.      75.      74.         1102.
 
  2011          73.      72.      71.      71.      70.      69.
                68.      67.      66.      66.      67.      69.          829.
 
  2012          72.      77.      82.      87.      93.      98.
               103.     106.     109.     110.     111.     111.         1158.
 
  2013         110.     110.     110.     110.     109.     109.
               109.     108.     107.     105.     103.     101.         1292.
 
  2014          99.      96.      94.      94.      94.      97.
               100.     104.     109.     113.     117.     120.         1238.
 
  2015         122.     123.     122.     119.     116.     113.
               110.     109.     109.     111.     114.     118.         1385.
 
  2016         123.     127.     132.     136.     140.     142.
               144.     146.     147.     148.     149.     151.         1685.
 
  2017         154.     158.     165.     172.     181.     191.
               200.     209.     216.     220.     221.     219.         2306.
 
  2018         214.     208.     200.     192.     185.     178.
               172.     169.     171.     177.     189.     204.         2261.
 
  2019         222.     239.     254.     268.     278.     285.
               289.     289.     288.     286.     283.     281.         3264.
 
  2020         280.     281.     285.     289.     294.     300.
               307.     314.     321.     326.     329.     332.         3659.
 
  2021         333.     336.     339.     345.     353.     363.
               375.     387.     396.     403.     406.     406.         4443.
 
  2022         406.     405.     405.     405.     404.     403.
               404.     408.     415.     426.     442.     459.         4981.
 
  2023         476.     489.     498.     501.     498.     487.
               470.     449.     426.     404.     385.     369.         5454.
 
  2024         357.     349.     343.     340.     340.     342.
               348.     354.     358.     361.     362.     362.         4217.
 
  2025         359.     355.     351.     349.     347.     346.
               346.     347.     347.     347.     345.     342.         4180.
 
  2026         339.     336.     334.     335.     337.     340.
                                                                         2021.
 
  AVGE         271.     270.     269.     268.     267.     266.
               261.     260.     259.     257.     256.     254.

  Table Total-       71059.   Mean-       263.   Std. Dev.-       168.
                              Min -        66.        Max -       691.
        bps_permits 37340            PAGE  13, SERIES bps_permits_addi

 D 13  Final irregular component
  From  2004.Jan to 2026.Jun
  Observations        270
 -----------------------------------------------------------------------------
               Jan      Feb      Mar      Apr      May      Jun 
               Jul      Aug      Sep      Oct      Nov      Dec         S.D.  
 -----------------------------------------------------------------------------
  2004         157.     -23.     -38.    -144.     410.      11.
                14.      37.       9.     245.     -31.     -40.          153.
 
  2005         -87.     -37.      16.      -9.      49.     344.
                51.      42.     -33.     -36.     -21.     -46.          108.
 
  2006          82.     294.      16.      59.     -28.     -61.
               -69.    -114.      49.     183.      51.       0.          115.
 
  2007          12.     -33.      22.     -57.     -35.      -2.
                76.     142.     -19.     -18.      -5.      89.           58.
 
  2008         -84.      15.    -112.      55.      -3.     104.
               -39.     -24.      -4.     -25.     -20.      40.           56.
 
  2009          25.      13.       1.     -42.       8.     -21.
                -3.      -0.      -0.       9.       5.      -1.           16.
 
  2010          -5.      22.       7.      12.      -1.     -28.
               -27.      50.      -9.     -19.      87.     -13.           33.
 
  2011          18.      -6.      75.     -10.      -0.      11.
                -4.      -8.      21.      -5.      -0.      -7.           24.
 
  2012         -18.      -6.       7.       6.       6.       1.
                 0.      -2.      -7.      27.      -7.     -21.           12.
 
  2013          -2.      19.      -9.      64.       0.     -17.
                14.     -13.      -1.      16.      13.     -14.           22.
 
  2014          -5.       9.      83.     -21.       7.     -10.
                 7.     -18.      17.     -10.      -8.      12.           27.
 
  2015          50.     -22.     -18.     -21.     300.      24.
                 8.     -98.     -34.     -18.      13.      -0.           94.
 
  2016         -13.       7.       7.      51.     -36.      -6.
                10.     -14.      19.     -37.       3.     545.          159.
 
  2017          -9.     -10.      55.     -98.       9.     -33.
               -16.      88.     -14.      43.     -25.     -34.           46.
 
  2018           1.      53.     -21.      16.     -50.     -10.
                36.     328.      -8.     -22.      -8.     -36.           99.
 
  2019           0.     -42.     -55.     782.     192.    -178.
               -53.     -64.     -74.      22.      18.      53.          242.
 
  2020           7.      -6.     -20.      60.    -102.      44.
               -45.     -98.     147.       8.     337.      52.          118.
 
  2021         -72.     -17.       2.     -51.     -28.      31.
                -7.     313.       6.     -71.     392.     -49.          150.
 
  2022          55.      16.      21.     -97.     -14.      26.
                59.      35.    -111.     133.     -83.     -75.           72.
 
  2023        -115.     649.      91.     108.      26.     -21.
               -23.     -20.      10.     -65.     -41.     387.          226.
 
  2024         111.     -38.     -69.      55.      20.     -14.
               -42.     -63.      22.     327.      96.     -14.          110.
 
  2025          62.     -19.       1.     -91.     -60.     -41.
               154.      43.     274.     -11.     -65.     173.          113.
 
  2026        -166.     -22.      -6.      -5.      21.      68.
                                                                           74.
 
  S.D.          71.     150.      46.     175.     118.      88.
                49.     114.      74.     104.     117.     152.

  Table Total-        5694.   Mean-        21.   Std. Dev.-       112.
                              Min -      -178.        Max -       782.
        bps_permits 37340            PAGE  14, SERIES bps_permits_addi
  
 D 16  Combined adjustment factors
       (includes seasonal, holiday factors)
  From  2004.Jan to 2026.Jun
  Observations        270
 -----------------------------------------------------------------------------
               Jan      Feb      Mar      Apr      May      Jun 
               Jul      Aug      Sep      Oct      Nov      Dec         AVGE  
 -----------------------------------------------------------------------------
  2004          30.    -111.     -24.      32.     -13.      24.
                97.      12.       0.      21.     -42.     -23.            0.
 
  2005          22.    -104.      39.     -32.     -15.      30.
                93.      11.      -2.      15.     -42.     -11.            0.
 
  2006          10.     -89.     -57.      63.     -18.      34.
                83.       8.      -6.       5.     -38.       6.            0.
 
  2007           3.     -65.      -7.      13.     -23.      33.
                60.       6.      -7.      -1.     -30.      22.            0.
 
  2008          -2.     -43.      38.     -42.     -24.      29.
                43.      12.      -9.      -9.     -25.      30.           -0.
 
  2009          -5.     -24.     -35.      24.     -20.      26.
                24.      21.      -8.      -9.     -23.      25.           -0.
 
  2010          -6.     -13.      16.     -37.     -10.      18.
                18.      31.      -9.      -6.     -22.      10.           -1.
 
  2011          -3.      -5.     -59.      39.      -1.       7.
                12.      33.      -7.       0.     -18.      -5.           -1.
 
  2012           5.      -6.      -7.     -20.       7.      -0.
                16.      35.      -7.       5.     -15.     -14.           -0.
 
  2013           6.      -9.      35.     -62.      11.       1.
                18.      35.      -9.       3.     -16.     -12.            0.
 
  2014           7.     -15.     -62.      34.      15.       2.
                17.      42.     -13.       4.     -18.      -9.            0.
 
  2015           3.     -18.       7.     -31.      14.       4.
                11.      53.     -14.       3.     -22.      -8.            0.
 
  2016          -3.     -26.      27.     -45.      27.      11.
                -1.      60.     -19.       6.     -25.      -7.            0.
 
  2017         -14.     -33.     -79.      76.      29.      26.
               -17.      50.     -11.      12.     -25.      -2.            1.
 
  2018         -29.     -44.      11.      -4.      33.      46.
               -33.      40.      -3.      17.     -22.      -4.            1.
 
  2019         -36.     -51.     -89.     100.      19.      69.
               -35.      29.       6.      27.     -26.     -13.           -0.
 
  2020         -42.     -59.     -54.      77.      15.      87.
               -31.      20.       2.      29.     -35.     -21.           -1.
 
  2021         -31.     -63.       8.      29.      -3.      95.
               -19.       7.       4.      31.     -40.     -25.           -1.
 
  2022         -16.     -68.     -56.      95.     -16.      86.
                 2.       7.       5.      23.     -47.     -20.           -0.
 
  2023           7.     -71.      -7.      32.     -30.      73.
                25.       9.       6.      22.     -49.     -15.            0.
 
  2024          16.     -71.      45.     -31.     -27.      53.
                42.       8.       8.      12.     -49.       3.            1.
 
  2025          25.     -71.     -62.      57.     -27.      40.
                46.       1.      18.       7.     -38.      19.            1.
 
  2026          26.     -69.       2.     -27.     -30.      29.
                                                                          -12.
 
  AVGE          -1.     -49.     -16.      15.      -4.      36.
                21.      24.      -3.      10.     -30.      -3.

  Table Total-         -51.   Mean-        -0.   Std. Dev.-        35.
                              Min -      -111.        Max -       100.

 D 16.A  Combined adjustment component forecasts
  From  2026.Jul to 2027.Jun
  Observations         12
 -----------------------------------------------------------------------------
               Jan      Feb      Mar      Apr      May      Jun 
               Jul      Aug      Sep      Oct      Nov      Dec         AVGE  
 -----------------------------------------------------------------------------
  2026                                                          
                49.      -0.      29.       0.     -26.      29.           14.
 
  2027          29.     -70.      23.     -68.     -32.      28.
                                                                          -15.
 
        bps_permits 37340            PAGE  15, SERIES bps_permits_addi
  
 D 18  Combined calendar adjustment factors
       (includes holiday factors)
  From  2004.Jan to 2026.Jun
  Observations        270
 -----------------------------------------------------------------------------
               Jan      Feb      Mar      Apr      May      Jun 
               Jul      Aug      Sep      Oct      Nov      Dec         AVGE  
 -----------------------------------------------------------------------------
  2004           0.       0.     -16.      16.       0.       0.
                 0.       0.       0.       0.       0.       0.           -0.
 
  2005           0.       0.      49.     -49.       0.       0.
                 0.       0.       0.       0.       0.       0.            0.
 
  2006           0.       0.     -48.      48.       0.       0.
                 0.       0.       0.       0.       0.       0.            0.
 
  2007           0.       0.       3.      -3.       0.       0.
                 0.       0.       0.       0.       0.       0.            0.
 
  2008           0.       0.      49.     -49.       0.       0.
                 0.       0.       0.       0.       0.       0.            0.
 
  2009           0.       0.     -22.      22.       0.       0.
                 0.       0.       0.       0.       0.       0.           -0.
 
  2010           0.       0.      29.     -29.       0.       0.
                 0.       0.       0.       0.       0.       0.            0.
 
  2011           0.       0.     -48.      48.       0.       0.
                 0.       0.       0.       0.       0.       0.            0.
 
  2012           0.       0.       3.      -3.       0.       0.
                 0.       0.       0.       0.       0.       0.            0.
 
  2013           0.       0.      49.     -49.       0.       0.
                 0.       0.       0.       0.       0.       0.            0.
 
  2014           0.       0.     -48.      48.       0.       0.
                 0.       0.       0.       0.       0.       0.            0.
 
  2015           0.       0.      23.     -23.       0.       0.
                 0.       0.       0.       0.       0.       0.           -0.
 
  2016           0.       0.      49.     -49.       0.       0.
                 0.       0.       0.       0.       0.       0.            0.
 
  2017           0.       0.     -48.      48.       0.       0.
                 0.       0.       0.       0.       0.       0.            0.
 
  2018           0.       0.      49.     -49.       0.       0.
                 0.       0.       0.       0.       0.       0.            0.
 
  2019           0.       0.     -48.      48.       0.       0.
                 0.       0.       0.       0.       0.       0.            0.
 
  2020           0.       0.     -22.      22.       0.       0.
                 0.       0.       0.       0.       0.       0.           -0.
 
  2021           0.       0.      29.     -29.       0.       0.
                 0.       0.       0.       0.       0.       0.            0.
 
  2022           0.       0.     -48.      48.       0.       0.
                 0.       0.       0.       0.       0.       0.            0.
 
  2023           0.       0.      -3.       3.       0.       0.
                 0.       0.       0.       0.       0.       0.            0.
 
  2024           0.       0.      49.     -49.       0.       0.
                 0.       0.       0.       0.       0.       0.            0.
 
  2025           0.       0.     -48.      48.       0.       0.
                 0.       0.       0.       0.       0.       0.            0.
 
  2026           0.       0.      23.     -23.       0.       0.
                                                                           -0.
 
  AVGE           0.       0.       0.      -0.       0.       0.
                 0.       0.       0.       0.       0.       0.

  Table Total-          -0.   Mean-        -0.   Std. Dev.-        16.
                              Min -       -49.        Max -        49.

 D 18.A  Combined calendar adjustment component forecasts
  From  2026.Jul to 2027.Jun
  Observations         12
 -----------------------------------------------------------------------------
               Jan      Feb      Mar      Apr      May      Jun 
               Jul      Aug      Sep      Oct      Nov      Dec         AVGE  
 -----------------------------------------------------------------------------
  2026                                                          
                 0.       0.       0.       0.       0.       0.            0.
 
  2027           0.       0.      49.     -49.       0.       0.
                                                                            0.
 
        bps_permits 37340            PAGE  16, SERIES bps_permits_addi

 E 4  Differences of annual totals
  From          2004 to 2025
  Observations         22
 -----------------------------------
  Year       Unmodified     Modified
                  (D11)         (E2)
 -----------------------------------
  2004               5.           5.
 
  2005               4.           4.
 
  2006               1.           1.
 
  2007               2.           2.
 
  2008              -2.          -2.
 
  2009              -5.          -5.
 
  2010             -10.         -10.
 
  2011              -7.          -7.
 
  2012              -1.          -1.
 
  2013               1.           1.
 
  2014               3.           3.
 
  2015               3.           3.
 
  2016               4.           4.
 
  2017              11.          11.
 
  2018               8.           8.
 
  2019              -0.          -0.
 
  2020             -13.         -13.
 
  2021              -9.          -9.
 
  2022              -5.          -5.
 
  2023               2.           2.
 
  2024               9.           9.
 
  2025              16.          16.
 
        bps_permits 37340            PAGE  17, SERIES bps_permits_addi

 E 5  Month-to-month differences in the original series
  From  2004.Feb to 2026.Jun
  Observations        269
 -----------------------------------------------------------------------------
               Jan      Feb      Mar      Apr      May      Jun 
               Jul      Aug      Sep      Oct      Nov      Dec         AVGE  
 -----------------------------------------------------------------------------
  2004                 -329.      60.     -61.     499.    -374.
                63.     -77.     -55.     245.    -345.      11.          -33.
 
  2005           8.     -60.     217.     -72.      98.     360.
              -215.     -83.     -89.       4.     -60.     -21.            7.
 
  2006         117.      75.    -285.     124.    -206.     -15.
                10.    -147.     126.     127.    -190.     -19.          -24.
 
  2007          -2.    -124.     101.     -70.     -23.      80.
                97.       5.    -179.       1.     -22.     140.            0.
 
  2008        -201.      51.     -51.      80.     -46.     155.
              -137.     -24.      -9.     -30.     -21.     105.          -11.
 
  2009         -58.     -39.     -29.      13.       3.      16.
                18.       4.     -23.      15.     -10.      47.           -4.
 
  2010         -32.      20.      13.     -51.       9.      -3.
                -5.      85.    -102.     -11.      89.     -71.           -5.
 
  2011          17.     -26.      26.      12.     -30.      18.
               -11.      16.     -11.     -19.     -13.       8.           -1.
 
  2012           3.       5.      17.      -8.      32.      -7.
                20.      20.     -44.      47.     -54.     -12.            2.
 
  2013          38.       6.      16.     -24.       9.     -28.
                48.     -11.     -33.      28.     -25.     -25.           -0.
 
  2014          26.     -11.      25.      -9.      10.     -28.
                36.       4.     -15.      -6.     -16.      32.            4.
 
  2015          52.     -92.      28.     -44.     363.    -289.
               -11.     -66.      -3.      34.      10.       5.           -1.
 
  2016          -4.       3.      57.     -24.     -12.      17.
                 6.      38.     -44.     -30.      10.     562.           48.
 
  2017        -559.     -14.      25.       9.      69.     -36.
               -16.     180.    -156.      84.    -104.      12.          -42.
 
  2018           4.      29.     -26.      14.     -36.      46.
               -39.     363.    -378.      13.     -14.       6.           -1.
 
  2019          21.     -40.     -35.    1039.    -661.    -313.
                25.      54.     -34.     114.     -60.      46.           13.
 
  2020         -76.     -29.      -6.     216.    -219.     224.
              -200.       6.     233.    -107.     269.    -270.            3.
 
  2021        -132.      26.      94.     -28.      -1.     168.
              -140.     358.    -300.     -45.     396.    -426.           -2.
 
  2022         113.     -92.      17.      32.     -29.     142.
               -50.     -15.    -141.     273.    -270.      51.            3.
 
  2023           5.     699.    -485.      60.    -148.      45.
               -66.     -35.       4.     -81.     -67.     447.           32.
 
  2024        -257.    -244.      79.      45.     -31.      49.
               -34.     -49.      90.     311.    -290.     -59.          -32.
 
  2025          95.    -182.      26.      25.     -55.      85.
               202.    -156.     249.    -297.    -101.     292.           15.
 
  2026        -336.      47.      85.     -27.      25.     109.
                                                                          -16.
 
  AVGE         -53.     -14.      -1.      54.     -17.      18.
               -18.      21.     -42.      30.     -40.      39.

  Table Total-        -418.   Mean-        -2.   Std. Dev.-       166.
                              Min -      -661.        Max -      1039.
        bps_permits 37340            PAGE  18, SERIES bps_permits_addi

 E 6  Month-to-month differences in seasonally adjusted series (D11)
  From  2004.Feb to 2026.Jun
  Observations        269
 -----------------------------------------------------------------------------
               Jan      Feb      Mar      Apr      May      Jun 
               Jul      Aug      Sep      Oct      Nov      Dec         AVGE  
 -----------------------------------------------------------------------------
  2004                 -188.     -27.    -117.     543.    -410.
               -11.       8.     -43.     225.    -283.      -8.          -28.
 
  2005         -37.      66.      74.      -1.      81.     315.
              -278.      -1.     -76.     -13.      -4.     -51.            6.
 
  2006          96.     174.    -317.       4.    -125.     -68.
               -38.     -72.     140.     115.    -147.     -63.          -25.
 
  2007           1.     -56.      43.     -90.      12.      24.
                71.      59.    -166.      -5.       7.      88.           -1.
 
  2008        -178.      93.    -133.     160.     -64.     102.
              -150.       7.      12.     -30.      -4.      50.          -11.
 
  2009         -23.     -20.     -18.     -46.      47.     -30.
                19.       7.       6.      16.       4.      -1.           -3.
 
  2010          -1.      27.     -17.       2.     -17.     -32.
                -5.      72.     -63.     -13.     104.    -102.           -4.
 
  2011          30.     -25.      81.     -86.      10.      10.
               -16.      -5.      29.     -26.       5.      -5.            0.
 
  2012          -7.      16.      19.       4.       6.      -0.
                 4.       1.      -2.      35.     -34.     -14.            2.
 
  2013          19.      21.     -29.      73.     -64.     -17.
                31.     -28.      11.      16.      -6.     -29.           -0.
 
  2014           7.      11.      72.    -105.      29.     -15.
                21.     -21.      39.     -22.       6.      23.            4.
 
  2015          40.     -72.       3.      -5.     317.    -279.
               -19.    -108.      64.      18.      35.      -9.           -1.
 
  2016          -8.      25.       4.      48.     -84.      32.
                18.     -23.      35.     -55.      41.     544.           48.
 
  2017        -551.       4.      71.    -146.     115.     -32.
                27.     113.     -95.      61.     -67.     -10.          -43.
 
  2018          30.      45.     -81.      29.     -73.      33.
                40.     290.    -335.      -7.      25.     -12.           -1.
 
  2019          53.     -25.       2.     851.    -580.    -363.
               129.     -10.     -11.      93.      -7.      33.           14.
 
  2020         -47.     -12.     -11.      85.    -157.     152.
               -82.     -45.     251.    -134.     333.    -283.            4.
 
  2021        -122.      58.      23.     -48.      31.      70.
               -26.     332.    -297.     -71.     467.    -441.           -2.
 
  2022         103.     -40.       5.    -119.      82.      40.
                34.     -21.    -139.     255.    -200.      25.            2.
 
  2023         -23.     777.    -549.      21.     -86.     -58.
               -18.     -18.       7.     -97.       4.     412.           31.
 
  2024        -287.    -157.     -37.     121.     -35.     -31.
               -23.     -15.      90.     307.    -229.    -111.          -34.
 
  2025          73.     -86.      17.     -94.      29.      18.
               196.    -110.     231.    -286.     -56.     236.           14.
 
  2026        -343.     142.      14.       2.      28.      51.
                                                                          -18.
 
  AVGE         -53.      34.     -34.      24.       2.     -21.
                -4.      19.     -14.      17.      -0.      12.

  Table Total-        -417.   Mean-        -2.   Std. Dev.-       157.
                              Min -      -580.        Max -       851.
        bps_permits 37340            PAGE  19, SERIES bps_permits_addi

 E 7  Month-to-month differences in final trend cycle (D12)
  From  2004.Feb to 2026.Jun
  Observations        269
 -----------------------------------------------------------------------------
               Jan      Feb      Mar      Apr      May      Jun 
               Jul      Aug      Sep      Oct      Nov      Dec         AVGE  
 -----------------------------------------------------------------------------
  2004                   -8.     -12.     -11.     -10.     -11.
               -13.     -15.     -15.     -12.      -6.       1.          -10.
 
  2005           9.      16.      21.      24.      23.      20.
                15.       8.      -0.      -9.     -19.     -27.            7.
 
  2006         -33.     -37.     -39.     -39.     -38.     -35.
               -31.     -27.     -23.     -18.     -15.     -12.          -29.
 
  2007         -11.     -11.     -11.     -11.     -10.      -9.
                -8.      -6.      -6.      -6.      -6.      -6.           -8.
 
  2008          -6.      -6.      -6.      -6.      -6.      -6.
                -7.      -8.      -9.      -9.      -9.      -9.           -7.
 
  2009          -9.      -7.      -6.      -4.      -3.      -1.
                 2.       4.       6.       7.       7.       5.            0.
 
  2010           3.       1.      -1.      -3.      -4.      -5.
                -5.      -5.      -4.      -3.      -2.      -2.           -3.
 
  2011          -1.      -1.      -1.      -1.      -1.      -1.
                -1.      -1.      -1.       0.       1.       2.           -0.
 
  2012           3.       4.       5.       6.       6.       5.
                 4.       3.       2.       1.       1.       0.            3.
 
  2013          -0.      -0.      -0.      -0.      -0.      -0.
                -0.      -1.      -1.      -2.      -2.      -2.           -1.
 
  2014          -2.      -2.      -2.      -1.       1.       2.
                 3.       4.       5.       4.       4.       3.            2.
 
  2015           2.       0.      -1.      -2.      -3.      -3.
                -3.      -1.       0.       2.       3.       4.           -0.
 
  2016           5.       5.       5.       4.       3.       3.
                 2.       2.       1.       1.       1.       2.            3.
 
  2017           3.       5.       6.       8.       9.      10.
                10.       9.       7.       4.       1.      -2.            6.
 
  2018          -5.      -7.      -8.      -8.      -7.      -7.
                -6.      -3.       1.       7.      12.      15.           -1.
 
  2019          17.      17.      16.      13.      10.       7.
                 4.       1.      -1.      -2.      -3.      -2.            6.
 
  2020          -1.       1.       3.       5.       5.       6.
                 7.       7.       7.       5.       3.       2.            4.
 
  2021           2.       2.       4.       5.       8.      11.
                12.      12.       9.       6.       3.       1.            6.
 
  2022          -1.      -0.      -0.      -0.      -1.      -1.
                 1.       4.       7.      11.      15.      17.            4.
 
  2023          17.      14.       9.       3.      -3.     -11.
               -17.     -21.     -23.     -22.     -20.     -16.           -7.
 
  2024         -12.      -8.      -6.      -3.      -0.       3.
                 5.       6.       5.       3.       1.      -1.           -1.
 
  2025          -3.      -4.      -3.      -3.      -2.      -1.
                 0.       1.       0.      -0.      -2.      -3.           -2.
 
  2026          -3.      -3.      -1.       0.       2.       3.
                                                                           -0.
 
  AVGE          -1.      -1.      -1.      -1.      -1.      -1.
                -1.      -1.      -1.      -1.      -1.      -1.

  Table Total-        -328.   Mean-        -1.   Std. Dev.-        10.
                              Min -       -39.        Max -        24.
        bps_permits 37340            PAGE  20, SERIES bps_permits_addi

 E 8  Month-to-month differences in original series adjusted for calendar factors (A18)
  From  2004.Feb to 2026.Jun
  Observations        269
 -----------------------------------------------------------------------------
               Jan      Feb      Mar      Apr      May      Jun 
               Jul      Aug      Sep      Oct      Nov      Dec         AVGE  
 -----------------------------------------------------------------------------
  2004                 -329.      76.     -93.     515.    -374.
                63.     -77.     -55.     245.    -345.      11.          -33.
 
  2005           8.     -60.     168.      25.      49.     360.
              -215.     -83.     -89.       4.     -60.     -21.            7.
 
  2006         117.      75.    -237.      28.    -158.     -15.
                10.    -147.     126.     127.    -190.     -19.          -24.
 
  2007          -2.    -124.      98.     -63.     -26.      80.
                97.       5.    -179.       1.     -22.     140.            0.
 
  2008        -201.      51.    -100.     177.     -95.     155.
              -137.     -24.      -9.     -30.     -21.     105.          -11.
 
  2009         -58.     -39.      -7.     -32.      25.      16.
                18.       4.     -23.      15.     -10.      47.           -4.
 
  2010         -32.      20.     -16.       8.     -20.      -3.
                -5.      85.    -102.     -11.      89.     -71.           -5.
 
  2011          17.     -26.      74.     -84.      18.      18.
               -11.      16.     -11.     -19.     -13.       8.           -1.
 
  2012           3.       5.      14.      -1.      29.      -7.
                20.      20.     -44.      47.     -54.     -12.            2.
 
  2013          38.       6.     -33.      73.     -40.     -28.
                48.     -11.     -33.      28.     -25.     -25.           -0.
 
  2014          26.     -11.      73.    -105.      58.     -28.
                36.       4.     -15.      -6.     -16.      32.            4.
 
  2015          52.     -92.       5.       2.     340.    -289.
               -11.     -66.      -3.      34.      10.       5.           -1.
 
  2016          -4.       3.       8.      73.     -61.      17.
                 6.      38.     -44.     -30.      10.     562.           48.
 
  2017        -559.     -14.      73.     -87.     117.     -36.
               -16.     180.    -156.      84.    -104.      12.          -42.
 
  2018           4.      29.     -75.     111.     -85.      46.
               -39.     363.    -378.      13.     -14.       6.           -1.
 
  2019          21.     -40.      13.     943.    -613.    -313.
                25.      54.     -34.     114.     -60.      46.           13.
 
  2020         -76.     -29.      16.     171.    -197.     224.
              -200.       6.     233.    -107.     269.    -270.            3.
 
  2021        -132.      26.      65.      31.     -30.     168.
              -140.     358.    -300.     -45.     396.    -426.           -2.
 
  2022         113.     -92.      65.     -64.      19.     142.
               -50.     -15.    -141.     273.    -270.      51.            3.
 
  2023           5.     699.    -482.      54.    -145.      45.
               -66.     -35.       4.     -81.     -67.     447.           32.
 
  2024        -257.    -244.      30.     142.     -80.      49.
               -34.     -49.      90.     311.    -290.     -59.          -32.
 
  2025          95.    -182.      74.     -71.      -7.      85.
               202.    -156.     249.    -297.    -101.     292.           15.
 
  2026        -336.      47.      62.      19.       2.     109.
                                                                          -16.
 
  AVGE         -53.     -14.      -1.      55.     -17.      18.
               -18.      21.     -42.      30.     -40.      39.

  Table Total-        -418.   Mean-        -2.   Std. Dev.-       164.
                              Min -      -613.        Max -       943.
        bps_permits 37340            PAGE  21, SERIES bps_permits_addi

 E 18  Final adjustment ratios
  From  2004.Jan to 2026.Jun
  Observations        270
 -----------------------------------------------------------------------------
               Jan      Feb      Mar      Apr      May      Jun 
               Jul      Aug      Sep      Oct      Nov      Dec         AVGE  
 -----------------------------------------------------------------------------
  2004      103.695   82.629   96.078  106.421   98.794  103.804
            115.817  101.922  100.049  102.561   92.007   95.569        99.945
 
  2005      104.608   80.853  106.258   94.792   97.841  102.977
            112.709  101.549   99.680  102.313   93.529   98.106        99.601
 
  2006      101.499   89.634   89.463  111.557   95.670  109.717
            126.218  103.299   98.388  101.071   89.211  102.036       101.480
 
  2007      101.043   72.385   97.457  106.657   88.598  114.764
            120.164  101.606   96.254   99.334   84.036  107.806        99.175
 
  2008       98.415   77.549  163.035   80.980   84.617  111.319
            139.322  110.460   93.144   91.052   72.638  121.112       103.637
 
  2009       95.858   75.482   56.503  167.856   75.261  148.683
            133.592  126.744   90.545   91.027   78.404  124.355       105.359
 
  2010       94.194   89.883  114.422   68.249   89.389  127.196
            129.022  122.850   87.918   88.990   86.756  116.227       101.258
 
  2011       96.233   92.992   59.506  163.792   98.638  108.556
            118.614  156.991   92.488  100.771   73.141   91.575       104.441
 
  2012      109.548   92.100   91.864   79.008  106.729   99.957
            115.472  133.367   93.267  103.413   85.041   84.889        99.555
 
  2013      105.302   92.796  135.230   64.408  110.393  100.875
            114.542  136.339   91.479  102.750   86.309   86.254       102.223
 
  2014      107.922   85.731   64.921  146.992  114.860  101.944
            115.479  148.179   89.930  103.653   83.596   93.022       104.686
 
  2015      101.510   82.521  107.068   68.116  103.410  102.747
            109.642  591.407   81.535  102.855   82.765   93.271       135.571
 
  2016       96.831   80.969  119.413   75.746  125.720  108.273
             99.228  145.248   88.471  105.413   83.719   99.029       102.338
 
  2017       90.047   77.976   64.174  202.197  115.549  116.489
             90.648  116.762   94.631  104.460   87.292   98.663       104.907
 
  2018       86.732   82.963  105.910   98.044  124.218  127.018
             84.036  108.084   98.430  111.253   87.874   97.680       101.020
 
  2019       83.781   74.031   55.605  109.487  104.017  164.363
             85.193  112.922  102.839  108.711   91.318   96.087        99.030
 
  2020       85.239   78.494   79.403  122.070  107.559  125.271
             88.234  109.384  100.461  108.703   94.800   94.456        99.506
 
  2021       88.049   80.300  102.398  109.746   98.985  123.984
             94.819  100.969  101.051  109.211   94.962   92.939        99.784
 
  2022       96.627   83.870   86.894  130.875   95.767  119.914
            100.333  101.657  101.758  104.113   87.015   94.656       100.290
 
  2023      102.003   93.739   98.817  105.305   94.317  115.661
            105.682  102.068  101.310  106.352   85.623   98.053       100.744
 
  2024      103.311   77.163  116.243   92.117   92.465  116.134
            113.693  102.791  102.179  101.722   89.388  100.963       100.681
 
  2025      105.920   78.726   82.411  122.152   90.575  113.103
            109.279  100.220  102.967  102.200   86.551  103.607        99.809
 
  2026      114.816   77.985  100.572   91.858   91.744  107.100
                                                                        97.346
 
  AVGE       98.834   82.642   95.376  109.497  100.222  116.080
            110.079  137.946   95.853  102.360   86.181   99.562

  Table Total-       27765.   Mean-       103.   Std. Dev.-        35.
                              Min -        56.        Max -       591.

 E 18.A  Final adjustment ratio forecasts
  From  2026.Jul to 2027.Jun
  Observations         12
 -----------------------------------------------------------------------------
               Jan      Feb      Mar      Apr      May      Jun 
               Jul      Aug      Sep      Oct      Nov      Dec         AVGE  
 -----------------------------------------------------------------------------
  2026                                                          
            116.102   99.931  109.081  100.140   93.095  108.933       104.547
 
  2027      108.857   83.479  105.967   81.862   91.593  108.576
                                                                        96.722
 

  QS statistic for seasonality:
  Original Series                                     0.05  (P-Value =     0.9729)
  Original Series (EV adj)                            0.05  (P-Value =     0.9746)
  Residuals                                           0.00  (P-Value =     1.0000)
  Seasonally Adjusted Series                          0.00  (P-Value =     1.0000)
  Seasonally Adjusted Series (EV adj)                 0.00  (P-Value =     1.0000)
  Irregular Series                                    0.00  (P-Value =     1.0000)
  Irregular Series (EV adj)                           0.00  (P-Value =     1.0000)

  QS statistic for seasonality (starting 2018.Jul):
  Original Series                                     0.04  (P-Value =     0.9809)
  Original Series (EV adj)                            0.00  (P-Value =     0.9994)
  Residuals                                           0.00  (P-Value =     1.0000)
  Seasonally Adjusted Series                          0.00  (P-Value =     1.0000)
  Seasonally Adjusted Series (EV adj)                 0.00  (P-Value =     1.0000)
  Irregular Series                                    0.00  (P-Value =     1.0000)
  Irregular Series (EV adj)                           0.00  (P-Value =     1.0000)


 WARNING: Series should not be a candidate for seasonal adjustment
          because the spectrum of the prior adjusted series (Table B1)
          has no visually significant seasonal peaks.

          If this is a component series of an indirectly adjusted
          composite series, consider using type = trend or type = summary
          in the x11 spec.
        bps_permits 37340            PAGE  22, SERIES bps_permits_addi
 G 0  10*LOG(SPECTRUM) of the differenced Prior Adjusted Series
      (Table B1).  Spectrum estimated from 2018.Jul to 2026.Jun.
 ++++++++++I+++++++++++++++++++++++++++++++++++++++++++++++++++++++++++++I
      53.69I                                           *                 I     53.69
           I                                           *                 I
           I                                           *                 I
           I                                           *                 I
      51.54I                                           *                 I     51.54
           I                                          T*              ** I
           I                               *          T*              ** I
           I                          *    *          T*         *    **SI
      49.38I                          *    *  **      T*         *    **SI     49.38
           I                          *    *  **      T**     S*T**   **SI
           I                          *    *  **      T**     S*T**   **SI
           I                         **    *  **     *T**    *S*T**  ***SI
      47.23I                         **    ** **    S*T*******S*T**  ***SI     47.23
           I                         **   S*****   *S*T*******S*T*** ***SI
           I             *           **   S*****   *S*T*******S*T*** ***SI
           I             *           ***  S*****   *S*T*******S*T*******SI
      45.08I             *    *     ****  S******  *S*T*******S*T*******SI     45.08
           I             *    *     ****  S****** **S*T*******S*T*******SI
           I            **    **    ****  S*********S*T*******S*T*******SI
           I            **    **   *****  S*********S*T*******S*T*******SI
      42.92I            **    **   *******S*********S*T*******S*T*******SI     42.92
           I            **   ***   *******S*********S*T*******S*T*******SI
           I            ***  ***S ********S*********S*T*******S*T*******SI
           I            ***  ***S ********S*********S*T*******S*T*******SI
      40.77I            ***  ***S*********S*********S*T*******S*T*******SI     40.77
           I            ********S*********S*********S*T*******S*T*******SI
           I            ********S*********S*********S*T*******S*T*******SI
           I            ********S*********S*********S*T*******S*T*******SI
      38.62I            ********S*********S*********S*T*******S*T*******SI     38.62
           I        *  *********S*********S*********S*T*******S*T*******SI
           I        *  *********S*********S*********S*T*******S*T*******SI
           I       **  *********S*********S*********S*T*******S*T*******SI
      36.46I       **  *********S*********S*********S*T*******S*T*******SI     36.46
           I       ***S*********S*********S*********S*T*******S*T*******SI
           I       ***S*********S*********S*********S*T*******S*T*******SI
           I       ***S*********S*********S*********S*T*******S*T*******SI
      34.31I       ***S*********S*********S*********S*T*******S*T*******SI     34.31
           I       ***S*********S*********S*********S*T*******S*T*******SI
           I       ***S*********S*********S*********S*T*******S*T*******SI
           I      ****S*********S*********S*********S*T*******S*T*******SI
      32.15I      ****S*********S*********S*********S*T*******S*T*******SI     32.15
           I      ****S*********S*********S*********S*T*******S*T*******SI
           I      ****S*********S*********S*********S*T*******S*T*******SI
           I     *****S*********S*********S*********S*T*******S*T*******SI
      30.00I     *****S*********S*********S*********S*T*******S*T*******SI     30.00
           I    ******S*********S*********S*********S*T*******S*T*******SI
           I   *******S*********S*********S*********S*T*******S*T*******SI
           I   *******S*********S*********S*********S*T*******S*T*******SI
      27.85I   *******S*********S*********S*********S*T*******S*T*******SI     27.85
           I  ********S*********S*********S*********S*T*******S*T*******SI
           I  ********S*********S*********S*********S*T*******S*T*******SI
           I *********S*********S*********S*********S*T*******S*T*******SI
      25.69I**********S*********S*********S*********S*T*******S*T*******SI     25.69
 ++++++++++I+++++++++++++++++++++++++++++++++++++++++++++++++++++++++++++I
            S=SEASONAL FREQUENCIES, T=TRADING DAY FREQUENCIES
        bps_permits 37340            PAGE  23, SERIES bps_permits_addi
 G 1  10*LOG(SPECTRUM) of the differenced seasonally adjusted 
      data (Table E2).  Spectrum estimated from 2018.Jul to 2026.Jun.
 ++++++++++I+++++++++++++++++++++++++++++++++++++++++++++++++++++++++++++I
      50.32I                                                     *       I     50.32
           I                                                     *       I
           I                                                     *       I
           I                                                     *       I
      48.25I                                                     *       I     48.25
           I                                            *        *       I
           I                                           **        *       I
           I                                           **        *       I
      46.18I                                           **        *       I     46.18
           I                                           **        *       I
           I                          *                **        *       I
           I                          *                **        *   *   I
      44.10I                          *                ***       **  *   I     44.10
           I                          *                ***       **  *   I
           I                          *                ***       **  *   I
           I                          *                ***  *    **  **  I
      42.03I                          *               T**** *   T**  **  I     42.03
           I                         **               T*******  T**  **  I
           I                         **      * **     T*******  T** ***  I
           I                         **     *****     T*******  T******  I
      39.96I                      *  **     *****     T*******  T******  I     39.96
           I            *         *  **     *****     T*******S*T******  I
           I            *     *   ** **     *****     T*******S*T******  I
           I            *     *   ** **     ******    T*******S*T******  I
      37.89I            *     *   *****     ******   *T*******S*T******* I     37.89
           I            *     *   *****    *******   *T*******S*T******* I
           I            *     *   ******   *******   *T*******S*T******* I
           I            **   **   ******   *******  S*T*******S*T*******SI
      35.81I            **   **   ******   ******** S*T*******S*T*******SI     35.81
           I            **   **   ******   *********S*T*******S*T*******SI
           I            **   **  *******   *********S*T*******S*T*******SI
           I            **   **  *******  S*********S*T*******S*T*******SI
      33.74I            **   **  ******** S*********S*T*******S*T*******SI     33.74
           I            **   *** *********S*********S*T*******S*T*******SI
           I            **   *** *********S*********S*T*******S*T*******SI
           I            **   ***S*********S*********S*T*******S*T*******SI
      31.67I      *     **   ***S*********S*********S*T*******S*T*******SI     31.67
           I      *     **   ***S*********S*********S*T*******S*T*******SI
           I      *    ***   ***S*********S*********S*T*******S*T*******SI
           I      *    **** ****S*********S*********S*T*******S*T*******SI
      29.59I      **   **** ****S*********S*********S*T*******S*T*******SI     29.59
           I     ***   **** ****S*********S*********S*T*******S*T*******SI
           I     ***   *********S*********S*********S*T*******S*T*******SI
           I     ***  S*********S*********S*********S*T*******S*T*******SI
      27.52I     **** S*********S*********S*********S*T*******S*T*******SI     27.52
           I*    *****S*********S*********S*********S*T*******S*T*******SI
           I*    *****S*********S*********S*********S*T*******S*T*******SI
           I*    *****S*********S*********S*********S*T*******S*T*******SI
      25.45I*    *****S*********S*********S*********S*T*******S*T*******SI     25.45
           I**  ******S*********S*********S*********S*T*******S*T*******SI
           I**  ******S*********S*********S*********S*T*******S*T*******SI
           I**  ******S*********S*********S*********S*T*******S*T*******SI
      23.38I**********S*********S*********S*********S*T*******S*T*******SI     23.38
 ++++++++++I+++++++++++++++++++++++++++++++++++++++++++++++++++++++++++++I
            S=SEASONAL FREQUENCIES, T=TRADING DAY FREQUENCIES
        bps_permits 37340            PAGE  24, SERIES bps_permits_addi
 G 2  10*LOG(SPECTRUM) of the Modified Irregular (Table E3).  
      Spectrum estimated from 2018.Jul to 2026.Jun.
 ++++++++++I+++++++++++++++++++++++++++++++++++++++++++++++++++++++++++++I
      44.32I                          *                                  I     44.32
           I                          *                                  I
           I            *             *                                  I
           I            *             *                          *       I
      42.93I            *             *                          *       I     42.93
           I            *             *                *         *       I
           I            *             *                *         *       I
           I            *             *                *         *       I
      41.54I            *             *                **        *       I     41.54
           I            *             *                **        *       I
           I            *             *                **        *       I
           I            *             *                **        *       I
      40.15I            *     *       *                **        *       I     40.15
           I            **    *       *                **        *       I
           I            **    *    *  *                **        *       I
           I            **    *    * **                **        *       I
      38.76I            **    *    * **                ***       *   *   I     38.76
           I            **    *    * **                ***       **  *   I
           I            **   **   ** **                ***       **  *   I
           I            **   **   ** **                ***       **  *   I
      37.38I            **   **   ** **        *       ****      **  *   I     37.38
           I            **   **   ** **     *  *       ****      **  **  I
           I            **   **   *****     * **       ****      **  **  I
           I            **   **   *****     ****      T*****    T**  **  I
      35.99I            **   **   *****     *****     T*****    T**  **  I     35.99
           I            **   **   *****     *****     T******   T**  **  I
           I            **   **   *****     *****     T*******  T**  **  I
           I            ***  **   *****     *****     T*******  T**  **  I
      34.60I            ***  ***  *****     *****     T*******  T**  **  I     34.60
           I            *** ****  *****    *******    T*******S*T** ***  I
           I            *** ****  ******   *******    T*******S*T******  I
           I            ******** *******   *******    T*******S*T******  I
      33.21I            ******** *******   *******    T*******S*T******  I     33.21
           I            ******** *******   ********  *T*******S*T******  I
           I           ********* *******   ********  *T*******S*T******  I
           I           *********S*******   ********  *T*******S*T******  I
      31.82I  *        *********S*******   *********S*T*******S*T******  I     31.82
           I  *        *********S*******   *********S*T*******S*T******* I
           I  **  **   *********S*******   *********S*T*******S*T******* I
           I  **  **   *********S*******  S*********S*T*******S*T******* I
      30.43I  **  **   *********S*******  S*********S*T*******S*T******* I     30.43
           I  **  **   *********S*******  S*********S*T*******S*T*******SI
           I  **  **   *********S******** S*********S*T*******S*T*******SI
           I  **  **   *********S******** S*********S*T*******S*T*******SI
      29.05I  **  **   *********S*********S*********S*T*******S*T*******SI     29.05
           I  **  **   *********S*********S*********S*T*******S*T*******SI
           I  **  **   *********S*********S*********S*T*******S*T*******SI
           I  ******  S*********S*********S*********S*T*******S*T*******SI
      27.66I ******** S*********S*********S*********S*T*******S*T*******SI     27.66
           I ******** S*********S*********S*********S*T*******S*T*******SI
           I ******** S*********S*********S*********S*T*******S*T*******SI
           I *********S*********S*********S*********S*T*******S*T*******SI
      26.27I**********S*********S*********S*********S*T*******S*T*******SI     26.27
 ++++++++++I+++++++++++++++++++++++++++++++++++++++++++++++++++++++++++++I
            S=SEASONAL FREQUENCIES, T=TRADING DAY FREQUENCIES
        bps_permits 37340            PAGE  25, SERIES bps_permits_addi

  Peak probabilities for Tukey spectrum estimator
  Spectrum estimated from 2018.Jul to 2026.Jun.

                                          S1       S2       S3       S4       S5       S6       TD
                                        ------   ------   ------   ------   ------   ------   ------
  Model Residuals                        0.288    0.889    0.199    0.279    0.484    0.665    0.018  
  Prior Adjusted Series (Table B1)       0.039    0.393    0.556    0.544    0.564    0.517    0.874  
  Seasonally adjusted series (E2)        0.011    0.011    0.356    0.052    0.082    0.236    0.602  
  Modified Irregular (E3)                0.019    0.007    0.371    0.060    0.070    0.232    0.620  
  ----------
     ** - Peak Probability > 0.99,
      * - 0.90 < Peak Probability < 0.99


