  Reading input spec file from D:\Programming\Dynamic Paper-dlrhcs_replication\outputs\empirical\unemployment\raw_sa_pilot\x13_work\bps_permits_additive_level_23540_200401_202606.spc

1

               U. S. Department of Commerce, U. S. Census Bureau

              X-13ARIMA-SEATS monthly seasonal adjustment Method,
                          Release Version 1.1 Build 62


           This software application provides an enhanced version of
             Statistics Canada's X-11-ARIMA extension (Dagum, 1980)
                 of the X-11 variant of the Census Method II of
                      Shiskin, Young and Musgrave (1967).

            It also provides an ARIMA model-based method following
       Hillmer and Tiao (1982) and Burman (1980) that is very similar
       to the update of the method of SEATS (Gomez and Maravall, 1996)
                produced at the Bank of Spain by G. Caporello and
               A. Maravall for TSW (Caporello and Maravall, 2004).
          The present application includes additional enhancements.

         X-13ARIMA-SEATS includes an automatic ARIMA model selection procedure
          based largely on the procedure of Gomez and Maravall (1998)
            as implemented in TRAMO (1996) and subsequent revisions.

              Primary Programmers: Brian Monsell, Mark Otto and,
                 for the ARIMA model-based signal extraction,
                      Gianluca Caporello and Victor Gomez


     Series Title- bps_permits 23540
     Series Name- bps_permits_addi
     Jul 29, 2026  08.26.59 

        -Period covered-  1st month,2004 to  6th month,2026
        -Type of run - additive seasonal adjustment

        -Sigma limits for graduating extreme values are  1.5 and  2.5 .
        -3x3 moving average used in section 1 of each iteration, 
         3x5 moving average in section 2 of iterations B and C,
         moving average for final seasonal factors chosen by Global MSR.
        -Holiday adjustment factors applied directly to the final seasonally adjusted series
        -Spectral plots generated for selected series
        -Spectral plots generated for series starting in 2018.Jul

 FILE SAVE REQUESTS (* indicates file exists and will be overwritten)
  D:\Programming\Dynamic Paper-dlrhcs_replication\outputs\empirical\unemployment\raw_sa_pilot\x13_work\bps_permits_additive_level_23540_200401_202606.d10  final seasonal factors
  D:\Programming\Dynamic Paper-dlrhcs_replication\outputs\empirical\unemployment\raw_sa_pilot\x13_work\bps_permits_additive_level_23540_200401_202606.d11  final seasonally adjusted data
  D:\Programming\Dynamic Paper-dlrhcs_replication\outputs\empirical\unemployment\raw_sa_pilot\x13_work\bps_permits_additive_level_23540_200401_202606.out  program output file
  D:\Programming\Dynamic Paper-dlrhcs_replication\outputs\empirical\unemployment\raw_sa_pilot\x13_work\bps_permits_additive_level_23540_200401_202606.err  program error file
        bps_permits 23540            PAGE   1, SERIES bps_permits_addi

     Contents of spc file D:\Programming\Dynamic Paper-dlrhcs_replication\outputs\empirical\unemployment\raw_sa_pilot\x13_work\bps_permits_additive_level_23540_200401_202606.spc

 Line #
 ------
      1: series {
      2:   title = "bps_permits 23540"
      3:   start = 2004.1
      4:   period = 12
      5:   data = (
      6: 90
      7: 270
      8: 206
      9: 183
     10: 171
     11: 200
     12: 164
     13: 149
     14: 137
     15: 257
     16: 138
     17: 156
     18: 168
     19: 182
     20: 285
     21: 284
     22: 167
     23: 137
     24: 137
     25: 142
     26: 163
     27: 130
     28: 138
     29: 150
     30: 121
     31: 122
     32: 136
     33: 137
     34: 141
     35: 199
     36: 169
     37: 326
     38: 102
     39: 97
     40: 258
     41: 101
     42: 85
     43: 88
     44: 89
     45: 124
     46: 128
     47: 116
     48: 91
     49: 366
     50: 91
     51: 86
     52: 78
     53: 121
     54: 132
     55: 109
     56: 94
     57: 76
     58: 49
     59: 68
     60: 69
     61: 233
     62: 57
     63: 44
     64: 41
     65: 40
     66: 34
     67: 38
     68: 38
     69: 33
     70: 47
     71: 51
     72: 35
     73: 35
     74: 57
     75: 36
     76: 40
     77: 65
     78: 55
     79: 33
     80: 58
     81: 34
     82: 24
     83: 50
     84: 36
     85: 32
     86: 27
     87: 30
     88: 13
     89: 36
     90: 22
     91: 36
     92: 37
     93: 31
     94: 43
     95: 42
     96: 55
     97: 36
     98: 36
     99: 36
    100: 29
    101: 43
    102: 35
    103: 48
    104: 58
    105: 38
    106: 53
    107: 39
    108: 62
    109: 42
    110: 57
    111: 45
    112: 56
    113: 55
    114: 66
    115: 60
    116: 66
    117: 87
    118: 60
    119: 57
    120: 85
    121: 46
    122: 60
    123: 67
    124: 50
    125: 50
    126: 60
    127: 54
    128: 55
    129: 75
    130: 73
    131: 66
    132: 67
    133: 55
    134: 53
    135: 73
    136: 44
    137: 77
    138: 53
    139: 54
    140: 42
    141: 55
    142: 52
    143: 67
    144: 107
    145: 61
    146: 55
    147: 191
    148: 226
    149: 55
    150: 62
    151: 52
    152: 49
    153: 78
    154: 58
    155: 56
    156: 51
    157: 81
    158: 49
    159: 61
    160: 272
    161: 41
    162: 57
    163: 57
    164: 50
    165: 313
    166: 58
    167: 197
    168: 47
    169: 70
    170: 38
    171: 79
    172: 41
    173: 46
    174: 46
    175: 34
    176: 69
    177: 184
    178: 49
    179: 166
    180: 142
    181: 180
    182: 142
    183: 138
    184: 161
    185: 164
    186: 156
    187: 144
    188: 152
    189: 203
    190: 247
    191: 96
    192: 104
    193: 156
    194: 286
    195: 159
    196: 101
    197: 104
    198: 111
    199: 112
    200: 115
    201: 156
    202: 171
    203: 172
    204: 178
    205: 147
    206: 178
    207: 140
    208: 163
    209: 108
    210: 193
    211: 179
    212: 215
    213: 165
    214: 131
    215: 157
    216: 134
    217: 199
    218: 141
    219: 131
    220: 138
    221: 150
    222: 220
    223: 236
    224: 232
    225: 345
    226: 237
    227: 214
    228: 267
    229: 255
    230: 197
    231: 221
    232: 165
    233: 182
    234: 208
    235: 207
    236: 227
    237: 204
    238: 257
    239: 222
    240: 214
    241: 236
    242: 198
    243: 235
    244: 163
    245: 201
    246: 168
    247: 99
    248: 133
    249: 129
    250: 159
    251: 127
    252: 148
    253: 159
    254: 97
    255: 131
    256: 121
    257: 117
    258: 172
    259: 113
    260: 157
    261: 159
    262: 178
    263: 262
    264: 192
    265: 166
    266: 138
    267: 225
    268: 124
    269: 183
    270: 131
    271: 133
    272: 124
    273: 267
    274: 223
    275: 214
    276:   )
    277: }
    278: transform { function = none }
    279: regression { aictest = (td easter) }
    280: automdl {}
    281: x11 { mode = add save = (d10 d11) }
        bps_permits 23540            PAGE   2, SERIES bps_permits_addi

 A 1  Time series data (for the span analyzed)
  From  2004.Jan to 2026.Jun
  Observations        270
 -----------------------------------------------------------------------------
               Jan      Feb      Mar      Apr      May      Jun 
               Jul      Aug      Sep      Oct      Nov      Dec        TOTAL  
 -----------------------------------------------------------------------------
  2004          90.     270.     206.     183.     171.     200.
               164.     149.     137.     257.     138.     156.         2121.
 
  2005         168.     182.     285.     284.     167.     137.
               137.     142.     163.     130.     138.     150.         2083.
 
  2006         121.     122.     136.     137.     141.     199.
               169.     326.     102.      97.     258.     101.         1909.
 
  2007          85.      88.      89.     124.     128.     116.
                91.     366.      91.      86.      78.     121.         1463.
 
  2008         132.     109.      94.      76.      49.      68.
                69.     233.      57.      44.      41.      40.         1012.
 
  2009          34.      38.      38.      33.      47.      51.
                35.      35.      57.      36.      40.      65.          509.
 
  2010          55.      33.      58.      34.      24.      50.
                36.      32.      27.      30.      13.      36.          428.
 
  2011          22.      36.      37.      31.      43.      42.
                55.      36.      36.      36.      29.      43.          446.
 
  2012          35.      48.      58.      38.      53.      39.
                62.      42.      57.      45.      56.      55.          588.
 
  2013          66.      60.      66.      87.      60.      57.
                85.      46.      60.      67.      50.      50.          754.
 
  2014          60.      54.      55.      75.      73.      66.
                67.      55.      53.      73.      44.      77.          752.
 
  2015          53.      54.      42.      55.      52.      67.
               107.      61.      55.     191.     226.      55.         1018.
 
  2016          62.      52.      49.      78.      58.      56.
                51.      81.      49.      61.     272.      41.          910.
 
  2017          57.      57.      50.     313.      58.     197.
                47.      70.      38.      79.      41.      46.         1053.
 
  2018          46.      34.      69.     184.      49.     166.
               142.     180.     142.     138.     161.     164.         1475.
 
  2019         156.     144.     152.     203.     247.      96.
               104.     156.     286.     159.     101.     104.         1908.
 
  2020         111.     112.     115.     156.     171.     172.
               178.     147.     178.     140.     163.     108.         1751.
 
  2021         193.     179.     215.     165.     131.     157.
               134.     199.     141.     131.     138.     150.         1933.
 
  2022         220.     236.     232.     345.     237.     214.
               267.     255.     197.     221.     165.     182.         2771.
 
  2023         208.     207.     227.     204.     257.     222.
               214.     236.     198.     235.     163.     201.         2572.
 
  2024         168.      99.     133.     129.     159.     127.
               148.     159.      97.     131.     121.     117.         1588.
 
  2025         172.     113.     157.     159.     178.     262.
               192.     166.     138.     225.     124.     183.         2069.
 
  2026         131.     133.     124.     267.     223.     214.
                                                                         1092.
 
  AVGE         106.     107.     117.     146.     121.     129.
               116.     144.     107.     119.     116.     102.

  Table Total-       32205.   Mean-       119.   Std. Dev.-        73.
                              Min -        13.        Max -       366.
        bps_permits 23540            PAGE   3, SERIES bps_permits_addi
                        Automatic ARIMA Model Selection

                    Procedure based closely on TRAMO method 
                         of Gomez and Maravall (2000)
              "Automatic Modeling Methods for Univariate Series",
                            A Course in Time Series
                  (Edited by D. Pena, G. C. Tiao, R. S. Tsay),
                         New York : J. Wiley and Sons


     Maximum order for regular ARMA parameters :   2
     Maximum order for seasonal ARMA parameters :   1
     Maximum order for regular differencing :   2
     Maximum order for seasonal differencing :   1

   Results of Unit Root Test for identifying orders of differencing:
     Regular difference order :   0
     Seasonal difference order :   0

  Automatic model choice : (1 0 1)(0 0 1)


  Final Checks for Identified Model


  Checking for Unit Roots.
   Regular unit root found.
   ( 0, 1, 1) ( 0, 0, 1)
  Constant term removed from model

  Checking for nonseasonal overdifferencing.
   Nonseasonal MA not within  0.001 of 1.0 - model passes test.

  Checking for insignificant ARMA coefficients.

  Final automatic model choice : (0 1 1)(0 0 1)
   End of automatic model selection procedure.

 Average absolute percentage error in within-sample forecasts:
  Last year:  22.33      Last-1 year:  21.28     Last-2 year:  35.83
  Last three years:   26.48

 Estimation converged in    1 ARMA iterations,    4 function evaluations.

 ARIMA Model:  (0 1 1)(0 0 1)
   Nonseasonal differences: 1
                                              Standard
 Parameter                    Estimate          Errors
 -----------------------------------------------------
 Nonseasonal MA                                    
   Lag  1                       0.7878         0.03794

 Seasonal MA                                       
   Lag 12                      -0.2725         0.05865

 Variance                       0.23641E+04
 SE of Var                      0.20384E+03
 -----------------------------------------------------

 Likelihood Statistics
 ------------------------------------------------------------------
 Number of observations (nobs)                                  270
 Effective number of observations (nefobs)                      269
 Number of parameters estimated (np)                              3
 Log likelihood (L)                                      -1427.4411
 AIC                                                      2860.8822 
 AICC (F-corrected-AIC)                                   2860.9727 
 Hannan Quinn                                             2865.2131 
 BIC                                                      2871.6663 
 ------------------------------------------------------------------

 QS Statistic for regARIMA Model Residuals (full series):             0.05
                                                       (P-Value =     0.9765)

 QS Statistic for regARIMA Model Residuals (starting 2018.Jul):       0.00
                                                       (P-Value =     1.0000)
      10*LOG(SPECTRUM) of the regARIMA model residuals
      Spectrum estimated from 2018.Jul to 2026.Jun.
 ++++++++++I+++++++++++++++++++++++++++++++++++++++++++++++++++++++++++++I
      39.09I      *                                                      I     39.09
           I      *                                                      I
           I      *                   *                                  I
           I   *  **                  *                                  I
      38.13I   *  **                  *        *                         I     38.13
           I   *  **                  *        *                         I
           I   *  **                  *        *                         I
           I   *  **                  *        *                         I
      37.18I   *  **                  *        *                         I     37.18
           I   *  **                  *        *                         I
           I   *  **                  *        *                         I
           I   *  **                  **       *                         I
      36.23I   *  **                  **       *                         I     36.23
           I   *  **                  **       *                         I
           I   *  **   *              **       *                         I
           I  **  **   *              **       *                         I
      35.28I  **  **  S*              **       *                         I     35.28
           I  **  **  S*    *    *    **       *                         I
           I  **  **  S*    *    *   ***       *                         I
           I  **  **  S*    *    *   ***       *                         I
      34.33I  **  **  S*    *    *   ***       *                         I     34.33
           I  ******  S*    *    **  ****      *                         I
           I  ******  S*    *    **  ****      *                         I
           I  ******  S*    **   **  ****     **                         I
      33.37I  ******* S*    **   **  ****     **                        SI     33.37
           I  ******* S*    **   **  ****     **           *       **   SI
           I  ******* S*    **   **  *****    **           *       **   SI
           I  ********S*    **   **  *****    **           *       **   SI
      32.42I  ********S*    **   **  *****    **           *       **   SI     32.42
           I  ********S*    **  S**  *****    **           *     ****  *SI
           I  ********S*    **  S*********    **           **    ****  *SI
           I  ********S*   ***  S*********    **           **    ****  *SI
      31.47I  ********S*   ***  S*********    **           **   T***** *SI     31.47
           I  ********S**  ***  S*********    **           **   T***** *SI
           I  ********S**  **** S*********    ***  *      ***   T*******SI
           I  ********S**  **** S*********    ***  *      ***   T*******SI
      30.52I  ********S**  *****S*********    ***  *      ***   T*******SI     30.52
           I *********S**  *****S*********    ***  *      ***   T*******SI
           I *********S**  *****S*********S   ***  *S     ***   T*******SI
           I *********S**  *****S*********S   ***  *S     ***  *T*******SI
      29.57I *********S**  *****S*********S   *** **S     ***  *T*******SI     29.57
           I *********S**  *****S*********S   *** **S    ***** *T*******SI
           I *********S** ******S*********S   *** **S   ****** *T*******SI
           I**********S*********S*********S   ******S   ******S*T*******SI
      28.61I**********S*********S*********S   ******S* *******S*T*******SI     28.61
           I**********S*********S*********S   ******S* *******S*T*******SI
           I**********S*********S*********S  *******S*T*******S*T*******SI
           I**********S*********S*********S  *******S*T*******S*T*******SI
      27.66I**********S*********S*********S  *******S*T*******S*T*******SI     27.66
           I**********S*********S*********S* *******S*T*******S*T*******SI
           I**********S*********S*********S* *******S*T*******S*T*******SI
           I**********S*********S*********S* *******S*T*******S*T*******SI
      26.71I**********S*********S*********S*********S*T*******S*T*******SI     26.71
 ++++++++++I+++++++++++++++++++++++++++++++++++++++++++++++++++++++++++++I
            S=SEASONAL FREQUENCIES, T=TRADING DAY FREQUENCIES


 FORECASTING
  Origin  2026.Jun
  Number        12

  Forecasts and Standard Errors
   ------------------------------
                         Standard
       Date   Forecast      Error
   ------------------------------
   2026.Jul     195.67     48.622
   2026.Aug     188.40     49.704
   2026.Sep     184.84     50.763
   2026.Oct     206.63     51.801
   2026.Nov     178.69     52.818
   2026.Dec     195.78     53.816
   2027.Jan     176.79     54.796
   2027.Feb     180.35     55.759
   2027.Mar     175.19     56.705
   2027.Apr     214.25     57.636
   2027.May     201.01     58.552
   2027.Jun     191.83     59.454
   ------------------------------

  Confidence intervals with coverage probability ( 0.95000
   ---------------------------------------
       Date      Lower  Forecast     Upper
   ---------------------------------------
   2026.Jul     100.38    195.67    290.97
   2026.Aug      90.98    188.40    285.82
   2026.Sep      85.34    184.84    284.33
   2026.Oct     105.10    206.63    308.15
   2026.Nov      75.17    178.69    282.21
   2026.Dec      90.30    195.78    301.26
   2027.Jan      69.39    176.79    284.19
   2027.Feb      71.07    180.35    289.64
   2027.Mar      64.05    175.19    286.33
   2027.Apr     101.29    214.25    327.21
   2027.May      86.25    201.01    315.77
   2027.Jun      75.30    191.83    308.36
   ---------------------------------------
        bps_permits 23540            PAGE   4, SERIES bps_permits_addi

 B 1  Original series (prior adjusted)
  From  2004.Jan to 2026.Jun
  Observations        270
 -----------------------------------------------------------------------------
               Jan      Feb      Mar      Apr      May      Jun 
               Jul      Aug      Sep      Oct      Nov      Dec        TOTAL  
 -----------------------------------------------------------------------------
  2004          90.     270.     206.     183.     171.     200.
               164.     149.     137.     257.     138.     156.         2121.
 
  2005         168.     182.     285.     284.     167.     137.
               137.     142.     163.     130.     138.     150.         2083.
 
  2006         121.     122.     136.     137.     141.     199.
               169.     326.     102.      97.     258.     101.         1909.
 
  2007          85.      88.      89.     124.     128.     116.
                91.     366.      91.      86.      78.     121.         1463.
 
  2008         132.     109.      94.      76.      49.      68.
                69.     233.      57.      44.      41.      40.         1012.
 
  2009          34.      38.      38.      33.      47.      51.
                35.      35.      57.      36.      40.      65.          509.
 
  2010          55.      33.      58.      34.      24.      50.
                36.      32.      27.      30.      13.      36.          428.
 
  2011          22.      36.      37.      31.      43.      42.
                55.      36.      36.      36.      29.      43.          446.
 
  2012          35.      48.      58.      38.      53.      39.
                62.      42.      57.      45.      56.      55.          588.
 
  2013          66.      60.      66.      87.      60.      57.
                85.      46.      60.      67.      50.      50.          754.
 
  2014          60.      54.      55.      75.      73.      66.
                67.      55.      53.      73.      44.      77.          752.
 
  2015          53.      54.      42.      55.      52.      67.
               107.      61.      55.     191.     226.      55.         1018.
 
  2016          62.      52.      49.      78.      58.      56.
                51.      81.      49.      61.     272.      41.          910.
 
  2017          57.      57.      50.     313.      58.     197.
                47.      70.      38.      79.      41.      46.         1053.
 
  2018          46.      34.      69.     184.      49.     166.
               142.     180.     142.     138.     161.     164.         1475.
 
  2019         156.     144.     152.     203.     247.      96.
               104.     156.     286.     159.     101.     104.         1908.
 
  2020         111.     112.     115.     156.     171.     172.
               178.     147.     178.     140.     163.     108.         1751.
 
  2021         193.     179.     215.     165.     131.     157.
               134.     199.     141.     131.     138.     150.         1933.
 
  2022         220.     236.     232.     345.     237.     214.
               267.     255.     197.     221.     165.     182.         2771.
 
  2023         208.     207.     227.     204.     257.     222.
               214.     236.     198.     235.     163.     201.         2572.
 
  2024         168.      99.     133.     129.     159.     127.
               148.     159.      97.     131.     121.     117.         1588.
 
  2025         172.     113.     157.     159.     178.     262.
               192.     166.     138.     225.     124.     183.         2069.
 
  2026         131.     133.     124.     267.     223.     214.
                                                                         1092.
 
  AVGE         106.     107.     117.     146.     121.     129.
               116.     144.     107.     119.     116.     102.

  Table Total-       32205.   Mean-       119.   Std. Dev.-        73.
                              Min -        13.        Max -       366.

 B 1.A  Forecasts of (prior adjusted) original series
  From  2026.Jul to 2027.Jun
  Observations         12
 -----------------------------------------------------------------------------
               Jan      Feb      Mar      Apr      May      Jun 
               Jul      Aug      Sep      Oct      Nov      Dec        TOTAL  
 -----------------------------------------------------------------------------
  2026                                                          
               196.     188.     185.     207.     179.     196.         1150.
 
  2027         177.     180.     175.     214.     201.     192.
                                                                         1139.
 
        bps_permits 23540            PAGE   5, SERIES bps_permits_addi

 C 17  Final weights for irregular component
  From  2004.Jan to 2026.Jun
  Observations        270
  Lower sigma limit    1.50
  Upper sigma limit    2.50
 -----------------------------------------------------------------------------
               Jan      Feb      Mar      Apr      May      Jun 
               Jul      Aug      Sep      Oct      Nov      Dec         S.D.  
 -----------------------------------------------------------------------------
  2004          30.       0.     100.     100.     100.     100.
               100.       0.     100.       0.     100.     100.         3011.
 
  2005         100.     100.      83.      51.     100.     100.
               100.      71.      73.     100.     100.     100.         3011.
 
  2006         100.     100.     100.     100.     100.     100.
               100.       0.     100.     100.       0.     100.         3011.
 
  2007         100.     100.     100.     100.     100.     100.
               100.       0.     100.     100.     100.     100.         2400.
 
  2008         100.     100.     100.     100.     100.     100.
               100.       0.     100.     100.     100.     100.         1882.
 
  2009         100.     100.     100.     100.     100.     100.
               100.       0.      52.     100.     100.     100.         1199.
 
  2010         100.     100.     100.     100.     100.     100.
               100.      91.     100.     100.     100.     100.         1032.
 
  2011         100.     100.     100.     100.     100.     100.
               100.     100.     100.     100.     100.     100.          955.
 
  2012         100.     100.     100.     100.     100.     100.
               100.     100.     100.      49.     100.     100.          854.
 
  2013         100.     100.     100.     100.     100.     100.
               100.     100.     100.     100.     100.     100.         1386.
 
  2014         100.     100.     100.     100.     100.     100.
               100.     100.     100.     100.     100.      11.         1516.
 
  2015         100.     100.     100.     100.     100.     100.
               100.     100.     100.       0.       0.     100.         1985.
 
  2016         100.     100.     100.     100.     100.     100.
               100.     100.     100.     100.       0.     100.         2308.
 
  2017         100.     100.     100.       0.      65.      38.
               100.     100.     100.     100.     100.     100.         2887.
 
  2018         100.     100.     100.     100.       0.     100.
               100.     100.     100.     100.     100.     100.         2757.
 
  2019         100.     100.     100.     100.       0.       0.
               100.     100.       0.     100.     100.     100.         2859.
 
  2020         100.     100.     100.     100.     100.     100.
               100.     100.     100.     100.     100.     100.         2661.
 
  2021         100.     100.      30.     100.     100.     100.
               100.     100.     100.     100.     100.     100.         2456.
 
  2022         100.     100.     100.       0.     100.      26.
               100.     100.     100.     100.     100.     100.         1804.
 
  2023         100.     100.     100.     100.     100.     100.
               100.     100.     100.     100.     100.     100.         1816.
 
  2024         100.      74.     100.     100.     100.     100.
               100.     100.     100.     100.     100.     100.         1710.
 
  2025          46.     100.     100.     100.     100.       0.
               100.     100.     100.       0.     100.     100.         1663.
 
  2026         100.     100.       0.       0.     100.     100.
                                                                         1663.
 
        bps_permits 23540            PAGE   6, SERIES bps_permits_addi

 D 8  Final unmodified SI ratios
  From  2004.Jan to 2026.Jun
  Observations        270
 -----------------------------------------------------------------------------
               Jan      Feb      Mar      Apr      May      Jun 
               Jul      Aug      Sep      Oct      Nov      Dec         AVGE  
 -----------------------------------------------------------------------------
  2004         -77.     103.      37.      12.      -2.      24.
               -12.     -25.     -33.      91.     -30.     -22.            6.
 
  2005         -24.     -21.      81.      90.     -10.     -21.
                -8.       1.      18.     -22.     -15.       2.            6.
 
  2006         -18.      -9.       5.      -1.      -8.      41.
                 7.     168.     -45.     -34.     142.      -4.           20.
 
  2007         -15.     -12.     -13.      19.      19.       5.
               -20.     257.     -17.     -23.     -35.       6.           14.
 
  2008          18.       2.      -2.      -7.     -23.       2.
                 5.     169.      -5.     -14.     -10.      -4.           11.
 
  2009          -6.       0.      -0.      -8.       4.       7.
               -11.     -12.       8.     -15.     -12.      13.           -3.
 
  2010           5.     -15.      14.      -7.     -13.      16.
                 4.       2.      -2.       1.     -16.       6.           -0.
 
  2011          -9.       4.       3.      -5.       5.       2.
                15.      -4.      -3.      -3.     -11.       2.           -0.
 
  2012          -8.       4.      14.      -7.       8.      -7.
                14.      -9.       3.     -12.      -4.      -8.           -1.
 
  2013           1.      -6.      -1.      20.      -6.      -7.
                23.     -14.       1.       9.      -7.      -7.            0.
 
  2014           1.      -7.      -9.      10.       7.       1.
                 5.      -3.      -2.      19.     -10.      22.            3.
 
  2015          -1.       0.     -12.      -0.      -6.       5.
                38.     -16.     -28.     105.     140.     -29.           16.
 
  2016         -16.     -18.     -12.      23.       7.       6.
                -0.      27.     -10.      -1.     206.     -28.           15.
 
  2017         -16.     -23.     -36.     224.     -29.     115.
               -27.       4.     -21.      23.     -15.     -15.           15.
 
  2018         -23.     -44.     -22.      77.     -73.      32.
                -1.      30.     -15.     -25.      -7.      -7.           -6.
 
  2019         -16.     -26.     -12.      49.     101.     -45.
               -35.      17.     146.      20.     -33.     -24.           12.
 
  2020         -12.     -10.     -12.      20.      26.      19.
                20.     -15.      14.     -26.      -6.     -64.           -4.
 
  2021          22.      12.      56.      14.     -14.      15.
                -8.      53.     -11.     -30.     -35.     -38.            3.
 
  2022          16.      18.       3.     109.      -1.     -24.
                31.      25.     -26.       6.     -44.     -24.            7.
 
  2023           1.      -4.      13.     -12.      40.       6.
                -1.      21.     -17.      24.     -39.      13.            4.
 
  2024          -2.     -53.      -5.      -0.      33.       2.
                23.      34.     -29.       3.     -12.     -22.           -2.
 
  2025          27.     -38.       2.       2.      19.     102.
                32.       5.     -22.      65.     -35.      22.           15.
 
  2026         -34.     -38.     -53.      84.      37.      26.
                                                                            3.
 
  AVGE          -8.      -8.       2.      31.       5.      14.
                 4.      32.      -4.       7.       5.     -10.

  Table Total-        1600.   Mean-         6.   Std. Dev.-        43.
                              Min -       -77.        Max -       257.
        bps_permits 23540            PAGE   7, SERIES bps_permits_addi

 D 8.B  Final unmodified SI ratios, with labels for outliers and extreme values
  From  2004.Jan to 2026.Jun
  Observations        270
 ---------------------------------------------------------------------
               Jan       Feb       Mar       Apr       May       Jun  
               Jul       Aug       Sep       Oct       Nov       Dec  
 ---------------------------------------------------------------------
  2004        -77.*     103.*      37.       12.       -2.       24.  
              -12.      -25.*     -33.       91.*     -30.      -22.  
 
  2005        -24.      -21.       81.*      90.*     -10.      -21.  
               -8.        1.*      18.*     -22.      -15.        2.  
 
  2006        -18.       -9.        5.       -1.       -8.       41.  
                7.      168.*     -45.      -34.      142.*      -4.  
 
  2007        -15.      -12.      -13.       19.       19.        5.  
              -20.      257.*     -17.      -23.      -35.        6.  
 
  2008         18.        2.       -2.       -7.      -23.        2.  
                5.      169.*      -5.      -14.      -10.       -4.  
 
  2009         -6.        0.       -0.       -8.        4.        7.  
              -11.      -12.*       8.*     -15.      -12.       13.  
 
  2010          5.      -15.       14.       -7.      -13.       16.  
                4.        2.*      -2.        1.      -16.        6.  
 
  2011         -9.        4.        3.       -5.        5.        2.  
               15.       -4.       -3.       -3.      -11.        2.  
 
  2012         -8.        4.       14.       -7.        8.       -7.  
               14.       -9.        3.      -12.*      -4.       -8.  
 
  2013          1.       -6.       -1.       20.       -6.       -7.  
               23.      -14.        1.        9.       -7.       -7.  
 
  2014          1.       -7.       -9.       10.        7.        1.  
                5.       -3.       -2.       19.      -10.       22.* 
 
  2015         -1.        0.      -12.       -0.       -6.        5.  
               38.      -16.      -28.      105.*     140.*     -29.  
 
  2016        -16.      -18.      -12.       23.        7.        6.  
               -0.       27.      -10.       -1.      206.*     -28.  
 
  2017        -16.      -23.      -36.      224.*     -29.*     115.* 
              -27.        4.      -21.       23.      -15.      -15.  
 
  2018        -23.      -44.      -22.       77.      -73.*      32.  
               -1.       30.      -15.      -25.       -7.       -7.  
 
  2019        -16.      -26.      -12.       49.      101.*     -45.* 
              -35.       17.      146.*      20.      -33.      -24.  
 
  2020        -12.      -10.      -12.       20.       26.       19.  
               20.      -15.       14.      -26.       -6.      -64.  
 
  2021         22.       12.       56.*      14.      -14.       15.  
               -8.       53.      -11.      -30.      -35.      -38.  
 
  2022         16.       18.        3.      109.*      -1.      -24.* 
               31.       25.      -26.        6.      -44.      -24.  
 
  2023          1.       -4.       13.      -12.       40.        6.  
               -1.       21.      -17.       24.      -39.       13.  
 
  2024         -2.      -53.*      -5.       -0.       33.        2.  
               23.       34.      -29.        3.      -12.      -22.  
 
  2025         27.*     -38.        2.        2.       19.      102.* 
               32.        5.      -22.       65.*     -35.       22.  
 
  2026        -34.      -38.      -53.*      84.*      37.       26.  
                                                                      
 

  Key to symbols:
    *  : extreme value as determined by X-11 extreme value procedure
 
        bps_permits 23540            PAGE   8, SERIES bps_permits_addi

 D 9  Final replacement values for SI ratios
  From  2004.Jan to 2026.Jun
  Observations        270
 ---------------------------------------------------------------
               Jan      Feb      Mar      Apr      May      Jun 
               Jul      Aug      Sep      Oct      Nov      Dec 
 ---------------------------------------------------------------
  2004         -30.       9. ******** ******** ******** ********
           ********      56. ********     -28. ******** ********
 
  2005     ******** ********      72.      61. ******** ********
           ********      17.       4. ******** ******** ********
 
  2006     ******** ******** ******** ******** ******** ********
           ********      73. ******** ********      -4. ********
 
  2007     ******** ******** ******** ******** ******** ********
           ********      72. ******** ******** ******** ********
 
  2008     ******** ******** ******** ******** ******** ********
           ********      55. ******** ******** ******** ********
 
  2009     ******** ******** ******** ******** ******** ********
           ********      33.      -3. ******** ******** ********
 
  2010     ******** ******** ******** ******** ******** ********
           ********       4. ******** ******** ******** ********
 
  2011     ******** ******** ******** ******** ******** ********
           ******** ******** ******** ******** ******** ********
 
  2012     ******** ******** ******** ******** ******** ********
           ******** ******** ********      -4. ******** ********
 
  2013     ******** ******** ******** ******** ******** ********
           ******** ******** ******** ******** ******** ********
 
  2014     ******** ******** ******** ******** ******** ********
           ******** ******** ******** ******** ********     -10.
 
  2015     ******** ******** ******** ******** ******** ********
           ******** ******** ********      38.      23. ********
 
  2016     ******** ******** ******** ******** ******** ********
           ******** ******** ******** ********      13. ********
 
  2017     ******** ******** ********      63.     -10.      77.
           ******** ******** ******** ******** ******** ********
 
  2018     ******** ******** ******** ********      -3. ********
           ******** ******** ******** ******** ******** ********
 
  2019     ******** ******** ******** ********       7.      39.
           ******** ********       2. ******** ******** ********
 
  2020     ******** ******** ******** ******** ******** ********
           ******** ******** ******** ******** ******** ********
 
  2021     ******** ********      19. ******** ******** ********
           ******** ******** ******** ******** ******** ********
 
  2022     ******** ******** ********      16. ********       6.
           ******** ******** ******** ******** ******** ********
 
  2023     ******** ******** ******** ******** ******** ********
           ******** ******** ******** ******** ******** ********
 
  2024     ********     -45. ******** ******** ******** ********
           ******** ******** ******** ******** ******** ********
 
  2025           8. ******** ******** ******** ********      18.
           ******** ******** ********      19. ******** ********
 
  2026     ******** ********      -3.      14. ******** ********
                                                                
 

 D 9.A  Moving seasonality ratio
 ---------------------------------------------------------------
               Jan      Feb      Mar      Apr      May      Jun 
 ---------------------------------------------------------------
   I         11.219   13.684   14.960   19.761   17.303   16.951
   S          2.902    2.780    3.462    4.926    2.516    2.787
 RATIO        3.865    4.922    4.321    4.012    6.878    6.083



 ---------------------------------------------------------------
               Jul      Aug      Sep      Oct      Nov      Dec 
 ---------------------------------------------------------------
   I         22.764   21.132   14.199   19.206   15.286   17.338
   S          3.140    4.886    2.400    4.423    2.674    3.626
 RATIO        7.249    4.325    5.915    4.342    5.716    4.781



        bps_permits 23540            PAGE   9, SERIES bps_permits_addi

 D 10  Final seasonal factors
  From  2004.Jan to 2026.Jun
  Observations        270
  Seasonal filter    3 x 5 moving average
 -----------------------------------------------------------------------------
               Jan      Feb      Mar      Apr      May      Jun 
               Jul      Aug      Sep      Oct      Nov      Dec         AVGE  
 -----------------------------------------------------------------------------
  2004         -23.      -8.      30.      23.      -3.      13.
                -7.      51.     -24.     -27.     -19.      -6.           -0.
 
  2005         -19.      -7.      26.      21.      -3.      12.
                -7.      53.     -22.     -26.     -19.      -5.            0.
 
  2006         -14.      -7.      20.      17.      -3.       9.
                -7.      52.     -19.     -24.     -18.      -2.            0.
 
  2007          -8.      -7.      11.      10.      -4.      10.
                -5.      50.     -16.     -21.     -16.       1.            0.
 
  2008          -4.      -6.       5.       4.      -3.       9.
                -3.      42.     -12.     -17.     -16.       3.            0.
 
  2009          -1.      -4.       3.      -3.      -3.       8.
                 0.      32.      -8.     -12.     -15.       3.            0.
 
  2010          -2.      -2.       5.      -3.      -2.       4.
                 4.      16.      -3.      -7.     -13.       2.            0.
 
  2011          -2.      -2.       6.      -2.      -1.       2.
                 9.       4.      -1.      -1.     -10.      -0.            0.
 
  2012          -3.      -3.       3.       2.       0.       0.
                13.      -4.      -2.       5.      -7.      -4.            0.
 
  2013          -3.      -4.      -0.       5.       1.      -0.
                16.      -6.      -4.      10.      -3.     -10.            0.
 
  2014          -5.      -6.      -6.      12.       0.       5.
                14.      -4.      -8.      15.       1.     -15.            0.
 
  2015          -8.     -12.     -12.      22.      -0.      13.
                 9.       2.     -11.      14.       2.     -17.            0.
 
  2016         -11.     -18.     -17.      33.      -1.      24.
                 2.       7.     -13.      14.      -1.     -19.           -0.
 
  2017         -14.     -22.     -19.      41.       1.      31.
                -3.      11.     -11.       7.      -4.     -22.           -0.
 
  2018         -14.     -22.     -17.      44.       2.      35.
                -7.      15.      -9.       1.     -11.     -26.           -1.
 
  2019          -9.     -18.     -13.      42.       4.      32.
                -5.      18.      -7.      -7.     -18.     -29.           -1.
 
  2020          -3.     -10.      -5.      32.       6.      26.
                -2.      20.      -7.      -7.     -25.     -29.           -0.
 
  2021           2.      -6.       0.      20.      11.      17.
                 5.      22.     -10.      -6.     -28.     -28.           -0.
 
  2022           6.      -6.       4.      10.      15.      12.
                 9.      24.     -14.      -0.     -30.     -21.            1.
 
  2023           4.     -13.       4.       5.      19.      10.
                15.      22.     -18.       4.     -30.     -13.            1.
 
  2024          -1.     -20.       2.       5.      23.      11.
                15.      19.     -20.      11.     -30.      -4.            1.
 
  2025          -8.     -28.      -2.       7.      27.      13.
                17.      15.     -19.      13.     -27.      -0.            1.
 
  2026         -13.     -32.      -5.       9.      27.      15.
                                                                            0.
 
  AVGE          -7.     -11.       1.      15.       5.      13.
                 4.      21.     -12.      -3.     -15.     -11.

  Table Total-          24.   Mean-         0.   Std. Dev.-        16.
                              Min -       -32.        Max -        53.

 D 10.A  Final seasonal component forecasts
  From  2026.Jul to 2027.Jun
  Observations         12
 -----------------------------------------------------------------------------
               Jan      Feb      Mar      Apr      May      Jun 
               Jul      Aug      Sep      Oct      Nov      Dec         AVGE  
 -----------------------------------------------------------------------------
  2026                                                          
                17.      14.     -19.      13.     -25.       1.            0.
 
  2027         -14.     -33.      -6.      12.      26.      16.
                                                                            0.
 
        bps_permits 23540            PAGE  10, SERIES bps_permits_addi

 D 11  Final seasonally adjusted data
  From  2004.Jan to 2026.Jun
  Observations        270
 -----------------------------------------------------------------------------
               Jan      Feb      Mar      Apr      May      Jun 
               Jul      Aug      Sep      Oct      Nov      Dec        TOTAL  
 -----------------------------------------------------------------------------
  2004         113.     278.     176.     160.     174.     187.
               171.      98.     161.     284.     157.     162.         2122.
 
  2005         187.     189.     259.     263.     170.     125.
               144.      89.     185.     156.     157.     155.         2081.
 
  2006         135.     129.     116.     120.     144.     190.
               176.     274.     121.     121.     276.     103.         1905.
 
  2007          93.      95.      78.     114.     132.     106.
                96.     316.     107.     107.      94.     120.         1459.
 
  2008         136.     115.      89.      72.      52.      59.
                72.     191.      69.      61.      57.      37.         1009.
 
  2009          35.      42.      35.      36.      50.      43.
                35.       3.      65.      48.      55.      62.          509.
 
  2010          57.      35.      53.      37.      26.      46.
                32.      16.      30.      37.      26.      34.          428.
 
  2011          24.      38.      31.      33.      44.      40.
                46.      32.      37.      37.      39.      43.          446.
 
  2012          38.      51.      55.      36.      53.      39.
                49.      46.      59.      40.      63.      59.          587.
 
  2013          69.      64.      66.      82.      59.      57.
                69.      52.      64.      57.      53.      60.          752.
 
  2014          65.      60.      61.      63.      73.      61.
                53.      59.      61.      58.      43.      92.          750.
 
  2015          61.      66.      54.      33.      52.      54.
                98.      59.      66.     177.     224.      72.         1017.
 
  2016          73.      70.      66.      45.      59.      32.
                49.      74.      62.      47.     273.      60.          910.
 
  2017          71.      79.      69.     272.      57.     166.
                50.      59.      49.      72.      45.      68.         1059.
 
  2018          60.      56.      86.     140.      47.     131.
               149.     165.     151.     137.     172.     190.         1485.
 
  2019         165.     162.     165.     161.     243.      64.
               109.     138.     293.     166.     119.     133.         1919.
 
  2020         114.     122.     120.     124.     165.     146.
               180.     127.     185.     147.     188.     137.         1756.
 
  2021         191.     185.     215.     145.     120.     140.
               129.     177.     151.     137.     166.     178.         1934.
 
  2022         214.     242.     228.     335.     222.     202.
               258.     231.     211.     221.     195.     203.         2764.
 
  2023         204.     220.     223.     199.     238.     212.
               199.     214.     216.     231.     193.     214.         2562.
 
  2024         169.     119.     131.     124.     136.     116.
               133.     140.     117.     120.     151.     121.         1576.
 
  2025         180.     141.     159.     152.     151.     249.
               175.     151.     157.     212.     151.     183.         2063.
 
  2026         144.     165.     129.     258.     196.     199.
                                                                         1090.
 
  AVGE         113.     118.     116.     131.     116.     116.
               112.     123.     119.     121.     132.     113.

  Table Total-       32181.   Mean-       119.   Std. Dev.-        70.
                              Min -         3.        Max -       335.
        bps_permits 23540            PAGE  11, SERIES bps_permits_addi

 D 12  Final trend cycle
  From  2004.Jan to 2026.Jun
  Observations        270
  Trend filter    23-term Henderson moving average
  I/C ratio        3.50
 -----------------------------------------------------------------------------
               Jan      Feb      Mar      Apr      May      Jun 
               Jul      Aug      Sep      Oct      Nov      Dec        TOTAL  
 -----------------------------------------------------------------------------
  2004         174.     173.     173.     172.     172.     171.
               170.     170.     172.     176.     180.     184.         2087.
 
  2005         186.     187.     185.     182.     177.     171.
               163.     155.     148.     142.     139.     138.         1973.
 
  2006         140.     142.     146.     148.     150.     150.
               148.     144.     139.     131.     123.     115.         1676.
 
  2007         109.     104.     102.     102.     104.     107.
               110.     113.     115.     114.     112.     109.         1301.
 
  2008         104.      98.      92.      86.      80.      73.
                68.      63.      58.      54.      51.      47.          873.
 
  2009          44.      42.      40.      39.      40.      42.
                45.      47.      50.      51.      51.      51.          543.
 
  2010          49.      47.      44.      41.      38.      34.
                32.      30.      29.      29.      29.      30.          434.
 
  2011          32.      33.      35.      36.      37.      38.
                38.      39.      40.      40.      41.      42.          450.
 
  2012          43.      43.      44.      45.      46.      48.
                49.      51.      53.      56.      59.      62.          600.
 
  2013          64.      65.      66.      66.      65.      64.
                62.      61.      60.      59.      60.      60.          752.
 
  2014          61.      61.      62.      62.      62.      61.
                61.      59.      58.      57.      55.      54.          713.
 
  2015          53.      53.      55.      57.      61.      66.
                71.      76.      79.      81.      81.      79.          813.
 
  2016          75.      70.      65.      60.      56.      54.
                53.      54.      57.      61.      66.      71.          743.
 
  2017          76.      79.      81.      82.      80.      77.
                73.      68.      64.      61.      61.      65.          867.
 
  2018          71.      81.      93.     105.     118.     131.
               141.     151.     158.     164.     166.     167.         1547.
 
  2019         166.     163.     160.     156.     152.     148.
               143.     139.     135.     132.     130.     129.         1755.
 
  2020         129.     131.     134.     137.     142.     147.
               153.     159.     164.     167.     169.     168.         1801.
 
  2021         166.     162.     158.     153.     149.     146.
               146.     149.     155.     164.     176.     189.         1913.
 
  2022         202.     214.     224.     231.     234.     235.
               232.     228.     223.     219.     215.     213.         2671.
 
  2023         211.     211.     212.     214.     217.     218.
               218.     216.     210.     203.     193.     182.         2505.
 
  2024         170.     157.     146.     137.     130.     125.
               124.     125.     127.     131.     135.     139.         1647.
 
  2025         144.     148.     151.     155.     157.     159.
               160.     160.     160.     161.     163.     165.         1883.
 
  2026         168.     172.     176.     180.     184.     187.
                                                                         1066.
 
  AVGE         115.     115.     115.     115.     115.     115.
               112.     112.     112.     112.     112.     112.

  Table Total-       30613.   Mean-       113.   Std. Dev.-        58.
                              Min -        29.        Max -       235.
        bps_permits 23540            PAGE  12, SERIES bps_permits_addi

 D 13  Final irregular component
  From  2004.Jan to 2026.Jun
  Observations        270
 -----------------------------------------------------------------------------
               Jan      Feb      Mar      Apr      May      Jun 
               Jul      Aug      Sep      Oct      Nov      Dec         S.D.  
 -----------------------------------------------------------------------------
  2004         -61.     105.       3.     -12.       2.      16.
                 1.     -73.     -12.     108.     -23.     -22.           53.
 
  2005           1.       2.      74.      81.      -7.     -45.
               -19.     -66.      37.      14.      18.      17.           42.
 
  2006          -4.     -13.     -29.     -28.      -6.      40.
                28.     130.     -18.     -10.     153.     -13.           61.
 
  2007         -16.     -10.     -24.      12.      28.      -1.
               -14.     203.      -7.      -7.     -18.      12.           61.
 
  2008          32.      16.      -3.     -14.     -27.     -14.
                 5.     128.      11.       7.       6.     -11.           40.
 
  2009          -9.      -0.      -5.      -4.      10.       1.
               -10.     -44.      15.      -3.       3.      11.           15.
 
  2010           7.     -12.       9.      -4.     -12.      11.
                -0.     -15.       1.       8.      -4.       3.            8.
 
  2011          -8.       5.      -3.      -3.       8.       2.
                 8.      -7.      -3.      -3.      -2.       2.            5.
 
  2012          -5.       7.      10.      -9.       6.      -9.
                -0.      -5.       6.     -16.       4.      -2.            8.
 
  2013           5.      -2.       0.      16.      -6.      -6.
                 7.      -9.       4.      -3.      -7.       0.            7.
 
  2014           4.      -1.      -1.       1.      11.       0.
                -8.      -0.       2.       2.     -12.      38.           12.
 
  2015           7.      12.      -0.     -25.      -9.     -12.
                27.     -16.     -14.      96.     143.      -6.           52.
 
  2016          -2.      -0.       2.     -15.       3.     -22.
                -4.      20.       5.     -14.     207.     -11.           61.
 
  2017          -5.      -0.     -12.     190.     -24.      89.
               -22.      -9.     -14.      11.     -16.       3.           62.
 
  2018         -12.     -25.      -6.      34.     -71.       0.
                 8.      15.      -7.     -26.       6.      23.           27.
 
  2019          -0.      -2.       4.       5.      91.     -84.
               -34.      -1.     158.      34.     -11.       4.           60.
 
  2020         -16.      -9.     -13.     -14.      24.      -1.
                27.     -32.      21.     -21.      20.     -31.           21.
 
  2021          25.      23.      57.      -8.     -28.      -6.
               -17.      28.      -4.     -28.     -10.     -11.           25.
 
  2022          12.      28.       4.     105.     -12.     -32.
                25.       3.     -13.       2.     -20.      -9.           35.
 
  2023          -7.       9.      11.     -16.      21.      -6.
               -19.      -2.       6.      28.       0.      33.           16.
 
  2024          -0.     -38.     -16.     -12.       6.      -9.
                 9.      15.     -11.     -11.      16.     -19.           16.
 
  2025          37.      -7.       7.      -2.      -6.      91.
                16.      -9.      -3.      50.     -12.      18.           33.
 
  2026         -25.      -7.     -47.      78.      12.      12.
                                                                           39.
 
  S.D.          19.      26.      24.      53.      28.      36.
                17.      64.      36.      36.      64.      17.

  Table Total-        1568.   Mean-         6.   Std. Dev.-        38.
                              Min -       -84.        Max -       207.
        bps_permits 23540            PAGE  13, SERIES bps_permits_addi

 D 16  Combined adjustment factors
  From  2004.Jan to 2026.Jun
  Observations        270
 -----------------------------------------------------------------------------
               Jan      Feb      Mar      Apr      May      Jun 
               Jul      Aug      Sep      Oct      Nov      Dec         AVGE  
 -----------------------------------------------------------------------------
  2004         -23.      -8.      30.      23.      -3.      13.
                -7.      51.     -24.     -27.     -19.      -6.           -0.
 
  2005         -19.      -7.      26.      21.      -3.      12.
                -7.      53.     -22.     -26.     -19.      -5.            0.
 
  2006         -14.      -7.      20.      17.      -3.       9.
                -7.      52.     -19.     -24.     -18.      -2.            0.
 
  2007          -8.      -7.      11.      10.      -4.      10.
                -5.      50.     -16.     -21.     -16.       1.            0.
 
  2008          -4.      -6.       5.       4.      -3.       9.
                -3.      42.     -12.     -17.     -16.       3.            0.
 
  2009          -1.      -4.       3.      -3.      -3.       8.
                 0.      32.      -8.     -12.     -15.       3.            0.
 
  2010          -2.      -2.       5.      -3.      -2.       4.
                 4.      16.      -3.      -7.     -13.       2.            0.
 
  2011          -2.      -2.       6.      -2.      -1.       2.
                 9.       4.      -1.      -1.     -10.      -0.            0.
 
  2012          -3.      -3.       3.       2.       0.       0.
                13.      -4.      -2.       5.      -7.      -4.            0.
 
  2013          -3.      -4.      -0.       5.       1.      -0.
                16.      -6.      -4.      10.      -3.     -10.            0.
 
  2014          -5.      -6.      -6.      12.       0.       5.
                14.      -4.      -8.      15.       1.     -15.            0.
 
  2015          -8.     -12.     -12.      22.      -0.      13.
                 9.       2.     -11.      14.       2.     -17.            0.
 
  2016         -11.     -18.     -17.      33.      -1.      24.
                 2.       7.     -13.      14.      -1.     -19.           -0.
 
  2017         -14.     -22.     -19.      41.       1.      31.
                -3.      11.     -11.       7.      -4.     -22.           -0.
 
  2018         -14.     -22.     -17.      44.       2.      35.
                -7.      15.      -9.       1.     -11.     -26.           -1.
 
  2019          -9.     -18.     -13.      42.       4.      32.
                -5.      18.      -7.      -7.     -18.     -29.           -1.
 
  2020          -3.     -10.      -5.      32.       6.      26.
                -2.      20.      -7.      -7.     -25.     -29.           -0.
 
  2021           2.      -6.       0.      20.      11.      17.
                 5.      22.     -10.      -6.     -28.     -28.           -0.
 
  2022           6.      -6.       4.      10.      15.      12.
                 9.      24.     -14.      -0.     -30.     -21.            1.
 
  2023           4.     -13.       4.       5.      19.      10.
                15.      22.     -18.       4.     -30.     -13.            1.
 
  2024          -1.     -20.       2.       5.      23.      11.
                15.      19.     -20.      11.     -30.      -4.            1.
 
  2025          -8.     -28.      -2.       7.      27.      13.
                17.      15.     -19.      13.     -27.      -0.            1.
 
  2026         -13.     -32.      -5.       9.      27.      15.
                                                                            0.
 
  AVGE          -7.     -11.       1.      15.       5.      13.
                 4.      21.     -12.      -3.     -15.     -11.

  Table Total-          24.   Mean-         0.   Std. Dev.-        16.
                              Min -       -32.        Max -        53.

 D 16.A  Combined adjustment component forecasts
  From  2026.Jul to 2027.Jun
  Observations         12
 -----------------------------------------------------------------------------
               Jan      Feb      Mar      Apr      May      Jun 
               Jul      Aug      Sep      Oct      Nov      Dec         AVGE  
 -----------------------------------------------------------------------------
  2026                                                          
                17.      14.     -19.      13.     -25.       1.            0.
 
  2027         -14.     -33.      -6.      12.      26.      16.
                                                                            0.
 
        bps_permits 23540            PAGE  14, SERIES bps_permits_addi

 E 4  Differences of annual totals
  From          2004 to 2025
  Observations         22
 -----------------------------------
  Year       Unmodified     Modified
                  (D11)         (E2)
 -----------------------------------
  2004              -1.          -1.
 
  2005               2.           2.
 
  2006               4.           4.
 
  2007               4.           4.
 
  2008               3.           3.
 
  2009               0.           0.
 
  2010               0.           0.
 
  2011               0.           0.
 
  2012               1.           1.
 
  2013               2.           2.
 
  2014               2.           2.
 
  2015               1.           1.
 
  2016              -0.          -0.
 
  2017              -6.          -6.
 
  2018             -10.         -10.
 
  2019             -11.         -11.
 
  2020              -5.          -5.
 
  2021              -1.          -1.
 
  2022               7.           7.
 
  2023              10.          10.
 
  2024              12.          12.
 
  2025               6.           6.
 
        bps_permits 23540            PAGE  15, SERIES bps_permits_addi

 E 5  Month-to-month differences in the original series
  From  2004.Feb to 2026.Jun
  Observations        269
 -----------------------------------------------------------------------------
               Jan      Feb      Mar      Apr      May      Jun 
               Jul      Aug      Sep      Oct      Nov      Dec         AVGE  
 -----------------------------------------------------------------------------
  2004                  180.     -64.     -23.     -12.      29.
               -36.     -15.     -12.     120.    -119.      18.            6.
 
  2005          12.      14.     103.      -1.    -117.     -30.
                 0.       5.      21.     -33.       8.      12.           -0.
 
  2006         -29.       1.      14.       1.       4.      58.
               -30.     157.    -224.      -5.     161.    -157.           -4.
 
  2007         -16.       3.       1.      35.       4.     -12.
               -25.     275.    -275.      -5.      -8.      43.            2.
 
  2008          11.     -23.     -15.     -18.     -27.      19.
                 1.     164.    -176.     -13.      -3.      -1.           -7.
 
  2009          -6.       4.       0.      -5.      14.       4.
               -16.       0.      22.     -21.       4.      25.            2.
 
  2010         -10.     -22.      25.     -24.     -10.      26.
               -14.      -4.      -5.       3.     -17.      23.           -2.
 
  2011         -14.      14.       1.      -6.      12.      -1.
                13.     -19.       0.       0.      -7.      14.            1.
 
  2012          -8.      13.      10.     -20.      15.     -14.
                23.     -20.      15.     -12.      11.      -1.            1.
 
  2013          11.      -6.       6.      21.     -27.      -3.
                28.     -39.      14.       7.     -17.       0.           -0.
 
  2014          10.      -6.       1.      20.      -2.      -7.
                 1.     -12.      -2.      20.     -29.      33.            2.
 
  2015         -24.       1.     -12.      13.      -3.      15.
                40.     -46.      -6.     136.      35.    -171.           -2.
 
  2016           7.     -10.      -3.      29.     -20.      -2.
                -5.      30.     -32.      12.     211.    -231.           -1.
 
  2017          16.       0.      -7.     263.    -255.     139.
              -150.      23.     -32.      41.     -38.       5.            0.
 
  2018           0.     -12.      35.     115.    -135.     117.
               -24.      38.     -38.      -4.      23.       3.           10.
 
  2019          -8.     -12.       8.      51.      44.    -151.
                 8.      52.     130.    -127.     -58.       3.           -5.
 
  2020           7.       1.       3.      41.      15.       1.
                 6.     -31.      31.     -38.      23.     -55.            0.
 
  2021          85.     -14.      36.     -50.     -34.      26.
               -23.      65.     -58.     -10.       7.      12.            4.
 
  2022          70.      16.      -4.     113.    -108.     -23.
                53.     -12.     -58.      24.     -56.      17.            3.
 
  2023          26.      -1.      20.     -23.      53.     -35.
                -8.      22.     -38.      37.     -72.      38.            2.
 
  2024         -33.     -69.      34.      -4.      30.     -32.
                21.      11.     -62.      34.     -10.      -4.           -7.
 
  2025          55.     -59.      44.       2.      19.      84.
               -70.     -26.     -28.      87.    -101.      59.            6.
 
  2026         -52.       2.      -9.     143.     -44.      -9.
                                                                            5.
 
  AVGE           5.       1.      10.      29.     -25.       9.
                -9.      28.     -37.      12.      -2.     -14.

  Table Total-         124.   Mean-         0.   Std. Dev.-        63.
                              Min -      -275.        Max -       275.
        bps_permits 23540            PAGE  16, SERIES bps_permits_addi

 E 6  Month-to-month differences in seasonally adjusted series (D11)
  From  2004.Feb to 2026.Jun
  Observations        269
 -----------------------------------------------------------------------------
               Jan      Feb      Mar      Apr      May      Jun 
               Jul      Aug      Sep      Oct      Nov      Dec         AVGE  
 -----------------------------------------------------------------------------
  2004                  165.    -102.     -16.      14.      13.
               -16.     -73.      63.     124.    -127.       5.            4.
 
  2005          25.       2.      70.       4.     -93.     -45.
                19.     -54.      96.     -29.       1.      -2.           -1.
 
  2006         -20.      -6.     -13.       3.      24.      46.
               -14.      98.    -153.       0.     155.    -173.           -4.
 
  2007         -10.       1.     -17.      37.      18.     -26.
               -10.     220.    -209.      -0.     -13.      26.            1.
 
  2008          16.     -22.     -26.     -17.     -20.       7.
                13.     118.    -122.      -8.      -4.     -20.           -7.
 
  2009          -1.       6.      -6.       1.      15.      -7.
                -8.     -31.      61.     -17.       7.       7.            2.
 
  2010          -5.     -22.      18.     -17.     -11.      20.
               -14.     -16.      15.       7.     -11.       8.           -2.
 
  2011         -10.      14.      -7.       1.      12.      -5.
                 6.     -14.       5.       0.       2.       4.            1.
 
  2012          -5.      13.       4.     -18.      16.     -14.
                10.      -2.      13.     -19.      23.      -4.            1.
 
  2013          10.      -6.       3.      16.     -23.      -2.
                12.     -18.      12.      -7.      -4.       7.            0.
 
  2014           5.      -5.       1.       2.      10.     -11.
                -9.       6.       2.      -2.     -15.      49.            3.
 
  2015         -31.       5.     -11.     -22.      20.       1.
                44.     -39.       6.     111.      48.    -152.           -2.
 
  2016           1.      -3.      -3.     -22.      14.     -27.
                17.      25.     -12.     -15.     226.    -213.           -1.
 
  2017          12.       8.     -10.     203.    -215.     110.
              -116.       8.      -9.      23.     -27.      23.            1.
 
  2018          -8.      -4.      31.      54.     -93.      84.
                18.      16.     -15.     -13.      35.      18.           10.
 
  2019         -24.      -4.       3.      -4.      82.    -179.
                45.      29.     154.    -127.     -47.      14.           -5.
 
  2020         -19.       8.      -2.       3.      42.     -19.
                34.     -53.      58.     -39.      41.     -51.            0.
 
  2021          54.      -6.      30.     -70.     -24.      20.
               -12.      48.     -27.     -14.      29.      13.            3.
 
  2022          36.      28.     -14.     107.    -113.     -20.
                55.     -26.     -20.      10.     -26.       8.            2.
 
  2023           1.      16.       3.     -24.      39.     -25.
               -13.      14.       2.      15.     -38.      21.            1.
 
  2024         -45.     -50.      11.      -6.      11.     -19.
                16.       7.     -23.       3.      30.     -30.           -8.
 
  2025          60.     -39.      18.      -6.      -1.      98.
               -74.     -24.       6.      54.     -61.      33.            5.
 
  2026         -40.      21.     -36.     129.     -62.       3.
                                                                            3.
 
  AVGE          -0.       5.      -2.      15.     -15.       0.
                 0.      11.      -4.       3.      10.     -19.

  Table Total-          86.   Mean-         0.   Std. Dev.-        56.
                              Min -      -215.        Max -       226.
        bps_permits 23540            PAGE  17, SERIES bps_permits_addi

 E 7  Month-to-month differences in final trend cycle (D12)
  From  2004.Feb to 2026.Jun
  Observations        269
 -----------------------------------------------------------------------------
               Jan      Feb      Mar      Apr      May      Jun 
               Jul      Aug      Sep      Oct      Nov      Dec         AVGE  
 -----------------------------------------------------------------------------
  2004                   -1.      -0.      -1.      -0.      -1.
                -1.       0.       2.       4.       4.       4.            1.
 
  2005           2.       1.      -2.      -3.      -5.      -6.
                -7.      -8.      -7.      -6.      -3.      -1.           -4.
 
  2006           2.       3.       3.       3.       1.       0.
                -2.      -4.      -6.      -7.      -8.      -8.           -2.
 
  2007          -7.      -5.      -2.       0.       2.       3.
                 3.       3.       1.      -0.      -2.      -4.           -1.
 
  2008          -5.      -6.      -6.      -6.      -6.      -6.
                -6.      -5.      -5.      -4.      -3.      -3.           -5.
 
  2009          -3.      -3.      -2.      -1.       1.       2.
                 3.       3.       2.       1.       0.      -1.            0.
 
  2010          -1.      -2.      -3.      -3.      -3.      -3.
                -3.      -2.      -1.      -0.       0.       1.           -2.
 
  2011           1.       1.       1.       1.       1.       1.
                 1.       1.       1.       1.       1.       1.            1.
 
  2012           1.       1.       1.       1.       1.       1.
                 2.       2.       2.       3.       3.       3.            2.
 
  2013           2.       2.       1.      -0.      -1.      -1.
                -1.      -1.      -1.      -1.       0.       0.           -0.
 
  2014           1.       1.       0.       0.      -0.      -0.
                -1.      -1.      -1.      -1.      -1.      -1.           -0.
 
  2015          -1.       0.       1.       3.       4.       5.
                 5.       5.       4.       2.      -0.      -2.            2.
 
  2016          -4.      -5.      -5.      -5.      -4.      -2.
                -1.       1.       3.       4.       5.       5.           -1.
 
  2017           5.       4.       2.       0.      -2.      -3.
                -4.      -5.      -4.      -3.       0.       3.           -1.
 
  2018           7.      10.      12.      13.      13.      12.
                11.       9.       7.       5.       3.       1.            9.
 
  2019          -1.      -2.      -3.      -4.      -4.      -4.
                -4.      -4.      -4.      -3.      -2.      -1.           -3.
 
  2020           0.       2.       3.       4.       5.       6.
                 6.       6.       5.       3.       1.      -1.            3.
 
  2021          -2.      -4.      -4.      -5.      -4.      -3.
                -0.       3.       6.       9.      12.      13.            2.
 
  2022          13.      12.      10.       7.       3.       0.
                -2.      -4.      -5.      -5.      -4.      -3.            2.
 
  2023          -1.      -0.       1.       2.       2.       2.
                -0.      -2.      -5.      -8.     -10.     -11.           -3.
 
  2024         -12.     -12.     -11.      -9.      -7.      -4.
                -2.       1.       3.       4.       4.       4.           -4.
 
  2025           4.       4.       4.       3.       2.       2.
                 1.       0.       1.       1.       2.       2.            2.
 
  2026           3.       3.       4.       4.       4.       4.
                                                                            4.
 
  AVGE           0.       0.       0.       0.       0.       0.
                -0.      -0.      -0.      -0.       0.       0.

  Table Total-          13.   Mean-         0.   Std. Dev.-         4.
                              Min -       -12.        Max -        13.
        bps_permits 23540            PAGE  18, SERIES bps_permits_addi

 E 8  Month-to-month differences in original series adjusted for calendar factors (A18)
  From  2004.Feb to 2026.Jun
  Observations        269
 -----------------------------------------------------------------------------
               Jan      Feb      Mar      Apr      May      Jun 
               Jul      Aug      Sep      Oct      Nov      Dec         AVGE  
 -----------------------------------------------------------------------------
  2004                  180.     -64.     -23.     -12.      29.
               -36.     -15.     -12.     120.    -119.      18.            6.
 
  2005          12.      14.     103.      -1.    -117.     -30.
                 0.       5.      21.     -33.       8.      12.           -0.
 
  2006         -29.       1.      14.       1.       4.      58.
               -30.     157.    -224.      -5.     161.    -157.           -4.
 
  2007         -16.       3.       1.      35.       4.     -12.
               -25.     275.    -275.      -5.      -8.      43.            2.
 
  2008          11.     -23.     -15.     -18.     -27.      19.
                 1.     164.    -176.     -13.      -3.      -1.           -7.
 
  2009          -6.       4.       0.      -5.      14.       4.
               -16.       0.      22.     -21.       4.      25.            2.
 
  2010         -10.     -22.      25.     -24.     -10.      26.
               -14.      -4.      -5.       3.     -17.      23.           -2.
 
  2011         -14.      14.       1.      -6.      12.      -1.
                13.     -19.       0.       0.      -7.      14.            1.
 
  2012          -8.      13.      10.     -20.      15.     -14.
                23.     -20.      15.     -12.      11.      -1.            1.
 
  2013          11.      -6.       6.      21.     -27.      -3.
                28.     -39.      14.       7.     -17.       0.           -0.
 
  2014          10.      -6.       1.      20.      -2.      -7.
                 1.     -12.      -2.      20.     -29.      33.            2.
 
  2015         -24.       1.     -12.      13.      -3.      15.
                40.     -46.      -6.     136.      35.    -171.           -2.
 
  2016           7.     -10.      -3.      29.     -20.      -2.
                -5.      30.     -32.      12.     211.    -231.           -1.
 
  2017          16.       0.      -7.     263.    -255.     139.
              -150.      23.     -32.      41.     -38.       5.            0.
 
  2018           0.     -12.      35.     115.    -135.     117.
               -24.      38.     -38.      -4.      23.       3.           10.
 
  2019          -8.     -12.       8.      51.      44.    -151.
                 8.      52.     130.    -127.     -58.       3.           -5.
 
  2020           7.       1.       3.      41.      15.       1.
                 6.     -31.      31.     -38.      23.     -55.            0.
 
  2021          85.     -14.      36.     -50.     -34.      26.
               -23.      65.     -58.     -10.       7.      12.            4.
 
  2022          70.      16.      -4.     113.    -108.     -23.
                53.     -12.     -58.      24.     -56.      17.            3.
 
  2023          26.      -1.      20.     -23.      53.     -35.
                -8.      22.     -38.      37.     -72.      38.            2.
 
  2024         -33.     -69.      34.      -4.      30.     -32.
                21.      11.     -62.      34.     -10.      -4.           -7.
 
  2025          55.     -59.      44.       2.      19.      84.
               -70.     -26.     -28.      87.    -101.      59.            6.
 
  2026         -52.       2.      -9.     143.     -44.      -9.
                                                                            5.
 
  AVGE           5.       1.      10.      29.     -25.       9.
                -9.      28.     -37.      12.      -2.     -14.

  Table Total-         124.   Mean-         0.   Std. Dev.-        63.
                              Min -      -275.        Max -       275.
        bps_permits 23540            PAGE  19, SERIES bps_permits_addi

 E 18  Final adjustment ratios
  From  2004.Jan to 2026.Jun
  Observations        270
 -----------------------------------------------------------------------------
               Jan      Feb      Mar      Apr      May      Jun 
               Jul      Aug      Sep      Oct      Nov      Dec         AVGE  
 -----------------------------------------------------------------------------
  2004       79.618   97.042  117.156  114.178   98.173  106.860
             95.908  152.685   85.213   90.378   87.829   96.304       101.779
 
  2005       89.630   96.138  110.091  107.867   98.087  109.441
             95.157  158.694   88.006   83.280   87.825   96.752       101.747
 
  2006       89.363   94.535  116.819  114.535   97.954  104.976
             96.044  118.946   84.338   80.078   93.503   98.220        99.109
 
  2007       91.201   93.118  114.794  108.497   96.781  109.445
             94.695  115.731   84.972   80.434   82.719  100.453        97.737
 
  2008       96.901   95.046  105.816  105.230   94.059  114.983
             95.183  122.231   82.819   72.509   72.158  109.268        97.184
 
  2009       95.813   91.513  108.212   92.535   93.520  118.710
            101.194 1001.842   87.978   75.222   73.137  104.591       170.355
 
  2010       96.946   93.728  108.691   92.457   92.419  108.935
            114.016  206.263   89.602   81.511   50.349  106.524       103.453
 
  2011       91.724   93.699  118.257   95.106   96.721  105.724
            119.405  113.008   97.023   96.221   73.835   99.265        99.999
 
  2012       92.155   94.927  106.203  104.853  100.561  101.246
            127.429   90.830   96.141  112.404   88.604   92.863       100.685
 
  2013       95.332   94.400   99.757  106.193  101.693   99.135
            122.469   88.761   93.601  117.711   94.791   83.235        99.756
 
  2014       92.566   90.060   89.569  118.919  100.504  107.355
            126.509   93.125   87.507  125.090  101.590   83.760       101.380
 
  2015       87.497   81.937   77.068  167.266   99.250  124.375
            108.959  103.189   83.872  108.108  100.686   75.960       101.514
 
  2016       84.942   74.799   73.700  173.652   97.643  175.034
            103.932  109.621   78.916  129.310   99.698   68.546       105.816
 
  2017       79.902   72.187   72.225  114.993  102.011  118.325
             93.548  119.445   76.790  109.694   90.333   67.640        93.091
 
  2018       77.236   60.968   79.980  131.614  104.317  126.644
             95.032  108.762   94.102  100.416   93.548   86.431        96.587
 
  2019       94.372   89.044   92.336  126.039  101.458  149.924
             95.240  112.668   97.637   95.757   84.800   78.035       101.442
 
  2020       97.493   91.750   95.593  126.204  103.331  117.666
             98.772  115.662   95.982   95.425   86.605   78.758       100.270
 
  2021      100.990   96.777  100.074  113.934  108.872  111.799
            104.024  112.240   93.520   95.859   83.248   84.098       100.453
 
  2022      102.611   97.381  101.769  102.908  106.616  105.866
            103.643  110.197   93.390   99.896   84.455   89.547        99.857
 
  2023      101.935   94.114  101.802  102.640  108.102  104.586
            107.441  110.492   91.649  101.924   84.494   93.796       100.248
 
  2024       99.344   82.998  101.759  103.686  117.191  109.177
            111.568  113.870   83.119  109.026   80.317   97.024       100.757
 
  2025       95.350   80.134   98.859  104.391  117.963  105.067
            109.454  109.668   87.719  106.275   82.279   99.855        99.751
 
  2026       91.273   80.747   96.326  103.654  113.833  107.405
                                                                        98.873
 
  AVGE       92.356   88.567   99.428  114.407  102.220  114.899
            105.437  158.542   88.813   98.479   85.309   90.497

  Table Total-       27869.   Mean-       103.   Std. Dev.-        58.
                              Min -        50.        Max -      1002.

 E 18.A  Final adjustment ratio forecasts
  From  2026.Jul to 2027.Jun
  Observations         12
 -----------------------------------------------------------------------------
               Jan      Feb      Mar      Apr      May      Jun 
               Jul      Aug      Sep      Oct      Nov      Dec         AVGE  
 -----------------------------------------------------------------------------
  2026                                                          
            109.362  107.740   90.613  106.731   87.818  100.380       100.441
 
  2027       92.625   84.510   96.636  105.709  114.725  109.322
                                                                       100.588
 

  QS statistic for seasonality:
  Original Series                                    22.72  (P-Value =     0.0000)
  Original Series (EV adj)                           22.72  (P-Value =     0.0000)
  Residuals                                           0.05  (P-Value =     0.9765)
  Seasonally Adjusted Series                          1.95  (P-Value =     0.3771)
  Seasonally Adjusted Series (EV adj)                 0.00  (P-Value =     1.0000)
  Irregular Series                                    3.64  (P-Value =     0.1623)
  Irregular Series (EV adj)                           0.00  (P-Value =     1.0000)

  QS statistic for seasonality (starting 2018.Jul):
  Original Series                                     0.28  (P-Value =     0.8688)
  Original Series (EV adj)                            0.28  (P-Value =     0.8688)
  Residuals                                           0.00  (P-Value =     1.0000)
  Seasonally Adjusted Series                          0.00  (P-Value =     1.0000)
  Seasonally Adjusted Series (EV adj)                 0.00  (P-Value =     1.0000)
  Irregular Series                                    0.00  (P-Value =     1.0000)
  Irregular Series (EV adj)                           0.00  (P-Value =     1.0000)


 WARNING: Series should not be a candidate for seasonal adjustment
          because the spectrum of the original series (Table A1 or B1)
          has no visually significant seasonal peaks.

          If this is a component series of an indirectly adjusted
          composite series, consider using type = trend or type = summary
          in the x11 spec.
        bps_permits 23540            PAGE  20, SERIES bps_permits_addi
 G 0  10*LOG(SPECTRUM) of the differenced Original Series
      (Table A1 or B1).  Spectrum estimated from 2018.Jul to 2026.Jun.
 ++++++++++I+++++++++++++++++++++++++++++++++++++++++++++++++++++++++++++I
      38.62I                                               *             I     38.62
           I                                   *           *             I
           I                           *       *           *             I
           I                           *       *           *   *T     *  I
      37.06I                           *       *           *   *T     ** I     37.06
           I                          **       *           *   *T    ***SI
           I                          **       *           **  *T  *****SI
           I                     *    **  S    *           **  *T*******SI
      35.51I                     *    **  S    *   *S      ** S*T*******SI     35.51
           I                     *    ** *S   **   *S      ** S*T*******SI
           I                     **   ****S   **   *S      ** S*T*******SI
           I                     **   ****S   **   *S*     ***S*T*******SI
      33.96I                     **   ****S   **   *S*    ****S*T*******SI     33.96
           I                     **   ****S   **   *S*T   ****S*T*******SI
           I                    S**   ****S   **   *S*T   ****S*T*******SI
           I                    S**   ****S   **   *S*T   ****S*T*******SI
      32.40I           *        S*** *****S*  *** **S*T   ****S*T*******SI     32.40
           I           *        S*** *****S*  *** **S*T*  ****S*T*******SI
           I           *        S*** *****S*  *** **S*T*  ****S*T*******SI
           I           *        S*********S*  *** **S*T*  ****S*T*******SI
      30.85I       *   *        S*********S*  ******S*T* *****S*T*******SI     30.85
           I       *   *    *   S*********S* *******S*T*******S*T*******SI
           I       *  S*    *  *S*********S*********S*T*******S*T*******SI
           I       *  S*    *  *S*********S*********S*T*******S*T*******SI
      29.30I       *  S*    ** *S*********S*********S*T*******S*T*******SI     29.30
           I       ** S*    ****S*********S*********S*T*******S*T*******SI
           I       ** S*    ****S*********S*********S*T*******S*T*******SI
           I       ** S*    ****S*********S*********S*T*******S*T*******SI
      27.74I       ** S*    ****S*********S*********S*T*******S*T*******SI     27.74
           I       ** S*   *****S*********S*********S*T*******S*T*******SI
           I       ***S*   *****S*********S*********S*T*******S*T*******SI
           I       ***S*   *****S*********S*********S*T*******S*T*******SI
      26.19I       ***S**  *****S*********S*********S*T*******S*T*******SI     26.19
           I       ***S**  *****S*********S*********S*T*******S*T*******SI
           I       ***S**  *****S*********S*********S*T*******S*T*******SI
           I       ***S**  *****S*********S*********S*T*******S*T*******SI
      24.64I      ****S**  *****S*********S*********S*T*******S*T*******SI     24.64
           I      ****S** ******S*********S*********S*T*******S*T*******SI
           I   *  ****S** ******S*********S*********S*T*******S*T*******SI
           I   *  ****S*********S*********S*********S*T*******S*T*******SI
      23.09I   *  ****S*********S*********S*********S*T*******S*T*******SI     23.09
           I  **  ****S*********S*********S*********S*T*******S*T*******SI
           I  **  ****S*********S*********S*********S*T*******S*T*******SI
           I  **  ****S*********S*********S*********S*T*******S*T*******SI
      21.53I  ********S*********S*********S*********S*T*******S*T*******SI     21.53
           I  ********S*********S*********S*********S*T*******S*T*******SI
           I  ********S*********S*********S*********S*T*******S*T*******SI
           I  ********S*********S*********S*********S*T*******S*T*******SI
      19.98I  ********S*********S*********S*********S*T*******S*T*******SI     19.98
           I *********S*********S*********S*********S*T*******S*T*******SI
           I *********S*********S*********S*********S*T*******S*T*******SI
           I *********S*********S*********S*********S*T*******S*T*******SI
      18.43I**********S*********S*********S*********S*T*******S*T*******SI     18.43
 ++++++++++I+++++++++++++++++++++++++++++++++++++++++++++++++++++++++++++I
            S=SEASONAL FREQUENCIES, T=TRADING DAY FREQUENCIES
        bps_permits 23540            PAGE  21, SERIES bps_permits_addi
 G 1  10*LOG(SPECTRUM) of the differenced seasonally adjusted 
      data (Table E2).  Spectrum estimated from 2018.Jul to 2026.Jun.
 ++++++++++I+++++++++++++++++++++++++++++++++++++++++++++++++++++++++++++I
      36.22I                                                        *    I     36.22
           I                                                        *    I
           I                                                       **    I
           I                                                       **    I
      34.68I                                                       **    I     34.68
           I                                                      ***    I
           I                                                      ****   I
           I                                               *      ****   I
      33.15I                                               *      ****   I     33.15
           I                                               *      ****   I
           I                                               *      ****   I
           I                                               *      ****   I
      31.61I                           *                *  **     *****  I     31.61
           I                      *    *                * ***    ******  I
           I       *              *    *                *****    ******  I
           I       *              *    *       *        *****    ******* I
      30.08I       *              *    *       *        *****    *******SI     30.08
           I       *              *    *       *        *****    *******SI
           I       *              *    *       *        *****    *******SI
           I       *              *    *       *       ******    *******SI
      28.54I       *              *    *       *       ******    *******SI     28.54
           I       *              *    *       **      ******   T*******SI
           I       *              *    *       **      *******  T*******SI
           I       *              *    *       **      *******  T*******SI
      27.00I       *          *   **   *       **      *******  T*******SI     27.00
           I       *         **   **   *      ***      *******  T*******SI
           I       *        ***   **   *      ***      *******S*T*******SI
           I       *        ***  ***   *      ***     T*******S*T*******SI
      25.47I       *        **** ***   *     ****     T*******S*T*******SI     25.47
           I       *       ***** ***   **    ****     T*******S*T*******SI
           I       *       ***** ***   **    ****     T*******S*T*******SI
           I       *       *****S***  ***    ****     T*******S*T*******SI
      23.93I   *   *       *****S***  ***   *****     T*******S*T*******SI     23.93
           I   *  **       *****S***  ***   ******   *T*******S*T*******SI
           I  **  **       *****S***  ***   ******   *T*******S*T*******SI
           I  **  **      ******S***  ***   ******   *T*******S*T*******SI
      22.40I  **  **      ******S**** ***   ******  S*T*******S*T*******SI     22.40
           I  **  **      ******S**** ***  *******  S*T*******S*T*******SI
           I  **  ***    *******S********  *******  S*T*******S*T*******SI
           I  **  ***    *******S********* *********S*T*******S*T*******SI
      20.86I  **  ***   ********S********* *********S*T*******S*T*******SI     20.86
           I  **  ***   ********S*********S*********S*T*******S*T*******SI
           I  **  ***   ********S*********S*********S*T*******S*T*******SI
           I  **  ***   ********S*********S*********S*T*******S*T*******SI
      19.33I  *** ***  *********S*********S*********S*T*******S*T*******SI     19.33
           I  *******  *********S*********S*********S*T*******S*T*******SI
           I  *******  *********S*********S*********S*T*******S*T*******SI
           I  ********S*********S*********S*********S*T*******S*T*******SI
      17.79I *********S*********S*********S*********S*T*******S*T*******SI     17.79
           I *********S*********S*********S*********S*T*******S*T*******SI
           I *********S*********S*********S*********S*T*******S*T*******SI
           I *********S*********S*********S*********S*T*******S*T*******SI
      16.25I**********S*********S*********S*********S*T*******S*T*******SI     16.25
 ++++++++++I+++++++++++++++++++++++++++++++++++++++++++++++++++++++++++++I
            S=SEASONAL FREQUENCIES, T=TRADING DAY FREQUENCIES
        bps_permits 23540            PAGE  22, SERIES bps_permits_addi
 G 2  10*LOG(SPECTRUM) of the Modified Irregular (Table E3).  
      Spectrum estimated from 2018.Jul to 2026.Jun.
 ++++++++++I+++++++++++++++++++++++++++++++++++++++++++++++++++++++++++++I
      30.64I                      *                                      I     30.64
           I                      *                                      I
           I                      *    *                           **    I
           I                      *    *                           **    I
      28.88I                *     *    *                           **    I     28.88
           I                *     *    *                           **    I
           I               ** *   *    *                          ****   I
           I               ****   *    *                   *      ****   I
      27.12I               ****   *    *                   *      ****   I     27.12
           I               ****   *    *                   *      ****   I
           I               *****  **   *       *        *  *      ****   I
           I               *****  **   *       *        * ***     ****   I
      25.35I       *       *****  **   *       *        *****     *****  I     25.35
           I       *      ****** ***   *       *        *****    ******  I
           I       *    * ****** ***   *       *        *****    ******  I
           I       *    ********S***   *       **      ******    ******* I
      23.59I       *    ********S***   *       **      ******    *******SI     23.59
           I       *    ********S***  **      ***      ******    *******SI
           I       **   ********S***  **      ***      ******    *******SI
           I       **  *********S***  ***     ***      *******  T*******SI
      21.83I       **  *********S***  ***    ****      *******  T*******SI     21.83
           I       **  *********S***  ***    ****      *******  T*******SI
           I       **  *********S**** ***    ****      *******  T*******SI
           I       **  *********S**** ***   *****     T*******S*T*******SI
      20.07I    *  **  *********S********   *****     T*******S*T*******SI     20.07
           I    * *** S*********S********   *****     T*******S*T*******SI
           I    * ****S*********S********   ******    T*******S*T*******SI
           I    * ****S*********S********  *******    T*******S*T*******SI
      18.30I    ******S*********S********* *******    T*******S*T*******SI     18.30
           I    ******S*********S********* *******   *T*******S*T*******SI
           I   *******S*********S*********S*******   *T*******S*T*******SI
           I   *******S*********S*********S*******   *T*******S*T*******SI
      16.54I   *******S*********S*********S******** S*T*******S*T*******SI     16.54
           I   *******S*********S*********S*********S*T*******S*T*******SI
           I   *******S*********S*********S*********S*T*******S*T*******SI
           I   *******S*********S*********S*********S*T*******S*T*******SI
      14.78I   *******S*********S*********S*********S*T*******S*T*******SI     14.78
           I   *******S*********S*********S*********S*T*******S*T*******SI
           I   *******S*********S*********S*********S*T*******S*T*******SI
           I   *******S*********S*********S*********S*T*******S*T*******SI
      13.02I   *******S*********S*********S*********S*T*******S*T*******SI     13.02
           I   *******S*********S*********S*********S*T*******S*T*******SI
           I   *******S*********S*********S*********S*T*******S*T*******SI
           I  ********S*********S*********S*********S*T*******S*T*******SI
      11.25I  ********S*********S*********S*********S*T*******S*T*******SI     11.25
           I  ********S*********S*********S*********S*T*******S*T*******SI
           I  ********S*********S*********S*********S*T*******S*T*******SI
           I  ********S*********S*********S*********S*T*******S*T*******SI
       9.49I  ********S*********S*********S*********S*T*******S*T*******SI      9.49
           I  ********S*********S*********S*********S*T*******S*T*******SI
           I *********S*********S*********S*********S*T*******S*T*******SI
           I *********S*********S*********S*********S*T*******S*T*******SI
       7.73I**********S*********S*********S*********S*T*******S*T*******SI      7.73
 ++++++++++I+++++++++++++++++++++++++++++++++++++++++++++++++++++++++++++I
            S=SEASONAL FREQUENCIES, T=TRADING DAY FREQUENCIES
        bps_permits 23540            PAGE  23, SERIES bps_permits_addi

  Peak probabilities for Tukey spectrum estimator
  Spectrum estimated from 2018.Jul to 2026.Jun.

                                          S1       S2       S3       S4       S5       S6       TD
                                        ------   ------   ------   ------   ------   ------   ------
  Model Residuals                        0.129    0.240    0.257    0.511    0.601    0.723    0.706  
  Original Series (Table A1 or B1)       0.604    0.315    0.892    0.397    0.375    0.471    0.079  
  Seasonally adjusted series (E2)        0.395    0.056    0.042    0.057    0.655    0.283    0.045  
  Modified Irregular (E3)                0.566    0.079    0.040    0.035    0.621    0.283    0.054  
  ----------
     ** - Peak Probability > 0.99,
      * - 0.90 < Peak Probability < 0.99


