  Reading input spec file from D:\Programming\Dynamic Paper-dlrhcs_replication\outputs\empirical\unemployment\raw_sa_pilot\x13_work\bps_permits_additive_level_32580_200401_202606.spc

1

               U. S. Department of Commerce, U. S. Census Bureau

              X-13ARIMA-SEATS monthly seasonal adjustment Method,
                          Release Version 1.1 Build 62


           This software application provides an enhanced version of
             Statistics Canada's X-11-ARIMA extension (Dagum, 1980)
                 of the X-11 variant of the Census Method II of
                      Shiskin, Young and Musgrave (1967).

            It also provides an ARIMA model-based method following
       Hillmer and Tiao (1982) and Burman (1980) that is very similar
       to the update of the method of SEATS (Gomez and Maravall, 1996)
                produced at the Bank of Spain by G. Caporello and
               A. Maravall for TSW (Caporello and Maravall, 2004).
          The present application includes additional enhancements.

         X-13ARIMA-SEATS includes an automatic ARIMA model selection procedure
          based largely on the procedure of Gomez and Maravall (1998)
            as implemented in TRAMO (1996) and subsequent revisions.

              Primary Programmers: Brian Monsell, Mark Otto and,
                 for the ARIMA model-based signal extraction,
                      Gianluca Caporello and Victor Gomez


     Series Title- bps_permits 32580
     Series Name- bps_permits_addi
     Jul 29, 2026  08.30.01 

        -Period covered-  1st month,2004 to  6th month,2026
        -Type of run - additive seasonal adjustment

        -Sigma limits for graduating extreme values are  1.5 and  2.5 .
        -3x3 moving average used in section 1 of each iteration, 
         3x5 moving average in section 2 of iterations B and C,
         moving average for final seasonal factors chosen by Global MSR.
        -Holiday adjustment factors applied directly to the final seasonally adjusted series
        -Spectral plots generated for selected series
        -Spectral plots generated for series starting in 2018.Jul

 FILE SAVE REQUESTS (* indicates file exists and will be overwritten)
  D:\Programming\Dynamic Paper-dlrhcs_replication\outputs\empirical\unemployment\raw_sa_pilot\x13_work\bps_permits_additive_level_32580_200401_202606.d10  final seasonal factors
  D:\Programming\Dynamic Paper-dlrhcs_replication\outputs\empirical\unemployment\raw_sa_pilot\x13_work\bps_permits_additive_level_32580_200401_202606.d11  final seasonally adjusted data
  D:\Programming\Dynamic Paper-dlrhcs_replication\outputs\empirical\unemployment\raw_sa_pilot\x13_work\bps_permits_additive_level_32580_200401_202606.out  program output file
  D:\Programming\Dynamic Paper-dlrhcs_replication\outputs\empirical\unemployment\raw_sa_pilot\x13_work\bps_permits_additive_level_32580_200401_202606.err  program error file
        bps_permits 32580            PAGE   1, SERIES bps_permits_addi

     Contents of spc file D:\Programming\Dynamic Paper-dlrhcs_replication\outputs\empirical\unemployment\raw_sa_pilot\x13_work\bps_permits_additive_level_32580_200401_202606.spc

 Line #
 ------
      1: series {
      2:   title = "bps_permits 32580"
      3:   start = 2004.1
      4:   period = 12
      5:   data = (
      6: 622
      7: 703
      8: 1041
      9: 790
     10: 757
     11: 778
     12: 744
     13: 738
     14: 675
     15: 745
     16: 577
     17: 561
     18: 637
     19: 759
     20: 815
     21: 804
     22: 735
     23: 872
     24: 537
     25: 748
     26: 729
     27: 579
     28: 587
     29: 524
     30: 622
     31: 678
     32: 937
     33: 752
     34: 758
     35: 791
     36: 602
     37: 548
     38: 544
     39: 555
     40: 479
     41: 541
     42: 432
     43: 566
     44: 623
     45: 633
     46: 530
     47: 576
     48: 550
     49: 516
     50: 460
     51: 477
     52: 373
     53: 480
     54: 434
     55: 359
     56: 344
     57: 380
     58: 209
     59: 446
     60: 282
     61: 274
     62: 268
     63: 242
     64: 173
     65: 180
     66: 229
     67: 261
     68: 298
     69: 284
     70: 267
     71: 272
     72: 223
     73: 287
     74: 214
     75: 249
     76: 332
     77: 153
     78: 282
     79: 198
     80: 358
     81: 282
     82: 415
     83: 260
     84: 274
     85: 409
     86: 216
     87: 201
     88: 239
     89: 304
     90: 243
     91: 236
     92: 363
     93: 272
     94: 262
     95: 267
     96: 219
     97: 313
     98: 276
     99: 239
    100: 189
    101: 206
    102: 264
    103: 207
    104: 558
    105: 322
    106: 325
    107: 294
    108: 312
    109: 211
    110: 242
    111: 266
    112: 187
    113: 260
    114: 221
    115: 238
    116: 265
    117: 347
    118: 454
    119: 262
    120: 294
    121: 303
    122: 239
    123: 239
    124: 209
    125: 240
    126: 266
    127: 243
    128: 283
    129: 309
    130: 294
    131: 280
    132: 457
    133: 311
    134: 300
    135: 274
    136: 186
    137: 203
    138: 387
    139: 218
    140: 459
    141: 284
    142: 295
    143: 329
    144: 251
    145: 407
    146: 299
    147: 369
    148: 219
    149: 523
    150: 403
    151: 481
    152: 390
    153: 357
    154: 296
    155: 602
    156: 296
    157: 374
    158: 568
    159: 196
    160: 413
    161: 273
    162: 411
    163: 237
    164: 300
    165: 383
    166: 308
    167: 407
    168: 353
    169: 457
    170: 337
    171: 360
    172: 302
    173: 272
    174: 412
    175: 293
    176: 354
    177: 575
    178: 429
    179: 524
    180: 323
    181: 428
    182: 325
    183: 294
    184: 560
    185: 357
    186: 301
    187: 312
    188: 259
    189: 346
    190: 365
    191: 507
    192: 463
    193: 622
    194: 407
    195: 594
    196: 284
    197: 657
    198: 561
    199: 340
    200: 474
    201: 236
    202: 260
    203: 460
    204: 268
    205: 545
    206: 444
    207: 805
    208: 466
    209: 523
    210: 400
    211: 399
    212: 621
    213: 505
    214: 462
    215: 564
    216: 383
    217: 549
    218: 472
    219: 517
    220: 347
    221: 410
    222: 465
    223: 532
    224: 511
    225: 774
    226: 502
    227: 512
    228: 551
    229: 505
    230: 414
    231: 483
    232: 320
    233: 327
    234: 487
    235: 428
    236: 667
    237: 512
    238: 630
    239: 621
    240: 555
    241: 617
    242: 513
    243: 586
    244: 441
    245: 501
    246: 597
    247: 531
    248: 624
    249: 702
    250: 599
    251: 536
    252: 724
    253: 613
    254: 442
    255: 781
    256: 635
    257: 528
    258: 698
    259: 456
    260: 618
    261: 787
    262: 699
    263: 596
    264: 545
    265: 569
    266: 537
    267: 654
    268: 400
    269: 455
    270: 635
    271: 459
    272: 559
    273: 554
    274: 501
    275: 744
    276:   )
    277: }
    278: transform { function = none }
    279: regression { aictest = (td easter) }
    280: automdl {}
    281: x11 { mode = add save = (d10 d11) }
        bps_permits 32580            PAGE   2, SERIES bps_permits_addi

 A 1  Time series data (for the span analyzed)
  From  2004.Jan to 2026.Jun
  Observations        270
 -----------------------------------------------------------------------------
               Jan      Feb      Mar      Apr      May      Jun 
               Jul      Aug      Sep      Oct      Nov      Dec        TOTAL  
 -----------------------------------------------------------------------------
  2004         622.     703.    1041.     790.     757.     778.
               744.     738.     675.     745.     577.     561.         8731.
 
  2005         637.     759.     815.     804.     735.     872.
               537.     748.     729.     579.     587.     524.         8326.
 
  2006         622.     678.     937.     752.     758.     791.
               602.     548.     544.     555.     479.     541.         7807.
 
  2007         432.     566.     623.     633.     530.     576.
               550.     516.     460.     477.     373.     480.         6216.
 
  2008         434.     359.     344.     380.     209.     446.
               282.     274.     268.     242.     173.     180.         3591.
 
  2009         229.     261.     298.     284.     267.     272.
               223.     287.     214.     249.     332.     153.         3069.
 
  2010         282.     198.     358.     282.     415.     260.
               274.     409.     216.     201.     239.     304.         3438.
 
  2011         243.     236.     363.     272.     262.     267.
               219.     313.     276.     239.     189.     206.         3085.
 
  2012         264.     207.     558.     322.     325.     294.
               312.     211.     242.     266.     187.     260.         3448.
 
  2013         221.     238.     265.     347.     454.     262.
               294.     303.     239.     239.     209.     240.         3311.
 
  2014         266.     243.     283.     309.     294.     280.
               457.     311.     300.     274.     186.     203.         3406.
 
  2015         387.     218.     459.     284.     295.     329.
               251.     407.     299.     369.     219.     523.         4040.
 
  2016         403.     481.     390.     357.     296.     602.
               296.     374.     568.     196.     413.     273.         4649.
 
  2017         411.     237.     300.     383.     308.     407.
               353.     457.     337.     360.     302.     272.         4127.
 
  2018         412.     293.     354.     575.     429.     524.
               323.     428.     325.     294.     560.     357.         4874.
 
  2019         301.     312.     259.     346.     365.     507.
               463.     622.     407.     594.     284.     657.         5117.
 
  2020         561.     340.     474.     236.     260.     460.
               268.     545.     444.     805.     466.     523.         5382.
 
  2021         400.     399.     621.     505.     462.     564.
               383.     549.     472.     517.     347.     410.         5629.
 
  2022         465.     532.     511.     774.     502.     512.
               551.     505.     414.     483.     320.     327.         5896.
 
  2023         487.     428.     667.     512.     630.     621.
               555.     617.     513.     586.     441.     501.         6558.
 
  2024         597.     531.     624.     702.     599.     536.
               724.     613.     442.     781.     635.     528.         7312.
 
  2025         698.     456.     618.     787.     699.     596.
               545.     569.     537.     654.     400.     455.         7014.
 
  2026         635.     459.     559.     554.     501.     744.
                                                                         3452.
 
  AVGE         435.     397.     510.     487.     450.     500.
               418.     470.     406.     441.     360.     385.

  Table Total-      118478.   Mean-       439.   Std. Dev.-       175.
                              Min -       153.        Max -      1041.
        bps_permits 32580            PAGE   3, SERIES bps_permits_addi
                        Automatic ARIMA Model Selection

                    Procedure based closely on TRAMO method 
                         of Gomez and Maravall (2000)
              "Automatic Modeling Methods for Univariate Series",
                            A Course in Time Series
                  (Edited by D. Pena, G. C. Tiao, R. S. Tsay),
                         New York : J. Wiley and Sons


     Maximum order for regular ARMA parameters :   2
     Maximum order for seasonal ARMA parameters :   1
     Maximum order for regular differencing :   2
     Maximum order for seasonal differencing :   1

   Results of Unit Root Test for identifying orders of differencing:
     Regular difference order :   0
     Seasonal difference order :   0

  Automatic model choice : (1 0 1)(1 0 1)


  Final Checks for Identified Model


  Checking for Unit Roots.
   Regular unit root found.
   ( 0, 1, 1) ( 1, 0, 1)
  Constant term removed from model

  Checking for nonseasonal overdifferencing.
   Nonseasonal MA not within  0.001 of 1.0 - model passes test.

  Checking for insignificant ARMA coefficients.

  Final automatic model choice : (0 1 1)(1 0 1)
   End of automatic model selection procedure.

 Average absolute percentage error in within-sample forecasts:
  Last year:  22.64      Last-1 year:  15.23     Last-2 year:   7.84
  Last three years:   15.24

 Estimation converged in    2 ARMA iterations,   82 function evaluations.

 Regression Model
 ------------------------------------------------------------------------------
                             Parameter        Standard
 Variable                     Estimate           Error      t-value
 ------------------------------------------------------------------------------
 Leap Year                     22.1555        40.19059         0.55

 1-Coefficient Trading Day
   Weekday                      5.7291         2.25178         2.54
 **Sat/Sun (derived)          -14.3227         5.62944        -2.54

 Easter[1]                    -53.3626        27.06839        -1.97
 ------------------------------------------------------------------------------
 **For the one coefficient trading-day effect, the derived
   parameter estimate is obtained indirectly as minus -2.5 times
   the directly estimated parameter that defines the effect.


 Chi-squared Tests for Groups of Regressors
 ------------------------------------------------------------------------------
 Regression Effect                  df      Chi-Square      P-Value
 ------------------------------------------------------------------------------
 Combined Trading Day and Leap Year Regressors
                                     2            6.75         0.03


 F Tests for Trading Day Regressors 
 -----------------------------------------------------------------------
 Regression Effect                     df         F-statistic    P-Value
 -----------------------------------------------------------------------
 1-Coefficient Trading Day           1, 266            6.40         0.01


 ARIMA Model:  (0 1 1)(1 0 1)
   Nonseasonal differences: 1
                                              Standard
 Parameter                    Estimate          Errors
 -----------------------------------------------------
 Seasonal AR                                       
   Lag 12                      -0.1035         0.06205

 Nonseasonal MA                                    
   Lag  1                       0.7892         0.00000

 Seasonal MA                                       
   Lag 12                      -0.3560         0.00000

 Variance                       0.98358E+04
 SE of Var                      0.84810E+03
 -----------------------------------------------------

 Likelihood Statistics
 ------------------------------------------------------------------
 Number of observations (nobs)                                  270
 Effective number of observations (nefobs)                      269
 Number of parameters estimated (np)                              7
 Log likelihood (L)                                      -1619.1586
 AIC                                                      3252.3172 
 AICC (F-corrected-AIC)                                   3252.7464 
 Hannan Quinn                                             3262.4227 
 BIC                                                      3277.4802 
 ------------------------------------------------------------------

 QS Statistic for regARIMA Model Residuals (full series):             4.42
                                                       (P-Value =     0.1098)

 QS Statistic for regARIMA Model Residuals (starting 2018.Jul):       0.48
                                                       (P-Value =     0.7864)
      10*LOG(SPECTRUM) of the regARIMA model residuals
      Spectrum estimated from 2018.Jul to 2026.Jun.
 ++++++++++I+++++++++++++++++++++++++++++++++++++++++++++++++++++++++++++I
      46.24I                                                            SI     46.24
           I                                                            SI
           I                                                            SI
           I                                                            SI
      44.96I       *                                                    SI     44.96
           I       *                                                    SI
           I       **  *                                    *           SI
           I       **  *                                    *           SI
      43.68I       **  *    *                           *   **          SI     43.68
           I       ** S*    *         *                 *   ** *        SI
           I       ** S*    *         *        *   *S   *   **S*        SI
           I       ** S*    *         *        *   *S   *  ***S*        SI
      42.41I       ** S*   **         *        *   *S   *  ***S*T       SI     42.41
           I       ** S*   **        **        **  *S   ** ***S*T       SI
           I       ***S*   **        **        **  *S   ** ***S*T       SI
           I       ***S*   ***       **        **  *S   ******S*T      *SI
      41.13I       ***S*   ***       **        **  *S  *******S*T      *SI     41.13
           I       ***S*   ***      ***        **  *S  *******S*T      *SI
           I       ***S*   ***      ****       **  *S* *******S*T*     *SI
           I       ***S**  ***      ****       **  *S* *******S*T*     *SI
      39.85I       ***S**  ****     ****       **  *S* *******S*T*     *SI     39.85
           I       ***S**  ****    *****       **  *S*T*******S*T*     *SI
           I   *   ***S** *****    *****       ** **S*T*******S*T**    *SI
           I   *   ***S** *****    *****       ** **S*T*******S*T**    *SI
      38.57I   *  ****S** ******   *****       *****S*T*******S*T***   *SI     38.57
           I   *  ****S*********   *****       *****S*T*******S*T***   *SI
           I   *  ****S*********  ******       *****S*T*******S*T***  **SI
           I   *  ****S*********S ******       *****S*T*******S*T**** **SI
      37.29I   *  ****S*********S*******       *****S*T*******S*T*******SI     37.29
           I   ** ****S*********S*******       *****S*T*******S*T*******SI
           I   ** ****S*********S*******       *****S*T*******S*T*******SI
           I   ** ****S*********S*******       *****S*T*******S*T*******SI
      36.01I   *******S*********S********      *****S*T*******S*T*******SI     36.01
           I   *******S*********S********      *****S*T*******S*T*******SI
           I   *******S*********S********     ******S*T*******S*T*******SI
           I  ********S*********S********     ******S*T*******S*T*******SI
      34.73I  ********S*********S********     ******S*T*******S*T*******SI     34.73
           I  ********S*********S********     ******S*T*******S*T*******SI
           I  ********S*********S********     ******S*T*******S*T*******SI
           I  ********S*********S********     ******S*T*******S*T*******SI
      33.45I  ********S*********S********     ******S*T*******S*T*******SI     33.45
           I  ********S*********S********     ******S*T*******S*T*******SI
           I  ********S*********S********     ******S*T*******S*T*******SI
           I  ********S*********S*********    ******S*T*******S*T*******SI
      32.17I  ********S*********S*********    ******S*T*******S*T*******SI     32.17
           I  ********S*********S*********    ******S*T*******S*T*******SI
           I  ********S*********S*********   *******S*T*******S*T*******SI
           I *********S*********S*********   *******S*T*******S*T*******SI
      30.89I *********S*********S*********   *******S*T*******S*T*******SI     30.89
           I *********S*********S*********   *******S*T*******S*T*******SI
           I *********S*********S*********S  *******S*T*******S*T*******SI
           I**********S*********S*********S  *******S*T*******S*T*******SI
      29.62I**********S*********S*********S*********S*T*******S*T*******SI     29.62
 ++++++++++I+++++++++++++++++++++++++++++++++++++++++++++++++++++++++++++I
            S=SEASONAL FREQUENCIES, T=TRADING DAY FREQUENCIES


 FORECASTING
  Origin  2026.Jun
  Number        12

  Forecasts and Standard Errors
   ------------------------------
                         Standard
       Date   Forecast      Error
   ------------------------------
   2026.Jul     558.62     99.348
   2026.Aug     544.86    101.598
   2026.Sep     575.51    103.539
   2026.Oct     562.00    105.605
   2026.Nov     511.11    107.635
   2026.Dec     552.53    109.764
   2027.Jan     549.89    111.929
   2027.Feb     541.69    113.917
   2027.Mar     534.34    117.504
   2027.Apr     595.67    119.114
   2027.May     517.72    119.397
   2027.Jun     612.95    121.060
   ------------------------------

  Confidence intervals with coverage probability ( 0.95000
   ---------------------------------------
       Date      Lower  Forecast     Upper
   ---------------------------------------
   2026.Jul     363.91    558.62    753.34
   2026.Aug     345.73    544.86    743.99
   2026.Sep     372.58    575.51    778.45
   2026.Oct     355.01    562.00    768.98
   2026.Nov     300.15    511.11    722.07
   2026.Dec     337.39    552.53    767.66
   2027.Jan     330.51    549.89    769.26
   2027.Feb     318.42    541.69    764.96
   2027.Mar     304.04    534.34    764.64
   2027.Apr     362.22    595.67    829.13
   2027.May     283.71    517.72    751.74
   2027.Jun     375.68    612.95    850.22
   ---------------------------------------
        bps_permits 32580            PAGE   4, SERIES bps_permits_addi

 A 6  RegARIMA trading day component
  From  2004.Jan to 2026.Jun
  Observations        270
 -----------------------------------------------------------------------------
               Jan      Feb      Mar      Apr      May      Jun 
               Jul      Aug      Sep      Oct      Nov      Dec         AVGE  
 -----------------------------------------------------------------------------
  2004          -3.       2.      17.      11.     -23.      11.
                -3.      -3.      11.     -23.      11.      17.            2.
 
  2005         -23.      -6.      17.      -9.      -3.      11.
               -23.      17.      11.     -23.      11.      -3.           -2.
 
  2006          -3.      -6.      17.     -29.      17.      11.
               -23.      17.      -9.      -3.      11.     -23.           -2.
 
  2007          17.      -6.      -3.      -9.      17.      -9.
                -3.      17.     -29.      17.      11.     -23.            0.
 
  2008          17.      22.     -23.      11.      -3.      -9.
                17.     -23.      11.      17.     -29.      17.            2.
 
  2009          -3.      -6.      -3.      11.     -23.      11.
                17.     -23.      11.      -3.      -9.      17.            0.
 
  2010         -23.      -6.      17.      11.     -23.      11.
                -3.      -3.      11.     -23.      11.      17.            0.
 
  2011         -23.      -6.      17.      -9.      -3.      11.
               -23.      17.      11.     -23.      11.      -3.           -2.
 
  2012          -3.      22.      -3.      -9.      17.      -9.
                -3.      17.     -29.      17.      11.     -23.            1.
 
  2013          17.      -6.     -23.      11.      17.     -29.
                17.      -3.      -9.      17.      -9.      -3.            0.
 
  2014          17.      -6.     -23.      11.      -3.      -9.
                17.     -23.      11.      17.     -29.      17.            0.
 
  2015          -3.      -6.      -3.      11.     -23.      11.
                17.     -23.      11.      -3.      -9.      17.            0.
 
  2016         -23.      22.      17.      -9.      -3.      11.
               -23.      17.      11.     -23.      11.      -3.            1.
 
  2017          -3.      -6.      17.     -29.      17.      11.
               -23.      17.      -9.      -3.      11.     -23.           -2.
 
  2018          17.      -6.      -3.      -9.      17.      -9.
                -3.      17.     -29.      17.      11.     -23.            0.
 
  2019          17.      -6.     -23.      11.      17.     -29.
                17.      -3.      -9.      17.      -9.      -3.            0.
 
  2020          17.       2.      -3.      11.     -23.      11.
                17.     -23.      11.      -3.      -9.      17.            2.
 
  2021         -23.      -6.      17.      11.     -23.      11.
                -3.      -3.      11.     -23.      11.      17.            0.
 
  2022         -23.      -6.      17.      -9.      -3.      11.
               -23.      17.      11.     -23.      11.      -3.           -2.
 
  2023          -3.      -6.      17.     -29.      17.      11.
               -23.      17.      -9.      -3.      11.     -23.           -2.
 
  2024          17.      22.     -23.      11.      17.     -29.
                17.      -3.      -9.      17.      -9.      -3.            2.
 
  2025          17.      -6.     -23.      11.      -3.      -9.
                17.     -23.      11.      17.     -29.      17.            0.
 
  2026          -3.      -6.      -3.      11.     -23.      11.
                                                                           -2.
 
  AVGE          -0.      -0.       1.       0.      -1.       1.
                -1.       1.       1.      -1.       1.      -0.

  Table Total-          -0.   Mean-        -0.   Std. Dev.-        15.
                              Min -       -29.        Max -        22.

 A 6.A  RegARIMA trading day component forecasts
  From  2026.Jul to 2027.Jun
  Observations         12
 -----------------------------------------------------------------------------
               Jan      Feb      Mar      Apr      May      Jun 
               Jul      Aug      Sep      Oct      Nov      Dec         AVGE  
 -----------------------------------------------------------------------------
  2026                                                          
                17.     -23.      11.      -3.      -9.      17.            2.
 
  2027         -23.      -6.      17.      11.     -23.      11.
                                                                           -2.
 
        bps_permits 32580            PAGE   5, SERIES bps_permits_addi

 A 7  RegARIMA holiday component
  From  2004.Jan to 2026.Jun
  Observations        270
 -----------------------------------------------------------------------------
               Jan      Feb      Mar      Apr      May      Jun 
               Jul      Aug      Sep      Oct      Nov      Dec         AVGE  
 -----------------------------------------------------------------------------
  2004           0.       0.      14.     -14.       0.       0.
                 0.       0.       0.       0.       0.       0.            0.
 
  2005           0.       0.     -39.      39.       0.       0.
                 0.       0.       0.       0.       0.       0.            0.
 
  2006           0.       0.      14.     -14.       0.       0.
                 0.       0.       0.       0.       0.       0.            0.
 
  2007           0.       0.      14.     -14.       0.       0.
                 0.       0.       0.       0.       0.       0.            0.
 
  2008           0.       0.     -39.      39.       0.       0.
                 0.       0.       0.       0.       0.       0.            0.
 
  2009           0.       0.      14.     -14.       0.       0.
                 0.       0.       0.       0.       0.       0.            0.
 
  2010           0.       0.      14.     -14.       0.       0.
                 0.       0.       0.       0.       0.       0.            0.
 
  2011           0.       0.      14.     -14.       0.       0.
                 0.       0.       0.       0.       0.       0.            0.
 
  2012           0.       0.      14.     -14.       0.       0.
                 0.       0.       0.       0.       0.       0.            0.
 
  2013           0.       0.     -39.      39.       0.       0.
                 0.       0.       0.       0.       0.       0.            0.
 
  2014           0.       0.      14.     -14.       0.       0.
                 0.       0.       0.       0.       0.       0.            0.
 
  2015           0.       0.      14.     -14.       0.       0.
                 0.       0.       0.       0.       0.       0.            0.
 
  2016           0.       0.     -39.      39.       0.       0.
                 0.       0.       0.       0.       0.       0.            0.
 
  2017           0.       0.      14.     -14.       0.       0.
                 0.       0.       0.       0.       0.       0.            0.
 
  2018           0.       0.     -39.      39.       0.       0.
                 0.       0.       0.       0.       0.       0.            0.
 
  2019           0.       0.      14.     -14.       0.       0.
                 0.       0.       0.       0.       0.       0.            0.
 
  2020           0.       0.      14.     -14.       0.       0.
                 0.       0.       0.       0.       0.       0.            0.
 
  2021           0.       0.      14.     -14.       0.       0.
                 0.       0.       0.       0.       0.       0.            0.
 
  2022           0.       0.      14.     -14.       0.       0.
                 0.       0.       0.       0.       0.       0.            0.
 
  2023           0.       0.      14.     -14.       0.       0.
                 0.       0.       0.       0.       0.       0.            0.
 
  2024           0.       0.     -39.      39.       0.       0.
                 0.       0.       0.       0.       0.       0.            0.
 
  2025           0.       0.      14.     -14.       0.       0.
                 0.       0.       0.       0.       0.       0.            0.
 
  2026           0.       0.      14.     -14.       0.       0.
                                                                            0.
 
  AVGE           0.       0.       0.      -0.       0.       0.
                 0.       0.       0.       0.       0.       0.

  Table Total-           0.   Mean-         0.   Std. Dev.-        10.
                              Min -       -39.        Max -        39.

 A 7.A  RegARIMA holiday component forecasts
  From  2026.Jul to 2027.Jun
  Observations         12
 -----------------------------------------------------------------------------
               Jan      Feb      Mar      Apr      May      Jun 
               Jul      Aug      Sep      Oct      Nov      Dec         AVGE  
 -----------------------------------------------------------------------------
  2026                                                          
                 0.       0.       0.       0.       0.       0.            0.
 
  2027           0.       0.     -39.      39.       0.       0.
                                                                            0.
 
        bps_permits 32580            PAGE   6, SERIES bps_permits_addi
  
 B 1  Original series (prior adjusted)
      (adjusted for regARIMA factors)
  From  2004.Jan to 2026.Jun
  Observations        270
 -----------------------------------------------------------------------------
               Jan      Feb      Mar      Apr      May      Jun 
               Jul      Aug      Sep      Oct      Nov      Dec        TOTAL  
 -----------------------------------------------------------------------------
  2004         625.     701.    1010.     793.     780.     767.
               747.     741.     664.     768.     566.     544.         8703.
 
  2005         660.     765.     837.     773.     738.     861.
               560.     731.     718.     602.     576.     527.         8346.
 
  2006         625.     684.     906.     795.     741.     780.
               625.     531.     553.     558.     468.     564.         7827.
 
  2007         415.     572.     612.     656.     513.     585.
               553.     499.     489.     460.     362.     503.         6216.
 
  2008         417.     337.     406.     329.     212.     455.
               265.     297.     257.     225.     202.     163.         3563.
 
  2009         232.     267.     287.     287.     290.     261.
               206.     310.     203.     252.     341.     136.         3069.
 
  2010         305.     204.     327.     285.     438.     249.
               277.     412.     205.     224.     228.     287.         3438.
 
  2011         266.     242.     332.     295.     265.     256.
               242.     296.     265.     262.     178.     209.         3105.
 
  2012         267.     185.     547.     345.     308.     303.
               315.     194.     271.     249.     176.     283.         3440.
 
  2013         204.     244.     327.     296.     437.     291.
               277.     306.     248.     222.     218.     243.         3311.
 
  2014         249.     249.     292.     312.     297.     289.
               440.     334.     289.     257.     215.     186.         3406.
 
  2015         390.     224.     448.     287.     318.     318.
               234.     430.     288.     372.     228.     506.         4040.
 
  2016         426.     459.     412.     326.     299.     591.
               319.     357.     557.     219.     402.     276.         4641.
 
  2017         414.     243.     269.     426.     291.     396.
               376.     440.     346.     363.     291.     295.         4147.
 
  2018         395.     299.     396.     544.     412.     533.
               326.     411.     354.     277.     549.     380.         4874.
 
  2019         284.     318.     268.     349.     348.     536.
               446.     625.     416.     577.     293.     660.         5117.
 
  2020         544.     338.     463.     239.     283.     449.
               251.     568.     433.     808.     475.     506.         5354.
 
  2021         423.     405.     590.     508.     485.     553.
               386.     552.     461.     540.     336.     393.         5629.
 
  2022         488.     538.     480.     797.     505.     501.
               574.     488.     403.     506.     309.     330.         5916.
 
  2023         490.     434.     636.     555.     613.     610.
               578.     600.     522.     589.     430.     524.         6578.
 
  2024         580.     509.     686.     651.     582.     565.
               707.     616.     451.     764.     644.     531.         7284.
 
  2025         681.     462.     627.     790.     702.     605.
               528.     592.     526.     637.     429.     438.         7014.
 
  2026         638.     465.     548.     557.     524.     733.
                                                                         3463.
 
  AVGE         435.     397.     509.     487.     451.     499.
               419.     469.     405.     442.     359.     385.

  Table Total-      118478.   Mean-       439.   Std. Dev.-       174.
                              Min -       136.        Max -      1010.

 B 1.A  Forecasts of (prior adjusted) original series
  From  2026.Jul to 2027.Jun
  Observations         12
 -----------------------------------------------------------------------------
               Jan      Feb      Mar      Apr      May      Jun 
               Jul      Aug      Sep      Oct      Nov      Dec        TOTAL  
 -----------------------------------------------------------------------------
  2026                                                          
               541.     568.     564.     565.     520.     535.         3293.
 
  2027         573.     547.     556.     545.     541.     601.
                                                                         3364.
 
        bps_permits 32580            PAGE   7, SERIES bps_permits_addi

 C 17  Final weights for irregular component
  From  2004.Jan to 2026.Jun
  Observations        270
  Lower sigma limit    1.50
  Upper sigma limit    2.50
 -----------------------------------------------------------------------------
               Jan      Feb      Mar      Apr      May      Jun 
               Jul      Aug      Sep      Oct      Nov      Dec         S.D.  
 -----------------------------------------------------------------------------
  2004         100.     100.       0.     100.     100.     100.
               100.     100.     100.     100.     100.       0.         4839.
 
  2005         100.     100.     100.     100.     100.     100.
                 0.     100.     100.     100.     100.       0.         4839.
 
  2006         100.     100.      63.     100.     100.     100.
               100.      80.     100.     100.     100.     100.         4839.
 
  2007          54.     100.     100.     100.     100.     100.
               100.     100.     100.     100.     100.      70.         4917.
 
  2008         100.     100.     100.     100.      22.       0.
               100.     100.     100.     100.     100.     100.         4595.
 
  2009         100.     100.     100.     100.     100.     100.
               100.     100.     100.     100.       0.       0.         4250.
 
  2010         100.     100.     100.     100.       0.     100.
               100.      42.     100.     100.     100.     100.         4269.
 
  2011         100.     100.     100.     100.     100.     100.
               100.     100.     100.     100.     100.     100.         3554.
 
  2012         100.      79.       0.     100.     100.     100.
               100.       0.     100.     100.     100.     100.         3870.
 
  2013         100.     100.     100.     100.       0.     100.
               100.     100.     100.     100.     100.     100.         4892.
 
  2014         100.     100.     100.     100.     100.     100.
                 7.     100.     100.     100.     100.     100.         6197.
 
  2015         100.     100.      73.     100.     100.     100.
               100.     100.     100.     100.      64.       0.         6157.
 
  2016         100.      86.     100.     100.     100.       0.
               100.     100.       0.      33.     100.     100.         6676.
 
  2017         100.     100.     100.     100.     100.     100.
               100.     100.     100.     100.     100.     100.         6956.
 
  2018         100.     100.     100.      95.     100.     100.
               100.     100.     100.      70.       0.     100.         7136.
 
  2019         100.     100.      91.     100.     100.     100.
               100.     100.     100.     100.      18.       0.         6203.
 
  2020         100.     100.     100.       0.     100.     100.
                59.     100.     100.       0.     100.     100.         6479.
 
  2021         100.     100.     100.     100.     100.     100.
               100.     100.     100.     100.     100.     100.         5988.
 
  2022         100.     100.      59.       0.     100.     100.
                73.     100.     100.     100.     100.     100.         5996.
 
  2023         100.     100.     100.     100.     100.     100.
               100.     100.     100.     100.     100.     100.         5396.
 
  2024         100.     100.     100.     100.     100.     100.
                86.     100.       0.     100.      78.     100.         5699.
 
  2025         100.      39.     100.       5.     100.     100.
               100.     100.     100.     100.     100.     100.         5522.
 
  2026         100.     100.     100.     100.     100.       0.
                                                                         5522.
 
        bps_permits 32580            PAGE   8, SERIES bps_permits_addi

 D 8  Final unmodified SI ratios
  From  2004.Jan to 2026.Jun
  Observations        270
 -----------------------------------------------------------------------------
               Jan      Feb      Mar      Apr      May      Jun 
               Jul      Aug      Sep      Oct      Nov      Dec         AVGE  
 -----------------------------------------------------------------------------
  2004         -78.      -6.     300.      78.      61.      42.
                17.       7.     -74.      28.    -174.    -194.            1.
 
  2005         -76.      32.     107.      47.      15.     140.
              -158.      15.       3.    -112.    -139.    -187.          -26.
 
  2006         -87.     -24.     205.     104.      62.     116.
               -20.     -95.     -54.     -31.    -106.       2.            6.
 
  2007        -139.      24.      68.     115.     -25.      51.
                26.     -18.     -14.     -24.     -99.      69.            3.
 
  2008          11.     -41.      55.       3.     -93.     167.
                -9.      34.       1.     -26.     -46.     -83.           -2.
 
  2009         -12.      23.      43.      42.      44.      12.
               -45.      57.     -52.      -4.      84.    -123.            6.
 
  2010          44.     -59.      63.      20.     172.     -18.
                 8.     141.     -68.     -50.     -47.      13.           18.
 
  2011          -6.     -27.      66.      32.       5.      -2.
               -13.      42.      11.       6.     -82.     -55.           -2.
 
  2012          -2.     -89.     268.      62.      23.      16.
                29.     -90.     -10.     -28.     -97.      14.            8.
 
  2013         -63.     -21.      63.      32.     172.      26.
                12.      41.     -17.     -42.     -46.     -21.           12.
 
  2014         -16.     -19.      21.      38.      20.       9.
               158.      50.       3.     -30.     -73.    -103.            5.
 
  2015         100.     -68.     153.     -12.      14.       6.
               -87.      99.     -54.      20.    -133.     138.           15.
 
  2016          55.      88.      43.     -38.     -60.     236.
               -31.      11.     214.    -122.      62.     -63.           33.
 
  2017          75.     -96.     -71.      85.     -51.      53.
                31.      93.      -7.       4.     -77.     -83.           -4.
 
  2018           8.     -97.      -6.     139.       7.     133.
               -64.      34.      -8.     -71.     211.      47.           28.
 
  2019         -52.     -28.     -94.     -32.     -55.     110.
                -1.     160.     -62.      93.    -189.     188.            3.
 
  2020          87.    -103.      37.    -177.    -128.      36.
              -168.     138.     -13.     347.      -2.      18.            6.
 
  2021         -73.     -94.      93.      16.      -1.      73.
               -90.      78.     -13.      64.    -144.     -91.          -15.
 
  2022          -1.      45.     -15.     304.      17.      20.
               102.      24.     -55.      50.    -150.    -137.           17.
 
  2023          10.     -61.     125.      28.      72.      58.
                18.      35.     -46.      20.    -140.     -46.            6.
 
  2024           8.     -67.     105.      61.     -19.     -47.
                85.     -15.    -188.     120.      -3.    -114.           -6.
 
  2025          40.    -172.       3.     178.     103.      17.
               -49.      25.     -32.      89.    -112.     -97.           -0.
 
  2026         107.     -64.      18.      25.     -11.     193.
                                                                           45.
 
  AVGE          -3.     -40.      72.      50.      15.      63.
               -11.      39.     -24.      14.     -68.     -41.

  Table Total-        1582.   Mean-         6.   Std. Dev.-        89.
                              Min -      -194.        Max -       347.
        bps_permits 32580            PAGE   9, SERIES bps_permits_addi

 D 8.B  Final unmodified SI ratios, with labels for outliers and extreme values
  From  2004.Jan to 2026.Jun
  Observations        270
 ---------------------------------------------------------------------
               Jan       Feb       Mar       Apr       May       Jun  
               Jul       Aug       Sep       Oct       Nov       Dec  
 ---------------------------------------------------------------------
  2004        -78.       -6.      300.*      78.       61.       42.  
               17.        7.      -74.       28.     -174.     -194.* 
 
  2005        -76.       32.      107.       47.       15.      140.  
             -158.*      15.        3.     -112.     -139.     -187.* 
 
  2006        -87.      -24.      205.*     104.       62.      116.  
              -20.      -95.*     -54.      -31.     -106.        2.  
 
  2007       -139.*      24.       68.      115.      -25.       51.  
               26.      -18.      -14.      -24.      -99.       69.* 
 
  2008         11.      -41.       55.        3.      -93.*     167.* 
               -9.       34.        1.      -26.      -46.      -83.  
 
  2009        -12.       23.       43.       42.       44.       12.  
              -45.       57.      -52.       -4.       84.*    -123.* 
 
  2010         44.      -59.       63.       20.      172.*     -18.  
                8.      141.*     -68.      -50.      -47.       13.  
 
  2011         -6.      -27.       66.       32.        5.       -2.  
              -13.       42.       11.        6.      -82.      -55.  
 
  2012         -2.      -89.*     268.*      62.       23.       16.  
               29.      -90.*     -10.      -28.      -97.       14.  
 
  2013        -63.      -21.       63.       32.      172.*      26.  
               12.       41.      -17.      -42.      -46.      -21.  
 
  2014        -16.      -19.       21.       38.       20.        9.  
              158.*      50.        3.      -30.      -73.     -103.  
 
  2015        100.      -68.      153.*     -12.       14.        6.  
              -87.       99.      -54.       20.     -133.*     138.* 
 
  2016         55.       88.*      43.      -38.      -60.      236.* 
              -31.       11.      214.*    -122.*      62.      -63.  
 
  2017         75.      -96.      -71.       85.      -51.       53.  
               31.       93.       -7.        4.      -77.      -83.  
 
  2018          8.      -97.       -6.      139.*       7.      133.  
              -64.       34.       -8.      -71.*     211.*      47.  
 
  2019        -52.      -28.      -94.*     -32.      -55.      110.  
               -1.      160.      -62.       93.     -189.*     188.* 
 
  2020         87.     -103.       37.     -177.*    -128.       36.  
             -168.*     138.      -13.      347.*      -2.       18.  
 
  2021        -73.      -94.       93.       16.       -1.       73.  
              -90.       78.      -13.       64.     -144.      -91.  
 
  2022         -1.       45.      -15.*     304.*      17.       20.  
              102.*      24.      -55.       50.     -150.     -137.  
 
  2023         10.      -61.      125.       28.       72.       58.  
               18.       35.      -46.       20.     -140.      -46.  
 
  2024          8.      -67.      105.       61.      -19.      -47.  
               85.*     -15.     -188.*     120.       -3.*    -114.  
 
  2025         40.     -172.*       3.      178.*     103.       17.  
              -49.       25.      -32.       89.     -112.      -97.  
 
  2026        107.      -64.       18.       25.      -11.      193.* 
                                                                      
 

  Key to symbols:
    *  : extreme value as determined by X-11 extreme value procedure
 
        bps_permits 32580            PAGE  10, SERIES bps_permits_addi

 D 9  Final replacement values for SI ratios
  From  2004.Jan to 2026.Jun
  Observations        270
 ---------------------------------------------------------------
               Jan      Feb      Mar      Apr      May      Jun 
               Jul      Aug      Sep      Oct      Nov      Dec 
 ---------------------------------------------------------------
  2004     ******** ********     142. ******** ******** ********
           ******** ******** ******** ******** ********     -35.
 
  2005     ******** ******** ******** ******** ******** ********
               -12. ******** ******** ******** ********     -36.
 
  2006     ******** ********     172. ******** ******** ********
           ********     -78. ******** ******** ******** ********
 
  2007         -94. ******** ******** ******** ******** ********
           ******** ******** ******** ******** ********      42.
 
  2008     ******** ******** ******** ********     -12.      45.
           ******** ******** ******** ******** ******** ********
 
  2009     ******** ******** ******** ******** ******** ********
           ******** ******** ******** ********     -67.     -15.
 
  2010     ******** ******** ******** ********      27. ********
           ********      90. ******** ******** ******** ********
 
  2011     ******** ******** ******** ******** ******** ********
           ******** ******** ******** ******** ******** ********
 
  2012     ********     -75.      75. ******** ******** ********
           ********      36. ******** ******** ******** ********
 
  2013     ******** ******** ******** ********      18. ********
           ******** ******** ******** ******** ******** ********
 
  2014     ******** ******** ******** ******** ******** ********
                18. ******** ******** ******** ******** ********
 
  2015     ******** ********     123. ******** ******** ********
           ******** ******** ******** ********     -92.     -22.
 
  2016     ********      72. ******** ******** ********      61.
           ******** ********      -6.     -25. ******** ********
 
  2017     ******** ******** ******** ******** ******** ********
           ******** ******** ******** ******** ******** ********
 
  2018     ******** ******** ********     133. ******** ********
           ******** ******** ********     -32.     -23. ********
 
  2019     ******** ********     -85. ******** ******** ********
           ******** ******** ******** ********     -71.     -29.
 
  2020     ******** ******** ********      19. ******** ********
              -118. ******** ********      72. ******** ********
 
  2021     ******** ******** ******** ******** ******** ********
           ******** ******** ******** ******** ******** ********
 
  2022     ******** ********      33.      50. ******** ********
                73. ******** ******** ******** ******** ********
 
  2023     ******** ******** ******** ******** ******** ********
           ******** ******** ******** ******** ******** ********
 
  2024     ******** ******** ******** ******** ******** ********
                72. ********     -38. ********     -24. ********
 
  2025     ********    -101. ********      50. ******** ********
           ******** ******** ******** ******** ******** ********
 
  2026     ******** ******** ******** ******** ********      35.
                                                                
 

 D 9.A  Moving seasonality ratio
 ---------------------------------------------------------------
               Jan      Feb      Mar      Apr      May      Jun 
 ---------------------------------------------------------------
   I         51.354   59.639   49.602   43.250   52.582   38.466
   S         10.969    7.963   10.804    7.654    8.056    9.945
 RATIO        4.682    7.490    4.591    5.651    6.527    3.868



 ---------------------------------------------------------------
               Jul      Aug      Sep      Oct      Nov      Dec 
 ---------------------------------------------------------------
   I         56.543   46.853   30.999   44.849   54.885   55.147
   S          8.024   10.022    4.709    7.304   10.407    8.716
 RATIO        7.046    4.675    6.583    6.141    5.274    6.327



        bps_permits 32580            PAGE  11, SERIES bps_permits_addi

 D 10  Final seasonal factors
  From  2004.Jan to 2026.Jun
  Observations        270
  Seasonal filter    3 x 5 moving average
 -----------------------------------------------------------------------------
               Jan      Feb      Mar      Apr      May      Jun 
               Jul      Aug      Sep      Oct      Nov      Dec         AVGE  
 -----------------------------------------------------------------------------
  2004         -84.       2.     127.      80.      33.      90.
                -2.     -21.     -39.     -37.    -134.     -13.            0.
 
  2005         -77.       2.     120.      77.      28.      86.
                -1.     -17.     -35.     -36.    -126.     -14.            0.
 
  2006         -66.       3.     107.      72.      21.      79.
                -5.     -11.     -30.     -36.    -111.     -15.            1.
 
  2007         -46.      -4.      93.      63.      18.      64.
                -8.       1.     -31.     -33.     -92.     -15.            1.
 
  2008         -28.      -8.      77.      54.      14.      43.
               -10.      18.     -29.     -29.     -77.     -14.            1.
 
  2009          -9.     -21.      67.      44.      14.      23.
                -8.      36.     -29.     -22.     -69.     -17.            1.
 
  2010          -3.     -27.      60.      37.      16.      11.
                -5.      49.     -25.     -21.     -68.     -19.            0.
 
  2011          -3.     -36.      59.      35.      19.       8.
                 1.      53.     -22.     -24.     -68.     -23.           -0.
 
  2012          -4.     -38.      63.      35.      19.       8.
                 0.      53.     -20.     -23.     -71.     -26.           -0.
 
  2013           3.     -35.      64.      28.      12.      14.
                -3.      50.     -16.     -22.     -65.     -35.           -0.
 
  2014          16.     -30.      57.      23.       2.      22.
               -11.      52.     -16.     -17.     -57.     -44.           -0.
 
  2015          30.     -30.      41.      26.      -8.      35.
               -18.      53.     -16.     -15.     -44.     -46.            1.
 
  2016          38.     -37.      20.      30.     -19.      51.
               -24.      64.     -19.      -5.     -41.     -43.            1.
 
  2017          39.     -45.       3.      34.     -35.      66.
               -33.      74.     -20.       8.     -33.     -31.            2.
 
  2018          28.     -59.      -7.      34.     -45.      76.
               -39.      89.     -22.      25.     -42.     -27.            1.
 
  2019          12.     -63.      -3.      38.     -46.      78.
               -41.      93.     -23.      37.     -55.     -30.           -0.
 
  2020          -1.     -63.      16.      32.     -32.      73.
               -35.      93.     -30.      49.     -82.     -42.           -2.
 
  2021          -3.     -54.      44.      29.     -21.      55.
               -23.      77.     -33.      58.     -91.     -58.           -2.
 
  2022          -2.     -54.      63.      30.       1.      38.
                -8.      57.     -35.      65.    -103.     -77.           -2.
 
  2023          11.     -54.      69.      40.      18.      23.
                 6.      33.     -34.      64.     -99.     -85.           -1.
 
  2024          22.     -55.      60.      39.      32.      21.
                11.      19.     -33.      61.     -95.     -83.           -0.
 
  2025          38.     -56.      48.      37.      26.      18.
                12.      13.     -28.      61.     -79.     -76.            1.
 
  2026          43.     -59.      34.      31.      22.      22.
                                                                           16.
 
  AVGE          -2.     -36.      56.      41.       4.      44.
               -11.      42.     -27.       5.     -77.     -38.

  Table Total-         128.   Mean-         0.   Std. Dev.-        47.
                              Min -      -134.        Max -       127.

 D 10.A  Final seasonal component forecasts
  From  2026.Jul to 2027.Jun
  Observations         12
 -----------------------------------------------------------------------------
               Jan      Feb      Mar      Apr      May      Jun 
               Jul      Aug      Sep      Oct      Nov      Dec         AVGE  
 -----------------------------------------------------------------------------
  2026                                                          
                 7.      12.     -25.      64.     -71.     -74.          -14.
 
  2027          47.     -59.      23.      29.      21.      24.
                                                                           14.
 
        bps_permits 32580            PAGE  12, SERIES bps_permits_addi
  
 D 11  Final seasonally adjusted data
       (also adjusted for trading day, holiday)
  From  2004.Jan to 2026.Jun
  Observations        270
 -----------------------------------------------------------------------------
               Jan      Feb      Mar      Apr      May      Jun 
               Jul      Aug      Sep      Oct      Nov      Dec        TOTAL  
 -----------------------------------------------------------------------------
  2004         709.     699.     882.     713.     747.     676.
               749.     762.     703.     805.     700.     557.         8702.
 
  2005         737.     763.     717.     696.     710.     775.
               561.     748.     753.     638.     702.     541.         8340.
 
  2006         691.     681.     799.     722.     720.     701.
               630.     541.     583.     594.     579.     579.         7819.
 
  2007         461.     576.     518.     592.     494.     521.
               561.     497.     519.     493.     454.     518.         6206.
 
  2008         445.     345.     329.     275.     198.     411.
               275.     279.     286.     254.     279.     177.         3552.
 
  2009         241.     288.     220.     243.     276.     238.
               213.     274.     231.     274.     410.     153.         3061.
 
  2010         308.     231.     266.     248.     422.     237.
               282.     363.     229.     245.     295.     306.         3432.
 
  2011         269.     278.     272.     260.     246.     248.
               241.     243.     287.     286.     246.     231.         3106.
 
  2012         271.     223.     484.     310.     289.     294.
               315.     141.     290.     272.     247.     309.         3445.
 
  2013         201.     278.     263.     268.     425.     277.
               280.     256.     264.     244.     283.     278.         3315.
 
  2014         232.     278.     234.     289.     295.     267.
               451.     282.     304.     273.     272.     230.         3408.
 
  2015         360.     254.     406.     260.     326.     283.
               251.     376.     303.     387.     271.     552.         4031.
 
  2016         388.     496.     392.     297.     318.     540.
               343.     293.     576.     223.     443.     319.         4627.
 
  2017         374.     287.     266.     392.     325.     330.
               409.     366.     366.     355.     324.     326.         4120.
 
  2018         367.     357.     403.     510.     457.     456.
               365.     322.     376.     252.     591.     406.         4862.
 
  2019         271.     381.     271.     311.     393.     458.
               487.     532.     438.     540.     347.     690.         5119.
 
  2020         545.     401.     447.     207.     315.     376.
               286.     475.     462.     759.     557.     548.         5378.
 
  2021         426.     459.     545.     479.     506.     498.
               408.     475.     494.     482.     427.     451.         5648.
 
  2022         490.     592.     416.     767.     504.     462.
               582.     431.     438.     441.     412.     407.         5940.
 
  2023         479.     488.     567.     515.     594.     586.
               572.     567.     555.     524.     529.     609.         6586.
 
  2024         558.     564.     626.     612.     550.     543.
               696.     596.     483.     702.     739.     614.         7284.
 
  2025         643.     517.     579.     753.     676.     587.
               516.     579.     554.     576.     508.     514.         7001.
 
  2026         595.     523.     513.     526.     501.     711.
                                                                         3369.
 
  AVGE         437.     433.     453.     445.     447.     455.
               431.     427.     432.     437.     437.     423.

  Table Total-      118350.   Mean-       438.   Std. Dev.-       164.
                              Min -       141.        Max -       882.
        bps_permits 32580            PAGE  13, SERIES bps_permits_addi

 D 12  Final trend cycle
  From  2004.Jan to 2026.Jun
  Observations        270
  Trend filter    23-term Henderson moving average
  I/C ratio        4.62
 -----------------------------------------------------------------------------
               Jan      Feb      Mar      Apr      May      Jun 
               Jul      Aug      Sep      Oct      Nov      Dec        TOTAL  
 -----------------------------------------------------------------------------
  2004         710.     713.     716.     720.     723.     727.
               731.     734.     736.     736.     736.     735.         8717.
 
  2005         734.     733.     732.     730.     727.     723.
               720.     716.     713.     712.     711.     711.         8661.
 
  2006         710.     708.     702.     694.     681.     665.
               647.     626.     606.     587.     572.     560.         7758.
 
  2007         552.     547.     544.     541.     538.     534.
               527.     518.     504.     485.     462.     435.         6186.
 
  2008         406.     377.     349.     324.     303.     286.
               273.     263.     257.     253.     250.     248.         3590.
 
  2009         245.     243.     242.     242.     243.     246.
               249.     252.     255.     257.     259.     261.         2996.
 
  2010         263.     263.     264.     264.     264.     265.
               267.     270.     272.     274.     275.     274.         3215.
 
  2011         272.     270.     267.     263.     260.     257.
               255.     253.     253.     255.     258.     263.         3128.
 
  2012         268.     274.     279.     284.     287.     288.
               288.     285.     281.     276.     271.     267.         3347.
 
  2013         265.     263.     264.     265.     266.     266.
               266.     266.     265.     263.     262.     263.         3173.
 
  2014         264.     267.     270.     274.     277.     280.
               282.     284.     286.     288.     289.     290.         3351.
 
  2015         291.     293.     295.     297.     302.     309.
               318.     329.     341.     353.     363.     371.         3861.
 
  2016         375.     375.     371.     365.     359.     352.
               347.     343.     340.     339.     338.     338.         4241.
 
  2017         339.     340.     341.     343.     344.     345.
               346.     347.     351.     357.     365.     375.         4194.
 
  2018         384.     394.     402.     406.     407.     404.
               395.     381.     365.     349.     336.     330.         4553.
 
  2019         331.     340.     356.     377.     401.     425.
               449.     470.     484.     490.     487.     475.         5086.
 
  2020         458.     438.     421.     410.     405.     407.
               416.     430.     447.     465.     481.     493.         5269.
 
  2021         500.     501.     498.     491.     483.     477.
               472.     470.     471.     474.     479.     484.         5800.
 
  2022         491.     496.     499.     497.     492.     482.
               471.     461.     453.     450.     453.     463.         5708.
 
  2023         478.     496.     514.     532.     546.     557.
               563.     566.     567.     566.     566.     566.         6517.
 
  2024         568.     573.     581.     590.     602.     613.
               624.     633.     640.     645.     647.     645.         7361.
 
  2025         641.     633.     622.     610.     598.     586.
               576.     567.     558.     550.     543.     536.         7019.
 
  2026         532.     529.     529.     530.     533.     538.
                                                                         3191.
 
  AVGE         438.     438.     437.     437.     437.     436.
               431.     430.     429.     428.     427.     427.

  Table Total-      116922.   Mean-       433.   Std. Dev.-       153.
                              Min -       242.        Max -       736.
        bps_permits 32580            PAGE  14, SERIES bps_permits_addi

 D 13  Final irregular component
  From  2004.Jan to 2026.Jun
  Observations        270
 -----------------------------------------------------------------------------
               Jan      Feb      Mar      Apr      May      Jun 
               Jul      Aug      Sep      Oct      Nov      Dec         S.D.  
 -----------------------------------------------------------------------------
  2004          -1.     -14.     167.      -7.      23.     -51.
                18.      28.     -33.      69.     -36.    -178.           77.
 
  2005           3.      30.     -15.     -34.     -17.      51.
              -158.      33.      40.     -74.      -9.    -170.           75.
 
  2006         -20.     -27.      97.      29.      38.      35.
               -17.     -85.     -23.       7.       7.      18.           43.
 
  2007         -91.      29.     -25.      52.     -44.     -13.
                34.     -20.      16.       8.      -8.      83.           44.
 
  2008          39.     -32.     -20.     -49.    -105.     126.
                 3.      16.      29.       0.      29.     -71.           57.
 
  2009          -5.      45.     -22.       1.      32.      -8.
               -36.      22.     -24.      17.     150.    -109.           58.
 
  2010          45.     -33.       3.     -16.     158.     -28.
                15.      94.     -43.     -29.      20.      31.           59.
 
  2011          -4.       8.       6.      -4.     -15.     -10.
               -14.     -10.      33.      31.     -13.     -32.           18.
 
  2012           3.     -51.     205.      26.       2.       6.
                27.    -144.       9.      -4.     -24.      42.           76.
 
  2013         -64.      15.      -1.       4.     159.      11.
                14.     -10.      -1.     -20.      20.      15.           51.
 
  2014         -32.      11.     -36.      15.      18.     -13.
               169.      -2.      18.     -14.     -17.     -60.           55.
 
  2015          69.     -39.     112.     -37.      24.     -26.
               -66.      48.     -38.      35.     -92.     181.           77.
 
  2016          13.     121.      21.     -68.     -40.     188.
                -4.     -50.     236.    -115.     105.     -19.          108.
 
  2017          35.     -53.     -75.      49.     -19.     -15.
                63.      19.      14.      -2.     -41.     -49.           42.
 
  2018         -18.     -37.       2.     104.      49.      53.
               -30.     -59.      11.     -97.     255.      77.           92.
 
  2019         -60.      41.     -85.     -66.      -7.      32.
                37.      62.     -46.      49.    -140.     214.           88.
 
  2020          88.     -37.      26.    -203.     -90.     -32.
              -130.      45.      15.     294.      76.      55.          121.
 
  2021         -74.     -43.      47.     -13.      22.      21.
               -64.       5.      23.       8.     -52.     -34.           40.
 
  2022          -1.      95.     -83.     269.      12.     -20.
               110.     -30.     -15.      -9.     -41.     -56.           94.
 
  2023           1.      -8.      52.     -17.      48.      29.
                 8.       1.     -11.     -42.     -37.      43.           31.
 
  2024         -10.      -9.      46.      22.     -52.     -70.
                72.     -36.    -157.      58.      92.     -32.           67.
 
  2025           2.    -115.     -43.     143.      78.       0.
               -60.      12.      -5.      26.     -35.     -22.           63.
 
  2026          63.      -6.     -15.      -4.     -32.     173.
                                                                           77.
 
  S.D.          44.      50.      74.      85.      64.      66.
                71.      51.      65.      77.      83.      93.

  Table Total-        1428.   Mean-         5.   Std. Dev.-        70.
                              Min -      -203.        Max -       294.
        bps_permits 32580            PAGE  15, SERIES bps_permits_addi
  
 D 16  Combined adjustment factors
       (includes seasonal, trading day, holiday factors)
  From  2004.Jan to 2026.Jun
  Observations        270
 -----------------------------------------------------------------------------
               Jan      Feb      Mar      Apr      May      Jun 
               Jul      Aug      Sep      Oct      Nov      Dec         AVGE  
 -----------------------------------------------------------------------------
  2004         -87.       4.     159.      77.      10.     102.
                -5.     -24.     -28.     -60.    -123.       4.            2.
 
  2005        -100.      -4.      98.     108.      25.      97.
               -24.      -0.     -24.     -59.    -115.     -17.           -1.
 
  2006         -69.      -3.     138.      30.      38.      90.
               -28.       7.     -39.     -39.    -100.     -38.           -1.
 
  2007         -29.     -10.     105.      41.      36.      55.
               -11.      19.     -59.     -16.     -81.     -38.            1.
 
  2008         -11.      14.      15.     105.      11.      35.
                 7.      -5.     -18.     -12.    -106.       3.            3.
 
  2009         -12.     -27.      78.      41.      -9.      34.
                10.      13.     -17.     -25.     -78.       0.            1.
 
  2010         -26.     -33.      92.      34.      -7.      23.
                -8.      46.     -13.     -44.     -56.      -2.            0.
 
  2011         -26.     -42.      91.      12.      16.      19.
               -22.      70.     -11.     -47.     -57.     -25.           -2.
 
  2012          -7.     -16.      74.      12.      36.      -0.
                -3.      70.     -48.      -6.     -60.     -49.            0.
 
  2013          20.     -40.       2.      79.      29.     -15.
                14.      47.     -25.      -5.     -74.     -38.           -0.
 
  2014          34.     -35.      49.      20.      -1.      13.
                 6.      29.      -4.       1.     -86.     -27.           -0.
 
  2015          27.     -36.      53.      24.     -31.      46.
                -0.      31.      -4.     -18.     -52.     -29.            1.
 
  2016          15.     -15.      -2.      60.     -22.      62.
               -47.      81.      -8.     -27.     -30.     -46.            2.
 
  2017          37.     -50.      34.      -9.     -17.      77.
               -56.      91.     -29.       5.     -22.     -54.            1.
 
  2018          45.     -64.     -49.      65.     -28.      68.
               -42.     106.     -51.      42.     -31.     -49.            1.
 
  2019          30.     -69.     -12.      35.     -28.      49.
               -24.      90.     -31.      54.     -63.     -33.           -0.
 
  2020          16.     -61.      27.      29.     -55.      84.
               -18.      70.     -18.      46.     -91.     -25.            0.
 
  2021         -26.     -60.      76.      26.     -44.      66.
               -25.      74.     -22.      35.     -80.     -41.           -2.
 
  2022         -25.     -60.      95.       7.      -2.      50.
               -31.      74.     -24.      42.     -92.     -80.           -4.
 
  2023           8.     -60.     100.      -3.      36.      35.
               -17.      50.     -42.      62.     -88.    -108.           -2.
 
  2024          39.     -33.      -2.      90.      49.      -7.
                28.      17.     -41.      79.    -104.     -86.            2.
 
  2025          55.     -61.      39.      34.      23.       9.
                29.     -10.     -17.      78.    -108.     -59.            1.
 
  2026          40.     -64.      46.      28.      -0.      33.
                                                                           14.
 
  AVGE          -2.     -36.      57.      41.       3.      45.
               -12.      43.     -26.       4.     -77.     -38.

  Table Total-         128.   Mean-         0.   Std. Dev.-        51.
                              Min -      -123.        Max -       159.

 D 16.A  Combined adjustment component forecasts
  From  2026.Jul to 2027.Jun
  Observations         12
 -----------------------------------------------------------------------------
               Jan      Feb      Mar      Apr      May      Jun 
               Jul      Aug      Sep      Oct      Nov      Dec         AVGE  
 -----------------------------------------------------------------------------
  2026                                                          
                24.     -11.     -14.      61.     -79.     -56.          -13.
 
  2027          24.     -65.       1.      80.      -2.      35.
                                                                           12.
 
        bps_permits 32580            PAGE  16, SERIES bps_permits_addi
  
 D 18  Combined calendar adjustment factors
       (includes trading day, holiday factors)
  From  2004.Jan to 2026.Jun
  Observations        270
 -----------------------------------------------------------------------------
               Jan      Feb      Mar      Apr      May      Jun 
               Jul      Aug      Sep      Oct      Nov      Dec         AVGE  
 -----------------------------------------------------------------------------
  2004          -3.       2.      31.      -3.     -23.      11.
                -3.      -3.      11.     -23.      11.      17.            2.
 
  2005         -23.      -6.     -22.      31.      -3.      11.
               -23.      17.      11.     -23.      11.      -3.           -2.
 
  2006          -3.      -6.      31.     -43.      17.      11.
               -23.      17.      -9.      -3.      11.     -23.           -2.
 
  2007          17.      -6.      11.     -23.      17.      -9.
                -3.      17.     -29.      17.      11.     -23.            0.
 
  2008          17.      22.     -62.      51.      -3.      -9.
                17.     -23.      11.      17.     -29.      17.            2.
 
  2009          -3.      -6.      11.      -3.     -23.      11.
                17.     -23.      11.      -3.      -9.      17.            0.
 
  2010         -23.      -6.      31.      -3.     -23.      11.
                -3.      -3.      11.     -23.      11.      17.            0.
 
  2011         -23.      -6.      31.     -23.      -3.      11.
               -23.      17.      11.     -23.      11.      -3.           -2.
 
  2012          -3.      22.      11.     -23.      17.      -9.
                -3.      17.     -29.      17.      11.     -23.            1.
 
  2013          17.      -6.     -62.      51.      17.     -29.
                17.      -3.      -9.      17.      -9.      -3.            0.
 
  2014          17.      -6.      -9.      -3.      -3.      -9.
                17.     -23.      11.      17.     -29.      17.            0.
 
  2015          -3.      -6.      11.      -3.     -23.      11.
                17.     -23.      11.      -3.      -9.      17.            0.
 
  2016         -23.      22.     -22.      31.      -3.      11.
               -23.      17.      11.     -23.      11.      -3.            1.
 
  2017          -3.      -6.      31.     -43.      17.      11.
               -23.      17.      -9.      -3.      11.     -23.           -2.
 
  2018          17.      -6.     -42.      31.      17.      -9.
                -3.      17.     -29.      17.      11.     -23.            0.
 
  2019          17.      -6.      -9.      -3.      17.     -29.
                17.      -3.      -9.      17.      -9.      -3.            0.
 
  2020          17.       2.      11.      -3.     -23.      11.
                17.     -23.      11.      -3.      -9.      17.            2.
 
  2021         -23.      -6.      31.      -3.     -23.      11.
                -3.      -3.      11.     -23.      11.      17.            0.
 
  2022         -23.      -6.      31.     -23.      -3.      11.
               -23.      17.      11.     -23.      11.      -3.           -2.
 
  2023          -3.      -6.      31.     -43.      17.      11.
               -23.      17.      -9.      -3.      11.     -23.           -2.
 
  2024          17.      22.     -62.      51.      17.     -29.
                17.      -3.      -9.      17.      -9.      -3.            2.
 
  2025          17.      -6.      -9.      -3.      -3.      -9.
                17.     -23.      11.      17.     -29.      17.            0.
 
  2026          -3.      -6.      11.      -3.     -23.      11.
                                                                           -2.
 
  AVGE          -0.      -0.       1.      -0.      -1.       1.
                -1.       1.       1.      -1.       1.      -0.

  Table Total-          -0.   Mean-        -0.   Std. Dev.-        19.
                              Min -       -62.        Max -        51.

 D 18.A  Combined calendar adjustment component forecasts
  From  2026.Jul to 2027.Jun
  Observations         12
 -----------------------------------------------------------------------------
               Jan      Feb      Mar      Apr      May      Jun 
               Jul      Aug      Sep      Oct      Nov      Dec         AVGE  
 -----------------------------------------------------------------------------
  2026                                                          
                17.     -23.      11.      -3.      -9.      17.            2.
 
  2027         -23.      -6.     -22.      51.     -23.      11.
                                                                           -2.
 
        bps_permits 32580            PAGE  17, SERIES bps_permits_addi

 E 4  Differences of annual totals
  From          2004 to 2025
  Observations         22
 -----------------------------------
  Year       Unmodified     Modified
                  (D11)         (E2)
 -----------------------------------
  2004              29.          29.
 
  2005             -14.         -14.
 
  2006             -12.         -12.
 
  2007              10.          10.
 
  2008              39.          39.
 
  2009               8.           8.
 
  2010               6.           6.
 
  2011             -21.         -21.
 
  2012               3.           3.
 
  2013              -4.          -4.
 
  2014              -2.          -2.
 
  2015               9.           9.
 
  2016              22.          22.
 
  2017               7.           7.
 
  2018              12.          12.
 
  2019              -2.          -2.
 
  2020               4.           4.
 
  2021             -19.         -19.
 
  2022             -44.         -44.
 
  2023             -28.         -28.
 
  2024              28.          28.
 
  2025              13.          13.
 
        bps_permits 32580            PAGE  18, SERIES bps_permits_addi

 E 5  Month-to-month differences in the original series
  From  2004.Feb to 2026.Jun
  Observations        269
 -----------------------------------------------------------------------------
               Jan      Feb      Mar      Apr      May      Jun 
               Jul      Aug      Sep      Oct      Nov      Dec         AVGE  
 -----------------------------------------------------------------------------
  2004                   81.     338.    -251.     -33.      21.
               -34.      -6.     -63.      70.    -168.     -16.           -6.
 
  2005          76.     122.      56.     -11.     -69.     137.
              -335.     211.     -19.    -150.       8.     -63.           -3.
 
  2006          98.      56.     259.    -185.       6.      33.
              -189.     -54.      -4.      11.     -76.      62.            1.
 
  2007        -109.     134.      57.      10.    -103.      46.
               -26.     -34.     -56.      17.    -104.     107.           -5.
 
  2008         -46.     -75.     -15.      36.    -171.     237.
              -164.      -8.      -6.     -26.     -69.       7.          -25.
 
  2009          49.      32.      37.     -14.     -17.       5.
               -49.      64.     -73.      35.      83.    -179.           -2.
 
  2010         129.     -84.     160.     -76.     133.    -155.
                14.     135.    -193.     -15.      38.      65.           13.
 
  2011         -61.      -7.     127.     -91.     -10.       5.
               -48.      94.     -37.     -37.     -50.      17.           -8.
 
  2012          58.     -57.     351.    -236.       3.     -31.
                18.    -101.      31.      24.     -79.      73.            5.
 
  2013         -39.      17.      27.      82.     107.    -192.
                32.       9.     -64.       0.     -30.      31.           -2.
 
  2014          26.     -23.      40.      26.     -15.     -14.
               177.    -146.     -11.     -26.     -88.      17.           -3.
 
  2015         184.    -169.     241.    -175.      11.      34.
               -78.     156.    -108.      70.    -150.     304.           27.
 
  2016        -120.      78.     -91.     -33.     -61.     306.
              -306.      78.     194.    -372.     217.    -140.          -21.
 
  2017         138.    -174.      63.      83.     -75.      99.
               -54.     104.    -120.      23.     -58.     -30.           -0.
 
  2018         140.    -119.      61.     221.    -146.      95.
              -201.     105.    -103.     -31.     266.    -203.            7.
 
  2019         -56.      11.     -53.      87.      19.     142.
               -44.     159.    -215.     187.    -310.     373.           25.
 
  2020         -96.    -221.     134.    -238.      24.     200.
              -192.     277.    -101.     361.    -339.      57.          -11.
 
  2021        -123.      -1.     222.    -116.     -43.     102.
              -181.     166.     -77.      45.    -170.      63.           -9.
 
  2022          55.      67.     -21.     263.    -272.      10.
                39.     -46.     -91.      69.    -163.       7.           -7.
 
  2023         160.     -59.     239.    -155.     118.      -9.
               -66.      62.    -104.      73.    -145.      60.           15.
 
  2024          96.     -66.      93.      78.    -103.     -63.
               188.    -111.    -171.     339.    -146.    -107.            2.
 
  2025         170.    -242.     162.     169.     -88.    -103.
               -51.      24.     -32.     117.    -254.      55.           -6.
 
  2026         180.    -176.     100.      -5.     -53.     243.
                                                                           48.
 
  AVGE          41.     -38.     112.     -23.     -36.      50.
               -70.      52.     -65.      36.     -81.      25.

  Table Total-         122.   Mean-         0.   Std. Dev.-       133.
                              Min -      -372.        Max -       373.
        bps_permits 32580            PAGE  19, SERIES bps_permits_addi

 E 6  Month-to-month differences in seasonally adjusted series (D11)
  From  2004.Feb to 2026.Jun
  Observations        269
 -----------------------------------------------------------------------------
               Jan      Feb      Mar      Apr      May      Jun 
               Jul      Aug      Sep      Oct      Nov      Dec         AVGE  
 -----------------------------------------------------------------------------
  2004                  -11.     184.    -170.      34.     -71.
                73.      12.     -59.     102.    -105.    -143.          -14.
 
  2005         180.      26.     -46.     -21.      14.      65.
              -213.     187.       5.    -115.      64.    -160.           -1.
 
  2006         149.     -10.     118.     -76.      -3.     -19.
               -71.     -88.      41.      11.     -15.      -0.            3.
 
  2007        -117.     114.     -57.      74.     -98.      27.
                40.     -64.      22.     -26.     -40.      64.           -5.
 
  2008         -73.    -100.     -15.     -54.     -77.     214.
              -136.       4.       7.     -32.      25.    -102.          -28.
 
  2009          64.      47.     -68.      23.      33.     -38.
               -25.      61.     -43.      43.     136.    -257.           -2.
 
  2010         155.     -77.      35.     -19.     175.    -185.
                45.      81.    -134.      15.      50.      11.           13.
 
  2011         -37.       9.      -6.     -12.     -14.       2.
                -7.       2.      44.      -1.     -41.     -14.           -6.
 
  2012          40.     -49.     261.    -174.     -21.       6.
                20.    -173.     149.     -19.     -25.      63.            6.
 
  2013        -109.      78.     -15.       6.     156.    -147.
                 3.     -24.       8.     -20.      39.      -5.           -3.
 
  2014         -45.      46.     -44.      54.       6.     -28.
               184.    -169.      23.     -31.      -2.     -41.           -4.
 
  2015         130.    -106.     153.    -146.      66.     -43.
               -31.     125.     -73.      84.    -116.     281.           27.
 
  2016        -164.     108.    -103.     -96.      21.     222.
              -197.     -50.     283.    -352.     219.    -124.          -19.
 
  2017          55.     -87.     -21.     126.     -67.       4.
                79.     -43.      -0.     -11.     -31.       2.            1.
 
  2018          41.     -10.      46.     107.     -53.      -1.
               -91.     -43.      54.    -124.     339.    -184.            7.
 
  2019        -135.     109.    -110.      40.      82.      64.
                29.      46.     -94.     101.    -192.     342.           24.
 
  2020        -145.    -144.      46.    -240.     108.      60.
               -89.     189.     -13.     297.    -202.      -9.          -12.
 
  2021        -122.      33.      87.     -67.      27.      -8.
               -89.      67.      18.     -12.     -55.      24.           -8.
 
  2022          39.     102.    -176.     350.    -263.     -42.
               120.    -151.       7.       3.     -29.      -5.           -4.
 
  2023          72.       9.      79.     -51.      79.      -8.
               -15.      -5.     -12.     -31.       4.      80.           17.
 
  2024         -51.       6.      62.     -14.     -62.      -7.
               152.     -99.    -113.     219.      36.    -125.            0.
 
  2025          29.    -126.      62.     174.     -77.     -89.
               -70.      62.     -25.      22.     -68.       6.           -8.
 
  2026          81.     -71.     -10.      13.     -24.     209.
                                                                           33.
 
  AVGE           2.      -5.      20.      -7.       2.       8.
               -13.      -3.       4.       6.      -0.     -13.

  Table Total-           2.   Mean-         0.   Std. Dev.-       106.
                              Min -      -352.        Max -       350.
        bps_permits 32580            PAGE  20, SERIES bps_permits_addi

 E 7  Month-to-month differences in final trend cycle (D12)
  From  2004.Feb to 2026.Jun
  Observations        269
 -----------------------------------------------------------------------------
               Jan      Feb      Mar      Apr      May      Jun 
               Jul      Aug      Sep      Oct      Nov      Dec         AVGE  
 -----------------------------------------------------------------------------
  2004                    3.       3.       4.       4.       4.
                 4.       3.       2.       0.      -0.      -1.            2.
 
  2005          -1.      -1.      -1.      -2.      -3.      -4.
                -4.      -4.      -3.      -1.      -0.       0.           -2.
 
  2006          -1.      -3.      -5.      -9.     -12.     -16.
               -19.     -20.     -20.     -19.     -15.     -12.          -13.
 
  2007          -8.      -5.      -3.      -3.      -3.      -4.
                -6.     -10.     -14.     -19.     -23.     -27.          -10.
 
  2008         -29.     -29.     -28.     -25.     -21.     -17.
               -13.      -9.      -6.      -4.      -3.      -3.          -16.
 
  2009          -2.      -2.      -1.       0.       2.       3.
                 3.       3.       3.       2.       2.       2.            1.
 
  2010           1.       1.       0.       0.       0.       1.
                 2.       2.       3.       2.       1.      -1.            1.
 
  2011          -2.      -3.      -3.      -3.      -3.      -3.
                -2.      -2.      -0.       2.       3.       4.           -1.
 
  2012           5.       6.       5.       5.       3.       2.
                -1.      -3.      -4.      -5.      -5.      -4.            0.
 
  2013          -3.      -1.       0.       1.       1.       1.
                 0.      -1.      -1.      -1.      -1.       0.           -0.
 
  2014           2.       3.       3.       3.       3.       3.
                 2.       2.       2.       2.       1.       1.            2.
 
  2015           1.       2.       2.       3.       4.       7.
                 9.      11.      12.      12.      11.       8.            7.
 
  2016           4.      -0.      -4.      -6.      -6.      -6.
                -5.      -4.      -3.      -2.      -1.       0.           -3.
 
  2017           1.       1.       1.       1.       1.       1.
                 1.       2.       4.       6.       8.       9.            3.
 
  2018          10.       9.       8.       5.       1.      -4.
                -9.     -14.     -16.     -16.     -13.      -6.           -4.
 
  2019           1.       9.      16.      21.      24.      25.
                24.      21.      14.       6.      -3.     -12.           12.
 
  2020         -18.     -19.     -17.     -12.      -5.       2.
                 9.      14.      17.      18.      16.      12.            1.
 
  2021           7.       2.      -3.      -7.      -8.      -7.
                -5.      -2.       1.       3.       5.       6.           -1.
 
  2022           6.       5.       3.      -2.      -6.      -9.
               -11.     -10.      -8.      -3.       3.      10.           -2.
 
  2023          15.      18.      19.      18.      14.      10.
                 7.       3.       0.      -1.      -1.       0.            9.
 
  2024           2.       5.       7.      10.      11.      11.
                10.       9.       7.       5.       2.      -1.            7.
 
  2025          -5.      -8.     -11.     -12.     -12.     -11.
               -10.      -9.      -9.      -8.      -8.      -6.           -9.
 
  2026          -5.      -2.      -0.       1.       3.       5.
                                                                            0.
 
  AVGE          -1.      -0.      -0.      -0.      -0.      -0.
                -1.      -1.      -1.      -1.      -1.      -1.

  Table Total-        -172.   Mean-        -1.   Std. Dev.-         9.
                              Min -       -29.        Max -        25.
        bps_permits 32580            PAGE  21, SERIES bps_permits_addi

 E 8  Month-to-month differences in original series adjusted for calendar factors (A18)
  From  2004.Feb to 2026.Jun
  Observations        269
 -----------------------------------------------------------------------------
               Jan      Feb      Mar      Apr      May      Jun 
               Jul      Aug      Sep      Oct      Nov      Dec         AVGE  
 -----------------------------------------------------------------------------
  2004                   76.     309.    -217.     -13.     -13.
               -20.      -6.     -77.     104.    -202.     -22.           -7.
 
  2005         116.     105.      72.     -64.     -36.     123.
              -301.     171.     -13.    -116.     -26.     -49.           -1.
 
  2006          98.      59.     222.    -111.     -54.      39.
              -155.     -94.      22.       5.     -90.      96.            3.
 
  2007        -149.     157.      40.      44.    -143.      72.
               -32.     -54.     -10.     -29.     -98.     141.           -5.
 
  2008         -86.     -80.      69.     -77.    -118.     243.
              -190.      32.     -40.     -32.     -23.     -39.          -28.
 
  2009          69.      35.      20.       0.       3.     -29.
               -55.     104.    -107.      49.      89.    -205.           -2.
 
  2010         169.    -101.     123.     -42.     153.    -189.
                28.     135.    -207.      19.       4.      59.           13.
 
  2011         -21.     -24.      90.     -37.     -30.      -9.
               -14.      54.     -31.      -3.     -84.      31.           -6.
 
  2012          58.     -82.     362.    -202.     -37.      -5.
                12.    -121.      77.     -22.     -73.     107.            6.
 
  2013         -79.      40.      84.     -31.     140.    -146.
               -14.      29.     -58.     -26.      -4.      25.           -3.
 
  2014           6.      -0.      43.      20.     -15.      -8.
               151.    -106.     -45.     -32.     -42.     -29.           -5.
 
  2015         204.    -166.     224.    -161.      31.      -0.
               -84.     196.    -142.      84.    -144.     278.           27.
 
  2016         -80.      33.     -47.     -86.     -28.     292.
              -272.      38.     200.    -338.     183.    -126.          -19.
 
  2017         138.    -171.      26.     157.    -135.     105.
               -20.      64.     -94.      17.     -72.       4.            2.
 
  2018         100.     -96.      97.     148.    -133.     121.
              -207.      85.     -57.     -77.     272.    -169.            7.
 
  2019         -96.      34.     -50.      81.      -1.     188.
               -90.     179.    -209.     161.    -284.     367.           23.
 
  2020        -116.    -206.     125.    -224.      44.     166.
              -198.     317.    -135.     375.    -333.      31.          -13.
 
  2021         -83.     -18.     185.     -82.     -23.      68.
              -167.     166.     -91.      79.    -204.      57.           -9.
 
  2022          95.      50.     -58.     317.    -292.      -4.
                73.     -86.     -85.     103.    -197.      21.           -5.
 
  2023         160.     -56.     202.     -81.      58.      -3.
               -32.      22.     -78.      67.    -159.      94.           16.
 
  2024          56.     -71.     177.     -35.     -70.     -17.
               142.     -91.    -165.     313.    -120.    -113.            1.
 
  2025         150.    -219.     165.     163.     -88.     -97.
               -77.      64.     -66.     111.    -208.       9.           -8.
 
  2026         200.    -173.      83.       9.     -33.     209.
                                                                           49.
 
  AVGE          41.     -38.     112.     -22.     -35.      48.
               -69.      50.     -64.      37.     -83.      26.

  Table Total-         108.   Mean-         0.   Std. Dev.-       130.
                              Min -      -338.        Max -       375.
        bps_permits 32580            PAGE  22, SERIES bps_permits_addi

 E 18  Final adjustment ratios
  From  2004.Jan to 2026.Jun
  Observations        270
 -----------------------------------------------------------------------------
               Jan      Feb      Mar      Apr      May      Jun 
               Jul      Aug      Sep      Oct      Nov      Dec         AVGE  
 -----------------------------------------------------------------------------
  2004       87.710  100.624  117.972  110.830  101.377  115.075
             99.298   96.885   96.035   92.512   82.443  100.682       100.120
 
  2005       86.461   99.496  113.746  115.525  103.502  112.543
             95.666   99.972   96.814   90.819   83.658   96.800        99.584
 
  2006       90.058   99.578  117.281  104.089  105.311  112.874
             95.590  101.208   93.364   93.420   82.768   93.516        99.088
 
  2007       93.667   98.328  120.184  106.849  107.194  110.538
             98.032  103.726   88.557   96.708   82.219   92.747        99.896
 
  2008       97.577  104.159  104.491  138.187  105.785  108.412
            102.454   98.256   93.744   95.413   62.036  101.806       101.027
 
  2009       95.177   90.653  135.567  116.912   96.830  114.289
            104.490  104.673   92.444   90.854   81.001  100.257       101.929
 
  2010       91.630   85.735  134.412  113.858   98.269  109.593
             97.161  112.606   94.136   82.126   80.993   99.470        99.999
 
  2011       90.430   84.973  133.370  104.734  106.710  107.750
             90.918  128.697   96.237   83.543   76.985   89.011        99.447
 
  2012       97.364   92.984  115.355  103.880  112.552   99.848
             99.140  149.366   83.371   97.964   75.764   84.037       100.969
 
  2013      110.189   85.581  100.855  129.349  106.937   94.543
            104.913  118.463   90.548   98.099   73.958   86.362        99.983
 
  2014      114.432   87.305  120.740  107.017   99.721  104.866
            101.387  110.445   98.589  100.218   68.482   88.171       100.114
 
  2015      107.497   85.968  112.930  109.127   90.475  116.311
             99.810  108.102   98.638   95.323   80.685   94.743        99.967
 
  2016      103.845   97.048   99.426  120.305   93.046  111.516
             86.301  127.740   98.652   87.710   93.323   85.586       100.375
 
  2017      109.775   82.539  112.766   97.725   94.655  123.481
             86.334  124.831   92.166  101.378   93.224   83.444       100.193
 
  2018      112.287   82.042   87.801  112.760   93.909  114.874
             88.555  133.041   86.492  116.630   94.808   87.823       100.919
 
  2019      110.912   81.943   95.691  111.240   92.785  110.798
             95.142  116.868   92.830  110.090   81.735   95.243        99.606
 
  2020      102.878   84.812  106.017  113.987   82.475  122.494
             93.662  114.745   96.093  106.064   83.695   95.449       100.198
 
  2021       93.974   87.017  113.896  105.526   91.337  113.351
             93.779  115.551   95.639  107.313   81.274   90.973        99.136
 
  2022       94.913   89.889  122.739  100.978   99.670  110.798
             94.732  117.243   94.580  109.484   77.707   80.342        99.423
 
  2023      101.703   87.705  117.725   99.394  105.997  105.926
             97.076  108.811   92.363  111.733   83.376   82.252        99.505
 
  2024      106.954   94.159   99.667  114.613  108.879   98.681
            104.081  102.768   91.436  111.194   85.974   86.015       100.368
 
  2025      108.593   88.175  106.733  104.511  103.384  101.580
            105.569   98.349   96.985  113.557   78.773   88.558        99.564
 
  2026      106.788   87.693  108.911  105.361   99.910  104.659
                                                                       102.220
 
  AVGE      100.644   90.365  112.968  110.729  100.031  109.774
             97.004  113.288   93.623   99.643   81.131   91.059

  Table Total-       27030.   Mean-       100.   Std. Dev.-        13.
                              Min -        62.        Max -       149.

 E 18.A  Final adjustment ratio forecasts
  From  2026.Jul to 2027.Jun
  Observations         12
 -----------------------------------------------------------------------------
               Jan      Feb      Mar      Apr      May      Jun 
               Jul      Aug      Sep      Oct      Nov      Dec         AVGE  
 -----------------------------------------------------------------------------
  2026                                                          
            104.537   97.988   97.707  112.168   86.559   90.745        98.284
 
  2027      104.627   89.342  100.147  115.413   99.670  106.059
                                                                       102.543
 
        bps_permits 32580            PAGE  23, SERIES bps_permits_addi

 F 4.  Additive Day of the Week Trading Day Component Factors


      Day of Week Component for regARIMA Trading Day Factors:

                                       months starting on:
                     Mon      Tue      Wed      Thu      Fri      Sat      Sun
 31-day months        17.      17.      17.      -3.     -23.     -23.      -3.
 30-day months        11.      11.      11.      11.      -9.     -29.      -9.
 Leap year Feb.        6. ********       6.       6.       6.     -14.     -14.

  QS statistic for seasonality:
  Original Series                                    19.99  (P-Value =     0.0000)
  Original Series (EV adj)                           22.14  (P-Value =     0.0000)
  Residuals                                           4.42  (P-Value =     0.1098)
  Seasonally Adjusted Series                          0.00  (P-Value =     1.0000)
  Seasonally Adjusted Series (EV adj)                 0.00  (P-Value =     1.0000)
  Irregular Series                                    0.00  (P-Value =     1.0000)
  Irregular Series (EV adj)                           0.00  (P-Value =     1.0000)

  QS statistic for seasonality (starting 2018.Jul):
  Original Series                                    12.29  (P-Value =     0.0021)
  Original Series (EV adj)                           13.65  (P-Value =     0.0011)
  Residuals                                           0.48  (P-Value =     0.7864)
  Seasonally Adjusted Series                          0.00  (P-Value =     1.0000)
  Seasonally Adjusted Series (EV adj)                 0.00  (P-Value =     1.0000)
  Irregular Series                                    0.00  (P-Value =     1.0000)
  Irregular Series (EV adj)                           0.00  (P-Value =     1.0000)


 WARNING: Series should not be a candidate for seasonal adjustment
          because the spectrum of the prior adjusted series (Table B1)
          has no visually significant seasonal peaks.

          If this is a component series of an indirectly adjusted
          composite series, consider using type = trend or type = summary
          in the x11 spec.
        bps_permits 32580            PAGE  24, SERIES bps_permits_addi
 G 0  10*LOG(SPECTRUM) of the differenced Prior Adjusted Series
      (Table B1).  Spectrum estimated from 2018.Jul to 2026.Jun.
 ++++++++++I+++++++++++++++++++++++++++++++++++++++++++++++++++++++++++++I
      51.71I                                                            SI     51.71
           I                                                            SI
           I                                                  S         SI
           I                                                  S         SI
      49.30I                                                 *S*       *SI     49.30
           I                                       *         *S*       *SI
           I                                       *S       **S*       *SI
           I                                       *S       **S*       *SI
      46.88I                                       *S      ***S*T      *SI     46.88
           I                                       *S      ***S*T      *SI
           I                                       *S  *   ***S*T*     *SI
           I                                       *S  *   ***S*T*     *SI
      44.47I                                       *S* ** ****S*T*    **SI     44.47
           I                                   *   *S*T** ****S*T*    **SI
           I                          *        **  *S*T*******S*T**   **SI
           I                          *        **  *S*T*******S*T**   **SI
      42.06I                          *        ** **S*T*******S*T**   **SI     42.06
           I                          *        ** **S*T*******S*T**   **SI
           I           *           *  **       *****S*T*******S*T**   **SI
           I           *           *  **       *****S*T*******S*T*** ***SI
      39.65I        *  *          ** ***       *****S*T*******S*T*** ***SI     39.65
           I        *  *    *  *  ******       *****S*T*******S*T*******SI
           I        * S*    * **  ******       *****S*T*******S*T*******SI
           I        * S*   *****S ******      ******S*T*******S*T*******SI
      37.23I        **S*   *****S*******      ******S*T*******S*T*******SI     37.23
           I        **S*   *****S*******      ******S*T*******S*T*******SI
           I        **S**  *****S*******      ******S*T*******S*T*******SI
           I       ***S**  *****S********     ******S*T*******S*T*******SI
      34.82I       ***S** ******S********    *******S*T*******S*T*******SI     34.82
           I       ***S** ******S********    *******S*T*******S*T*******SI
           I       ***S*********S*********  ********S*T*******S*T*******SI
           I       ***S*********S*********S*********S*T*******S*T*******SI
      32.41I       ***S*********S*********S*********S*T*******S*T*******SI     32.41
           I       ***S*********S*********S*********S*T*******S*T*******SI
           I       ***S*********S*********S*********S*T*******S*T*******SI
           I    * ****S*********S*********S*********S*T*******S*T*******SI
      30.00I    * ****S*********S*********S*********S*T*******S*T*******SI     30.00
           I   ** ****S*********S*********S*********S*T*******S*T*******SI
           I   *******S*********S*********S*********S*T*******S*T*******SI
           I   *******S*********S*********S*********S*T*******S*T*******SI
      27.58I   *******S*********S*********S*********S*T*******S*T*******SI     27.58
           I   *******S*********S*********S*********S*T*******S*T*******SI
           I   *******S*********S*********S*********S*T*******S*T*******SI
           I   *******S*********S*********S*********S*T*******S*T*******SI
      25.17I   *******S*********S*********S*********S*T*******S*T*******SI     25.17
           I   *******S*********S*********S*********S*T*******S*T*******SI
           I  ********S*********S*********S*********S*T*******S*T*******SI
           I  ********S*********S*********S*********S*T*******S*T*******SI
      22.76I  ********S*********S*********S*********S*T*******S*T*******SI     22.76
           I  ********S*********S*********S*********S*T*******S*T*******SI
           I  ********S*********S*********S*********S*T*******S*T*******SI
           I *********S*********S*********S*********S*T*******S*T*******SI
      20.35I**********S*********S*********S*********S*T*******S*T*******SI     20.35
 ++++++++++I+++++++++++++++++++++++++++++++++++++++++++++++++++++++++++++I
            S=SEASONAL FREQUENCIES, T=TRADING DAY FREQUENCIES
        bps_permits 32580            PAGE  25, SERIES bps_permits_addi
 G 1  10*LOG(SPECTRUM) of the differenced seasonally adjusted 
      data (Table E2).  Spectrum estimated from 2018.Jul to 2026.Jun.
 ++++++++++I+++++++++++++++++++++++++++++++++++++++++++++++++++++++++++++I
      46.03I                                                             I     46.03
           I                                            *                I
           I                                            *                I
           I                                            *  *             I
      44.21I                                            *  *             I     44.21
           I                                            *  *             I
           I                                            *  *             I
           I                                            *  *             I
      42.39I                                            *  *             I     42.39
           I                                            *  *            SI
           I                                   **       *  **           SI
           I                                   **       ** **    *      SI
      40.56I                                   **       ** **    *      SI     40.56
           I                                   **      ******    *      SI
           I                                   **      ******    **     SI
           I                            *      **      ******    ***    SI
      38.74I                           **      **      ******    ***   *SI     38.74
           I                 *         **      **   S  ******    ****  *SI
           I                 *         **      ***  S*T******    ****  *SI
           I                 *      *  **     ****  S*T******    ****  *SI
      36.92I        *        *      *  **     **** *S*T******   T***** *SI     36.92
           I        *       **     *** **     ******S*T******   T*******SI
           I        *       **     ******     ******S*T******   T*******SI
           I        *       **     ******     ******S*T******   T*******SI
      35.09I        *       **     ******     ******S*T*******  T*******SI     35.09
           I        *       ***    ******     ******S*T*******  T*******SI
           I        *      ****   ********   *******S*T*******  T*******SI
           I        *      ****   ********   *******S*T******* *T*******SI
      33.27I        *     *****   ********   *******S*T*******S*T*******SI     33.27
           I        *     *****  *********   *******S*T*******S*T*******SI
           I       **     ****** *********   *******S*T*******S*T*******SI
           I       **     ******S*********   *******S*T*******S*T*******SI
      31.45I       **     ******S*********  ********S*T*******S*T*******SI     31.45
           I       **    *******S*********S ********S*T*******S*T*******SI
           I       **    *******S*********S*********S*T*******S*T*******SI
           I       **    *******S*********S*********S*T*******S*T*******SI
      29.62I       ***   *******S*********S*********S*T*******S*T*******SI     29.62
           I       ***   *******S*********S*********S*T*******S*T*******SI
           I       ***   *******S*********S*********S*T*******S*T*******SI
           I      ****   *******S*********S*********S*T*******S*T*******SI
      27.80I    * ****   *******S*********S*********S*T*******S*T*******SI     27.80
           I    ******  ********S*********S*********S*T*******S*T*******SI
           I   *******  ********S*********S*********S*T*******S*T*******SI
           I   *******  ********S*********S*********S*T*******S*T*******SI
      25.98I   *******S ********S*********S*********S*T*******S*T*******SI     25.98
           I   *******S*********S*********S*********S*T*******S*T*******SI
           I   *******S*********S*********S*********S*T*******S*T*******SI
           I  ********S*********S*********S*********S*T*******S*T*******SI
      24.15I  ********S*********S*********S*********S*T*******S*T*******SI     24.15
           I  ********S*********S*********S*********S*T*******S*T*******SI
           I  ********S*********S*********S*********S*T*******S*T*******SI
           I *********S*********S*********S*********S*T*******S*T*******SI
      22.33I**********S*********S*********S*********S*T*******S*T*******SI     22.33
 ++++++++++I+++++++++++++++++++++++++++++++++++++++++++++++++++++++++++++I
            S=SEASONAL FREQUENCIES, T=TRADING DAY FREQUENCIES
        bps_permits 32580            PAGE  26, SERIES bps_permits_addi
 G 2  10*LOG(SPECTRUM) of the Modified Irregular (Table E3).  
      Spectrum estimated from 2018.Jul to 2026.Jun.
 ++++++++++I+++++++++++++++++++++++++++++++++++++++++++++++++++++++++++++I
      40.56I                                            *                I     40.56
           I                                            *                I
           I                *                           *                I
           I                **                          *                I
      39.34I                **                          *  *             I     39.34
           I                **                          *  *             I
           I                **                          *  *             I
           I                **                          *  *             I
      38.11I                **                          *  *             I     38.11
           I                **                          *  *             I
           I                **                 **       *  *             I
           I                **                 **       *  *             I
      36.89I               ***         *       **       *  *             I     36.89
           I               ***         *       **       *  *             I
           I               ***      *  **      **       *  *             I
           I               ***      *  **      **       ** *             I
      35.67I              *****    **  **      **       ** **           SI     35.67
           I              *****    **  **      **      ******           SI
           I              *****    **  **      **      ******           SI
           I              *****    **  **      **      ******    *      SI
      34.44I             ******    **  **      **      ******    **     SI     34.44
           I             ******    **  **      **      ******    **     SI
           I             ******    ******      **      ******    **     SI
           I             ******    ******      ***  S  ******    **     SI
      33.22I             *******   ******      ***  S  ******    **    *SI     33.22
           I             *******  *******     **** *S  ******    ***   *SI
           I             *******  *******     **** *S*T******    ***   *SI
           I             *******  *******     ******S*T******    ***   *SI
      31.99I             *******S *******     ******S*T******    ***   *SI     31.99
           I*      *     *******S********     ******S*T******    ****  *SI
           I*      **    *******S********     ******S*T******    ****  *SI
           I*      **   ********S*********    ******S*T******   T**** **SI
      30.77I*      **   ********S*********    ******S*T******   T*******SI     30.77
           I*      **   ********S*********    ******S*T******   T*******SI
           I*      **   ********S*********   *******S*T*******  T*******SI
           I*      **   ********S*********   *******S*T*******  T*******SI
      29.55I*      **   ********S*********   *******S*T*******  T*******SI     29.55
           I*     ***   ********S*********   *******S*T*******  T*******SI
           I*     ****  ********S*********  ********S*T*******  T*******SI
           I*     ****  ********S*********S ********S*T******* *T*******SI
      28.32I**    **** *********S*********S ********S*T******* *T*******SI     28.32
           I**    **** *********S*********S*********S*T*******S*T*******SI
           I**    ****S*********S*********S*********S*T*******S*T*******SI
           I**    ****S*********S*********S*********S*T*******S*T*******SI
      27.10I**    ****S*********S*********S*********S*T*******S*T*******SI     27.10
           I**   *****S*********S*********S*********S*T*******S*T*******SI
           I**   *****S*********S*********S*********S*T*******S*T*******SI
           I**   *****S*********S*********S*********S*T*******S*T*******SI
      25.87I**   *****S*********S*********S*********S*T*******S*T*******SI     25.87
           I***  *****S*********S*********S*********S*T*******S*T*******SI
           I***  *****S*********S*********S*********S*T*******S*T*******SI
           I*** ******S*********S*********S*********S*T*******S*T*******SI
      24.65I**********S*********S*********S*********S*T*******S*T*******SI     24.65
 ++++++++++I+++++++++++++++++++++++++++++++++++++++++++++++++++++++++++++I
            S=SEASONAL FREQUENCIES, T=TRADING DAY FREQUENCIES
        bps_permits 32580            PAGE  27, SERIES bps_permits_addi

  Peak probabilities for Tukey spectrum estimator
  Spectrum estimated from 2018.Jul to 2026.Jun.

                                          S1       S2       S3       S4       S5       S6       TD
                                        ------   ------   ------   ------   ------   ------   ------
  Model Residuals                        0.650    0.820    0.255    0.884    0.542    0.564    0.746  
  Prior Adjusted Series (Table B1)       0.767    0.559    0.007    0.962*   0.958*   0.931*   0.340  
  Seasonally adjusted series (E2)        0.066    0.237    0.071    0.680    0.011    0.757    0.204  
  Modified Irregular (E3)                0.219    0.193    0.079    0.699    0.010    0.780    0.192  
  ----------
     ** - Peak Probability > 0.99,
      * - 0.90 < Peak Probability < 0.99


