  Reading input spec file from D:\Programming\Dynamic Paper-dlrhcs_replication\outputs\empirical\unemployment\raw_sa_pilot\x13_work\bps_permits_additive_level_44220_200401_202606.spc

1

               U. S. Department of Commerce, U. S. Census Bureau

              X-13ARIMA-SEATS monthly seasonal adjustment Method,
                          Release Version 1.1 Build 62


           This software application provides an enhanced version of
             Statistics Canada's X-11-ARIMA extension (Dagum, 1980)
                 of the X-11 variant of the Census Method II of
                      Shiskin, Young and Musgrave (1967).

            It also provides an ARIMA model-based method following
       Hillmer and Tiao (1982) and Burman (1980) that is very similar
       to the update of the method of SEATS (Gomez and Maravall, 1996)
                produced at the Bank of Spain by G. Caporello and
               A. Maravall for TSW (Caporello and Maravall, 2004).
          The present application includes additional enhancements.

         X-13ARIMA-SEATS includes an automatic ARIMA model selection procedure
          based largely on the procedure of Gomez and Maravall (1998)
            as implemented in TRAMO (1996) and subsequent revisions.

              Primary Programmers: Brian Monsell, Mark Otto and,
                 for the ARIMA model-based signal extraction,
                      Gianluca Caporello and Victor Gomez


     Series Title- bps_permits 44220
     Series Name- bps_permits_addi
     Jul 29, 2026  08.34.53 

        -Period covered-  1st month,2004 to  6th month,2026
        -Type of run - additive seasonal adjustment

        -Sigma limits for graduating extreme values are  1.5 and  2.5 .
        -3x3 moving average used in section 1 of each iteration, 
         3x5 moving average in section 2 of iterations B and C,
         moving average for final seasonal factors chosen by Global MSR.
        -Holiday adjustment factors applied directly to the final seasonally adjusted series
        -Spectral plots generated for selected series
        -Spectral plots generated for series starting in 2018.Jul

 FILE SAVE REQUESTS (* indicates file exists and will be overwritten)
  D:\Programming\Dynamic Paper-dlrhcs_replication\outputs\empirical\unemployment\raw_sa_pilot\x13_work\bps_permits_additive_level_44220_200401_202606.d10  final seasonal factors
  D:\Programming\Dynamic Paper-dlrhcs_replication\outputs\empirical\unemployment\raw_sa_pilot\x13_work\bps_permits_additive_level_44220_200401_202606.d11  final seasonally adjusted data
  D:\Programming\Dynamic Paper-dlrhcs_replication\outputs\empirical\unemployment\raw_sa_pilot\x13_work\bps_permits_additive_level_44220_200401_202606.out  program output file
  D:\Programming\Dynamic Paper-dlrhcs_replication\outputs\empirical\unemployment\raw_sa_pilot\x13_work\bps_permits_additive_level_44220_200401_202606.err  program error file
        bps_permits 44220            PAGE   1, SERIES bps_permits_addi

     Contents of spc file D:\Programming\Dynamic Paper-dlrhcs_replication\outputs\empirical\unemployment\raw_sa_pilot\x13_work\bps_permits_additive_level_44220_200401_202606.spc

 Line #
 ------
      1: series {
      2:   title = "bps_permits 44220"
      3:   start = 2004.1
      4:   period = 12
      5:   data = (
      6: 11
      7: 20
      8: 28
      9: 27
     10: 19
     11: 24
     12: 31
     13: 23
     14: 21
     15: 26
     16: 16
     17: 12
     18: 5
     19: 10
     20: 32
     21: 23
     22: 41
     23: 23
     24: 24
     25: 37
     26: 24
     27: 22
     28: 24
     29: 12
     30: 16
     31: 15
     32: 15
     33: 13
     34: 29
     35: 42
     36: 13
     37: 18
     38: 12
     39: 14
     40: 9
     41: 4
     42: 11
     43: 6
     44: 119
     45: 18
     46: 43
     47: 9
     48: 12
     49: 20
     50: 8
     51: 120
     52: 13
     53: 16
     54: 4
     55: 5
     56: 7
     57: 9
     58: 9
     59: 5
     60: 12
     61: 9
     62: 7
     63: 5
     64: 32
     65: 1
     66: 5
     67: 15
     68: 0
     69: 5
     70: 5
     71: 5
     72: 5
     73: 6
     74: 3
     75: 5
     76: 7
     77: 6
     78: 1
     79: 0
     80: 7
     81: 3
     82: 3
     83: 6
     84: 5
     85: 8
     86: 4
     87: 7
     88: 0
     89: 1
     90: 1
     91: 3
     92: 4
     93: 6
     94: 2
     95: 5
     96: 7
     97: 9
     98: 4
     99: 5
    100: 95
    101: 3
    102: 1
    103: 1
    104: 9
    105: 4
    106: 4
    107: 5
    108: 2
    109: 3
    110: 74
    111: 5
    112: 2
    113: 5
    114: 4
    115: 0
    116: 39
    117: 2
    118: 5
    119: 2
    120: 3
    121: 3
    122: 3
    123: 7
    124: 2
    125: 2
    126: 3
    127: 0
    128: 2
    129: 6
    130: 3
    131: 5
    132: 7
    133: 12
    134: 4
    135: 3
    136: 6
    137: 2
    138: 0
    139: 2
    140: 2
    141: 7
    142: 6
    143: 6
    144: 7
    145: 7
    146: 12
    147: 6
    148: 3
    149: 5
    150: 1
    151: 3
    152: 2
    153: 6
    154: 0
    155: 4
    156: 6
    157: 10
    158: 7
    159: 8
    160: 4
    161: 4
    162: 1
    163: 5
    164: 3
    165: 15
    166: 8
    167: 56
    168: 4
    169: 10
    170: 8
    171: 1
    172: 5
    173: 5
    174: 5
    175: 1
    176: 2
    177: 1
    178: 9
    179: 5
    180: 11
    181: 8
    182: 4
    183: 10
    184: 27
    185: 2
    186: 12
    187: 6
    188: 3
    189: 6
    190: 8
    191: 8
    192: 7
    193: 5
    194: 3
    195: 13
    196: 1
    197: 4
    198: 5
    199: 3
    200: 3
    201: 9
    202: 29
    203: 14
    204: 9
    205: 19
    206: 16
    207: 18
    208: 9
    209: 5
    210: 22
    211: 24
    212: 28
    213: 22
    214: 7
    215: 18
    216: 15
    217: 13
    218: 14
    219: 15
    220: 8
    221: 13
    222: 24
    223: 11
    224: 3
    225: 10
    226: 64
    227: 10
    228: 13
    229: 17
    230: 14
    231: 8
    232: 3
    233: 6
    234: 5
    235: 12
    236: 10
    237: 48
    238: 7
    239: 20
    240: 30
    241: 6
    242: 11
    243: 8
    244: 46
    245: 12
    246: 12
    247: 9
    248: 102
    249: 8
    250: 14
    251: 9
    252: 12
    253: 7
    254: 36
    255: 9
    256: 5
    257: 11
    258: 7
    259: 60
    260: 17
    261: 14
    262: 16
    263: 20
    264: 30
    265: 19
    266: 24
    267: 27
    268: 10
    269: 19
    270: 17
    271: 14
    272: 16
    273: 30
    274: 24
    275: 18
    276:   )
    277: }
    278: transform { function = none }
    279: regression { aictest = (td easter) }
    280: automdl {}
    281: x11 { mode = add save = (d10 d11) }
        bps_permits 44220            PAGE   2, SERIES bps_permits_addi

 A 1  Time series data (for the span analyzed)
  From  2004.Jan to 2026.Jun
  Observations        270
 -----------------------------------------------------------------------------
               Jan      Feb      Mar      Apr      May      Jun 
               Jul      Aug      Sep      Oct      Nov      Dec        TOTAL  
 -----------------------------------------------------------------------------
  2004          11.      20.      28.      27.      19.      24.
                31.      23.      21.      26.      16.      12.          258.
 
  2005           5.      10.      32.      23.      41.      23.
                24.      37.      24.      22.      24.      12.          277.
 
  2006          16.      15.      15.      13.      29.      42.
                13.      18.      12.      14.       9.       4.          200.
 
  2007          11.       6.     119.      18.      43.       9.
                12.      20.       8.     120.      13.      16.          395.
 
  2008           4.       5.       7.       9.       9.       5.
                12.       9.       7.       5.      32.       1.          105.
 
  2009           5.      15.       0.       5.       5.       5.
                 5.       6.       3.       5.       7.       6.           67.
 
  2010           1.       0.       7.       3.       3.       6.
                 5.       8.       4.       7.       0.       1.           45.
 
  2011           1.       3.       4.       6.       2.       5.
                 7.       9.       4.       5.      95.       3.          144.
 
  2012           1.       1.       9.       4.       4.       5.
                 2.       3.      74.       5.       2.       5.          115.
 
  2013           4.       0.      39.       2.       5.       2.
                 3.       3.       3.       7.       2.       2.           72.
 
  2014           3.       0.       2.       6.       3.       5.
                 7.      12.       4.       3.       6.       2.           53.
 
  2015           0.       2.       2.       7.       6.       6.
                 7.       7.      12.       6.       3.       5.           63.
 
  2016           1.       3.       2.       6.       0.       4.
                 6.      10.       7.       8.       4.       4.           55.
 
  2017           1.       5.       3.      15.       8.      56.
                 4.      10.       8.       1.       5.       5.          121.
 
  2018           5.       1.       2.       1.       9.       5.
                11.       8.       4.      10.      27.       2.           85.
 
  2019          12.       6.       3.       6.       8.       8.
                 7.       5.       3.      13.       1.       4.           76.
 
  2020           5.       3.       3.       9.      29.      14.
                 9.      19.      16.      18.       9.       5.          139.
 
  2021          22.      24.      28.      22.       7.      18.
                15.      13.      14.      15.       8.      13.          199.
 
  2022          24.      11.       3.      10.      64.      10.
                13.      17.      14.       8.       3.       6.          183.
 
  2023           5.      12.      10.      48.       7.      20.
                30.       6.      11.       8.      46.      12.          215.
 
  2024          12.       9.     102.       8.      14.       9.
                12.       7.      36.       9.       5.      11.          234.
 
  2025           7.      60.      17.      14.      16.      20.
                30.      19.      24.      27.      10.      19.          263.
 
  2026          17.      14.      16.      30.      24.      18.
                                                                          119.
 
  AVGE           8.      10.      20.      13.      15.      14.
                12.      12.      14.      16.      15.       7.

  Table Total-        3483.   Mean-        13.   Std. Dev.-        16.
                              Min -         0.        Max -       120.
        bps_permits 44220            PAGE   3, SERIES bps_permits_addi
                        Automatic ARIMA Model Selection

                    Procedure based closely on TRAMO method 
                         of Gomez and Maravall (2000)
              "Automatic Modeling Methods for Univariate Series",
                            A Course in Time Series
                  (Edited by D. Pena, G. C. Tiao, R. S. Tsay),
                         New York : J. Wiley and Sons


     Maximum order for regular ARMA parameters :   2
     Maximum order for seasonal ARMA parameters :   1
     Maximum order for regular differencing :   2
     Maximum order for seasonal differencing :   1

   Results of Unit Root Test for identifying orders of differencing:
     Regular difference order :   0
     Seasonal difference order :   0

  Automatic model choice : (1 0 1)
   Model changed to 
   ( 0, 1, 1) ( 0, 1, 1)


  Final Checks for Identified Model


  Checking for Unit Roots.
   No unit roots found.

  Checking for nonseasonal overdifferencing.
   Reduce order of nonseasonal MA, nonseasonal differencing.
   ( 0, 0, 0) ( 0, 1, 1)
  Constant term removed from model

  Checking for insignificant ARMA coefficients.

  Final automatic model choice : (0 0 0)(0 1 1)
   End of automatic model selection procedure.

 Average absolute percentage error in within-sample forecasts:
  Last year:  44.53      Last-1 year:  50.79     Last-2 year:  47.04
  Last three years:   47.45

 Estimation converged in    2 ARMA iterations,   15 function evaluations.

 Regression Model
 ------------------------------------------------------------------------------
                             Parameter        Standard
 Variable                     Estimate           Error      t-value
 ------------------------------------------------------------------------------
 Easter[15]                    11.3812         5.80138         1.96
 ------------------------------------------------------------------------------


 ARIMA Model:  (0 0 0)(0 1 1)
   Seasonal differences:    1
                                              Standard
 Parameter                    Estimate          Errors
 -----------------------------------------------------
 Seasonal MA                                       
   Lag 12                       0.8632         0.03467

 Variance                       0.28382E+03
 SE of Var                      0.24989E+02
 -----------------------------------------------------

 Likelihood Statistics
 ------------------------------------------------------------------
 Number of observations (nobs)                                  270
 Effective number of observations (nefobs)                      258
 Number of parameters estimated (np)                              3
 Log likelihood (L)                                      -1102.9140
 AIC                                                      2211.8281 
 AICC (F-corrected-AIC)                                   2211.9226 
 Hannan Quinn                                             2216.1141 
 BIC                                                      2222.4870 
 ------------------------------------------------------------------

 QS Statistic for regARIMA Model Residuals (full series):             0.00
                                                       (P-Value =     1.0000)

 QS Statistic for regARIMA Model Residuals (starting 2018.Jul):       0.00
                                                       (P-Value =     1.0000)
      10*LOG(SPECTRUM) of the regARIMA model residuals
      Spectrum estimated from 2018.Jul to 2026.Jun.
 ++++++++++I+++++++++++++++++++++++++++++++++++++++++++++++++++++++++++++I
      30.86I                                 *                           I     30.86
           I                                 *                           I
           I                                 *                           I
           I                                 *                           I
      29.57I                                 *                           I     29.57
           I                                 *                           I
           I                                 *                           I
           I                                 *                           I
      28.29I                                 *                    *      I     28.29
           I                                 *          *         **     I
           I                                 *          *         **     I
           I                                **          *         **     I
      27.00I                       *        **          *         **     I     27.00
           I                       *        **          *         **     I
           I                      **        **          *         **     I
           I                      **  *     **          *         **     I
      25.72I                      **  *     **          *         **     I     25.72
           I                      **  *     **          *         **     I
           I                      **  *     **          *         **     I
           I  *                   **  *     **         **         **     I
      24.43I  *                   ** **     **         **         **     I     24.43
           I  *       S           ** **     ***        **         ***    I
           I  *       S  *        ** **    ****        ***        ****   I
           I **       S* *        ** **    ****        ***        ****   I
      23.15I **       S* *        *****    ****        ***        ****   I     23.15
           I **       S* *        *****    ****        ***        ****   I
           I **       S* *        *****    ****        ***        ****   I
           I **       S* *        *****    ****        ***        *****  I
      21.86I***   *   S***        *****    ****        ***        *****  I     21.86
           I***  **   S***        *****    ****        ***       ******  I
           I***  **   S***        *****    ****        ***       ******  I
           I**** **   S***        *****    ****        ***       ******  I
      20.58I**** **   S****      ******    ****        ***       ******  I     20.58
           I**** **   S****    * ******    ****   *    ***       ******  I
           I**** **   S****    * *******   ****   *   T***       ******  I
           I*******   S****    *S*******  S****   **  T****     T******  I
      19.29I*******  *S****    *S*******  S****   **  T****    *T******* I     19.29
           I*******  *S****    *S*******  S*****  **  T****    *T******* I
           I******** *S****    *S*******  S*****  **  T****    *T******* I
           I******** *S****    *S*******  S*****  **  T****   S*T*******SI
      18.01I******** *S****    *S*******  S*****  **  T****   S*T*******SI     18.01
           I******** *S****   **S*******  S***** ***S*T****   S*T*******SI
           I**********S****   **S*******  S***** ***S*T****   S*T*******SI
           I**********S****   **S*********S*********S*T****   S*T*******SI
      16.73I**********S****   **S*********S*********S*T****   S*T*******SI     16.73
           I**********S****   **S*********S*********S*T***** *S*T*******SI
           I**********S****   **S*********S*********S*T***** *S*T*******SI
           I**********S*****  **S*********S*********S*T***** *S*T*******SI
      15.44I**********S*****  **S*********S*********S*T*******S*T*******SI     15.44
           I**********S*****  **S*********S*********S*T*******S*T*******SI
           I**********S***** ***S*********S*********S*T*******S*T*******SI
           I**********S***** ***S*********S*********S*T*******S*T*******SI
      14.16I**********S*********S*********S*********S*T*******S*T*******SI     14.16
 ++++++++++I+++++++++++++++++++++++++++++++++++++++++++++++++++++++++++++I
            S=SEASONAL FREQUENCIES, T=TRADING DAY FREQUENCIES


 FORECASTING
  Origin  2026.Jun
  Number        12

  Forecasts and Standard Errors
   ------------------------------
                         Standard
       Date   Forecast      Error
   ------------------------------
   2026.Jul      14.83     16.847
   2026.Aug      11.73     16.847
   2026.Sep      16.31     16.847
   2026.Oct      13.47     16.847
   2026.Nov      13.43     16.847
   2026.Dec       8.80     16.847
   2027.Jan      10.06     16.847
   2027.Feb      15.15     16.847
   2027.Mar      27.52     17.108
   2027.Apr      10.45     17.108
   2027.May      17.41     16.847
   2027.Jun      14.85     16.847
   ------------------------------

  Confidence intervals with coverage probability ( 0.95000
   ---------------------------------------
       Date      Lower  Forecast     Upper
   ---------------------------------------
   2026.Jul     -18.19     14.83     47.85
   2026.Aug     -21.29     11.73     44.75
   2026.Sep     -16.71     16.31     49.33
   2026.Oct     -19.55     13.47     46.49
   2026.Nov     -19.59     13.43     46.45
   2026.Dec     -24.22      8.80     41.82
   2027.Jan     -22.96     10.06     43.08
   2027.Feb     -17.87     15.15     48.17
   2027.Mar      -6.01     27.52     61.05
   2027.Apr     -23.08     10.45     43.98
   2027.May     -15.61     17.41     50.43
   2027.Jun     -18.17     14.85     47.87
   ---------------------------------------
        bps_permits 44220            PAGE   4, SERIES bps_permits_addi

 A 7  RegARIMA holiday component
  From  2004.Jan to 2026.Jun
  Observations        270
 -----------------------------------------------------------------------------
               Jan      Feb      Mar      Apr      May      Jun 
               Jul      Aug      Sep      Oct      Nov      Dec         AVGE  
 -----------------------------------------------------------------------------
  2004           0.       0.      -2.       2.       0.       0.
                 0.       0.       0.       0.       0.       0.           -0.
 
  2005           0.       0.       6.      -6.       0.       0.
                 0.       0.       0.       0.       0.       0.            0.
 
  2006           0.       0.      -6.       6.       0.       0.
                 0.       0.       0.       0.       0.       0.            0.
 
  2007           0.       0.       0.      -0.       0.       0.
                 0.       0.       0.       0.       0.       0.            0.
 
  2008           0.       0.       6.      -6.       0.       0.
                 0.       0.       0.       0.       0.       0.            0.
 
  2009           0.       0.      -3.       3.       0.       0.
                 0.       0.       0.       0.       0.       0.           -0.
 
  2010           0.       0.       3.      -3.       0.       0.
                 0.       0.       0.       0.       0.       0.            0.
 
  2011           0.       0.      -6.       6.       0.       0.
                 0.       0.       0.       0.       0.       0.            0.
 
  2012           0.       0.       0.      -0.       0.       0.
                 0.       0.       0.       0.       0.       0.            0.
 
  2013           0.       0.       6.      -6.       0.       0.
                 0.       0.       0.       0.       0.       0.            0.
 
  2014           0.       0.      -6.       6.       0.       0.
                 0.       0.       0.       0.       0.       0.            0.
 
  2015           0.       0.       3.      -3.       0.       0.
                 0.       0.       0.       0.       0.       0.           -0.
 
  2016           0.       0.       6.      -6.       0.       0.
                 0.       0.       0.       0.       0.       0.            0.
 
  2017           0.       0.      -6.       6.       0.       0.
                 0.       0.       0.       0.       0.       0.            0.
 
  2018           0.       0.       6.      -6.       0.       0.
                 0.       0.       0.       0.       0.       0.            0.
 
  2019           0.       0.      -6.       6.       0.       0.
                 0.       0.       0.       0.       0.       0.            0.
 
  2020           0.       0.      -3.       3.       0.       0.
                 0.       0.       0.       0.       0.       0.           -0.
 
  2021           0.       0.       3.      -3.       0.       0.
                 0.       0.       0.       0.       0.       0.            0.
 
  2022           0.       0.      -6.       6.       0.       0.
                 0.       0.       0.       0.       0.       0.            0.
 
  2023           0.       0.      -0.       0.       0.       0.
                 0.       0.       0.       0.       0.       0.            0.
 
  2024           0.       0.       6.      -6.       0.       0.
                 0.       0.       0.       0.       0.       0.            0.
 
  2025           0.       0.      -6.       6.       0.       0.
                 0.       0.       0.       0.       0.       0.            0.
 
  2026           0.       0.       3.      -3.       0.       0.
                                                                           -0.
 
  AVGE           0.       0.       0.      -0.       0.       0.
                 0.       0.       0.       0.       0.       0.

  Table Total-          -0.   Mean-        -0.   Std. Dev.-         2.
                              Min -        -6.        Max -         6.

 A 7.A  RegARIMA holiday component forecasts
  From  2026.Jul to 2027.Jun
  Observations         12
 -----------------------------------------------------------------------------
               Jan      Feb      Mar      Apr      May      Jun 
               Jul      Aug      Sep      Oct      Nov      Dec         AVGE  
 -----------------------------------------------------------------------------
  2026                                                          
                 0.       0.       0.       0.       0.       0.            0.
 
  2027           0.       0.       6.      -6.       0.       0.
                                                                            0.
 
        bps_permits 44220            PAGE   5, SERIES bps_permits_addi
  
 B 1  Original series (prior adjusted)
      (adjusted for regARIMA factors)
  From  2004.Jan to 2026.Jun
  Observations        270
 -----------------------------------------------------------------------------
               Jan      Feb      Mar      Apr      May      Jun 
               Jul      Aug      Sep      Oct      Nov      Dec        TOTAL  
 -----------------------------------------------------------------------------
  2004          11.      20.      30.      25.      19.      24.
                31.      23.      21.      26.      16.      12.          258.
 
  2005           5.      10.      26.      29.      41.      23.
                24.      37.      24.      22.      24.      12.          277.
 
  2006          16.      15.      21.       7.      29.      42.
                13.      18.      12.      14.       9.       4.          200.
 
  2007          11.       6.     119.      18.      43.       9.
                12.      20.       8.     120.      13.      16.          395.
 
  2008           4.       5.       1.      15.       9.       5.
                12.       9.       7.       5.      32.       1.          105.
 
  2009           5.      15.       3.       2.       5.       5.
                 5.       6.       3.       5.       7.       6.           67.
 
  2010           1.       0.       4.       6.       3.       6.
                 5.       8.       4.       7.       0.       1.           45.
 
  2011           1.       3.      10.       0.       2.       5.
                 7.       9.       4.       5.      95.       3.          144.
 
  2012           1.       1.       9.       4.       4.       5.
                 2.       3.      74.       5.       2.       5.          115.
 
  2013           4.       0.      33.       8.       5.       2.
                 3.       3.       3.       7.       2.       2.           72.
 
  2014           3.       0.       8.       0.       3.       5.
                 7.      12.       4.       3.       6.       2.           53.
 
  2015           0.       2.      -1.      10.       6.       6.
                 7.       7.      12.       6.       3.       5.           63.
 
  2016           1.       3.      -4.      12.       0.       4.
                 6.      10.       7.       8.       4.       4.           55.
 
  2017           1.       5.       9.       9.       8.      56.
                 4.      10.       8.       1.       5.       5.          121.
 
  2018           5.       1.      -4.       7.       9.       5.
                11.       8.       4.      10.      27.       2.           85.
 
  2019          12.       6.       9.       0.       8.       8.
                 7.       5.       3.      13.       1.       4.           76.
 
  2020           5.       3.       6.       6.      29.      14.
                 9.      19.      16.      18.       9.       5.          139.
 
  2021          22.      24.      25.      25.       7.      18.
                15.      13.      14.      15.       8.      13.          199.
 
  2022          24.      11.       9.       4.      64.      10.
                13.      17.      14.       8.       3.       6.          183.
 
  2023           5.      12.      10.      48.       7.      20.
                30.       6.      11.       8.      46.      12.          215.
 
  2024          12.       9.      96.      14.      14.       9.
                12.       7.      36.       9.       5.      11.          234.
 
  2025           7.      60.      23.       8.      16.      20.
                30.      19.      24.      27.      10.      19.          263.
 
  2026          17.      14.      13.      33.      24.      18.
                                                                          119.
 
  AVGE           8.      10.      20.      13.      15.      14.
                12.      12.      14.      16.      15.       7.

  Table Total-        3483.   Mean-        13.   Std. Dev.-        16.
                              Min -        -4.        Max -       120.

 B 1.A  Forecasts of (prior adjusted) original series
  From  2026.Jul to 2027.Jun
  Observations         12
 -----------------------------------------------------------------------------
               Jan      Feb      Mar      Apr      May      Jun 
               Jul      Aug      Sep      Oct      Nov      Dec        TOTAL  
 -----------------------------------------------------------------------------
  2026                                                          
                15.      12.      16.      13.      13.       9.           79.
 
  2027          10.      15.      22.      16.      17.      15.
                                                                           95.
 
        bps_permits 44220            PAGE   6, SERIES bps_permits_addi

 C 17  Final weights for irregular component
  From  2004.Jan to 2026.Jun
  Observations        270
  Lower sigma limit    1.50
  Upper sigma limit    2.50
 -----------------------------------------------------------------------------
               Jan      Feb      Mar      Apr      May      Jun 
               Jul      Aug      Sep      Oct      Nov      Dec         S.D.  
 -----------------------------------------------------------------------------
  2004         100.     100.     100.     100.     100.     100.
               100.     100.     100.     100.     100.     100.          851.
 
  2005         100.     100.     100.     100.     100.     100.
               100.     100.     100.     100.     100.     100.          851.
 
  2006         100.     100.     100.     100.     100.       0.
               100.     100.     100.     100.     100.     100.          851.
 
  2007         100.      54.       0.     100.     100.      28.
                72.     100.      28.       0.      96.     100.          837.
 
  2008         100.     100.     100.     100.     100.     100.
               100.     100.     100.     100.      42.     100.          820.
 
  2009         100.     100.     100.     100.     100.     100.
               100.     100.     100.     100.     100.     100.          732.
 
  2010         100.     100.     100.     100.     100.     100.
               100.     100.     100.     100.      95.     100.          559.
 
  2011         100.     100.     100.     100.     100.     100.
               100.     100.      51.      54.       0.      74.          559.
 
  2012         100.     100.     100.     100.     100.     100.
               100.      89.       0.     100.      83.     100.          547.
 
  2013         100.     100.       0.     100.     100.     100.
               100.     100.     100.     100.     100.     100.          537.
 
  2014         100.     100.     100.     100.     100.     100.
               100.     100.     100.     100.     100.     100.          478.
 
  2015         100.     100.     100.     100.     100.     100.
               100.     100.     100.     100.     100.     100.          458.
 
  2016         100.     100.     100.      23.      99.     100.
               100.     100.     100.     100.     100.     100.          319.
 
  2017          87.     100.     100.     100.      74.       0.
                 0.     100.     100.      23.     100.     100.          327.
 
  2018         100.     100.     100.     100.     100.     100.
               100.     100.     100.     100.       0.     100.          423.
 
  2019         100.     100.     100.     100.     100.     100.
               100.     100.     100.     100.     100.     100.          454.
 
  2020         100.     100.     100.     100.       0.     100.
               100.     100.     100.     100.     100.      80.          463.
 
  2021         100.     100.     100.     100.     100.     100.
               100.     100.     100.     100.     100.     100.          837.
 
  2022         100.     100.     100.     100.       0.     100.
               100.     100.     100.     100.     100.     100.          905.
 
  2023         100.     100.     100.       0.     100.     100.
               100.     100.     100.     100.       0.     100.          889.
 
  2024         100.     100.       0.     100.     100.     100.
               100.     100.      18.     100.     100.     100.          907.
 
  2025         100.       0.     100.     100.     100.     100.
               100.     100.     100.     100.     100.     100.          863.
 
  2026         100.     100.     100.     100.     100.     100.
                                                                          863.
 
        bps_permits 44220            PAGE   7, SERIES bps_permits_addi

 D 8  Final unmodified SI ratios
  From  2004.Jan to 2026.Jun
  Observations        270
 -----------------------------------------------------------------------------
               Jan      Feb      Mar      Apr      May      Jun 
               Jul      Aug      Sep      Oct      Nov      Dec         AVGE  
 -----------------------------------------------------------------------------
  2004         -11.      -2.       8.       4.      -2.       3.
                11.       3.       1.       6.      -4.      -8.            1.
 
  2005         -16.     -12.       4.       6.      17.      -2.
                -1.      12.      -1.      -2.       1.     -10.           -0.
 
  2006          -4.      -4.       4.      -8.      15.      29.
                 1.       6.       0.       1.      -5.     -12.            2.
 
  2007          -6.     -13.      98.      -3.      21.     -14.
               -10.      -1.     -12.     102.      -3.       2.           13.
 
  2008          -8.      -5.      -8.       7.       2.      -2.
                 5.       1.      -1.      -4.      23.      -8.            0.
 
  2009          -3.       7.      -4.      -4.      -0.       0.
                 1.       2.      -1.       1.       3.       2.            0.
 
  2010          -3.      -5.      -1.       2.      -2.       1.
                 1.       4.       0.       3.      -3.      -2.           -0.
 
  2011          -2.      -1.       6.      -4.      -3.      -1.
                 0.       2.      -4.      -3.      87.      -4.            6.
 
  2012          -6.      -5.       3.      -1.      -1.       1.
                -2.      -1.      70.       0.      -3.      -0.            4.
 
  2013          -1.      -5.      28.       3.       1.      -2.
                -0.      -0.       0.       4.      -1.      -1.            2.
 
  2014          -0.      -4.       3.      -4.      -2.       0.
                 3.       8.      -0.      -1.       2.      -2.            0.
 
  2015          -4.      -2.      -5.       5.       1.       0.
                 1.       1.       6.       1.      -2.       0.            0.
 
  2016          -3.      -1.      -7.       8.      -3.       1.
                 2.       6.       2.       3.      -2.      -3.            0.
 
  2017          -7.      -3.      -0.       0.      -1.      47.
                -5.       2.       0.      -6.      -1.      -1.            2.
 
  2018          -0.      -4.      -8.       2.       4.      -0.
                 5.       2.      -3.       3.      20.      -5.            1.
 
  2019           5.      -1.       2.      -6.       2.       2.
                 1.      -0.      -2.       8.      -4.      -1.            0.
 
  2020          -1.      -3.      -2.      -2.      20.       4.
                -3.       6.       2.       2.      -8.     -13.            0.
 
  2021           4.       6.       6.       8.     -10.       1.
                -1.      -2.      -1.       1.      -5.       0.            1.
 
  2022          11.      -1.      -3.      -7.      53.      -0.
                 3.       7.       4.      -1.      -6.      -4.            5.
 
  2023          -5.       2.      -0.      37.      -5.       8.
                17.      -7.      -2.      -6.      32.      -1.            6.
 
  2024          -1.      -4.      84.       2.       2.      -2.
                 1.      -4.      25.      -2.      -7.      -1.            8.
 
  2025          -6.      46.       7.      -8.      -2.       1.
                10.      -1.       3.       6.     -11.      -2.            4.
 
  2026          -3.      -6.      -6.      15.       7.       1.
                                                                            1.
 
  AVGE          -3.      -1.       9.       2.       5.       3.
                 2.       2.       4.       5.       5.      -3.

  Table Total-         668.   Mean-         2.   Std. Dev.-        15.
                              Min -       -16.        Max -       102.
        bps_permits 44220            PAGE   8, SERIES bps_permits_addi

 D 8.B  Final unmodified SI ratios, with labels for outliers and extreme values
  From  2004.Jan to 2026.Jun
  Observations        270
 ---------------------------------------------------------------------
               Jan       Feb       Mar       Apr       May       Jun  
               Jul       Aug       Sep       Oct       Nov       Dec  
 ---------------------------------------------------------------------
  2004        -11.       -2.        8.        4.       -2.        3.  
               11.        3.        1.        6.       -4.       -8.  
 
  2005        -16.      -12.        4.        6.       17.       -2.  
               -1.       12.       -1.       -2.        1.      -10.  
 
  2006         -4.       -4.        4.       -8.       15.       29.* 
                1.        6.        0.        1.       -5.      -12.  
 
  2007         -6.      -13.*      98.*      -3.       21.      -14.* 
              -10.*      -1.      -12.*     102.*      -3.*       2.  
 
  2008         -8.       -5.       -8.        7.        2.       -2.  
                5.        1.       -1.       -4.       23.*      -8.  
 
  2009         -3.        7.       -4.       -4.       -0.        0.  
                1.        2.       -1.        1.        3.        2.  
 
  2010         -3.       -5.       -1.        2.       -2.        1.  
                1.        4.        0.        3.       -3.*      -2.  
 
  2011         -2.       -1.        6.       -4.       -3.       -1.  
                0.        2.       -4.*      -3.*      87.*      -4.* 
 
  2012         -6.       -5.        3.       -1.       -1.        1.  
               -2.       -1.*      70.*       0.       -3.*      -0.  
 
  2013         -1.       -5.       28.*       3.        1.       -2.  
               -0.       -0.        0.        4.       -1.       -1.  
 
  2014         -0.       -4.        3.       -4.       -2.        0.  
                3.        8.       -0.       -1.        2.       -2.  
 
  2015         -4.       -2.       -5.        5.        1.        0.  
                1.        1.        6.        1.       -2.        0.  
 
  2016         -3.       -1.       -7.        8.*      -3.*       1.  
                2.        6.        2.        3.       -2.       -3.  
 
  2017         -7.*      -3.       -0.        0.       -1.*      47.* 
               -5.*       2.        0.       -6.*      -1.       -1.  
 
  2018         -0.       -4.       -8.        2.        4.       -0.  
                5.        2.       -3.        3.       20.*      -5.  
 
  2019          5.       -1.        2.       -6.        2.        2.  
                1.       -0.       -2.        8.       -4.       -1.  
 
  2020         -1.       -3.       -2.       -2.       20.*       4.  
               -3.        6.        2.        2.       -8.      -13.* 
 
  2021          4.        6.        6.        8.      -10.        1.  
               -1.       -2.       -1.        1.       -5.        0.  
 
  2022         11.       -1.       -3.       -7.       53.*      -0.  
                3.        7.        4.       -1.       -6.       -4.  
 
  2023         -5.        2.       -0.       37.*      -5.        8.  
               17.       -7.       -2.       -6.       32.*      -1.  
 
  2024         -1.       -4.       84.*       2.        2.       -2.  
                1.       -4.       25.*      -2.       -7.       -1.  
 
  2025         -6.       46.*       7.       -8.       -2.        1.  
               10.       -1.        3.        6.      -11.       -2.  
 
  2026         -3.       -6.       -6.       15.*       7.        1.  
                                                                      
 

  Key to symbols:
    *  : extreme value as determined by X-11 extreme value procedure
 
        bps_permits 44220            PAGE   9, SERIES bps_permits_addi

 D 9  Final replacement values for SI ratios
  From  2004.Jan to 2026.Jun
  Observations        270
 ---------------------------------------------------------------
               Jan      Feb      Mar      Apr      May      Jun 
               Jul      Aug      Sep      Oct      Nov      Dec 
 ---------------------------------------------------------------
  2004     ******** ******** ******** ******** ******** ********
           ******** ******** ******** ******** ******** ********
 
  2005     ******** ******** ******** ******** ******** ********
           ******** ******** ******** ******** ******** ********
 
  2006     ******** ******** ******** ******** ********      -0.
           ******** ******** ******** ******** ******** ********
 
  2007     ********      -5.       8. ******** ********      -0.
                -6. ********       1.       9.      -3. ********
 
  2008     ******** ******** ******** ******** ******** ********
           ******** ******** ******** ********      13. ********
 
  2009     ******** ******** ******** ******** ******** ********
           ******** ******** ******** ******** ******** ********
 
  2010     ******** ******** ******** ******** ******** ********
           ******** ******** ******** ********      -3. ********
 
  2011     ******** ******** ******** ******** ******** ********
           ******** ********       2.       2.       9.      -2.
 
  2012     ******** ******** ******** ******** ******** ********
           ********      -0.       7. ********      -1. ********
 
  2013     ******** ********       3. ******** ******** ********
           ******** ******** ******** ******** ******** ********
 
  2014     ******** ******** ******** ******** ******** ********
           ******** ******** ******** ******** ******** ********
 
  2015     ******** ******** ******** ******** ******** ********
           ******** ******** ******** ******** ******** ********
 
  2016     ******** ******** ********       3.      -3. ********
           ******** ******** ******** ******** ******** ********
 
  2017          -6. ******** ******** ********       0.       5.
                 5. ******** ********      -0. ******** ********
 
  2018     ******** ******** ******** ******** ******** ********
           ******** ******** ******** ********      -2. ********
 
  2019     ******** ******** ******** ******** ******** ********
           ******** ******** ******** ******** ******** ********
 
  2020     ******** ******** ******** ********       2. ********
           ******** ******** ******** ******** ********     -11.
 
  2021     ******** ******** ******** ******** ******** ********
           ******** ******** ******** ******** ******** ********
 
  2022     ******** ******** ******** ********       0. ********
           ******** ******** ******** ******** ******** ********
 
  2023     ******** ******** ********      -0. ******** ********
           ******** ******** ******** ********      -2. ********
 
  2024     ******** ********       9. ******** ******** ********
           ******** ********       8. ******** ******** ********
 
  2025     ********       4. ******** ******** ******** ********
           ******** ******** ******** ******** ******** ********
 
  2026     ******** ******** ********      15. ******** ********
                                                                
 

 D 9.A  Moving seasonality ratio
 ---------------------------------------------------------------
               Jan      Feb      Mar      Apr      May      Jun 
 ---------------------------------------------------------------
   I          4.349    5.081    5.836    6.515    5.616    2.507
   S          0.889    0.576    0.842    0.975    0.969    0.344
 RATIO        4.891    8.818    6.935    6.683    5.795    7.295



 ---------------------------------------------------------------
               Jul      Aug      Sep      Oct      Nov      Dec 
 ---------------------------------------------------------------
   I          5.036    5.318    3.504    4.139    4.413    4.469
   S          0.781    0.773    0.501    0.555    0.858    0.754
 RATIO        6.448    6.883    6.989    7.458    5.147    5.925



        bps_permits 44220            PAGE  10, SERIES bps_permits_addi

 D 10  Final seasonal factors
  From  2004.Jan to 2026.Jun
  Observations        270
  Seasonal filter    3 x 9 moving average
 -----------------------------------------------------------------------------
               Jan      Feb      Mar      Apr      May      Jun 
               Jul      Aug      Sep      Oct      Nov      Dec         AVGE  
 -----------------------------------------------------------------------------
  2004          -9.      -5.       4.       0.      10.      -0.
                 2.       4.      -0.       2.      -1.      -7.           -0.
 
  2005          -9.      -4.       3.       1.       9.      -0.
                 2.       4.      -0.       2.       0.      -6.            0.
 
  2006          -8.      -4.       2.       0.       8.      -0.
                 2.       4.      -0.       2.       0.      -6.            0.
 
  2007          -7.      -4.       2.       0.       6.      -0.
                 1.       3.       0.       2.       1.      -5.            0.
 
  2008          -7.      -4.       2.      -0.       6.      -0.
                 1.       3.       0.       2.       1.      -4.            0.
 
  2009          -5.      -3.       2.      -1.       5.      -0.
                 0.       3.       1.       2.       1.      -3.            0.
 
  2010          -4.      -3.       1.      -1.       4.      -0.
                -0.       2.       1.       2.       2.      -2.            0.
 
  2011          -4.      -3.       0.      -0.       1.      -0.
                 0.       2.       1.       2.       2.      -2.            0.
 
  2012          -4.      -2.      -0.       0.      -0.       0.
                 1.       2.       2.       1.       1.      -1.            0.
 
  2013          -3.      -3.      -1.       0.      -1.       0.
                 1.       3.       2.       1.       1.      -2.           -0.
 
  2014          -3.      -3.      -1.       0.      -1.       1.
                 2.       2.       2.       2.      -0.      -2.           -0.
 
  2015          -2.      -3.      -1.       0.      -0.       1.
                 2.       2.       2.       2.      -1.      -2.           -0.
 
  2016          -2.      -3.      -1.       0.      -0.       1.
                 2.       2.       1.       2.      -2.      -2.           -0.
 
  2017          -1.      -2.      -1.       0.      -0.       1.
                 2.       3.       1.       2.      -3.      -3.           -0.
 
  2018          -0.      -2.      -2.       0.      -1.       2.
                 2.       2.       1.       2.      -3.      -3.           -0.
 
  2019           0.      -1.      -1.      -0.      -1.       2.
                 3.       2.       1.       1.      -4.      -3.           -0.
 
  2020           0.      -1.      -0.      -0.      -1.       2.
                 4.       1.       1.       1.      -4.      -3.           -0.
 
  2021           0.      -1.       1.      -0.      -0.       2.
                 4.       0.       1.       1.      -5.      -3.           -0.
 
  2022           0.      -1.       1.      -0.      -0.       2.
                 4.      -0.       1.       1.      -5.      -3.           -0.
 
  2023          -0.      -1.       2.       1.      -0.       2.
                 4.      -1.       2.       1.      -6.      -3.           -0.
 
  2024          -1.      -0.       3.       1.      -0.       1.
                 4.      -1.       2.       0.      -6.      -3.            0.
 
  2025          -1.      -0.       3.       1.       0.       1.
                 5.      -2.       3.      -0.      -6.      -3.            0.
 
  2026          -2.      -1.       3.       1.       1.       1.
                                                                            1.
 
  AVGE          -3.      -2.       1.       0.       2.       1.
                 2.       2.       1.       1.      -2.      -3.

  Table Total-          -2.   Mean-        -0.   Std. Dev.-         3.
                              Min -        -9.        Max -        10.

 D 10.A  Final seasonal component forecasts
  From  2026.Jul to 2027.Jun
  Observations         12
 -----------------------------------------------------------------------------
               Jan      Feb      Mar      Apr      May      Jun 
               Jul      Aug      Sep      Oct      Nov      Dec         AVGE  
 -----------------------------------------------------------------------------
  2026                                                          
                 6.      -2.       3.      -0.      -5.      -3.           -0.
 
  2027          -3.      -1.       3.       2.       1.       1.
                                                                            0.
 
        bps_permits 44220            PAGE  11, SERIES bps_permits_addi
  
 D 11  Final seasonally adjusted data
       (also adjusted for holiday)
  From  2004.Jan to 2026.Jun
  Observations        270
 -----------------------------------------------------------------------------
               Jan      Feb      Mar      Apr      May      Jun 
               Jul      Aug      Sep      Oct      Nov      Dec        TOTAL  
 -----------------------------------------------------------------------------
  2004          20.      25.      26.      25.       9.      24.
                29.      19.      21.      24.      17.      19.          258.
 
  2005          14.      14.      23.      28.      32.      23.
                22.      33.      24.      20.      24.      18.          277.
 
  2006          24.      19.      18.       7.      21.      42.
                11.      14.      12.      12.       9.      10.          200.
 
  2007          18.      10.     116.      18.      37.       9.
                11.      17.       8.     118.      12.      21.          395.
 
  2008          11.       9.      -1.      15.       3.       5.
                11.       6.       7.       3.      31.       5.          105.
 
  2009          10.      18.       1.       3.       0.       5.
                 5.       3.       2.       3.       6.       9.           67.
 
  2010           5.       3.       2.       7.      -1.       6.
                 5.       6.       3.       5.      -2.       3.           45.
 
  2011           5.       6.       9.       1.       1.       5.
                 7.       7.       3.       3.      93.       5.          144.
 
  2012           5.       3.       9.       4.       4.       5.
                 1.       1.      72.       4.       1.       6.          115.
 
  2013           7.       3.      34.       7.       6.       2.
                 2.       0.       1.       6.       1.       4.           72.
 
  2014           6.       3.       8.       0.       4.       4.
                 5.      10.       2.       1.       6.       4.           53.
 
  2015           2.       5.       0.      10.       6.       5.
                 5.       5.      10.       4.       4.       7.           64.
 
  2016           3.       6.      -3.      12.       0.       3.
                 4.       8.       6.       6.       6.       6.           56.
 
  2017           2.       7.      10.       9.       8.      55.
                 2.       7.       7.      -1.       8.       8.          122.
 
  2018           5.       3.      -2.       6.      10.       3.
                 9.       6.       3.       8.      30.       5.           86.
 
  2019          12.       7.      10.       0.       9.       6.
                 4.       3.       2.      12.       5.       7.           77.
 
  2020           5.       4.       6.       7.      30.      12.
                 5.      18.      15.      17.      13.       8.          140.
 
  2021          22.      25.      24.      26.       7.      16.
                11.      13.      13.      14.      13.      16.          200.
 
  2022          24.      12.       7.       5.      64.       8.
                 9.      17.      13.       7.       8.       9.          183.
 
  2023           5.      13.       8.      47.       7.      18.
                26.       7.       9.       7.      52.      15.          215.
 
  2024          13.       9.      94.      13.      14.       8.
                 8.       8.      34.       9.      11.      14.          234.
 
  2025           8.      60.      20.       7.      16.      19.
                25.      21.      21.      27.      16.      22.          263.
 
  2026          19.      15.      10.      31.      23.      17.
                                                                          116.
 
  AVGE          11.      12.      19.      13.      14.      13.
                10.      10.      13.      14.      16.      10.

  Table Total-        3485.   Mean-        13.   Std. Dev.-        16.
                              Min -        -3.        Max -       118.
        bps_permits 44220            PAGE  12, SERIES bps_permits_addi

 D 12  Final trend cycle
  From  2004.Jan to 2026.Jun
  Observations        270
  Trend filter    23-term Henderson moving average
  I/C ratio        5.24
 -----------------------------------------------------------------------------
               Jan      Feb      Mar      Apr      May      Jun 
               Jul      Aug      Sep      Oct      Nov      Dec        TOTAL  
 -----------------------------------------------------------------------------
  2004          23.      23.      23.      22.      22.      22.
                21.      21.      20.      20.      19.      20.          256.
 
  2005          20.      21.      22.      23.      24.      25.
                26.      26.      25.      24.      23.      21.          282.
 
  2006          20.      18.      17.      16.      14.      13.
                12.      12.      12.      13.      14.      15.          177.
 
  2007          17.      19.      20.      22.      22.      23.
                22.      22.      20.      18.      16.      14.          235.
 
  2008          12.      10.       9.       8.       7.       7.
                 7.       8.       8.       9.       9.       9.          104.
 
  2009           9.       8.       7.       6.       5.       4.
                 4.       4.       4.       4.       4.       5.           63.
 
  2010           5.       5.       5.       5.       4.       4.
                 4.       4.       4.       4.       4.       4.           50.
 
  2011           4.       4.       4.       4.       5.       6.
                 6.       7.       8.       8.       8.       8.           71.
 
  2012           7.       7.       6.       5.       5.       4.
                 4.       4.       4.       5.       5.       5.           61.
 
  2013           5.       5.       5.       5.       4.       4.
                 3.       3.       3.       3.       3.       3.           47.
 
  2014           4.       4.       4.       5.       5.       5.
                 5.       4.       4.       4.       4.       4.           51.
 
  2015           4.       4.       5.       5.       5.       6.
                 6.       6.       6.       5.       5.       4.           62.
 
  2016           4.       3.       3.       3.       3.       4.
                 4.       4.       5.       5.       6.       7.           52.
 
  2017           7.       8.       8.       9.       9.       9.
                 9.       9.       8.       7.       6.       6.           97.
 
  2018           5.       5.       4.       5.       5.       5.
                 6.       6.       7.       7.       7.       8.           70.
 
  2019           7.       7.       7.       6.       6.       6.
                 5.       5.       5.       5.       5.       5.           71.
 
  2020           6.       6.       7.       8.       9.      10.
                11.      13.      14.      16.      17.      18.          136.
 
  2021          19.      19.      18.      18.      17.      16.
                16.      15.      14.      14.      13.      13.          192.
 
  2022          13.      12.      12.      11.      11.      10.
                10.      10.       9.       9.       9.      10.          127.
 
  2023          10.      10.      11.      11.      12.      12.
                13.      13.      13.      13.      13.      13.          146.
 
  2024          13.      13.      13.      12.      12.      11.
                11.      11.      11.      11.      11.      12.          142.
 
  2025          13.      14.      15.      17.      18.      19.
                20.      20.      21.      21.      21.      21.          219.
 
  2026          20.      20.      19.      18.      17.      17.
                                                                          111.
 
  AVGE          11.      11.      11.      11.      11.      11.
                10.      10.      10.      10.      10.      10.

  Table Total-        2820.   Mean-        10.   Std. Dev.-         6.
                              Min -         3.        Max -        26.
        bps_permits 44220            PAGE  13, SERIES bps_permits_addi

 D 13  Final irregular component
  From  2004.Jan to 2026.Jun
  Observations        270
 -----------------------------------------------------------------------------
               Jan      Feb      Mar      Apr      May      Jun 
               Jul      Aug      Sep      Oct      Nov      Dec         S.D.  
 -----------------------------------------------------------------------------
  2004          -3.       2.       3.       2.     -13.       2.
                 8.      -2.       1.       4.      -3.      -1.            5.
 
  2005          -7.      -7.       1.       5.       8.      -2.
                -4.       7.      -1.      -4.       1.      -3.            5.
 
  2006           4.       0.       1.      -9.       7.      29.
                -1.       2.       0.      -1.      -5.      -6.            9.
 
  2007           1.      -9.      96.      -3.      14.     -14.
               -12.      -5.     -12.     100.      -4.       7.           41.
 
  2008          -2.      -2.     -10.       7.      -4.      -2.
                 4.      -2.      -2.      -6.      22.      -4.            8.
 
  2009           2.      11.      -6.      -3.      -5.       1.
                 1.      -0.      -2.      -1.       1.       5.            4.
 
  2010           1.      -2.      -2.       2.      -5.       2.
                 1.       2.      -1.       1.      -5.      -0.            3.
 
  2011           1.       2.       5.      -4.      -4.      -1.
                 0.      -0.      -5.      -4.      85.      -3.           25.
 
  2012          -3.      -3.       3.      -1.      -1.       1.
                -3.      -3.      68.      -1.      -5.       1.           20.
 
  2013           2.      -3.      29.       3.       2.      -2.
                -2.      -3.      -2.       3.      -2.       0.            9.
 
  2014           2.      -1.       4.      -4.      -1.      -0.
                 1.       5.      -2.      -3.       2.      -1.            3.
 
  2015          -2.       1.      -4.       5.       1.      -1.
                -1.      -1.       5.      -1.      -1.       3.            3.
 
  2016          -1.       2.      -6.       8.      -3.      -1.
                 0.       3.       1.       0.      -0.      -0.            3.
 
  2017          -6.      -1.       1.       0.      -1.      45.
                -7.      -2.      -1.      -8.       1.       2.           14.
 
  2018           0.      -2.      -7.       2.       5.      -2.
                 3.      -1.      -4.       1.      23.      -3.            7.
 
  2019           4.       0.       3.      -6.       3.       0.
                -1.      -2.      -3.       7.      -0.       2.            3.
 
  2020          -1.      -3.      -1.      -1.      21.       2.
                -6.       5.       1.       1.      -4.     -10.            7.
 
  2021           3.       6.       6.       8.     -10.      -0.
                -5.      -2.      -1.       0.      -1.       3.            5.
 
  2022          11.      -1.      -5.      -7.      53.      -2.
                -1.       8.       3.      -2.      -1.      -0.           16.
 
  2023          -5.       2.      -2.      36.      -5.       6.
                13.      -6.      -4.      -6.      38.       2.           16.
 
  2024          -0.      -4.      81.       1.       2.      -4.
                -3.      -3.      23.      -2.      -1.       2.           24.
 
  2025          -5.      46.       5.      -9.      -2.      -0.
                 5.       0.       1.       6.      -5.       1.           14.
 
  2026          -1.      -5.      -9.      13.       6.       0.
                                                                            7.
 
  S.D.           4.      10.      27.       9.      13.      12.
                 5.       4.      16.      22.      21.       4.

  Table Total-         665.   Mean-         2.   Std. Dev.-        14.
                              Min -       -14.        Max -       100.
        bps_permits 44220            PAGE  14, SERIES bps_permits_addi
  
 D 16  Combined adjustment factors
       (includes seasonal, holiday factors)
  From  2004.Jan to 2026.Jun
  Observations        270
 -----------------------------------------------------------------------------
               Jan      Feb      Mar      Apr      May      Jun 
               Jul      Aug      Sep      Oct      Nov      Dec         AVGE  
 -----------------------------------------------------------------------------
  2004          -9.      -5.       2.       2.      10.      -0.
                 2.       4.      -0.       2.      -1.      -7.           -0.
 
  2005          -9.      -4.       9.      -5.       9.      -0.
                 2.       4.      -0.       2.       0.      -6.            0.
 
  2006          -8.      -4.      -3.       6.       8.      -0.
                 2.       4.      -0.       2.       0.      -6.            0.
 
  2007          -7.      -4.       3.      -0.       6.      -0.
                 1.       3.       0.       2.       1.      -5.            0.
 
  2008          -7.      -4.       8.      -6.       6.      -0.
                 1.       3.       0.       2.       1.      -4.            0.
 
  2009          -5.      -3.      -1.       2.       5.      -0.
                 0.       3.       1.       2.       1.      -3.            0.
 
  2010          -4.      -3.       5.      -4.       4.      -0.
                -0.       2.       1.       2.       2.      -2.            0.
 
  2011          -4.      -3.      -5.       5.       1.      -0.
                 0.       2.       1.       2.       2.      -2.            0.
 
  2012          -4.      -2.       0.      -0.      -0.       0.
                 1.       2.       2.       1.       1.      -1.            0.
 
  2013          -3.      -3.       5.      -5.      -1.       0.
                 1.       3.       2.       1.       1.      -2.           -0.
 
  2014          -3.      -3.      -6.       6.      -1.       1.
                 2.       2.       2.       2.      -0.      -2.           -0.
 
  2015          -2.      -3.       2.      -3.      -0.       1.
                 2.       2.       2.       2.      -1.      -2.           -0.
 
  2016          -2.      -3.       5.      -6.      -0.       1.
                 2.       2.       1.       2.      -2.      -2.           -0.
 
  2017          -1.      -2.      -7.       6.      -0.       1.
                 2.       3.       1.       2.      -3.      -3.           -0.
 
  2018          -0.      -2.       4.      -5.      -1.       2.
                 2.       2.       1.       2.      -3.      -3.           -0.
 
  2019           0.      -1.      -7.       6.      -1.       2.
                 3.       2.       1.       1.      -4.      -3.           -0.
 
  2020           0.      -1.      -3.       2.      -1.       2.
                 4.       1.       1.       1.      -4.      -3.           -0.
 
  2021           0.      -1.       4.      -4.      -0.       2.
                 4.       0.       1.       1.      -5.      -3.           -0.
 
  2022           0.      -1.      -4.       5.      -0.       2.
                 4.      -0.       1.       1.      -5.      -3.           -0.
 
  2023          -0.      -1.       2.       1.      -0.       2.
                 4.      -1.       2.       1.      -6.      -3.           -0.
 
  2024          -1.      -0.       8.      -5.      -0.       1.
                 4.      -1.       2.       0.      -6.      -3.            0.
 
  2025          -1.      -0.      -3.       7.       0.       1.
                 5.      -2.       3.      -0.      -6.      -3.            0.
 
  2026          -2.      -1.       6.      -1.       1.       1.
                                                                            1.
 
  AVGE          -3.      -2.       1.       0.       2.       1.
                 2.       2.       1.       1.      -2.      -3.

  Table Total-          -2.   Mean-        -0.   Std. Dev.-         3.
                              Min -        -9.        Max -        10.

 D 16.A  Combined adjustment component forecasts
  From  2026.Jul to 2027.Jun
  Observations         12
 -----------------------------------------------------------------------------
               Jan      Feb      Mar      Apr      May      Jun 
               Jul      Aug      Sep      Oct      Nov      Dec         AVGE  
 -----------------------------------------------------------------------------
  2026                                                          
                 6.      -2.       3.      -0.      -5.      -3.           -0.
 
  2027          -3.      -1.       9.      -4.       1.       1.
                                                                            0.
 
        bps_permits 44220            PAGE  15, SERIES bps_permits_addi
  
 D 18  Combined calendar adjustment factors
       (includes holiday factors)
  From  2004.Jan to 2026.Jun
  Observations        270
 -----------------------------------------------------------------------------
               Jan      Feb      Mar      Apr      May      Jun 
               Jul      Aug      Sep      Oct      Nov      Dec         AVGE  
 -----------------------------------------------------------------------------
  2004           0.       0.      -2.       2.       0.       0.
                 0.       0.       0.       0.       0.       0.           -0.
 
  2005           0.       0.       6.      -6.       0.       0.
                 0.       0.       0.       0.       0.       0.            0.
 
  2006           0.       0.      -6.       6.       0.       0.
                 0.       0.       0.       0.       0.       0.            0.
 
  2007           0.       0.       0.      -0.       0.       0.
                 0.       0.       0.       0.       0.       0.            0.
 
  2008           0.       0.       6.      -6.       0.       0.
                 0.       0.       0.       0.       0.       0.            0.
 
  2009           0.       0.      -3.       3.       0.       0.
                 0.       0.       0.       0.       0.       0.           -0.
 
  2010           0.       0.       3.      -3.       0.       0.
                 0.       0.       0.       0.       0.       0.            0.
 
  2011           0.       0.      -6.       6.       0.       0.
                 0.       0.       0.       0.       0.       0.            0.
 
  2012           0.       0.       0.      -0.       0.       0.
                 0.       0.       0.       0.       0.       0.            0.
 
  2013           0.       0.       6.      -6.       0.       0.
                 0.       0.       0.       0.       0.       0.            0.
 
  2014           0.       0.      -6.       6.       0.       0.
                 0.       0.       0.       0.       0.       0.            0.
 
  2015           0.       0.       3.      -3.       0.       0.
                 0.       0.       0.       0.       0.       0.           -0.
 
  2016           0.       0.       6.      -6.       0.       0.
                 0.       0.       0.       0.       0.       0.            0.
 
  2017           0.       0.      -6.       6.       0.       0.
                 0.       0.       0.       0.       0.       0.            0.
 
  2018           0.       0.       6.      -6.       0.       0.
                 0.       0.       0.       0.       0.       0.            0.
 
  2019           0.       0.      -6.       6.       0.       0.
                 0.       0.       0.       0.       0.       0.            0.
 
  2020           0.       0.      -3.       3.       0.       0.
                 0.       0.       0.       0.       0.       0.           -0.
 
  2021           0.       0.       3.      -3.       0.       0.
                 0.       0.       0.       0.       0.       0.            0.
 
  2022           0.       0.      -6.       6.       0.       0.
                 0.       0.       0.       0.       0.       0.            0.
 
  2023           0.       0.      -0.       0.       0.       0.
                 0.       0.       0.       0.       0.       0.            0.
 
  2024           0.       0.       6.      -6.       0.       0.
                 0.       0.       0.       0.       0.       0.            0.
 
  2025           0.       0.      -6.       6.       0.       0.
                 0.       0.       0.       0.       0.       0.            0.
 
  2026           0.       0.       3.      -3.       0.       0.
                                                                           -0.
 
  AVGE           0.       0.       0.      -0.       0.       0.
                 0.       0.       0.       0.       0.       0.

  Table Total-          -0.   Mean-        -0.   Std. Dev.-         2.
                              Min -        -6.        Max -         6.

 D 18.A  Combined calendar adjustment component forecasts
  From  2026.Jul to 2027.Jun
  Observations         12
 -----------------------------------------------------------------------------
               Jan      Feb      Mar      Apr      May      Jun 
               Jul      Aug      Sep      Oct      Nov      Dec         AVGE  
 -----------------------------------------------------------------------------
  2026                                                          
                 0.       0.       0.       0.       0.       0.            0.
 
  2027           0.       0.       6.      -6.       0.       0.
                                                                            0.
 
        bps_permits 44220            PAGE  16, SERIES bps_permits_addi

 E 4  Differences of annual totals
  From          2004 to 2025
  Observations         22
 -----------------------------------
  Year       Unmodified     Modified
                  (D11)         (E2)
 -----------------------------------
  2004              -0.          -0.
 
  2005               0.           0.
 
  2006               0.           0.
 
  2007               0.           0.
 
  2008               0.           0.
 
  2009               0.           0.
 
  2010               0.           0.
 
  2011               0.           0.
 
  2012               0.           0.
 
  2013              -0.          -0.
 
  2014              -0.          -0.
 
  2015              -1.          -1.
 
  2016              -1.          -1.
 
  2017              -1.          -1.
 
  2018              -1.          -1.
 
  2019              -1.          -1.
 
  2020              -1.          -1.
 
  2021              -1.          -1.
 
  2022              -0.          -0.
 
  2023              -0.          -0.
 
  2024               0.           0.
 
  2025               0.           0.
 
        bps_permits 44220            PAGE  17, SERIES bps_permits_addi

 E 5  Month-to-month differences in the original series
  From  2004.Feb to 2026.Jun
  Observations        269
 -----------------------------------------------------------------------------
               Jan      Feb      Mar      Apr      May      Jun 
               Jul      Aug      Sep      Oct      Nov      Dec         AVGE  
 -----------------------------------------------------------------------------
  2004                    9.       8.      -1.      -8.       5.
                 7.      -8.      -2.       5.     -10.      -4.            0.
 
  2005          -7.       5.      22.      -9.      18.     -18.
                 1.      13.     -13.      -2.       2.     -12.            0.
 
  2006           4.      -1.       0.      -2.      16.      13.
               -29.       5.      -6.       2.      -5.      -5.           -1.
 
  2007           7.      -5.     113.    -101.      25.     -34.
                 3.       8.     -12.     112.    -107.       3.            1.
 
  2008         -12.       1.       2.       2.       0.      -4.
                 7.      -3.      -2.      -2.      27.     -31.           -1.
 
  2009           4.      10.     -15.       5.       0.       0.
                 0.       1.      -3.       2.       2.      -1.            0.
 
  2010          -5.      -1.       7.      -4.       0.       3.
                -1.       3.      -4.       3.      -7.       1.           -0.
 
  2011           0.       2.       1.       2.      -4.       3.
                 2.       2.      -5.       1.      90.     -92.            0.
 
  2012          -2.       0.       8.      -5.       0.       1.
                -3.       1.      71.     -69.      -3.       3.            0.
 
  2013          -1.      -4.      39.     -37.       3.      -3.
                 1.       0.       0.       4.      -5.       0.           -0.
 
  2014           1.      -3.       2.       4.      -3.       2.
                 2.       5.      -8.      -1.       3.      -4.            0.
 
  2015          -2.       2.       0.       5.      -1.       0.
                 1.       0.       5.      -6.      -3.       2.            0.
 
  2016          -4.       2.      -1.       4.      -6.       4.
                 2.       4.      -3.       1.      -4.       0.           -0.
 
  2017          -3.       4.      -2.      12.      -7.      48.
               -52.       6.      -2.      -7.       4.       0.            0.
 
  2018           0.      -4.       1.      -1.       8.      -4.
                 6.      -3.      -4.       6.      17.     -25.           -0.
 
  2019          10.      -6.      -3.       3.       2.       0.
                -1.      -2.      -2.      10.     -12.       3.            0.
 
  2020           1.      -2.       0.       6.      20.     -15.
                -5.      10.      -3.       2.      -9.      -4.            0.
 
  2021          17.       2.       4.      -6.     -15.      11.
                -3.      -2.       1.       1.      -7.       5.            1.
 
  2022          11.     -13.      -8.       7.      54.     -54.
                 3.       4.      -3.      -6.      -5.       3.           -1.
 
  2023          -1.       7.      -2.      38.     -41.      13.
                10.     -24.       5.      -3.      38.     -34.            1.
 
  2024           0.      -3.      93.     -94.       6.      -5.
                 3.      -5.      29.     -27.      -4.       6.           -0.
 
  2025          -4.      53.     -43.      -3.       2.       4.
                10.     -11.       5.       3.     -17.       9.            1.
 
  2026          -2.      -3.       2.      14.      -6.      -6.
                                                                           -0.
 
  AVGE           1.       2.      10.      -7.       3.      -2.
                -2.       0.       2.       1.      -1.      -8.

  Table Total-           7.   Mean-         0.   Std. Dev.-        22.
                              Min -      -107.        Max -       113.
        bps_permits 44220            PAGE  18, SERIES bps_permits_addi

 E 6  Month-to-month differences in seasonally adjusted series (D11)
  From  2004.Feb to 2026.Jun
  Observations        269
 -----------------------------------------------------------------------------
               Jan      Feb      Mar      Apr      May      Jun 
               Jul      Aug      Sep      Oct      Nov      Dec         AVGE  
 -----------------------------------------------------------------------------
  2004                    5.       1.      -1.     -16.      15.
                 5.     -10.       2.       3.      -7.       2.           -0.
 
  2005          -5.       1.       9.       5.       4.      -9.
                -1.      11.      -9.      -4.       4.      -6.           -0.
 
  2006           6.      -5.      -0.     -11.      14.      21.
               -31.       3.      -2.      -0.      -3.       1.           -1.
 
  2007           9.      -9.     107.     -98.      18.     -28.
                 2.       6.      -9.     110.    -106.       9.            1.
 
  2008         -10.      -2.      -9.      16.     -12.       2.
                 6.      -5.       1.      -3.      28.     -26.           -1.
 
  2009           5.       8.     -18.       2.      -3.       5.
                -0.      -1.      -1.       1.       2.       4.            0.
 
  2010          -4.      -2.      -1.       5.      -8.       7.
                -1.       1.      -3.       2.      -7.       5.           -1.
 
  2011           1.       1.       4.      -9.      -0.       5.
                 1.       0.      -4.       1.      90.     -88.            0.
 
  2012          -0.      -1.       6.      -5.      -0.       1.
                -4.      -1.      72.     -69.      -3.       6.            0.
 
  2013           1.      -5.      32.     -27.      -2.      -4.
                 0.      -1.       1.       4.      -4.       2.           -0.
 
  2014           2.      -3.       5.      -8.       3.       1.
                 1.       4.      -7.      -1.       5.      -3.           -0.
 
  2015          -1.       3.      -5.       9.      -4.      -1.
                 0.      -1.       6.      -6.      -0.       3.            0.
 
  2016          -4.       3.      -9.      14.     -11.       3.
                 1.       3.      -2.      -0.      -0.       1.           -0.
 
  2017          -5.       6.       3.      -1.      -1.      46.
               -52.       5.      -0.      -8.       9.       0.            0.
 
  2018          -3.      -3.      -5.       9.       3.      -6.
                 5.      -3.      -2.       5.      22.     -25.           -0.
 
  2019           7.      -4.       3.     -10.       8.      -3.
                -2.      -1.      -1.      10.      -7.       2.            0.
 
  2020          -2.      -1.       2.       1.      23.     -18.
                -7.      13.      -3.       2.      -4.      -5.            0.
 
  2021          14.       3.      -1.       2.     -18.       9.
                -5.       2.       0.       1.      -1.       3.            1.
 
  2022           8.     -12.      -4.      -3.      60.     -56.
                 1.       8.      -5.      -6.       1.       1.           -1.
 
  2023          -4.       7.      -4.      39.     -40.      11.
                 8.     -19.       2.      -2.      44.     -36.            1.
 
  2024          -3.      -4.      84.     -81.       1.      -7.
                 0.       1.      25.     -25.       2.       4.           -0.
 
  2025          -6.      52.     -40.     -13.       9.       3.
                 6.      -4.       1.       6.     -12.       6.            1.
 
  2026          -2.      -5.      -4.      21.      -8.      -6.
                                                                           -1.
 
  AVGE           0.       1.       7.      -6.       1.      -0.
                -3.       0.       3.       1.       2.      -6.

  Table Total-          -4.   Mean-        -0.   Std. Dev.-        21.
                              Min -      -106.        Max -       110.
        bps_permits 44220            PAGE  19, SERIES bps_permits_addi

 E 7  Month-to-month differences in final trend cycle (D12)
  From  2004.Feb to 2026.Jun
  Observations        269
 -----------------------------------------------------------------------------
               Jan      Feb      Mar      Apr      May      Jun 
               Jul      Aug      Sep      Oct      Nov      Dec         AVGE  
 -----------------------------------------------------------------------------
  2004                    0.      -0.      -0.      -0.      -0.
                -1.      -1.      -1.      -0.      -0.       0.           -0.
 
  2005           1.       1.       1.       1.       1.       1.
                 0.      -0.      -1.      -1.      -1.      -1.            0.
 
  2006          -1.      -1.      -1.      -1.      -1.      -1.
                -1.      -0.       0.       1.       1.       1.           -1.
 
  2007           2.       2.       2.       1.       1.       0.
                -0.      -1.      -1.      -2.      -2.      -2.           -0.
 
  2008          -2.      -2.      -1.      -1.      -1.      -0.
                 0.       1.       1.       1.       0.      -0.           -0.
 
  2009          -1.      -1.      -1.      -1.      -1.      -1.
                -0.      -0.       0.       0.       0.       0.           -0.
 
  2010           0.       0.      -0.      -0.      -0.      -0.
                -0.      -0.      -0.      -0.      -0.      -0.           -0.
 
  2011          -0.       0.       0.       0.       1.       1.
                 1.       1.       0.       0.       0.      -0.            0.
 
  2012          -0.      -1.      -1.      -1.      -1.      -0.
                -0.       0.       0.       0.       0.       0.           -0.
 
  2013           0.      -0.      -0.      -0.      -1.      -1.
                -0.      -0.      -0.      -0.       0.       0.           -0.
 
  2014           0.       0.       0.       0.       0.      -0.
                -0.      -0.      -0.      -0.      -0.       0.            0.
 
  2015           0.       0.       0.       0.       0.       0.
                 0.       0.      -0.      -0.      -1.      -1.            0.
 
  2016          -1.      -0.      -0.      -0.       0.       0.
                 0.       0.       0.       1.       1.       1.            0.
 
  2017           1.       1.       1.       1.       0.       0.
                -0.      -0.      -1.      -1.      -1.      -1.           -0.
 
  2018          -1.      -0.      -0.       0.       0.       0.
                 0.       1.       0.       0.       0.       0.            0.
 
  2019          -0.      -0.      -0.      -0.      -0.      -0.
                -0.      -0.      -0.       0.       0.       0.           -0.
 
  2020           0.       1.       1.       1.       1.       1.
                 1.       1.       2.       1.       1.       1.            1.
 
  2021           1.       0.      -0.      -1.      -1.      -1.
                -1.      -1.      -1.      -0.      -0.      -0.           -0.
 
  2022          -0.      -0.      -1.      -1.      -1.      -0.
                -0.      -0.      -0.      -0.       0.       0.           -0.
 
  2023           0.       0.       0.       1.       1.       1.
                 0.       0.       0.       0.      -0.      -0.            0.
 
  2024          -0.      -0.      -0.      -0.      -0.      -0.
                -0.      -0.      -0.       0.       0.       1.           -0.
 
  2025           1.       1.       1.       1.       1.       1.
                 1.       1.       0.       0.      -0.      -0.            1.
 
  2026          -0.      -1.      -1.      -1.      -1.      -1.
                                                                           -1.
 
  AVGE          -0.      -0.      -0.      -0.      -0.      -0.
                 0.      -0.      -0.      -0.      -0.      -0.

  Table Total-          -6.   Mean-        -0.   Std. Dev.-         1.
                              Min -        -2.        Max -         2.
        bps_permits 44220            PAGE  20, SERIES bps_permits_addi

 E 8  Month-to-month differences in original series adjusted for calendar factors (A18)
  From  2004.Feb to 2026.Jun
  Observations        269
 -----------------------------------------------------------------------------
               Jan      Feb      Mar      Apr      May      Jun 
               Jul      Aug      Sep      Oct      Nov      Dec         AVGE  
 -----------------------------------------------------------------------------
  2004                    9.      10.      -5.      -6.       5.
                 7.      -8.      -2.       5.     -10.      -4.            0.
 
  2005          -7.       5.      16.       2.      12.     -18.
                 1.      13.     -13.      -2.       2.     -12.            0.
 
  2006           4.      -1.       6.     -13.      22.      13.
               -29.       5.      -6.       2.      -5.      -5.           -1.
 
  2007           7.      -5.     113.    -100.      25.     -34.
                 3.       8.     -12.     112.    -107.       3.            1.
 
  2008         -12.       1.      -4.      13.      -6.      -4.
                 7.      -3.      -2.      -2.      27.     -31.           -1.
 
  2009           4.      10.     -12.      -0.       3.       0.
                 0.       1.      -3.       2.       2.      -1.            0.
 
  2010          -5.      -1.       4.       3.      -3.       3.
                -1.       3.      -4.       3.      -7.       1.           -0.
 
  2011           0.       2.       7.      -9.       2.       3.
                 2.       2.      -5.       1.      90.     -92.            0.
 
  2012          -2.       0.       8.      -4.      -0.       1.
                -3.       1.      71.     -69.      -3.       3.            0.
 
  2013          -1.      -4.      33.     -26.      -3.      -3.
                 1.       0.       0.       4.      -5.       0.           -0.
 
  2014           1.      -3.       8.      -7.       3.       2.
                 2.       5.      -8.      -1.       3.      -4.            0.
 
  2015          -2.       2.      -3.      10.      -4.       0.
                 1.       0.       5.      -6.      -3.       2.            0.
 
  2016          -4.       2.      -7.      15.     -12.       4.
                 2.       4.      -3.       1.      -4.       0.           -0.
 
  2017          -3.       4.       4.       1.      -1.      48.
               -52.       6.      -2.      -7.       4.       0.            0.
 
  2018           0.      -4.      -5.      10.       2.      -4.
                 6.      -3.      -4.       6.      17.     -25.           -0.
 
  2019          10.      -6.       3.      -8.       8.       0.
                -1.      -2.      -2.      10.     -12.       3.            0.
 
  2020           1.      -2.       3.       1.      23.     -15.
                -5.      10.      -3.       2.      -9.      -4.            0.
 
  2021          17.       2.       1.       1.     -18.      11.
                -3.      -2.       1.       1.      -7.       5.            1.
 
  2022          11.     -13.      -2.      -4.      60.     -54.
                 3.       4.      -3.      -6.      -5.       3.           -1.
 
  2023          -1.       7.      -2.      37.     -41.      13.
                10.     -24.       5.      -3.      38.     -34.            1.
 
  2024           0.      -3.      87.     -83.       0.      -5.
                 3.      -5.      29.     -27.      -4.       6.           -0.
 
  2025          -4.      53.     -37.     -14.       8.       4.
                10.     -11.       5.       3.     -17.       9.            1.
 
  2026          -2.      -3.      -1.      19.      -9.      -6.
                                                                           -0.
 
  AVGE           1.       2.      10.      -7.       3.      -2.
                -2.       0.       2.       1.      -1.      -8.

  Table Total-           7.   Mean-         0.   Std. Dev.-        22.
                              Min -      -107.        Max -       113.
        bps_permits 44220            PAGE  21, SERIES bps_permits_addi

 E 18  Final adjustment ratios
  From  2004.Jan to 2026.Jun
  Observations        270
 -----------------------------------------------------------------------------
               Jan      Feb      Mar      Apr      May      Jun 
               Jul      Aug      Sep      Oct      Nov      Dec         AVGE  
 -----------------------------------------------------------------------------
  2004       53.681   79.490  107.077  109.422  207.198   99.901
            106.379  122.913   99.399  109.457   95.510   63.057       104.457
 
  2005       36.231   69.149  136.334   81.884  127.956   99.891
            108.001  112.057   99.079  109.787  100.031   65.161        95.463
 
  2006       66.735   79.714   81.607  185.158  135.673   99.991
            113.545  126.546   98.777  116.607  104.570   41.527       104.204
 
  2007       60.081   62.406  102.182   98.183  117.378   99.937
            111.443  120.881  102.516  101.685  106.179   76.254        96.594
 
  2008       37.967   58.554 ********   60.451  269.241   96.318
            105.173  151.307  107.622  157.892  104.021   19.119        13.175
 
  2009       47.952   81.615    0.000  167.572 1651.418   94.914
            103.496  177.917  136.894  155.112  124.525   63.948       233.780
 
  2010       18.316    0.000  298.367   43.107 -519.745   94.205
             97.985  137.235  134.849  132.788   -0.000   30.093        38.933
 
  2011       21.048   52.907   42.503 1062.430  357.901   95.370
            105.991  131.802  153.429  145.337  101.999   62.544       194.438
 
  2012       21.820   29.357  100.070   94.640   98.885  101.393
            160.632  422.325  102.417  141.216  371.486   79.524       143.647
 
  2013       54.834    0.000  114.215   27.146   85.823  122.130
            178.980  780.389  247.552  125.613  160.285   56.725       162.808
 
  2014       51.393    0.000   24.182 1994.869   83.522  113.721
            127.871  125.626  174.157  251.142   99.789   57.021       258.608
 
  2015        0.000   38.409  861.548   72.757   98.469  116.064
            131.434  153.857  114.306  149.261   77.015   70.440       156.963
 
  2016       37.692   51.978  -71.600   52.107    0.000  136.729
            137.562  130.912  118.926  137.457   70.207   62.739        72.059
 
  2017       57.339   68.324   30.105  164.543   96.587  102.461
            176.292  137.723  113.989 -101.039   65.151   64.184        81.305
 
  2018       98.201   39.014  -90.379   15.663   92.302  150.537
            128.303  142.781  124.410  119.828   89.485   41.221        79.281
 
  2019      102.850   82.776   30.080 1678.335   90.629  131.129
            180.176  165.971  146.091  109.945   21.246   57.225       233.038
 
  2020      103.173   76.653   50.266  133.083   97.230  117.605
            177.832  105.435  106.439  106.082   67.199   62.331       100.277
 
  2021      101.203   96.589  116.628   85.181   93.513  111.743
            136.367  102.764  108.604  107.324   62.097   80.102       100.176
 
  2022      100.340   94.814   41.534  215.177   99.569  121.378
            144.802   98.488  111.237  114.411   35.790   64.457       103.500
 
  2023       94.793   95.905  117.871  101.804   97.908  108.560
            115.046   89.783  119.844  107.283   89.252   77.791       101.320
 
  2024       93.430   96.891  108.899   62.481   98.433  117.937
            155.246   84.929  106.732  100.560   47.159   77.953        95.888
 
  2025       82.649   99.324   85.361  194.510  101.026  106.063
            119.947   91.585  112.231   98.670   64.459   86.904       103.561
 
  2026       87.301   95.513  154.824   95.698  103.598  106.244
                                                                       107.196
 
  AVGE       62.132   63.017   62.266  295.487  160.196  110.618
            132.841  168.783  124.523  118.019   93.521   61.833

  Table Total-       32725.   Mean-       121.   Std. Dev.-       219.
                              Min -     -1010.        Max -      1995.

 E 18.A  Final adjustment ratio forecasts
  From  2026.Jul to 2027.Jun
  Observations         12
 -----------------------------------------------------------------------------
               Jan      Feb      Mar      Apr      May      Jun 
               Jul      Aug      Sep      Oct      Nov      Dec         AVGE  
 -----------------------------------------------------------------------------
  2026                                                          
            159.248   83.016  120.099   96.894   71.231   75.979       101.078
 
  2027       75.190   94.047  148.558   72.187  109.404  105.536
                                                                       100.820
 
        bps_permits 44220            PAGE  22, SERIES bps_permits_addi

 E 18.B  Total adjustment factors
  From  2004.Jan to 2026.Jun
  Observations        270
 -----------------------------------------------------------------------------
               Jan      Feb      Mar      Apr      May      Jun 
               Jul      Aug      Sep      Oct      Nov      Dec         AVGE  
 -----------------------------------------------------------------------------
  2004          -9.      -5.       2.       2.      10.      -0.
                 2.       4.      -0.       2.      -1.      -7.           -0.
 
  2005          -9.      -4.       9.      -5.       9.      -0.
                 2.       4.      -0.       2.       0.      -6.            0.
 
  2006          -8.      -4.      -3.       6.       8.      -0.
                 2.       4.      -0.       2.       0.      -6.            0.
 
  2007          -7.      -4.       3.      -0.       6.      -0.
                 1.       3.       0.       2.       1.      -5.            0.
 
  2008          -7.      -4.       8.      -6.       6.      -0.
                 1.       3.       0.       2.       1.      -4.            0.
 
  2009          -5.      -3.      -1.       2.       5.      -0.
                 0.       3.       1.       2.       1.      -3.            0.
 
  2010          -4.      -3.       5.      -4.       4.      -0.
                -0.       2.       1.       2.       2.      -2.            0.
 
  2011          -4.      -3.      -5.       5.       1.      -0.
                 0.       2.       1.       2.       2.      -2.            0.
 
  2012          -4.      -2.       0.      -0.      -0.       0.
                 1.       2.       2.       1.       1.      -1.            0.
 
  2013          -3.      -3.       5.      -5.      -1.       0.
                 1.       3.       2.       1.       1.      -2.           -0.
 
  2014          -3.      -3.      -6.       6.      -1.       1.
                 2.       2.       2.       2.      -0.      -2.           -0.
 
  2015          -2.      -3.       2.      -3.      -0.       1.
                 2.       2.       2.       2.      -1.      -2.           -0.
 
  2016          -2.      -3.       5.      -6.      -0.       1.
                 2.       2.       1.       2.      -2.      -2.           -0.
 
  2017          -1.      -2.      -7.       6.      -0.       1.
                 2.       3.       1.       2.      -3.      -3.           -0.
 
  2018          -0.      -2.       4.      -5.      -1.       2.
                 2.       2.       1.       2.      -3.      -3.           -0.
 
  2019           0.      -1.      -7.       6.      -1.       2.
                 3.       2.       1.       1.      -4.      -3.           -0.
 
  2020           0.      -1.      -3.       2.      -1.       2.
                 4.       1.       1.       1.      -4.      -3.           -0.
 
  2021           0.      -1.       4.      -4.      -0.       2.
                 4.       0.       1.       1.      -5.      -3.           -0.
 
  2022           0.      -1.      -4.       5.      -0.       2.
                 4.      -0.       1.       1.      -5.      -3.           -0.
 
  2023          -0.      -1.       2.       1.      -0.       2.
                 4.      -1.       2.       1.      -6.      -3.           -0.
 
  2024          -1.      -0.       8.      -5.      -0.       1.
                 4.      -1.       2.       0.      -6.      -3.            0.
 
  2025          -1.      -0.      -3.       7.       0.       1.
                 5.      -2.       3.      -0.      -6.      -3.            0.
 
  2026          -2.      -1.       6.      -1.       1.       1.
                                                                            1.
 
  AVGE          -3.      -2.       1.       0.       2.       1.
                 2.       2.       1.       1.      -2.      -3.

  Table Total-          -2.   Mean-        -0.   Std. Dev.-         3.
                              Min -        -9.        Max -        10.

 E 18.C  Total adjustment factor forecasts
  From  2026.Jul to 2027.Jun
  Observations         12
 -----------------------------------------------------------------------------
               Jan      Feb      Mar      Apr      May      Jun 
               Jul      Aug      Sep      Oct      Nov      Dec         AVGE  
 -----------------------------------------------------------------------------
  2026                                                          
                 6.      -2.       3.      -0.      -5.      -3.           -0.
 
  2027          -3.      -1.       9.      -4.       1.       1.
                                                                            0.
 

  QS statistic for seasonality:
  Original Series                                     0.00  (P-Value =     1.0000)
  Original Series (EV adj)                            0.00  (P-Value =     1.0000)
  Residuals                                           0.00  (P-Value =     1.0000)
  Seasonally Adjusted Series                          0.00  (P-Value =     1.0000)
  Seasonally Adjusted Series (EV adj)                 0.00  (P-Value =     1.0000)
  Irregular Series                                    0.00  (P-Value =     1.0000)
  Irregular Series (EV adj)                           0.00  (P-Value =     1.0000)

  QS statistic for seasonality (starting 2018.Jul):
  Original Series                                     0.00  (P-Value =     1.0000)
  Original Series (EV adj)                            0.00  (P-Value =     1.0000)
  Residuals                                           0.00  (P-Value =     1.0000)
  Seasonally Adjusted Series                          0.00  (P-Value =     1.0000)
  Seasonally Adjusted Series (EV adj)                 0.00  (P-Value =     1.0000)
  Irregular Series                                    0.00  (P-Value =     1.0000)
  Irregular Series (EV adj)                           0.00  (P-Value =     1.0000)


 WARNING: Series should not be a candidate for seasonal adjustment
          because the spectrum of the prior adjusted series (Table B1)
          has no visually significant seasonal peaks.

          If this is a component series of an indirectly adjusted
          composite series, consider using type = trend or type = summary
          in the x11 spec.
        bps_permits 44220            PAGE  23, SERIES bps_permits_addi
 G 0  10*LOG(SPECTRUM) of the differenced Prior Adjusted Series
      (Table B1).  Spectrum estimated from 2018.Jul to 2026.Jun.
 ++++++++++I+++++++++++++++++++++++++++++++++++++++++++++++++++++++++++++I
      34.10I                                                       *     I     34.10
           I                                 *                     *     I
           I                                 *                    **     I
           I                                 *          *         **     I
      31.38I                                 *          *         **     I     31.38
           I                                **          *         **     I
           I                                **          *         **     I
           I                                **         **         **     I
      28.65I                                **         ***        *** *  I     28.65
           I                                **         ***        ******SI
           I                      *   *     ***        ***        ******SI
           I                      **  *    ****        ***       *******SI
      25.93I                      ** **    ****        ***       *******SI     25.93
           I                      ** **    ****        ***       *******SI
           I                      *****    ****    *   ****     T*******SI
           I                      *****    ****   **  T****     T*******SI
      23.21I                     ******    ****   **  T****    *T*******SI     23.21
           I                     *******  S****   **S T****    *T*******SI
           I                    S*******  S*****  **S*T*****  S*T*******SI
           I                    S*******  S***** ***S*T*****  S*T*******SI
      20.49I                    S*******  S*********S*T*****  S*T*******SI     20.49
           I                    S*********S*********S*T*******S*T*******SI
           I           *       *S*********S*********S*T*******S*T*******SI
           I          S* *     *S*********S*********S*T*******S*T*******SI
      17.77I          S***     *S*********S*********S*T*******S*T*******SI     17.77
           I          S****    *S*********S*********S*T*******S*T*******SI
           I          S****    *S*********S*********S*T*******S*T*******SI
           I          S****   **S*********S*********S*T*******S*T*******SI
      15.05I          S****   **S*********S*********S*T*******S*T*******SI     15.05
           I          S****   **S*********S*********S*T*******S*T*******SI
           I          S*****  **S*********S*********S*T*******S*T*******SI
           I         *S***** ***S*********S*********S*T*******S*T*******SI
      12.33I         *S*********S*********S*********S*T*******S*T*******SI     12.33
           I         *S*********S*********S*********S*T*******S*T*******SI
           I         *S*********S*********S*********S*T*******S*T*******SI
           I     **  *S*********S*********S*********S*T*******S*T*******SI
       9.61I     ** **S*********S*********S*********S*T*******S*T*******SI      9.61
           I     *****S*********S*********S*********S*T*******S*T*******SI
           I     *****S*********S*********S*********S*T*******S*T*******SI
           I     *****S*********S*********S*********S*T*******S*T*******SI
       6.89I     *****S*********S*********S*********S*T*******S*T*******SI      6.89
           I    ******S*********S*********S*********S*T*******S*T*******SI
           I    ******S*********S*********S*********S*T*******S*T*******SI
           I    ******S*********S*********S*********S*T*******S*T*******SI
       4.17I    ******S*********S*********S*********S*T*******S*T*******SI      4.17
           I    ******S*********S*********S*********S*T*******S*T*******SI
           I    ******S*********S*********S*********S*T*******S*T*******SI
           I   *******S*********S*********S*********S*T*******S*T*******SI
       1.45I   *******S*********S*********S*********S*T*******S*T*******SI      1.45
           I   *******S*********S*********S*********S*T*******S*T*******SI
           I  ********S*********S*********S*********S*T*******S*T*******SI
           I  ********S*********S*********S*********S*T*******S*T*******SI
      -1.27I**********S*********S*********S*********S*T*******S*T*******SI     -1.27
 ++++++++++I+++++++++++++++++++++++++++++++++++++++++++++++++++++++++++++I
            S=SEASONAL FREQUENCIES, T=TRADING DAY FREQUENCIES
        bps_permits 44220            PAGE  24, SERIES bps_permits_addi
 G 1  10*LOG(SPECTRUM) of the differenced seasonally adjusted 
      data (Table E2).  Spectrum estimated from 2018.Jul to 2026.Jun.
 ++++++++++I+++++++++++++++++++++++++++++++++++++++++++++++++++++++++++++I
      25.19I                                                 *           I     25.19
           I                                                 *           I
           I                                                 *           I
           I                                                 *           I
      23.07I                         *                  *    *           I     23.07
           I                         *         *        *    *           I
           I                         *         *        *    *           I
           I                         *         *        *    *       **  I
      20.95I                         *         *        *    *       **  I     20.95
           I                         *         **       *   **       **  I
           I                         *         **       *   **       **  I
           I                         *         **       *   **    *  **  I
      18.84I                         *         ** **    *   **    *  **  I     18.84
           I              *          *         ** **    *   **S  **  **  I
           I              *       ** *         *****   ***  **S  ** ***  I
           I              *       *****        *****   ***  **S  ******  I
      16.72I              *       *****    *  ******   ***  **S  ******* I     16.72
           I              *       *****    *  ******   *** ***S*T******* I
           I              *       *****    *  ******S  *** ***S*T******* I
           I              *       *****    ** ******S  *******S*T*******SI
      14.60I              *       *****    *********S  *******S*T*******SI     14.60
           I              *       *****    *********S*T*******S*T*******SI
           I              *       *****    *********S*T*******S*T*******SI
           I             **      ******    *********S*T*******S*T*******SI
      12.49I             **      ******   S*********S*T*******S*T*******SI     12.49
           I             **      ******   S*********S*T*******S*T*******SI
           I             **   *  ******   S*********S*T*******S*T*******SI
           I             ***  **S*******  S*********S*T*******S*T*******SI
      10.37I             ***  **S*******  S*********S*T*******S*T*******SI     10.37
           I             *** ***S*******  S*********S*T*******S*T*******SI
           I             *** ***S******* *S*********S*T*******S*T*******SI
           I             *******S*********S*********S*T*******S*T*******SI
       8.25I    *        *******S*********S*********S*T*******S*T*******SI      8.25
           I    *     S ********S*********S*********S*T*******S*T*******SI
           I    *     S ********S*********S*********S*T*******S*T*******SI
           I    *    *S*********S*********S*********S*T*******S*T*******SI
       6.14I    *    *S*********S*********S*********S*T*******S*T*******SI      6.14
           I   **    *S*********S*********S*********S*T*******S*T*******SI
           I   **    *S*********S*********S*********S*T*******S*T*******SI
           I   **    *S*********S*********S*********S*T*******S*T*******SI
       4.02I   **    *S*********S*********S*********S*T*******S*T*******SI      4.02
           I   **    *S*********S*********S*********S*T*******S*T*******SI
           I   ***  **S*********S*********S*********S*T*******S*T*******SI
           I   ***  **S*********S*********S*********S*T*******S*T*******SI
       1.90I   ***  **S*********S*********S*********S*T*******S*T*******SI      1.90
           I   ***  **S*********S*********S*********S*T*******S*T*******SI
           I  ********S*********S*********S*********S*T*******S*T*******SI
           I  ********S*********S*********S*********S*T*******S*T*******SI
      -0.21I  ********S*********S*********S*********S*T*******S*T*******SI     -0.21
           I  ********S*********S*********S*********S*T*******S*T*******SI
           I  ********S*********S*********S*********S*T*******S*T*******SI
           I *********S*********S*********S*********S*T*******S*T*******SI
      -2.33I**********S*********S*********S*********S*T*******S*T*******SI     -2.33
 ++++++++++I+++++++++++++++++++++++++++++++++++++++++++++++++++++++++++++I
            S=SEASONAL FREQUENCIES, T=TRADING DAY FREQUENCIES
        bps_permits 44220            PAGE  25, SERIES bps_permits_addi
 G 2  10*LOG(SPECTRUM) of the Modified Irregular (Table E3).  
      Spectrum estimated from 2018.Jul to 2026.Jun.
 ++++++++++I+++++++++++++++++++++++++++++++++++++++++++++++++++++++++++++I
      22.42I              *                                              I     22.42
           I              *                                              I
           I              *          *                                   I
           I              *          *                                   I
      20.61I              *          *                                   I     20.61
           I              *          *                                   I
           I              *          *                                   I
           I              *          *                       *           I
      18.80I              *          *                       *           I     18.80
           I              *          *         *             *           I
           I              *          *         *        *    *           I
           I              *          *         *        *    *           I
      16.99I              *       ** *         *        *    *           I     16.99
           I              *       ** *         *        *    *           I
           I              *       ****         **       *    *           I
           I             **       ****         **       *    *       **  I
      15.18I             **       *****        **       *    *       **  I     15.18
           I             **       *****        **       *   **       **  I
           I             **       *****        ** **    *   **       **  I
           I             **       *****        ** **    *   **       **  I
      13.37I             **       *****    *  ******    *   **    *  **  I     13.37
           I             ***  *   *****    *  ******    *   **    *  **  I
           I          S* ***  *   *****    *  ******   ***  **S  **  **  I
           I          S* ***  *  ******    ** ******   ***  **S  **  **  I
      11.56I          S*****  ** ******    ** ******   ***  **S  ******  I     11.56
           I          S***** *** ******    ** ******   ***  **S  ******  I
           I          S***** *** ******    *********S  *** ***S  ******* I
           I          S*********S******    *********S  *** ***S*T******* I
       9.75I          S*********S******    *********S  *******S*T******* I      9.75
           I          S*********S******   S*********S*T*******S*T******* I
           I      *  *S*********S******   S*********S*T*******S*T*******SI
           I      *  *S*********S*******  S*********S*T*******S*T*******SI
       7.94I      *  *S*********S*******  S*********S*T*******S*T*******SI      7.94
           I      ** *S*********S*******  S*********S*T*******S*T*******SI
           I      ** *S*********S*******  S*********S*T*******S*T*******SI
           I      ****S*********S*******  S*********S*T*******S*T*******SI
       6.13I      ****S*********S*********S*********S*T*******S*T*******SI      6.13
           I      ****S*********S*********S*********S*T*******S*T*******SI
           I      ****S*********S*********S*********S*T*******S*T*******SI
           I      ****S*********S*********S*********S*T*******S*T*******SI
       4.32I     *****S*********S*********S*********S*T*******S*T*******SI      4.32
           I     *****S*********S*********S*********S*T*******S*T*******SI
           I     *****S*********S*********S*********S*T*******S*T*******SI
           I*    *****S*********S*********S*********S*T*******S*T*******SI
       2.51I*    *****S*********S*********S*********S*T*******S*T*******SI      2.51
           I*    *****S*********S*********S*********S*T*******S*T*******SI
           I*    *****S*********S*********S*********S*T*******S*T*******SI
           I**   *****S*********S*********S*********S*T*******S*T*******SI
       0.70I**   *****S*********S*********S*********S*T*******S*T*******SI      0.70
           I**  ******S*********S*********S*********S*T*******S*T*******SI
           I**  ******S*********S*********S*********S*T*******S*T*******SI
           I**  ******S*********S*********S*********S*T*******S*T*******SI
      -1.11I**********S*********S*********S*********S*T*******S*T*******SI     -1.11
 ++++++++++I+++++++++++++++++++++++++++++++++++++++++++++++++++++++++++++I
            S=SEASONAL FREQUENCIES, T=TRADING DAY FREQUENCIES
        bps_permits 44220            PAGE  26, SERIES bps_permits_addi

  Peak probabilities for Tukey spectrum estimator
  Spectrum estimated from 2018.Jul to 2026.Jun.

                                          S1       S2       S3       S4       S5       S6       TD
                                        ------   ------   ------   ------   ------   ------   ------
  Model Residuals                        0.451    0.098    0.122    0.382    0.167    0.399    0.330  
  Prior Adjusted Series (Table B1)       0.910*   0.412    0.041    0.375    0.678    0.627    0.516  
  Seasonally adjusted series (E2)        0.834    0.112    0.594    0.328    0.264    0.343    0.214  
  Modified Irregular (E3)                0.850    0.153    0.587    0.326    0.238    0.334    0.209  
  ----------
     ** - Peak Probability > 0.99,
      * - 0.90 < Peak Probability < 0.99


