  Reading input spec file from D:\Programming\Dynamic Paper-dlrhcs_replication\outputs\empirical\unemployment\raw_sa_pilot\x13_work\bps_permits_additive_level_49420_200401_202606.spc

1

               U. S. Department of Commerce, U. S. Census Bureau

              X-13ARIMA-SEATS monthly seasonal adjustment Method,
                          Release Version 1.1 Build 62


           This software application provides an enhanced version of
             Statistics Canada's X-11-ARIMA extension (Dagum, 1980)
                 of the X-11 variant of the Census Method II of
                      Shiskin, Young and Musgrave (1967).

            It also provides an ARIMA model-based method following
       Hillmer and Tiao (1982) and Burman (1980) that is very similar
       to the update of the method of SEATS (Gomez and Maravall, 1996)
                produced at the Bank of Spain by G. Caporello and
               A. Maravall for TSW (Caporello and Maravall, 2004).
          The present application includes additional enhancements.

         X-13ARIMA-SEATS includes an automatic ARIMA model selection procedure
          based largely on the procedure of Gomez and Maravall (1998)
            as implemented in TRAMO (1996) and subsequent revisions.

              Primary Programmers: Brian Monsell, Mark Otto and,
                 for the ARIMA model-based signal extraction,
                      Gianluca Caporello and Victor Gomez


     Series Title- bps_permits 49420
     Series Name- bps_permits_addi
     Jul 29, 2026  08.35.52 

        -Period covered-  1st month,2004 to  6th month,2026
        -Type of run - additive seasonal adjustment

        -Sigma limits for graduating extreme values are  1.5 and  2.5 .
        -3x3 moving average used in section 1 of each iteration, 
         3x5 moving average in section 2 of iterations B and C,
         moving average for final seasonal factors chosen by Global MSR.
        -Holiday adjustment factors applied directly to the final seasonally adjusted series
        -Spectral plots generated for selected series
        -Spectral plots generated for series starting in 2018.Jul

 FILE SAVE REQUESTS (* indicates file exists and will be overwritten)
  D:\Programming\Dynamic Paper-dlrhcs_replication\outputs\empirical\unemployment\raw_sa_pilot\x13_work\bps_permits_additive_level_49420_200401_202606.d10  final seasonal factors
  D:\Programming\Dynamic Paper-dlrhcs_replication\outputs\empirical\unemployment\raw_sa_pilot\x13_work\bps_permits_additive_level_49420_200401_202606.d11  final seasonally adjusted data
  D:\Programming\Dynamic Paper-dlrhcs_replication\outputs\empirical\unemployment\raw_sa_pilot\x13_work\bps_permits_additive_level_49420_200401_202606.out  program output file
  D:\Programming\Dynamic Paper-dlrhcs_replication\outputs\empirical\unemployment\raw_sa_pilot\x13_work\bps_permits_additive_level_49420_200401_202606.err  program error file
        bps_permits 49420            PAGE   1, SERIES bps_permits_addi

     Contents of spc file D:\Programming\Dynamic Paper-dlrhcs_replication\outputs\empirical\unemployment\raw_sa_pilot\x13_work\bps_permits_additive_level_49420_200401_202606.spc

 Line #
 ------
      1: series {
      2:   title = "bps_permits 49420"
      3:   start = 2004.1
      4:   period = 12
      5:   data = (
      6: 33
      7: 42
      8: 69
      9: 59
     10: 82
     11: 77
     12: 57
     13: 34
     14: 76
     15: 71
     16: 38
     17: 48
     18: 26
     19: 20
     20: 39
     21: 48
     22: 34
     23: 44
     24: 39
     25: 44
     26: 48
     27: 39
     28: 25
     29: 19
     30: 21
     31: 18
     32: 52
     33: 35
     34: 36
     35: 32
     36: 22
     37: 25
     38: 18
     39: 17
     40: 16
     41: 16
     42: 18
     43: 18
     44: 40
     45: 43
     46: 32
     47: 47
     48: 27
     49: 33
     50: 21
     51: 14
     52: 10
     53: 24
     54: 12
     55: 12
     56: 23
     57: 22
     58: 26
     59: 15
     60: 44
     61: 39
     62: 21
     63: 24
     64: 13
     65: 11
     66: 8
     67: 7
     68: 16
     69: 13
     70: 13
     71: 15
     72: 20
     73: 10
     74: 9
     75: 18
     76: 6
     77: 6
     78: 12
     79: 7
     80: 9
     81: 20
     82: 15
     83: 17
     84: 12
     85: 16
     86: 12
     87: 10
     88: 6
     89: 6
     90: 5
     91: 10
     92: 29
     93: 12
     94: 8
     95: 15
     96: 19
     97: 13
     98: 12
     99: 10
    100: 2
    101: 5
    102: 7
    103: 4
    104: 6
    105: 12
    106: 17
    107: 6
    108: 10
    109: 19
    110: 6
    111: 13
    112: 16
    113: 13
    114: 5
    115: 8
    116: 22
    117: 11
    118: 5
    119: 14
    120: 10
    121: 17
    122: 9
    123: 10
    124: 9
    125: 11
    126: 3
    127: 10
    128: 12
    129: 10
    130: 14
    131: 23
    132: 12
    133: 10
    134: 7
    135: 7
    136: 9
    137: 6
    138: 16
    139: 12
    140: 30
    141: 28
    142: 29
    143: 27
    144: 39
    145: 29
    146: 37
    147: 32
    148: 14
    149: 15
    150: 8
    151: 15
    152: 30
    153: 28
    154: 41
    155: 34
    156: 28
    157: 35
    158: 18
    159: 41
    160: 26
    161: 18
    162: 16
    163: 15
    164: 22
    165: 27
    166: 30
    167: 33
    168: 24
    169: 27
    170: 31
    171: 27
    172: 42
    173: 35
    174: 22
    175: 31
    176: 50
    177: 36
    178: 35
    179: 35
    180: 30
    181: 57
    182: 21
    183: 58
    184: 43
    185: 24
    186: 39
    187: 11
    188: 341
    189: 53
    190: 47
    191: 45
    192: 103
    193: 48
    194: 39
    195: 33
    196: 52
    197: 54
    198: 39
    199: 37
    200: 19
    201: 18
    202: 42
    203: 37
    204: 43
    205: 39
    206: 58
    207: 66
    208: 70
    209: 37
    210: 91
    211: 70
    212: 65
    213: 81
    214: 39
    215: 48
    216: 57
    217: 54
    218: 48
    219: 51
    220: 246
    221: 34
    222: 25
    223: 49
    224: 99
    225: 91
    226: 83
    227: 98
    228: 51
    229: 71
    230: 62
    231: 29
    232: 102
    233: 16
    234: 38
    235: 21
    236: 64
    237: 38
    238: 54
    239: 63
    240: 40
    241: 102
    242: 79
    243: 45
    244: 33
    245: 17
    246: 8
    247: 39
    248: 35
    249: 41
    250: 46
    251: 23
    252: 34
    253: 49
    254: 43
    255: 51
    256: 32
    257: 38
    258: 106
    259: 39
    260: 56
    261: 62
    262: 66
    263: 52
    264: 38
    265: 54
    266: 68
    267: 70
    268: 26
    269: 31
    270: 37
    271: 45
    272: 49
    273: 58
    274: 91
    275: 61
    276:   )
    277: }
    278: transform { function = none }
    279: regression { aictest = (td easter) }
    280: automdl {}
    281: x11 { mode = add save = (d10 d11) }
        bps_permits 49420            PAGE   2, SERIES bps_permits_addi

 A 1  Time series data (for the span analyzed)
  From  2004.Jan to 2026.Jun
  Observations        270
 -----------------------------------------------------------------------------
               Jan      Feb      Mar      Apr      May      Jun 
               Jul      Aug      Sep      Oct      Nov      Dec        TOTAL  
 -----------------------------------------------------------------------------
  2004          33.      42.      69.      59.      82.      77.
                57.      34.      76.      71.      38.      48.          686.
 
  2005          26.      20.      39.      48.      34.      44.
                39.      44.      48.      39.      25.      19.          425.
 
  2006          21.      18.      52.      35.      36.      32.
                22.      25.      18.      17.      16.      16.          308.
 
  2007          18.      18.      40.      43.      32.      47.
                27.      33.      21.      14.      10.      24.          327.
 
  2008          12.      12.      23.      22.      26.      15.
                44.      39.      21.      24.      13.      11.          262.
 
  2009           8.       7.      16.      13.      13.      15.
                20.      10.       9.      18.       6.       6.          141.
 
  2010          12.       7.       9.      20.      15.      17.
                12.      16.      12.      10.       6.       6.          142.
 
  2011           5.      10.      29.      12.       8.      15.
                19.      13.      12.      10.       2.       5.          140.
 
  2012           7.       4.       6.      12.      17.       6.
                10.      19.       6.      13.      16.      13.          129.
 
  2013           5.       8.      22.      11.       5.      14.
                10.      17.       9.      10.       9.      11.          131.
 
  2014           3.      10.      12.      10.      14.      23.
                12.      10.       7.       7.       9.       6.          123.
 
  2015          16.      12.      30.      28.      29.      27.
                39.      29.      37.      32.      14.      15.          308.
 
  2016           8.      15.      30.      28.      41.      34.
                28.      35.      18.      41.      26.      18.          322.
 
  2017          16.      15.      22.      27.      30.      33.
                24.      27.      31.      27.      42.      35.          329.
 
  2018          22.      31.      50.      36.      35.      35.
                30.      57.      21.      58.      43.      24.          442.
 
  2019          39.      11.     341.      53.      47.      45.
               103.      48.      39.      33.      52.      54.          865.
 
  2020          39.      37.      19.      18.      42.      37.
                43.      39.      58.      66.      70.      37.          505.
 
  2021          91.      70.      65.      81.      39.      48.
                57.      54.      48.      51.     246.      34.          884.
 
  2022          25.      49.      99.      91.      83.      98.
                51.      71.      62.      29.     102.      16.          776.
 
  2023          38.      21.      64.      38.      54.      63.
                40.     102.      79.      45.      33.      17.          594.
 
  2024           8.      39.      35.      41.      46.      23.
                34.      49.      43.      51.      32.      38.          439.
 
  2025         106.      39.      56.      62.      66.      52.
                38.      54.      68.      70.      26.      31.          668.
 
  2026          37.      45.      49.      58.      91.      61.
                                                                          341.
 
  AVGE          26.      23.      51.      37.      38.      37.
                35.      38.      34.      33.      38.      22.

  Table Total-        9287.   Mean-        34.   Std. Dev.-        32.
                              Min -         2.        Max -       341.
        bps_permits 49420            PAGE   3, SERIES bps_permits_addi
                        Automatic ARIMA Model Selection

                    Procedure based closely on TRAMO method 
                         of Gomez and Maravall (2000)
              "Automatic Modeling Methods for Univariate Series",
                            A Course in Time Series
                  (Edited by D. Pena, G. C. Tiao, R. S. Tsay),
                         New York : J. Wiley and Sons


     Maximum order for regular ARMA parameters :   2
     Maximum order for seasonal ARMA parameters :   1
     Maximum order for regular differencing :   2
     Maximum order for seasonal differencing :   1

   Results of Unit Root Test for identifying orders of differencing:
     Regular difference order :   0
     Seasonal difference order :   0

  Automatic model choice : (1 0 1)
   Model changed to 
   ( 0, 1, 1) ( 0, 1, 1) without constant term


  Final Checks for Identified Model


  Checking for Unit Roots.
   No unit roots found.

  Checking for nonseasonal overdifferencing.
   Nonseasonal MA not within  0.001 of 1.0 - model passes test.

  Checking for insignificant ARMA coefficients.

  Final automatic model choice : (0 1 1)(0 1 1)
   End of automatic model selection procedure.

 Average absolute percentage error in within-sample forecasts:
  Last year:  28.49      Last-1 year:  30.09     Last-2 year:  92.61
  Last three years:   50.40

 Estimation converged in   69 ARMA iterations,  230 function evaluations.

 Regression Model
 ------------------------------------------------------------------------------
                             Parameter        Standard
 Variable                     Estimate           Error      t-value
 ------------------------------------------------------------------------------
 Easter[15]                   -22.6630         9.12484        -2.48
 ------------------------------------------------------------------------------


 ARIMA Model:  (0 1 1)(0 1 1)
   Nonseasonal differences: 1
   Seasonal differences:    1
                                              Standard
 Parameter                    Estimate          Errors
 -----------------------------------------------------
 Nonseasonal MA                                    
   Lag  1                       0.8775         0.02828

 Seasonal MA                                       
   Lag 12                       0.9976         0.03082

 Variance                       0.69414E+03
 SE of Var                      0.61234E+02
 -----------------------------------------------------

 Likelihood Statistics
 ------------------------------------------------------------------
 Number of observations (nobs)                                  270
 Effective number of observations (nefobs)                      257
 Number of parameters estimated (np)                              4
 Log likelihood (L)                                      -1224.7080
 AIC                                                      2457.4161 
 AICC (F-corrected-AIC)                                   2457.5748 
 Hannan Quinn                                             2463.1251 
 BIC                                                      2471.6124 
 ------------------------------------------------------------------

 QS Statistic for regARIMA Model Residuals (full series):             0.00
                                                       (P-Value =     1.0000)

 QS Statistic for regARIMA Model Residuals (starting 2018.Jul):       0.00
                                                       (P-Value =     1.0000)
      10*LOG(SPECTRUM) of the regARIMA model residuals
      Spectrum estimated from 2018.Jul to 2026.Jun.
 ++++++++++I+++++++++++++++++++++++++++++++++++++++++++++++++++++++++++++I
      35.57I                          *                                  I     35.57
           I                          *                         T        I
           I                *         *                         T        I
           I      *         *         **                        T        I
      34.73I      *         *     *   **                        T        I     34.73
           I   *  *         *     *   **          *            *T        I
           I   *  *         *     *   **          *            *T        I
           I   *  *         *     *   **          *            *T*       I
      33.89I   *  *         *     *   **          *            *T*       I     33.89
           I   *  *         *     *   **  S   *   *            *T*       I
           I   *  **        *     *   **  S   *   **           *T*       I
           I   *  **        *     *   ****S  **   **           *T*       I
      33.05I   *  **        *     *   ****S  **   **          S*T*       I     33.05
           I   *  **    *   *     *   ****S  **   **          S*T*       I
           I   *  **    *   *     *   ****S* **   **          S*T**      I
           I   *  **    *   *     *  *****S* **   **          S*T**      I
      32.21I   *  **   **   *     *  *****S****   **          S*T**      I     32.21
           I   *  **   **   *     ** *****S****   **         *S*T***     I
           I   *  **   **   *     ** *****S****   **         *S*T***     I
           I   *  **   **   *    *** *****S****   **    *    *S*T***     I
      31.37I   *  **   **   *    *** *****S*****  **    *   **S*T***    SI     31.37
           I   ** **   **   **   *** *****S*****  **    *   **S*T****   SI
           I   *****   **  ***   *********S***** ***    *   **S*T****  *SI
           I   *****   **  ***   *********S***** ***    *   **S*T****  *SI
      30.53I  ******   **  ***   *********S***** ***   **  ***S*T*******SI     30.53
           I  ******   **  ***   *********S***** ***   *** ***S*T*******SI
           I  ******   **  ***   *********S***** ***   *** ***S*T*******SI
           I  ******   **  ***   *********S*********   *******S*T*******SI
      29.69I  ******   **  ***   *********S*********   *******S*T*******SI     29.69
           I  ******   *** ***   *********S*********S  *******S*T*******SI
           I  ******   *** ***   *********S*********S  *******S*T*******SI
           I  ******   *** ***   *********S*********S  *******S*T*******SI
      28.85I  ******   *** ***   *********S*********S  *******S*T*******SI     28.85
           I  ******   *******   *********S*********S  *******S*T*******SI
           I  *******  *******   *********S*********S T*******S*T*******SI
           I  ******* S*******   *********S*********S T*******S*T*******SI
      28.01I  ******* S*******  S*********S*********S*T*******S*T*******SI     28.01
           I  ******* S*******  S*********S*********S*T*******S*T*******SI
           I  ******* S******** S*********S*********S*T*******S*T*******SI
           I  ******* S******** S*********S*********S*T*******S*T*******SI
      27.17I  ******* S******** S*********S*********S*T*******S*T*******SI     27.17
           I  ******* S******** S*********S*********S*T*******S*T*******SI
           I  ********S******** S*********S*********S*T*******S*T*******SI
           I  ********S*********S*********S*********S*T*******S*T*******SI
      26.33I  ********S*********S*********S*********S*T*******S*T*******SI     26.33
           I  ********S*********S*********S*********S*T*******S*T*******SI
           I *********S*********S*********S*********S*T*******S*T*******SI
           I *********S*********S*********S*********S*T*******S*T*******SI
      25.49I *********S*********S*********S*********S*T*******S*T*******SI     25.49
           I *********S*********S*********S*********S*T*******S*T*******SI
           I *********S*********S*********S*********S*T*******S*T*******SI
           I *********S*********S*********S*********S*T*******S*T*******SI
      24.65I**********S*********S*********S*********S*T*******S*T*******SI     24.65
 ++++++++++I+++++++++++++++++++++++++++++++++++++++++++++++++++++++++++++I
            S=SEASONAL FREQUENCIES, T=TRADING DAY FREQUENCIES


 FORECASTING
  Origin  2026.Jun
  Number        12

  Forecasts and Standard Errors
   ------------------------------
                         Standard
       Date   Forecast      Error
   ------------------------------
   2026.Jul      54.77     26.346
   2026.Aug      57.77     26.543
   2026.Sep      54.04     26.739
   2026.Oct      53.72     26.933
   2026.Nov      58.27     27.126
   2026.Dec      42.27     27.317
   2027.Jan      45.39     27.507
   2027.Feb      42.99     27.696
   2027.Mar      59.33     28.259
   2027.Apr      67.66     28.437
   2027.May      57.99     28.254
   2027.Jun      56.95     28.438
   ------------------------------

  Confidence intervals with coverage probability ( 0.95000
   ---------------------------------------
       Date      Lower  Forecast     Upper
   ---------------------------------------
   2026.Jul      3.129    54.767   106.405
   2026.Aug      5.746    57.770   109.795
   2026.Sep      1.635    54.043   106.450
   2026.Oct      0.936    53.723   106.511
   2026.Nov      5.108    58.274   111.439
   2026.Dec    -11.274    42.267    95.807
   2027.Jan     -8.527    45.386    99.299
   2027.Feb    -11.290    42.993    97.276
   2027.Mar      3.940    59.326   114.713
   2027.Apr     11.926    67.662   123.399
   2027.May      2.617    57.995   113.373
   2027.Jun      1.211    56.949   112.687
   ---------------------------------------
        bps_permits 49420            PAGE   4, SERIES bps_permits_addi

 A 7  RegARIMA holiday component
  From  2004.Jan to 2026.Jun
  Observations        270
 -----------------------------------------------------------------------------
               Jan      Feb      Mar      Apr      May      Jun 
               Jul      Aug      Sep      Oct      Nov      Dec         AVGE  
 -----------------------------------------------------------------------------
  2004           0.       0.       4.      -4.       0.       0.
                 0.       0.       0.       0.       0.       0.            0.
 
  2005           0.       0.     -11.      11.       0.       0.
                 0.       0.       0.       0.       0.       0.            0.
 
  2006           0.       0.      11.     -11.       0.       0.
                 0.       0.       0.       0.       0.       0.            0.
 
  2007           0.       0.      -1.       1.       0.       0.
                 0.       0.       0.       0.       0.       0.            0.
 
  2008           0.       0.     -11.      11.       0.       0.
                 0.       0.       0.       0.       0.       0.            0.
 
  2009           0.       0.       5.      -5.       0.       0.
                 0.       0.       0.       0.       0.       0.            0.
 
  2010           0.       0.      -7.       7.       0.       0.
                 0.       0.       0.       0.       0.       0.           -0.
 
  2011           0.       0.      11.     -11.       0.       0.
                 0.       0.       0.       0.       0.       0.            0.
 
  2012           0.       0.      -1.       1.       0.       0.
                 0.       0.       0.       0.       0.       0.            0.
 
  2013           0.       0.     -11.      11.       0.       0.
                 0.       0.       0.       0.       0.       0.            0.
 
  2014           0.       0.      11.     -11.       0.       0.
                 0.       0.       0.       0.       0.       0.            0.
 
  2015           0.       0.      -5.       5.       0.       0.
                 0.       0.       0.       0.       0.       0.            0.
 
  2016           0.       0.     -11.      11.       0.       0.
                 0.       0.       0.       0.       0.       0.            0.
 
  2017           0.       0.      11.     -11.       0.       0.
                 0.       0.       0.       0.       0.       0.            0.
 
  2018           0.       0.     -11.      11.       0.       0.
                 0.       0.       0.       0.       0.       0.            0.
 
  2019           0.       0.      11.     -11.       0.       0.
                 0.       0.       0.       0.       0.       0.            0.
 
  2020           0.       0.       5.      -5.       0.       0.
                 0.       0.       0.       0.       0.       0.            0.
 
  2021           0.       0.      -7.       7.       0.       0.
                 0.       0.       0.       0.       0.       0.           -0.
 
  2022           0.       0.      11.     -11.       0.       0.
                 0.       0.       0.       0.       0.       0.            0.
 
  2023           0.       0.       1.      -1.       0.       0.
                 0.       0.       0.       0.       0.       0.            0.
 
  2024           0.       0.     -11.      11.       0.       0.
                 0.       0.       0.       0.       0.       0.            0.
 
  2025           0.       0.      11.     -11.       0.       0.
                 0.       0.       0.       0.       0.       0.            0.
 
  2026           0.       0.      -5.       5.       0.       0.
                                                                            0.
 
  AVGE           0.       0.      -0.       0.       0.       0.
                 0.       0.       0.       0.       0.       0.

  Table Total-           0.   Mean-         0.   Std. Dev.-         4.
                              Min -       -11.        Max -        11.

 A 7.A  RegARIMA holiday component forecasts
  From  2026.Jul to 2027.Jun
  Observations         12
 -----------------------------------------------------------------------------
               Jan      Feb      Mar      Apr      May      Jun 
               Jul      Aug      Sep      Oct      Nov      Dec         AVGE  
 -----------------------------------------------------------------------------
  2026                                                          
                 0.       0.       0.       0.       0.       0.            0.
 
  2027           0.       0.     -11.      11.       0.       0.
                                                                            0.
 
        bps_permits 49420            PAGE   5, SERIES bps_permits_addi
  
 B 1  Original series (prior adjusted)
      (adjusted for regARIMA factors)
  From  2004.Jan to 2026.Jun
  Observations        270
 -----------------------------------------------------------------------------
               Jan      Feb      Mar      Apr      May      Jun 
               Jul      Aug      Sep      Oct      Nov      Dec        TOTAL  
 -----------------------------------------------------------------------------
  2004          33.      42.      65.      63.      82.      77.
                57.      34.      76.      71.      38.      48.          686.
 
  2005          26.      20.      50.      37.      34.      44.
                39.      44.      48.      39.      25.      19.          425.
 
  2006          21.      18.      41.      46.      36.      32.
                22.      25.      18.      17.      16.      16.          308.
 
  2007          18.      18.      41.      42.      32.      47.
                27.      33.      21.      14.      10.      24.          327.
 
  2008          12.      12.      34.      11.      26.      15.
                44.      39.      21.      24.      13.      11.          262.
 
  2009           8.       7.      11.      18.      13.      15.
                20.      10.       9.      18.       6.       6.          141.
 
  2010          12.       7.      16.      13.      15.      17.
                12.      16.      12.      10.       6.       6.          142.
 
  2011           5.      10.      18.      23.       8.      15.
                19.      13.      12.      10.       2.       5.          140.
 
  2012           7.       4.       7.      11.      17.       6.
                10.      19.       6.      13.      16.      13.          129.
 
  2013           5.       8.      33.      -0.       5.      14.
                10.      17.       9.      10.       9.      11.          131.
 
  2014           3.      10.       1.      21.      14.      23.
                12.      10.       7.       7.       9.       6.          123.
 
  2015          16.      12.      35.      23.      29.      27.
                39.      29.      37.      32.      14.      15.          308.
 
  2016           8.      15.      41.      17.      41.      34.
                28.      35.      18.      41.      26.      18.          322.
 
  2017          16.      15.      11.      38.      30.      33.
                24.      27.      31.      27.      42.      35.          329.
 
  2018          22.      31.      61.      25.      35.      35.
                30.      57.      21.      58.      43.      24.          442.
 
  2019          39.      11.     330.      64.      47.      45.
               103.      48.      39.      33.      52.      54.          865.
 
  2020          39.      37.      14.      23.      42.      37.
                43.      39.      58.      66.      70.      37.          505.
 
  2021          91.      70.      72.      74.      39.      48.
                57.      54.      48.      51.     246.      34.          884.
 
  2022          25.      49.      88.     102.      83.      98.
                51.      71.      62.      29.     102.      16.          776.
 
  2023          38.      21.      63.      39.      54.      63.
                40.     102.      79.      45.      33.      17.          594.
 
  2024           8.      39.      46.      30.      46.      23.
                34.      49.      43.      51.      32.      38.          439.
 
  2025         106.      39.      45.      73.      66.      52.
                38.      54.      68.      70.      26.      31.          668.
 
  2026          37.      45.      54.      53.      91.      61.
                                                                          341.
 
  AVGE          26.      23.      51.      37.      38.      37.
                35.      38.      34.      33.      38.      22.

  Table Total-        9287.   Mean-        34.   Std. Dev.-        32.
                              Min -        -0.        Max -       330.

 B 1.A  Forecasts of (prior adjusted) original series
  From  2026.Jul to 2027.Jun
  Observations         12
 -----------------------------------------------------------------------------
               Jan      Feb      Mar      Apr      May      Jun 
               Jul      Aug      Sep      Oct      Nov      Dec        TOTAL  
 -----------------------------------------------------------------------------
  2026                                                          
                55.      58.      54.      54.      58.      42.          321.
 
  2027          45.      43.      71.      56.      58.      57.
                                                                          330.
 
        bps_permits 49420            PAGE   6, SERIES bps_permits_addi

 C 17  Final weights for irregular component
  From  2004.Jan to 2026.Jun
  Observations        270
  Lower sigma limit    1.50
  Upper sigma limit    2.50
 -----------------------------------------------------------------------------
               Jan      Feb      Mar      Apr      May      Jun 
               Jul      Aug      Sep      Oct      Nov      Dec         S.D.  
 -----------------------------------------------------------------------------
  2004         100.     100.     100.     100.       0.     100.
               100.       0.       0.       0.     100.     100.          649.
 
  2005         100.     100.     100.     100.     100.     100.
               100.     100.      99.     100.     100.      98.          649.
 
  2006         100.     100.     100.     100.     100.     100.
               100.     100.     100.     100.     100.     100.          649.
 
  2007         100.     100.     100.     100.     100.      41.
               100.     100.     100.      88.     100.      33.          469.
 
  2008         100.     100.      74.       0.     100.       0.
                 0.      17.     100.     100.     100.     100.          404.
 
  2009         100.     100.      77.     100.     100.     100.
               100.      71.     100.      92.     100.     100.          386.
 
  2010         100.     100.     100.     100.     100.     100.
               100.     100.     100.     100.     100.     100.          380.
 
  2011         100.     100.     100.      74.      87.     100.
               100.     100.     100.     100.     100.     100.          382.
 
  2012         100.     100.      74.     100.      63.      59.
               100.     100.     100.     100.      69.     100.          396.
 
  2013         100.     100.       0.      18.     100.     100.
               100.     100.     100.     100.     100.     100.          475.
 
  2014         100.     100.       0.      87.     100.     100.
               100.     100.     100.     100.     100.     100.          527.
 
  2015         100.     100.     100.     100.     100.     100.
               100.     100.      53.     100.     100.     100.          675.
 
  2016         100.     100.     100.     100.     100.     100.
               100.     100.     100.     100.     100.     100.          870.
 
  2017         100.     100.      80.     100.     100.     100.
               100.     100.     100.     100.     100.     100.         1530.
 
  2018         100.     100.     100.     100.     100.     100.
               100.     100.     100.     100.     100.      94.         1602.
 
  2019         100.       0.       0.     100.      31.      92.
                62.     100.     100.     100.     100.      54.         1685.
 
  2020         100.     100.      87.     100.     100.     100.
               100.     100.     100.     100.     100.     100.         1882.
 
  2021         100.     100.     100.     100.     100.     100.
               100.     100.     100.     100.       0.     100.         1927.
 
  2022           0.     100.     100.     100.     100.      96.
               100.     100.     100.     100.       0.     100.         1509.
 
  2023         100.     100.     100.     100.     100.     100.
               100.       0.     100.     100.     100.     100.         1509.
 
  2024         100.     100.     100.     100.     100.     100.
               100.     100.     100.     100.     100.     100.         1449.
 
  2025           0.     100.      93.     100.     100.     100.
               100.     100.     100.     100.     100.     100.         1393.
 
  2026         100.     100.     100.     100.     100.     100.
                                                                         1393.
 
        bps_permits 49420            PAGE   7, SERIES bps_permits_addi

 D 8  Final unmodified SI ratios
  From  2004.Jan to 2026.Jun
  Observations        270
 -----------------------------------------------------------------------------
               Jan      Feb      Mar      Apr      May      Jun 
               Jul      Aug      Sep      Oct      Nov      Dec         AVGE  
 -----------------------------------------------------------------------------
  2004         -22.     -14.       8.       6.      25.      20.
                 1.     -21.      22.      20.     -10.       3.            3.
 
  2005         -16.     -20.      13.       0.      -2.       9.
                 4.       8.      12.       3.     -11.     -16.           -1.
 
  2006         -13.     -14.      11.      18.      10.       7.
                -1.       2.      -5.      -6.      -8.      -9.           -1.
 
  2007          -8.     -10.      12.      13.       3.      19.
                 0.       8.      -3.      -9.     -12.       3.            1.
 
  2008          -9.      -9.      12.     -12.       3.      -9.
                20.      16.      -1.       3.      -7.      -7.           -0.
 
  2009          -8.      -7.      -2.       7.       2.       4.
                 9.      -2.      -3.       5.      -7.      -7.           -1.
 
  2010          -1.      -6.       3.       1.       3.       6.
                 1.       5.       1.      -1.      -5.      -6.            0.
 
  2011          -7.      -3.       5.      10.      -5.       2.
                 7.       1.       1.      -0.      -7.      -4.            0.
 
  2012          -1.      -4.      -1.       3.       8.      -4.
                -1.       8.      -6.       1.       3.       1.            0.
 
  2013          -7.      -3.      23.     -10.      -4.       5.
                 1.       7.      -2.      -2.      -3.      -2.            0.
 
  2014         -11.      -4.     -13.       8.       2.      11.
                 1.      -1.      -4.      -5.      -4.      -9.           -2.
 
  2015          -1.      -8.      13.      -1.       3.       1.
                12.       2.      11.       6.     -11.     -10.            2.
 
  2016         -16.      -9.      17.      -9.      14.       6.
                -0.       7.     -10.      13.      -1.      -8.            0.
 
  2017          -9.      -9.     -13.      15.       6.       7.
                -3.      -2.      -0.      -6.       8.       0.           -1.
 
  2018         -13.      -4.      26.     -11.      -0.      -0.
                -6.      19.     -19.      14.      -5.     -28.           -2.
 
  2019         -17.     -48.     268.       1.     -17.     -18.
                42.      -9.     -13.     -14.      10.      16.           17.
 
  2020           5.       5.     -17.      -9.       8.      -1.
                -0.     -10.       4.       6.       7.     -29.           -3.
 
  2021          25.       5.       9.      14.     -19.      -7.
                 3.       1.      -7.      -6.     185.     -31.           14.
 
  2022         -44.     -23.      13.      27.       9.      26.
               -17.       8.       4.     -24.      54.     -29.            0.
 
  2023          -5.     -22.      20.      -6.       8.      15.
                -8.      54.      31.      -1.     -11.     -24.            4.
 
  2024         -30.       4.      14.      -2.      15.      -9.
                 0.      13.       4.       9.     -13.      -9.           -0.
 
  2025          57.     -12.      -7.      21.      14.       1.
               -13.       4.      18.      20.     -24.     -20.            5.
 
  2026         -14.      -7.       1.      -1.      36.       6.
                                                                            3.
 
  AVGE          -7.     -10.      18.       4.       5.       4.
                 2.       5.       2.       1.       6.     -10.

  Table Total-         465.   Mean-         2.   Std. Dev.-        24.
                              Min -       -48.        Max -       268.
        bps_permits 49420            PAGE   8, SERIES bps_permits_addi

 D 8.B  Final unmodified SI ratios, with labels for outliers and extreme values
  From  2004.Jan to 2026.Jun
  Observations        270
 ---------------------------------------------------------------------
               Jan       Feb       Mar       Apr       May       Jun  
               Jul       Aug       Sep       Oct       Nov       Dec  
 ---------------------------------------------------------------------
  2004        -22.      -14.        8.        6.       25.*      20.  
                1.      -21.*      22.*      20.*     -10.        3.  
 
  2005        -16.      -20.       13.        0.       -2.        9.  
                4.        8.       12.*       3.      -11.      -16.* 
 
  2006        -13.      -14.       11.       18.       10.        7.  
               -1.        2.       -5.       -6.       -8.       -9.  
 
  2007         -8.      -10.       12.       13.        3.       19.* 
                0.        8.       -3.       -9.*     -12.        3.* 
 
  2008         -9.       -9.       12.*     -12.*       3.       -9.* 
               20.*      16.*      -1.        3.       -7.       -7.  
 
  2009         -8.       -7.       -2.*       7.        2.        4.  
                9.       -2.*      -3.        5.*      -7.       -7.  
 
  2010         -1.       -6.        3.        1.        3.        6.  
                1.        5.        1.       -1.       -5.       -6.  
 
  2011         -7.       -3.        5.       10.*      -5.*       2.  
                7.        1.        1.       -0.       -7.       -4.  
 
  2012         -1.       -4.       -1.*       3.        8.*      -4.* 
               -1.        8.       -6.        1.        3.*       1.  
 
  2013         -7.       -3.       23.*     -10.*      -4.        5.  
                1.        7.       -2.       -2.       -3.       -2.  
 
  2014        -11.       -4.      -13.*       8.*       2.       11.  
                1.       -1.       -4.       -5.       -4.       -9.  
 
  2015         -1.       -8.       13.       -1.        3.        1.  
               12.        2.       11.*       6.      -11.      -10.  
 
  2016        -16.       -9.       17.       -9.       14.        6.  
               -0.        7.      -10.       13.       -1.       -8.  
 
  2017         -9.       -9.      -13.*      15.        6.        7.  
               -3.       -2.       -0.       -6.        8.        0.  
 
  2018        -13.       -4.       26.      -11.       -0.       -0.  
               -6.       19.      -19.       14.       -5.      -28.* 
 
  2019        -17.      -48.*     268.*       1.      -17.*     -18.* 
               42.*      -9.      -13.      -14.       10.       16.* 
 
  2020          5.        5.      -17.*      -9.        8.       -1.  
               -0.      -10.        4.        6.        7.      -29.  
 
  2021         25.        5.        9.       14.      -19.       -7.  
                3.        1.       -7.       -6.      185.*     -31.  
 
  2022        -44.*     -23.       13.       27.        9.       26.* 
              -17.        8.        4.      -24.       54.*     -29.  
 
  2023         -5.      -22.       20.       -6.        8.       15.  
               -8.       54.*      31.       -1.      -11.      -24.  
 
  2024        -30.        4.       14.       -2.       15.       -9.  
                0.       13.        4.        9.      -13.       -9.  
 
  2025         57.*     -12.       -7.*      21.       14.        1.  
              -13.        4.       18.       20.      -24.      -20.  
 
  2026        -14.       -7.        1.       -1.       36.        6.  
                                                                      
 

  Key to symbols:
    *  : extreme value as determined by X-11 extreme value procedure
 
        bps_permits 49420            PAGE   9, SERIES bps_permits_addi

 D 9  Final replacement values for SI ratios
  From  2004.Jan to 2026.Jun
  Observations        270
 ---------------------------------------------------------------
               Jan      Feb      Mar      Apr      May      Jun 
               Jul      Aug      Sep      Oct      Nov      Dec 
 ---------------------------------------------------------------
  2004     ******** ******** ******** ********       6. ********
           ********       7.       4.       0. ******** ********
 
  2005     ******** ******** ******** ******** ******** ********
           ******** ********      12. ******** ********     -16.
 
  2006     ******** ******** ******** ******** ******** ********
           ******** ******** ******** ******** ******** ********
 
  2007     ******** ******** ******** ******** ********      13.
           ******** ******** ********      -8. ********      -4.
 
  2008     ******** ********      11.       7. ********       7.
                 3.       8. ******** ******** ******** ********
 
  2009     ******** ********      -0. ******** ******** ********
           ********       0. ********       5. ******** ********
 
  2010     ******** ******** ******** ******** ******** ********
           ******** ******** ******** ******** ******** ********
 
  2011     ******** ******** ********       9.      -4. ********
           ******** ******** ******** ******** ******** ********
 
  2012     ******** ********       0. ********       5.      -1.
           ******** ******** ******** ********       1. ********
 
  2013     ******** ********       8.      -1. ******** ********
           ******** ******** ******** ******** ******** ********
 
  2014     ******** ********       8.       7. ******** ********
           ******** ******** ******** ******** ******** ********
 
  2015     ******** ******** ******** ******** ******** ********
           ******** ********       4. ******** ******** ********
 
  2016     ******** ******** ******** ******** ******** ********
           ******** ******** ******** ******** ******** ********
 
  2017     ******** ********      -8. ******** ******** ********
           ******** ******** ******** ******** ******** ********
 
  2018     ******** ******** ******** ******** ******** ********
           ******** ******** ******** ******** ********     -26.
 
  2019     ********      15.      27. ********       8.     -16.
                30. ******** ******** ******** ********       1.
 
  2020     ******** ********     -13. ******** ******** ********
           ******** ******** ******** ******** ******** ********
 
  2021     ******** ******** ******** ******** ******** ********
           ******** ******** ******** ********      19. ********
 
  2022           1. ******** ******** ******** ********      25.
           ******** ******** ******** ********      15. ********
 
  2023     ******** ******** ******** ******** ******** ********
           ********      13. ******** ******** ******** ********
 
  2024     ******** ******** ******** ******** ******** ********
           ******** ******** ******** ******** ******** ********
 
  2025          -8. ********      -5. ******** ******** ********
           ******** ******** ******** ******** ******** ********
 
  2026     ******** ******** ******** ******** ******** ********
                                                                
 

 D 9.A  Moving seasonality ratio
 ---------------------------------------------------------------
               Jan      Feb      Mar      Apr      May      Jun 
 ---------------------------------------------------------------
   I          9.378    6.392    9.540   11.487    8.520    8.720
   S          1.981    1.531    1.761    1.630    1.537    1.435
 RATIO        4.733    4.176    5.417    7.049    5.545    6.075



 ---------------------------------------------------------------
               Jul      Aug      Sep      Oct      Nov      Dec 
 ---------------------------------------------------------------
   I          9.920    6.731    9.462   10.437    6.447    8.850
   S          1.394    1.372    1.747    1.307    1.903    1.524
 RATIO        7.115    4.906    5.417    7.987    3.387    5.806



        bps_permits 49420            PAGE  10, SERIES bps_permits_addi

 D 10  Final seasonal factors
  From  2004.Jan to 2026.Jun
  Observations        270
  Seasonal filter    3 x 5 moving average
 -----------------------------------------------------------------------------
               Jan      Feb      Mar      Apr      May      Jun 
               Jul      Aug      Sep      Oct      Nov      Dec         AVGE  
 -----------------------------------------------------------------------------
  2004         -16.     -15.      11.       9.       5.      12.
                 1.       6.       3.      -2.     -10.      -7.           -0.
 
  2005         -15.     -14.      11.       9.       4.      12.
                 1.       6.       2.      -2.     -10.      -7.           -0.
 
  2006         -13.     -13.      10.       9.       4.      11.
                 2.       6.       1.      -2.     -10.      -7.           -0.
 
  2007         -11.     -11.       9.       9.       4.       9.
                 2.       5.      -0.      -1.      -9.      -7.           -0.
 
  2008          -8.      -9.       8.       9.       3.       7.
                 3.       5.      -1.      -1.      -8.      -7.           -0.
 
  2009          -7.      -7.       6.       7.       3.       6.
                 3.       4.      -2.      -0.      -7.      -5.            0.
 
  2010          -5.      -6.       5.       5.       1.       4.
                 4.       4.      -2.       0.      -6.      -5.            0.
 
  2011          -5.      -5.       4.       4.       1.       4.
                 3.       4.      -2.       0.      -4.      -4.            0.
 
  2012          -5.      -4.       5.       3.       0.       4.
                 3.       4.      -2.      -0.      -4.      -4.           -0.
 
  2013          -6.      -5.       7.       2.       2.       4.
                 3.       4.      -2.       1.      -4.      -5.            0.
 
  2014          -7.      -6.       8.       2.       3.       5.
                 3.       4.      -2.       1.      -4.      -5.            0.
 
  2015          -9.      -6.       9.       1.       4.       5.
                 2.       4.      -4.       3.      -3.      -7.           -0.
 
  2016         -10.      -6.      11.       0.       5.       4.
                 3.       4.      -5.       3.      -2.      -8.           -0.
 
  2017         -10.      -3.      12.      -1.       6.       1.
                 4.       3.      -7.       3.       0.     -10.           -0.
 
  2018          -8.      -0.      11.      -0.       5.      -1.
                 5.       1.      -8.       1.       4.     -13.           -0.
 
  2019          -4.       0.      10.       1.       3.      -1.
                 4.       1.      -7.      -1.       7.     -17.           -0.
 
  2020           0.      -1.      10.       4.       1.      -0.
                 3.       1.      -3.      -4.       9.     -21.           -0.
 
  2021           0.      -4.      10.       5.       2.       3.
                -0.       3.       2.      -5.       7.     -23.            0.
 
  2022          -1.      -6.      10.       7.       4.       4.
                -3.       5.       7.      -3.       3.     -23.            0.
 
  2023          -5.      -9.       9.       8.       8.       6.
                -6.       7.      10.      -1.      -2.     -22.            0.
 
  2024          -9.     -10.       9.       7.      12.       5.
                -7.       8.      11.       2.      -7.     -19.            0.
 
  2025         -13.      -9.       8.       5.      17.       4.
                -6.       7.      11.       5.     -10.     -17.            0.
 
  2026         -14.      -8.       7.       5.      17.       2.
                                                                            2.
 
  AVGE          -8.      -7.       9.       5.       5.       5.
                 1.       4.      -0.      -0.      -3.     -11.

  Table Total-           5.   Mean-         0.   Std. Dev.-         7.
                              Min -       -23.        Max -        17.

 D 10.A  Final seasonal component forecasts
  From  2026.Jul to 2027.Jun
  Observations         12
 -----------------------------------------------------------------------------
               Jan      Feb      Mar      Apr      May      Jun 
               Jul      Aug      Sep      Oct      Nov      Dec         AVGE  
 -----------------------------------------------------------------------------
  2026                                                          
                -5.       7.      10.       7.     -12.     -16.           -2.
 
  2027         -14.      -8.       5.       6.      18.       2.
                                                                            2.
 
        bps_permits 49420            PAGE  11, SERIES bps_permits_addi
  
 D 11  Final seasonally adjusted data
       (also adjusted for holiday)
  From  2004.Jan to 2026.Jun
  Observations        270
 -----------------------------------------------------------------------------
               Jan      Feb      Mar      Apr      May      Jun 
               Jul      Aug      Sep      Oct      Nov      Dec        TOTAL  
 -----------------------------------------------------------------------------
  2004          49.      57.      54.      54.      77.      65.
                56.      28.      73.      73.      48.      55.          687.
 
  2005          41.      34.      39.      28.      30.      32.
                38.      38.      46.      41.      35.      26.          426.
 
  2006          34.      31.      30.      37.      32.      21.
                20.      19.      17.      19.      26.      23.          310.
 
  2007          29.      29.      32.      33.      28.      38.
                25.      28.      21.      15.      19.      31.          328.
 
  2008          20.      21.      27.       2.      23.       8.
                41.      34.      22.      25.      21.      18.          262.
 
  2009          15.      14.       5.      11.      10.       9.
                17.       6.      11.      18.      13.      11.          140.
 
  2010          17.      13.      11.       8.      14.      13.
                 8.      12.      14.      10.      12.      11.          141.
 
  2011          10.      15.      14.      19.       7.      11.
                16.       9.      14.      10.       6.       9.          140.
 
  2012          12.       8.       2.       8.      17.       2.
                 7.      15.       8.      13.      20.      17.          129.
 
  2013          11.      13.      26.      -3.       3.      10.
                 7.      13.      11.       9.      13.      16.          131.
 
  2014          10.      16.      -7.      20.      11.      18.
                 9.       6.       9.       6.      13.      11.          122.
 
  2015          25.      18.      26.      22.      25.      22.
                37.      25.      41.      29.      17.      22.          309.
 
  2016          18.      21.      30.      16.      36.      30.
                25.      31.      23.      38.      28.      26.          323.
 
  2017          26.      18.      -1.      39.      24.      32.
                20.      24.      38.      24.      42.      45.          331.
 
  2018          30.      31.      50.      25.      30.      36.
                25.      56.      29.      57.      39.      37.          444.
 
  2019          43.      11.     320.      63.      44.      46.
                99.      47.      46.      34.      45.      71.          869.
 
  2020          39.      38.       3.      20.      41.      37.
                40.      38.      61.      70.      61.      58.          506.
 
  2021          91.      74.      61.      70.      37.      45.
                57.      51.      46.      56.     239.      57.          884.
 
  2022          26.      55.      78.      96.      79.      94.
                54.      66.      55.      32.      99.      39.          773.
 
  2023          43.      30.      54.      31.      46.      57.
                46.      95.      69.      46.      35.      39.          592.
 
  2024          17.      49.      37.      23.      34.      18.
                41.      41.      32.      49.      39.      57.          437.
 
  2025         119.      48.      37.      68.      49.      48.
                44.      47.      57.      65.      36.      48.          667.
 
  2026          51.      53.      47.      48.      74.      59.
                                                                          332.
 
  AVGE          34.      30.      42.      32.      33.      33.
                33.      33.      34.      34.      41.      33.

  Table Total-        9282.   Mean-        34.   Std. Dev.-        30.
                              Min -        -7.        Max -       320.
        bps_permits 49420            PAGE  12, SERIES bps_permits_addi

 D 12  Final trend cycle
  From  2004.Jan to 2026.Jun
  Observations        270
  Trend filter    23-term Henderson moving average
  I/C ratio        4.42
 -----------------------------------------------------------------------------
               Jan      Feb      Mar      Apr      May      Jun 
               Jul      Aug      Sep      Oct      Nov      Dec        TOTAL  
 -----------------------------------------------------------------------------
  2004          55.      56.      57.      57.      57.      57.
                57.      56.      54.      52.      49.      46.          651.
 
  2005          42.      40.      37.      36.      35.      35.
                35.      35.      36.      36.      36.      35.          439.
 
  2006          34.      32.      30.      28.      26.      25.
                23.      22.      22.      22.      23.      25.          314.
 
  2007          26.      28.      29.      29.      29.      28.
                27.      25.      24.      22.      22.      21.          311.
 
  2008          21.      22.      22.      23.      24.      24.
                24.      23.      23.      21.      20.      18.          263.
 
  2009          16.      14.      12.      11.      11.      11.
                11.      12.      12.      13.      13.      13.          149.
 
  2010          13.      13.      12.      12.      12.      11.
                11.      11.      11.      11.      12.      12.          141.
 
  2011          12.      13.      13.      13.      13.      12.
                12.      11.      11.      10.      10.       9.          138.
 
  2012           9.       8.       8.       8.       9.       9.
                10.      11.      12.      13.      13.      13.          123.
 
  2013          12.      11.      11.      10.       9.       9.
                 9.      10.      10.      11.      12.      13.          128.
 
  2014          14.      14.      14.      13.      12.      12.
                11.      11.      11.      12.      13.      15.          152.
 
  2015          17.      20.      22.      24.      26.      27.
                27.      27.      26.      26.      25.      24.          291.
 
  2016          24.      24.      24.      25.      27.      28.
                29.      29.      29.      28.      27.      26.          318.
 
  2017          25.      24.      23.      24.      24.      26.
                27.      29.      31.      33.      34.      35.          335.
 
  2018          35.      35.      35.      35.      35.      35.
                36.      38.      40.      44.      48.      52.          468.
 
  2019          56.      60.      62.      64.      64.      63.
                60.      57.      52.      48.      43.      38.          666.
 
  2020          35.      32.      31.      32.      34.      37.
                42.      48.      54.      60.      64.      66.          535.
 
  2021          67.      66.      63.      60.      58.      55.
                53.      53.      54.      57.      60.      65.          710.
 
  2022          69.      73.      75.      76.      75.      72.
                68.      63.      58.      52.      47.      44.          773.
 
  2023          42.      42.      43.      45.      47.      48.
                49.      49.      48.      46.      43.      40.          544.
 
  2024          37.      34.      32.      31.      31.      32.
                34.      37.      40.      42.      45.      47.          443.
 
  2025          49.      50.      51.      51.      51.      51.
                51.      50.      50.      50.      50.      51.          607.
 
  2026          52.      52.      53.      54.      55.      55.
                                                                          322.
 
  AVGE          33.      33.      33.      33.      33.      33.
                32.      32.      32.      32.      32.      32.

  Table Total-        8823.   Mean-        33.   Std. Dev.-        18.
                              Min -         8.        Max -        76.
        bps_permits 49420            PAGE  13, SERIES bps_permits_addi

 D 13  Final irregular component
  From  2004.Jan to 2026.Jun
  Observations        270
 -----------------------------------------------------------------------------
               Jan      Feb      Mar      Apr      May      Jun 
               Jul      Aug      Sep      Oct      Nov      Dec         S.D.  
 -----------------------------------------------------------------------------
  2004          -7.       1.      -2.      -3.      20.       8.
                -1.     -28.      19.      21.      -1.       9.           14.
 
  2005          -2.      -5.       2.      -8.      -6.      -3.
                 3.       2.      10.       5.      -1.     -10.            6.
 
  2006          -0.      -1.      -0.       9.       6.      -3.
                -3.      -3.      -5.      -4.       2.      -2.            4.
 
  2007           2.       2.       3.       4.      -1.      10.
                -2.       2.      -2.      -7.      -3.      10.            5.
 
  2008          -1.      -0.       5.     -21.      -1.     -16.
                17.      11.      -0.       4.       2.       0.           10.
 
  2009          -1.       0.      -8.      -1.      -0.      -2.
                 6.      -6.      -1.       5.      -0.      -2.            4.
 
  2010           4.      -0.      -1.      -4.       2.       1.
                -3.       1.       3.      -2.       0.      -1.            2.
 
  2011          -2.       2.       1.       6.      -6.      -1.
                 4.      -3.       3.      -0.      -3.       0.            3.
 
  2012           4.       0.      -6.      -1.       8.      -7.
                -3.       4.      -4.       1.       8.       5.            5.
 
  2013          -1.       1.      16.     -12.      -6.       1.
                -2.       3.       1.      -2.       1.       3.            6.
 
  2014          -4.       1.     -21.       6.      -1.       7.
                -2.      -4.      -2.      -6.      -0.      -3.            7.
 
  2015           8.      -1.       4.      -2.      -1.      -5.
                10.      -2.      15.       4.      -8.      -2.            6.
 
  2016          -6.      -3.       6.      -9.       9.       3.
                -4.       3.      -5.      10.       1.       1.            6.
 
  2017           2.      -5.     -25.      16.      -1.       6.
                -7.      -5.       7.      -9.       8.      11.           10.
 
  2018          -5.      -4.      15.     -10.      -5.       1.
               -11.      18.     -11.      13.      -8.     -15.           11.
 
  2019         -13.     -49.     257.      -1.     -20.     -17.
                39.     -10.      -6.     -14.       3.      33.           78.
 
  2020           4.       6.     -28.     -12.       7.      -0.
                -2.     -10.       7.      11.      -2.      -9.           11.
 
  2021          24.       8.      -2.       9.     -21.      -9.
                 4.      -1.      -8.      -1.     178.      -8.           53.
 
  2022         -44.     -17.       3.      20.       5.      22.
               -14.       3.      -3.     -20.      51.      -5.           23.
 
  2023           1.     -12.      11.     -14.      -1.       9.
                -3.      46.      21.      -0.      -9.      -1.           16.
 
  2024         -20.      15.       5.      -8.       3.     -15.
                 7.       4.      -8.       6.      -6.      10.           10.
 
  2025          70.      -2.     -15.      16.      -2.      -3.
                -7.      -4.       7.      15.     -14.      -3.           22.
 
  2026          -1.       1.      -6.      -7.      19.       3.
                                                                            9.
 
  S.D.          19.      12.      55.      10.       9.       9.
                11.      13.       9.       9.      40.      10.

  Table Total-         459.   Mean-         2.   Std. Dev.-        22.
                              Min -       -49.        Max -       257.
        bps_permits 49420            PAGE  14, SERIES bps_permits_addi
  
 D 16  Combined adjustment factors
       (includes seasonal, holiday factors)
  From  2004.Jan to 2026.Jun
  Observations        270
 -----------------------------------------------------------------------------
               Jan      Feb      Mar      Apr      May      Jun 
               Jul      Aug      Sep      Oct      Nov      Dec         AVGE  
 -----------------------------------------------------------------------------
  2004         -16.     -15.      15.       5.       5.      12.
                 1.       6.       3.      -2.     -10.      -7.           -0.
 
  2005         -15.     -14.      -0.      20.       4.      12.
                 1.       6.       2.      -2.     -10.      -7.           -0.
 
  2006         -13.     -13.      22.      -2.       4.      11.
                 2.       6.       1.      -2.     -10.      -7.           -0.
 
  2007         -11.     -11.       8.      10.       4.       9.
                 2.       5.      -0.      -1.      -9.      -7.           -0.
 
  2008          -8.      -9.      -4.      20.       3.       7.
                 3.       5.      -1.      -1.      -8.      -7.           -0.
 
  2009          -7.      -7.      11.       2.       3.       6.
                 3.       4.      -2.      -0.      -7.      -5.            0.
 
  2010          -5.      -6.      -2.      12.       1.       4.
                 4.       4.      -2.       0.      -6.      -5.            0.
 
  2011          -5.      -5.      15.      -7.       1.       4.
                 3.       4.      -2.       0.      -4.      -4.            0.
 
  2012          -5.      -4.       4.       4.       0.       4.
                 3.       4.      -2.      -0.      -4.      -4.           -0.
 
  2013          -6.      -5.      -4.      14.       2.       4.
                 3.       4.      -2.       1.      -4.      -5.            0.
 
  2014          -7.      -6.      19.     -10.       3.       5.
                 3.       4.      -2.       1.      -4.      -5.            0.
 
  2015          -9.      -6.       4.       6.       4.       5.
                 2.       4.      -4.       3.      -3.      -7.           -0.
 
  2016         -10.      -6.      -0.      12.       5.       4.
                 3.       4.      -5.       3.      -2.      -8.           -0.
 
  2017         -10.      -3.      23.     -12.       6.       1.
                 4.       3.      -7.       3.       0.     -10.           -0.
 
  2018          -8.      -0.      -0.      11.       5.      -1.
                 5.       1.      -8.       1.       4.     -13.           -0.
 
  2019          -4.       0.      21.     -10.       3.      -1.
                 4.       1.      -7.      -1.       7.     -17.           -0.
 
  2020           0.      -1.      16.      -2.       1.      -0.
                 3.       1.      -3.      -4.       9.     -21.           -0.
 
  2021           0.      -4.       4.      11.       2.       3.
                -0.       3.       2.      -5.       7.     -23.            0.
 
  2022          -1.      -6.      21.      -5.       4.       4.
                -3.       5.       7.      -3.       3.     -23.            0.
 
  2023          -5.      -9.      10.       7.       8.       6.
                -6.       7.      10.      -1.      -2.     -22.            0.
 
  2024          -9.     -10.      -2.      18.      12.       5.
                -7.       8.      11.       2.      -7.     -19.            0.
 
  2025         -13.      -9.      19.      -6.      17.       4.
                -6.       7.      11.       5.     -10.     -17.            0.
 
  2026         -14.      -8.       2.      10.      17.       2.
                                                                            2.
 
  AVGE          -8.      -7.       9.       5.       5.       5.
                 1.       4.      -0.      -0.      -3.     -11.

  Table Total-           5.   Mean-         0.   Std. Dev.-         8.
                              Min -       -23.        Max -        23.

 D 16.A  Combined adjustment component forecasts
  From  2026.Jul to 2027.Jun
  Observations         12
 -----------------------------------------------------------------------------
               Jan      Feb      Mar      Apr      May      Jun 
               Jul      Aug      Sep      Oct      Nov      Dec         AVGE  
 -----------------------------------------------------------------------------
  2026                                                          
                -5.       7.      10.       7.     -12.     -16.           -2.
 
  2027         -14.      -8.      -6.      18.      18.       2.
                                                                            2.
 
        bps_permits 49420            PAGE  15, SERIES bps_permits_addi
  
 D 18  Combined calendar adjustment factors
       (includes holiday factors)
  From  2004.Jan to 2026.Jun
  Observations        270
 -----------------------------------------------------------------------------
               Jan      Feb      Mar      Apr      May      Jun 
               Jul      Aug      Sep      Oct      Nov      Dec         AVGE  
 -----------------------------------------------------------------------------
  2004           0.       0.       4.      -4.       0.       0.
                 0.       0.       0.       0.       0.       0.            0.
 
  2005           0.       0.     -11.      11.       0.       0.
                 0.       0.       0.       0.       0.       0.            0.
 
  2006           0.       0.      11.     -11.       0.       0.
                 0.       0.       0.       0.       0.       0.            0.
 
  2007           0.       0.      -1.       1.       0.       0.
                 0.       0.       0.       0.       0.       0.            0.
 
  2008           0.       0.     -11.      11.       0.       0.
                 0.       0.       0.       0.       0.       0.            0.
 
  2009           0.       0.       5.      -5.       0.       0.
                 0.       0.       0.       0.       0.       0.            0.
 
  2010           0.       0.      -7.       7.       0.       0.
                 0.       0.       0.       0.       0.       0.           -0.
 
  2011           0.       0.      11.     -11.       0.       0.
                 0.       0.       0.       0.       0.       0.            0.
 
  2012           0.       0.      -1.       1.       0.       0.
                 0.       0.       0.       0.       0.       0.            0.
 
  2013           0.       0.     -11.      11.       0.       0.
                 0.       0.       0.       0.       0.       0.            0.
 
  2014           0.       0.      11.     -11.       0.       0.
                 0.       0.       0.       0.       0.       0.            0.
 
  2015           0.       0.      -5.       5.       0.       0.
                 0.       0.       0.       0.       0.       0.            0.
 
  2016           0.       0.     -11.      11.       0.       0.
                 0.       0.       0.       0.       0.       0.            0.
 
  2017           0.       0.      11.     -11.       0.       0.
                 0.       0.       0.       0.       0.       0.            0.
 
  2018           0.       0.     -11.      11.       0.       0.
                 0.       0.       0.       0.       0.       0.            0.
 
  2019           0.       0.      11.     -11.       0.       0.
                 0.       0.       0.       0.       0.       0.            0.
 
  2020           0.       0.       5.      -5.       0.       0.
                 0.       0.       0.       0.       0.       0.            0.
 
  2021           0.       0.      -7.       7.       0.       0.
                 0.       0.       0.       0.       0.       0.           -0.
 
  2022           0.       0.      11.     -11.       0.       0.
                 0.       0.       0.       0.       0.       0.            0.
 
  2023           0.       0.       1.      -1.       0.       0.
                 0.       0.       0.       0.       0.       0.            0.
 
  2024           0.       0.     -11.      11.       0.       0.
                 0.       0.       0.       0.       0.       0.            0.
 
  2025           0.       0.      11.     -11.       0.       0.
                 0.       0.       0.       0.       0.       0.            0.
 
  2026           0.       0.      -5.       5.       0.       0.
                                                                            0.
 
  AVGE           0.       0.      -0.       0.       0.       0.
                 0.       0.       0.       0.       0.       0.

  Table Total-           0.   Mean-         0.   Std. Dev.-         4.
                              Min -       -11.        Max -        11.

 D 18.A  Combined calendar adjustment component forecasts
  From  2026.Jul to 2027.Jun
  Observations         12
 -----------------------------------------------------------------------------
               Jan      Feb      Mar      Apr      May      Jun 
               Jul      Aug      Sep      Oct      Nov      Dec         AVGE  
 -----------------------------------------------------------------------------
  2026                                                          
                 0.       0.       0.       0.       0.       0.            0.
 
  2027           0.       0.     -11.      11.       0.       0.
                                                                            0.
 
        bps_permits 49420            PAGE  16, SERIES bps_permits_addi

 E 4  Differences of annual totals
  From          2004 to 2025
  Observations         22
 -----------------------------------
  Year       Unmodified     Modified
                  (D11)         (E2)
 -----------------------------------
  2004              -1.          -1.
 
  2005              -1.          -1.
 
  2006              -2.          -2.
 
  2007              -1.          -1.
 
  2008              -0.          -0.
 
  2009               1.           1.
 
  2010               1.           1.
 
  2011               0.           0.
 
  2012              -0.          -0.
 
  2013               0.           0.
 
  2014               1.           1.
 
  2015              -1.          -1.
 
  2016              -1.          -1.
 
  2017              -2.          -2.
 
  2018              -2.          -2.
 
  2019              -4.          -4.
 
  2020              -1.          -1.
 
  2021               0.           0.
 
  2022               3.           3.
 
  2023               2.           2.
 
  2024               2.           2.
 
  2025               1.           1.
 
        bps_permits 49420            PAGE  17, SERIES bps_permits_addi

 E 5  Month-to-month differences in the original series
  From  2004.Feb to 2026.Jun
  Observations        269
 -----------------------------------------------------------------------------
               Jan      Feb      Mar      Apr      May      Jun 
               Jul      Aug      Sep      Oct      Nov      Dec         AVGE  
 -----------------------------------------------------------------------------
  2004                    9.      27.     -10.      23.      -5.
               -20.     -23.      42.      -5.     -33.      10.            1.
 
  2005         -22.      -6.      19.       9.     -14.      10.
                -5.       5.       4.      -9.     -14.      -6.           -2.
 
  2006           2.      -3.      34.     -17.       1.      -4.
               -10.       3.      -7.      -1.      -1.       0.           -0.
 
  2007           2.       0.      22.       3.     -11.      15.
               -20.       6.     -12.      -7.      -4.      14.            1.
 
  2008         -12.       0.      11.      -1.       4.     -11.
                29.      -5.     -18.       3.     -11.      -2.           -1.
 
  2009          -3.      -1.       9.      -3.       0.       2.
                 5.     -10.      -1.       9.     -12.       0.           -0.
 
  2010           6.      -5.       2.      11.      -5.       2.
                -5.       4.      -4.      -2.      -4.       0.            0.
 
  2011          -1.       5.      19.     -17.      -4.       7.
                 4.      -6.      -1.      -2.      -8.       3.           -0.
 
  2012           2.      -3.       2.       6.       5.     -11.
                 4.       9.     -13.       7.       3.      -3.            1.
 
  2013          -8.       3.      14.     -11.      -6.       9.
                -4.       7.      -8.       1.      -1.       2.           -0.
 
  2014          -8.       7.       2.      -2.       4.       9.
               -11.      -2.      -3.       0.       2.      -3.           -0.
 
  2015          10.      -4.      18.      -2.       1.      -2.
                12.     -10.       8.      -5.     -18.       1.            1.
 
  2016          -7.       7.      15.      -2.      13.      -7.
                -6.       7.     -17.      23.     -15.      -8.            0.
 
  2017          -2.      -1.       7.       5.       3.       3.
                -9.       3.       4.      -4.      15.      -7.            1.
 
  2018         -13.       9.      19.     -14.      -1.       0.
                -5.      27.     -36.      37.     -15.     -19.           -1.
 
  2019          15.     -28.     330.    -288.      -6.      -2.
                58.     -55.      -9.      -6.      19.       2.            3.
 
  2020         -15.      -2.     -18.      -1.      24.      -5.
                 6.      -4.      19.       8.       4.     -33.           -1.
 
  2021          54.     -21.      -5.      16.     -42.       9.
                 9.      -3.      -6.       3.     195.    -212.           -0.
 
  2022          -9.      24.      50.      -8.      -8.      15.
               -47.      20.      -9.     -33.      73.     -86.           -1.
 
  2023          22.     -17.      43.     -26.      16.       9.
               -23.      62.     -23.     -34.     -12.     -16.            0.
 
  2024          -9.      31.      -4.       6.       5.     -23.
                11.      15.      -6.       8.     -19.       6.            2.
 
  2025          68.     -67.      17.       6.       4.     -14.
               -14.      16.      14.       2.     -44.       5.           -1.
 
  2026           6.       8.       4.       9.      33.     -30.
                                                                            5.
 
  AVGE           4.      -2.      28.     -14.       2.      -1.
                -2.       3.      -4.      -0.       5.     -16.

  Table Total-          28.   Mean-         0.   Std. Dev.-        37.
                              Min -      -288.        Max -       330.
        bps_permits 49420            PAGE  18, SERIES bps_permits_addi

 E 6  Month-to-month differences in seasonally adjusted series (D11)
  From  2004.Feb to 2026.Jun
  Observations        269
 -----------------------------------------------------------------------------
               Jan      Feb      Mar      Apr      May      Jun 
               Jul      Aug      Sep      Oct      Nov      Dec         AVGE  
 -----------------------------------------------------------------------------
  2004                    8.      -3.      -1.      24.     -13.
                -9.     -28.      45.      -0.     -25.       7.            1.
 
  2005         -14.      -7.       5.     -12.       2.       2.
                 6.      -0.       8.      -5.      -6.      -9.           -2.
 
  2006           8.      -3.      -1.       7.      -5.     -11.
                -1.      -1.      -2.       2.       7.      -2.           -0.
 
  2007           6.       1.       2.       1.      -5.      10.
               -13.       3.      -6.      -6.       3.      12.            1.
 
  2008         -11.       1.       5.     -25.      21.     -15.
                33.      -7.     -12.       3.      -4.      -3.           -1.
 
  2009          -3.      -0.      -9.       6.      -0.      -1.
                 8.     -11.       5.       7.      -5.      -1.           -1.
 
  2010           6.      -5.      -1.      -4.       6.      -1.
                -4.       3.       2.      -4.       2.      -1.           -0.
 
  2011          -0.       5.      -1.       5.     -12.       4.
                 5.      -7.       5.      -4.      -3.       3.           -0.
 
  2012           3.      -4.      -6.       6.       9.     -15.
                 5.       8.      -7.       6.       7.      -3.            1.
 
  2013          -6.       2.      14.     -29.       6.       6.
                -3.       6.      -2.      -2.       4.       3.           -0.
 
  2014          -6.       5.     -23.      27.      -8.       7.
                -9.      -3.       3.      -4.       7.      -1.           -0.
 
  2015          13.      -6.       8.      -4.       3.      -3.
                15.     -12.      16.     -12.     -12.       5.            1.
 
  2016          -4.       3.      10.     -14.      20.      -5.
                -6.       7.      -8.      15.     -11.      -1.            0.
 
  2017           0.      -8.     -20.      41.     -16.       8.
               -11.       4.      14.     -15.      18.       4.            2.
 
  2018         -16.       2.      19.     -25.       5.       6.
               -12.      31.     -27.      28.     -17.      -3.           -1.
 
  2019           6.     -32.     309.    -257.     -19.       2.
                53.     -52.      -1.     -12.      11.      26.            3.
 
  2020         -32.      -1.     -34.      16.      21.      -3.
                 3.      -2.      23.       9.      -9.      -4.           -1.
 
  2021          33.     -17.     -12.       8.     -33.       9.
                12.      -6.      -5.      10.     183.    -182.           -0.
 
  2022         -31.      30.      23.      18.     -16.      15.
               -40.      12.     -12.     -22.      67.     -60.           -1.
 
  2023           4.     -13.      24.     -23.      15.      12.
               -11.      49.     -26.     -24.     -11.       4.           -0.
 
  2024         -22.      32.     -12.     -15.      11.     -16.
                23.       0.     -10.      17.     -10.      19.            2.
 
  2025          62.     -71.     -12.      31.     -18.      -1.
                -4.       2.      11.       8.     -29.      12.           -1.
 
  2026           3.       2.      -6.       0.      26.     -15.
                                                                            2.
 
  AVGE          -0.      -3.      12.     -10.       1.      -1.
                 2.      -0.       1.      -0.       8.      -8.

  Table Total-          10.   Mean-         0.   Std. Dev.-        33.
                              Min -      -257.        Max -       309.
        bps_permits 49420            PAGE  19, SERIES bps_permits_addi

 E 7  Month-to-month differences in final trend cycle (D12)
  From  2004.Feb to 2026.Jun
  Observations        269
 -----------------------------------------------------------------------------
               Jan      Feb      Mar      Apr      May      Jun 
               Jul      Aug      Sep      Oct      Nov      Dec         AVGE  
 -----------------------------------------------------------------------------
  2004                    1.       1.       0.       0.      -0.
                -0.      -1.      -2.      -2.      -3.      -3.           -1.
 
  2005          -3.      -3.      -2.      -1.      -1.      -0.
                 0.       0.       0.       0.      -0.      -1.           -1.
 
  2006          -1.      -2.      -2.      -2.      -2.      -2.
                -1.      -1.      -0.       0.       1.       1.           -1.
 
  2007           2.       1.       1.       0.      -0.      -1.
                -1.      -2.      -1.      -1.      -1.      -0.           -0.
 
  2008          -0.       0.       1.       1.       1.       0.
                 0.      -0.      -1.      -1.      -2.      -2.           -0.
 
  2009          -2.      -2.      -1.      -1.      -1.      -0.
                 0.       1.       1.       0.       0.       0.           -0.
 
  2010          -0.      -0.      -0.      -0.      -0.      -0.
                -0.      -0.       0.       0.       0.       0.           -0.
 
  2011           0.       0.       0.       0.      -0.      -0.
                -0.      -1.      -1.      -1.      -1.      -1.           -0.
 
  2012          -0.      -0.      -0.       0.       0.       1.
                 1.       1.       1.       1.       0.      -0.            0.
 
  2013          -1.      -1.      -1.      -1.      -1.      -0.
                 0.       0.       1.       1.       1.       1.            0.
 
  2014           1.       0.      -0.      -1.      -1.      -1.
                -1.      -0.       0.       1.       1.       2.            0.
 
  2015           2.       3.       3.       2.       2.       1.
                 0.      -0.      -1.      -1.      -1.      -1.            1.
 
  2016          -0.       0.       1.       1.       1.       1.
                 1.       0.      -0.      -1.      -1.      -1.            0.
 
  2017          -1.      -1.      -0.       0.       1.       1.
                 2.       2.       2.       2.       1.       1.            1.
 
  2018           0.       0.       0.      -0.      -0.       0.
                 1.       2.       3.       3.       4.       4.            1.
 
  2019           4.       4.       3.       1.       0.      -1.
                -2.      -4.      -4.      -5.      -5.      -4.           -1.
 
  2020          -4.      -2.      -1.       0.       2.       4.
                 5.       6.       6.       5.       4.       2.            2.
 
  2021           0.      -1.      -2.      -3.      -3.      -3.
                -2.      -0.       1.       3.       4.       5.           -0.
 
  2022           4.       4.       2.       1.      -1.      -3.
                -4.      -5.      -5.      -5.      -5.      -3.           -2.
 
  2023          -2.      -0.       1.       2.       2.       1.
                 1.      -0.      -1.      -2.      -3.      -3.           -0.
 
  2024          -3.      -3.      -2.      -1.       0.       1.
                 2.       3.       3.       3.       3.       2.            1.
 
  2025           2.       1.       1.       0.       0.      -0.
                -0.      -1.      -0.      -0.       0.       1.            0.
 
  2026           1.       1.       1.       1.       1.       1.
                                                                            1.
 
  AVGE          -0.       0.       0.      -0.       0.       0.
                 0.       0.       0.      -0.      -0.      -0.

  Table Total-           0.   Mean-         0.   Std. Dev.-         2.
                              Min -        -5.        Max -         6.
        bps_permits 49420            PAGE  20, SERIES bps_permits_addi

 E 8  Month-to-month differences in original series adjusted for calendar factors (A18)
  From  2004.Feb to 2026.Jun
  Observations        269
 -----------------------------------------------------------------------------
               Jan      Feb      Mar      Apr      May      Jun 
               Jul      Aug      Sep      Oct      Nov      Dec         AVGE  
 -----------------------------------------------------------------------------
  2004                    9.      23.      -3.      19.      -5.
               -20.     -23.      42.      -5.     -33.      10.            1.
 
  2005         -22.      -6.      30.     -14.      -3.      10.
                -5.       5.       4.      -9.     -14.      -6.           -2.
 
  2006           2.      -3.      23.       6.     -10.      -4.
               -10.       3.      -7.      -1.      -1.       0.           -0.
 
  2007           2.       0.      23.       1.     -10.      15.
               -20.       6.     -12.      -7.      -4.      14.            1.
 
  2008         -12.       0.      22.     -24.      15.     -11.
                29.      -5.     -18.       3.     -11.      -2.           -1.
 
  2009          -3.      -1.       4.       7.      -5.       2.
                 5.     -10.      -1.       9.     -12.       0.           -0.
 
  2010           6.      -5.       9.      -3.       2.       2.
                -5.       4.      -4.      -2.      -4.       0.            0.
 
  2011          -1.       5.       8.       6.     -15.       7.
                 4.      -6.      -1.      -2.      -8.       3.           -0.
 
  2012           2.      -3.       3.       4.       6.     -11.
                 4.       9.     -13.       7.       3.      -3.            1.
 
  2013          -8.       3.      25.     -34.       5.       9.
                -4.       7.      -8.       1.      -1.       2.           -0.
 
  2014          -8.       7.      -9.      21.      -7.       9.
               -11.      -2.      -3.       0.       2.      -3.           -0.
 
  2015          10.      -4.      23.     -13.       6.      -2.
                12.     -10.       8.      -5.     -18.       1.            1.
 
  2016          -7.       7.      26.     -25.      24.      -7.
                -6.       7.     -17.      23.     -15.      -8.            0.
 
  2017          -2.      -1.      -4.      28.      -8.       3.
                -9.       3.       4.      -4.      15.      -7.            1.
 
  2018         -13.       9.      30.     -37.      10.       0.
                -5.      27.     -36.      37.     -15.     -19.           -1.
 
  2019          15.     -28.     319.    -265.     -17.      -2.
                58.     -55.      -9.      -6.      19.       2.            3.
 
  2020         -15.      -2.     -23.       9.      19.      -5.
                 6.      -4.      19.       8.       4.     -33.           -1.
 
  2021          54.     -21.       2.       2.     -35.       9.
                 9.      -3.      -6.       3.     195.    -212.           -0.
 
  2022          -9.      24.      39.      15.     -19.      15.
               -47.      20.      -9.     -33.      73.     -86.           -1.
 
  2023          22.     -17.      42.     -25.      15.       9.
               -23.      62.     -23.     -34.     -12.     -16.            0.
 
  2024          -9.      31.       7.     -17.      16.     -23.
                11.      15.      -6.       8.     -19.       6.            2.
 
  2025          68.     -67.       6.      29.      -7.     -14.
               -14.      16.      14.       2.     -44.       5.           -1.
 
  2026           6.       8.       9.      -2.      38.     -30.
                                                                            5.
 
  AVGE           4.      -2.      28.     -14.       2.      -1.
                -2.       3.      -4.      -0.       5.     -16.

  Table Total-          28.   Mean-         0.   Std. Dev.-        36.
                              Min -      -265.        Max -       319.
        bps_permits 49420            PAGE  21, SERIES bps_permits_addi

 E 18  Final adjustment ratios
  From  2004.Jan to 2026.Jun
  Observations        270
 -----------------------------------------------------------------------------
               Jan      Feb      Mar      Apr      May      Jun 
               Jul      Aug      Sep      Oct      Nov      Dec         AVGE  
 -----------------------------------------------------------------------------
  2004       68.020   73.925  127.263  109.908  106.051  119.289
            101.893  123.339  104.093   97.523   79.555   87.860        99.893
 
  2005       63.767   58.399   99.145  174.457  115.126  137.954
            102.800  117.059  104.825   95.206   71.812   74.200       101.229
 
  2006       61.619   57.690  171.901   94.455  112.422  150.225
            108.408  131.760  106.207   91.008   62.679   68.979       101.446
 
  2007       62.551   61.028  126.684  130.295  114.039  123.772
            108.768  119.317   97.686   91.314   53.431   76.967        97.154
 
  2008       58.763   56.286   85.975 1108.322  113.328  197.162
            107.492  113.334   94.035   96.528   61.726   61.792       179.562
 
  2009       55.084   49.281  327.173  119.509  124.636  163.789
            119.645  174.401   82.340   98.738   46.911   52.552       117.838
 
  2010       68.669   55.542   79.459  260.237  109.341  135.318
            143.564  136.193   87.673  104.622   51.122   56.756       107.375
 
  2011       49.259   68.187  211.763   63.126  113.598  135.169
            118.523  148.637   86.504  100.750   30.902   54.982        98.450
 
  2012       57.069   48.512  318.426  155.674  102.404  285.714
            144.223  127.196   78.900   97.992   78.441   75.576       130.844
 
  2013       45.010   63.311   83.024 -433.596  144.144  143.380
            138.332  132.008   80.686  105.688   68.603   69.530        53.343
 
  2014       29.375   64.462 -168.949   50.843  124.778  125.447
            131.169  156.696   75.056  126.664   71.259   52.601        69.950
 
  2015       64.705   65.389  115.331  127.318  117.679  123.920
            105.056  116.722   90.422  109.997   82.802   67.314        98.888
 
  2016       44.335   72.921   99.762  172.982  114.512  111.825
            112.587  111.516   76.717  107.573   94.254   68.686        98.973
 
  2017       60.614   81.263 ********   68.763  126.599  104.507
            118.950  112.114   80.647  113.427  100.808   77.124       -37.239
 
  2018       74.213   98.755   99.680  144.266  116.373   96.138
            120.749  102.139   73.030  102.373  109.740   65.575       100.253
 
  2019       90.869  103.998  106.717   84.275  107.110   97.406
            103.817  101.852   84.696   97.093  115.320   75.738        97.408
 
  2020      100.065   97.890  567.989   92.200  103.504   99.772
            107.050  102.224   95.140   93.964  113.890   64.293       136.498
 
  2021      100.530   95.230  105.907  116.328  106.571  105.607
             99.534  105.084  104.175   91.312  102.964   59.659        99.408
 
  2022       97.519   88.406  126.935   95.073  104.659  104.358
             93.909  106.995  113.729   89.793  103.196   41.006        97.131
 
  2023       88.227   69.638  117.618  121.816  118.175  109.785
             86.178  107.374  114.035   98.349   95.325   43.662        97.515
 
  2024       46.188   79.011   94.144  181.240  136.397  129.814
             83.143  118.800  135.657  104.646   82.788   66.197       104.835
 
  2025       88.754   80.558  153.289   91.397  133.696  108.289
             85.800  115.439  118.622  107.180   72.587   64.583       101.683
 
  2026       72.565   84.276  103.613  122.018  123.470  103.943
                                                                       101.647
 
  AVGE       67.294   72.781   72.224  141.344  116.896  130.982
            110.981  121.827   94.767  100.988   79.551   64.801

  Table Total-       26439.   Mean-        98.   Std. Dev.-       129.
                              Min -     -1492.        Max -      1108.

 E 18.A  Final adjustment ratio forecasts
  From  2026.Jul to 2027.Jun
  Observations         12
 -----------------------------------------------------------------------------
               Jan      Feb      Mar      Apr      May      Jun 
               Jul      Aug      Sep      Oct      Nov      Dec         AVGE  
 -----------------------------------------------------------------------------
  2026                                                          
             91.056  113.354  122.715  115.297   83.220   72.669        99.719
 
  2027       76.456   83.809   90.926  135.199  145.235  103.358
                                                                       105.830
 

  QS statistic for seasonality:
  Original Series                                     5.85  (P-Value =     0.0538)
  Original Series (EV adj)                            6.88  (P-Value =     0.0321)
  Residuals                                           0.00  (P-Value =     1.0000)
  Seasonally Adjusted Series                          0.09  (P-Value =     0.9558)
  Seasonally Adjusted Series (EV adj)                 0.00  (P-Value =     1.0000)
  Irregular Series                                    0.00  (P-Value =     1.0000)
  Irregular Series (EV adj)                           0.00  (P-Value =     1.0000)

  QS statistic for seasonality (starting 2018.Jul):
  Original Series                                     1.78  (P-Value =     0.4105)
  Original Series (EV adj)                            1.83  (P-Value =     0.3996)
  Residuals                                           0.00  (P-Value =     1.0000)
  Seasonally Adjusted Series                          0.01  (P-Value =     0.9957)
  Seasonally Adjusted Series (EV adj)                 0.00  (P-Value =     1.0000)
  Irregular Series                                    0.00  (P-Value =     1.0000)
  Irregular Series (EV adj)                           0.00  (P-Value =     1.0000)


 WARNING: Series should not be a candidate for seasonal adjustment
          because the spectrum of the prior adjusted series (Table B1)
          has no visually significant seasonal peaks.

          If this is a component series of an indirectly adjusted
          composite series, consider using type = trend or type = summary
          in the x11 spec.
        bps_permits 49420            PAGE  22, SERIES bps_permits_addi
 G 0  10*LOG(SPECTRUM) of the differenced Prior Adjusted Series
      (Table B1).  Spectrum estimated from 2018.Jul to 2026.Jun.
 ++++++++++I+++++++++++++++++++++++++++++++++++++++++++++++++++++++++++++I
      41.03I                                                   *         I     41.03
           I                                                   *        SI
           I                                                   *T       SI
           I                                                  S*T       SI
      38.79I                                                  S*T*     *SI     38.79
           I                                                  S*T**    *SI
           I                                      **         *S*T***   *SI
           I                              S   *   **        **S*T***   *SI
      36.55I                          **  S*  *   **    *   **S*T**** **SI     36.55
           I                          ****S* **   **    *   **S*T**** **SI
           I                          ****S*****  **   **  ***S*T*******SI
           I                          ****S*****  **   *******S*T*******SI
      34.32I                     *   *****S***** ***   *******S*T*******SI     34.32
           I                     *   *****S*********S  *******S*T*******SI
           I                     **  *****S*********S  *******S*T*******SI
           I                *    ** ******S*********S T*******S*T*******SI
      32.08I                *    *********S*********S*T*******S*T*******SI     32.08
           I                *   S*********S*********S*T*******S*T*******SI
           I                *   S*********S*********S*T*******S*T*******SI
           I                *   S*********S*********S*T*******S*T*******SI
      29.84I                **  S*********S*********S*T*******S*T*******SI     29.84
           I                **  S*********S*********S*T*******S*T*******SI
           I                **  S*********S*********S*T*******S*T*******SI
           I            *  *** *S*********S*********S*T*******S*T*******SI
      27.61I            *  *****S*********S*********S*T*******S*T*******SI     27.61
           I            *  *****S*********S*********S*T*******S*T*******SI
           I            *  *****S*********S*********S*T*******S*T*******SI
           I            ** *****S*********S*********S*T*******S*T*******SI
      25.37I           *********S*********S*********S*T*******S*T*******SI     25.37
           I       *   *********S*********S*********S*T*******S*T*******SI
           I      **   *********S*********S*********S*T*******S*T*******SI
           I      **   *********S*********S*********S*T*******S*T*******SI
      23.13I      **   *********S*********S*********S*T*******S*T*******SI     23.13
           I      ***  *********S*********S*********S*T*******S*T*******SI
           I      *** S*********S*********S*********S*T*******S*T*******SI
           I     **** S*********S*********S*********S*T*******S*T*******SI
      20.89I     *****S*********S*********S*********S*T*******S*T*******SI     20.89
           I     *****S*********S*********S*********S*T*******S*T*******SI
           I    ******S*********S*********S*********S*T*******S*T*******SI
           I    ******S*********S*********S*********S*T*******S*T*******SI
      18.66I    ******S*********S*********S*********S*T*******S*T*******SI     18.66
           I    ******S*********S*********S*********S*T*******S*T*******SI
           I   *******S*********S*********S*********S*T*******S*T*******SI
           I   *******S*********S*********S*********S*T*******S*T*******SI
      16.42I   *******S*********S*********S*********S*T*******S*T*******SI     16.42
           I   *******S*********S*********S*********S*T*******S*T*******SI
           I   *******S*********S*********S*********S*T*******S*T*******SI
           I   *******S*********S*********S*********S*T*******S*T*******SI
      14.18I  ********S*********S*********S*********S*T*******S*T*******SI     14.18
           I  ********S*********S*********S*********S*T*******S*T*******SI
           I  ********S*********S*********S*********S*T*******S*T*******SI
           I *********S*********S*********S*********S*T*******S*T*******SI
      11.95I**********S*********S*********S*********S*T*******S*T*******SI     11.95
 ++++++++++I+++++++++++++++++++++++++++++++++++++++++++++++++++++++++++++I
            S=SEASONAL FREQUENCIES, T=TRADING DAY FREQUENCIES
        bps_permits 49420            PAGE  23, SERIES bps_permits_addi
 G 1  10*LOG(SPECTRUM) of the differenced seasonally adjusted 
      data (Table E2).  Spectrum estimated from 2018.Jul to 2026.Jun.
 ++++++++++I+++++++++++++++++++++++++++++++++++++++++++++++++++++++++++++I
      32.91I                                                    T        I     32.91
           I                                                    T        I
           I                                                    T        I
           I                                                    T        I
      31.22I                                                    T        I     31.22
           I                                                    T*       I
           I                                                    T*       I
           I                                                    T*       I
      29.53I                          *               T*        T*       I     29.53
           I                          *               T*        T*       I
           I                         **               T***      T*       I
           I                         **               T*** *    T*       I
      27.84I                         **               T*****    T*       I     27.84
           I                         **               T******   T*       I
           I                         **               T******  *T*       I
           I                         **              *T******  *T*   *   I
      26.15I                         ***             *T******  *T*  **   I     26.15
           I                        ****             *T******* *T*  **   I
           I                        ****             *T*******S*T** **   I
           I       *                ****             *T*******S*T*****   I
      24.46I       *                ****         *   *T*******S*T*****   I     24.46
           I       *               *****     *   ** S*T*******S*T******  I
           I       *              ******     *   ** S*T*******S*T******  I
           I       *              ******     *   ** S*T*******S*T******  I
      22.77I       *              ******    **   ***S*T*******S*T******  I     22.77
           I       *        *     *******   **  ****S*T*******S*T******  I
           I       *        *     *******   **  ****S*T*******S*T******* I
           I       **       **    *******   **  ****S*T*******S*T*******SI
      21.08I       **       **    *******   *** ****S*T*******S*T*******SI     21.08
           I       **       **   ********   ********S*T*******S*T*******SI
           I       **       **   ********   ********S*T*******S*T*******SI
           I       **       **   ********  *********S*T*******S*T*******SI
      19.39I       **       **   ********* *********S*T*******S*T*******SI     19.39
           I       **       **   ********* *********S*T*******S*T*******SI
           I       **       **   *********S*********S*T*******S*T*******SI
           I      ***       **   *********S*********S*T*******S*T*******SI
      17.70I      ***       **   *********S*********S*T*******S*T*******SI     17.70
           I      ***      **** S*********S*********S*T*******S*T*******SI
           I      ***      **** S*********S*********S*T*******S*T*******SI
           I      ***      *****S*********S*********S*T*******S*T*******SI
      16.01I      ***      *****S*********S*********S*T*******S*T*******SI     16.01
           I     ****      *****S*********S*********S*T*******S*T*******SI
           I    *****      *****S*********S*********S*T*******S*T*******SI
           I    ******    ******S*********S*********S*T*******S*T*******SI
      14.31I    ******    ******S*********S*********S*T*******S*T*******SI     14.31
           I   *******    ******S*********S*********S*T*******S*T*******SI
           I   *******    ******S*********S*********S*T*******S*T*******SI
           I   *******   *******S*********S*********S*T*******S*T*******SI
      12.62I   *******   *******S*********S*********S*T*******S*T*******SI     12.62
           I  ********   *******S*********S*********S*T*******S*T*******SI
           I  ********S ********S*********S*********S*T*******S*T*******SI
           I  ********S ********S*********S*********S*T*******S*T*******SI
      10.93I**********S*********S*********S*********S*T*******S*T*******SI     10.93
 ++++++++++I+++++++++++++++++++++++++++++++++++++++++++++++++++++++++++++I
            S=SEASONAL FREQUENCIES, T=TRADING DAY FREQUENCIES
        bps_permits 49420            PAGE  24, SERIES bps_permits_addi
 G 2  10*LOG(SPECTRUM) of the Modified Irregular (Table E3).  
      Spectrum estimated from 2018.Jul to 2026.Jun.
 ++++++++++I+++++++++++++++++++++++++++++++++++++++++++++++++++++++++++++I
      28.11I                          *                                  I     28.11
           I                          *                                  I
           I                          *                                  I
           I                          *                                  I
      26.60I        *                **                         T        I     26.60
           I        *                **                         T        I
           I        *                **                         T        I
           I        *                **                         T*       I
      25.09I        *                **                         T*       I     25.09
           I        *               ***                *        T*       I
           I        *       *       ***               T*        T*       I
           I        *       *       ****              T*        T*       I
      23.58I        *       *       ****              T*        T*       I     23.58
           I        *       **      ****              T** **    T*       I
           I        *       **     *****              T*****    T*       I
           I        *       **     *****              T*****    T*       I
      22.07I        *       **     *****              T*****    T*       I     22.07
           I        *       **     *****              T*****    T*       I
           I        *       **    ******             *T******  *T*       I
           I        *       **    ******             *T******  *T*       I
      20.56I        *       **    ******             *T******  *T*   *   I     20.56
           I        *       **    ******             *T******  *T** **   I
           I        *       **   *******         *   *T******* *T** **   I
           I        *       **   *******     *   *  S*T*******S*T** **   I
      19.06I        *      ***   ********   **   ** S*T*******S*T*****   I     19.06
           I        *      ***   ********   **   ***S*T*******S*T******  I
           I       **      ****  ********   **  ****S*T*******S*T******  I
           I       **      **** S********   **  ****S*T*******S*T******  I
      17.55I       **      **** S********   *** ****S*T*******S*T******  I     17.55
           I       **     ******S********   ********S*T*******S*T******  I
           I       ***   *******S********   ********S*T*******S*T******  I
           I       ***   *******S********  *********S*T*******S*T******* I
      16.04I       ***   *******S********* *********S*T*******S*T******* I     16.04
           I       ***  ********S********* *********S*T*******S*T*******SI
           I       ***  ********S*********S*********S*T*******S*T*******SI
           I       ***  ********S*********S*********S*T*******S*T*******SI
      14.53I       ***  ********S*********S*********S*T*******S*T*******SI     14.53
           I       *** *********S*********S*********S*T*******S*T*******SI
           I       ***S*********S*********S*********S*T*******S*T*******SI
           I   *   ***S*********S*********S*********S*T*******S*T*******SI
      13.02I   *  ****S*********S*********S*********S*T*******S*T*******SI     13.02
           I   *  ****S*********S*********S*********S*T*******S*T*******SI
           I   ** ****S*********S*********S*********S*T*******S*T*******SI
           I   ** ****S*********S*********S*********S*T*******S*T*******SI
      11.51I  ********S*********S*********S*********S*T*******S*T*******SI     11.51
           I  ********S*********S*********S*********S*T*******S*T*******SI
           I  ********S*********S*********S*********S*T*******S*T*******SI
           I  ********S*********S*********S*********S*T*******S*T*******SI
      10.00I  ********S*********S*********S*********S*T*******S*T*******SI     10.00
           I  ********S*********S*********S*********S*T*******S*T*******SI
           I *********S*********S*********S*********S*T*******S*T*******SI
           I *********S*********S*********S*********S*T*******S*T*******SI
       8.49I**********S*********S*********S*********S*T*******S*T*******SI      8.49
 ++++++++++I+++++++++++++++++++++++++++++++++++++++++++++++++++++++++++++I
            S=SEASONAL FREQUENCIES, T=TRADING DAY FREQUENCIES
        bps_permits 49420            PAGE  25, SERIES bps_permits_addi

  Peak probabilities for Tukey spectrum estimator
  Spectrum estimated from 2018.Jul to 2026.Jun.

                                          S1       S2       S3       S4       S5       S6       TD
                                        ------   ------   ------   ------   ------   ------   ------
  Model Residuals                        0.752    0.836    0.908*   0.924*   0.960*   0.983*   0.079  
  Prior Adjusted Series (Table B1)       0.631    0.674    0.845    0.052    0.332    0.908*   0.161  
  Seasonally adjusted series (E2)        0.031    0.211    0.223    0.037    0.014    0.295    0.621  
  Modified Irregular (E3)                0.051    0.239    0.244    0.029    0.011    0.317    0.640  
  ----------
     ** - Peak Probability > 0.99,
      * - 0.90 < Peak Probability < 0.99


