  Reading input spec file from D:\Programming\Dynamic Paper-dlrhcs_replication\outputs\empirical\unemployment\raw_sa_pilot\x13_work\bps_permits_additive_level_13020_200401_202606.spc

1

               U. S. Department of Commerce, U. S. Census Bureau

              X-13ARIMA-SEATS monthly seasonal adjustment Method,
                          Release Version 1.1 Build 62


           This software application provides an enhanced version of
             Statistics Canada's X-11-ARIMA extension (Dagum, 1980)
                 of the X-11 variant of the Census Method II of
                      Shiskin, Young and Musgrave (1967).

            It also provides an ARIMA model-based method following
       Hillmer and Tiao (1982) and Burman (1980) that is very similar
       to the update of the method of SEATS (Gomez and Maravall, 1996)
                produced at the Bank of Spain by G. Caporello and
               A. Maravall for TSW (Caporello and Maravall, 2004).
          The present application includes additional enhancements.

         X-13ARIMA-SEATS includes an automatic ARIMA model selection procedure
          based largely on the procedure of Gomez and Maravall (1998)
            as implemented in TRAMO (1996) and subsequent revisions.

              Primary Programmers: Brian Monsell, Mark Otto and,
                 for the ARIMA model-based signal extraction,
                      Gianluca Caporello and Victor Gomez


     Series Title- bps_permits 13020
     Series Name- bps_permits_addi
     Jul 29, 2026  08.22.58 

        -Period covered-  1st month,2004 to  6th month,2026
        -Type of run - additive seasonal adjustment

        -Sigma limits for graduating extreme values are  1.5 and  2.5 .
        -3x3 moving average used in section 1 of each iteration, 
         3x5 moving average in section 2 of iterations B and C,
         moving average for final seasonal factors chosen by Global MSR.
        -Holiday adjustment factors applied directly to the final seasonally adjusted series
        -Spectral plots generated for selected series
        -Spectral plots generated for series starting in 2018.Jul

 FILE SAVE REQUESTS (* indicates file exists and will be overwritten)
  D:\Programming\Dynamic Paper-dlrhcs_replication\outputs\empirical\unemployment\raw_sa_pilot\x13_work\bps_permits_additive_level_13020_200401_202606.d10  final seasonal factors
  D:\Programming\Dynamic Paper-dlrhcs_replication\outputs\empirical\unemployment\raw_sa_pilot\x13_work\bps_permits_additive_level_13020_200401_202606.d11  final seasonally adjusted data
  D:\Programming\Dynamic Paper-dlrhcs_replication\outputs\empirical\unemployment\raw_sa_pilot\x13_work\bps_permits_additive_level_13020_200401_202606.out  program output file
  D:\Programming\Dynamic Paper-dlrhcs_replication\outputs\empirical\unemployment\raw_sa_pilot\x13_work\bps_permits_additive_level_13020_200401_202606.err  program error file
        bps_permits 13020            PAGE   1, SERIES bps_permits_addi

     Contents of spc file D:\Programming\Dynamic Paper-dlrhcs_replication\outputs\empirical\unemployment\raw_sa_pilot\x13_work\bps_permits_additive_level_13020_200401_202606.spc

 Line #
 ------
      1: series {
      2:   title = "bps_permits 13020"
      3:   start = 2004.1
      4:   period = 12
      5:   data = (
      6: 6
      7: 8
      8: 12
      9: 7
     10: 8
     11: 17
     12: 13
     13: 5
     14: 8
     15: 12
     16: 9
     17: 4
     18: 1
     19: 7
     20: 3
     21: 6
     22: 3
     23: 7
     24: 9
     25: 7
     26: 6
     27: 4
     28: 2
     29: 4
     30: 4
     31: 2
     32: 3
     33: 1
     34: 7
     35: 7
     36: 4
     37: 4
     38: 3
     39: 1
     40: 8
     41: 0
     42: 3
     43: 1
     44: 4
     45: 4
     46: 3
     47: 4
     48: 3
     49: 3
     50: 2
     51: 2
     52: 2
     53: 1
     54: 1
     55: 1
     56: 1
     57: 3
     58: 3
     59: 2
     60: 3
     61: 2
     62: 1
     63: 1
     64: 0
     65: 1
     66: 1
     67: 0
     68: 2
     69: 1
     70: 1
     71: 1
     72: 6
     73: 6
     74: 4
     75: 0
     76: 2
     77: 1
     78: 0
     79: 4
     80: 0
     81: 3
     82: 2
     83: 0
     84: 1
     85: 0
     86: 1
     87: 1
     88: 0
     89: 0
     90: 0
     91: 0
     92: 0
     93: 0
     94: 1
     95: 1
     96: 0
     97: 3
     98: 0
     99: 2
    100: 1
    101: 0
    102: 0
    103: 1
    104: 1
    105: 0
    106: 1
    107: 1
    108: 1
    109: 1
    110: 1
    111: 1
    112: 1
    113: 1
    114: 1
    115: 1
    116: 0
    117: 1
    118: 0
    119: 1
    120: 1
    121: 1
    122: 1
    123: 1
    124: 1
    125: 1
    126: 0
    127: 1
    128: 0
    129: 1
    130: 0
    131: 0
    132: 2
    133: 1
    134: 1
    135: 2
    136: 1
    137: 0
    138: 0
    139: 0
    140: 0
    141: 1
    142: 0
    143: 0
    144: 3
    145: 5
    146: 0
    147: 0
    148: 0
    149: 0
    150: 0
    151: 0
    152: 0
    153: 0
    154: 0
    155: 0
    156: 0
    157: 0
    158: 12
    159: 1
    160: 0
    161: 0
    162: 1
    163: 0
    164: 1
    165: 2
    166: 0
    167: 2
    168: 0
    169: 0
    170: 1
    171: 0
    172: 0
    173: 2
    174: 0
    175: 0
    176: 2
    177: 2
    178: 11
    179: 1
    180: 1
    181: 1
    182: 0
    183: 0
    184: 0
    185: 0
    186: 0
    187: 0
    188: 0
    189: 0
    190: 1
    191: 0
    192: 1
    193: 1
    194: 3
    195: 1
    196: 1
    197: 8
    198: 0
    199: 0
    200: 0
    201: 1
    202: 0
    203: 0
    204: 2
    205: 0
    206: 2
    207: 1
    208: 2
    209: 1
    210: 1
    211: 1
    212: 1
    213: 1
    214: 2
    215: 0
    216: 1
    217: 1
    218: 2
    219: 0
    220: 1
    221: 0
    222: 2
    223: 6
    224: 6
    225: 4
    226: 7
    227: 8
    228: 7
    229: 7
    230: 4
    231: 7
    232: 5
    233: 1
    234: 2
    235: 2
    236: 3
    237: 4
    238: 4
    239: 5
    240: 3
    241: 5
    242: 5
    243: 5
    244: 3
    245: 2
    246: 2
    247: 5
    248: 5
    249: 3
    250: 8
    251: 4
    252: 4
    253: 2
    254: 4
    255: 2
    256: 4
    257: 0
    258: 2
    259: 2
    260: 1
    261: 5
    262: 5
    263: 2
    264: 7
    265: 4
    266: 1
    267: 1
    268: 3
    269: 2
    270: 4
    271: 5
    272: 4
    273: 8
    274: 5
    275: 2
    276:   )
    277: }
    278: transform { function = none }
    279: regression { aictest = (td easter) }
    280: automdl {}
    281: x11 { mode = add save = (d10 d11) }
        bps_permits 13020            PAGE   2, SERIES bps_permits_addi

 A 1  Time series data (for the span analyzed)
  From  2004.Jan to 2026.Jun
  Observations        270
 -----------------------------------------------------------------------------
               Jan      Feb      Mar      Apr      May      Jun 
               Jul      Aug      Sep      Oct      Nov      Dec        TOTAL  
 -----------------------------------------------------------------------------
  2004           6.       8.      12.       7.       8.      17.
                13.       5.       8.      12.       9.       4.          109.
 
  2005           1.       7.       3.       6.       3.       7.
                 9.       7.       6.       4.       2.       4.           59.
 
  2006           4.       2.       3.       1.       7.       7.
                 4.       4.       3.       1.       8.       0.           44.
 
  2007           3.       1.       4.       4.       3.       4.
                 3.       3.       2.       2.       2.       1.           32.
 
  2008           1.       1.       1.       3.       3.       2.
                 3.       2.       1.       1.       0.       1.           19.
 
  2009           1.       0.       2.       1.       1.       1.
                 6.       6.       4.       0.       2.       1.           25.
 
  2010           0.       4.       0.       3.       2.       0.
                 1.       0.       1.       1.       0.       0.           12.
 
  2011           0.       0.       0.       0.       1.       1.
                 0.       3.       0.       2.       1.       0.            8.
 
  2012           0.       1.       1.       0.       1.       1.
                 1.       1.       1.       1.       1.       1.           10.
 
  2013           1.       1.       0.       1.       0.       1.
                 1.       1.       1.       1.       1.       1.           10.
 
  2014           0.       1.       0.       1.       0.       0.
                 2.       1.       1.       2.       1.       0.            9.
 
  2015           0.       0.       0.       1.       0.       0.
                 3.       5.       0.       0.       0.       0.            9.
 
  2016           0.       0.       0.       0.       0.       0.
                 0.       0.      12.       1.       0.       0.           13.
 
  2017           1.       0.       1.       2.       0.       2.
                 0.       0.       1.       0.       0.       2.            9.
 
  2018           0.       0.       2.       2.      11.       1.
                 1.       1.       0.       0.       0.       0.           18.
 
  2019           0.       0.       0.       0.       1.       0.
                 1.       1.       3.       1.       1.       8.           16.
 
  2020           0.       0.       0.       1.       0.       0.
                 2.       0.       2.       1.       2.       1.            9.
 
  2021           1.       1.       1.       1.       2.       0.
                 1.       1.       2.       0.       1.       0.           11.
 
  2022           2.       6.       6.       4.       7.       8.
                 7.       7.       4.       7.       5.       1.           64.
 
  2023           2.       2.       3.       4.       4.       5.
                 3.       5.       5.       5.       3.       2.           43.
 
  2024           2.       5.       5.       3.       8.       4.
                 4.       2.       4.       2.       4.       0.           43.
 
  2025           2.       2.       1.       5.       5.       2.
                 7.       4.       1.       1.       3.       2.           35.
 
  2026           4.       5.       4.       8.       5.       2.
                                                                           28.
 
  AVGE           1.       2.       2.       3.       3.       3.
                 3.       3.       3.       2.       2.       1.

  Table Total-         635.   Mean-         2.   Std. Dev.-         3.
                              Min -         0.        Max -        17.
        bps_permits 13020            PAGE   3, SERIES bps_permits_addi
                        Automatic ARIMA Model Selection

                    Procedure based closely on TRAMO method 
                         of Gomez and Maravall (2000)
              "Automatic Modeling Methods for Univariate Series",
                            A Course in Time Series
                  (Edited by D. Pena, G. C. Tiao, R. S. Tsay),
                         New York : J. Wiley and Sons


     Maximum order for regular ARMA parameters :   2
     Maximum order for seasonal ARMA parameters :   1
     Maximum order for regular differencing :   2
     Maximum order for seasonal differencing :   1

   Results of Unit Root Test for identifying orders of differencing:
     Regular difference order :   0
     Seasonal difference order :   0

  Automatic model choice : (1 0 1)
   Model changed to 
   ( 0, 1, 1) ( 0, 1, 1)


  Final Checks for Identified Model


  Checking for Unit Roots.
   No unit roots found.

  Checking for nonseasonal overdifferencing.
   Nonseasonal MA not within  0.001 of 1.0 - model passes test.

  Checking for insignificant ARMA coefficients.

  Final automatic model choice : (0 1 1)(0 1 1)
   End of automatic model selection procedure.

 Average absolute percentage error in within-sample forecasts:
  Last year:  46.71      Last-1 year:  68.84     Last-2 year:  34.76
  Last three years:   50.10

 Estimation converged in    2 ARMA iterations,   17 function evaluations.

 Regression Model
 ------------------------------------------------------------------------------
                             Parameter        Standard
 Variable                     Estimate           Error      t-value
 ------------------------------------------------------------------------------
 Constant                       0.0089         0.00383         2.31
 ------------------------------------------------------------------------------


 ARIMA Model:  (0 1 1)(0 1 1)
   Nonseasonal differences: 1
   Seasonal differences:    1
                                              Standard
 Parameter                    Estimate          Errors
 -----------------------------------------------------
 Nonseasonal MA                                    
   Lag  1                       0.8389         0.03286

 Seasonal MA                                       
   Lag 12                       0.9087         0.02898

 Variance                       0.43687E+01
 SE of Var                      0.38539E+00
 -----------------------------------------------------

 Likelihood Statistics
 ------------------------------------------------------------------
 Number of observations (nobs)                                  270
 Effective number of observations (nefobs)                      257
 Number of parameters estimated (np)                              4
 Log likelihood (L)                                       -565.2623
 AIC                                                      1138.5246 
 AICC (F-corrected-AIC)                                   1138.6833 
 Hannan Quinn                                             1144.2337 
 BIC                                                      1152.7209 
 ------------------------------------------------------------------

 QS Statistic for regARIMA Model Residuals (full series):             0.00
                                                       (P-Value =     1.0000)

 QS Statistic for regARIMA Model Residuals (starting 2018.Jul):       0.00
                                                       (P-Value =     1.0000)
      10*LOG(SPECTRUM) of the regARIMA model residuals
      Spectrum estimated from 2018.Jul to 2026.Jun.
 ++++++++++I+++++++++++++++++++++++++++++++++++++++++++++++++++++++++++++I
      11.62I       *                                                     I     11.62
           I       *                                                     I
           I       *                                                     I
           I       *                                                     I
      10.53I      **                                                     I     10.53
           I      **                                                     I
           I    * **                                                     I
           I    * **                                                     I
       9.43I    *****                                                    I      9.43
           I    *****                                                    I
           I   ******  *                                                 I
           I   ******  *                    *        *                   I
       8.34I   ******  *                    *        *                   I      8.34
           I   ******  *                    *        *                   I
           I   ****** S*                    *        *                   I
           I   *******S*                    *       S*                   I
       7.24I   *******S**                   *       S*               *   I      7.24
           I  ********S**                   *       S*               *   I
           I  ********S**                   *   *   S*               *   I
           I  ********S**                   *   *   S*           *   *   I
       6.15I  ********S**               *   *   *   S*          T*   *   I      6.15
           I *********S**              **  **   *   S*T**       T*   *   I
           I**********S**     *        **  **   *   S*T**       T*   *   I
           I**********S***    *        **  **   *   S*T**       T*   *   I
       5.05I**********S***    *        **  **   *   S*T**       T*   *   I      5.05
           I**********S****   *        **  **   **  S*T**       T*   *   I
           I**********S*****  *     *  **  **   **  S*T**       T*   *   I
           I**********S*****  *     *  **  **   **  S*T**       T*   *   I
       3.96I**********S***** **     ** **  **   **  S*T**       T*   *   I      3.96
           I**********S********     ** **  **   **  S*T**       T*   *   I
           I**********S********     *****  **   **  S*T**       T*   *   I
           I**********S*********    *****  **   ** *S*T**       T*   *   I
       2.86I**********S*********    ****** **   ** *S*T**   *   T*   **  I      2.86
           I**********S*********    ****** ***  ** *S*T**   *   T*   **  I
           I**********S*********    ******S*** *****S*T***  *   T*  ***  I
           I**********S*********    ******S*** *****S*T***  **  T*  ***  I
       1.77I**********S*********    ******S*** *****S*T***  ** *T*  ***  I      1.77
           I**********S*********    ******S*** *****S*T***  ** *T*  ***  I
           I**********S*********    ******S*** *****S*T*** *** *T*  ***  I
           I**********S*********    ******S*** *****S*T*** ***S*T** ***  I
       0.67I**********S*********   *******S*********S*T*******S*T** ***  I      0.67
           I**********S*********   *******S*********S*T*******S*T** ***  I
           I**********S*********   *******S*********S*T*******S*T******  I
           I**********S*********   *******S*********S*T*******S*T******  I
      -0.42I**********S*********   *******S*********S*T*******S*T******  I     -0.42
           I**********S*********   *******S*********S*T*******S*T******  I
           I**********S*********S  *******S*********S*T*******S*T******  I
           I**********S*********S  *******S*********S*T*******S*T******* I
      -1.52I**********S*********S  *******S*********S*T*******S*T******* I     -1.52
           I**********S*********S  *******S*********S*T*******S*T******* I
           I**********S*********S  *******S*********S*T*******S*T******* I
           I**********S*********S ********S*********S*T*******S*T*******SI
      -2.61I**********S*********S*********S*********S*T*******S*T*******SI     -2.61
 ++++++++++I+++++++++++++++++++++++++++++++++++++++++++++++++++++++++++++I
            S=SEASONAL FREQUENCIES, T=TRADING DAY FREQUENCIES


 FORECASTING
  Origin  2026.Jun
  Number        12

  Forecasts and Standard Errors
   ------------------------------
                         Standard
       Date   Forecast      Error
   ------------------------------
   2026.Jul       5.22      2.100
   2026.Aug       4.72      2.130
   2026.Sep       4.93      2.161
   2026.Oct       4.23      2.191
   2026.Nov       4.43      2.221
   2026.Dec       3.70      2.252
   2027.Jan       3.75      2.282
   2027.Feb       4.59      2.313
   2027.Mar       4.67      2.344
   2027.Apr       5.43      2.375
   2027.May       6.19      2.406
   2027.Jun       5.27      2.437
   ------------------------------

  Confidence intervals with coverage probability ( 0.95000
   ---------------------------------------
       Date      Lower  Forecast     Upper
   ---------------------------------------
   2026.Jul     1.1049    5.2208    9.3367
   2026.Aug     0.5461    4.7213    8.8965
   2026.Sep     0.7003    4.9350    9.1696
   2026.Oct    -0.0692    4.2250    8.5193
   2026.Nov     0.0754    4.4294    8.7835
   2026.Dec    -0.7166    3.6974    8.1114
   2027.Jan    -0.7268    3.7460    8.2188
   2027.Feb     0.0601    4.5933    9.1265
   2027.Mar     0.0745    4.6683    9.2621
   2027.Apr     0.7746    5.4291   10.0837
   2027.May     1.4732    6.1886   10.9041
   2027.Jun     0.4960    5.2724   10.0489
   ---------------------------------------
        bps_permits 13020            PAGE   4, SERIES bps_permits_addi

 B 1  Original series (prior adjusted)
  From  2004.Jan to 2026.Jun
  Observations        270
 -----------------------------------------------------------------------------
               Jan      Feb      Mar      Apr      May      Jun 
               Jul      Aug      Sep      Oct      Nov      Dec        TOTAL  
 -----------------------------------------------------------------------------
  2004           6.       8.      12.       7.       8.      17.
                13.       5.       8.      12.       9.       4.          109.
 
  2005           1.       7.       3.       6.       3.       7.
                 9.       7.       6.       4.       2.       4.           59.
 
  2006           4.       2.       3.       1.       7.       7.
                 4.       4.       3.       1.       8.       0.           44.
 
  2007           3.       1.       4.       4.       3.       4.
                 3.       3.       2.       2.       2.       1.           32.
 
  2008           1.       1.       1.       3.       3.       2.
                 3.       2.       1.       1.       0.       1.           19.
 
  2009           1.       0.       2.       1.       1.       1.
                 6.       6.       4.       0.       2.       1.           25.
 
  2010           0.       4.       0.       3.       2.       0.
                 1.       0.       1.       1.       0.       0.           12.
 
  2011           0.       0.       0.       0.       1.       1.
                 0.       3.       0.       2.       1.       0.            8.
 
  2012           0.       1.       1.       0.       1.       1.
                 1.       1.       1.       1.       1.       1.           10.
 
  2013           1.       1.       0.       1.       0.       1.
                 1.       1.       1.       1.       1.       1.           10.
 
  2014           0.       1.       0.       1.       0.       0.
                 2.       1.       1.       2.       1.       0.            9.
 
  2015           0.       0.       0.       1.       0.       0.
                 3.       5.       0.       0.       0.       0.            9.
 
  2016           0.       0.       0.       0.       0.       0.
                 0.       0.      12.       1.       0.       0.           13.
 
  2017           1.       0.       1.       2.       0.       2.
                 0.       0.       1.       0.       0.       2.            9.
 
  2018           0.       0.       2.       2.      11.       1.
                 1.       1.       0.       0.       0.       0.           18.
 
  2019           0.       0.       0.       0.       1.       0.
                 1.       1.       3.       1.       1.       8.           16.
 
  2020           0.       0.       0.       1.       0.       0.
                 2.       0.       2.       1.       2.       1.            9.
 
  2021           1.       1.       1.       1.       2.       0.
                 1.       1.       2.       0.       1.       0.           11.
 
  2022           2.       6.       6.       4.       7.       8.
                 7.       7.       4.       7.       5.       1.           64.
 
  2023           2.       2.       3.       4.       4.       5.
                 3.       5.       5.       5.       3.       2.           43.
 
  2024           2.       5.       5.       3.       8.       4.
                 4.       2.       4.       2.       4.       0.           43.
 
  2025           2.       2.       1.       5.       5.       2.
                 7.       4.       1.       1.       3.       2.           35.
 
  2026           4.       5.       4.       8.       5.       2.
                                                                           28.
 
  AVGE           1.       2.       2.       3.       3.       3.
                 3.       3.       3.       2.       2.       1.

  Table Total-         635.   Mean-         2.   Std. Dev.-         3.
                              Min -         0.        Max -        17.

 B 1.A  Forecasts of (prior adjusted) original series
  From  2026.Jul to 2027.Jun
  Observations         12
 -----------------------------------------------------------------------------
               Jan      Feb      Mar      Apr      May      Jun 
               Jul      Aug      Sep      Oct      Nov      Dec        TOTAL  
 -----------------------------------------------------------------------------
  2026                                                          
                 5.       5.       5.       4.       4.       4.           27.
 
  2027           4.       5.       5.       5.       6.       5.
                                                                           30.
 
        bps_permits 13020            PAGE   5, SERIES bps_permits_addi

 C 17  Final weights for irregular component
  From  2004.Jan to 2026.Jun
  Observations        270
  Lower sigma limit    1.50
  Upper sigma limit    2.50
 -----------------------------------------------------------------------------
               Jan      Feb      Mar      Apr      May      Jun 
               Jul      Aug      Sep      Oct      Nov      Dec         S.D.  
 -----------------------------------------------------------------------------
  2004          95.     100.      64.     100.     100.       0.
               100.       0.     100.       0.     100.     100.          139.
 
  2005           0.      75.      60.     100.     100.     100.
               100.     100.     100.     100.      41.     100.          139.
 
  2006         100.     100.     100.      96.       0.     100.
               100.     100.     100.     100.       0.     100.          139.
 
  2007         100.     100.     100.     100.     100.     100.
               100.     100.     100.     100.     100.     100.          136.
 
  2008         100.     100.     100.     100.     100.     100.
               100.     100.     100.     100.     100.     100.          111.
 
  2009         100.     100.     100.     100.      82.      49.
                 0.       0.     100.       0.     100.     100.           88.
 
  2010          80.       0.      55.      76.     100.     100.
               100.      80.     100.     100.     100.     100.           83.
 
  2011         100.     100.     100.     100.     100.     100.
               100.      62.     100.     100.     100.     100.           80.
 
  2012         100.     100.     100.     100.     100.     100.
               100.     100.     100.     100.     100.     100.           63.
 
  2013         100.     100.     100.     100.     100.     100.
               100.     100.     100.     100.     100.     100.           73.
 
  2014         100.     100.     100.     100.     100.     100.
               100.     100.     100.     100.     100.     100.           75.
 
  2015         100.     100.     100.     100.     100.     100.
                37.       0.      91.     100.     100.     100.           81.
 
  2016         100.     100.     100.     100.     100.     100.
                96.      69.       0.     100.     100.     100.           84.
 
  2017         100.     100.     100.     100.     100.      43.
               100.     100.     100.     100.     100.     100.           85.
 
  2018         100.     100.     100.     100.       0.     100.
               100.     100.      12.     100.     100.     100.           68.
 
  2019         100.     100.     100.     100.     100.     100.
               100.     100.     100.     100.     100.       0.           63.
 
  2020         100.     100.     100.     100.      98.     100.
               100.     100.     100.     100.     100.     100.           78.
 
  2021         100.     100.     100.     100.     100.     100.
               100.     100.     100.     100.     100.     100.           82.
 
  2022         100.      35.     100.      21.     100.     100.
               100.     100.       0.      34.     100.     100.           99.
 
  2023         100.     100.     100.     100.     100.     100.
               100.     100.     100.     100.     100.     100.          109.
 
  2024         100.     100.     100.      52.       8.     100.
               100.     100.     100.     100.     100.     100.          115.
 
  2025         100.     100.     100.     100.     100.     100.
                 0.     100.       0.     100.     100.     100.          111.
 
  2026         100.     100.     100.      48.     100.      83.
                                                                          111.
 
        bps_permits 13020            PAGE   6, SERIES bps_permits_addi

 D 8  Final unmodified SI ratios
  From  2004.Jan to 2026.Jun
  Observations        270
 -----------------------------------------------------------------------------
               Jan      Feb      Mar      Apr      May      Jun 
               Jul      Aug      Sep      Oct      Nov      Dec         AVGE  
 -----------------------------------------------------------------------------
  2004          -3.      -1.       3.      -2.      -1.       8.
                 4.      -4.      -0.       4.       2.      -3.            1.
 
  2005          -6.       1.      -3.       0.      -3.       2.
                 4.       2.       1.      -1.      -3.      -0.           -1.
 
  2006          -0.      -2.      -1.      -2.       4.       4.
                 1.       1.       0.      -2.       5.      -3.            1.
 
  2007           0.      -2.       1.       1.       0.       1.
                 0.       1.      -0.      -0.      -0.      -1.            0.
 
  2008          -1.      -1.      -1.       1.       1.       0.
                 1.       1.      -0.      -0.      -1.      -0.           -0.
 
  2009          -0.      -1.       1.      -1.      -1.      -1.
                 4.       4.       2.      -2.      -0.      -1.            0.
 
  2010          -2.       2.      -1.       2.       1.      -1.
                 0.      -1.       1.       1.      -0.      -0.            0.
 
  2011          -0.      -0.      -0.      -0.       0.       0.
                -1.       2.      -1.       1.       0.      -1.            0.
 
  2012          -1.       0.       0.      -1.       0.       0.
                 0.       0.       0.       0.       0.       0.           -0.
 
  2013           0.       0.      -1.       0.      -1.       0.
                 0.       0.       0.       0.       0.       0.            0.
 
  2014          -1.       0.      -1.       0.      -1.      -1.
                 1.       0.       0.       1.       0.      -1.           -0.
 
  2015          -1.      -1.      -1.       0.      -0.      -0.
                 3.       5.      -0.      -0.      -0.      -0.            0.
 
  2016          -0.      -0.      -0.      -0.      -0.      -0.
                -0.      -0.      12.       0.      -1.      -1.            1.
 
  2017           0.      -1.       0.       1.      -1.       2.
                -0.      -0.       1.      -1.      -1.       1.            0.
 
  2018          -1.      -1.       1.       1.      10.      -0.
                -0.       0.      -1.      -1.      -0.      -0.            1.
 
  2019          -0.      -0.      -0.      -0.       0.      -1.
                 0.       0.       2.      -0.       0.       7.            1.
 
  2020          -1.      -1.      -0.       1.      -0.      -0.
                 1.      -1.       1.      -0.       1.      -0.           -0.
 
  2021          -0.      -0.      -0.       0.       1.      -1.
                 1.       0.       1.      -1.      -1.      -3.           -0.
 
  2022          -1.       2.       1.      -2.       1.       2.
                 1.       1.      -2.       2.       0.      -3.            0.
 
  2023          -2.      -1.      -0.       1.       1.       2.
                -1.       1.       1.       1.      -1.      -2.           -0.
 
  2024          -2.       1.       1.      -1.       4.       0.
                 1.      -1.       1.      -1.       1.      -3.            0.
 
  2025          -1.      -1.      -2.       2.       2.      -1.
                 4.       1.      -2.      -2.      -1.      -2.           -0.
 
  2026           0.       1.      -0.       4.       1.      -2.
                                                                            0.
 
  AVGE          -1.      -0.      -0.       0.       1.       1.
                 1.       1.       1.      -0.       0.      -1.

  Table Total-          43.   Mean-         0.   Std. Dev.-         2.
                              Min -        -6.        Max -        12.
        bps_permits 13020            PAGE   7, SERIES bps_permits_addi

 D 8.B  Final unmodified SI ratios, with labels for outliers and extreme values
  From  2004.Jan to 2026.Jun
  Observations        270
 ---------------------------------------------------------------------
               Jan       Feb       Mar       Apr       May       Jun  
               Jul       Aug       Sep       Oct       Nov       Dec  
 ---------------------------------------------------------------------
  2004         -3.*      -1.        3.*      -2.       -1.        8.* 
                4.       -4.*      -0.        4.*       2.       -3.  
 
  2005         -6.*       1.*      -3.*       0.       -3.        2.  
                4.        2.        1.       -1.       -3.*      -0.  
 
  2006         -0.       -2.       -1.       -2.*       4.*       4.  
                1.        1.        0.       -2.        5.*      -3.  
 
  2007          0.       -2.        1.        1.        0.        1.  
                0.        1.       -0.       -0.       -0.       -1.  
 
  2008         -1.       -1.       -1.        1.        1.        0.  
                1.        1.       -0.       -0.       -1.       -0.  
 
  2009         -0.       -1.        1.       -1.       -1.*      -1.* 
                4.*       4.*       2.       -2.*      -0.       -1.  
 
  2010         -2.*       2.*      -1.*       2.*       1.       -1.  
                0.       -1.*       1.        1.       -0.       -0.  
 
  2011         -0.       -0.       -0.       -0.        0.        0.  
               -1.*       2.*      -1.        1.        0.       -1.  
 
  2012         -1.        0.        0.       -1.        0.        0.  
                0.        0.        0.        0.        0.        0.  
 
  2013          0.        0.       -1.        0.       -1.        0.  
                0.        0.        0.        0.        0.        0.  
 
  2014         -1.        0.       -1.        0.       -1.       -1.  
                1.        0.        0.        1.        0.       -1.  
 
  2015         -1.       -1.       -1.        0.       -0.       -0.  
                3.*       5.*      -0.*      -0.       -0.       -0.  
 
  2016         -0.       -0.       -0.       -0.       -0.       -0.  
               -0.*      -0.*      12.*       0.       -1.       -1.  
 
  2017          0.       -1.        0.        1.       -1.        2.* 
               -0.       -0.        1.       -1.       -1.        1.  
 
  2018         -1.       -1.        1.        1.       10.*      -0.  
               -0.        0.       -1.*      -1.       -0.       -0.  
 
  2019         -0.       -0.       -0.       -0.        0.       -1.  
                0.        0.        2.       -0.        0.        7.* 
 
  2020         -1.       -1.       -0.        1.       -0.*      -0.  
                1.       -1.        1.       -0.        1.       -0.  
 
  2021         -0.       -0.       -0.        0.        1.       -1.  
                1.        0.        1.       -1.       -1.       -3.  
 
  2022         -1.        2.*       1.       -2.*       1.        2.  
                1.        1.       -2.*       2.*       0.       -3.  
 
  2023         -2.       -1.       -0.        1.        1.        2.  
               -1.        1.        1.        1.       -1.       -2.  
 
  2024         -2.        1.        1.       -1.*       4.*       0.  
                1.       -1.        1.       -1.        1.       -3.  
 
  2025         -1.       -1.       -2.        2.        2.       -1.  
                4.*       1.       -2.*      -2.       -1.       -2.  
 
  2026          0.        1.       -0.        4.*       1.       -2.* 
                                                                      
 

  Key to symbols:
    *  : extreme value as determined by X-11 extreme value procedure
 
        bps_permits 13020            PAGE   8, SERIES bps_permits_addi

 D 9  Final replacement values for SI ratios
  From  2004.Jan to 2026.Jun
  Observations        270
 ---------------------------------------------------------------
               Jan      Feb      Mar      Apr      May      Jun 
               Jul      Aug      Sep      Oct      Nov      Dec 
 ---------------------------------------------------------------
  2004          -3. ********       2. ******** ********       3.
           ********       2. ********      -1. ******** ********
 
  2005          -2.       0.      -2. ******** ******** ********
           ******** ******** ******** ********      -1. ********
 
  2006     ******** ******** ********      -2.      -0. ********
           ******** ******** ******** ********       0. ********
 
  2007     ******** ******** ******** ******** ******** ********
           ******** ******** ******** ******** ******** ********
 
  2008     ******** ******** ******** ******** ******** ********
           ******** ******** ******** ******** ******** ********
 
  2009     ******** ******** ******** ********      -1.      -0.
                 1.       1. ********       0. ******** ********
 
  2010          -2.      -0.      -1.       1. ******** ********
           ********      -0. ******** ******** ******** ********
 
  2011     ******** ******** ******** ******** ******** ********
                -1.       2. ******** ******** ******** ********
 
  2012     ******** ******** ******** ******** ******** ********
           ******** ******** ******** ******** ******** ********
 
  2013     ******** ******** ******** ******** ******** ********
           ******** ******** ******** ******** ******** ********
 
  2014     ******** ******** ******** ******** ******** ********
           ******** ******** ******** ******** ******** ********
 
  2015     ******** ******** ******** ******** ******** ********
                 2.       1.      -0. ******** ******** ********
 
  2016     ******** ******** ******** ******** ******** ********
                -0.       0.       1. ******** ******** ********
 
  2017     ******** ******** ******** ******** ********       1.
           ******** ******** ******** ******** ******** ********
 
  2018     ******** ******** ******** ********       1. ********
           ******** ********       1. ******** ******** ********
 
  2019     ******** ******** ******** ******** ******** ********
           ******** ******** ******** ******** ********      -0.
 
  2020     ******** ******** ******** ********      -0. ********
           ******** ******** ******** ******** ******** ********
 
  2021     ******** ******** ******** ******** ******** ********
           ******** ******** ******** ******** ******** ********
 
  2022     ********       0. ********       0. ******** ********
           ******** ********       1.       0. ******** ********
 
  2023     ******** ******** ******** ******** ******** ********
           ******** ******** ******** ******** ******** ********
 
  2024     ******** ******** ********       0.       2. ********
           ******** ******** ******** ******** ******** ********
 
  2025     ******** ******** ******** ******** ******** ********
                 1. ********       1. ******** ******** ********
 
  2026     ******** ******** ********       3. ********      -2.
                                                                
 

 D 9.A  Moving seasonality ratio
 ---------------------------------------------------------------
               Jan      Feb      Mar      Apr      May      Jun 
 ---------------------------------------------------------------
   I          0.886    0.798    1.102    1.010    0.859    0.875
   S          0.125    0.120    0.137    0.183    0.187    0.226
 RATIO        7.083    6.667    8.074    5.514    4.601    3.877



 ---------------------------------------------------------------
               Jul      Aug      Sep      Oct      Nov      Dec 
 ---------------------------------------------------------------
   I          0.790    0.848    0.685    0.799    0.843    0.971
   S          0.182    0.110    0.095    0.159    0.103    0.218
 RATIO        4.338    7.708    7.179    5.039    8.183    4.445



        bps_permits 13020            PAGE   9, SERIES bps_permits_addi

 D 10  Final seasonal factors
  From  2004.Jan to 2026.Jun
  Observations        270
  Seasonal filter    3 x 5 moving average
 -----------------------------------------------------------------------------
               Jan      Feb      Mar      Apr      May      Jun 
               Jul      Aug      Sep      Oct      Nov      Dec         AVGE  
 -----------------------------------------------------------------------------
  2004          -1.      -1.       0.      -1.      -1.       3.
                 3.       1.       0.      -1.       0.      -2.           -0.
 
  2005          -1.      -1.       0.      -1.      -1.       2.
                 2.       1.       0.      -1.       0.      -2.           -0.
 
  2006          -1.      -1.      -0.      -0.      -1.       2.
                 2.       1.       0.      -1.      -0.      -2.           -0.
 
  2007          -1.      -1.      -0.      -0.      -0.       2.
                 2.       1.       0.      -1.      -0.      -1.           -0.
 
  2008          -1.      -1.      -0.       0.       0.       1.
                 1.       1.       0.      -0.      -0.      -1.            0.
 
  2009          -1.      -1.      -0.       0.       0.       0.
                 1.       1.       0.       0.      -0.      -1.            0.
 
  2010          -1.      -1.      -0.       0.       0.       0.
                 0.       1.       0.       0.      -0.      -1.            0.
 
  2011          -1.      -0.      -0.       0.       0.      -0.
                 0.       1.       0.       1.      -0.      -0.            0.
 
  2012          -1.      -0.      -0.       0.      -0.      -0.
                 0.       1.       0.       1.       0.      -0.            0.
 
  2013          -1.      -0.      -0.       0.      -0.      -0.
                 0.       0.       0.       1.       0.      -0.           -0.
 
  2014          -0.      -0.      -0.       0.      -0.      -0.
                 1.       0.       0.       0.      -0.      -0.           -0.
 
  2015          -0.      -0.      -0.       0.      -0.      -0.
                 0.       0.       0.       0.      -0.      -0.           -0.
 
  2016          -0.      -0.      -0.       0.      -0.      -0.
                 0.       0.       1.       0.      -0.      -0.           -0.
 
  2017          -0.      -1.       0.       0.      -0.      -0.
                 0.       0.       1.      -0.      -0.      -0.           -0.
 
  2018          -0.      -1.       0.       0.       0.      -0.
                 0.      -0.       1.      -0.      -0.      -0.           -0.
 
  2019          -1.      -1.       0.       0.       0.      -0.
                 0.      -0.       1.      -0.      -0.      -1.           -0.
 
  2020          -1.      -0.       0.       0.       0.       0.
                 0.       0.       1.      -0.      -0.      -1.           -0.
 
  2021          -1.      -0.       0.       0.       1.       0.
                 1.       0.       1.      -0.      -0.      -2.           -0.
 
  2022          -1.      -0.       0.       0.       1.       0.
                 0.       0.       1.      -0.      -0.      -2.           -0.
 
  2023          -1.      -0.       0.       1.       1.       0.
                 0.       0.       1.      -0.      -0.      -2.           -0.
 
  2024          -1.      -0.      -0.       1.       1.       0.
                 0.       0.       1.      -1.      -0.      -2.           -0.
 
  2025          -1.       0.      -0.       1.       1.      -0.
                 0.       0.       1.      -1.      -0.      -2.           -0.
 
  2026          -1.       0.      -0.       1.       1.      -0.
                                                                            0.
 
  AVGE          -1.      -0.      -0.       0.       0.       0.
                 1.       1.       1.      -0.      -0.      -1.

  Table Total-          -0.   Mean-        -0.   Std. Dev.-         1.
                              Min -        -2.        Max -         3.

 D 10.A  Final seasonal component forecasts
  From  2026.Jul to 2027.Jun
  Observations         12
 -----------------------------------------------------------------------------
               Jan      Feb      Mar      Apr      May      Jun 
               Jul      Aug      Sep      Oct      Nov      Dec         AVGE  
 -----------------------------------------------------------------------------
  2026                                                          
                 1.       0.       1.      -1.      -0.      -2.           -0.
 
  2027          -1.       0.      -0.       2.       1.      -1.
                                                                            0.
 
        bps_permits 13020            PAGE  10, SERIES bps_permits_addi

 D 11  Final seasonally adjusted data
  From  2004.Jan to 2026.Jun
  Observations        270
 -----------------------------------------------------------------------------
               Jan      Feb      Mar      Apr      May      Jun 
               Jul      Aug      Sep      Oct      Nov      Dec        TOTAL  
 -----------------------------------------------------------------------------
  2004           7.       9.      12.       8.       9.      14.
                10.       4.       8.      13.       9.       6.          109.
 
  2005           2.       8.       3.       7.       4.       5.
                 7.       6.       6.       5.       2.       6.           59.
 
  2006           5.       3.       3.       1.       8.       5.
                 2.       3.       3.       2.       8.       2.           44.
 
  2007           4.       2.       4.       4.       3.       2.
                 1.       2.       2.       3.       2.       2.           32.
 
  2008           2.       2.       1.       3.       3.       1.
                 2.       1.       1.       1.       0.       2.           19.
 
  2009           2.       1.       2.       1.       1.       1.
                 5.       5.       4.      -0.       2.       2.           25.
 
  2010           1.       5.       0.       3.       2.      -0.
                 1.      -1.       1.       1.       0.       1.           12.
 
  2011           1.       0.       0.      -0.       1.       1.
                -0.       2.      -0.       1.       1.       0.            8.
 
  2012           1.       1.       1.      -0.       1.       1.
                 1.       0.       1.       0.       1.       1.           10.
 
  2013           2.       1.       0.       1.       0.       1.
                 1.       1.       1.       0.       1.       1.           10.
 
  2014           0.       1.       0.       1.       0.       0.
                 1.       1.       1.       2.       1.       0.            9.
 
  2015           0.       0.       0.       1.       0.       0.
                 3.       5.      -0.      -0.       0.       0.            9.
 
  2016           0.       0.       0.      -0.       0.       0.
                -0.      -0.      11.       1.       0.       0.           13.
 
  2017           1.       1.       1.       2.       0.       2.
                -0.      -0.       0.       0.       0.       2.            9.
 
  2018           0.       1.       2.       2.      11.       1.
                 1.       1.      -1.       0.       0.       0.           18.
 
  2019           1.       1.      -0.      -0.       1.       0.
                 1.       1.       2.       1.       1.       9.           16.
 
  2020           1.       0.      -0.       1.      -0.      -0.
                 2.      -0.       1.       1.       2.       2.            9.
 
  2021           2.       1.       1.       1.       1.      -0.
                 0.       1.       1.       0.       1.       2.           11.
 
  2022           3.       6.       6.       4.       6.       8.
                 7.       7.       3.       7.       5.       3.           64.
 
  2023           3.       2.       3.       3.       3.       5.
                 3.       5.       4.       5.       3.       4.           43.
 
  2024           3.       5.       5.       2.       7.       4.
                 4.       2.       3.       3.       4.       2.           43.
 
  2025           3.       2.       1.       4.       4.       2.
                 7.       4.       0.       2.       3.       4.           35.
 
  2026           5.       5.       4.       7.       4.       2.
                                                                           27.
 
  AVGE           2.       3.       2.       2.       3.       2.
                 2.       2.       2.       2.       2.       2.

  Table Total-         635.   Mean-         2.   Std. Dev.-         3.
                              Min -        -1.        Max -        14.
        bps_permits 13020            PAGE  11, SERIES bps_permits_addi

 D 12  Final trend cycle
  From  2004.Jan to 2026.Jun
  Observations        270
  Trend filter    23-term Henderson moving average
  I/C ratio        4.37
 -----------------------------------------------------------------------------
               Jan      Feb      Mar      Apr      May      Jun 
               Jul      Aug      Sep      Oct      Nov      Dec        TOTAL  
 -----------------------------------------------------------------------------
  2004           9.       9.       9.       9.       9.       9.
                 9.       9.       8.       8.       7.       7.          103.
 
  2005           7.       6.       6.       6.       5.       5.
                 5.       5.       5.       5.       5.       4.           65.
 
  2006           4.       4.       4.       3.       3.       3.
                 3.       3.       3.       3.       3.       3.           37.
 
  2007           3.       3.       3.       3.       3.       3.
                 3.       2.       2.       2.       2.       2.           30.
 
  2008           2.       2.       2.       2.       2.       2.
                 2.       1.       1.       1.       1.       1.           19.
 
  2009           1.       1.       1.       2.       2.       2.
                 2.       2.       2.       2.       2.       2.           23.
 
  2010           2.       2.       1.       1.       1.       1.
                 1.       1.       0.       0.       0.       0.           11.
 
  2011           0.       0.       0.       0.       1.       1.
                 1.       1.       1.       1.       1.       1.            7.
 
  2012           1.       1.       1.       1.       1.       1.
                 1.       1.       1.       1.       1.       1.           10.
 
  2013           1.       1.       1.       1.       1.       1.
                 1.       1.       1.       1.       1.       1.           10.
 
  2014           1.       1.       1.       1.       1.       1.
                 1.       1.       1.       1.       1.       1.            9.
 
  2015           1.       1.       1.       0.       0.       0.
                 0.       0.       0.       0.       0.       0.            5.
 
  2016           0.       0.       0.       0.       0.       0.
                 0.       0.       0.       1.       1.       1.            4.
 
  2017           1.       1.       1.       1.       1.       0.
                 0.       0.       0.       0.       1.       1.            7.
 
  2018           1.       1.       1.       1.       1.       1.
                 1.       1.       1.       1.       0.       0.           11.
 
  2019           0.       0.       0.       0.       0.       1.
                 1.       1.       1.       1.       1.       1.            8.
 
  2020           1.       1.       0.       0.       0.       0.
                 1.       1.       1.       1.       1.       1.           10.
 
  2021           1.       1.       1.       1.       1.       1.
                 0.       1.       1.       1.       2.       3.           14.
 
  2022           3.       4.       5.       6.       6.       6.
                 6.       6.       6.       5.       5.       4.           63.
 
  2023           4.       3.       3.       3.       3.       3.
                 4.       4.       4.       4.       4.       4.           44.
 
  2024           4.       4.       4.       4.       4.       4.
                 3.       3.       3.       3.       3.       3.           41.
 
  2025           3.       3.       3.       3.       3.       3.
                 3.       3.       3.       3.       4.       4.           36.
 
  2026           4.       4.       4.       4.       4.       4.
                                                                           25.
 
  AVGE           2.       2.       2.       2.       2.       2.
                 2.       2.       2.       2.       2.       2.

  Table Total-         592.   Mean-         2.   Std. Dev.-         2.
                              Min -         0.        Max -         9.
        bps_permits 13020            PAGE  12, SERIES bps_permits_addi

 D 13  Final irregular component
  From  2004.Jan to 2026.Jun
  Observations        270
 -----------------------------------------------------------------------------
               Jan      Feb      Mar      Apr      May      Jun 
               Jul      Aug      Sep      Oct      Nov      Dec         S.D.  
 -----------------------------------------------------------------------------
  2004          -2.      -0.       3.      -1.      -0.       5.
                 1.      -5.      -1.       5.       1.      -1.            3.
 
  2005          -4.       2.      -3.       1.      -2.      -1.
                 1.       0.       1.      -0.      -3.       1.            2.
 
  2006           1.      -1.      -0.      -2.       5.       2.
                -1.       0.       0.      -1.       5.      -1.            2.
 
  2007           1.      -1.       1.       1.       0.      -0.
                -1.      -0.      -1.       0.       0.       0.            1.
 
  2008          -0.       0.      -1.       1.       1.      -1.
                 0.      -0.      -1.      -0.      -1.       1.            1.
 
  2009           1.      -0.       1.      -1.      -1.      -1.
                 3.       3.       1.      -3.       0.      -0.            2.
 
  2010          -1.       3.      -1.       2.       1.      -1.
                -0.      -1.       0.       0.      -0.       0.            1.
 
  2011           0.      -0.      -0.      -1.       0.       0.
                -1.       2.      -1.       1.       0.      -0.            1.
 
  2012          -0.       0.       1.      -1.       0.       0.
                -0.      -0.       0.      -0.       0.       0.            0.
 
  2013           1.       0.      -0.       0.      -1.       0.
                -0.      -0.       0.      -0.       0.       1.            0.
 
  2014          -0.       0.      -0.       0.      -0.      -1.
                 1.      -0.      -0.       1.       0.      -0.            0.
 
  2015          -0.      -0.      -0.       0.      -0.      -0.
                 2.       4.      -1.      -1.      -0.      -0.            1.
 
  2016           0.       0.       0.      -1.       0.      -0.
                -1.      -1.      11.       0.      -0.      -1.            3.
 
  2017           1.      -0.       0.       1.      -0.       2.
                -1.      -0.      -0.      -0.      -0.       1.            1.
 
  2018          -1.      -1.       1.       0.      10.       0.
                -0.       0.      -2.      -0.      -0.      -0.            3.
 
  2019           0.       0.      -0.      -1.       0.      -0.
                -0.       0.       1.       0.       0.       8.            2.
 
  2020          -0.      -0.      -1.       0.      -1.      -0.
                 1.      -1.      -0.       0.       1.       1.            1.
 
  2021           1.       0.      -0.      -0.       1.      -1.
                 0.       0.       0.      -1.      -1.      -1.            1.
 
  2022          -0.       2.       1.      -2.      -0.       1.
                 0.       0.      -3.       2.       0.      -1.            1.
 
  2023          -0.      -1.      -0.       0.      -0.       1.
                -1.       1.       0.       1.      -1.       0.            1.
 
  2024          -1.       1.       1.      -2.       3.       0.
                 0.      -2.       0.      -0.       1.      -0.            1.
 
  2025           0.      -1.      -1.       1.       1.      -1.
                 4.       1.      -3.      -2.      -0.       0.            2.
 
  2026           1.       1.       0.       2.      -1.      -2.
                                                                            1.
 
  S.D.           1.       1.       1.       1.       2.       1.
                 1.       2.       3.       1.       1.       2.

  Table Total-          43.   Mean-         0.   Std. Dev.-         2.
                              Min -        -5.        Max -        11.
        bps_permits 13020            PAGE  13, SERIES bps_permits_addi

 D 16  Combined adjustment factors
  From  2004.Jan to 2026.Jun
  Observations        270
 -----------------------------------------------------------------------------
               Jan      Feb      Mar      Apr      May      Jun 
               Jul      Aug      Sep      Oct      Nov      Dec         AVGE  
 -----------------------------------------------------------------------------
  2004          -1.      -1.       0.      -1.      -1.       3.
                 3.       1.       0.      -1.       0.      -2.           -0.
 
  2005          -1.      -1.       0.      -1.      -1.       2.
                 2.       1.       0.      -1.       0.      -2.           -0.
 
  2006          -1.      -1.      -0.      -0.      -1.       2.
                 2.       1.       0.      -1.      -0.      -2.           -0.
 
  2007          -1.      -1.      -0.      -0.      -0.       2.
                 2.       1.       0.      -1.      -0.      -1.           -0.
 
  2008          -1.      -1.      -0.       0.       0.       1.
                 1.       1.       0.      -0.      -0.      -1.            0.
 
  2009          -1.      -1.      -0.       0.       0.       0.
                 1.       1.       0.       0.      -0.      -1.            0.
 
  2010          -1.      -1.      -0.       0.       0.       0.
                 0.       1.       0.       0.      -0.      -1.            0.
 
  2011          -1.      -0.      -0.       0.       0.      -0.
                 0.       1.       0.       1.      -0.      -0.            0.
 
  2012          -1.      -0.      -0.       0.      -0.      -0.
                 0.       1.       0.       1.       0.      -0.            0.
 
  2013          -1.      -0.      -0.       0.      -0.      -0.
                 0.       0.       0.       1.       0.      -0.           -0.
 
  2014          -0.      -0.      -0.       0.      -0.      -0.
                 1.       0.       0.       0.      -0.      -0.           -0.
 
  2015          -0.      -0.      -0.       0.      -0.      -0.
                 0.       0.       0.       0.      -0.      -0.           -0.
 
  2016          -0.      -0.      -0.       0.      -0.      -0.
                 0.       0.       1.       0.      -0.      -0.           -0.
 
  2017          -0.      -1.       0.       0.      -0.      -0.
                 0.       0.       1.      -0.      -0.      -0.           -0.
 
  2018          -0.      -1.       0.       0.       0.      -0.
                 0.      -0.       1.      -0.      -0.      -0.           -0.
 
  2019          -1.      -1.       0.       0.       0.      -0.
                 0.      -0.       1.      -0.      -0.      -1.           -0.
 
  2020          -1.      -0.       0.       0.       0.       0.
                 0.       0.       1.      -0.      -0.      -1.           -0.
 
  2021          -1.      -0.       0.       0.       1.       0.
                 1.       0.       1.      -0.      -0.      -2.           -0.
 
  2022          -1.      -0.       0.       0.       1.       0.
                 0.       0.       1.      -0.      -0.      -2.           -0.
 
  2023          -1.      -0.       0.       1.       1.       0.
                 0.       0.       1.      -0.      -0.      -2.           -0.
 
  2024          -1.      -0.      -0.       1.       1.       0.
                 0.       0.       1.      -1.      -0.      -2.           -0.
 
  2025          -1.       0.      -0.       1.       1.      -0.
                 0.       0.       1.      -1.      -0.      -2.           -0.
 
  2026          -1.       0.      -0.       1.       1.      -0.
                                                                            0.
 
  AVGE          -1.      -0.      -0.       0.       0.       0.
                 1.       1.       1.      -0.      -0.      -1.

  Table Total-          -0.   Mean-        -0.   Std. Dev.-         1.
                              Min -        -2.        Max -         3.

 D 16.A  Combined adjustment component forecasts
  From  2026.Jul to 2027.Jun
  Observations         12
 -----------------------------------------------------------------------------
               Jan      Feb      Mar      Apr      May      Jun 
               Jul      Aug      Sep      Oct      Nov      Dec         AVGE  
 -----------------------------------------------------------------------------
  2026                                                          
                 1.       0.       1.      -1.      -0.      -2.           -0.
 
  2027          -1.       0.      -0.       2.       1.      -1.
                                                                            0.
 
        bps_permits 13020            PAGE  14, SERIES bps_permits_addi

 E 4  Differences of annual totals
  From          2004 to 2025
  Observations         22
 -----------------------------------
  Year       Unmodified     Modified
                  (D11)         (E2)
 -----------------------------------
  2004              -0.          -0.
 
  2005              -0.          -0.
 
  2006              -0.          -0.
 
  2007              -0.          -0.
 
  2008               0.           0.
 
  2009               0.           0.
 
  2010               0.           0.
 
  2011               0.           0.
 
  2012               0.           0.
 
  2013              -0.          -0.
 
  2014              -0.          -0.
 
  2015              -0.          -0.
 
  2016              -0.          -0.
 
  2017              -0.          -0.
 
  2018              -0.          -0.
 
  2019              -0.          -0.
 
  2020              -0.          -0.
 
  2021              -0.          -0.
 
  2022              -0.          -0.
 
  2023              -0.          -0.
 
  2024              -0.          -0.
 
  2025              -0.          -0.
 
        bps_permits 13020            PAGE  15, SERIES bps_permits_addi

 E 5  Month-to-month differences in the original series
  From  2004.Feb to 2026.Jun
  Observations        269
 -----------------------------------------------------------------------------
               Jan      Feb      Mar      Apr      May      Jun 
               Jul      Aug      Sep      Oct      Nov      Dec         AVGE  
 -----------------------------------------------------------------------------
  2004                    2.       4.      -5.       1.       9.
                -4.      -8.       3.       4.      -3.      -5.           -0.
 
  2005          -3.       6.      -4.       3.      -3.       4.
                 2.      -2.      -1.      -2.      -2.       2.            0.
 
  2006           0.      -2.       1.      -2.       6.       0.
                -3.       0.      -1.      -2.       7.      -8.           -0.
 
  2007           3.      -2.       3.       0.      -1.       1.
                -1.       0.      -1.       0.       0.      -1.            0.
 
  2008           0.       0.       0.       2.       0.      -1.
                 1.      -1.      -1.       0.      -1.       1.            0.
 
  2009           0.      -1.       2.      -1.       0.       0.
                 5.       0.      -2.      -4.       2.      -1.            0.
 
  2010          -1.       4.      -4.       3.      -1.      -2.
                 1.      -1.       1.       0.      -1.       0.           -0.
 
  2011           0.       0.       0.       0.       1.       0.
                -1.       3.      -3.       2.      -1.      -1.            0.
 
  2012           0.       1.       0.      -1.       1.       0.
                 0.       0.       0.       0.       0.       0.            0.
 
  2013           0.       0.      -1.       1.      -1.       1.
                 0.       0.       0.       0.       0.       0.            0.
 
  2014          -1.       1.      -1.       1.      -1.       0.
                 2.      -1.       0.       1.      -1.      -1.           -0.
 
  2015           0.       0.       0.       1.      -1.       0.
                 3.       2.      -5.       0.       0.       0.            0.
 
  2016           0.       0.       0.       0.       0.       0.
                 0.       0.      12.     -11.      -1.       0.            0.
 
  2017           1.      -1.       1.       1.      -2.       2.
                -2.       0.       1.      -1.       0.       2.            0.
 
  2018          -2.       0.       2.       0.       9.     -10.
                 0.       0.      -1.       0.       0.       0.           -0.
 
  2019           0.       0.       0.       0.       1.      -1.
                 1.       0.       2.      -2.       0.       7.            1.
 
  2020          -8.       0.       0.       1.      -1.       0.
                 2.      -2.       2.      -1.       1.      -1.           -1.
 
  2021           0.       0.       0.       0.       1.      -2.
                 1.       0.       1.      -2.       1.      -1.           -0.
 
  2022           2.       4.       0.      -2.       3.       1.
                -1.       0.      -3.       3.      -2.      -4.            0.
 
  2023           1.       0.       1.       1.       0.       1.
                -2.       2.       0.       0.      -2.      -1.            0.
 
  2024           0.       3.       0.      -2.       5.      -4.
                 0.      -2.       2.      -2.       2.      -4.           -0.
 
  2025           2.       0.      -1.       4.       0.      -3.
                 5.      -3.      -3.       0.       2.      -1.            0.
 
  2026           2.       1.      -1.       4.      -3.      -3.
                                                                            0.
 
  AVGE          -0.       1.       0.       0.       1.      -0.
                 0.      -1.       0.      -1.       0.      -1.

  Table Total-          -4.   Mean-        -0.   Std. Dev.-         3.
                              Min -       -11.        Max -        12.
        bps_permits 13020            PAGE  16, SERIES bps_permits_addi

 E 6  Month-to-month differences in seasonally adjusted series (D11)
  From  2004.Feb to 2026.Jun
  Observations        269
 -----------------------------------------------------------------------------
               Jan      Feb      Mar      Apr      May      Jun 
               Jul      Aug      Sep      Oct      Nov      Dec         AVGE  
 -----------------------------------------------------------------------------
  2004                    2.       3.      -4.       1.       5.
                -4.      -7.       4.       5.      -4.      -3.           -0.
 
  2005          -4.       6.      -5.       4.      -3.       1.
                 2.      -1.       0.      -1.      -3.       4.           -0.
 
  2006          -1.      -2.      -0.      -2.       6.      -3.
                -3.       1.      -0.      -1.       6.      -7.           -0.
 
  2007           2.      -2.       2.      -0.      -1.      -1.
                -1.       1.      -0.       1.      -0.      -0.            0.
 
  2008          -1.       1.      -1.       2.       0.      -2.
                 1.      -1.      -0.       0.      -1.       2.           -0.
 
  2009          -0.      -1.       1.      -1.      -0.       0.
                 5.      -0.      -2.      -4.       3.      -1.           -0.
 
  2010          -1.       4.      -4.       3.      -1.      -2.
                 1.      -1.       1.      -0.      -0.       0.           -0.
 
  2011           0.      -0.       0.      -0.       1.       0.
                -1.       3.      -3.       2.      -0.      -1.           -0.
 
  2012           0.       1.       0.      -1.       1.       0.
                -0.      -0.       0.      -0.       1.       0.            0.
 
  2013           0.      -0.      -1.       1.      -1.       1.
                -1.      -0.       0.      -0.       0.       0.           -0.
 
  2014          -1.       1.      -1.       0.      -0.      -0.
                 1.      -1.       0.       1.      -1.      -1.           -0.
 
  2015           0.      -0.       0.       0.      -0.      -0.
                 2.       2.      -5.       0.       0.      -0.           -0.
 
  2016           0.       0.      -0.      -1.       1.      -0.
                -1.       0.      12.     -10.      -1.      -0.           -0.
 
  2017           1.      -1.       0.       1.      -1.       2.
                -2.       0.       0.      -0.       0.       2.            0.
 
  2018          -2.       0.       1.      -0.       9.     -10.
                -0.       0.      -2.       1.      -0.      -0.           -0.
 
  2019           0.       0.      -1.      -0.       1.      -1.
                 0.       0.       1.      -1.      -0.       7.            1.
 
  2020          -8.      -0.      -1.       1.      -1.       0.
                 2.      -2.       1.       0.       1.      -0.           -1.
 
  2021          -0.      -1.      -0.      -0.       1.      -2.
                 1.       0.       0.      -1.       1.       1.           -0.
 
  2022           1.       3.      -0.      -2.       2.       1.
                -1.       0.      -4.       4.      -2.      -2.            0.
 
  2023           0.      -1.       1.       0.      -0.       2.
                -2.       2.      -1.       1.      -2.       1.            0.
 
  2024          -1.       2.      -0.      -3.       5.      -3.
                -0.      -2.       2.      -1.       2.      -2.           -0.
 
  2025           1.      -1.      -1.       3.      -0.      -1.
                 4.      -3.      -3.       1.       1.       1.            0.
 
  2026           1.      -0.      -1.       2.      -3.      -1.
                                                                           -0.
 
  AVGE          -0.       0.      -0.      -0.       1.      -0.
                 0.      -0.       0.      -0.       0.       0.

  Table Total-          -5.   Mean-        -0.   Std. Dev.-         2.
                              Min -       -10.        Max -        12.
        bps_permits 13020            PAGE  17, SERIES bps_permits_addi

 E 7  Month-to-month differences in final trend cycle (D12)
  From  2004.Feb to 2026.Jun
  Observations        269
 -----------------------------------------------------------------------------
               Jan      Feb      Mar      Apr      May      Jun 
               Jul      Aug      Sep      Oct      Nov      Dec         AVGE  
 -----------------------------------------------------------------------------
  2004                    0.      -0.      -0.      -0.      -0.
                -0.      -0.      -0.      -0.      -0.      -0.           -0.
 
  2005          -0.      -0.      -0.      -0.      -0.      -0.
                -0.      -0.      -0.      -0.      -0.      -0.           -0.
 
  2006          -0.      -0.      -0.      -0.      -0.      -0.
                -0.      -0.      -0.       0.       0.       0.           -0.
 
  2007           0.       0.       0.      -0.      -0.      -0.
                -0.      -0.      -0.      -0.      -0.      -0.           -0.
 
  2008           0.      -0.      -0.      -0.      -0.      -0.
                -0.      -0.      -0.      -0.      -0.      -0.           -0.
 
  2009           0.       0.       0.       0.       0.       0.
                 0.       0.       0.       0.      -0.      -0.            0.
 
  2010          -0.      -0.      -0.      -0.      -0.      -0.
                -0.      -0.      -0.      -0.      -0.      -0.           -0.
 
  2011           0.       0.       0.       0.       0.       0.
                 0.       0.       0.       0.       0.       0.            0.
 
  2012           0.      -0.      -0.      -0.      -0.      -0.
                 0.       0.       0.       0.       0.       0.            0.
 
  2013           0.      -0.      -0.      -0.      -0.      -0.
                -0.      -0.       0.       0.       0.      -0.           -0.
 
  2014          -0.      -0.       0.       0.       0.       0.
                 0.       0.      -0.      -0.      -0.      -0.           -0.
 
  2015          -0.      -0.      -0.      -0.      -0.      -0.
                -0.      -0.      -0.      -0.      -0.      -0.           -0.
 
  2016          -0.      -0.      -0.       0.       0.       0.
                 0.       0.       0.       0.       0.       0.            0.
 
  2017           0.      -0.      -0.      -0.      -0.      -0.
                -0.      -0.       0.       0.       0.       0.            0.
 
  2018           0.       0.       0.       0.      -0.      -0.
                -0.      -0.      -0.      -0.      -0.      -0.           -0.
 
  2019          -0.      -0.       0.       0.       0.       0.
                 0.       0.       0.       0.      -0.      -0.            0.
 
  2020          -0.      -0.      -0.      -0.      -0.       0.
                 0.       0.       0.       0.       0.       0.            0.
 
  2021          -0.      -0.      -0.      -0.      -0.      -0.
                -0.       0.       0.       0.       1.       1.            0.
 
  2022           1.       1.       1.       1.       0.       0.
                 0.      -0.      -0.      -1.      -1.      -1.            0.
 
  2023          -0.      -0.      -0.      -0.       0.       0.
                 0.       0.       0.       0.       0.       0.            0.
 
  2024          -0.      -0.      -0.      -0.      -0.      -0.
                -0.      -0.      -0.      -0.      -0.      -0.           -0.
 
  2025          -0.      -0.       0.       0.       0.       0.
                 0.       0.       0.       0.       0.       0.            0.
 
  2026           0.       0.       0.       0.       0.       0.
                                                                            0.
 
  AVGE          -0.      -0.      -0.      -0.      -0.      -0.
                -0.      -0.      -0.      -0.      -0.      -0.

  Table Total-          -5.   Mean-        -0.   Std. Dev.-         0.
                              Min -        -1.        Max -         1.
        bps_permits 13020            PAGE  18, SERIES bps_permits_addi

 E 8  Month-to-month differences in original series adjusted for calendar factors (A18)
  From  2004.Feb to 2026.Jun
  Observations        269
 -----------------------------------------------------------------------------
               Jan      Feb      Mar      Apr      May      Jun 
               Jul      Aug      Sep      Oct      Nov      Dec         AVGE  
 -----------------------------------------------------------------------------
  2004                    2.       4.      -5.       1.       9.
                -4.      -8.       3.       4.      -3.      -5.           -0.
 
  2005          -3.       6.      -4.       3.      -3.       4.
                 2.      -2.      -1.      -2.      -2.       2.            0.
 
  2006           0.      -2.       1.      -2.       6.       0.
                -3.       0.      -1.      -2.       7.      -8.           -0.
 
  2007           3.      -2.       3.       0.      -1.       1.
                -1.       0.      -1.       0.       0.      -1.            0.
 
  2008           0.       0.       0.       2.       0.      -1.
                 1.      -1.      -1.       0.      -1.       1.            0.
 
  2009           0.      -1.       2.      -1.       0.       0.
                 5.       0.      -2.      -4.       2.      -1.            0.
 
  2010          -1.       4.      -4.       3.      -1.      -2.
                 1.      -1.       1.       0.      -1.       0.           -0.
 
  2011           0.       0.       0.       0.       1.       0.
                -1.       3.      -3.       2.      -1.      -1.            0.
 
  2012           0.       1.       0.      -1.       1.       0.
                 0.       0.       0.       0.       0.       0.            0.
 
  2013           0.       0.      -1.       1.      -1.       1.
                 0.       0.       0.       0.       0.       0.            0.
 
  2014          -1.       1.      -1.       1.      -1.       0.
                 2.      -1.       0.       1.      -1.      -1.           -0.
 
  2015           0.       0.       0.       1.      -1.       0.
                 3.       2.      -5.       0.       0.       0.            0.
 
  2016           0.       0.       0.       0.       0.       0.
                 0.       0.      12.     -11.      -1.       0.            0.
 
  2017           1.      -1.       1.       1.      -2.       2.
                -2.       0.       1.      -1.       0.       2.            0.
 
  2018          -2.       0.       2.       0.       9.     -10.
                 0.       0.      -1.       0.       0.       0.           -0.
 
  2019           0.       0.       0.       0.       1.      -1.
                 1.       0.       2.      -2.       0.       7.            1.
 
  2020          -8.       0.       0.       1.      -1.       0.
                 2.      -2.       2.      -1.       1.      -1.           -1.
 
  2021           0.       0.       0.       0.       1.      -2.
                 1.       0.       1.      -2.       1.      -1.           -0.
 
  2022           2.       4.       0.      -2.       3.       1.
                -1.       0.      -3.       3.      -2.      -4.            0.
 
  2023           1.       0.       1.       1.       0.       1.
                -2.       2.       0.       0.      -2.      -1.            0.
 
  2024           0.       3.       0.      -2.       5.      -4.
                 0.      -2.       2.      -2.       2.      -4.           -0.
 
  2025           2.       0.      -1.       4.       0.      -3.
                 5.      -3.      -3.       0.       2.      -1.            0.
 
  2026           2.       1.      -1.       4.      -3.      -3.
                                                                            0.
 
  AVGE          -0.       1.       0.       0.       1.      -0.
                 0.      -1.       0.      -1.       0.      -1.

  Table Total-          -4.   Mean-        -0.   Std. Dev.-         3.
                              Min -       -11.        Max -        12.
        bps_permits 13020            PAGE  19, SERIES bps_permits_addi

 E 18  Final adjustment ratios
  From  2004.Jan to 2026.Jun
  Observations        270
 -----------------------------------------------------------------------------
               Jan      Feb      Mar      Apr      May      Jun 
               Jul      Aug      Sep      Oct      Nov      Dec         AVGE  
 -----------------------------------------------------------------------------
  2004       81.964   87.829  100.183   87.936   88.434  118.536
            126.233  140.195  103.696   92.151  101.875   67.392        99.702
 
  2005       44.694   86.001  100.723   89.473   78.489  153.551
            138.248  123.012  103.361   80.822  101.647   69.029        97.421
 
  2006       80.843   63.254   97.779   73.595   92.435  140.520
            207.875  142.087  108.968   56.621   97.503    0.000        96.790
 
  2007       79.912   45.815   96.640   98.813   95.068  161.286
            211.186  148.199  117.873   78.783   83.999   43.940       105.126
 
  2008       63.761   47.293   88.534  109.110  105.590  182.129
            151.087  173.330  148.468   87.201    0.000   50.029       100.544
 
  2009       60.442    0.000   94.868  145.882  179.893  170.933
            111.948  113.067  106.415   -0.000   84.918   56.923        93.774
 
  2010        0.000   86.657    0.000  108.239  121.285   -0.000
            168.349   -0.000  130.445  170.368    0.000    0.000        65.445
 
  2011        0.000    0.000    0.000   -0.000  124.996   95.209
             -0.000  122.673   -0.000  135.848   92.969    0.000        47.641
 
  2012        0.000   85.976   71.231   -0.000   94.645   92.325
            149.424  223.055  113.506  230.551  107.024   76.299       103.670
 
  2013       64.885   94.578    0.000  101.558    0.000   87.740
            181.107  184.064  114.270  204.459  105.534   79.074       101.439
 
  2014        0.000   90.182    0.000  112.905    0.000    0.000
            134.855  165.841  134.624  121.731   94.558    0.000        71.225
 
  2015        0.000    0.000    0.000  146.740    0.000    0.000
            119.347  105.136   -0.000   -0.000    0.000    0.000        30.935
 
  2016        0.000    0.000    0.000   -0.000    0.000    0.000
             -0.000   -0.000  105.596  103.816    0.000    0.000        17.451
 
  2017       72.097    0.000  100.672  130.207    0.000   90.666
             -0.000   -0.000  697.538    0.000    0.000   96.472        98.971
 
  2018        0.000    0.000  101.709  128.219  101.077   81.907
            131.309   95.963   -0.000    0.000    0.000    0.000        53.349
 
  2019        0.000    0.000   -0.000   -0.000  141.925    0.000
            155.514   96.097  162.047   75.700   86.473   93.054        67.567
 
  2020        0.000    0.000   -0.000  142.346   -0.000   -0.000
            129.929   -0.000  246.671   77.760   92.115   46.330        61.263
 
  2021       49.735   73.218  112.066  137.136  150.733   -0.000
            212.445  129.412  242.955    0.000   90.601    0.000        99.858
 
  2022       62.445   94.870  100.726  112.530  115.997  106.386
            107.623  105.155  137.994   95.623   96.471   31.349        97.264
 
  2023       60.574   92.045  101.831  124.263  142.590  109.380
            118.896  107.328  123.272   91.455   95.514   46.090       101.103
 
  2024       62.178   97.831   98.245  157.962  120.643  105.924
            111.783  124.662  126.076   75.792   94.840    0.000        97.995
 
  2025       64.620  102.920   86.641  136.730  138.737   94.064
            107.033  107.103  372.514   57.263   95.965   49.907       117.791
 
  2026       81.313  101.984   92.764  122.837  140.861   82.640
                                                                       103.733
 
  AVGE       40.411   54.368   62.809   98.543   88.409   81.443
            126.100  109.381  154.377   83.452   69.182   36.631

  Table Total-       22538.   Mean-        83.   Std. Dev.-        73.
                              Min -         0.        Max -       698.

 E 18.A  Final adjustment ratio forecasts
  From  2026.Jul to 2027.Jun
  Observations         12
 -----------------------------------------------------------------------------
               Jan      Feb      Mar      Apr      May      Jun 
               Jul      Aug      Sep      Oct      Nov      Dec         AVGE  
 -----------------------------------------------------------------------------
  2026                                                          
            110.909  103.906  116.590   82.287   98.342   66.210        96.374
 
  2027       82.824  103.794   92.061  141.294  130.701   88.983
                                                                       106.609
 
        bps_permits 13020            PAGE  20, SERIES bps_permits_addi

 E 18.B  Total adjustment factors
  From  2004.Jan to 2026.Jun
  Observations        270
 -----------------------------------------------------------------------------
               Jan      Feb      Mar      Apr      May      Jun 
               Jul      Aug      Sep      Oct      Nov      Dec         AVGE  
 -----------------------------------------------------------------------------
  2004          -1.      -1.       0.      -1.      -1.       3.
                 3.       1.       0.      -1.       0.      -2.           -0.
 
  2005          -1.      -1.       0.      -1.      -1.       2.
                 2.       1.       0.      -1.       0.      -2.           -0.
 
  2006          -1.      -1.      -0.      -0.      -1.       2.
                 2.       1.       0.      -1.      -0.      -2.           -0.
 
  2007          -1.      -1.      -0.      -0.      -0.       2.
                 2.       1.       0.      -1.      -0.      -1.           -0.
 
  2008          -1.      -1.      -0.       0.       0.       1.
                 1.       1.       0.      -0.      -0.      -1.            0.
 
  2009          -1.      -1.      -0.       0.       0.       0.
                 1.       1.       0.       0.      -0.      -1.            0.
 
  2010          -1.      -1.      -0.       0.       0.       0.
                 0.       1.       0.       0.      -0.      -1.            0.
 
  2011          -1.      -0.      -0.       0.       0.      -0.
                 0.       1.       0.       1.      -0.      -0.            0.
 
  2012          -1.      -0.      -0.       0.      -0.      -0.
                 0.       1.       0.       1.       0.      -0.            0.
 
  2013          -1.      -0.      -0.       0.      -0.      -0.
                 0.       0.       0.       1.       0.      -0.           -0.
 
  2014          -0.      -0.      -0.       0.      -0.      -0.
                 1.       0.       0.       0.      -0.      -0.           -0.
 
  2015          -0.      -0.      -0.       0.      -0.      -0.
                 0.       0.       0.       0.      -0.      -0.           -0.
 
  2016          -0.      -0.      -0.       0.      -0.      -0.
                 0.       0.       1.       0.      -0.      -0.           -0.
 
  2017          -0.      -1.       0.       0.      -0.      -0.
                 0.       0.       1.      -0.      -0.      -0.           -0.
 
  2018          -0.      -1.       0.       0.       0.      -0.
                 0.      -0.       1.      -0.      -0.      -0.           -0.
 
  2019          -1.      -1.       0.       0.       0.      -0.
                 0.      -0.       1.      -0.      -0.      -1.           -0.
 
  2020          -1.      -0.       0.       0.       0.       0.
                 0.       0.       1.      -0.      -0.      -1.           -0.
 
  2021          -1.      -0.       0.       0.       1.       0.
                 1.       0.       1.      -0.      -0.      -2.           -0.
 
  2022          -1.      -0.       0.       0.       1.       0.
                 0.       0.       1.      -0.      -0.      -2.           -0.
 
  2023          -1.      -0.       0.       1.       1.       0.
                 0.       0.       1.      -0.      -0.      -2.           -0.
 
  2024          -1.      -0.      -0.       1.       1.       0.
                 0.       0.       1.      -1.      -0.      -2.           -0.
 
  2025          -1.       0.      -0.       1.       1.      -0.
                 0.       0.       1.      -1.      -0.      -2.           -0.
 
  2026          -1.       0.      -0.       1.       1.      -0.
                                                                            0.
 
  AVGE          -1.      -0.      -0.       0.       0.       0.
                 1.       1.       1.      -0.      -0.      -1.

  Table Total-          -0.   Mean-        -0.   Std. Dev.-         1.
                              Min -        -2.        Max -         3.

 E 18.C  Total adjustment factor forecasts
  From  2026.Jul to 2027.Jun
  Observations         12
 -----------------------------------------------------------------------------
               Jan      Feb      Mar      Apr      May      Jun 
               Jul      Aug      Sep      Oct      Nov      Dec         AVGE  
 -----------------------------------------------------------------------------
  2026                                                          
                 1.       0.       1.      -1.      -0.      -2.           -0.
 
  2027          -1.       0.      -0.       2.       1.      -1.
                                                                            0.
 

  QS statistic for seasonality:
  Original Series                                     0.00  (P-Value =     1.0000)
  Original Series (EV adj)                            0.00  (P-Value =     1.0000)
  Residuals                                           0.00  (P-Value =     1.0000)
  Seasonally Adjusted Series                          0.00  (P-Value =     1.0000)
  Seasonally Adjusted Series (EV adj)                 0.00  (P-Value =     1.0000)
  Irregular Series                                    0.00  (P-Value =     1.0000)
  Irregular Series (EV adj)                           0.00  (P-Value =     1.0000)

  QS statistic for seasonality (starting 2018.Jul):
  Original Series                                     0.58  (P-Value =     0.7487)
  Original Series (EV adj)                            0.58  (P-Value =     0.7487)
  Residuals                                           0.00  (P-Value =     1.0000)
  Seasonally Adjusted Series                          0.00  (P-Value =     1.0000)
  Seasonally Adjusted Series (EV adj)                 0.00  (P-Value =     1.0000)
  Irregular Series                                    0.00  (P-Value =     1.0000)
  Irregular Series (EV adj)                           0.00  (P-Value =     1.0000)
        bps_permits 13020            PAGE  21, SERIES bps_permits_addi


  Visually significant residual trading day peaks have been
  found in the spectral plot of the following series starting in 2018.Jul:

          differenced original series (Table A1 or B1) (1 Trading Day peak(s))



 WARNING: Series should not be a candidate for seasonal adjustment
          because the spectrum of the original series (Table A1 or B1)
          has no visually significant seasonal peaks.

          If this is a component series of an indirectly adjusted
          composite series, consider using type = trend or type = summary
          in the x11 spec.
        bps_permits 13020            PAGE  22, SERIES bps_permits_addi
 G 0  10*LOG(SPECTRUM) of the differenced Original Series
      (Table A1 or B1).  Spectrum estimated from 2018.Jul to 2026.Jun.
 ++++++++++I+++++++++++++++++++++++++++++++++++++++++++++++++++++++++++++I
      13.97I                                         *                   I     13.97
           I                                         *                   I
           I                                         *                   I
           I                                         *          T        I
      12.09I                                         *          T    *   I     12.09
           I                                         *          T    *   I
           I                                    *    *          T    *   I
           I                                    *   S*          T    *   I
      10.22I                                    *   S*  *       T    *   I     10.22
           I                                *   *   S*T *       T*   *   I
           I                                *   *   S*T**       T*   **  I
           I                                *   *   S*T**       T*   **  I
       8.34I                                *   *   S*T**      *T*   **  I      8.34
           I                               **   *   S*T**    * *T*  ***  I
           I           *                *  **   **  S*T**    *S*T*  ***  I
           I           *               **  **   **  S*T**   **S*T*  ***  I
       6.47I           *               **  **   **  S*T***  **S*T*  ***  I      6.47
           I           *               **  **   **  S*T***  **S*T*  **** I
           I           *               **  **  *** *S*T***  **S*T** **** I
           I           *            *  **  **  *** *S*T***  **S*T*******SI
       4.59I          S*            ****** *** *****S*T*** ***S*T*******SI      4.59
           I          S*            ******S*** *****S*T*******S*T*******SI
           I          S*            ******S*** *****S*T*******S*T*******SI
           I          S*       *    ******S*********S*T*******S*T*******SI
       2.72I          S*   *   *    ******S*********S*T*******S*T*******SI      2.72
           I          S**  *   *    ******S*********S*T*******S*T*******SI
           I       *  S**  *   *    ******S*********S*T*******S*T*******SI
           I      **  S** **   *S  *******S*********S*T*******S*T*******SI
       0.84I      ** *S** *** **S  *******S*********S*T*******S*T*******SI      0.84
           I      ****S****** **S  *******S*********S*T*******S*T*******SI
           I      ****S*********S  *******S*********S*T*******S*T*******SI
           I      ****S*********S  *******S*********S*T*******S*T*******SI
      -1.03I      ****S*********S*********S*********S*T*******S*T*******SI     -1.03
           I     *****S*********S*********S*********S*T*******S*T*******SI
           I     *****S*********S*********S*********S*T*******S*T*******SI
           I     *****S*********S*********S*********S*T*******S*T*******SI
      -2.91I     *****S*********S*********S*********S*T*******S*T*******SI     -2.91
           I    ******S*********S*********S*********S*T*******S*T*******SI
           I    ******S*********S*********S*********S*T*******S*T*******SI
           I    ******S*********S*********S*********S*T*******S*T*******SI
      -4.78I    ******S*********S*********S*********S*T*******S*T*******SI     -4.78
           I   *******S*********S*********S*********S*T*******S*T*******SI
           I   *******S*********S*********S*********S*T*******S*T*******SI
           I   *******S*********S*********S*********S*T*******S*T*******SI
      -6.66I   *******S*********S*********S*********S*T*******S*T*******SI     -6.66
           I   *******S*********S*********S*********S*T*******S*T*******SI
           I   *******S*********S*********S*********S*T*******S*T*******SI
           I  ********S*********S*********S*********S*T*******S*T*******SI
      -8.53I  ********S*********S*********S*********S*T*******S*T*******SI     -8.53
           I  ********S*********S*********S*********S*T*******S*T*******SI
           I  ********S*********S*********S*********S*T*******S*T*******SI
           I *********S*********S*********S*********S*T*******S*T*******SI
     -10.41I**********S*********S*********S*********S*T*******S*T*******SI    -10.41
 ++++++++++I+++++++++++++++++++++++++++++++++++++++++++++++++++++++++++++I
            S=SEASONAL FREQUENCIES, T=TRADING DAY FREQUENCIES
        bps_permits 13020            PAGE  23, SERIES bps_permits_addi
 G 1  10*LOG(SPECTRUM) of the differenced seasonally adjusted 
      data (Table E2).  Spectrum estimated from 2018.Jul to 2026.Jun.
 ++++++++++I+++++++++++++++++++++++++++++++++++++++++++++++++++++++++++++I
      10.11I                                                     *       I     10.11
           I                                                     *       I
           I                                                     *   *   I
           I                                                     *   *   I
       8.61I                                                     *   *   I      8.61
           I                                                     *   *   I
           I                                                     *   *   I
           I                               *                     *   *   I
       7.11I                               *                     *   *   I      7.11
           I                               *                     *  **   I
           I                               *                    T*  **   I
           I                               **                   T*  **   I
       5.60I                               **           *       T*  **   I      5.60
           I                               **   *      **       T*  **   I
           I                         *     **   *     T**       T*  **   I
           I                         *     **   *     T**       T** **   I
       4.10I                         **    **   *     T***  *   T** **   I      4.10
           I                         **    **   *     T***  *   T*****   I
           I                         **    **  **    *T***  *   T*****   I
           I                         **    **  **    *T*** **   T******  I
       2.60I       *                 **    **  **    *T*******  T******  I      2.60
           I      **                 **   S**  **    *T******* *T******  I
           I      **                 **   S*** **    *T******* *T******  I
           I      **                 **   S*** **    *T*******S*T******  I
       1.10I      **                 **   S******    *T*******S*T******  I      1.10
           I      **                 **   S*******  S*T*******S*T******  I
           I      **        **       **   S*******  S*T*******S*T******  I
           I      **        **       ***  S*******  S*T*******S*T******  I
      -0.40I      **        **       *** *S*******  S*T*******S*T******  I     -0.40
           I      **        **       *** *S*******  S*T*******S*T******* I
           I     ***        ***      *****S*******  S*T*******S*T******* I
           I     ****      ****      *****S******* *S*T*******S*T******* I
      -1.90I     ****      ****      *****S*********S*T*******S*T*******SI     -1.90
           I     ****      ****     ******S*********S*T*******S*T*******SI
           I     ****      ****     ******S*********S*T*******S*T*******SI
           I     ****     ******    ******S*********S*T*******S*T*******SI
      -3.40I     ****     ******    ******S*********S*T*******S*T*******SI     -3.40
           I    *****    *******    ******S*********S*T*******S*T*******SI
           I    ******  ********    ******S*********S*T*******S*T*******SI
           I    ****** *********    ******S*********S*T*******S*T*******SI
      -4.90I    ******S*********    ******S*********S*T*******S*T*******SI     -4.90
           I    ******S*********S   ******S*********S*T*******S*T*******SI
           I    ******S*********S   ******S*********S*T*******S*T*******SI
           I   *******S*********S  *******S*********S*T*******S*T*******SI
      -6.40I   *******S*********S  *******S*********S*T*******S*T*******SI     -6.40
           I   *******S*********S  *******S*********S*T*******S*T*******SI
           I   *******S*********S* *******S*********S*T*******S*T*******SI
           I   *******S*********S*********S*********S*T*******S*T*******SI
      -7.91I  ********S*********S*********S*********S*T*******S*T*******SI     -7.91
           I  ********S*********S*********S*********S*T*******S*T*******SI
           I  ********S*********S*********S*********S*T*******S*T*******SI
           I *********S*********S*********S*********S*T*******S*T*******SI
      -9.41I**********S*********S*********S*********S*T*******S*T*******SI     -9.41
 ++++++++++I+++++++++++++++++++++++++++++++++++++++++++++++++++++++++++++I
            S=SEASONAL FREQUENCIES, T=TRADING DAY FREQUENCIES
        bps_permits 13020            PAGE  24, SERIES bps_permits_addi
 G 2  10*LOG(SPECTRUM) of the Modified Irregular (Table E3).  
      Spectrum estimated from 2018.Jul to 2026.Jun.
 ++++++++++I+++++++++++++++++++++++++++++++++++++++++++++++++++++++++++++I
       4.34I                               *                             I      4.34
           I                               *                             I
           I                               *                             I
           I                         *     **                            I
       3.03I                         *     **                    *   *   I      3.03
           I                *        *     **                    *   *   I
           I                **       *     **                    *   *   I
           I                **       *     **                    *   *   I
       1.72I                **       **    **                    *   *   I      1.72
           I               ***       **    **                    *   *   I
           I               ****      **    **                    *   *   I
           I               ****      **    **         T*        T*  **   I
       0.42I               ****      **    **   *     T*        T*  **   I      0.42
           I               ****      **    **  **     T*        T*  **   I
           I            *  ****      **    **  **     T*        T*  **   I
           I            *  ****      **    **  **     T**       T** **   I
      -0.89I            *  ****      **    **  **     T**       T** **   I     -0.89
           I      *    **  ****      **   S*** **     T**       T** **   I
           I      *    ** *****     ****  S*** **    *T*** *    T*****   I
           I      **   ********     ****  S******    *T******   T*****   I
      -2.20I      **   ********     ****  S******    *T******   T*****   I     -2.20
           I      **   ********     ****  S******    *T******   T******  I
           I      **   *********    ****  S******    *T******  *T******  I
           I      **   *********    ***** S*******   *T******* *T******  I
      -3.50I      **   *********    ******S*******  S*T******* *T******  I     -3.50
           I      **   *********    ******S*******  S*T*******S*T******  I
           I      **   *********    ******S*******  S*T*******S*T******  I
           I      **   *********    ******S*******  S*T*******S*T******  I
      -4.81I      **   *********    ******S*******  S*T*******S*T******  I     -4.81
           I      **   *********    ******S*******  S*T*******S*T******  I
           I      **  S*********    ******S*********S*T*******S*T******  I
           I      **  S*********   *******S*********S*T*******S*T******  I
      -6.11I      **  S*********   *******S*********S*T*******S*T******  I     -6.11
           I      **  S*********S  *******S*********S*T*******S*T******* I
           I      *** S*********S  *******S*********S*T*******S*T******* I
           I      *** S*********S  *******S*********S*T*******S*T******* I
      -7.42I      *** S*********S  *******S*********S*T*******S*T*******SI     -7.42
           I      ****S*********S ********S*********S*T*******S*T*******SI
           I      ****S*********S*********S*********S*T*******S*T*******SI
           I*    *****S*********S*********S*********S*T*******S*T*******SI
      -8.73I*    *****S*********S*********S*********S*T*******S*T*******SI     -8.73
           I*    *****S*********S*********S*********S*T*******S*T*******SI
           I*    *****S*********S*********S*********S*T*******S*T*******SI
           I*    *****S*********S*********S*********S*T*******S*T*******SI
     -10.03I**   *****S*********S*********S*********S*T*******S*T*******SI    -10.03
           I**   *****S*********S*********S*********S*T*******S*T*******SI
           I**   *****S*********S*********S*********S*T*******S*T*******SI
           I**   *****S*********S*********S*********S*T*******S*T*******SI
     -11.34I**   *****S*********S*********S*********S*T*******S*T*******SI    -11.34
           I**   *****S*********S*********S*********S*T*******S*T*******SI
           I*** ******S*********S*********S*********S*T*******S*T*******SI
           I*** ******S*********S*********S*********S*T*******S*T*******SI
     -12.64I**********S*********S*********S*********S*T*******S*T*******SI    -12.64
 ++++++++++I+++++++++++++++++++++++++++++++++++++++++++++++++++++++++++++I
            S=SEASONAL FREQUENCIES, T=TRADING DAY FREQUENCIES
        bps_permits 13020            PAGE  25, SERIES bps_permits_addi

  Peak probabilities for Tukey spectrum estimator
  Spectrum estimated from 2018.Jul to 2026.Jun.

                                          S1       S2       S3       S4       S5       S6       TD
                                        ------   ------   ------   ------   ------   ------   ------
  Model Residuals                        0.817    0.464    0.382    0.351    0.025    0.316    0.303  
  Original Series (Table A1 or B1)       0.983*   0.627    0.101    0.231    0.175    0.291    0.420  
  Seasonally adjusted series (E2)        0.739    0.159    0.563    0.362    0.018    0.053    0.554  
  Modified Irregular (E3)                0.738    0.028    0.455    0.276    0.028    0.084    0.609  
  ----------
     ** - Peak Probability > 0.99,
      * - 0.90 < Peak Probability < 0.99


