  Reading input spec file from D:\Programming\Dynamic Paper-dlrhcs_replication\outputs\empirical\unemployment\raw_sa_pilot\x13_work\bps_permits_additive_level_12700_200401_202606.spc

1

               U. S. Department of Commerce, U. S. Census Bureau

              X-13ARIMA-SEATS monthly seasonal adjustment Method,
                          Release Version 1.1 Build 62


           This software application provides an enhanced version of
             Statistics Canada's X-11-ARIMA extension (Dagum, 1980)
                 of the X-11 variant of the Census Method II of
                      Shiskin, Young and Musgrave (1967).

            It also provides an ARIMA model-based method following
       Hillmer and Tiao (1982) and Burman (1980) that is very similar
       to the update of the method of SEATS (Gomez and Maravall, 1996)
                produced at the Bank of Spain by G. Caporello and
               A. Maravall for TSW (Caporello and Maravall, 2004).
          The present application includes additional enhancements.

         X-13ARIMA-SEATS includes an automatic ARIMA model selection procedure
          based largely on the procedure of Gomez and Maravall (1998)
            as implemented in TRAMO (1996) and subsequent revisions.

              Primary Programmers: Brian Monsell, Mark Otto and,
                 for the ARIMA model-based signal extraction,
                      Gianluca Caporello and Victor Gomez


     Series Title- bps_permits 12700
     Series Name- bps_permits_addi
     Jul 29, 2026  08.22.57 

        -Period covered-  1st month,2004 to  6th month,2026
        -Type of run - additive seasonal adjustment

        -Sigma limits for graduating extreme values are  1.5 and  2.5 .
        -3x3 moving average used in section 1 of each iteration, 
         3x5 moving average in section 2 of iterations B and C,
         moving average for final seasonal factors chosen by Global MSR.
        -Holiday adjustment factors applied directly to the final seasonally adjusted series
        -Spectral plots generated for selected series
        -Spectral plots generated for series starting in 2018.Jul

 FILE SAVE REQUESTS (* indicates file exists and will be overwritten)
  D:\Programming\Dynamic Paper-dlrhcs_replication\outputs\empirical\unemployment\raw_sa_pilot\x13_work\bps_permits_additive_level_12700_200401_202606.d10  final seasonal factors
  D:\Programming\Dynamic Paper-dlrhcs_replication\outputs\empirical\unemployment\raw_sa_pilot\x13_work\bps_permits_additive_level_12700_200401_202606.d11  final seasonally adjusted data
  D:\Programming\Dynamic Paper-dlrhcs_replication\outputs\empirical\unemployment\raw_sa_pilot\x13_work\bps_permits_additive_level_12700_200401_202606.out  program output file
  D:\Programming\Dynamic Paper-dlrhcs_replication\outputs\empirical\unemployment\raw_sa_pilot\x13_work\bps_permits_additive_level_12700_200401_202606.err  program error file
        bps_permits 12700            PAGE   1, SERIES bps_permits_addi

     Contents of spc file D:\Programming\Dynamic Paper-dlrhcs_replication\outputs\empirical\unemployment\raw_sa_pilot\x13_work\bps_permits_additive_level_12700_200401_202606.spc

 Line #
 ------
      1: series {
      2:   title = "bps_permits 12700"
      3:   start = 2004.1
      4:   period = 12
      5:   data = (
      6: 85
      7: 81
      8: 121
      9: 186
     10: 112
     11: 142
     12: 125
     13: 94
     14: 111
     15: 82
     16: 91
     17: 91
     18: 61
     19: 69
     20: 109
     21: 89
     22: 95
     23: 116
     24: 134
     25: 129
     26: 105
     27: 86
     28: 95
     29: 83
     30: 69
     31: 61
     32: 84
     33: 108
     34: 84
     35: 67
     36: 68
     37: 96
     38: 75
     39: 73
     40: 75
     41: 76
     42: 59
     43: 74
     44: 68
     45: 43
     46: 52
     47: 53
     48: 75
     49: 53
     50: 72
     51: 93
     52: 42
     53: 62
     54: 60
     55: 34
     56: 22
     57: 44
     58: 34
     59: 63
     60: 69
     61: 34
     62: 28
     63: 32
     64: 21
     65: 26
     66: 25
     67: 15
     68: 22
     69: 19
     70: 18
     71: 28
     72: 27
     73: 30
     74: 18
     75: 31
     76: 36
     77: 28
     78: 16
     79: 23
     80: 23
     81: 31
     82: 23
     83: 36
     84: 34
     85: 26
     86: 31
     87: 29
     88: 37
     89: 43
     90: 17
     91: 16
     92: 21
     93: 15
     94: 30
     95: 44
     96: 27
     97: 17
     98: 31
     99: 43
    100: 49
    101: 39
    102: 17
    103: 37
    104: 31
    105: 32
    106: 33
    107: 38
    108: 27
    109: 38
    110: 47
    111: 59
    112: 35
    113: 33
    114: 42
    115: 23
    116: 32
    117: 36
    118: 45
    119: 33
    120: 41
    121: 43
    122: 39
    123: 62
    124: 46
    125: 56
    126: 48
    127: 31
    128: 43
    129: 58
    130: 59
    131: 60
    132: 48
    133: 50
    134: 38
    135: 36
    136: 31
    137: 63
    138: 7
    139: 2
    140: 3
    141: 6
    142: 6
    143: 8
    144: 9
    145: 26
    146: 8
    147: 9
    148: 7
    149: 10
    150: 5
    151: 5
    152: 9
    153: 8
    154: 8
    155: 7
    156: 9
    157: 10
    158: 7
    159: 9
    160: 9
    161: 6
    162: 8
    163: 9
    164: 9
    165: 7
    166: 7
    167: 50
    168: 5
    169: 7
    170: 8
    171: 10
    172: 7
    173: 6
    174: 5
    175: 6
    176: 13
    177: 7
    178: 5
    179: 11
    180: 8
    181: 9
    182: 7
    183: 5
    184: 9
    185: 4
    186: 5
    187: 6
    188: 3
    189: 7
    190: 8
    191: 2
    192: 5
    193: 1
    194: 2
    195: 10
    196: 8
    197: 4
    198: 20
    199: 5
    200: 5
    201: 6
    202: 8
    203: 10
    204: 6
    205: 8
    206: 13
    207: 10
    208: 6
    209: 15
    210: 4
    211: 7
    212: 10
    213: 8
    214: 5
    215: 11
    216: 5
    217: 9
    218: 7
    219: 5
    220: 5
    221: 9
    222: 50
    223: 45
    224: 55
    225: 54
    226: 51
    227: 60
    228: 41
    229: 69
    230: 89
    231: 56
    232: 32
    233: 48
    234: 38
    235: 27
    236: 35
    237: 29
    238: 54
    239: 31
    240: 40
    241: 45
    242: 71
    243: 38
    244: 36
    245: 38
    246: 31
    247: 38
    248: 46
    249: 34
    250: 60
    251: 55
    252: 33
    253: 322
    254: 101
    255: 79
    256: 77
    257: 77
    258: 20
    259: 76
    260: 57
    261: 52
    262: 94
    263: 33
    264: 44
    265: 42
    266: 25
    267: 103
    268: 46
    269: 97
    270: 27
    271: 20
    272: 29
    273: 28
    274: 19
    275: 33
    276:   )
    277: }
    278: transform { function = none }
    279: regression { aictest = (td easter) }
    280: automdl {}
    281: x11 { mode = add save = (d10 d11) }
        bps_permits 12700            PAGE   2, SERIES bps_permits_addi

 A 1  Time series data (for the span analyzed)
  From  2004.Jan to 2026.Jun
  Observations        270
 -----------------------------------------------------------------------------
               Jan      Feb      Mar      Apr      May      Jun 
               Jul      Aug      Sep      Oct      Nov      Dec        TOTAL  
 -----------------------------------------------------------------------------
  2004          85.      81.     121.     186.     112.     142.
               125.      94.     111.      82.      91.      91.         1321.
 
  2005          61.      69.     109.      89.      95.     116.
               134.     129.     105.      86.      95.      83.         1171.
 
  2006          69.      61.      84.     108.      84.      67.
                68.      96.      75.      73.      75.      76.          936.
 
  2007          59.      74.      68.      43.      52.      53.
                75.      53.      72.      93.      42.      62.          746.
 
  2008          60.      34.      22.      44.      34.      63.
                69.      34.      28.      32.      21.      26.          467.
 
  2009          25.      15.      22.      19.      18.      28.
                27.      30.      18.      31.      36.      28.          297.
 
  2010          16.      23.      23.      31.      23.      36.
                34.      26.      31.      29.      37.      43.          352.
 
  2011          17.      16.      21.      15.      30.      44.
                27.      17.      31.      43.      49.      39.          349.
 
  2012          17.      37.      31.      32.      33.      38.
                27.      38.      47.      59.      35.      33.          427.
 
  2013          42.      23.      32.      36.      45.      33.
                41.      43.      39.      62.      46.      56.          498.
 
  2014          48.      31.      43.      58.      59.      60.
                48.      50.      38.      36.      31.      63.          565.
 
  2015           7.       2.       3.       6.       6.       8.
                 9.      26.       8.       9.       7.      10.          101.
 
  2016           5.       5.       9.       8.       8.       7.
                 9.      10.       7.       9.       9.       6.           92.
 
  2017           8.       9.       9.       7.       7.      50.
                 5.       7.       8.      10.       7.       6.          133.
 
  2018           5.       6.      13.       7.       5.      11.
                 8.       9.       7.       5.       9.       4.           89.
 
  2019           5.       6.       3.       7.       8.       2.
                 5.       1.       2.      10.       8.       4.           61.
 
  2020          20.       5.       5.       6.       8.      10.
                 6.       8.      13.      10.       6.      15.          112.
 
  2021           4.       7.      10.       8.       5.      11.
                 5.       9.       7.       5.       5.       9.           85.
 
  2022          50.      45.      55.      54.      51.      60.
                41.      69.      89.      56.      32.      48.          650.
 
  2023          38.      27.      35.      29.      54.      31.
                40.      45.      71.      38.      36.      38.          482.
 
  2024          31.      38.      46.      34.      60.      55.
                33.     322.     101.      79.      77.      77.          953.
 
  2025          20.      76.      57.      52.      94.      33.
                44.      42.      25.     103.      46.      97.          689.
 
  2026          27.      20.      29.      28.      19.      33.
                                                                          156.
 
  AVGE          31.      31.      37.      39.      40.      43.
                40.      53.      42.      44.      36.      42.

  Table Total-       10732.   Mean-        40.   Std. Dev.-        36.
                              Min -         1.        Max -       322.
        bps_permits 12700            PAGE   3, SERIES bps_permits_addi
                        Automatic ARIMA Model Selection

                    Procedure based closely on TRAMO method 
                         of Gomez and Maravall (2000)
              "Automatic Modeling Methods for Univariate Series",
                            A Course in Time Series
                  (Edited by D. Pena, G. C. Tiao, R. S. Tsay),
                         New York : J. Wiley and Sons


     Maximum order for regular ARMA parameters :   2
     Maximum order for seasonal ARMA parameters :   1
     Maximum order for regular differencing :   2
     Maximum order for seasonal differencing :   1

   Results of Unit Root Test for identifying orders of differencing:
     Regular difference order :   0
     Seasonal difference order :   0

  Automatic model choice : (1 0 1)
   Model changed to 
   ( 0, 1, 1) ( 0, 1, 1) without constant term


  Final Checks for Identified Model


  Checking for Unit Roots.
   No unit roots found.

  Checking for nonseasonal overdifferencing.
   Nonseasonal MA not within  0.001 of 1.0 - model passes test.

  Checking for insignificant ARMA coefficients.

  Final automatic model choice : (0 1 1)(0 1 1)
   End of automatic model selection procedure.

 Average absolute percentage error in within-sample forecasts:
  Last year: 120.96      Last-1 year:  49.41     Last-2 year:  15.13
  Last three years:   61.83

 Estimation converged in    1 ARMA iterations,    4 function evaluations.

 ARIMA Model:  (0 1 1)(0 1 1)
   Nonseasonal differences: 1
   Seasonal differences:    1
                                              Standard
 Parameter                    Estimate          Errors
 -----------------------------------------------------
 Nonseasonal MA                                    
   Lag  1                       0.7393         0.04121

 Seasonal MA                                       
   Lag 12                       0.8496         0.04065

 Variance                       0.58576E+03
 SE of Var                      0.51673E+02
 -----------------------------------------------------

 Likelihood Statistics
 ------------------------------------------------------------------
 Number of observations (nobs)                                  270
 Effective number of observations (nefobs)                      257
 Number of parameters estimated (np)                              3
 Log likelihood (L)                                      -1191.6767
 AIC                                                      2389.3534 
 AICC (F-corrected-AIC)                                   2389.4483 
 Hannan Quinn                                             2393.6352 
 BIC                                                      2400.0007 
 ------------------------------------------------------------------

 QS Statistic for regARIMA Model Residuals (full series):             0.00
                                                       (P-Value =     1.0000)

 QS Statistic for regARIMA Model Residuals (starting 2018.Jul):       0.00
                                                       (P-Value =     1.0000)
      10*LOG(SPECTRUM) of the regARIMA model residuals
      Spectrum estimated from 2018.Jul to 2026.Jun.
 ++++++++++I+++++++++++++++++++++++++++++++++++++++++++++++++++++++++++++I
      34.70I         *                                                   I     34.70
           I         *                                                   I
           I         *      *                         T                  I
           I         *      *                         T                  I
      33.87I         *      *                         T                  I     33.87
           I         *     **                         T                  I
           I         *     **                         T *                I
           I    *    *     **                         T**                I
      33.05I    *    *     **        *                T***               I     33.05
           I    *    *     **        *                T***        *      I
           I    *    *     **        *     *     *    T***        *      I
           I    *    *     ***       *     *     *    T***        *      I
      32.23I    *    *     ***       *     *     *    T***        *      I     32.23
           I    **   *    ****       *     *    **   *T***        *      I
           I    **   *    ****       *     *    **   *T***       **      I
           I    **   *    ****       *     *    **   *T***       ***     I
      31.40I    **   *    ****       *     **   **   *T***      T***     I     31.40
           I    **  **    ****       *     **   **   *T***      T***    SI
           I    **  **    ****       *     **   **   *T***      T***    SI
           I    **  **    ****       *     **   **   *T***      T***    SI
      30.58I    **  **    ****       *     **   **   *T***      T***   *SI     30.58
           I    **  **    ****       *     **   ***  *T***     *T***   *SI
           I    **  **    ****      **     **   ***  *T***     *T***   *SI
           I    **  **    ****      **     **   ***  *T***     *T***   *SI
      29.76I    **  **S   ****      **     **   *** S*T***     *T****  *SI     29.76
           I    **  **S   *****     **     **  **** S*T***     *T**** **SI
           I    **  **S   *****     **     **  **** S*T***     *T**** **SI
           I    **  **S  ******     **     **  **** S*T***     *T**** **SI
      28.93I    **  **S  ******     **     *** *****S*T***     *T*******SI     28.93
           I    **  **S  ******     ***    *** *****S*T****    *T*******SI
           I   ***  **S  ******  *  ***    *********S*T****    *T*******SI
           I   **** **S  ****** S*  ***   S*********S*T****    *T*******SI
      28.11I   **** **S  *******S** ***   S*********S*T****    *T*******SI     28.11
           I   *******S  *******S******   S*********S*T****    *T*******SI
           I   *******S  *******S******   S*********S*T****   S*T*******SI
           I   *******S  *******S******   S*********S*T****   S*T*******SI
      27.29I   *******S  *******S******   S*********S*T****   S*T*******SI     27.29
           I   *******S*********S******   S*********S*T****   S*T*******SI
           I*  *******S*********S******   S*********S*T****   S*T*******SI
           I*  *******S*********S******   S*********S*T****   S*T*******SI
      26.46I**********S*********S******   S*********S*T****   S*T*******SI     26.46
           I**********S*********S******   S*********S*T****   S*T*******SI
           I**********S*********S******   S*********S*T****   S*T*******SI
           I**********S*********S******   S*********S*T****   S*T*******SI
      25.64I**********S*********S******   S*********S*T****   S*T*******SI     25.64
           I**********S*********S******   S*********S*T*****  S*T*******SI
           I**********S*********S******   S*********S*T***** *S*T*******SI
           I**********S*********S******* *S*********S*T***** *S*T*******SI
      24.82I**********S*********S******* *S*********S*T***** *S*T*******SI     24.82
           I**********S*********S******* *S*********S*T***** *S*T*******SI
           I**********S*********S******* *S*********S*T*******S*T*******SI
           I**********S*********S******* *S*********S*T*******S*T*******SI
      23.99I**********S*********S*********S*********S*T*******S*T*******SI     23.99
 ++++++++++I+++++++++++++++++++++++++++++++++++++++++++++++++++++++++++++I
            S=SEASONAL FREQUENCIES, T=TRADING DAY FREQUENCIES


 FORECASTING
  Origin  2026.Jun
  Number        12

  Forecasts and Standard Errors
   ------------------------------
                         Standard
       Date   Forecast      Error
   ------------------------------
   2026.Jul      27.91     24.202
   2026.Aug      68.02     25.012
   2026.Sep      41.15     25.795
   2026.Oct      44.46     26.556
   2026.Nov      31.66     27.296
   2026.Dec      42.43     28.016
   2027.Jan      23.13     28.718
   2027.Feb      27.34     29.403
   2027.Mar      30.27     30.072
   2027.Apr      28.33     30.727
   2027.May      36.70     31.369
   2027.Jun      31.94     31.997
   ------------------------------

  Confidence intervals with coverage probability ( 0.95000
   ---------------------------------------
       Date      Lower  Forecast     Upper
   ---------------------------------------
   2026.Jul     -19.53     27.91     75.35
   2026.Aug      19.00     68.02    117.04
   2026.Sep      -9.41     41.15     91.71
   2026.Oct      -7.59     44.46     96.51
   2026.Nov     -21.84     31.66     85.16
   2026.Dec     -12.48     42.43     97.34
   2027.Jan     -33.16     23.13     79.41
   2027.Feb     -30.29     27.34     84.96
   2027.Mar     -28.67     30.27     89.21
   2027.Apr     -31.90     28.33     88.55
   2027.May     -24.78     36.70     98.18
   2027.Jun     -30.77     31.94     94.65
   ---------------------------------------
        bps_permits 12700            PAGE   4, SERIES bps_permits_addi

 B 1  Original series (prior adjusted)
  From  2004.Jan to 2026.Jun
  Observations        270
 -----------------------------------------------------------------------------
               Jan      Feb      Mar      Apr      May      Jun 
               Jul      Aug      Sep      Oct      Nov      Dec        TOTAL  
 -----------------------------------------------------------------------------
  2004          85.      81.     121.     186.     112.     142.
               125.      94.     111.      82.      91.      91.         1321.
 
  2005          61.      69.     109.      89.      95.     116.
               134.     129.     105.      86.      95.      83.         1171.
 
  2006          69.      61.      84.     108.      84.      67.
                68.      96.      75.      73.      75.      76.          936.
 
  2007          59.      74.      68.      43.      52.      53.
                75.      53.      72.      93.      42.      62.          746.
 
  2008          60.      34.      22.      44.      34.      63.
                69.      34.      28.      32.      21.      26.          467.
 
  2009          25.      15.      22.      19.      18.      28.
                27.      30.      18.      31.      36.      28.          297.
 
  2010          16.      23.      23.      31.      23.      36.
                34.      26.      31.      29.      37.      43.          352.
 
  2011          17.      16.      21.      15.      30.      44.
                27.      17.      31.      43.      49.      39.          349.
 
  2012          17.      37.      31.      32.      33.      38.
                27.      38.      47.      59.      35.      33.          427.
 
  2013          42.      23.      32.      36.      45.      33.
                41.      43.      39.      62.      46.      56.          498.
 
  2014          48.      31.      43.      58.      59.      60.
                48.      50.      38.      36.      31.      63.          565.
 
  2015           7.       2.       3.       6.       6.       8.
                 9.      26.       8.       9.       7.      10.          101.
 
  2016           5.       5.       9.       8.       8.       7.
                 9.      10.       7.       9.       9.       6.           92.
 
  2017           8.       9.       9.       7.       7.      50.
                 5.       7.       8.      10.       7.       6.          133.
 
  2018           5.       6.      13.       7.       5.      11.
                 8.       9.       7.       5.       9.       4.           89.
 
  2019           5.       6.       3.       7.       8.       2.
                 5.       1.       2.      10.       8.       4.           61.
 
  2020          20.       5.       5.       6.       8.      10.
                 6.       8.      13.      10.       6.      15.          112.
 
  2021           4.       7.      10.       8.       5.      11.
                 5.       9.       7.       5.       5.       9.           85.
 
  2022          50.      45.      55.      54.      51.      60.
                41.      69.      89.      56.      32.      48.          650.
 
  2023          38.      27.      35.      29.      54.      31.
                40.      45.      71.      38.      36.      38.          482.
 
  2024          31.      38.      46.      34.      60.      55.
                33.     322.     101.      79.      77.      77.          953.
 
  2025          20.      76.      57.      52.      94.      33.
                44.      42.      25.     103.      46.      97.          689.
 
  2026          27.      20.      29.      28.      19.      33.
                                                                          156.
 
  AVGE          31.      31.      37.      39.      40.      43.
                40.      53.      42.      44.      36.      42.

  Table Total-       10732.   Mean-        40.   Std. Dev.-        36.
                              Min -         1.        Max -       322.

 B 1.A  Forecasts of (prior adjusted) original series
  From  2026.Jul to 2027.Jun
  Observations         12
 -----------------------------------------------------------------------------
               Jan      Feb      Mar      Apr      May      Jun 
               Jul      Aug      Sep      Oct      Nov      Dec        TOTAL  
 -----------------------------------------------------------------------------
  2026                                                          
                28.      68.      41.      44.      32.      42.          256.
 
  2027          23.      27.      30.      28.      37.      32.
                                                                          178.
 
        bps_permits 12700            PAGE   5, SERIES bps_permits_addi

 C 17  Final weights for irregular component
  From  2004.Jan to 2026.Jun
  Observations        270
  Lower sigma limit    1.50
  Upper sigma limit    2.50
 -----------------------------------------------------------------------------
               Jan      Feb      Mar      Apr      May      Jun 
               Jul      Aug      Sep      Oct      Nov      Dec         S.D.  
 -----------------------------------------------------------------------------
  2004         100.     100.     100.       0.     100.      64.
               100.     100.     100.     100.     100.     100.         1047.
 
  2005         100.     100.     100.      82.     100.     100.
               100.     100.     100.     100.     100.     100.         1047.
 
  2006         100.     100.     100.      81.     100.      97.
                25.      68.     100.     100.     100.     100.         1047.
 
  2007         100.      61.     100.      11.     100.     100.
               100.     100.     100.       0.      39.     100.          983.
 
  2008          63.     100.       7.     100.     100.     100.
               100.     100.     100.     100.     100.     100.          920.
 
  2009         100.     100.     100.     100.     100.     100.
               100.     100.     100.     100.     100.     100.          813.
 
  2010         100.     100.     100.     100.     100.     100.
               100.     100.     100.     100.     100.     100.          709.
 
  2011         100.     100.     100.     100.     100.      87.
               100.      20.     100.     100.      44.     100.          583.
 
  2012           0.      86.     100.     100.     100.     100.
               100.     100.     100.      58.     100.      99.          581.
 
  2013         100.     100.     100.     100.     100.     100.
               100.     100.     100.     100.     100.     100.          604.
 
  2014         100.      64.     100.     100.     100.     100.
               100.     100.     100.     100.     100.       0.          531.
 
  2015           0.     100.     100.     100.     100.     100.
               100.       0.     100.     100.     100.     100.          448.
 
  2016         100.     100.     100.     100.     100.     100.
               100.     100.     100.     100.     100.     100.          405.
 
  2017         100.     100.     100.     100.      77.       0.
                11.     100.     100.     100.     100.     100.          382.
 
  2018         100.     100.      40.     100.     100.     100.
               100.     100.     100.     100.     100.     100.          318.
 
  2019         100.     100.     100.     100.     100.     100.
               100.     100.     100.     100.     100.     100.          424.
 
  2020         100.     100.     100.     100.     100.     100.
               100.     100.     100.     100.     100.     100.          624.
 
  2021         100.     100.     100.     100.     100.     100.
               100.     100.     100.     100.     100.      24.          751.
 
  2022         100.     100.     100.     100.     100.     100.
               100.     100.       0.     100.     100.     100.         1145.
 
  2023         100.     100.     100.     100.     100.     100.
               100.     100.      85.     100.     100.     100.         1562.
 
  2024         100.     100.     100.     100.     100.     100.
                 0.       0.     100.     100.     100.     100.         1583.
 
  2025          32.     100.     100.     100.       2.     100.
               100.     100.     100.       0.     100.      42.         1516.
 
  2026         100.     100.     100.     100.     100.     100.
                                                                         1516.
 
        bps_permits 12700            PAGE   6, SERIES bps_permits_addi

 D 8  Final unmodified SI ratios
  From  2004.Jan to 2026.Jun
  Observations        270
 -----------------------------------------------------------------------------
               Jan      Feb      Mar      Apr      May      Jun 
               Jul      Aug      Sep      Oct      Nov      Dec         AVGE  
 -----------------------------------------------------------------------------
  2004         -24.     -32.       6.      70.      -4.      30.
                18.      -7.      16.     -10.      -0.       0.            5.
 
  2005         -30.     -21.      17.      -8.      -7.      10.
                25.      21.       0.     -13.       3.      -5.           -1.
 
  2006         -17.     -24.      -1.      25.       4.     -11.
                -7.      22.       1.      -2.      -1.      -0.           -1.
 
  2007         -15.       2.       1.     -19.      -7.      -3.
                19.      -4.      13.      33.     -18.       5.            0.
 
  2008           6.     -16.     -26.      -3.     -13.      16.
                25.      -5.      -6.       4.      -4.       2.           -2.
 
  2009           1.     -10.      -2.      -4.      -4.       6.
                 5.       7.      -7.       5.      10.       1.            1.
 
  2010         -11.      -5.      -6.       2.      -7.       7.
                 5.      -3.       2.      -1.       8.      15.            1.
 
  2011         -10.     -10.      -5.     -12.       2.      14.
                -4.     -14.      -1.      10.      14.       2.           -1.
 
  2012         -21.      -1.      -6.      -4.      -2.       3.
                -9.       1.       9.      21.      -3.      -4.           -1.
 
  2013           5.     -14.      -6.      -2.       7.      -5.
                 2.       2.      -4.      16.      -2.       7.            1.
 
  2014          -2.     -21.     -10.       3.       4.       7.
                -2.       5.      -1.       2.       2.      39.            2.
 
  2015         -12.     -12.      -7.      -1.       1.       3.
                 4.      20.       1.       2.      -1.       2.           -0.
 
  2016          -4.      -5.      -1.      -1.       0.       0.
                 3.       4.      -0.       1.       1.      -3.           -0.
 
  2017          -1.      -1.      -1.      -3.      -3.      40.
                -5.      -2.      -1.       2.      -0.      -1.            2.
 
  2018          -2.      -1.       6.      -0.      -3.       3.
                 0.       1.      -0.      -2.       3.      -2.            0.
 
  2019          -0.       1.      -2.       2.       4.      -2.
                 1.      -3.      -4.       3.      -0.      -5.           -1.
 
  2020          12.      -3.      -2.      -0.       1.       3.
                -3.      -2.       2.      -1.      -5.       6.            1.
 
  2021          -4.       0.       4.       1.      -2.       4.
                -1.       4.       0.      -6.     -13.     -18.           -2.
 
  2022          13.      -1.       3.      -1.      -4.       6.
               -12.      16.      37.       6.     -15.       5.            4.
 
  2023          -3.     -12.      -3.      -9.      15.      -9.
                -0.       5.      32.      -1.      -3.      -2.            1.
 
  2024          -9.      -4.      -0.     -19.      -2.     -16.
               -46.     238.      17.      -2.       1.       5.           13.
 
  2025         -49.       8.      -9.      -9.      40.     -12.
                 7.       9.      -9.      65.       4.      53.            8.
 
  2026         -16.     -19.      -6.      -4.     -14.      -2.
                                                                          -10.
 
  AVGE          -8.      -9.      -2.       0.       0.       4.
                 1.      14.       4.       6.      -1.       5.

  Table Total-         307.   Mean-         1.   Std. Dev.-        20.
                              Min -       -49.        Max -       238.
        bps_permits 12700            PAGE   7, SERIES bps_permits_addi

 D 8.B  Final unmodified SI ratios, with labels for outliers and extreme values
  From  2004.Jan to 2026.Jun
  Observations        270
 ---------------------------------------------------------------------
               Jan       Feb       Mar       Apr       May       Jun  
               Jul       Aug       Sep       Oct       Nov       Dec  
 ---------------------------------------------------------------------
  2004        -24.      -32.        6.       70.*      -4.       30.* 
               18.       -7.       16.      -10.       -0.        0.  
 
  2005        -30.      -21.       17.       -8.*      -7.       10.  
               25.       21.        0.      -13.        3.       -5.  
 
  2006        -17.      -24.       -1.       25.*       4.      -11.* 
               -7.*      22.*       1.       -2.       -1.       -0.  
 
  2007        -15.        2.*       1.      -19.*      -7.       -3.  
               19.       -4.       13.       33.*     -18.*       5.  
 
  2008          6.*     -16.      -26.*      -3.      -13.       16.  
               25.       -5.       -6.        4.       -4.        2.  
 
  2009          1.      -10.       -2.       -4.       -4.        6.  
                5.        7.       -7.        5.       10.        1.  
 
  2010        -11.       -5.       -6.        2.       -7.        7.  
                5.       -3.        2.       -1.        8.       15.  
 
  2011        -10.      -10.       -5.      -12.        2.       14.* 
               -4.      -14.*      -1.       10.       14.*       2.  
 
  2012        -21.*      -1.*      -6.       -4.       -2.        3.  
               -9.        1.        9.       21.*      -3.       -4.* 
 
  2013          5.      -14.       -6.       -2.        7.       -5.  
                2.        2.       -4.       16.       -2.        7.  
 
  2014         -2.      -21.*     -10.        3.        4.        7.  
               -2.        5.       -1.        2.        2.       39.* 
 
  2015        -12.*     -12.       -7.       -1.        1.        3.  
                4.       20.*       1.        2.       -1.        2.  
 
  2016         -4.       -5.       -1.       -1.        0.        0.  
                3.        4.       -0.        1.        1.       -3.  
 
  2017         -1.       -1.       -1.       -3.       -3.*      40.* 
               -5.*      -2.*      -1.        2.       -0.       -1.  
 
  2018         -2.       -1.        6.*      -0.       -3.        3.  
                0.        1.       -0.       -2.        3.       -2.  
 
  2019         -0.        1.       -2.        2.        4.       -2.  
                1.       -3.       -4.        3.       -0.       -5.  
 
  2020         12.       -3.       -2.       -0.        1.        3.  
               -3.       -2.        2.       -1.       -5.        6.  
 
  2021         -4.        0.        4.        1.       -2.        4.  
               -1.        4.        0.       -6.      -13.      -18.* 
 
  2022         13.       -1.        3.       -1.       -4.        6.  
              -12.       16.       37.*       6.      -15.        5.  
 
  2023         -3.      -12.       -3.       -9.       15.       -9.  
               -0.        5.       32.*      -1.       -3.       -2.  
 
  2024         -9.       -4.       -0.      -19.       -2.      -16.  
              -46.*     238.*      17.       -2.        1.        5.  
 
  2025        -49.*       8.       -9.       -9.       40.*     -12.  
                7.        9.       -9.       65.*       4.       53.* 
 
  2026        -16.      -19.       -6.       -4.      -14.       -2.  
                                                                      
 

  Key to symbols:
    *  : extreme value as determined by X-11 extreme value procedure
 
        bps_permits 12700            PAGE   8, SERIES bps_permits_addi

 D 9  Final replacement values for SI ratios
  From  2004.Jan to 2026.Jun
  Observations        270
 ---------------------------------------------------------------
               Jan      Feb      Mar      Apr      May      Jun 
               Jul      Aug      Sep      Oct      Nov      Dec 
 ---------------------------------------------------------------
  2004     ******** ******** ********      16. ********      22.
           ******** ******** ******** ******** ******** ********
 
  2005     ******** ******** ********      -5. ******** ********
           ******** ******** ******** ******** ******** ********
 
  2006     ******** ******** ********      22. ********     -10.
                10.      16. ******** ******** ******** ********
 
  2007     ********      -5. ********       2. ******** ********
           ******** ******** ********       1.      -5. ********
 
  2008           0. ********      -5. ******** ******** ********
           ******** ******** ******** ******** ******** ********
 
  2009     ******** ******** ******** ******** ******** ********
           ******** ******** ******** ******** ******** ********
 
  2010     ******** ******** ******** ******** ******** ********
           ******** ******** ******** ******** ******** ********
 
  2011     ******** ******** ******** ******** ********      13.
           ********      -3. ******** ********       8. ********
 
  2012          -6.      -3. ******** ******** ******** ********
           ******** ******** ********      16. ********      -4.
 
  2013     ******** ******** ******** ******** ******** ********
           ******** ******** ******** ******** ******** ********
 
  2014     ********     -17. ******** ******** ******** ********
           ******** ******** ******** ******** ********       4.
 
  2015          -0. ******** ******** ******** ******** ********
           ********       4. ******** ******** ******** ********
 
  2016     ******** ******** ******** ******** ******** ********
           ******** ******** ******** ******** ******** ********
 
  2017     ******** ******** ******** ********      -2.       6.
                 3.      -2. ******** ******** ******** ********
 
  2018     ******** ********       2. ******** ******** ********
           ******** ******** ******** ******** ******** ********
 
  2019     ******** ******** ******** ******** ******** ********
           ******** ******** ******** ******** ******** ********
 
  2020     ******** ******** ******** ******** ******** ********
           ******** ******** ******** ******** ******** ********
 
  2021     ******** ******** ******** ******** ******** ********
           ******** ******** ******** ******** ********      -5.
 
  2022     ******** ******** ******** ******** ******** ********
           ******** ********       8. ******** ******** ********
 
  2023     ******** ******** ******** ******** ******** ********
           ******** ********      28. ******** ******** ********
 
  2024     ******** ******** ******** ******** ******** ********
                13.      29. ******** ******** ******** ********
 
  2025         -27. ******** ******** ********       4. ********
           ******** ******** ********      14. ********      35.
 
  2026     ******** ******** ******** ******** ******** ********
                                                                
 

 D 9.A  Moving seasonality ratio
 ---------------------------------------------------------------
               Jan      Feb      Mar      Apr      May      Jun 
 ---------------------------------------------------------------
   I          8.040    7.155    4.424    7.275    6.751    7.868
   S          2.086    1.551    1.153    1.349    0.939    1.225
 RATIO        3.854    4.612    3.836    5.393    7.187    6.422



 ---------------------------------------------------------------
               Jul      Aug      Sep      Oct      Nov      Dec 
 ---------------------------------------------------------------
   I          6.685    8.343    7.817    5.360    4.321    6.697
   S          1.581    1.458    1.483    1.463    0.917    1.145
 RATIO        4.228    5.724    5.273    3.663    4.711    5.851



        bps_permits 12700            PAGE   9, SERIES bps_permits_addi

 D 10  Final seasonal factors
  From  2004.Jan to 2026.Jun
  Observations        270
  Seasonal filter    3 x 5 moving average
 -----------------------------------------------------------------------------
               Jan      Feb      Mar      Apr      May      Jun 
               Jul      Aug      Sep      Oct      Nov      Dec         AVGE  
 -----------------------------------------------------------------------------
  2004         -22.     -23.       6.      10.      -3.       6.
                18.       8.       7.      -7.      -0.      -1.           -0.
 
  2005         -20.     -21.       5.       8.      -4.       6.
                19.       6.       6.      -6.      -1.      -0.           -0.
 
  2006         -17.     -18.       4.       6.      -5.       5.
                18.       6.       4.      -4.      -1.       0.           -0.
 
  2007         -13.     -15.       1.       4.      -5.       5.
                16.       4.       2.      -1.      -0.       2.           -0.
 
  2008          -9.     -12.      -1.       1.      -5.       5.
                13.       2.       0.       1.       2.       3.            0.
 
  2009          -7.     -10.      -3.      -1.      -5.       7.
                 9.      -0.       0.       4.       3.       4.            0.
 
  2010          -5.      -8.      -4.      -4.      -4.       7.
                 5.      -1.      -0.       7.       4.       4.            0.
 
  2011          -5.      -9.      -5.      -3.      -1.       6.
                 1.       0.       0.       9.       3.       4.            0.
 
  2012          -4.     -10.      -6.      -3.       1.       5.
                -1.       1.       1.       9.       3.       4.           -0.
 
  2013          -3.     -10.      -7.      -2.       2.       4.
                -1.       2.       1.       9.       1.       3.           -0.
 
  2014          -2.     -10.      -6.      -2.       2.       3.
                 0.       3.       0.       7.       0.       2.           -0.
 
  2015          -1.      -9.      -5.      -1.       2.       3.
                 1.       3.      -0.       4.       0.       1.           -0.
 
  2016          -1.      -7.      -3.      -0.       1.       3.
                 2.       2.      -1.       2.       0.      -0.           -0.
 
  2017          -1.      -4.      -2.      -0.       0.       3.
                 2.       1.      -1.       1.       0.      -1.           -0.
 
  2018          -0.      -2.      -1.      -0.       0.       2.
                 1.      -0.      -1.       0.      -1.      -2.           -0.
 
  2019           2.      -1.       0.      -0.      -0.       3.
                -1.       1.       0.      -0.      -3.      -1.           -0.
 
  2020           3.      -1.       0.      -1.       1.       2.
                -2.       2.       3.      -0.      -5.      -1.            0.
 
  2021           3.      -2.       0.      -2.       1.      -0.
                -2.       6.       6.      -0.      -6.       1.            0.
 
  2022           0.      -3.      -0.      -5.       2.      -3.
                -1.       9.       9.       1.      -6.       3.            0.
 
  2023          -4.      -3.      -1.      -7.       1.      -5.
                -0.      13.      10.       2.      -5.       7.            1.
 
  2024          -9.      -4.      -3.      -9.       0.      -8.
                 1.      16.       9.       4.      -3.      10.            1.
 
  2025         -12.      -6.      -4.     -10.      -2.      -9.
                 1.      19.       8.       6.      -1.      13.            0.
 
  2026         -15.      -6.      -5.     -10.      -3.     -10.
                                                                           -8.
 
  AVGE          -6.      -8.      -2.      -1.      -1.       2.
                 5.       5.       3.       2.      -1.       3.

  Table Total-         -40.   Mean-        -0.   Std. Dev.-         6.
                              Min -       -23.        Max -        19.

 D 10.A  Final seasonal component forecasts
  From  2026.Jul to 2027.Jun
  Observations         12
 -----------------------------------------------------------------------------
               Jan      Feb      Mar      Apr      May      Jun 
               Jul      Aug      Sep      Oct      Nov      Dec         AVGE  
 -----------------------------------------------------------------------------
  2026                                                          
                 3.      20.       7.       6.       1.      14.            8.
 
  2027         -16.      -6.      -6.     -10.      -4.      -9.
                                                                           -8.
 
        bps_permits 12700            PAGE  10, SERIES bps_permits_addi

 D 11  Final seasonally adjusted data
  From  2004.Jan to 2026.Jun
  Observations        270
 -----------------------------------------------------------------------------
               Jan      Feb      Mar      Apr      May      Jun 
               Jul      Aug      Sep      Oct      Nov      Dec        TOTAL  
 -----------------------------------------------------------------------------
  2004         107.     104.     115.     176.     115.     136.
               107.      86.     104.      89.      91.      92.         1322.
 
  2005          81.      90.     104.      81.      99.     110.
               115.     123.      99.      92.      96.      83.         1172.
 
  2006          86.      79.      80.     102.      89.      62.
                50.      90.      71.      77.      76.      76.          937.
 
  2007          72.      89.      67.      39.      57.      48.
                59.      49.      70.      94.      42.      60.          747.
 
  2008          69.      46.      23.      43.      39.      58.
                56.      32.      28.      31.      19.      23.          467.
 
  2009          32.      25.      25.      20.      23.      21.
                18.      30.      18.      27.      33.      24.          297.
 
  2010          21.      31.      27.      35.      27.      29.
                29.      27.      31.      22.      33.      39.          351.
 
  2011          22.      25.      26.      18.      31.      38.
                26.      17.      31.      34.      46.      35.          349.
 
  2012          21.      47.      37.      35.      32.      33.
                28.      37.      46.      50.      32.      29.          427.
 
  2013          45.      33.      39.      38.      43.      29.
                42.      41.      38.      53.      45.      53.          500.
 
  2014          50.      41.      49.      60.      57.      57.
                48.      47.      38.      29.      31.      61.          567.
 
  2015           8.      11.       8.       7.       4.       5.
                 8.      23.       8.       5.       7.       9.          103.
 
  2016           6.      12.      12.       8.       7.       4.
                 7.       8.       8.       7.       9.       6.           95.
 
  2017           9.      13.      11.       7.       7.      47.
                 3.       6.       9.       9.       7.       7.          136.
 
  2018           5.       8.      14.       7.       5.       9.
                 7.       9.       8.       5.      10.       6.           92.
 
  2019           3.       7.       3.       7.       8.      -1.
                 6.       0.       2.      10.      11.       5.           62.
 
  2020          17.       6.       5.       7.       7.       8.
                 8.       6.      10.      10.      11.      16.          112.
 
  2021           1.       9.      10.      10.       4.      11.
                 7.       3.       1.       5.      11.       8.           81.
 
  2022          50.      48.      55.      59.      49.      63.
                42.      60.      80.      55.      38.      45.          644.
 
  2023          42.      30.      36.      36.      53.      36.
                40.      32.      61.      36.      41.      31.          475.
 
  2024          40.      42.      49.      43.      60.      63.
                32.     306.      92.      75.      80.      67.          947.
 
  2025          32.      82.      61.      62.      96.      42.
                43.      23.      17.      97.      47.      84.          685.
 
  2026          42.      26.      34.      38.      22.      43.
                                                                          205.
 
  AVGE          37.      39.      39.      41.      41.      41.
                35.      48.      39.      41.      37.      39.

  Table Total-       10772.   Mean-        40.   Std. Dev.-        35.
                              Min -        -1.        Max -       306.
        bps_permits 12700            PAGE  11, SERIES bps_permits_addi

 D 12  Final trend cycle
  From  2004.Jan to 2026.Jun
  Observations        270
  Trend filter    13-term Henderson moving average
  I/C ratio        3.40
 -----------------------------------------------------------------------------
               Jan      Feb      Mar      Apr      May      Jun 
               Jul      Aug      Sep      Oct      Nov      Dec        TOTAL  
 -----------------------------------------------------------------------------
  2004         108.     112.     115.     117.     117.     114.
               109.     102.      96.      92.      89.      89.         1260.
 
  2005          89.      89.      92.      97.     103.     108.
               110.     109.     105.      99.      92.      87.         1180.
 
  2006          85.      85.      84.      83.      80.      78.
                75.      74.      74.      75.      77.      77.          947.
 
  2007          75.      72.      67.      62.      58.      55.
                55.      57.      60.      61.      61.      58.          741.
 
  2008          54.      50.      48.      47.      47.      46.
                44.      39.      33.      28.      25.      24.          486.
 
  2009          25.      25.      24.      23.      22.      21.
                22.      23.      25.      26.      26.      27.          289.
 
  2010          27.      28.      29.      29.      29.      29.
                28.      28.      29.      30.      30.      29.          346.
 
  2011          27.      26.      26.      26.      27.      28.
                30.      31.      32.      34.      36.      38.          360.
 
  2012          39.      39.      37.      35.      34.      34.
                35.      37.      38.      39.      38.      38.          442.
 
  2013          37.      37.      37.      38.      38.      38.
                39.      41.      44.      46.      48.      49.          490.
 
  2014          50.      51.      53.      55.      55.      54.
                50.      45.      39.      34.      29.      23.          538.
 
  2015          18.      14.       9.       7.       6.       6.
                 6.       7.       7.       7.       7.       8.          101.
 
  2016           9.      10.      10.       9.       8.       7.
                 7.       7.       7.       7.       8.       9.           96.
 
  2017           9.      10.      10.      10.      10.      10.
                10.       9.       9.       8.       7.       7.          109.
 
  2018           7.       7.       7.       7.       7.       7.
                 8.       8.       8.       7.       7.       6.           87.
 
  2019           6.       6.       5.       5.       4.       4.
                 3.       4.       5.       7.       9.      10.           66.
 
  2020          10.       9.       8.       7.       7.       7.
                 8.       9.      10.      10.      10.      10.          102.
 
  2021           9.       9.       8.       8.       8.       7.
                 5.       3.       4.       8.      16.      27.          112.
 
  2022          38.      47.      53.      56.      56.      55.
                54.      53.      52.      49.      46.      42.          602.
 
  2023          39.      38.      38.      39.      40.      41.
                42.      42.      41.      40.      39.      38.          475.
 
  2024          38.      40.      44.      52.      61.      72.
                81.      87.      87.      83.      77.      71.          794.
 
  2025          68.      66.      64.      60.      53.      44.
                36.      33.      35.      39.      43.      45.          588.
 
  2026          44.      40.      35.      32.      32.      34.
                                                                          216.
 
  AVGE          40.      39.      39.      39.      39.      39.
                39.      39.      38.      38.      37.      37.

  Table Total-       10427.   Mean-        39.   Std. Dev.-        29.
                              Min -         3.        Max -       117.
        bps_permits 12700            PAGE  12, SERIES bps_permits_addi

 D 13  Final irregular component
  From  2004.Jan to 2026.Jun
  Observations        270
 -----------------------------------------------------------------------------
               Jan      Feb      Mar      Apr      May      Jun 
               Jul      Aug      Sep      Oct      Nov      Dec         S.D.  
 -----------------------------------------------------------------------------
  2004          -1.      -9.      -0.      60.      -2.      22.
                -2.     -16.       8.      -3.       2.       3.           19.
 
  2005          -7.       1.      11.     -16.      -4.       2.
                 5.      13.      -6.      -7.       4.      -4.            8.
 
  2006           1.      -6.      -4.      19.       8.     -16.
               -25.      17.      -3.       2.      -1.      -1.           12.
 
  2007          -3.      18.      -1.     -23.      -0.      -7.
                 3.      -8.      11.      33.     -19.       2.           15.
 
  2008          15.      -4.     -25.      -4.      -8.      12.
                12.      -7.      -5.       2.      -6.      -2.           11.
 
  2009           7.      -0.       1.      -3.       1.      -0.
                -4.       7.      -7.       1.       7.      -3.            4.
 
  2010          -6.       3.      -2.       5.      -3.      -0.
                 1.      -2.       2.      -7.       4.      10.            5.
 
  2011          -6.      -2.       1.      -8.       4.       9.
                -4.     -14.      -1.       1.      10.      -3.            7.
 
  2012         -18.       8.      -0.       0.      -2.      -1.
                -7.       0.       8.      11.      -6.      -8.            8.
 
  2013           8.      -3.       1.       0.       5.      -9.
                 3.       0.      -6.       7.      -3.       4.            5.
 
  2014          -0.     -10.      -4.       5.       2.       3.
                -2.       2.      -2.      -5.       2.      38.           12.
 
  2015         -10.      -2.      -2.      -0.      -1.      -0.
                 2.      17.       1.      -2.      -1.       1.            6.
 
  2016          -3.       2.       3.      -0.      -1.      -3.
                 0.       1.       1.      -1.       1.      -3.            2.
 
  2017          -0.       3.       1.      -3.      -3.      37.
                -6.      -3.       0.       1.      -0.      -0.           11.
 
  2018          -2.       1.       6.      -0.      -3.       1.
                -1.       2.       0.      -3.       4.      -1.            3.
 
  2019          -2.       1.      -2.       2.       4.      -4.
                 2.      -3.      -3.       3.       2.      -5.            3.
 
  2020           8.      -2.      -3.      -0.       1.       1.
                 0.      -3.       1.       0.       1.       6.            3.
 
  2021          -8.       1.       1.       2.      -4.       4.
                 3.       0.      -3.      -3.      -5.     -18.            6.
 
  2022          12.       0.       2.       3.      -7.       7.
               -12.       7.      28.       6.      -7.       3.           11.
 
  2023           3.      -7.      -2.      -2.      13.      -5.
                -2.     -10.      21.      -4.       2.      -7.            8.
 
  2024           1.       2.       5.      -9.      -2.      -9.
               -49.     219.       5.      -8.       3.      -5.           65.
 
  2025         -36.      15.      -3.       2.      43.      -2.
                 6.     -10.     -18.      59.       3.      39.           27.
 
  2026          -2.     -14.      -0.       6.     -10.       9.
                                                                            8.
 
  S.D.          10.       7.       6.      15.      10.      11.
                13.      48.      10.      15.       6.      13.

  Table Total-         345.   Mean-         1.   Std. Dev.-        17.
                              Min -       -49.        Max -       219.
        bps_permits 12700            PAGE  13, SERIES bps_permits_addi

 D 16  Combined adjustment factors
  From  2004.Jan to 2026.Jun
  Observations        270
 -----------------------------------------------------------------------------
               Jan      Feb      Mar      Apr      May      Jun 
               Jul      Aug      Sep      Oct      Nov      Dec         AVGE  
 -----------------------------------------------------------------------------
  2004         -22.     -23.       6.      10.      -3.       6.
                18.       8.       7.      -7.      -0.      -1.           -0.
 
  2005         -20.     -21.       5.       8.      -4.       6.
                19.       6.       6.      -6.      -1.      -0.           -0.
 
  2006         -17.     -18.       4.       6.      -5.       5.
                18.       6.       4.      -4.      -1.       0.           -0.
 
  2007         -13.     -15.       1.       4.      -5.       5.
                16.       4.       2.      -1.      -0.       2.           -0.
 
  2008          -9.     -12.      -1.       1.      -5.       5.
                13.       2.       0.       1.       2.       3.            0.
 
  2009          -7.     -10.      -3.      -1.      -5.       7.
                 9.      -0.       0.       4.       3.       4.            0.
 
  2010          -5.      -8.      -4.      -4.      -4.       7.
                 5.      -1.      -0.       7.       4.       4.            0.
 
  2011          -5.      -9.      -5.      -3.      -1.       6.
                 1.       0.       0.       9.       3.       4.            0.
 
  2012          -4.     -10.      -6.      -3.       1.       5.
                -1.       1.       1.       9.       3.       4.           -0.
 
  2013          -3.     -10.      -7.      -2.       2.       4.
                -1.       2.       1.       9.       1.       3.           -0.
 
  2014          -2.     -10.      -6.      -2.       2.       3.
                 0.       3.       0.       7.       0.       2.           -0.
 
  2015          -1.      -9.      -5.      -1.       2.       3.
                 1.       3.      -0.       4.       0.       1.           -0.
 
  2016          -1.      -7.      -3.      -0.       1.       3.
                 2.       2.      -1.       2.       0.      -0.           -0.
 
  2017          -1.      -4.      -2.      -0.       0.       3.
                 2.       1.      -1.       1.       0.      -1.           -0.
 
  2018          -0.      -2.      -1.      -0.       0.       2.
                 1.      -0.      -1.       0.      -1.      -2.           -0.
 
  2019           2.      -1.       0.      -0.      -0.       3.
                -1.       1.       0.      -0.      -3.      -1.           -0.
 
  2020           3.      -1.       0.      -1.       1.       2.
                -2.       2.       3.      -0.      -5.      -1.            0.
 
  2021           3.      -2.       0.      -2.       1.      -0.
                -2.       6.       6.      -0.      -6.       1.            0.
 
  2022           0.      -3.      -0.      -5.       2.      -3.
                -1.       9.       9.       1.      -6.       3.            0.
 
  2023          -4.      -3.      -1.      -7.       1.      -5.
                -0.      13.      10.       2.      -5.       7.            1.
 
  2024          -9.      -4.      -3.      -9.       0.      -8.
                 1.      16.       9.       4.      -3.      10.            1.
 
  2025         -12.      -6.      -4.     -10.      -2.      -9.
                 1.      19.       8.       6.      -1.      13.            0.
 
  2026         -15.      -6.      -5.     -10.      -3.     -10.
                                                                           -8.
 
  AVGE          -6.      -8.      -2.      -1.      -1.       2.
                 5.       5.       3.       2.      -1.       3.

  Table Total-         -40.   Mean-        -0.   Std. Dev.-         6.
                              Min -       -23.        Max -        19.

 D 16.A  Combined adjustment component forecasts
  From  2026.Jul to 2027.Jun
  Observations         12
 -----------------------------------------------------------------------------
               Jan      Feb      Mar      Apr      May      Jun 
               Jul      Aug      Sep      Oct      Nov      Dec         AVGE  
 -----------------------------------------------------------------------------
  2026                                                          
                 3.      20.       7.       6.       1.      14.            8.
 
  2027         -16.      -6.      -6.     -10.      -4.      -9.
                                                                           -8.
 
        bps_permits 12700            PAGE  14, SERIES bps_permits_addi

 E 4  Differences of annual totals
  From          2004 to 2025
  Observations         22
 -----------------------------------
  Year       Unmodified     Modified
                  (D11)         (E2)
 -----------------------------------
  2004              -1.          -1.
 
  2005              -1.          -1.
 
  2006              -1.          -1.
 
  2007              -1.          -1.
 
  2008               0.           0.
 
  2009               0.           0.
 
  2010               1.           1.
 
  2011               0.           0.
 
  2012              -0.          -0.
 
  2013              -2.          -2.
 
  2014              -2.          -2.
 
  2015              -2.          -2.
 
  2016              -3.          -3.
 
  2017              -3.          -3.
 
  2018              -3.          -3.
 
  2019              -1.          -1.
 
  2020               0.           0.
 
  2021               4.           4.
 
  2022               6.           6.
 
  2023               7.           7.
 
  2024               6.           6.
 
  2025               4.           4.
 
        bps_permits 12700            PAGE  15, SERIES bps_permits_addi

 E 5  Month-to-month differences in the original series
  From  2004.Feb to 2026.Jun
  Observations        269
 -----------------------------------------------------------------------------
               Jan      Feb      Mar      Apr      May      Jun 
               Jul      Aug      Sep      Oct      Nov      Dec         AVGE  
 -----------------------------------------------------------------------------
  2004                   -4.      40.      65.     -74.      30.
               -17.     -31.      17.     -29.       9.       0.            1.
 
  2005         -30.       8.      40.     -20.       6.      21.
                18.      -5.     -24.     -19.       9.     -12.           -1.
 
  2006         -14.      -8.      23.      24.     -24.     -17.
                 1.      28.     -21.      -2.       2.       1.           -1.
 
  2007         -17.      15.      -6.     -25.       9.       1.
                22.     -22.      19.      21.     -51.      20.           -1.
 
  2008          -2.     -26.     -12.      22.     -10.      29.
                 6.     -35.      -6.       4.     -11.       5.           -3.
 
  2009          -1.     -10.       7.      -3.      -1.      10.
                -1.       3.     -12.      13.       5.      -8.            0.
 
  2010         -12.       7.       0.       8.      -8.      13.
                -2.      -8.       5.      -2.       8.       6.            1.
 
  2011         -26.      -1.       5.      -6.      15.      14.
               -17.     -10.      14.      12.       6.     -10.           -0.
 
  2012         -22.      20.      -6.       1.       1.       5.
               -11.      11.       9.      12.     -24.      -2.           -0.
 
  2013           9.     -19.       9.       4.       9.     -12.
                 8.       2.      -4.      23.     -16.      10.            2.
 
  2014          -8.     -17.      12.      15.       1.       1.
               -12.       2.     -12.      -2.      -5.      32.            1.
 
  2015         -56.      -5.       1.       3.       0.       2.
                 1.      17.     -18.       1.      -2.       3.           -4.
 
  2016          -5.       0.       4.      -1.       0.      -1.
                 2.       1.      -3.       2.       0.      -3.           -0.
 
  2017           2.       1.       0.      -2.       0.      43.
               -45.       2.       1.       2.      -3.      -1.            0.
 
  2018          -1.       1.       7.      -6.      -2.       6.
                -3.       1.      -2.      -2.       4.      -5.           -0.
 
  2019           1.       1.      -3.       4.       1.      -6.
                 3.      -4.       1.       8.      -2.      -4.            0.
 
  2020          16.     -15.       0.       1.       2.       2.
                -4.       2.       5.      -3.      -4.       9.            1.
 
  2021         -11.       3.       3.      -2.      -3.       6.
                -6.       4.      -2.      -2.       0.       4.           -0.
 
  2022          41.      -5.      10.      -1.      -3.       9.
               -19.      28.      20.     -33.     -24.      16.            3.
 
  2023         -10.     -11.       8.      -6.      25.     -23.
                 9.       5.      26.     -33.      -2.       2.           -1.
 
  2024          -7.       7.       8.     -12.      26.      -5.
               -22.     289.    -221.     -22.      -2.       0.            3.
 
  2025         -57.      56.     -19.      -5.      42.     -61.
                11.      -2.     -17.      78.     -57.      51.            2.
 
  2026         -70.      -7.       9.      -1.      -9.      14.
                                                                          -11.
 
  AVGE         -13.      -0.       6.       2.       0.       4.
                -4.      13.     -10.       1.      -7.       5.

  Table Total-         -52.   Mean-        -0.   Std. Dev.-        29.
                              Min -      -221.        Max -       289.
        bps_permits 12700            PAGE  16, SERIES bps_permits_addi

 E 6  Month-to-month differences in seasonally adjusted series (D11)
  From  2004.Feb to 2026.Jun
  Observations        269
 -----------------------------------------------------------------------------
               Jan      Feb      Mar      Apr      May      Jun 
               Jul      Aug      Sep      Oct      Nov      Dec         AVGE  
 -----------------------------------------------------------------------------
  2004                   -4.      11.      62.     -61.      21.
               -29.     -21.      18.     -15.       2.       0.           -1.
 
  2005         -10.       9.      13.     -23.      18.      11.
                 6.       7.     -24.      -7.       4.     -13.           -1.
 
  2006           3.      -7.       1.      22.     -13.     -27.
               -12.      41.     -19.       6.      -1.      -0.           -1.
 
  2007          -4.      18.     -23.     -28.      19.      -9.
                10.     -10.      21.      24.     -52.      18.           -1.
 
  2008           9.     -24.     -23.      20.      -3.      19.
                -2.     -24.      -4.       3.     -11.       3.           -3.
 
  2009           9.      -7.       1.      -5.       3.      -2.
                -3.      12.     -12.       9.       6.      -9.            0.
 
  2010          -2.      10.      -4.       8.      -8.       2.
                 1.      -2.       4.      -9.      11.       6.            1.
 
  2011         -17.       3.       2.      -8.      13.       6.
               -12.      -9.      14.       4.      11.     -11.           -0.
 
  2012         -14.      26.     -10.      -2.      -3.       1.
                -5.       9.       9.       3.     -17.      -3.           -0.
 
  2013          16.     -12.       5.      -0.       5.     -14.
                13.      -1.      -3.      15.      -8.       8.            2.
 
  2014          -4.      -8.       8.      11.      -3.       0.
                -9.      -1.     -10.      -9.       2.      31.            1.
 
  2015         -53.       3.      -3.      -1.      -2.       1.
                 2.      15.     -15.      -3.       2.       2.           -4.
 
  2016          -3.       5.       0.      -4.      -1.      -3.
                 3.       1.      -0.      -1.       2.      -3.           -0.
 
  2017           3.       4.      -2.      -4.      -1.      41.
               -44.       3.       2.       1.      -2.       0.            0.
 
  2018          -2.       3.       6.      -6.      -3.       4.
                -2.       2.      -2.      -3.       5.      -5.           -0.
 
  2019          -2.       4.      -4.       4.       1.      -9.
                 6.      -5.       2.       8.       1.      -6.           -0.
 
  2020          12.     -11.      -2.       2.       1.       1.
                -0.      -2.       4.      -0.       1.       4.            1.
 
  2021         -15.       9.       0.       1.      -7.       7.
                -4.      -4.      -3.       4.       6.      -3.           -1.
 
  2022          42.      -2.       8.       4.     -10.      14.
               -21.      18.      20.     -25.     -17.       6.            3.
 
  2023          -3.     -11.       6.       0.      17.     -17.
                 4.      -9.      30.     -26.       5.     -10.           -1.
 
  2024           9.       3.       6.      -6.      17.       3.
               -30.     274.    -214.     -17.       5.     -13.            3.
 
  2025         -35.      50.     -20.       1.      34.     -53.
                 0.     -19.      -7.      81.     -51.      38.            1.
 
  2026         -43.     -16.       8.       4.     -16.      21.
                                                                           -7.
 
  AVGE          -5.       2.      -1.       2.      -0.       1.
                -6.      13.      -9.       2.      -4.       2.

  Table Total-         -65.   Mean-        -0.   Std. Dev.-        27.
                              Min -      -214.        Max -       274.
        bps_permits 12700            PAGE  17, SERIES bps_permits_addi

 E 7  Month-to-month differences in final trend cycle (D12)
  From  2004.Feb to 2026.Jun
  Observations        269
 -----------------------------------------------------------------------------
               Jan      Feb      Mar      Apr      May      Jun 
               Jul      Aug      Sep      Oct      Nov      Dec         AVGE  
 -----------------------------------------------------------------------------
  2004                    4.       2.       2.       0.      -3.
                -5.      -6.      -6.      -4.      -2.      -1.           -2.
 
  2005           0.       1.       3.       5.       6.       5.
                 2.      -1.      -4.      -7.      -7.      -5.           -0.
 
  2006          -2.      -0.      -0.      -2.      -2.      -3.
                -2.      -1.       0.       1.       1.       0.           -1.
 
  2007          -2.      -3.      -5.      -5.      -4.      -2.
                -0.       2.       3.       2.      -0.      -3.           -2.
 
  2008          -4.      -4.      -2.      -1.      -0.      -1.
                -2.      -5.      -6.      -5.      -3.      -1.           -3.
 
  2009           0.      -0.      -1.      -1.      -1.      -1.
                 1.       1.       1.       1.       1.       1.            0.
 
  2010           1.       1.       1.       1.       0.      -1.
                -1.       0.       1.       1.       0.      -1.            0.
 
  2011          -1.      -1.      -1.       0.       1.       1.
                 1.       1.       1.       2.       2.       2.            1.
 
  2012           1.      -0.      -1.      -2.      -1.       0.
                 1.       2.       2.       1.      -1.      -1.           -0.
 
  2013          -1.      -0.       1.       0.       0.       0.
                 1.       2.       3.       2.       2.       1.            1.
 
  2014           1.       1.       2.       2.       1.      -1.
                -4.      -5.      -6.      -6.      -5.      -5.           -2.
 
  2015          -5.      -5.      -4.      -3.      -1.       0.
                 1.       0.       0.       0.       0.       1.           -1.
 
  2016           1.       1.      -0.      -1.      -1.      -1.
                -0.      -0.       0.       1.       1.       1.            0.
 
  2017           1.       1.       0.       0.      -0.      -0.
                -0.      -0.      -1.      -1.      -1.      -0.           -0.
 
  2018           0.       0.       0.       0.       0.      -0.
                 0.       0.       0.      -0.      -1.      -1.           -0.
 
  2019          -0.      -0.      -0.      -0.      -1.      -1.
                -0.       0.       1.       2.       2.       1.            0.
 
  2020          -0.      -1.      -1.      -1.      -0.       0.
                 1.       1.       1.       0.       0.      -0.            0.
 
  2021          -1.      -1.      -0.      -0.      -0.      -1.
                -2.      -2.       1.       4.       8.      11.            1.
 
  2022          11.       9.       6.       3.       0.      -1.
                -1.      -1.      -2.      -2.      -4.      -4.            1.
 
  2023          -3.      -1.       0.       1.       1.       1.
                 1.      -0.      -1.      -1.      -1.      -0.           -0.
 
  2024          -0.       2.       4.       8.      10.      11.
                 9.       5.       0.      -4.      -6.      -5.            3.
 
  2025          -3.      -2.      -2.      -4.      -7.      -9.
                -8.      -3.       2.       4.       4.       2.           -2.
 
  2026          -1.      -4.      -5.      -3.      -0.       2.
                                                                           -2.
 
  AVGE          -0.      -0.      -0.      -0.      -0.      -0.
                -0.      -0.      -0.      -0.      -0.      -0.

  Table Total-         -75.   Mean-        -0.   Std. Dev.-         3.
                              Min -        -9.        Max -        11.
        bps_permits 12700            PAGE  18, SERIES bps_permits_addi

 E 8  Month-to-month differences in original series adjusted for calendar factors (A18)
  From  2004.Feb to 2026.Jun
  Observations        269
 -----------------------------------------------------------------------------
               Jan      Feb      Mar      Apr      May      Jun 
               Jul      Aug      Sep      Oct      Nov      Dec         AVGE  
 -----------------------------------------------------------------------------
  2004                   -4.      40.      65.     -74.      30.
               -17.     -31.      17.     -29.       9.       0.            1.
 
  2005         -30.       8.      40.     -20.       6.      21.
                18.      -5.     -24.     -19.       9.     -12.           -1.
 
  2006         -14.      -8.      23.      24.     -24.     -17.
                 1.      28.     -21.      -2.       2.       1.           -1.
 
  2007         -17.      15.      -6.     -25.       9.       1.
                22.     -22.      19.      21.     -51.      20.           -1.
 
  2008          -2.     -26.     -12.      22.     -10.      29.
                 6.     -35.      -6.       4.     -11.       5.           -3.
 
  2009          -1.     -10.       7.      -3.      -1.      10.
                -1.       3.     -12.      13.       5.      -8.            0.
 
  2010         -12.       7.       0.       8.      -8.      13.
                -2.      -8.       5.      -2.       8.       6.            1.
 
  2011         -26.      -1.       5.      -6.      15.      14.
               -17.     -10.      14.      12.       6.     -10.           -0.
 
  2012         -22.      20.      -6.       1.       1.       5.
               -11.      11.       9.      12.     -24.      -2.           -0.
 
  2013           9.     -19.       9.       4.       9.     -12.
                 8.       2.      -4.      23.     -16.      10.            2.
 
  2014          -8.     -17.      12.      15.       1.       1.
               -12.       2.     -12.      -2.      -5.      32.            1.
 
  2015         -56.      -5.       1.       3.       0.       2.
                 1.      17.     -18.       1.      -2.       3.           -4.
 
  2016          -5.       0.       4.      -1.       0.      -1.
                 2.       1.      -3.       2.       0.      -3.           -0.
 
  2017           2.       1.       0.      -2.       0.      43.
               -45.       2.       1.       2.      -3.      -1.            0.
 
  2018          -1.       1.       7.      -6.      -2.       6.
                -3.       1.      -2.      -2.       4.      -5.           -0.
 
  2019           1.       1.      -3.       4.       1.      -6.
                 3.      -4.       1.       8.      -2.      -4.            0.
 
  2020          16.     -15.       0.       1.       2.       2.
                -4.       2.       5.      -3.      -4.       9.            1.
 
  2021         -11.       3.       3.      -2.      -3.       6.
                -6.       4.      -2.      -2.       0.       4.           -0.
 
  2022          41.      -5.      10.      -1.      -3.       9.
               -19.      28.      20.     -33.     -24.      16.            3.
 
  2023         -10.     -11.       8.      -6.      25.     -23.
                 9.       5.      26.     -33.      -2.       2.           -1.
 
  2024          -7.       7.       8.     -12.      26.      -5.
               -22.     289.    -221.     -22.      -2.       0.            3.
 
  2025         -57.      56.     -19.      -5.      42.     -61.
                11.      -2.     -17.      78.     -57.      51.            2.
 
  2026         -70.      -7.       9.      -1.      -9.      14.
                                                                          -11.
 
  AVGE         -13.      -0.       6.       2.       0.       4.
                -4.      13.     -10.       1.      -7.       5.

  Table Total-         -52.   Mean-        -0.   Std. Dev.-        29.
                              Min -      -221.        Max -       289.
        bps_permits 12700            PAGE  19, SERIES bps_permits_addi

 E 18  Final adjustment ratios
  From  2004.Jan to 2026.Jun
  Observations        270
 -----------------------------------------------------------------------------
               Jan      Feb      Mar      Apr      May      Jun 
               Jul      Aug      Sep      Oct      Nov      Dec         AVGE  
 -----------------------------------------------------------------------------
  2004       79.236   78.159  105.566  105.426   97.429  104.246
            117.033  109.249  106.480   92.227   99.586   99.304        99.495
 
  2005       74.942   76.500  105.301  110.476   96.243  105.602
            116.167  105.098  106.068   93.534   98.998   99.724        99.054
 
  2006       80.337   76.905  104.956  105.822   94.841  108.637
            136.574  106.105  105.540   95.013   98.847  100.246       101.152
 
  2007       82.332   82.773  101.967  111.185   90.941  110.023
            127.993  108.170  102.265   98.549   99.815  102.770       101.565
 
  2008       86.530   74.246   95.918  102.847   86.495  108.740
            123.681  106.467  100.662  104.488  107.901  113.943       100.993
 
  2009       78.024   61.008   87.298   94.846   77.765  132.318
            151.085   98.871  100.030  115.054  107.983  117.227       101.792
 
  2010       74.451   73.345   84.920   89.522   86.176  125.589
            116.566   97.487   99.720  130.716  110.641  110.354        99.957
 
  2011       78.445   64.891   79.944   81.082   95.264  116.979
            104.075  101.002  100.663  124.678  107.556  111.543        97.177
 
  2012       81.783   79.395   83.682   91.019  102.760  114.334
             96.556  102.975  101.437  118.748  107.987  112.775        99.454
 
  2013       93.513   68.902   83.053   94.303  104.244  112.822
             97.626  104.824  102.722  116.186  102.369  105.085        98.804
 
  2014       96.881   74.759   87.736   97.401  103.963  104.913
            100.348  105.756  100.987  125.013  100.516  102.696       100.081
 
  2015       83.313   17.956   38.126   90.604  135.453  150.370
            116.372  112.399   99.325  195.530  101.560  109.686       104.224
 
  2016       77.020   41.968   72.678   94.334  113.249  168.243
            130.905  124.204   90.999  132.550  103.593   97.706       103.954
 
  2017       88.429   68.519   82.337   94.409  104.386  105.872
            152.508  113.515   93.185  109.032  102.250   85.017        99.955
 
  2018       97.619   75.154   94.419   95.354  103.306  128.910
            118.234   98.137   91.678  105.512   88.916   72.683        97.493
 
  2019      150.163   85.539  101.811   98.544   97.694 -327.222
             89.714  280.991  105.788   99.969   71.849   81.197        78.003
 
  2020      115.533   78.384  104.440   92.015  107.369  124.464
             75.377  135.984  125.347   99.324   53.335   96.765       100.695
 
  2021      506.230   74.808  102.335   76.335  126.056   99.710
             67.760  275.757 1289.106   99.445   43.564  107.385       239.041
 
  2022      100.156   94.408   99.380   91.597  104.119   95.480
             97.381  114.545  111.083  101.222   83.762  107.404       100.045
 
  2023       90.971   88.549   96.610   80.019  101.880   85.436
             99.138  142.057  115.843  106.626   88.126  122.194       101.454
 
  2024       78.176   89.532   94.234   79.636  100.783   87.772
            102.247  105.184  110.090  105.694   96.807  115.666        97.152
 
  2025       62.984   93.033   93.132   84.153   98.402   78.325
            103.453  180.318  150.991  105.748   98.651  115.203       105.366
 
  2026       64.842   77.269   84.367   73.683   86.861   77.202
                                                                        77.371
 
  AVGE      105.300   73.739   90.618   92.809  100.682   92.120
            110.945  128.595  159.546  112.494   94.301  103.935

  Table Total-       28387.   Mean-       105.   Std. Dev.-        85.
                              Min -      -327.        Max -      1289.

 E 18.A  Final adjustment ratio forecasts
  From  2026.Jul to 2027.Jun
  Observations         12
 -----------------------------------------------------------------------------
               Jan      Feb      Mar      Apr      May      Jun 
               Jul      Aug      Sep      Oct      Nov      Dec         AVGE  
 -----------------------------------------------------------------------------
  2026                                                          
            110.944  140.871  121.673  115.278  101.637  149.847       123.375
 
  2027       59.122   83.084   83.752   74.703   89.563   77.436
                                                                        77.943
 

  QS statistic for seasonality:
  Original Series                                     0.34  (P-Value =     0.8422)
  Original Series (EV adj)                            0.34  (P-Value =     0.8422)
  Residuals                                           0.00  (P-Value =     1.0000)
  Seasonally Adjusted Series                          0.00  (P-Value =     1.0000)
  Seasonally Adjusted Series (EV adj)                 0.00  (P-Value =     1.0000)
  Irregular Series                                    0.00  (P-Value =     1.0000)
  Irregular Series (EV adj)                           0.00  (P-Value =     1.0000)

  QS statistic for seasonality (starting 2018.Jul):
  Original Series                                     0.14  (P-Value =     0.9303)
  Original Series (EV adj)                            0.14  (P-Value =     0.9303)
  Residuals                                           0.00  (P-Value =     1.0000)
  Seasonally Adjusted Series                          0.00  (P-Value =     1.0000)
  Seasonally Adjusted Series (EV adj)                 0.00  (P-Value =     1.0000)
  Irregular Series                                    0.00  (P-Value =     1.0000)
  Irregular Series (EV adj)                           0.00  (P-Value =     1.0000)


 WARNING: Series should not be a candidate for seasonal adjustment
          because the spectrum of the original series (Table A1 or B1)
          has no visually significant seasonal peaks.

          If this is a component series of an indirectly adjusted
          composite series, consider using type = trend or type = summary
          in the x11 spec.
        bps_permits 12700            PAGE  20, SERIES bps_permits_addi
 G 0  10*LOG(SPECTRUM) of the differenced Original Series
      (Table A1 or B1).  Spectrum estimated from 2018.Jul to 2026.Jun.
 ++++++++++I+++++++++++++++++++++++++++++++++++++++++++++++++++++++++++++I
      38.35I                                          T                  I     38.35
           I                                          T                  I
           I                                          T        *  *      I
           I                                          T        *  *      I
      36.39I                               *          T* *     *  *    * I     36.39
           I                               *         *T***     *T**    *SI
           I                               *         *T***     *T**   **SI
           I                               *     *   *T***     *T**   **SI
      34.42I                               *     **  *T***     *T***  **SI     34.42
           I                               *    *** S*T***    S*T***  **SI
           I                               *    ****S*T***    S*T***  **SI
           I                               *    ****S*T***    S*T*** ***SI
      32.45I                               **   ****S*T****   S*T*******SI     32.45
           I                               **  *****S*T****   S*T*******SI
           I                         *    S**  *****S*T****   S*T*******SI
           I                *        *    S**  *****S*T****   S*T*******SI
      30.48I                *        *    S*********S*T****   S*T*******SI     30.48
           I               **       **    S*********S*T****  *S*T*******SI
           I               ***      ***   S*********S*T****  *S*T*******SI
           I               ***      ***   S*********S*T***** *S*T*******SI
      28.51I         *     ****     ***   S*********S*T***** *S*T*******SI     28.51
           I         *     ****    ****   S*********S*T*******S*T*******SI
           I         *     *****S *****  *S*********S*T*******S*T*******SI
           I         *S    *****S******* *S*********S*T*******S*T*******SI
      26.54I         *S    *****S******* *S*********S*T*******S*T*******SI     26.54
           I         *S   ******S*********S*********S*T*******S*T*******SI
           I         *S   ******S*********S*********S*T*******S*T*******SI
           I         *S   ******S*********S*********S*T*******S*T*******SI
      24.57I         *S   ******S*********S*********S*T*******S*T*******SI     24.57
           I        **S   ******S*********S*********S*T*******S*T*******SI
           I        **S* *******S*********S*********S*T*******S*T*******SI
           I        **S* *******S*********S*********S*T*******S*T*******SI
      22.60I        **S*********S*********S*********S*T*******S*T*******SI     22.60
           I    *   **S*********S*********S*********S*T*******S*T*******SI
           I    *   **S*********S*********S*********S*T*******S*T*******SI
           I    ** ***S*********S*********S*********S*T*******S*T*******SI
      20.63I    ** ***S*********S*********S*********S*T*******S*T*******SI     20.63
           I    ******S*********S*********S*********S*T*******S*T*******SI
           I    ******S*********S*********S*********S*T*******S*T*******SI
           I   *******S*********S*********S*********S*T*******S*T*******SI
      18.66I   *******S*********S*********S*********S*T*******S*T*******SI     18.66
           I   *******S*********S*********S*********S*T*******S*T*******SI
           I   *******S*********S*********S*********S*T*******S*T*******SI
           I   *******S*********S*********S*********S*T*******S*T*******SI
      16.69I   *******S*********S*********S*********S*T*******S*T*******SI     16.69
           I   *******S*********S*********S*********S*T*******S*T*******SI
           I  ********S*********S*********S*********S*T*******S*T*******SI
           I  ********S*********S*********S*********S*T*******S*T*******SI
      14.72I  ********S*********S*********S*********S*T*******S*T*******SI     14.72
           I  ********S*********S*********S*********S*T*******S*T*******SI
           I  ********S*********S*********S*********S*T*******S*T*******SI
           I *********S*********S*********S*********S*T*******S*T*******SI
      12.75I**********S*********S*********S*********S*T*******S*T*******SI     12.75
 ++++++++++I+++++++++++++++++++++++++++++++++++++++++++++++++++++++++++++I
            S=SEASONAL FREQUENCIES, T=TRADING DAY FREQUENCIES
        bps_permits 12700            PAGE  21, SERIES bps_permits_addi
 G 1  10*LOG(SPECTRUM) of the differenced seasonally adjusted 
      data (Table E2).  Spectrum estimated from 2018.Jul to 2026.Jun.
 ++++++++++I+++++++++++++++++++++++++++++++++++++++++++++++++++++++++++++I
      28.56I                                                *            I     28.56
           I                                                **           I
           I                                             *  **           I
           I                                             *  **           I
      27.10I                                            **  **   *       I     27.10
           I                                            ******   *       I
           I                                     *      ******   **      I
           I                                     *      ******S  ** **   I
      25.64I              *                      *      ******S T*****   I     25.64
           I              *  *                  **     *******S T*****   I
           I              *  *                  **    T*******S*T*****   I
           I              *  *                  **    T*******S*T******  I
      24.18I              ** *                  **    T*******S*T******  I     24.18
           I              ****                  **    T*******S*T******  I
           I              *****                 **   *T*******S*T******  I
           I              *****                 ***  *T*******S*T******  I
      22.72I              *****               *****  *T*******S*T******* I     22.72
           I              *****              ******  *T*******S*T******* I
           I              *****              ****** S*T*******S*T*******SI
           I              *****              *******S*T*******S*T*******SI
      21.26I    *         *****              *******S*T*******S*T*******SI     21.26
           I    *        ******              *******S*T*******S*T*******SI
           I    *        ******         **   *******S*T*******S*T*******SI
           I    *        *******        **  ********S*T*******S*T*******SI
      19.80I    *        *******        **  ********S*T*******S*T*******SI     19.80
           I    *   *    *******        **  ********S*T*******S*T*******SI
           I    *   *    *******        **  ********S*T*******S*T*******SI
           I    **  *    *******    *  ***S ********S*T*******S*T*******SI
      18.34I    **  **   *******    *  ***S*********S*T*******S*T*******SI     18.34
           I    **  **   *******   *** ***S*********S*T*******S*T*******SI
           I    **  **   *******S  *******S*********S*T*******S*T*******SI
           I    **  **   *******S  *******S*********S*T*******S*T*******SI
      16.88I    ** ***   *******S*********S*********S*T*******S*T*******SI     16.88
           I    ** ***  ********S*********S*********S*T*******S*T*******SI
           I   *******  ********S*********S*********S*T*******S*T*******SI
           I   *******  ********S*********S*********S*T*******S*T*******SI
      15.42I   *******S ********S*********S*********S*T*******S*T*******SI     15.42
           I   *******S ********S*********S*********S*T*******S*T*******SI
           I   *******S*********S*********S*********S*T*******S*T*******SI
           I   *******S*********S*********S*********S*T*******S*T*******SI
      13.96I   *******S*********S*********S*********S*T*******S*T*******SI     13.96
           I   *******S*********S*********S*********S*T*******S*T*******SI
           I   *******S*********S*********S*********S*T*******S*T*******SI
           I   *******S*********S*********S*********S*T*******S*T*******SI
      12.50I   *******S*********S*********S*********S*T*******S*T*******SI     12.50
           I  ********S*********S*********S*********S*T*******S*T*******SI
           I  ********S*********S*********S*********S*T*******S*T*******SI
           I  ********S*********S*********S*********S*T*******S*T*******SI
      11.04I  ********S*********S*********S*********S*T*******S*T*******SI     11.04
           I  ********S*********S*********S*********S*T*******S*T*******SI
           I  ********S*********S*********S*********S*T*******S*T*******SI
           I *********S*********S*********S*********S*T*******S*T*******SI
       9.57I**********S*********S*********S*********S*T*******S*T*******SI      9.57
 ++++++++++I+++++++++++++++++++++++++++++++++++++++++++++++++++++++++++++I
            S=SEASONAL FREQUENCIES, T=TRADING DAY FREQUENCIES
        bps_permits 12700            PAGE  22, SERIES bps_permits_addi
 G 2  10*LOG(SPECTRUM) of the Modified Irregular (Table E3).  
      Spectrum estimated from 2018.Jul to 2026.Jun.
 ++++++++++I+++++++++++++++++++++++++++++++++++++++++++++++++++++++++++++I
      24.16I                  *                                          I     24.16
           I                * *                                          I
           I               ** *                                          I
           I               ** *                                          I
      22.76I               ** *                             *            I     22.76
           I               ** *                          *  *            I
           I               ****                         **  **           I
           I               *****                        ******           I
      21.35I               *****                 *      ******           I     21.35
           I               *****                **      ******   *       I
           I               *****                **      ******   **      I
           I              ******                **     *******   **  *   I
      19.95I              ******                **     *******S  **  *   I     19.95
           I              ******                **     *******S T*****   I
           I              ******   *            **    T*******S T*****   I
           I             *******   *    *       ***   T*******S*T******  I
      18.55I             *******   *    *      ****   T*******S*T******  I     18.55
           I             *******   *    *      ****  *T*******S*T******  I
           I             *******   **   *    *******S*T*******S*T******  I
           I            ********   **   *    *******S*T*******S*T******  I
      17.14I            ********S  **  **    *******S*T*******S*T******  I     17.14
           I            ********S  **  **   ********S*T*******S*T******* I
           I            ********S ***  ***  ********S*T*******S*T******* I
           I            ********S ***  ***  ********S*T*******S*T*******SI
      15.74I            ********S ***  ***  ********S*T*******S*T*******SI     15.74
           I            ********S****  ***  ********S*T*******S*T*******SI
           I   *        ********S********* *********S*T*******S*T*******SI
           I   **       ********S*********S*********S*T*******S*T*******SI
      14.34I   ** *     ********S*********S*********S*T*******S*T*******SI     14.34
           I   ****     ********S*********S*********S*T*******S*T*******SI
           I   ****     ********S*********S*********S*T*******S*T*******SI
           I   ****    *********S*********S*********S*T*******S*T*******SI
      12.93I   ****    *********S*********S*********S*T*******S*T*******SI     12.93
           I   *****   *********S*********S*********S*T*******S*T*******SI
           I   *****   *********S*********S*********S*T*******S*T*******SI
           I   *****   *********S*********S*********S*T*******S*T*******SI
      11.53I   *****   *********S*********S*********S*T*******S*T*******SI     11.53
           I   *****   *********S*********S*********S*T*******S*T*******SI
           I   *****   *********S*********S*********S*T*******S*T*******SI
           I   *****   *********S*********S*********S*T*******S*T*******SI
      10.13I  ******* S*********S*********S*********S*T*******S*T*******SI     10.13
           I  ******* S*********S*********S*********S*T*******S*T*******SI
           I  ******* S*********S*********S*********S*T*******S*T*******SI
           I  ********S*********S*********S*********S*T*******S*T*******SI
       8.72I  ********S*********S*********S*********S*T*******S*T*******SI      8.72
           I  ********S*********S*********S*********S*T*******S*T*******SI
           I  ********S*********S*********S*********S*T*******S*T*******SI
           I  ********S*********S*********S*********S*T*******S*T*******SI
       7.32I  ********S*********S*********S*********S*T*******S*T*******SI      7.32
           I *********S*********S*********S*********S*T*******S*T*******SI
           I *********S*********S*********S*********S*T*******S*T*******SI
           I *********S*********S*********S*********S*T*******S*T*******SI
       5.92I**********S*********S*********S*********S*T*******S*T*******SI      5.92
 ++++++++++I+++++++++++++++++++++++++++++++++++++++++++++++++++++++++++++I
            S=SEASONAL FREQUENCIES, T=TRADING DAY FREQUENCIES
        bps_permits 12700            PAGE  23, SERIES bps_permits_addi

  Peak probabilities for Tukey spectrum estimator
  Spectrum estimated from 2018.Jul to 2026.Jun.

                                          S1       S2       S3       S4       S5       S6       TD
                                        ------   ------   ------   ------   ------   ------   ------
  Model Residuals                        0.271    0.110    0.470    0.122    0.054    0.206    0.936* 
  Original Series (Table A1 or B1)       0.424    0.636    0.821    0.326    0.710    0.660    0.668  
  Seasonally adjusted series (E2)        0.000    0.284    0.446    0.276    0.194    0.184    0.645  
  Modified Irregular (E3)                0.234    0.357    0.430    0.319    0.168    0.184    0.619  
  ----------
     ** - Peak Probability > 0.99,
      * - 0.90 < Peak Probability < 0.99


