  Reading input spec file from D:\Programming\Dynamic Paper-dlrhcs_replication\outputs\empirical\unemployment\raw_sa_pilot\x13_work\bps_permits_additive_level_37980_200401_202606.spc

1

               U. S. Department of Commerce, U. S. Census Bureau

              X-13ARIMA-SEATS monthly seasonal adjustment Method,
                          Release Version 1.1 Build 62


           This software application provides an enhanced version of
             Statistics Canada's X-11-ARIMA extension (Dagum, 1980)
                 of the X-11 variant of the Census Method II of
                      Shiskin, Young and Musgrave (1967).

            It also provides an ARIMA model-based method following
       Hillmer and Tiao (1982) and Burman (1980) that is very similar
       to the update of the method of SEATS (Gomez and Maravall, 1996)
                produced at the Bank of Spain by G. Caporello and
               A. Maravall for TSW (Caporello and Maravall, 2004).
          The present application includes additional enhancements.

         X-13ARIMA-SEATS includes an automatic ARIMA model selection procedure
          based largely on the procedure of Gomez and Maravall (1998)
            as implemented in TRAMO (1996) and subsequent revisions.

              Primary Programmers: Brian Monsell, Mark Otto and,
                 for the ARIMA model-based signal extraction,
                      Gianluca Caporello and Victor Gomez


     Series Title- bps_permits 37980
     Series Name- bps_permits_addi
     Jul 29, 2026  08.32.40 

        -Period covered-  1st month,2004 to  6th month,2026
        -Type of run - additive seasonal adjustment

        -Sigma limits for graduating extreme values are  1.5 and  2.5 .
        -3x3 moving average used in section 1 of each iteration, 
         3x5 moving average in section 2 of iterations B and C,
         moving average for final seasonal factors chosen by Global MSR.
        -Holiday adjustment factors applied directly to the final seasonally adjusted series
        -Spectral plots generated for selected series
        -Spectral plots generated for series starting in 2018.Jul

 FILE SAVE REQUESTS (* indicates file exists and will be overwritten)
  D:\Programming\Dynamic Paper-dlrhcs_replication\outputs\empirical\unemployment\raw_sa_pilot\x13_work\bps_permits_additive_level_37980_200401_202606.d10  final seasonal factors
  D:\Programming\Dynamic Paper-dlrhcs_replication\outputs\empirical\unemployment\raw_sa_pilot\x13_work\bps_permits_additive_level_37980_200401_202606.d11  final seasonally adjusted data
  D:\Programming\Dynamic Paper-dlrhcs_replication\outputs\empirical\unemployment\raw_sa_pilot\x13_work\bps_permits_additive_level_37980_200401_202606.out  program output file
  D:\Programming\Dynamic Paper-dlrhcs_replication\outputs\empirical\unemployment\raw_sa_pilot\x13_work\bps_permits_additive_level_37980_200401_202606.err  program error file
        bps_permits 37980            PAGE   1, SERIES bps_permits_addi

     Contents of spc file D:\Programming\Dynamic Paper-dlrhcs_replication\outputs\empirical\unemployment\raw_sa_pilot\x13_work\bps_permits_additive_level_37980_200401_202606.spc

 Line #
 ------
      1: series {
      2:   title = "bps_permits 37980"
      3:   start = 2004.1
      4:   period = 12
      5:   data = (
      6: 1123
      7: 1205
      8: 2460
      9: 1943
     10: 1930
     11: 1956
     12: 2336
     13: 1850
     14: 2408
     15: 1536
     16: 1495
     17: 1275
     18: 1176
     19: 1699
     20: 1889
     21: 1790
     22: 1787
     23: 2070
     24: 1917
     25: 1804
     26: 1742
     27: 1547
     28: 1907
     29: 1440
     30: 1391
     31: 1244
     32: 1701
     33: 1491
     34: 1325
     35: 1579
     36: 1405
     37: 1164
     38: 1067
     39: 1020
     40: 1037
     41: 997
     42: 1256
     43: 912
     44: 1239
     45: 1159
     46: 1237
     47: 1284
     48: 984
     49: 1422
     50: 910
     51: 1104
     52: 707
     53: 1049
     54: 945
     55: 782
     56: 1023
     57: 1080
     58: 985
     59: 1119
     60: 711
     61: 671
     62: 727
     63: 901
     64: 468
     65: 520
     66: 296
     67: 323
     68: 476
     69: 576
     70: 653
     71: 515
     72: 627
     73: 546
     74: 573
     75: 651
     76: 594
     77: 906
     78: 572
     79: 456
     80: 698
     81: 598
     82: 554
     83: 774
     84: 631
     85: 894
     86: 587
     87: 511
     88: 393
     89: 655
     90: 431
     91: 430
     92: 638
     93: 492
     94: 673
     95: 617
     96: 499
     97: 568
     98: 484
     99: 667
    100: 967
    101: 657
    102: 904
    103: 464
    104: 622
    105: 1066
    106: 799
    107: 672
    108: 1063
    109: 666
    110: 687
    111: 618
    112: 538
    113: 851
    114: 847
    115: 683
    116: 1158
    117: 969
    118: 897
    119: 903
    120: 966
    121: 1237
    122: 933
    123: 833
    124: 982
    125: 995
    126: 995
    127: 580
    128: 985
    129: 1512
    130: 1141
    131: 1219
    132: 1169
    133: 1097
    134: 995
    135: 909
    136: 1325
    137: 1092
    138: 687
    139: 588
    140: 821
    141: 1294
    142: 1100
    143: 1535
    144: 1182
    145: 1154
    146: 1246
    147: 1336
    148: 1032
    149: 983
    150: 886
    151: 872
    152: 987
    153: 965
    154: 1074
    155: 1255
    156: 868
    157: 1007
    158: 1002
    159: 1124
    160: 1000
    161: 1101
    162: 1022
    163: 844
    164: 966
    165: 1219
    166: 1664
    167: 1310
    168: 939
    169: 808
    170: 1071
    171: 1227
    172: 1153
    173: 1145
    174: 826
    175: 872
    176: 1141
    177: 1122
    178: 1395
    179: 1147
    180: 1384
    181: 999
    182: 923
    183: 1526
    184: 1080
    185: 915
    186: 1070
    187: 1178
    188: 1210
    189: 1450
    190: 1066
    191: 1092
    192: 1105
    193: 2513
    194: 884
    195: 826
    196: 771
    197: 1638
    198: 1250
    199: 978
    200: 964
    201: 682
    202: 1069
    203: 1162
    204: 1483
    205: 1183
    206: 1015
    207: 1416
    208: 1796
    209: 1540
    210: 2492
    211: 2220
    212: 2663
    213: 1839
    214: 1625
    215: 1395
    216: 1515
    217: 1384
    218: 1235
    219: 1233
    220: 1437
    221: 11888
    222: 1056
    223: 975
    224: 1160
    225: 1386
    226: 1246
    227: 1217
    228: 1051
    229: 1011
    230: 1075
    231: 801
    232: 1272
    233: 1118
    234: 955
    235: 788
    236: 1268
    237: 1143
    238: 1247
    239: 1235
    240: 1014
    241: 924
    242: 1066
    243: 1634
    244: 1088
    245: 1007
    246: 949
    247: 986
    248: 1447
    249: 974
    250: 1444
    251: 1078
    252: 962
    253: 1042
    254: 1009
    255: 1211
    256: 1369
    257: 1249
    258: 931
    259: 1177
    260: 1269
    261: 1017
    262: 976
    263: 1276
    264: 937
    265: 842
    266: 1240
    267: 1231
    268: 1151
    269: 1409
    270: 1136
    271: 1333
    272: 1024
    273: 1532
    274: 1017
    275: 1184
    276:   )
    277: }
    278: transform { function = none }
    279: regression { aictest = (td easter) }
    280: automdl {}
    281: x11 { mode = add save = (d10 d11) }
        bps_permits 37980            PAGE   2, SERIES bps_permits_addi

 A 1  Time series data (for the span analyzed)
  From  2004.Jan to 2026.Jun
  Observations        270
 -----------------------------------------------------------------------------
               Jan      Feb      Mar      Apr      May      Jun 
               Jul      Aug      Sep      Oct      Nov      Dec        TOTAL  
 -----------------------------------------------------------------------------
  2004        1123.    1205.    2460.    1943.    1930.    1956.
              2336.    1850.    2408.    1536.    1495.    1275.        21517.
 
  2005        1176.    1699.    1889.    1790.    1787.    2070.
              1917.    1804.    1742.    1547.    1907.    1440.        20768.
 
  2006        1391.    1244.    1701.    1491.    1325.    1579.
              1405.    1164.    1067.    1020.    1037.     997.        15421.
 
  2007        1256.     912.    1239.    1159.    1237.    1284.
               984.    1422.     910.    1104.     707.    1049.        13263.
 
  2008         945.     782.    1023.    1080.     985.    1119.
               711.     671.     727.     901.     468.     520.         9932.
 
  2009         296.     323.     476.     576.     653.     515.
               627.     546.     573.     651.     594.     906.         6736.
 
  2010         572.     456.     698.     598.     554.     774.
               631.     894.     587.     511.     393.     655.         7323.
 
  2011         431.     430.     638.     492.     673.     617.
               499.     568.     484.     667.     967.     657.         7123.
 
  2012         904.     464.     622.    1066.     799.     672.
              1063.     666.     687.     618.     538.     851.         8950.
 
  2013         847.     683.    1158.     969.     897.     903.
               966.    1237.     933.     833.     982.     995.        11403.
 
  2014         995.     580.     985.    1512.    1141.    1219.
              1169.    1097.     995.     909.    1325.    1092.        13019.
 
  2015         687.     588.     821.    1294.    1100.    1535.
              1182.    1154.    1246.    1336.    1032.     983.        12958.
 
  2016         886.     872.     987.     965.    1074.    1255.
               868.    1007.    1002.    1124.    1000.    1101.        12141.
 
  2017        1022.     844.     966.    1219.    1664.    1310.
               939.     808.    1071.    1227.    1153.    1145.        13368.
 
  2018         826.     872.    1141.    1122.    1395.    1147.
              1384.     999.     923.    1526.    1080.     915.        13330.
 
  2019        1070.    1178.    1210.    1450.    1066.    1092.
              1105.    2513.     884.     826.     771.    1638.        14803.
 
  2020        1250.     978.     964.     682.    1069.    1162.
              1483.    1183.    1015.    1416.    1796.    1540.        14538.
 
  2021        2492.    2220.    2663.    1839.    1625.    1395.
              1515.    1384.    1235.    1233.    1437.   11888.        30926.
 
  2022        1056.     975.    1160.    1386.    1246.    1217.
              1051.    1011.    1075.     801.    1272.    1118.        13368.
 
  2023         955.     788.    1268.    1143.    1247.    1235.
              1014.     924.    1066.    1634.    1088.    1007.        13369.
 
  2024         949.     986.    1447.     974.    1444.    1078.
               962.    1042.    1009.    1211.    1369.    1249.        13720.
 
  2025         931.    1177.    1269.    1017.     976.    1276.
               937.     842.    1240.    1231.    1151.    1409.        13456.
 
  2026        1136.    1333.    1024.    1532.    1017.    1184.
                                                                         7226.
 
  AVGE        1009.     939.    1209.    1187.    1170.    1200.
              1125.    1127.    1040.    1085.    1071.    1565.

  Table Total-      308658.   Mean-      1143.   Std. Dev.-       771.
                              Min -       296.        Max -     11888.
        bps_permits 37980            PAGE   3, SERIES bps_permits_addi
                        Automatic ARIMA Model Selection

                    Procedure based closely on TRAMO method 
                         of Gomez and Maravall (2000)
              "Automatic Modeling Methods for Univariate Series",
                            A Course in Time Series
                  (Edited by D. Pena, G. C. Tiao, R. S. Tsay),
                         New York : J. Wiley and Sons


     Maximum order for regular ARMA parameters :   2
     Maximum order for seasonal ARMA parameters :   1
     Maximum order for regular differencing :   2
     Maximum order for seasonal differencing :   1

   Results of Unit Root Test for identifying orders of differencing:
     Regular difference order :   0
     Seasonal difference order :   0

  Automatic model choice : (1 0 1)


  Final Checks for Identified Model


  Checking for Unit Roots.
   Regular unit root found.
   ( 0, 1, 1) ( 0, 0, 0)
  Constant term removed from model

  Checking for nonseasonal overdifferencing.
   Nonseasonal MA not within  0.001 of 1.0 - model passes test.

  Checking for insignificant ARMA coefficients.

  Final automatic model choice : (0 1 1)
   End of automatic model selection procedure.

 Average absolute percentage error in within-sample forecasts:
  Last year:  13.32      Last-1 year:  13.15     Last-2 year:  26.51
  Last three years:   17.66

 Estimation converged in    2 ARMA iterations,    5 function evaluations.

 ARIMA Model:  (0 1 1)
   Nonseasonal differences: 1
                                              Standard
 Parameter                    Estimate          Errors
 -----------------------------------------------------
 Nonseasonal MA                                    
   Lag  1                       0.8962         0.02732

 Variance                       0.52239E+06
 SE of Var                      0.45044E+05
 -----------------------------------------------------

 Likelihood Statistics
 ------------------------------------------------------------------
 Number of observations (nobs)                                  270
 Effective number of observations (nefobs)                      269
 Number of parameters estimated (np)                              2
 Log likelihood (L)                                      -2153.3568
 AIC                                                      4310.7136 
 AICC (F-corrected-AIC)                                   4310.7587 
 Hannan Quinn                                             4313.6009 
 BIC                                                      4317.9031 
 ------------------------------------------------------------------

 QS Statistic for regARIMA Model Residuals (full series):             0.36
                                                       (P-Value =     0.8343)

 QS Statistic for regARIMA Model Residuals (starting 2018.Jul):       0.00
                                                       (P-Value =     1.0000)
      10*LOG(SPECTRUM) of the regARIMA model residuals
      Spectrum estimated from 2018.Jul to 2026.Jun.
 ++++++++++I+++++++++++++++++++++++++++++++++++++++++++++++++++++++++++++I
      64.69I                     *                                       I     64.69
           I                     *                                       I
           I                     *                                       I
           I                     *                                       I
      64.05I                     *    *                                  I     64.05
           I                     *    *                                  I
           I                     *    *                                  I
           I                     *    *                                  I
      63.41I                     *    *                                  I     63.41
           I                     *    *                            *     I
           I                     *    *                            *     I
           I   *                 **   *                            **    I
      62.78I   *        **       **   *                            **    I     62.78
           I   *        **       **   *                            **    I
           I   *        **       **   *   S   *                    **    I
           I   *        **       **   *   S   *                    **    I
      62.14I   *        **       **  **   S   *                    **    I     62.14
           I   *     *  **       **  ***  S   **   *               **    I
           I   *     *  **       **  ***  S   **   *   **         ***    I
           I   *     *  **       **  *** *S   **   *   **         ***    I
      61.50I   *     * ***  *    **  *** *S   **   *   **      *T ***    I     61.50
           I   *     * ***  *    **  *** *S*  **   *   **      *T ***    I
           I   *     *S**** *    **  *** *S*  **  **S  ***     *T ***    I
           I   *     *S******    **  *** *S* ***  **S T***     *T*****   I
      60.86I   *     *S******    **  *****S* ***  **S T***    S*T*****   I     60.86
           I   *     *S******    **  *****S* ***  **S*T****   S*T*****   I
           I   *     *S******    **  *****S* ***  **S*T****   S*T*****   I
           I   **   **S******   S**  *****S****** **S*T*****  S*T*****   I
      60.22I   **   **S*******  S**  *****S*********S*T*****  S*T*****   I     60.22
           I   **   **S*******  S**  *****S*********S*T***** *S*T*****   I
           I  ***   **S*******  S*** *****S*********S*T*******S*T****** SI
           I  ***   **S*******  S*********S*********S*T*******S*T*******SI
      59.58I  ***   **S*******  S*********S*********S*T*******S*T*******SI     59.58
           I  ***   **S*******  S*********S*********S*T*******S*T*******SI
           I  ***   **S*******  S*********S*********S*T*******S*T*******SI
           I  ***   **S*******  S*********S*********S*T*******S*T*******SI
      58.95I  ***   **S*******  S*********S*********S*T*******S*T*******SI     58.95
           I  ***   **S*******  S*********S*********S*T*******S*T*******SI
           I  ***   **S*******  S*********S*********S*T*******S*T*******SI
           I  ***   **S*******  S*********S*********S*T*******S*T*******SI
      58.31I  ***   **S******** S*********S*********S*T*******S*T*******SI     58.31
           I  ***   **S*********S*********S*********S*T*******S*T*******SI
           I  ***   **S*********S*********S*********S*T*******S*T*******SI
           I  ***   **S*********S*********S*********S*T*******S*T*******SI
      57.67I  ***  ***S*********S*********S*********S*T*******S*T*******SI     57.67
           I  ***  ***S*********S*********S*********S*T*******S*T*******SI
           I  **** ***S*********S*********S*********S*T*******S*T*******SI
           I ***** ***S*********S*********S*********S*T*******S*T*******SI
      57.03I ***** ***S*********S*********S*********S*T*******S*T*******SI     57.03
           I ***** ***S*********S*********S*********S*T*******S*T*******SI
           I ***** ***S*********S*********S*********S*T*******S*T*******SI
           I *********S*********S*********S*********S*T*******S*T*******SI
      56.39I**********S*********S*********S*********S*T*******S*T*******SI     56.39
 ++++++++++I+++++++++++++++++++++++++++++++++++++++++++++++++++++++++++++I
            S=SEASONAL FREQUENCIES, T=TRADING DAY FREQUENCIES


 FORECASTING
  Origin  2026.Jun
  Number        12

  Forecasts and Standard Errors
   ------------------------------
                         Standard
       Date   Forecast      Error
   ------------------------------
   2026.Jul    1178.39    722.765
   2026.Aug    1178.39    726.650
   2026.Sep    1178.39    730.514
   2026.Oct    1178.39    734.358
   2026.Nov    1178.39    738.181
   2026.Dec    1178.39    741.985
   2027.Jan    1178.39    745.770
   2027.Feb    1178.39    749.535
   2027.Mar    1178.39    753.282
   2027.Apr    1178.39    757.010
   2027.May    1178.39    760.720
   2027.Jun    1178.39    764.411
   ------------------------------

  Confidence intervals with coverage probability ( 0.95000
   ---------------------------------------
       Date      Lower  Forecast     Upper
   ---------------------------------------
   2026.Jul    -238.20   1178.39   2594.99
   2026.Aug    -245.81   1178.39   2602.60
   2026.Sep    -253.39   1178.39   2610.17
   2026.Oct    -260.92   1178.39   2617.71
   2026.Nov    -268.42   1178.39   2625.20
   2026.Dec    -275.87   1178.39   2632.66
   2027.Jan    -283.29   1178.39   2640.07
   2027.Feb    -290.67   1178.39   2647.45
   2027.Mar    -298.01   1178.39   2654.80
   2027.Apr    -305.32   1178.39   2662.10
   2027.May    -312.59   1178.39   2669.38
   2027.Jun    -319.83   1178.39   2676.61
   ---------------------------------------
        bps_permits 37980            PAGE   4, SERIES bps_permits_addi

 B 1  Original series (prior adjusted)
  From  2004.Jan to 2026.Jun
  Observations        270
 -----------------------------------------------------------------------------
               Jan      Feb      Mar      Apr      May      Jun 
               Jul      Aug      Sep      Oct      Nov      Dec        TOTAL  
 -----------------------------------------------------------------------------
  2004        1123.    1205.    2460.    1943.    1930.    1956.
              2336.    1850.    2408.    1536.    1495.    1275.        21517.
 
  2005        1176.    1699.    1889.    1790.    1787.    2070.
              1917.    1804.    1742.    1547.    1907.    1440.        20768.
 
  2006        1391.    1244.    1701.    1491.    1325.    1579.
              1405.    1164.    1067.    1020.    1037.     997.        15421.
 
  2007        1256.     912.    1239.    1159.    1237.    1284.
               984.    1422.     910.    1104.     707.    1049.        13263.
 
  2008         945.     782.    1023.    1080.     985.    1119.
               711.     671.     727.     901.     468.     520.         9932.
 
  2009         296.     323.     476.     576.     653.     515.
               627.     546.     573.     651.     594.     906.         6736.
 
  2010         572.     456.     698.     598.     554.     774.
               631.     894.     587.     511.     393.     655.         7323.
 
  2011         431.     430.     638.     492.     673.     617.
               499.     568.     484.     667.     967.     657.         7123.
 
  2012         904.     464.     622.    1066.     799.     672.
              1063.     666.     687.     618.     538.     851.         8950.
 
  2013         847.     683.    1158.     969.     897.     903.
               966.    1237.     933.     833.     982.     995.        11403.
 
  2014         995.     580.     985.    1512.    1141.    1219.
              1169.    1097.     995.     909.    1325.    1092.        13019.
 
  2015         687.     588.     821.    1294.    1100.    1535.
              1182.    1154.    1246.    1336.    1032.     983.        12958.
 
  2016         886.     872.     987.     965.    1074.    1255.
               868.    1007.    1002.    1124.    1000.    1101.        12141.
 
  2017        1022.     844.     966.    1219.    1664.    1310.
               939.     808.    1071.    1227.    1153.    1145.        13368.
 
  2018         826.     872.    1141.    1122.    1395.    1147.
              1384.     999.     923.    1526.    1080.     915.        13330.
 
  2019        1070.    1178.    1210.    1450.    1066.    1092.
              1105.    2513.     884.     826.     771.    1638.        14803.
 
  2020        1250.     978.     964.     682.    1069.    1162.
              1483.    1183.    1015.    1416.    1796.    1540.        14538.
 
  2021        2492.    2220.    2663.    1839.    1625.    1395.
              1515.    1384.    1235.    1233.    1437.   11888.        30926.
 
  2022        1056.     975.    1160.    1386.    1246.    1217.
              1051.    1011.    1075.     801.    1272.    1118.        13368.
 
  2023         955.     788.    1268.    1143.    1247.    1235.
              1014.     924.    1066.    1634.    1088.    1007.        13369.
 
  2024         949.     986.    1447.     974.    1444.    1078.
               962.    1042.    1009.    1211.    1369.    1249.        13720.
 
  2025         931.    1177.    1269.    1017.     976.    1276.
               937.     842.    1240.    1231.    1151.    1409.        13456.
 
  2026        1136.    1333.    1024.    1532.    1017.    1184.
                                                                         7226.
 
  AVGE        1009.     939.    1209.    1187.    1170.    1200.
              1125.    1127.    1040.    1085.    1071.    1565.

  Table Total-      308658.   Mean-      1143.   Std. Dev.-       771.
                              Min -       296.        Max -     11888.

 B 1.A  Forecasts of (prior adjusted) original series
  From  2026.Jul to 2027.Jun
  Observations         12
 -----------------------------------------------------------------------------
               Jan      Feb      Mar      Apr      May      Jun 
               Jul      Aug      Sep      Oct      Nov      Dec        TOTAL  
 -----------------------------------------------------------------------------
  2026                                                          
              1178.    1178.    1178.    1178.    1178.    1178.         7070.
 
  2027        1178.    1178.    1178.    1178.    1178.    1178.
                                                                         7070.
 
        bps_permits 37980            PAGE   5, SERIES bps_permits_addi

 C 17  Final weights for irregular component
  From  2004.Jan to 2026.Jun
  Observations        270
  Lower sigma limit    1.50
  Upper sigma limit    2.50
 -----------------------------------------------------------------------------
               Jan      Feb      Mar      Apr      May      Jun 
               Jul      Aug      Sep      Oct      Nov      Dec         S.D.  
 -----------------------------------------------------------------------------
  2004         100.      89.       0.     100.     100.       0.
                70.     100.       0.     100.     100.     100.        10589.
 
  2005         100.       0.     100.     100.     100.     100.
               100.     100.     100.     100.       0.     100.        10589.
 
  2006         100.     100.     100.     100.     100.     100.
               100.     100.     100.     100.     100.     100.        10589.
 
  2007           0.     100.     100.     100.     100.     100.
                59.       0.     100.     100.      41.     100.         9428.
 
  2008         100.     100.     100.     100.     100.     100.
                78.     100.     100.       0.     100.     100.         7911.
 
  2009         100.     100.     100.     100.     100.      80.
               100.     100.     100.     100.     100.      93.         8671.
 
  2010         100.     100.     100.     100.     100.     100.
               100.       0.     100.     100.     100.     100.         9682.
 
  2011         100.     100.     100.     100.     100.     100.
               100.     100.     100.     100.       0.     100.        10778.
 
  2012          85.     100.     100.      48.     100.     100.
                 2.     100.     100.     100.     100.     100.        11519.
 
  2013         100.     100.       6.     100.     100.     100.
               100.      18.     100.     100.     100.     100.        11876.
 
  2014         100.     100.     100.       0.     100.     100.
               100.     100.     100.     100.       0.     100.        11618.
 
  2015         100.     100.     100.     100.     100.      72.
               100.     100.     100.     100.     100.     100.        11729.
 
  2016         100.     100.     100.     100.     100.     100.
               100.     100.     100.     100.     100.     100.        12923.
 
  2017         100.     100.     100.     100.     100.     100.
               100.     100.     100.     100.     100.     100.        25299.
 
  2018         100.     100.     100.     100.     100.     100.
               100.     100.     100.     100.     100.     100.        25831.
 
  2019         100.     100.     100.     100.     100.     100.
               100.       0.     100.     100.     100.     100.        41009.
 
  2020         100.     100.     100.     100.     100.     100.
               100.     100.     100.     100.     100.     100.        53141.
 
  2021         100.     100.     100.     100.     100.     100.
               100.     100.     100.       0.       0.       0.        53124.
 
  2022           0.       0.      74.     100.     100.     100.
               100.     100.     100.     100.     100.     100.        48547.
 
  2023         100.     100.     100.     100.     100.     100.
               100.     100.     100.     100.     100.     100.        48280.
 
  2024         100.     100.     100.     100.     100.     100.
               100.     100.     100.     100.     100.     100.        36538.
 
  2025         100.     100.     100.     100.     100.     100.
               100.     100.     100.     100.     100.     100.        34879.
 
  2026         100.     100.     100.     100.     100.     100.
                                                                        34879.
 
        bps_permits 37980            PAGE   6, SERIES bps_permits_addi

 D 8  Final unmodified SI ratios
  From  2004.Jan to 2026.Jun
  Observations        270
 -----------------------------------------------------------------------------
               Jan      Feb      Mar      Apr      May      Jun 
               Jul      Aug      Sep      Oct      Nov      Dec         AVGE  
 -----------------------------------------------------------------------------
  2004        -373.    -383.     779.     171.      85.      73.
               460.      25.     657.    -138.    -115.    -296.           79.
 
  2005        -389.     113.     267.     125.      87.     347.
               185.      69.      12.    -168.     218.    -207.           55.
 
  2006        -197.    -274.     256.     116.      16.     325.
               196.     -12.     -85.    -118.     -90.    -121.            1.
 
  2007         144.    -189.     152.      87.     176.     231.
               -62.     380.    -132.      62.    -333.      18.           44.
 
  2008         -71.    -215.      52.     144.      90.     270.
               -91.     -75.      43.     281.     -89.      14.           29.
 
  2009        -174.    -129.      20.     102.     156.      -5.
                78.     -39.     -53.     -12.     -96.     210.            5.
 
  2010        -106.    -192.      83.       5.     -35.     178.
                26.     293.       3.     -50.    -145.     131.           16.
 
  2011         -94.    -101.      99.     -48.     138.      82.
               -43.       6.    -112.      36.     306.     -31.           20.
 
  2012         201.    -247.     -93.     352.      86.     -33.
               371.     -13.      13.     -72.    -189.      77.           38.
 
  2013          27.    -169.     293.     102.      33.      35.
                83.     328.      -3.    -123.      15.      18.           53.
 
  2014           6.    -425.     -40.     465.      78.     154.
               117.      67.     -10.     -70.     370.     154.           72.
 
  2015        -247.    -361.    -161.     267.      16.     394.
                 1.     -37.      66.     178.    -102.    -121.           -9.
 
  2016        -188.    -166.     -15.      -7.     123.     312.
               -84.      28.     -15.      74.     -70.      16.            1.
 
  2017         -82.    -284.    -180.      71.     530.     197.
              -157.    -278.     -11.     140.      61.      54.            5.
 
  2018        -248.    -188.      73.      31.     272.     -19.
               179.    -224.    -295.     344.     -58.    -190.          -27.
 
  2019         -24.      75.      91.     305.    -104.     -68.
               -25.    1414.    -188.    -219.    -237.     682.          142.
 
  2020         341.      91.      53.    -307.     -44.    -108.
                82.    -279.    -452.     -55.     267.    -120.          -44.
 
  2021         667.     252.     622.    -174.    -281.    -397.
              -246.    -484.    -862.   -1124.   -1097.    9331.          517.
 
  2022       -1357.   -1173.    -682.    -212.    -205.    -151.
              -255.    -213.     -27.    -160.     418.     314.         -308.
 
  2023         123.    -140.     209.     -30.      -6.     -66.
              -285.    -330.    -114.     531.      52.       5.           -4.
 
  2024         -66.     -78.     315.    -217.     235.    -107.
              -190.     -87.    -114.      76.     218.      90.            6.
 
  2025        -216.      49.     167.     -62.     -95.     200.
              -150.    -264.     102.      66.     -39.     195.           -4.
 
  2026         -91.     110.    -191.     321.    -195.     -36.
                                                                          -14.
 
  AVGE        -105.    -175.      94.      70.      50.      79.
                 9.      12.     -72.     -24.     -33.     465.

  Table Total-        8156.   Mean-        30.   Std. Dev.-       631.
                              Min -     -1357.        Max -      9331.
        bps_permits 37980            PAGE   7, SERIES bps_permits_addi

 D 8.B  Final unmodified SI ratios, with labels for outliers and extreme values
  From  2004.Jan to 2026.Jun
  Observations        270
 ---------------------------------------------------------------------
               Jan       Feb       Mar       Apr       May       Jun  
               Jul       Aug       Sep       Oct       Nov       Dec  
 ---------------------------------------------------------------------
  2004       -373.     -383.*     779.*     171.       85.       73.* 
              460.*      25.      657.*    -138.     -115.     -296.  
 
  2005       -389.      113.*     267.      125.       87.      347.  
              185.       69.       12.     -168.      218.*    -207.  
 
  2006       -197.     -274.      256.      116.       16.      325.  
              196.      -12.      -85.     -118.      -90.     -121.  
 
  2007        144.*    -189.      152.       87.      176.      231.  
              -62.*     380.*    -132.       62.     -333.*      18.  
 
  2008        -71.     -215.       52.      144.       90.      270.  
              -91.*     -75.       43.      281.*     -89.       14.  
 
  2009       -174.     -129.       20.      102.      156.       -5.* 
               78.      -39.      -53.      -12.      -96.      210.* 
 
  2010       -106.     -192.       83.        5.      -35.      178.  
               26.      293.*       3.      -50.     -145.      131.  
 
  2011        -94.     -101.       99.      -48.      138.       82.  
              -43.        6.     -112.       36.      306.*     -31.  
 
  2012        201.*    -247.      -93.      352.*      86.      -33.  
              371.*     -13.       13.      -72.     -189.       77.  
 
  2013         27.     -169.      293.*     102.       33.       35.  
               83.      328.*      -3.     -123.       15.       18.  
 
  2014          6.     -425.      -40.      465.*      78.      154.  
              117.       67.      -10.      -70.      370.*     154.  
 
  2015       -247.     -361.     -161.      267.       16.      394.* 
                1.      -37.       66.      178.     -102.     -121.  
 
  2016       -188.     -166.      -15.       -7.      123.      312.  
              -84.       28.      -15.       74.      -70.       16.  
 
  2017        -82.     -284.     -180.       71.      530.      197.  
             -157.     -278.      -11.      140.       61.       54.  
 
  2018       -248.     -188.       73.       31.      272.      -19.  
              179.     -224.     -295.      344.      -58.     -190.  
 
  2019        -24.       75.       91.      305.     -104.      -68.  
              -25.     1414.*    -188.     -219.     -237.      682.  
 
  2020        341.       91.       53.     -307.      -44.     -108.  
               82.     -279.     -452.      -55.      267.     -120.  
 
  2021        667.      252.      622.     -174.     -281.     -397.  
             -246.     -484.     -862.    -1124.*   -1097.*    9331.* 
 
  2022      -1357.*   -1173.*    -682.*    -212.     -205.     -151.  
             -255.     -213.      -27.     -160.      418.      314.  
 
  2023        123.     -140.      209.      -30.       -6.      -66.  
             -285.     -330.     -114.      531.       52.        5.  
 
  2024        -66.      -78.      315.     -217.      235.     -107.  
             -190.      -87.     -114.       76.      218.       90.  
 
  2025       -216.       49.      167.      -62.      -95.      200.  
             -150.     -264.      102.       66.      -39.      195.  
 
  2026        -91.      110.     -191.      321.     -195.      -36.  
                                                                      
 

  Key to symbols:
    *  : extreme value as determined by X-11 extreme value procedure
 
        bps_permits 37980            PAGE   8, SERIES bps_permits_addi

 D 9  Final replacement values for SI ratios
  From  2004.Jan to 2026.Jun
  Observations        270
 ---------------------------------------------------------------
               Jan      Feb      Mar      Apr      May      Jun 
               Jul      Aug      Sep      Oct      Nov      Dec 
 ---------------------------------------------------------------
  2004     ********    -364.     276. ******** ********     352.
               402. ********       7. ******** ******** ********
 
  2005     ********    -234. ******** ******** ******** ********
           ******** ******** ******** ********    -120. ********
 
  2006     ******** ******** ******** ******** ******** ********
           ******** ******** ******** ******** ******** ********
 
  2007        -176. ******** ******** ******** ******** ********
                12.      11. ******** ********    -218. ********
 
  2008     ******** ******** ******** ******** ******** ********
               -61. ******** ********     -17. ******** ********
 
  2009     ******** ******** ******** ******** ********      23.
           ******** ******** ******** ******** ********     200.
 
  2010     ******** ******** ******** ******** ******** ********
           ********      15. ******** ******** ******** ********
 
  2011     ******** ******** ******** ******** ******** ********
           ******** ******** ******** ********     -45. ********
 
  2012         173. ******** ********     232. ******** ********
                90. ******** ******** ******** ******** ********
 
  2013     ******** ********      20. ******** ******** ********
           ********     100. ******** ******** ******** ********
 
  2014     ******** ******** ********     170. ******** ********
           ******** ******** ******** ********     -18. ********
 
  2015     ******** ******** ******** ******** ********     334.
           ******** ******** ******** ******** ******** ********
 
  2016     ******** ******** ******** ******** ******** ********
           ******** ******** ******** ******** ******** ********
 
  2017     ******** ******** ******** ******** ******** ********
           ******** ******** ******** ******** ******** ********
 
  2018     ******** ******** ******** ******** ******** ********
           ******** ******** ******** ******** ******** ********
 
  2019     ******** ******** ******** ******** ******** ********
           ********    -138. ******** ******** ******** ********
 
  2020     ******** ******** ******** ******** ******** ********
           ******** ******** ******** ******** ******** ********
 
  2021     ******** ******** ******** ******** ******** ********
           ******** ******** ********     320.     586.     677.
 
  2022         627.     282.    -460. ******** ******** ********
           ******** ******** ******** ******** ******** ********
 
  2023     ******** ******** ******** ******** ******** ********
           ******** ******** ******** ******** ******** ********
 
  2024     ******** ******** ******** ******** ******** ********
           ******** ******** ******** ******** ******** ********
 
  2025     ******** ******** ******** ******** ******** ********
           ******** ******** ******** ******** ******** ********
 
  2026     ******** ******** ******** ******** ******** ********
                                                                
 

 D 9.A  Moving seasonality ratio
 ---------------------------------------------------------------
               Jan      Feb      Mar      Apr      May      Jun 
 ---------------------------------------------------------------
   I        150.328  114.532  194.051  152.833  157.288  113.903
   S         45.809   29.128   37.902   23.481   23.217   33.532
 RATIO        3.282    3.932    5.120    6.509    6.775    3.397



 ---------------------------------------------------------------
               Jul      Aug      Sep      Oct      Nov      Dec 
 ---------------------------------------------------------------
   I        112.437  108.653  141.045  180.204  154.155  233.728
   S         28.252   23.657   30.675   29.381   25.162   42.091
 RATIO        3.980    4.593    4.598    6.133    6.126    5.553



        bps_permits 37980            PAGE   9, SERIES bps_permits_addi

 D 10  Final seasonal factors
  From  2004.Jan to 2026.Jun
  Observations        270
  Seasonal filter    3 x 5 moving average
 -----------------------------------------------------------------------------
               Jan      Feb      Mar      Apr      May      Jun 
               Jul      Aug      Sep      Oct      Nov      Dec         AVGE  
 -----------------------------------------------------------------------------
  2004        -300.    -277.     247.     128.      78.     323.
               222.      22.     -41.    -113.    -127.    -176.           -1.
 
  2005        -277.    -265.     233.     130.      86.     316.
               191.      12.     -43.     -99.    -130.    -154.           -0.
 
  2006        -241.    -239.     200.     126.      98.     286.
               138.      -1.     -47.     -76.    -131.     -98.            1.
 
  2007        -194.    -216.     159.     116.      95.     250.
                89.     -15.     -46.     -55.    -129.     -31.            2.
 
  2008        -154.    -186.     120.      93.     100.     201.
                41.     -21.     -51.     -28.    -125.      32.            2.
 
  2009        -105.    -177.      79.      81.      93.     156.
                22.     -23.     -42.     -17.    -121.      65.            1.
 
  2010         -69.    -168.      48.      76.      90.     106.
                21.     -11.     -35.     -21.    -108.      76.            0.
 
  2011         -28.    -190.      23.      85.      74.      81.
                39.       9.     -23.     -39.     -93.      77.            1.
 
  2012         -19.    -219.       0.     103.      66.      83.
                49.      25.     -17.     -33.     -77.      57.            1.
 
  2013         -24.    -254.     -28.     127.      62.     117.
                48.      31.      -4.     -19.     -70.      39.            2.
 
  2014         -58.    -272.     -55.     138.      95.     157.
                27.      11.       4.      12.     -53.      23.            2.
 
  2015        -100.    -280.     -64.     127.     141.     186.
                16.     -27.     -13.      56.     -46.       9.            0.
 
  2016        -137.    -249.     -55.     125.     179.     187.
                -4.     -84.     -52.      86.     -52.      29.           -2.
 
  2017        -117.    -187.     -27.      95.     184.     144.
                 0.    -138.    -123.      85.     -52.      49.           -7.
 
  2018         -22.     -93.      43.      61.     146.      53.
               -18.    -208.    -231.      73.       2.     131.           -5.
 
  2019         124.       4.      82.      -7.      65.     -49.
               -31.    -252.    -320.      55.      95.     192.           -3.
 
  2020         253.      75.     114.     -45.     -33.    -126.
               -81.    -287.    -361.      71.     176.     268.            2.
 
  2021         322.     104.     113.    -111.     -86.    -159.
              -127.    -278.    -336.      89.     240.     258.            2.
 
  2022         305.      92.     142.    -139.     -91.    -148.
              -185.    -278.    -276.     137.     262.     255.            6.
 
  2023         214.      66.     103.    -133.     -71.    -106.
              -194.    -238.    -173.     146.     235.     194.            4.
 
  2024          86.      35.      87.     -69.     -53.     -49.
              -190.    -206.     -81.     155.     154.     158.            2.
 
  2025         -18.      18.      56.     -15.     -29.      -5.
              -161.    -164.     -23.     128.      91.     104.           -2.
 
  2026         -72.      21.      68.      25.     -27.      22.
                                                                            6.
 
  AVGE         -27.    -124.      73.      49.      55.      88.
                -4.     -96.    -106.      27.      -3.      71.

  Table Total-         153.   Mean-         1.   Std. Dev.-       138.
                              Min -      -361.        Max -       323.

 D 10.A  Final seasonal component forecasts
  From  2026.Jul to 2027.Jun
  Observations         12
 -----------------------------------------------------------------------------
               Jan      Feb      Mar      Apr      May      Jun 
               Jul      Aug      Sep      Oct      Nov      Dec         AVGE  
 -----------------------------------------------------------------------------
  2026                                                          
              -149.    -156.     -22.     124.      67.      94.           -7.
 
  2027         -85.      42.      48.      48.     -40.      37.
                                                                            8.
 
        bps_permits 37980            PAGE  10, SERIES bps_permits_addi

 D 11  Final seasonally adjusted data
  From  2004.Jan to 2026.Jun
  Observations        270
 -----------------------------------------------------------------------------
               Jan      Feb      Mar      Apr      May      Jun 
               Jul      Aug      Sep      Oct      Nov      Dec        TOTAL  
 -----------------------------------------------------------------------------
  2004        1423.    1482.    2213.    1815.    1852.    1633.
              2114.    1828.    2449.    1649.    1622.    1451.        21530.
 
  2005        1453.    1964.    1656.    1660.    1701.    1754.
              1726.    1792.    1785.    1646.    2037.    1594.        20770.
 
  2006        1632.    1483.    1501.    1365.    1227.    1293.
              1267.    1165.    1114.    1096.    1168.    1095.        15406.
 
  2007        1450.    1128.    1080.    1043.    1142.    1034.
               895.    1437.     956.    1159.     836.    1080.        13240.
 
  2008        1099.     968.     903.     987.     885.     918.
               670.     692.     778.     929.     593.     488.         9910.
 
  2009         401.     500.     397.     495.     560.     359.
               605.     569.     615.     668.     715.     841.         6726.
 
  2010         641.     624.     650.     522.     464.     668.
               610.     905.     622.     532.     501.     579.         7318.
 
  2011         459.     620.     615.     407.     599.     536.
               460.     559.     507.     706.    1060.     580.         7109.
 
  2012         923.     683.     622.     963.     733.     589.
              1014.     641.     704.     651.     615.     794.         8932.
 
  2013         871.     937.    1186.     842.     835.     786.
               918.    1206.     937.     852.    1052.     956.        11378.
 
  2014        1053.     852.    1040.    1374.    1046.    1062.
              1142.    1086.     991.     897.    1378.    1069.        12991.
 
  2015         787.     868.     885.    1167.     959.    1349.
              1166.    1181.    1259.    1280.    1078.     974.        12953.
 
  2016        1023.    1121.    1042.     840.     895.    1068.
               872.    1091.    1054.    1038.    1052.    1072.        12168.
 
  2017        1139.    1031.     993.    1124.    1480.    1166.
               939.     946.    1194.    1142.    1205.    1096.        13454.
 
  2018         848.     965.    1098.    1061.    1249.    1094.
              1402.    1207.    1154.    1453.    1078.     784.        13391.
 
  2019         946.    1174.    1128.    1457.    1001.    1141.
              1136.    2765.    1204.     771.     676.    1446.        14844.
 
  2020         997.     903.     850.     727.    1102.    1288.
              1564.    1470.    1376.    1345.    1620.    1272.        14515.
 
  2021        2170.    2116.    2550.    1950.    1711.    1554.
              1642.    1662.    1571.    1144.    1197.   11630.        30897.
 
  2022         751.     883.    1018.    1525.    1337.    1365.
              1236.    1289.    1351.     664.    1010.     863.        13293.
 
  2023         741.     722.    1165.    1276.    1318.    1341.
              1208.    1162.    1239.    1488.     853.     813.        13325.
 
  2024         863.     951.    1360.    1043.    1497.    1127.
              1152.    1248.    1090.    1056.    1215.    1091.        13693.
 
  2025         949.    1159.    1213.    1032.    1005.    1281.
              1098.    1006.    1263.    1103.    1060.    1305.        13476.
 
  2026        1208.    1312.     956.    1507.    1044.    1162.
                                                                         7189.
 
  AVGE        1036.    1063.    1136.    1138.    1115.    1112.
              1129.    1223.    1146.    1058.    1074.    1494.

  Table Total-      308505.   Mean-      1143.   Std. Dev.-       750.
                              Min -       359.        Max -     11630.
        bps_permits 37980            PAGE  11, SERIES bps_permits_addi

 D 12  Final trend cycle
  From  2004.Jan to 2026.Jun
  Observations        270
  Trend filter    13-term Henderson moving average
  I/C ratio        3.11
 -----------------------------------------------------------------------------
               Jan      Feb      Mar      Apr      May      Jun 
               Jul      Aug      Sep      Oct      Nov      Dec        TOTAL  
 -----------------------------------------------------------------------------
  2004        1486.    1581.    1677.    1775.    1862.    1918.
              1922.    1869.    1779.    1677.    1590.    1539.        20675.
 
  2005        1533.    1563.    1610.    1665.    1711.    1743.
              1755.    1755.    1741.    1713.    1677.    1632.        20097.
 
  2006        1576.    1513.    1447.    1380.    1315.    1259.
              1212.    1175.    1148.    1132.    1120.    1115.        15391.
 
  2007        1115.    1110.    1098.    1080.    1061.    1045.
              1032.    1028.    1034.    1043.    1049.    1044.        12738.
 
  2008        1029.    1006.     974.     933.     888.     840.
               794.     743.     686.     627.     567.     514.         9601.
 
  2009         472.     449.     447.     462.     484.     509.
               542.     587.     636.     680.     711.     713.         6692.
 
  2010         687.     646.     603.     576.     572.     584.
               598.     600.     587.     568.     549.     539.         7108.
 
  2011         540.     543.     544.     536.     522.     517.
               522.     543.     584.     629.     670.     707.         6857.
 
  2012         728.     735.     732.     721.     709.     692.
               674.     660.     656.     677.     723.     779.         8487.
 
  2013         831.     867.     878.     875.     866.     866.
               881.     908.     937.     956.     965.     971.        10801.
 
  2014         978.     993.    1014.    1041.    1067.    1080.
              1075.    1056.    1025.     987.     948.     916.        12181.
 
  2015         905.     920.     959.    1016.    1088.    1160.
              1210.    1224.    1208.    1175.    1134.    1086.        13083.
 
  2016        1044.    1005.     976.     959.     954.     959.
               979.    1010.    1041.    1060.    1060.    1057.        12105.
 
  2017        1069.    1099.    1134.    1155.    1155.    1139.
              1123.    1110.    1099.    1092.    1080.    1059.        13314.
 
  2018        1026.    1013.    1039.    1092.    1157.    1222.
              1265.    1267.    1230.    1159.    1089.    1048.        13608.
 
  2019        1048.    1082.    1128.    1177.    1210.    1190.
              1137.    1085.    1047.    1026.    1008.     977.        13113.
 
  2020         944.     920.     930.     986.    1086.    1225.
              1346.    1407.    1426.    1460.    1563.    1738.        15029.
 
  2021        1931.    2068.    2100.    2007.    1832.    1671.
              1628.    1765.    2058.    2396.    2635.    2688.        24779.
 
  2022        2532.    2217.    1846.    1544.    1366.    1285.
              1249.    1202.    1111.     988.     885.     828.        17052.
 
  2023         845.     931.    1055.    1166.    1249.    1303.
              1310.    1274.    1199.    1113.    1025.     970.        13438.
 
  2024         968.    1019.    1108.    1198.    1247.    1242.
              1212.    1174.    1138.    1114.    1101.    1096.        13616.
 
  2025        1091.    1095.    1101.    1106.    1114.    1119.
              1118.    1119.    1135.    1151.    1169.    1194.        13512.
 
  2026        1212.    1213.    1211.    1216.    1225.    1236.
                                                                         7314.
 
  AVGE        1113.    1112.    1113.    1116.    1119.    1122.
              1117.    1116.    1114.    1110.    1105.    1100.

  Table Total-      300590.   Mean-      1113.   Std. Dev.-       397.
                              Min -       447.        Max -      2688.
        bps_permits 37980            PAGE  12, SERIES bps_permits_addi

 D 13  Final irregular component
  From  2004.Jan to 2026.Jun
  Observations        270
 -----------------------------------------------------------------------------
               Jan      Feb      Mar      Apr      May      Jun 
               Jul      Aug      Sep      Oct      Nov      Dec         S.D.  
 -----------------------------------------------------------------------------
  2004         -63.     -99.     536.      40.     -10.    -285.
               192.     -41.     670.     -28.      31.     -88.          271.
 
  2005         -80.     402.      47.      -4.     -10.      11.
               -29.      37.      44.     -67.     360.     -38.          161.
 
  2006          56.     -30.      54.     -15.     -88.      34.
                55.     -10.     -34.     -35.      48.     -20.           45.
 
  2007         335.      19.     -19.     -36.      81.     -11.
              -137.     410.     -78.     116.    -213.      36.          177.
 
  2008          70.     -38.     -71.      54.      -4.      78.
              -125.     -51.      92.     302.      26.     -25.          108.
 
  2009         -71.      52.     -50.      33.      76.    -150.
                63.     -17.     -21.     -12.       4.     128.           71.
 
  2010         -46.     -22.      48.     -54.    -109.      84.
                12.     305.      35.     -36.     -48.      40.          103.
 
  2011         -81.      77.      71.    -130.      77.      20.
               -61.      16.     -77.      77.     390.    -127.          137.
 
  2012         195.     -53.    -110.     242.      24.    -103.
               340.     -19.      48.     -26.    -108.      15.          145.
 
  2013          40.      71.     308.     -34.     -32.     -80.
                38.     298.      -0.    -104.      87.     -14.          135.
 
  2014          75.    -141.      26.     333.     -21.     -18.
                67.      30.     -34.     -90.     430.     153.          173.
 
  2015        -118.     -52.     -74.     150.    -128.     189.
               -44.     -43.      51.     105.     -56.    -112.          104.
 
  2016         -21.     116.      66.    -119.     -58.     109.
              -107.      81.      12.     -22.      -8.      15.           74.
 
  2017          70.     -68.    -141.     -31.     325.      27.
              -184.    -164.      95.      50.     125.      37.          137.
 
  2018        -179.     -48.      58.     -32.      92.    -128.
               137.     -60.     -76.     294.     -11.    -264.          144.
 
  2019        -102.      91.       1.     280.    -209.     -49.
                -2.    1680.     158.    -255.    -332.     469.          531.
 
  2020          53.     -17.     -79.    -259.      17.      64.
               218.      63.     -50.    -115.      58.    -467.          175.
 
  2021         239.      48.     450.     -57.    -121.    -117.
                14.    -103.    -487.   -1252.   -1438.    8942.         2648.
 
  2022       -1781.   -1334.    -827.     -18.     -29.      80.
               -13.      87.     241.    -324.     125.      35.          697.
 
  2023        -104.    -209.     111.     110.      69.      38.
              -102.    -112.      40.     375.    -172.    -157.          159.
 
  2024        -105.     -68.     253.    -154.     250.    -115.
               -60.      74.     -48.     -58.     114.      -5.          131.
 
  2025        -142.      64.     112.     -74.    -109.     162.
               -19.    -113.     128.     -48.    -109.     111.          107.
 
  2026          -3.      99.    -256.     291.    -181.     -74.
                                                                          182.
 
  S.D.         391.     301.     255.     149.     123.     109.
               123.     386.     195.     312.     357.    1914.

  Table Total-        7915.   Mean-        29.   Std. Dev.-       603.
                              Min -     -1781.        Max -      8942.
        bps_permits 37980            PAGE  13, SERIES bps_permits_addi

 D 16  Combined adjustment factors
  From  2004.Jan to 2026.Jun
  Observations        270
 -----------------------------------------------------------------------------
               Jan      Feb      Mar      Apr      May      Jun 
               Jul      Aug      Sep      Oct      Nov      Dec         AVGE  
 -----------------------------------------------------------------------------
  2004        -300.    -277.     247.     128.      78.     323.
               222.      22.     -41.    -113.    -127.    -176.           -1.
 
  2005        -277.    -265.     233.     130.      86.     316.
               191.      12.     -43.     -99.    -130.    -154.           -0.
 
  2006        -241.    -239.     200.     126.      98.     286.
               138.      -1.     -47.     -76.    -131.     -98.            1.
 
  2007        -194.    -216.     159.     116.      95.     250.
                89.     -15.     -46.     -55.    -129.     -31.            2.
 
  2008        -154.    -186.     120.      93.     100.     201.
                41.     -21.     -51.     -28.    -125.      32.            2.
 
  2009        -105.    -177.      79.      81.      93.     156.
                22.     -23.     -42.     -17.    -121.      65.            1.
 
  2010         -69.    -168.      48.      76.      90.     106.
                21.     -11.     -35.     -21.    -108.      76.            0.
 
  2011         -28.    -190.      23.      85.      74.      81.
                39.       9.     -23.     -39.     -93.      77.            1.
 
  2012         -19.    -219.       0.     103.      66.      83.
                49.      25.     -17.     -33.     -77.      57.            1.
 
  2013         -24.    -254.     -28.     127.      62.     117.
                48.      31.      -4.     -19.     -70.      39.            2.
 
  2014         -58.    -272.     -55.     138.      95.     157.
                27.      11.       4.      12.     -53.      23.            2.
 
  2015        -100.    -280.     -64.     127.     141.     186.
                16.     -27.     -13.      56.     -46.       9.            0.
 
  2016        -137.    -249.     -55.     125.     179.     187.
                -4.     -84.     -52.      86.     -52.      29.           -2.
 
  2017        -117.    -187.     -27.      95.     184.     144.
                 0.    -138.    -123.      85.     -52.      49.           -7.
 
  2018         -22.     -93.      43.      61.     146.      53.
               -18.    -208.    -231.      73.       2.     131.           -5.
 
  2019         124.       4.      82.      -7.      65.     -49.
               -31.    -252.    -320.      55.      95.     192.           -3.
 
  2020         253.      75.     114.     -45.     -33.    -126.
               -81.    -287.    -361.      71.     176.     268.            2.
 
  2021         322.     104.     113.    -111.     -86.    -159.
              -127.    -278.    -336.      89.     240.     258.            2.
 
  2022         305.      92.     142.    -139.     -91.    -148.
              -185.    -278.    -276.     137.     262.     255.            6.
 
  2023         214.      66.     103.    -133.     -71.    -106.
              -194.    -238.    -173.     146.     235.     194.            4.
 
  2024          86.      35.      87.     -69.     -53.     -49.
              -190.    -206.     -81.     155.     154.     158.            2.
 
  2025         -18.      18.      56.     -15.     -29.      -5.
              -161.    -164.     -23.     128.      91.     104.           -2.
 
  2026         -72.      21.      68.      25.     -27.      22.
                                                                            6.
 
  AVGE         -27.    -124.      73.      49.      55.      88.
                -4.     -96.    -106.      27.      -3.      71.

  Table Total-         153.   Mean-         1.   Std. Dev.-       138.
                              Min -      -361.        Max -       323.

 D 16.A  Combined adjustment component forecasts
  From  2026.Jul to 2027.Jun
  Observations         12
 -----------------------------------------------------------------------------
               Jan      Feb      Mar      Apr      May      Jun 
               Jul      Aug      Sep      Oct      Nov      Dec         AVGE  
 -----------------------------------------------------------------------------
  2026                                                          
              -149.    -156.     -22.     124.      67.      94.           -7.
 
  2027         -85.      42.      48.      48.     -40.      37.
                                                                            8.
 
        bps_permits 37980            PAGE  14, SERIES bps_permits_addi

 E 4  Differences of annual totals
  From          2004 to 2025
  Observations         22
 -----------------------------------
  Year       Unmodified     Modified
                  (D11)         (E2)
 -----------------------------------
  2004             -13.         -13.
 
  2005              -2.          -2.
 
  2006              15.          15.
 
  2007              23.          23.
 
  2008              22.          22.
 
  2009              10.          10.
 
  2010               5.           5.
 
  2011              14.          14.
 
  2012              18.          18.
 
  2013              25.          25.
 
  2014              28.          28.
 
  2015               5.           5.
 
  2016             -27.         -27.
 
  2017             -86.         -86.
 
  2018             -61.         -61.
 
  2019             -41.         -41.
 
  2020              23.          23.
 
  2021              29.          29.
 
  2022              75.          75.
 
  2023              44.          44.
 
  2024              27.          27.
 
  2025             -20.         -20.
 
        bps_permits 37980            PAGE  15, SERIES bps_permits_addi

 E 5  Month-to-month differences in the original series
  From  2004.Feb to 2026.Jun
  Observations        269
 -----------------------------------------------------------------------------
               Jan      Feb      Mar      Apr      May      Jun 
               Jul      Aug      Sep      Oct      Nov      Dec         AVGE  
 -----------------------------------------------------------------------------
  2004                   82.    1255.    -517.     -13.      26.
               380.    -486.     558.    -872.     -41.    -220.           14.
 
  2005         -99.     523.     190.     -99.      -3.     283.
              -153.    -113.     -62.    -195.     360.    -467.           14.
 
  2006         -49.    -147.     457.    -210.    -166.     254.
              -174.    -241.     -97.     -47.      17.     -40.          -37.
 
  2007         259.    -344.     327.     -80.      78.      47.
              -300.     438.    -512.     194.    -397.     342.            4.
 
  2008        -104.    -163.     241.      57.     -95.     134.
              -408.     -40.      56.     174.    -433.      52.          -44.
 
  2009        -224.      27.     153.     100.      77.    -138.
               112.     -81.      27.      78.     -57.     312.           32.
 
  2010        -334.    -116.     242.    -100.     -44.     220.
              -143.     263.    -307.     -76.    -118.     262.          -21.
 
  2011        -224.      -1.     208.    -146.     181.     -56.
              -118.      69.     -84.     183.     300.    -310.            0.
 
  2012         247.    -440.     158.     444.    -267.    -127.
               391.    -397.      21.     -69.     -80.     313.           16.
 
  2013          -4.    -164.     475.    -189.     -72.       6.
                63.     271.    -304.    -100.     149.      13.           12.
 
  2014           0.    -415.     405.     527.    -371.      78.
               -50.     -72.    -102.     -86.     416.    -233.            8.
 
  2015        -405.     -99.     233.     473.    -194.     435.
              -353.     -28.      92.      90.    -304.     -49.           -9.
 
  2016         -97.     -14.     115.     -22.     109.     181.
              -387.     139.      -5.     122.    -124.     101.           10.
 
  2017         -79.    -178.     122.     253.     445.    -354.
              -371.    -131.     263.     156.     -74.      -8.            4.
 
  2018        -319.      46.     269.     -19.     273.    -248.
               237.    -385.     -76.     603.    -446.    -165.          -19.
 
  2019         155.     108.      32.     240.    -384.      26.
                13.    1408.   -1629.     -58.     -55.     867.           60.
 
  2020        -388.    -272.     -14.    -282.     387.      93.
               321.    -300.    -168.     401.     380.    -256.           -8.
 
  2021         952.    -272.     443.    -824.    -214.    -230.
               120.    -131.    -149.      -2.     204.   10451.          862.
 
  2022      -10832.     -81.     185.     226.    -140.     -29.
              -166.     -40.      64.    -274.     471.    -154.         -897.
 
  2023        -163.    -167.     480.    -125.     104.     -12.
              -221.     -90.     142.     568.    -546.     -81.           -9.
 
  2024         -58.      37.     461.    -473.     470.    -366.
              -116.      80.     -33.     202.     158.    -120.           20.
 
  2025        -318.     246.      92.    -252.     -41.     300.
              -339.     -95.     398.      -9.     -80.     258.           13.
 
  2026        -273.     197.    -309.     508.    -515.     167.
                                                                          -37.
 
  AVGE        -562.     -70.     270.     -22.     -17.      30.
               -76.       2.     -87.      45.     -14.     494.

  Table Total-          61.   Mean-         0.   Std. Dev.-       968.
                              Min -    -10832.        Max -     10451.
        bps_permits 37980            PAGE  16, SERIES bps_permits_addi

 E 6  Month-to-month differences in seasonally adjusted series (D11)
  From  2004.Feb to 2026.Jun
  Observations        269
 -----------------------------------------------------------------------------
               Jan      Feb      Mar      Apr      May      Jun 
               Jul      Aug      Sep      Oct      Nov      Dec         AVGE  
 -----------------------------------------------------------------------------
  2004                   59.     731.    -398.      37.    -219.
               482.    -286.     621.    -800.     -27.    -171.            3.
 
  2005           2.     511.    -308.       4.      41.      53.
               -28.      65.      -7.    -139.     391.    -443.           12.
 
  2006          38.    -149.      18.    -136.    -138.      66.
               -26.    -102.     -51.     -18.      72.     -73.          -42.
 
  2007         355.    -321.     -49.     -36.      98.    -108.
              -139.     542.    -481.     203.    -324.     244.           -1.
 
  2008          19.    -131.     -65.      84.    -103.      33.
              -248.      23.      86.     151.    -335.    -105.          -49.
 
  2009         -87.      99.    -103.      97.      65.    -201.
               247.     -36.      46.      53.      47.     126.           29.
 
  2010        -201.     -17.      26.    -128.     -58.     204.
               -57.     294.    -283.     -89.     -31.      78.          -22.
 
  2011        -120.     162.      -5.    -208.     192.     -63.
               -76.      99.     -53.     199.     354.    -480.            0.
 
  2012         343.    -241.     -61.     341.    -230.    -144.
               425.    -373.      63.     -53.     -37.     179.           18.
 
  2013          77.      66.     248.    -344.      -7.     -48.
               132.     288.    -270.     -85.     200.     -96.           14.
 
  2014          96.    -201.     189.     334.    -327.      15.
                81.     -56.     -95.     -94.     481.    -309.            9.
 
  2015        -282.      81.      17.     282.    -207.     389.
              -182.      15.      78.      21.    -202.    -104.           -8.
 
  2016          49.      98.     -79.    -201.      55.     173.
              -196.     219.     -37.     -16.      14.      20.            8.
 
  2017          67.    -109.     -38.     132.     356.    -314.
              -227.       7.     248.     -52.      62.    -109.            2.
 
  2018        -248.     117.     133.     -37.     188.    -155.
               308.    -196.     -53.     299.    -375.    -293.          -26.
 
  2019         162.     228.     -45.     329.    -456.     140.
                -5.    1630.   -1561.    -434.     -95.     770.           55.
 
  2020        -449.     -93.     -53.    -123.     376.     186.
               276.     -94.     -94.     -31.     275.    -348.          -15.
 
  2021         898.     -53.     433.    -600.    -238.    -157.
                87.      21.     -91.    -428.      53.   10433.          863.
 
  2022      -10879.     132.     135.     507.    -188.      28.
              -129.      53.      62.    -687.     346.    -147.         -897.
 
  2023        -122.     -19.     443.     110.      42.      24.
              -133.     -46.      77.     249.    -635.     -40.           -4.
 
  2024          51.      88.     409.    -317.     454.    -370.
                25.      96.    -158.     -34.     159.    -124.           23.
 
  2025        -142.     210.      54.    -181.     -27.     275.
              -183.     -92.     257.    -160.     -43.     245.           18.
 
  2026         -97.     104.    -357.     551.    -463.     119.
                                                                          -24.
 
  AVGE        -476.      27.      73.       3.     -23.      -3.
                20.      94.     -77.     -88.      16.     421.

  Table Total-        -261.   Mean-        -1.   Std. Dev.-       960.
                              Min -    -10879.        Max -     10433.
        bps_permits 37980            PAGE  17, SERIES bps_permits_addi

 E 7  Month-to-month differences in final trend cycle (D12)
  From  2004.Feb to 2026.Jun
  Observations        269
 -----------------------------------------------------------------------------
               Jan      Feb      Mar      Apr      May      Jun 
               Jul      Aug      Sep      Oct      Nov      Dec         AVGE  
 -----------------------------------------------------------------------------
  2004                   94.      96.      98.      87.      55.
                 5.     -53.     -90.    -102.     -87.     -51.            5.
 
  2005          -6.      29.      47.      55.      47.      32.
                12.      -1.     -14.     -28.     -36.     -45.            8.
 
  2006         -56.     -63.     -66.     -67.     -65.     -56.
               -47.     -37.     -27.     -16.     -11.      -5.          -43.
 
  2007          -0.      -5.     -11.     -19.     -19.     -16.
               -13.      -4.       6.       9.       6.      -4.           -6.
 
  2008         -16.     -23.     -32.     -41.     -45.     -48.
               -46.     -51.     -57.     -59.     -60.     -53.          -44.
 
  2009         -41.     -24.      -1.      15.      22.      25.
                33.      44.      49.      44.      31.       2.           17.
 
  2010         -26.     -41.     -43.     -27.      -3.      12.
                14.       1.     -13.     -19.     -19.     -10.          -15.
 
  2011           1.       3.       1.      -8.     -14.      -6.
                 5.      21.      41.      45.      41.      37.           14.
 
  2012          21.       7.      -4.     -11.     -12.     -17.
               -19.     -14.      -4.      21.      46.      56.            6.
 
  2013          53.      35.      11.      -3.      -9.      -0.
                14.      27.      29.      19.       9.       6.           16.
 
  2014           8.      14.      21.      27.      26.      13.
                -5.     -19.     -31.     -39.     -38.     -32.           -5.
 
  2015         -12.      15.      39.      58.      71.      72.
                50.      14.     -16.     -33.     -41.     -48.           14.
 
  2016         -42.     -39.     -29.     -17.      -6.       6.
                20.      31.      31.      19.      -0.      -3.           -2.
 
  2017          12.      30.      35.      21.       0.     -16.
               -17.     -13.     -11.      -7.     -12.     -21.            0.
 
  2018         -32.     -14.      26.      53.      65.      65.
                43.       2.     -37.     -71.     -70.     -41.           -1.
 
  2019          -0.      34.      46.      49.      33.     -20.
               -52.     -53.     -38.     -21.     -18.     -30.           -6.
 
  2020         -34.     -24.       9.      56.     100.     139.
               121.      61.      19.      34.     102.     176.           63.
 
  2021         192.     137.      32.     -93.    -174.    -161.
               -43.     138.     293.     337.     240.      53.           79.
 
  2022        -156.    -314.    -372.    -302.    -177.     -81.
               -36.     -46.     -92.    -123.    -103.     -57.         -155.
 
  2023          17.      86.     124.     111.      83.      54.
                 7.     -37.     -74.     -87.     -88.     -56.           12.
 
  2024          -2.      51.      88.      90.      49.      -5.
               -29.     -38.     -36.     -24.     -13.      -5.           11.
 
  2025          -6.       5.       6.       5.       8.       4.
                -1.       1.      17.      15.      19.      24.            8.
 
  2026          18.       2.      -2.       5.       8.      12.
                                                                            7.
 
  AVGE          -5.      -0.       1.       2.       3.       3.
                 1.      -1.      -3.      -4.      -5.      -5.

  Table Total-        -250.   Mean-        -1.   Std. Dev.-        69.
                              Min -      -372.        Max -       337.
        bps_permits 37980            PAGE  18, SERIES bps_permits_addi

 E 8  Month-to-month differences in original series adjusted for calendar factors (A18)
  From  2004.Feb to 2026.Jun
  Observations        269
 -----------------------------------------------------------------------------
               Jan      Feb      Mar      Apr      May      Jun 
               Jul      Aug      Sep      Oct      Nov      Dec         AVGE  
 -----------------------------------------------------------------------------
  2004                   82.    1255.    -517.     -13.      26.
               380.    -486.     558.    -872.     -41.    -220.           14.
 
  2005         -99.     523.     190.     -99.      -3.     283.
              -153.    -113.     -62.    -195.     360.    -467.           14.
 
  2006         -49.    -147.     457.    -210.    -166.     254.
              -174.    -241.     -97.     -47.      17.     -40.          -37.
 
  2007         259.    -344.     327.     -80.      78.      47.
              -300.     438.    -512.     194.    -397.     342.            4.
 
  2008        -104.    -163.     241.      57.     -95.     134.
              -408.     -40.      56.     174.    -433.      52.          -44.
 
  2009        -224.      27.     153.     100.      77.    -138.
               112.     -81.      27.      78.     -57.     312.           32.
 
  2010        -334.    -116.     242.    -100.     -44.     220.
              -143.     263.    -307.     -76.    -118.     262.          -21.
 
  2011        -224.      -1.     208.    -146.     181.     -56.
              -118.      69.     -84.     183.     300.    -310.            0.
 
  2012         247.    -440.     158.     444.    -267.    -127.
               391.    -397.      21.     -69.     -80.     313.           16.
 
  2013          -4.    -164.     475.    -189.     -72.       6.
                63.     271.    -304.    -100.     149.      13.           12.
 
  2014           0.    -415.     405.     527.    -371.      78.
               -50.     -72.    -102.     -86.     416.    -233.            8.
 
  2015        -405.     -99.     233.     473.    -194.     435.
              -353.     -28.      92.      90.    -304.     -49.           -9.
 
  2016         -97.     -14.     115.     -22.     109.     181.
              -387.     139.      -5.     122.    -124.     101.           10.
 
  2017         -79.    -178.     122.     253.     445.    -354.
              -371.    -131.     263.     156.     -74.      -8.            4.
 
  2018        -319.      46.     269.     -19.     273.    -248.
               237.    -385.     -76.     603.    -446.    -165.          -19.
 
  2019         155.     108.      32.     240.    -384.      26.
                13.    1408.   -1629.     -58.     -55.     867.           60.
 
  2020        -388.    -272.     -14.    -282.     387.      93.
               321.    -300.    -168.     401.     380.    -256.           -8.
 
  2021         952.    -272.     443.    -824.    -214.    -230.
               120.    -131.    -149.      -2.     204.   10451.          862.
 
  2022      -10832.     -81.     185.     226.    -140.     -29.
              -166.     -40.      64.    -274.     471.    -154.         -897.
 
  2023        -163.    -167.     480.    -125.     104.     -12.
              -221.     -90.     142.     568.    -546.     -81.           -9.
 
  2024         -58.      37.     461.    -473.     470.    -366.
              -116.      80.     -33.     202.     158.    -120.           20.
 
  2025        -318.     246.      92.    -252.     -41.     300.
              -339.     -95.     398.      -9.     -80.     258.           13.
 
  2026        -273.     197.    -309.     508.    -515.     167.
                                                                          -37.
 
  AVGE        -562.     -70.     270.     -22.     -17.      30.
               -76.       2.     -87.      45.     -14.     494.

  Table Total-          61.   Mean-         0.   Std. Dev.-       968.
                              Min -    -10832.        Max -     10451.
        bps_permits 37980            PAGE  19, SERIES bps_permits_addi

 E 18  Final adjustment ratios
  From  2004.Jan to 2026.Jun
  Observations        270
 -----------------------------------------------------------------------------
               Jan      Feb      Mar      Apr      May      Jun 
               Jul      Aug      Sep      Oct      Nov      Dec         AVGE  
 -----------------------------------------------------------------------------
  2004       78.926   81.315  111.179  107.071  104.206  119.787
            110.481  101.203   98.321   93.153   92.196   87.870        98.809
 
  2005       80.936   86.487  114.042  107.812  105.034  118.013
            111.055  100.688   97.610   93.980   93.608   90.324        99.966
 
  2006       85.222   83.875  113.328  109.254  107.990  122.138
            110.919   99.918   95.759   93.039   88.758   91.051       100.104
 
  2007       86.626   80.821  114.756  111.098  108.353  124.204
            109.937   98.926   95.178   95.249   84.616   97.130       100.575
 
  2008       85.981   80.779  113.290  109.395  111.359  121.943
            106.162   96.914   93.455   97.038   78.894  106.491       100.142
 
  2009       73.757   64.574  119.855  116.456  116.638  143.506
            103.567   95.905   93.185   97.428   83.036  107.705       101.301
 
  2010       89.289   73.076  107.368  114.546  119.508  115.907
            103.389   98.816   94.413   95.974   78.412  113.110       100.317
 
  2011       93.965   69.303  103.745  120.980  112.333  115.014
            108.383  101.543   95.502   94.463   91.249  113.251       101.644
 
  2012       97.893   67.944  100.047  110.743  109.027  114.051
            104.848  103.873   97.531   94.874   87.530  107.172        99.628
 
  2013       97.228   72.869   97.668  115.118  107.474  114.830
            105.198  102.545   99.611   97.812   93.335  104.035       100.643
 
  2014       94.503   68.113   94.682  110.053  109.035  114.823
            102.348  101.001  100.409  101.329   96.145  102.119        99.547
 
  2015       87.292   67.767   92.812  110.919  114.664  113.807
            101.338   97.694   98.966  104.393   95.714  100.914        98.857
 
  2016       86.578   77.778   94.742  114.818  119.968  117.507
             99.576   92.326   95.102  108.296   95.073  102.721       100.374
 
  2017       89.719   81.898   97.325  108.439  112.419  112.340
            100.032   85.425   89.699  107.427   95.722  104.501        98.746
 
  2018       97.445   90.394  103.961  105.767  111.701  104.863
             98.707   82.797   80.003  105.040  100.218  116.655        99.796
 
  2019      113.114  100.377  107.237   99.528  106.521   95.734
             97.305   90.878   73.406  107.191  114.057  113.282       101.552
 
  2020      125.428  108.274  113.383   93.840   96.962   90.187
             94.815   80.469   73.762  105.282  110.839  121.081       101.193
 
  2021      114.864  104.904  104.447   94.311   94.947   89.748
             92.286   83.262   78.595  107.818  120.055  102.220        98.955
 
  2022      140.603  110.443  113.923   90.859   93.176   89.146
             85.052   78.445   79.556  120.611  125.947  129.587       104.779
 
  2023      128.892  109.126  108.833   89.608   94.627   92.070
             83.935   79.531   86.054  109.813  127.541  123.910       102.828
 
  2024      109.933  103.641  106.377   93.358   96.464   95.694
             83.507   83.511   92.570  114.701  112.649  114.473       100.573
 
  2025       98.128  101.563  104.587   98.508   97.069   99.635
             85.328   83.670   98.178  111.614  108.550  107.946        99.565
 
  2026       94.012  101.585  107.158  101.679   97.450  101.868
                                                                       100.625
 
  AVGE       97.841   86.387  106.293  105.833  106.388  109.862
             99.917   92.697   91.221  102.569   98.825  107.161

  Table Total-       27122.   Mean-       100.   Std. Dev.-        13.
                              Min -        65.        Max -       144.

 E 18.A  Final adjustment ratio forecasts
  From  2026.Jul to 2027.Jun
  Observations         12
 -----------------------------------------------------------------------------
               Jan      Feb      Mar      Apr      May      Jun 
               Jul      Aug      Sep      Oct      Nov      Dec         AVGE  
 -----------------------------------------------------------------------------
  2026                                                          
             88.743   88.284   98.155  111.776  106.037  108.641       100.273
 
  2027       93.236  103.687  104.206  104.213   96.697  103.256
                                                                       100.883
 

  QS statistic for seasonality:
  Original Series                                     0.00  (P-Value =     1.0000)
  Original Series (EV adj)                            0.00  (P-Value =     1.0000)
  Residuals                                           0.36  (P-Value =     0.8343)
  Seasonally Adjusted Series                          0.00  (P-Value =     1.0000)
  Seasonally Adjusted Series (EV adj)                 0.00  (P-Value =     1.0000)
  Irregular Series                                    0.00  (P-Value =     1.0000)
  Irregular Series (EV adj)                           0.00  (P-Value =     1.0000)

  QS statistic for seasonality (starting 2018.Jul):
  Original Series                                     0.00  (P-Value =     1.0000)
  Original Series (EV adj)                            0.00  (P-Value =     1.0000)
  Residuals                                           0.00  (P-Value =     1.0000)
  Seasonally Adjusted Series                          0.00  (P-Value =     1.0000)
  Seasonally Adjusted Series (EV adj)                 0.00  (P-Value =     1.0000)
  Irregular Series                                    0.00  (P-Value =     1.0000)
  Irregular Series (EV adj)                           0.00  (P-Value =     1.0000)


 WARNING: Series should not be a candidate for seasonal adjustment
          because the spectrum of the original series (Table A1 or B1)
          has no visually significant seasonal peaks.

          If this is a component series of an indirectly adjusted
          composite series, consider using type = trend or type = summary
          in the x11 spec.
        bps_permits 37980            PAGE  20, SERIES bps_permits_addi
 G 0  10*LOG(SPECTRUM) of the differenced Original Series
      (Table A1 or B1).  Spectrum estimated from 2018.Jul to 2026.Jun.
 ++++++++++I+++++++++++++++++++++++++++++++++++++++++++++++++++++++++++++I
      68.95I                                                       *     I     68.95
           I                                                       **    I
           I                                                       **    I
           I                                                      ***    I
      66.66I                                            *      *T ****   I     66.66
           I                                       *   ***    S*T*****   I
           I                          *       **   *S T*****  S*T****** SI
           I                          *   S   **  **S*T*******S*T*******SI
      64.37I                     *    *   S   **  **S*T*******S*T*******SI     64.37
           I                     *    ** *S* *******S*T*******S*T*******SI
           I                     *   *** *S*********S*T*******S*T*******SI
           I                     **  *****S*********S*T*******S*T*******SI
      62.08I                     **  *****S*********S*T*******S*T*******SI     62.08
           I                     **  *****S*********S*T*******S*T*******SI
           I                     ** ******S*********S*T*******S*T*******SI
           I                     *********S*********S*T*******S*T*******SI
      59.79I                    S*********S*********S*T*******S*T*******SI     59.79
           I                *   S*********S*********S*T*******S*T*******SI
           I            **  *   S*********S*********S*T*******S*T*******SI
           I            ** ***  S*********S*********S*T*******S*T*******SI
      57.51I            ******  S*********S*********S*T*******S*T*******SI     57.51
           I            ********S*********S*********S*T*******S*T*******SI
           I            ********S*********S*********S*T*******S*T*******SI
           I           *********S*********S*********S*T*******S*T*******SI
      55.22I         * *********S*********S*********S*T*******S*T*******SI     55.22
           I         *S*********S*********S*********S*T*******S*T*******SI
           I         *S*********S*********S*********S*T*******S*T*******SI
           I         *S*********S*********S*********S*T*******S*T*******SI
      52.93I         *S*********S*********S*********S*T*******S*T*******SI     52.93
           I        **S*********S*********S*********S*T*******S*T*******SI
           I        **S*********S*********S*********S*T*******S*T*******SI
           I        **S*********S*********S*********S*T*******S*T*******SI
      50.64I        **S*********S*********S*********S*T*******S*T*******SI     50.64
           I        **S*********S*********S*********S*T*******S*T*******SI
           I        **S*********S*********S*********S*T*******S*T*******SI
           I        **S*********S*********S*********S*T*******S*T*******SI
      48.36I    *  ***S*********S*********S*********S*T*******S*T*******SI     48.36
           I    *  ***S*********S*********S*********S*T*******S*T*******SI
           I    *  ***S*********S*********S*********S*T*******S*T*******SI
           I   **  ***S*********S*********S*********S*T*******S*T*******SI
      46.07I   *******S*********S*********S*********S*T*******S*T*******SI     46.07
           I   *******S*********S*********S*********S*T*******S*T*******SI
           I   *******S*********S*********S*********S*T*******S*T*******SI
           I   *******S*********S*********S*********S*T*******S*T*******SI
      43.78I   *******S*********S*********S*********S*T*******S*T*******SI     43.78
           I   *******S*********S*********S*********S*T*******S*T*******SI
           I  ********S*********S*********S*********S*T*******S*T*******SI
           I  ********S*********S*********S*********S*T*******S*T*******SI
      41.49I  ********S*********S*********S*********S*T*******S*T*******SI     41.49
           I  ********S*********S*********S*********S*T*******S*T*******SI
           I  ********S*********S*********S*********S*T*******S*T*******SI
           I *********S*********S*********S*********S*T*******S*T*******SI
      39.21I**********S*********S*********S*********S*T*******S*T*******SI     39.21
 ++++++++++I+++++++++++++++++++++++++++++++++++++++++++++++++++++++++++++I
            S=SEASONAL FREQUENCIES, T=TRADING DAY FREQUENCIES
        bps_permits 37980            PAGE  21, SERIES bps_permits_addi
 G 1  10*LOG(SPECTRUM) of the differenced seasonally adjusted 
      data (Table E2).  Spectrum estimated from 2018.Jul to 2026.Jun.
 ++++++++++I+++++++++++++++++++++++++++++++++++++++++++++++++++++++++++++I
      58.42I                                                             I     58.42
           I                                               *             I
           I                                               *             I
           I                                               *             I
      56.66I                                               *             I     56.66
           I                                               *        *    I
           I                                               *        *    I
           I                                               *     *  *    I
      54.90I                                               *     *  *    I     54.90
           I                                               *     *  *    I
           I                                  *            *     *  *    I
           I                                  * *          *     ** **   I
      53.13I                                  * *          *     ** **   I     53.13
           I             * *                  * **         *     *****   I
           I             * *          *       ****         *     *****   I
           I             * **         *       ****     *   *     *****   I
      51.37I             * **     *   *       ****     *   *     *****   I     51.37
           I            ** **     *   *       ****     *   *     *****   I
           I            ** **     *   *       ****     *   *     *****   I
           I            ** **     *   *       ****     ** **     *****   I
      49.61I            *****     *   *       ****     ** ***    *****   I     49.61
           I            *****     *   *       ****     ** ***    *****   I
           I   *        *****     *   *      *****     ** ***    ******  I
           I   *        *****     **  *      *****     ** ***    ******  I
      47.84I   *    *   *****     ** **      ******    ******    ******  I     47.84
           I   *    *   *****     ** **      ******   T******   T******  I
           I   *    *   *****     ** ***     ******   T******   T******  I
           I   *    *   *****    *******     ******   T******   T******* I
      46.08I   *    *   *****    *******     ******   T******   T*******SI     46.08
           I   *    *   *****    *******     ******   T******   T*******SI
           I   *    *   *****    *******     *******  T******   T*******SI
           I   *   **   *****    *******     ******* *T******   T*******SI
      44.32I   *   **  *******   *******     *******S*T*******  T*******SI     44.32
           I   *   **  *******   *******     *******S*T*******  T*******SI
           I   *   *** *******   *******     *******S*T******* *T*******SI
           I   *   *** *******   *******     *******S*T******* *T*******SI
      42.55I   *   *** *******   *******    ********S*T*******S*T*******SI     42.55
           I   **  ***S*******  S*******    ********S*T*******S*T*******SI
           I   **  ***S*******  S*******    ********S*T*******S*T*******SI
           I  ***  ***S******** S********   ********S*T*******S*T*******SI
      40.79I  ***  ***S*********S********   ********S*T*******S*T*******SI     40.79
           I  *** ****S*********S********   ********S*T*******S*T*******SI
           I  *** ****S*********S********   ********S*T*******S*T*******SI
           I  ********S*********S********   ********S*T*******S*T*******SI
      39.03I  ********S*********S********  *********S*T*******S*T*******SI     39.03
           I  ********S*********S********  *********S*T*******S*T*******SI
           I  ********S*********S********* *********S*T*******S*T*******SI
           I  ********S*********S*********S*********S*T*******S*T*******SI
      37.26I  ********S*********S*********S*********S*T*******S*T*******SI     37.26
           I  ********S*********S*********S*********S*T*******S*T*******SI
           I *********S*********S*********S*********S*T*******S*T*******SI
           I *********S*********S*********S*********S*T*******S*T*******SI
      35.50I**********S*********S*********S*********S*T*******S*T*******SI     35.50
 ++++++++++I+++++++++++++++++++++++++++++++++++++++++++++++++++++++++++++I
            S=SEASONAL FREQUENCIES, T=TRADING DAY FREQUENCIES
        bps_permits 37980            PAGE  22, SERIES bps_permits_addi
 G 2  10*LOG(SPECTRUM) of the Modified Irregular (Table E3).  
      Spectrum estimated from 2018.Jul to 2026.Jun.
 ++++++++++I+++++++++++++++++++++++++++++++++++++++++++++++++++++++++++++I
      52.66I                                               *             I     52.66
           I                                               *             I
           I                                               *             I
           I                                               *             I
      51.27I                                               *             I     51.27
           I                                               *             I
           I                                               *             I
           I                                  *            *        *    I
      49.89I                *     *           *            *        *    I     49.89
           I                *     *   *       * *          *     *  *    I
           I                *     *   *       * *          *     *  *    I
           I                *     *   *       * *          *     *  *    I
      48.50I                *     *   *       * **         *     *  *    I     48.50
           I               **     *   *       * **         *     *  *    I
           I               **     *   *       ****         *     *  *    I
           I               **     *   *       ****         *     *  **   I
      47.11I               **    **   *       ****     *   *     ** **   I     47.11
           I               **    ***  *       ****     *   *     ** **   I
           I               **    *** ***      ****     *   *     *****   I
           I               **    *** ***      ****     *   *     *****   I
      45.73I               **    *******      ****     *   *     *****   I     45.73
           I               **    *******      ****     *   *     *****   I
           I             * **    *******      ****     **  *     *****   I
           I             ****    *******     *****     **  *     *****   I
      44.34I             ****    *******     *****     ** **     *****   I     44.34
           I             ****    *******     *****     ** ***    *****   I
           I             ****    *******     *****     ** ***    *****   I
           I             ****    *******     ******    ** ***    *****   I
      42.95I   *         ****    *******     ******   T** ***    *****   I     42.95
           I   *         ****    *******     ******   T******    *****   I
           I   **        ****    *******     ******   T******    ******  I
           I   **        ****    *******     ******   T******   T******  I
      41.57I   **       *****    *******     ******   T******   T******  I     41.57
           I   **       ******   *******     ******   T******   T******  I
           I   **       ******  S*******     ******   T******   T******  I
           I  ****      ******  S*******     ******* *T******   T******  I
      40.18I  ****      ******  S*******     ******* *T******   T******* I     40.18
           I  ****      ******  S*******     *******S*T******   T******* I
           I  *****     ******  S********    *******S*T******   T*******SI
           I  *****     ******  S********    *******S*T******   T*******SI
      38.79I *******    ******  S********    *******S*T******   T*******SI     38.79
           I********    ******  S********   ********S*T*******  T*******SI
           I********    ********S********   ********S*T*******  T*******SI
           I********    ********S********   ********S*T******* *T*******SI
      37.41I********   *********S********   ********S*T******* *T*******SI     37.41
           I*********  *********S********   ********S*T*******S*T*******SI
           I*********  *********S********   ********S*T*******S*T*******SI
           I*********  *********S********   ********S*T*******S*T*******SI
      36.02I*********  *********S********   ********S*T*******S*T*******SI     36.02
           I*********  *********S*********  ********S*T*******S*T*******SI
           I**********S*********S********* *********S*T*******S*T*******SI
           I**********S*********S********* *********S*T*******S*T*******SI
      34.63I**********S*********S*********S*********S*T*******S*T*******SI     34.63
 ++++++++++I+++++++++++++++++++++++++++++++++++++++++++++++++++++++++++++I
            S=SEASONAL FREQUENCIES, T=TRADING DAY FREQUENCIES
        bps_permits 37980            PAGE  23, SERIES bps_permits_addi

  Peak probabilities for Tukey spectrum estimator
  Spectrum estimated from 2018.Jul to 2026.Jun.

                                          S1       S2       S3       S4       S5       S6       TD
                                        ------   ------   ------   ------   ------   ------   ------
  Model Residuals                        0.894    0.823    0.694    0.913*   0.435    0.844    0.559  
  Original Series (Table A1 or B1)       0.488    0.350    0.631    0.528    0.622    0.550    0.499  
  Seasonally adjusted series (E2)        0.075    0.012    0.019    0.551    0.019    0.122    0.948* 
  Modified Irregular (E3)                0.050    0.017    0.027    0.566    0.022    0.111    0.954* 
  ----------
     ** - Peak Probability > 0.99,
      * - 0.90 < Peak Probability < 0.99


