  Reading input spec file from D:\Programming\Dynamic Paper-dlrhcs_replication\outputs\empirical\unemployment\raw_sa_pilot\x13_work\bps_permits_additive_level_13380_200401_202606.spc

1

               U. S. Department of Commerce, U. S. Census Bureau

              X-13ARIMA-SEATS monthly seasonal adjustment Method,
                          Release Version 1.1 Build 62


           This software application provides an enhanced version of
             Statistics Canada's X-11-ARIMA extension (Dagum, 1980)
                 of the X-11 variant of the Census Method II of
                      Shiskin, Young and Musgrave (1967).

            It also provides an ARIMA model-based method following
       Hillmer and Tiao (1982) and Burman (1980) that is very similar
       to the update of the method of SEATS (Gomez and Maravall, 1996)
                produced at the Bank of Spain by G. Caporello and
               A. Maravall for TSW (Caporello and Maravall, 2004).
          The present application includes additional enhancements.

         X-13ARIMA-SEATS includes an automatic ARIMA model selection procedure
          based largely on the procedure of Gomez and Maravall (1998)
            as implemented in TRAMO (1996) and subsequent revisions.

              Primary Programmers: Brian Monsell, Mark Otto and,
                 for the ARIMA model-based signal extraction,
                      Gianluca Caporello and Victor Gomez


     Series Title- bps_permits 13380
     Series Name- bps_permits_addi
     Jul 29, 2026  08.23.03 

        -Period covered-  1st month,2004 to  6th month,2026
        -Type of run - additive seasonal adjustment

        -Sigma limits for graduating extreme values are  1.5 and  2.5 .
        -3x3 moving average used in section 1 of each iteration, 
         3x5 moving average in section 2 of iterations B and C,
         moving average for final seasonal factors chosen by Global MSR.
        -Holiday adjustment factors applied directly to the final seasonally adjusted series
        -Spectral plots generated for selected series
        -Spectral plots generated for series starting in 2018.Jul

 FILE SAVE REQUESTS (* indicates file exists and will be overwritten)
  D:\Programming\Dynamic Paper-dlrhcs_replication\outputs\empirical\unemployment\raw_sa_pilot\x13_work\bps_permits_additive_level_13380_200401_202606.d10  final seasonal factors
  D:\Programming\Dynamic Paper-dlrhcs_replication\outputs\empirical\unemployment\raw_sa_pilot\x13_work\bps_permits_additive_level_13380_200401_202606.d11  final seasonally adjusted data
  D:\Programming\Dynamic Paper-dlrhcs_replication\outputs\empirical\unemployment\raw_sa_pilot\x13_work\bps_permits_additive_level_13380_200401_202606.out  program output file
  D:\Programming\Dynamic Paper-dlrhcs_replication\outputs\empirical\unemployment\raw_sa_pilot\x13_work\bps_permits_additive_level_13380_200401_202606.err  program error file
        bps_permits 13380            PAGE   1, SERIES bps_permits_addi

     Contents of spc file D:\Programming\Dynamic Paper-dlrhcs_replication\outputs\empirical\unemployment\raw_sa_pilot\x13_work\bps_permits_additive_level_13380_200401_202606.spc

 Line #
 ------
      1: series {
      2:   title = "bps_permits 13380"
      3:   start = 2004.1
      4:   period = 12
      5:   data = (
      6: 85
      7: 124
      8: 217
      9: 280
     10: 191
     11: 170
     12: 196
     13: 219
     14: 217
     15: 251
     16: 186
     17: 229
     18: 138
     19: 106
     20: 186
     21: 196
     22: 137
     23: 304
     24: 116
     25: 148
     26: 139
     27: 262
     28: 161
     29: 96
     30: 76
     31: 93
     32: 89
     33: 100
     34: 159
     35: 128
     36: 96
     37: 163
     38: 51
     39: 47
     40: 21
     41: 83
     42: 137
     43: 44
     44: 101
     45: 119
     46: 102
     47: 98
     48: 99
     49: 106
     50: 23
     51: 37
     52: 45
     53: 35
     54: 29
     55: 46
     56: 44
     57: 55
     58: 80
     59: 47
     60: 63
     61: 43
     62: 35
     63: 38
     64: 12
     65: 10
     66: 22
     67: 12
     68: 21
     69: 22
     70: 40
     71: 27
     72: 34
     73: 29
     74: 31
     75: 20
     76: 13
     77: 14
     78: 11
     79: 17
     80: 18
     81: 25
     82: 18
     83: 30
     84: 29
     85: 36
     86: 28
     87: 14
     88: 15
     89: 24
     90: 17
     91: 13
     92: 17
     93: 20
     94: 16
     95: 24
     96: 21
     97: 25
     98: 24
     99: 16
    100: 11
    101: 51
    102: 11
    103: 9
    104: 17
    105: 34
    106: 65
    107: 31
    108: 26
    109: 36
    110: 33
    111: 40
    112: 16
    113: 20
    114: 20
    115: 22
    116: 24
    117: 157
    118: 35
    119: 71
    120: 50
    121: 102
    122: 30
    123: 110
    124: 26
    125: 19
    126: 18
    127: 28
    128: 47
    129: 47
    130: 47
    131: 58
    132: 82
    133: 53
    134: 64
    135: 98
    136: 33
    137: 220
    138: 50
    139: 62
    140: 130
    141: 52
    142: 56
    143: 90
    144: 119
    145: 221
    146: 88
    147: 128
    148: 45
    149: 76
    150: 108
    151: 59
    152: 85
    153: 84
    154: 94
    155: 116
    156: 70
    157: 126
    158: 209
    159: 95
    160: 53
    161: 78
    162: 60
    163: 64
    164: 145
    165: 60
    166: 249
    167: 164
    168: 81
    169: 91
    170: 70
    171: 101
    172: 75
    173: 72
    174: 112
    175: 165
    176: 177
    177: 92
    178: 129
    179: 83
    180: 148
    181: 78
    182: 91
    183: 126
    184: 106
    185: 155
    186: 107
    187: 69
    188: 74
    189: 274
    190: 113
    191: 174
    192: 74
    193: 230
    194: 69
    195: 172
    196: 93
    197: 211
    198: 95
    199: 85
    200: 223
    201: 57
    202: 217
    203: 183
    204: 93
    205: 106
    206: 68
    207: 94
    208: 51
    209: 60
    210: 232
    211: 409
    212: 191
    213: 129
    214: 90
    215: 119
    216: 174
    217: 107
    218: 97
    219: 102
    220: 56
    221: 112
    222: 85
    223: 69
    224: 374
    225: 115
    226: 156
    227: 174
    228: 86
    229: 99
    230: 42
    231: 75
    232: 186
    233: 116
    234: 31
    235: 144
    236: 65
    237: 87
    238: 61
    239: 84
    240: 45
    241: 66
    242: 174
    243: 72
    244: 40
    245: 49
    246: 62
    247: 95
    248: 122
    249: 114
    250: 56
    251: 126
    252: 66
    253: 69
    254: 87
    255: 88
    256: 184
    257: 144
    258: 78
    259: 70
    260: 247
    261: 84
    262: 58
    263: 99
    264: 98
    265: 55
    266: 46
    267: 185
    268: 42
    269: 144
    270: 45
    271: 63
    272: 162
    273: 67
    274: 120
    275: 69
    276:   )
    277: }
    278: transform { function = none }
    279: regression { aictest = (td easter) }
    280: automdl {}
    281: x11 { mode = add save = (d10 d11) }
        bps_permits 13380            PAGE   2, SERIES bps_permits_addi

 A 1  Time series data (for the span analyzed)
  From  2004.Jan to 2026.Jun
  Observations        270
 -----------------------------------------------------------------------------
               Jan      Feb      Mar      Apr      May      Jun 
               Jul      Aug      Sep      Oct      Nov      Dec        TOTAL  
 -----------------------------------------------------------------------------
  2004          85.     124.     217.     280.     191.     170.
               196.     219.     217.     251.     186.     229.         2365.
 
  2005         138.     106.     186.     196.     137.     304.
               116.     148.     139.     262.     161.      96.         1989.
 
  2006          76.      93.      89.     100.     159.     128.
                96.     163.      51.      47.      21.      83.         1106.
 
  2007         137.      44.     101.     119.     102.      98.
                99.     106.      23.      37.      45.      35.          946.
 
  2008          29.      46.      44.      55.      80.      47.
                63.      43.      35.      38.      12.      10.          502.
 
  2009          22.      12.      21.      22.      40.      27.
                34.      29.      31.      20.      13.      14.          285.
 
  2010          11.      17.      18.      25.      18.      30.
                29.      36.      28.      14.      15.      24.          265.
 
  2011          17.      13.      17.      20.      16.      24.
                21.      25.      24.      16.      11.      51.          255.
 
  2012          11.       9.      17.      34.      65.      31.
                26.      36.      33.      40.      16.      20.          338.
 
  2013          20.      22.      24.     157.      35.      71.
                50.     102.      30.     110.      26.      19.          666.
 
  2014          18.      28.      47.      47.      47.      58.
                82.      53.      64.      98.      33.     220.          795.
 
  2015          50.      62.     130.      52.      56.      90.
               119.     221.      88.     128.      45.      76.         1117.
 
  2016         108.      59.      85.      84.      94.     116.
                70.     126.     209.      95.      53.      78.         1177.
 
  2017          60.      64.     145.      60.     249.     164.
                81.      91.      70.     101.      75.      72.         1232.
 
  2018         112.     165.     177.      92.     129.      83.
               148.      78.      91.     126.     106.     155.         1462.
 
  2019         107.      69.      74.     274.     113.     174.
                74.     230.      69.     172.      93.     211.         1660.
 
  2020          95.      85.     223.      57.     217.     183.
                93.     106.      68.      94.      51.      60.         1332.
 
  2021         232.     409.     191.     129.      90.     119.
               174.     107.      97.     102.      56.     112.         1818.
 
  2022          85.      69.     374.     115.     156.     174.
                86.      99.      42.      75.     186.     116.         1577.
 
  2023          31.     144.      65.      87.      61.      84.
                45.      66.     174.      72.      40.      49.          918.
 
  2024          62.      95.     122.     114.      56.     126.
                66.      69.      87.      88.     184.     144.         1213.
 
  2025          78.      70.     247.      84.      58.      99.
                98.      55.      46.     185.      42.     144.         1206.
 
  2026          45.      63.     162.      67.     120.      69.
                                                                          526.
 
  AVGE          71.      81.     121.      99.     100.     107.
                85.     100.      78.      99.      67.      92.

  Table Total-       24750.   Mean-        92.   Std. Dev.-        67.
                              Min -         9.        Max -       409.
        bps_permits 13380            PAGE   3, SERIES bps_permits_addi
                        Automatic ARIMA Model Selection

                    Procedure based closely on TRAMO method 
                         of Gomez and Maravall (2000)
              "Automatic Modeling Methods for Univariate Series",
                            A Course in Time Series
                  (Edited by D. Pena, G. C. Tiao, R. S. Tsay),
                         New York : J. Wiley and Sons


     Maximum order for regular ARMA parameters :   2
     Maximum order for seasonal ARMA parameters :   1
     Maximum order for regular differencing :   2
     Maximum order for seasonal differencing :   1

   Results of Unit Root Test for identifying orders of differencing:
     Regular difference order :   0
     Seasonal difference order :   0

  Automatic model choice : (1 0 1)


  Final Checks for Identified Model


  Checking for Unit Roots.
   Regular unit root found.
   ( 2, 1, 1) ( 0, 0, 1)
  Constant term removed from model

  Checking for nonseasonal overdifferencing.
   Nonseasonal MA not within  0.001 of 1.0 - model passes test.

  Checking for insignificant ARMA coefficients.
   Due to insignificant ARMA coefficients, model changed to
   ( 2, 1, 1) ( 0, 0, 0)

  Checking for insignificant ARMA coefficients.
   Due to insignificant ARMA coefficients, model changed to
   ( 1, 1, 1) ( 0, 0, 0)

  Checking for insignificant ARMA coefficients.
   Due to insignificant ARMA coefficients, model changed to
   ( 0, 1, 1) ( 0, 0, 0)

  Checking for insignificant ARMA coefficients.

  Final automatic model choice : (0 1 1)
   End of automatic model selection procedure.

 Average absolute percentage error in within-sample forecasts:
  Last year:  66.83      Last-1 year:  29.37     Last-2 year:  55.67
  Last three years:   50.62

 Estimation converged in   11 ARMA iterations,   23 function evaluations.

 ARIMA Model:  (0 1 1)
   Nonseasonal differences: 1
                                              Standard
 Parameter                    Estimate          Errors
 -----------------------------------------------------
 Nonseasonal MA                                    
   Lag  1                       0.8585         0.03152

 Variance                       0.28688E+04
 SE of Var                      0.24736E+03
 -----------------------------------------------------

 Likelihood Statistics
 ------------------------------------------------------------------
 Number of observations (nobs)                                  270
 Effective number of observations (nefobs)                      269
 Number of parameters estimated (np)                              2
 Log likelihood (L)                                      -1453.2034
 AIC                                                      2910.4068 
 AICC (F-corrected-AIC)                                   2910.4519 
 Hannan Quinn                                             2913.2941 
 BIC                                                      2917.5962 
 ------------------------------------------------------------------

 QS Statistic for regARIMA Model Residuals (full series):             0.00
                                                       (P-Value =     1.0000)

 QS Statistic for regARIMA Model Residuals (starting 2018.Jul):       0.00
                                                       (P-Value =     1.0000)


  At least one visually significant residual seasonal peaks has been
  found in the spectral plot of the following series starting in 2018.Jul:

          regARIMA model residuals (1 Seasonal peak(s))

      10*LOG(SPECTRUM) of the regARIMA model residuals
      Spectrum estimated from 2018.Jul to 2026.Jun.
 ++++++++++I+++++++++++++++++++++++++++++++++++++++++++++++++++++++++++++I
      42.48I                                  *                          I     42.48
           I                                  *                          I
           I                                  *                          I
           I                                  *                          I
      41.34I                                  *                          I     41.34
           I                                  *                          I
           I          S                *      *         **        *      I
           I          S                *      *         **        *      I
      40.20I          S                *      *         **        *      I     40.20
           I          S                *      *         **        *      I
           I          S                **     *         **        *      I
           I          S       *        **     *         **        *      I
      39.06I          S     ***        **     *         **       **      I     39.06
           I          S     ***        **     *         **       **      I
           I          S*   ****        **     *         **       ***     I
           I          S*   ****        **     *         **       ***     I
      37.93I          S*   ****        **     *         **       ***     I     37.93
           I          S*   ****        **     *     S   **       ***     I
           I          S*   ****        ***    *     S   **       ***     I
           I          S*   ****        ***    *    *S   **       ***     I
      36.79I       *  S*   ****        ***    *    *S   **       ***     I     36.79
           I       *  S*   ****        ***    *    *S   **      T***     I
           I       *  S*   ****        ***    *    *S   ***     T***     I
           I       *  S*   ****        ***S   *    *S   ***     T****    I
      35.65I       ** S*   ****   *   ****S   *    *S   ***     T****    I     35.65
           I       ***S*   *****  **  ****S   *    *S   ***     T****    I
           I       ***S*   *****  **  ****S  **    *S   ***     T****   SI
           I       ***S*   *****  **  ****S  **    *S   *****  *T***** *SI
      34.51I       ***S*   *****  **  ****S  **    *S   ****** *T*******SI     34.51
           I       ***S*  ******  **  ****S  ***   *S   ******S*T*******SI
           I  *    ***S*  ******  **  ****S  ***   *S   ******S*T*******SI
           I  *    ***S*  ******  **  ****S* ***   *S   ******S*T*******SI
      33.37I  *    ***S*  ******  **  ****S* ***   *S   ******S*T*******SI     33.37
           I  *    ***S** ****** ***  ****S* ***   *S* *******S*T*******SI
           I  *    ***S** ******S**** ****S*****   *S* *******S*T*******SI
           I  *    ***S** ******S*********S*****   *S* *******S*T*******SI
      32.23I  **   ***S** ******S*********S*****   *S* *******S*T*******SI     32.23
           I  **   ***S*********S*********S*****   *S* *******S*T*******SI
           I  **  ****S*********S*********S*****   *S* *******S*T*******SI
           I  **  ****S*********S*********S*****   *S*T*******S*T*******SI
      31.10I  **  ****S*********S*********S*****   *S*T*******S*T*******SI     31.10
           I  **  ****S*********S*********S*****   *S*T*******S*T*******SI
           I  **  ****S*********S*********S*****  **S*T*******S*T*******SI
           I  **  ****S*********S*********S*****  **S*T*******S*T*******SI
      29.96I  **  ****S*********S*********S*****  **S*T*******S*T*******SI     29.96
           I  **  ****S*********S*********S*****  **S*T*******S*T*******SI
           I  **  ****S*********S*********S****** **S*T*******S*T*******SI
           I ***  ****S*********S*********S****** **S*T*******S*T*******SI
      28.82I **** ****S*********S*********S****** **S*T*******S*T*******SI     28.82
           I *********S*********S*********S*********S*T*******S*T*******SI
           I *********S*********S*********S*********S*T*******S*T*******SI
           I *********S*********S*********S*********S*T*******S*T*******SI
      27.68I**********S*********S*********S*********S*T*******S*T*******SI     27.68
 ++++++++++I+++++++++++++++++++++++++++++++++++++++++++++++++++++++++++++I
            S=SEASONAL FREQUENCIES, T=TRADING DAY FREQUENCIES


 FORECASTING
  Origin  2026.Jun
  Number        12

  Forecasts and Standard Errors
   ------------------------------
                         Standard
       Date   Forecast      Error
   ------------------------------
   2026.Jul      94.31     53.561
   2026.Aug      94.31     54.094
   2026.Sep      94.31     54.623
   2026.Oct      94.31     55.146
   2026.Nov      94.31     55.664
   2026.Dec      94.31     56.178
   2027.Jan      94.31     56.687
   2027.Feb      94.31     57.191
   2027.Mar      94.31     57.691
   2027.Apr      94.31     58.186
   2027.May      94.31     58.678
   2027.Jun      94.31     59.165
   ------------------------------

  Confidence intervals with coverage probability ( 0.95000
   ---------------------------------------
       Date      Lower  Forecast     Upper
   ---------------------------------------
   2026.Jul     -10.67     94.31    199.29
   2026.Aug     -11.71     94.31    200.33
   2026.Sep     -12.75     94.31    201.37
   2026.Oct     -13.77     94.31    202.39
   2026.Nov     -14.79     94.31    203.41
   2026.Dec     -15.80     94.31    204.42
   2027.Jan     -16.79     94.31    205.41
   2027.Feb     -17.78     94.31    206.40
   2027.Mar     -18.76     94.31    207.38
   2027.Apr     -19.73     94.31    208.35
   2027.May     -20.70     94.31    209.32
   2027.Jun     -21.65     94.31    210.27
   ---------------------------------------
        bps_permits 13380            PAGE   4, SERIES bps_permits_addi

 B 1  Original series (prior adjusted)
  From  2004.Jan to 2026.Jun
  Observations        270
 -----------------------------------------------------------------------------
               Jan      Feb      Mar      Apr      May      Jun 
               Jul      Aug      Sep      Oct      Nov      Dec        TOTAL  
 -----------------------------------------------------------------------------
  2004          85.     124.     217.     280.     191.     170.
               196.     219.     217.     251.     186.     229.         2365.
 
  2005         138.     106.     186.     196.     137.     304.
               116.     148.     139.     262.     161.      96.         1989.
 
  2006          76.      93.      89.     100.     159.     128.
                96.     163.      51.      47.      21.      83.         1106.
 
  2007         137.      44.     101.     119.     102.      98.
                99.     106.      23.      37.      45.      35.          946.
 
  2008          29.      46.      44.      55.      80.      47.
                63.      43.      35.      38.      12.      10.          502.
 
  2009          22.      12.      21.      22.      40.      27.
                34.      29.      31.      20.      13.      14.          285.
 
  2010          11.      17.      18.      25.      18.      30.
                29.      36.      28.      14.      15.      24.          265.
 
  2011          17.      13.      17.      20.      16.      24.
                21.      25.      24.      16.      11.      51.          255.
 
  2012          11.       9.      17.      34.      65.      31.
                26.      36.      33.      40.      16.      20.          338.
 
  2013          20.      22.      24.     157.      35.      71.
                50.     102.      30.     110.      26.      19.          666.
 
  2014          18.      28.      47.      47.      47.      58.
                82.      53.      64.      98.      33.     220.          795.
 
  2015          50.      62.     130.      52.      56.      90.
               119.     221.      88.     128.      45.      76.         1117.
 
  2016         108.      59.      85.      84.      94.     116.
                70.     126.     209.      95.      53.      78.         1177.
 
  2017          60.      64.     145.      60.     249.     164.
                81.      91.      70.     101.      75.      72.         1232.
 
  2018         112.     165.     177.      92.     129.      83.
               148.      78.      91.     126.     106.     155.         1462.
 
  2019         107.      69.      74.     274.     113.     174.
                74.     230.      69.     172.      93.     211.         1660.
 
  2020          95.      85.     223.      57.     217.     183.
                93.     106.      68.      94.      51.      60.         1332.
 
  2021         232.     409.     191.     129.      90.     119.
               174.     107.      97.     102.      56.     112.         1818.
 
  2022          85.      69.     374.     115.     156.     174.
                86.      99.      42.      75.     186.     116.         1577.
 
  2023          31.     144.      65.      87.      61.      84.
                45.      66.     174.      72.      40.      49.          918.
 
  2024          62.      95.     122.     114.      56.     126.
                66.      69.      87.      88.     184.     144.         1213.
 
  2025          78.      70.     247.      84.      58.      99.
                98.      55.      46.     185.      42.     144.         1206.
 
  2026          45.      63.     162.      67.     120.      69.
                                                                          526.
 
  AVGE          71.      81.     121.      99.     100.     107.
                85.     100.      78.      99.      67.      92.

  Table Total-       24750.   Mean-        92.   Std. Dev.-        67.
                              Min -         9.        Max -       409.

 B 1.A  Forecasts of (prior adjusted) original series
  From  2026.Jul to 2027.Jun
  Observations         12
 -----------------------------------------------------------------------------
               Jan      Feb      Mar      Apr      May      Jun 
               Jul      Aug      Sep      Oct      Nov      Dec        TOTAL  
 -----------------------------------------------------------------------------
  2026                                                          
                94.      94.      94.      94.      94.      94.          566.
 
  2027          94.      94.      94.      94.      94.      94.
                                                                          566.
 
        bps_permits 13380            PAGE   5, SERIES bps_permits_addi

 C 17  Final weights for irregular component
  From  2004.Jan to 2026.Jun
  Observations        270
  Lower sigma limit    1.50
  Upper sigma limit    2.50
 -----------------------------------------------------------------------------
               Jan      Feb      Mar      Apr      May      Jun 
               Jul      Aug      Sep      Oct      Nov      Dec         S.D.  
 -----------------------------------------------------------------------------
  2004         100.     100.     100.       0.     100.      98.
               100.     100.     100.     100.     100.     100.         2517.
 
  2005         100.     100.     100.     100.      42.       0.
                46.     100.     100.       0.      94.     100.         2517.
 
  2006         100.     100.     100.     100.     100.     100.
               100.      31.     100.     100.      84.     100.         2517.
 
  2007           0.     100.     100.     100.     100.     100.
               100.     100.     100.     100.     100.     100.         2049.
 
  2008         100.     100.     100.     100.     100.     100.
               100.     100.     100.     100.     100.     100.         1547.
 
  2009         100.     100.     100.     100.     100.     100.
               100.     100.     100.     100.     100.     100.          961.
 
  2010         100.     100.     100.     100.     100.     100.
               100.     100.     100.     100.     100.     100.          953.
 
  2011         100.     100.     100.     100.     100.     100.
               100.     100.     100.     100.     100.      30.         1254.
 
  2012         100.     100.     100.     100.       0.     100.
               100.     100.     100.     100.     100.     100.         1359.
 
  2013         100.     100.      93.       0.     100.     100.
               100.      53.     100.       0.     100.     100.         1603.
 
  2014         100.     100.     100.     100.     100.     100.
               100.      67.     100.     100.     100.       0.         1742.
 
  2015         100.     100.     100.     100.      80.     100.
               100.       0.     100.     100.     100.     100.         1924.
 
  2016         100.     100.     100.     100.     100.     100.
               100.     100.       0.     100.     100.     100.         2316.
 
  2017         100.     100.     100.     100.       0.     100.
               100.     100.     100.     100.     100.     100.         3130.
 
  2018         100.      80.     100.     100.     100.      95.
               100.     100.     100.     100.     100.     100.         3819.
 
  2019         100.     100.       8.       0.     100.     100.
               100.      35.     100.     100.     100.     100.         4179.
 
  2020         100.     100.     100.     100.      65.     100.
               100.     100.     100.     100.     100.       6.         4568.
 
  2021          60.       0.     100.     100.     100.     100.
                99.     100.     100.     100.     100.     100.         4810.
 
  2022         100.     100.       0.     100.     100.     100.
               100.     100.     100.     100.       0.     100.         4490.
 
  2023         100.     100.     100.     100.     100.     100.
               100.     100.       0.     100.     100.     100.         4359.
 
  2024         100.     100.     100.     100.     100.     100.
               100.     100.     100.     100.      14.     100.         4011.
 
  2025         100.     100.      26.     100.     100.     100.
               100.     100.     100.       0.     100.     100.         3909.
 
  2026         100.     100.     100.     100.     100.     100.
                                                                         3909.
 
        bps_permits 13380            PAGE   6, SERIES bps_permits_addi

 D 8  Final unmodified SI ratios
  From  2004.Jan to 2026.Jun
  Observations        270
 -----------------------------------------------------------------------------
               Jan      Feb      Mar      Apr      May      Jun 
               Jul      Aug      Sep      Oct      Nov      Dec         AVGE  
 -----------------------------------------------------------------------------
  2004         -79.     -46.      41.     100.       7.     -19.
                 2.      21.      16.      48.     -16.      31.            9.
 
  2005         -54.     -79.      10.      29.     -22.     151.
               -31.       5.       1.     128.      31.     -30.           11.
 
  2006         -46.     -24.     -22.      -5.      61.      36.
                10.      81.     -27.     -29.     -55.       7.           -1.
 
  2007          60.     -35.      21.      38.      22.      20.
                24.      36.     -43.     -24.     -12.     -19.            7.
 
  2008         -22.      -3.      -3.      10.      36.       4.
                21.       3.      -2.       3.     -20.     -20.            1.
 
  2009          -5.     -13.      -2.       0.      19.       6.
                12.       7.       8.      -3.     -10.      -9.            1.
 
  2010         -11.      -5.      -3.       4.      -3.       9.
                 7.      14.       5.      -9.      -8.       1.            0.
 
  2011          -5.      -8.      -3.       2.      -2.       7.
                 4.       8.       6.      -3.      -9.      30.            2.
 
  2012         -11.     -14.      -6.      11.      42.       7.
                 2.      12.       8.      13.     -13.     -11.            3.
 
  2013         -13.     -14.     -15.     115.      -8.      27.
                 5.      57.     -14.      67.     -16.     -22.           14.
 
  2014         -23.     -14.       4.       2.      -1.       7.
                27.      -6.       1.      31.     -37.     147.           11.
 
  2015         -26.     -16.      50.     -30.     -28.       4.
                31.     131.      -3.      36.     -47.     -15.            7.
 
  2016          18.     -30.      -3.      -3.       8.      30.
               -16.      41.     124.      10.     -32.      -8.           12.
 
  2017         -27.     -24.      55.     -31.     157.      71.
               -14.      -6.     -30.      -1.     -30.     -36.            7.
 
  2018           2.      53.      63.     -23.      13.     -33.
                32.     -38.     -24.      11.      -8.      41.            7.
 
  2019          -7.     -45.     -40.     158.      -6.      51.
               -53.      99.     -65.      36.     -45.      73.           13.
 
  2020         -41.     -49.      93.     -69.      94.      62.
               -27.     -15.     -55.     -32.     -78.     -71.          -16.
 
  2021          99.     274.      55.      -6.     -42.      -9.
                52.     -10.     -15.      -7.     -51.       5.           29.
 
  2022         -23.     -39.     265.       5.      46.      64.
               -23.      -7.     -59.     -20.      97.      34.           28.
 
  2023         -46.      71.      -5.      20.      -4.      20.
               -18.       2.     109.       6.     -28.     -22.            9.
 
  2024         -11.      20.      44.      32.     -29.      37.
               -27.     -28.     -13.     -13.      82.      42.           11.
 
  2025         -23.     -28.     152.      -7.     -30.      15.
                17.     -24.     -32.     108.     -36.      65.           15.
 
  2026         -35.     -20.      76.     -22.      27.     -27.
                                                                           -0.
 
  AVGE         -14.      -4.      36.      14.      15.      23.
                 2.      17.      -5.      16.     -15.      10.

  Table Total-        2181.   Mean-         8.   Std. Dev.-        49.
                              Min -       -79.        Max -       274.
        bps_permits 13380            PAGE   7, SERIES bps_permits_addi

 D 8.B  Final unmodified SI ratios, with labels for outliers and extreme values
  From  2004.Jan to 2026.Jun
  Observations        270
 ---------------------------------------------------------------------
               Jan       Feb       Mar       Apr       May       Jun  
               Jul       Aug       Sep       Oct       Nov       Dec  
 ---------------------------------------------------------------------
  2004        -79.      -46.       41.      100.*       7.      -19.* 
                2.       21.       16.       48.      -16.       31.  
 
  2005        -54.      -79.       10.       29.      -22.*     151.* 
              -31.*       5.        1.      128.*      31.*     -30.  
 
  2006        -46.      -24.      -22.       -5.       61.       36.  
               10.       81.*     -27.      -29.      -55.*       7.  
 
  2007         60.*     -35.       21.       38.       22.       20.  
               24.       36.      -43.      -24.      -12.      -19.  
 
  2008        -22.       -3.       -3.       10.       36.        4.  
               21.        3.       -2.        3.      -20.      -20.  
 
  2009         -5.      -13.       -2.        0.       19.        6.  
               12.        7.        8.       -3.      -10.       -9.  
 
  2010        -11.       -5.       -3.        4.       -3.        9.  
                7.       14.        5.       -9.       -8.        1.  
 
  2011         -5.       -8.       -3.        2.       -2.        7.  
                4.        8.        6.       -3.       -9.       30.* 
 
  2012        -11.      -14.       -6.       11.       42.*       7.  
                2.       12.        8.       13.      -13.      -11.  
 
  2013        -13.      -14.      -15.*     115.*      -8.       27.  
                5.       57.*     -14.       67.*     -16.      -22.  
 
  2014        -23.      -14.        4.        2.       -1.        7.  
               27.       -6.*       1.       31.      -37.      147.* 
 
  2015        -26.      -16.       50.      -30.      -28.*       4.  
               31.      131.*      -3.       36.      -47.      -15.  
 
  2016         18.      -30.       -3.       -3.        8.       30.  
              -16.       41.      124.*      10.      -32.       -8.  
 
  2017        -27.      -24.       55.      -31.      157.*      71.  
              -14.       -6.      -30.       -1.      -30.      -36.* 
 
  2018          2.       53.*      63.      -23.       13.      -33.* 
               32.      -38.      -24.       11.       -8.       41.  
 
  2019         -7.      -45.      -40.*     158.*      -6.       51.  
              -53.       99.*     -65.       36.      -45.       73.  
 
  2020        -41.      -49.       93.      -69.       94.*      62.  
              -27.      -15.      -55.      -32.      -78.      -71.* 
 
  2021         99.*     274.*      55.       -6.      -42.       -9.  
               52.*     -10.      -15.       -7.      -51.        5.  
 
  2022        -23.      -39.      265.*       5.       46.       64.  
              -23.       -7.      -59.      -20.       97.*      34.  
 
  2023        -46.       71.       -5.       20.       -4.       20.  
              -18.        2.      109.*       6.      -28.      -22.  
 
  2024        -11.       20.       44.       32.      -29.       37.  
              -27.      -28.      -13.      -13.       82.*      42.  
 
  2025        -23.      -28.      152.*      -7.      -30.       15.  
               17.      -24.      -32.      108.*     -36.       65.  
 
  2026        -35.      -20.       76.      -22.       27.      -27.  
                                                                      
 

  Key to symbols:
    *  : extreme value as determined by X-11 extreme value procedure
 
        bps_permits 13380            PAGE   8, SERIES bps_permits_addi

 D 9  Final replacement values for SI ratios
  From  2004.Jan to 2026.Jun
  Observations        270
 ---------------------------------------------------------------
               Jan      Feb      Mar      Apr      May      Jun 
               Jul      Aug      Sep      Oct      Nov      Dec 
 ---------------------------------------------------------------
  2004     ******** ******** ********      27. ********     -18.
           ******** ******** ******** ******** ******** ********
 
  2005     ******** ******** ******** ********       8.      23.
                -3. ******** ********      17.      28. ********
 
  2006     ******** ******** ******** ******** ******** ********
           ********      43. ******** ********     -48. ********
 
  2007         -28. ******** ******** ******** ******** ********
           ******** ******** ******** ******** ******** ********
 
  2008     ******** ******** ******** ******** ******** ********
           ******** ******** ******** ******** ******** ********
 
  2009     ******** ******** ******** ******** ******** ********
           ******** ******** ******** ******** ******** ********
 
  2010     ******** ******** ******** ******** ******** ********
           ******** ******** ******** ******** ******** ********
 
  2011     ******** ******** ******** ******** ******** ********
           ******** ******** ******** ******** ********      10.
 
  2012     ******** ******** ******** ********      -3. ********
           ******** ******** ******** ******** ******** ********
 
  2013     ******** ********     -13.       8. ******** ********
           ********      43. ********      19. ******** ********
 
  2014     ******** ******** ******** ******** ******** ********
           ********       4. ******** ******** ********       0.
 
  2015     ******** ******** ******** ********     -21. ********
           ********      19. ******** ******** ******** ********
 
  2016     ******** ******** ******** ******** ******** ********
           ******** ********     -11. ******** ******** ********
 
  2017     ******** ******** ******** ********      18. ********
           ******** ******** ******** ******** ********     -36.
 
  2018     ********      40. ******** ******** ********     -30.
           ******** ******** ******** ******** ******** ********
 
  2019     ******** ********      52.     -22. ******** ********
           ********      41. ******** ******** ******** ********
 
  2020     ******** ******** ******** ********      64. ********
           ******** ******** ******** ******** ********      33.
 
  2021          62.      22. ******** ******** ******** ********
                51. ******** ******** ******** ******** ********
 
  2022     ******** ********      64. ******** ******** ********
           ******** ******** ******** ********     -32. ********
 
  2023     ******** ******** ******** ******** ******** ********
           ******** ********     -20. ******** ******** ********
 
  2024     ******** ******** ******** ******** ******** ********
           ******** ******** ******** ********       0. ********
 
  2025     ******** ********      87. ******** ******** ********
           ******** ******** ********      -4. ******** ********
 
  2026     ******** ******** ******** ******** ******** ********
                                                                
 

 D 9.A  Moving seasonality ratio
 ---------------------------------------------------------------
               Jan      Feb      Mar      Apr      May      Jun 
 ---------------------------------------------------------------
   I         21.222   31.524   25.934   18.558   29.063   28.936
   S          4.800    5.629    4.326    3.892    5.064    4.514
 RATIO        4.422    5.600    5.995    4.768    5.740    6.410



 ---------------------------------------------------------------
               Jul      Aug      Sep      Oct      Nov      Dec 
 ---------------------------------------------------------------
   I         23.762   22.243   17.368   20.001   21.337   29.113
   S          3.235    3.450    3.471    3.883    3.468    4.149
 RATIO        7.345    6.448    5.003    5.150    6.152    7.016



        bps_permits 13380            PAGE   9, SERIES bps_permits_addi

 D 10  Final seasonal factors
  From  2004.Jan to 2026.Jun
  Observations        270
  Seasonal filter    3 x 5 moving average
 -----------------------------------------------------------------------------
               Jan      Feb      Mar      Apr      May      Jun 
               Jul      Aug      Sep      Oct      Nov      Dec         AVGE  
 -----------------------------------------------------------------------------
  2004         -54.     -46.      13.      21.      26.      16.
                 7.      26.      -9.       7.     -11.       0.           -0.
 
  2005         -51.     -43.      12.      21.      26.      15.
                 9.      24.     -11.       5.     -12.      -3.           -1.
 
  2006         -43.     -38.       8.      19.      27.      16.
                11.      22.     -13.      -1.     -13.      -8.           -1.
 
  2007         -33.     -28.       3.      15.      28.      16.
                13.      20.     -13.      -6.     -15.      -9.           -1.
 
  2008         -22.     -19.       1.      12.      24.      14.
                14.      17.     -11.     -10.     -15.      -9.           -0.
 
  2009         -15.     -12.      -0.       9.      17.      10.
                13.      14.      -5.      -7.     -15.      -6.            0.
 
  2010         -11.     -10.      -2.       7.       8.       9.
                10.      12.       0.      -1.     -12.      -6.            0.
 
  2011         -11.     -10.      -4.       5.       2.       9.
                 8.      14.       3.       4.     -13.      -5.            0.
 
  2012         -12.     -11.      -1.       3.      -4.      11.
                10.      17.       1.      11.     -17.      -6.            0.
 
  2013         -13.     -14.       3.       0.      -5.      12.
                11.      19.      -1.      17.     -23.      -8.           -0.
 
  2014         -14.     -17.      10.      -5.      -4.      18.
                11.      21.      -5.      20.     -29.     -12.           -1.
 
  2015         -13.     -16.      20.     -10.      -1.      20.
                10.      16.     -10.      19.     -31.     -11.           -0.
 
  2016         -12.     -15.      32.     -16.       2.      23.
                 5.      12.     -17.      18.     -32.      -4.           -0.
 
  2017         -11.     -15.      44.     -22.       9.      27.
                -2.       7.     -26.      13.     -34.       9.           -0.
 
  2018          -8.     -16.      53.     -27.      11.      31.
                -7.       4.     -34.       8.     -38.      18.           -0.
 
  2019          -6.     -16.      60.     -27.      16.      32.
                -7.      -2.     -40.       1.     -42.      27.           -0.
 
  2020          -5.     -11.      60.     -23.      12.      32.
                -6.      -3.     -41.      -1.     -44.      28.           -0.
 
  2021          -8.      -6.      56.     -14.      11.      34.
                -9.      -5.     -40.      -7.     -43.      27.           -0.
 
  2022         -10.       2.      51.      -3.       2.      32.
                -8.      -7.     -34.      -8.     -38.      23.            0.
 
  2023         -15.       5.      51.       4.      -1.      27.
                -7.     -13.     -29.     -10.     -29.      23.            0.
 
  2024         -19.       7.      48.       7.      -6.      19.
                -7.     -13.     -24.      -6.     -22.      24.            1.
 
  2025         -22.       2.      50.       5.      -3.      13.
                -9.     -15.     -20.      -6.     -17.      26.            0.
 
  2026         -19.      -2.      50.       2.      -4.       7.
                                                                            6.
 
  AVGE         -18.     -14.      27.      -1.       8.      19.
                 3.       9.     -17.       3.     -25.       5.

  Table Total-          -4.   Mean-        -0.   Std. Dev.-        20.
                              Min -       -54.        Max -        60.

 D 10.A  Final seasonal component forecasts
  From  2026.Jul to 2027.Jun
  Observations         12
 -----------------------------------------------------------------------------
               Jan      Feb      Mar      Apr      May      Jun 
               Jul      Aug      Sep      Oct      Nov      Dec         AVGE  
 -----------------------------------------------------------------------------
  2026                                                          
                -7.     -16.     -17.      -5.     -15.      28.           -5.
 
  2027         -17.      -9.      55.      -1.      -3.       5.
                                                                            5.
 
        bps_permits 13380            PAGE  10, SERIES bps_permits_addi

 D 11  Final seasonally adjusted data
  From  2004.Jan to 2026.Jun
  Observations        270
 -----------------------------------------------------------------------------
               Jan      Feb      Mar      Apr      May      Jun 
               Jul      Aug      Sep      Oct      Nov      Dec        TOTAL  
 -----------------------------------------------------------------------------
  2004         139.     170.     204.     259.     165.     154.
               189.     193.     226.     244.     197.     229.         2369.
 
  2005         189.     149.     174.     175.     111.     289.
               107.     124.     150.     257.     173.      99.         1996.
 
  2006         119.     131.      81.      81.     132.     112.
                85.     141.      64.      48.      34.      91.         1116.
 
  2007         170.      72.      98.     104.      74.      82.
                86.      86.      36.      43.      60.      44.          955.
 
  2008          51.      65.      43.      43.      56.      33.
                49.      26.      46.      48.      27.      19.          507.
 
  2009          37.      24.      21.      13.      23.      17.
                21.      15.      36.      27.      28.      20.          283.
 
  2010          22.      27.      20.      18.      10.      21.
                19.      24.      28.      15.      27.      30.          260.
 
  2011          28.      23.      21.      15.      14.      15.
                13.      11.      21.      12.      24.      56.          251.
 
  2012          23.      20.      18.      31.      69.      20.
                16.      19.      32.      29.      33.      26.          337.
 
  2013          33.      36.      21.     157.      40.      59.
                39.      83.      31.      93.      49.      27.          667.
 
  2014          32.      45.      37.      52.      51.      40.
                71.      32.      69.      78.      62.     232.          802.
 
  2015          63.      78.     110.      62.      57.      70.
               109.     205.      98.     109.      76.      87.         1122.
 
  2016         120.      74.      53.     100.      92.      93.
                65.     114.     226.      77.      85.      82.         1180.
 
  2017          71.      79.     101.      82.     240.     137.
                83.      84.      96.      88.     109.      63.         1235.
 
  2018         120.     181.     124.     119.     118.      52.
               155.      74.     125.     118.     144.     137.         1467.
 
  2019         113.      85.      14.     301.      97.     142.
                81.     232.     109.     171.     135.     184.         1664.
 
  2020         100.      96.     163.      80.     205.     151.
                99.     109.     109.      95.      95.      32.         1335.
 
  2021         240.     415.     135.     143.      79.      85.
               183.     112.     137.     109.      99.      85.         1821.
 
  2022          95.      67.     323.     118.     154.     142.
                94.     106.      76.      83.     224.      93.         1576.
 
  2023          46.     139.      14.      83.      62.      57.
                52.      79.     203.      82.      69.      26.          912.
 
  2024          81.      88.      74.     107.      62.     107.
                73.      82.     111.      94.     206.     120.         1205.
 
  2025         100.      68.     197.      79.      61.      86.
               107.      70.      66.     191.      59.     118.         1202.
 
  2026          64.      65.     112.      65.     124.      62.
                                                                          491.
 
  AVGE          89.      96.      94.      99.      91.      88.
                82.      92.      95.      96.      92.      86.

  Table Total-       24754.   Mean-        92.   Std. Dev.-        64.
                              Min -        10.        Max -       415.
        bps_permits 13380            PAGE  11, SERIES bps_permits_addi

 D 12  Final trend cycle
  From  2004.Jan to 2026.Jun
  Observations        270
  Trend filter    23-term Henderson moving average
  I/C ratio        5.69
 -----------------------------------------------------------------------------
               Jan      Feb      Mar      Apr      May      Jun 
               Jul      Aug      Sep      Oct      Nov      Dec        TOTAL  
 -----------------------------------------------------------------------------
  2004         159.     166.     173.     178.     183.     189.
               195.     200.     203.     205.     204.     199.         2252.
 
  2005         192.     184.     175.     166.     158.     152.
               147.     143.     139.     135.     131.     127.         1847.
 
  2006         122.     117.     111.     105.      98.      92.
                86.      81.      77.      75.      74.      75.         1114.
 
  2007          77.      80.      82.      83.      82.      79.
                75.      70.      64.      59.      55.      52.          859.
 
  2008          50.      48.      47.      47.      45.      44.
                42.      40.      37.      35.      32.      29.          497.
 
  2009          27.      24.      23.      21.      21.      21.
                22.      23.      23.      24.      24.      24.          276.
 
  2010          23.      22.      21.      20.      20.      20.
                21.      22.      23.      24.      24.      24.          261.
 
  2011          23.      21.      20.      18.      17.      16.
                16.      17.      18.      19.      21.      22.          228.
 
  2012          23.      23.      24.      23.      23.      23.
                24.      24.      25.      26.      28.      31.          298.
 
  2013          33.      36.      39.      42.      44.      45.
                45.      45.      44.      43.      42.      41.          499.
 
  2014          40.      41.      42.      45.      48.      52.
                56.      60.      64.      68.      70.      73.          659.
 
  2015          75.      77.      79.      81.      84.      86.
                88.      90.      92.      92.      92.      91.         1027.
 
  2016          90.      89.      88.      87.      86.      86.
                86.      86.      85.      85.      85.      86.         1037.
 
  2017          87.      88.      90.      92.      93.      94.
                95.      97.      99.     102.     105.     108.         1149.
 
  2018         110.     112.     114.     115.     116.     116.
               116.     116.     116.     115.     115.     115.         1375.
 
  2019         114.     114.     114.     115.     118.     122.
               126.     130.     134.     137.     138.     139.         1500.
 
  2020         138.     135.     131.     127.     122.     120.
               119.     120.     122.     125.     128.     131.         1519.
 
  2021         134.     136.     137.     136.     134.     129.
               122.     116.     111.     107.     106.     106.         1473.
 
  2022         107.     108.     110.     111.     112.     112.
               110.     106.     101.      94.      88.      81.         1240.
 
  2023          76.      72.      70.      68.      66.      65.
                64.      64.      65.      66.      68.      71.          814.
 
  2024          73.      75.      78.      81.      85.      89.
                93.      97.     100.     102.     103.     103.         1079.
 
  2025         101.      99.      95.      91.      87.      83.
                80.      78.      78.      77.      78.      79.         1027.
 
  2026          81.      83.      86.      89.      93.      96.
                                                                          528.
 
  AVGE          85.      85.      85.      84.      84.      84.
                83.      83.      83.      83.      82.      82.

  Table Total-       22559.   Mean-        84.   Std. Dev.-        44.
                              Min -        16.        Max -       205.
        bps_permits 13380            PAGE  12, SERIES bps_permits_addi

 D 13  Final irregular component
  From  2004.Jan to 2026.Jun
  Observations        270
 -----------------------------------------------------------------------------
               Jan      Feb      Mar      Apr      May      Jun 
               Jul      Aug      Sep      Oct      Nov      Dec         S.D.  
 -----------------------------------------------------------------------------
  2004         -20.       4.      32.      81.     -18.     -35.
                -6.      -7.      22.      39.      -6.      30.           32.
 
  2005          -4.     -35.      -0.       9.     -47.     137.
               -40.     -19.      11.     122.      42.     -28.           59.
 
  2006          -3.      14.     -30.     -24.      33.      20.
                -1.      60.     -13.     -28.     -41.      15.           28.
 
  2007          93.      -8.      17.      22.      -8.       3.
                11.      16.     -29.     -16.       5.      -8.           30.
 
  2008           1.      17.      -4.      -3.      11.     -11.
                 7.     -14.       8.      13.      -5.     -10.           10.
 
  2009          11.      -1.      -1.      -8.       2.      -4.
                -0.      -7.      12.       3.       4.      -3.            6.
 
  2010          -1.       5.      -1.      -2.     -10.       1.
                -1.       2.       5.      -8.       3.       6.            5.
 
  2011           5.       1.       1.      -3.      -3.      -2.
                -3.      -5.       3.      -8.       3.      34.           10.
 
  2012           0.      -3.      -5.       8.      45.      -3.
                -7.      -5.       7.       3.       5.      -5.           14.
 
  2013          -0.      -0.     -18.     115.      -3.      14.
                -7.      37.     -13.      50.       7.     -14.           39.
 
  2014          -8.       4.      -6.       7.       4.     -12.
                15.     -28.       5.      11.      -9.     159.           47.
 
  2015         -12.       1.      31.     -19.     -27.     -16.
                21.     114.       6.      17.     -16.      -4.           37.
 
  2016          30.     -15.     -35.      13.       5.       6.
               -21.      28.     141.      -8.       0.      -4.           45.
 
  2017         -16.      -9.      11.     -10.     147.      43.
               -12.     -13.      -3.     -14.       5.     -44.           47.
 
  2018          10.      69.      10.       4.       2.     -64.
                39.     -41.       9.       3.      29.      23.           34.
 
  2019          -2.     -29.    -101.     186.     -20.      21.
               -45.     102.     -25.      34.      -4.      45.           72.
 
  2020         -37.     -39.      32.     -47.      82.      31.
               -20.     -11.     -13.     -30.     -33.     -99.           47.
 
  2021         106.     279.      -2.       7.     -55.     -43.
                60.      -4.      26.       2.      -7.     -21.           91.
 
  2022         -12.     -42.     214.       7.      42.      30.
               -16.       0.     -25.     -11.     137.      12.           76.
 
  2023         -30.      67.     -56.      16.      -4.      -7.
               -12.      15.     138.      15.       1.     -44.           50.
 
  2024           8.      13.      -4.      26.     -23.      18.
               -20.     -15.      11.      -8.     103.      18.           34.
 
  2025          -1.     -31.     102.     -12.     -26.       2.
                27.      -9.     -11.     113.     -19.      39.           48.
 
  2026         -17.     -18.      25.     -24.      32.     -34.
                                                                           26.
 
  S.D.          33.      64.      57.      51.      43.      38.
                24.      39.      45.      41.      40.      47.

  Table Total-        2195.   Mean-         8.   Std. Dev.-        45.
                              Min -      -101.        Max -       279.
        bps_permits 13380            PAGE  13, SERIES bps_permits_addi

 D 16  Combined adjustment factors
  From  2004.Jan to 2026.Jun
  Observations        270
 -----------------------------------------------------------------------------
               Jan      Feb      Mar      Apr      May      Jun 
               Jul      Aug      Sep      Oct      Nov      Dec         AVGE  
 -----------------------------------------------------------------------------
  2004         -54.     -46.      13.      21.      26.      16.
                 7.      26.      -9.       7.     -11.       0.           -0.
 
  2005         -51.     -43.      12.      21.      26.      15.
                 9.      24.     -11.       5.     -12.      -3.           -1.
 
  2006         -43.     -38.       8.      19.      27.      16.
                11.      22.     -13.      -1.     -13.      -8.           -1.
 
  2007         -33.     -28.       3.      15.      28.      16.
                13.      20.     -13.      -6.     -15.      -9.           -1.
 
  2008         -22.     -19.       1.      12.      24.      14.
                14.      17.     -11.     -10.     -15.      -9.           -0.
 
  2009         -15.     -12.      -0.       9.      17.      10.
                13.      14.      -5.      -7.     -15.      -6.            0.
 
  2010         -11.     -10.      -2.       7.       8.       9.
                10.      12.       0.      -1.     -12.      -6.            0.
 
  2011         -11.     -10.      -4.       5.       2.       9.
                 8.      14.       3.       4.     -13.      -5.            0.
 
  2012         -12.     -11.      -1.       3.      -4.      11.
                10.      17.       1.      11.     -17.      -6.            0.
 
  2013         -13.     -14.       3.       0.      -5.      12.
                11.      19.      -1.      17.     -23.      -8.           -0.
 
  2014         -14.     -17.      10.      -5.      -4.      18.
                11.      21.      -5.      20.     -29.     -12.           -1.
 
  2015         -13.     -16.      20.     -10.      -1.      20.
                10.      16.     -10.      19.     -31.     -11.           -0.
 
  2016         -12.     -15.      32.     -16.       2.      23.
                 5.      12.     -17.      18.     -32.      -4.           -0.
 
  2017         -11.     -15.      44.     -22.       9.      27.
                -2.       7.     -26.      13.     -34.       9.           -0.
 
  2018          -8.     -16.      53.     -27.      11.      31.
                -7.       4.     -34.       8.     -38.      18.           -0.
 
  2019          -6.     -16.      60.     -27.      16.      32.
                -7.      -2.     -40.       1.     -42.      27.           -0.
 
  2020          -5.     -11.      60.     -23.      12.      32.
                -6.      -3.     -41.      -1.     -44.      28.           -0.
 
  2021          -8.      -6.      56.     -14.      11.      34.
                -9.      -5.     -40.      -7.     -43.      27.           -0.
 
  2022         -10.       2.      51.      -3.       2.      32.
                -8.      -7.     -34.      -8.     -38.      23.            0.
 
  2023         -15.       5.      51.       4.      -1.      27.
                -7.     -13.     -29.     -10.     -29.      23.            0.
 
  2024         -19.       7.      48.       7.      -6.      19.
                -7.     -13.     -24.      -6.     -22.      24.            1.
 
  2025         -22.       2.      50.       5.      -3.      13.
                -9.     -15.     -20.      -6.     -17.      26.            0.
 
  2026         -19.      -2.      50.       2.      -4.       7.
                                                                            6.
 
  AVGE         -18.     -14.      27.      -1.       8.      19.
                 3.       9.     -17.       3.     -25.       5.

  Table Total-          -4.   Mean-        -0.   Std. Dev.-        20.
                              Min -       -54.        Max -        60.

 D 16.A  Combined adjustment component forecasts
  From  2026.Jul to 2027.Jun
  Observations         12
 -----------------------------------------------------------------------------
               Jan      Feb      Mar      Apr      May      Jun 
               Jul      Aug      Sep      Oct      Nov      Dec         AVGE  
 -----------------------------------------------------------------------------
  2026                                                          
                -7.     -16.     -17.      -5.     -15.      28.           -5.
 
  2027         -17.      -9.      55.      -1.      -3.       5.
                                                                            5.
 
        bps_permits 13380            PAGE  14, SERIES bps_permits_addi

 E 4  Differences of annual totals
  From          2004 to 2025
  Observations         22
 -----------------------------------
  Year       Unmodified     Modified
                  (D11)         (E2)
 -----------------------------------
  2004              -4.          -4.
 
  2005              -7.          -7.
 
  2006             -10.         -10.
 
  2007              -9.          -9.
 
  2008              -5.          -5.
 
  2009               2.           2.
 
  2010               5.           5.
 
  2011               4.           4.
 
  2012               1.           1.
 
  2013              -1.          -1.
 
  2014              -7.          -7.
 
  2015              -5.          -5.
 
  2016              -3.          -3.
 
  2017              -3.          -3.
 
  2018              -5.          -5.
 
  2019              -4.          -4.
 
  2020              -3.          -3.
 
  2021              -3.          -3.
 
  2022               1.           1.
 
  2023               6.           6.
 
  2024               8.           8.
 
  2025               4.           4.
 
        bps_permits 13380            PAGE  15, SERIES bps_permits_addi

 E 5  Month-to-month differences in the original series
  From  2004.Feb to 2026.Jun
  Observations        269
 -----------------------------------------------------------------------------
               Jan      Feb      Mar      Apr      May      Jun 
               Jul      Aug      Sep      Oct      Nov      Dec         AVGE  
 -----------------------------------------------------------------------------
  2004                   39.      93.      63.     -89.     -21.
                26.      23.      -2.      34.     -65.      43.           13.
 
  2005         -91.     -32.      80.      10.     -59.     167.
              -188.      32.      -9.     123.    -101.     -65.          -11.
 
  2006         -20.      17.      -4.      11.      59.     -31.
               -32.      67.    -112.      -4.     -26.      62.           -1.
 
  2007          54.     -93.      57.      18.     -17.      -4.
                 1.       7.     -83.      14.       8.     -10.           -4.
 
  2008          -6.      17.      -2.      11.      25.     -33.
                16.     -20.      -8.       3.     -26.      -2.           -2.
 
  2009          12.     -10.       9.       1.      18.     -13.
                 7.      -5.       2.     -11.      -7.       1.            0.
 
  2010          -3.       6.       1.       7.      -7.      12.
                -1.       7.      -8.     -14.       1.       9.            1.
 
  2011          -7.      -4.       4.       3.      -4.       8.
                -3.       4.      -1.      -8.      -5.      40.            2.
 
  2012         -40.      -2.       8.      17.      31.     -34.
                -5.      10.      -3.       7.     -24.       4.           -3.
 
  2013           0.       2.       2.     133.    -122.      36.
               -21.      52.     -72.      80.     -84.      -7.           -0.
 
  2014          -1.      10.      19.       0.       0.      11.
                24.     -29.      11.      34.     -65.     187.           17.
 
  2015        -170.      12.      68.     -78.       4.      34.
                29.     102.    -133.      40.     -83.      31.          -12.
 
  2016          32.     -49.      26.      -1.      10.      22.
               -46.      56.      83.    -114.     -42.      25.            0.
 
  2017         -18.       4.      81.     -85.     189.     -85.
               -83.      10.     -21.      31.     -26.      -3.           -0.
 
  2018          40.      53.      12.     -85.      37.     -46.
                65.     -70.      13.      35.     -20.      49.            7.
 
  2019         -48.     -38.       5.     200.    -161.      61.
              -100.     156.    -161.     103.     -79.     118.            5.
 
  2020        -116.     -10.     138.    -166.     160.     -34.
               -90.      13.     -38.      26.     -43.       9.          -13.
 
  2021         172.     177.    -218.     -62.     -39.      29.
                55.     -67.     -10.       5.     -46.      56.            4.
 
  2022         -27.     -16.     305.    -259.      41.      18.
               -88.      13.     -57.      33.     111.     -70.            0.
 
  2023         -85.     113.     -79.      22.     -26.      23.
               -39.      21.     108.    -102.     -32.       9.           -6.
 
  2024          13.      33.      27.      -8.     -58.      70.
               -60.       3.      18.       1.      96.     -40.            8.
 
  2025         -66.      -8.     177.    -163.     -26.      41.
                -1.     -43.      -9.     139.    -143.     102.            0.
 
  2026         -99.      18.      99.     -95.      53.     -51.
                                                                          -12.
 
  AVGE         -22.      10.      39.     -22.       1.       8.
               -24.      16.     -22.      21.     -32.      25.

  Table Total-         -16.   Mean-        -0.   Std. Dev.-        70.
                              Min -      -259.        Max -       305.
        bps_permits 13380            PAGE  16, SERIES bps_permits_addi

 E 6  Month-to-month differences in seasonally adjusted series (D11)
  From  2004.Feb to 2026.Jun
  Observations        269
 -----------------------------------------------------------------------------
               Jan      Feb      Mar      Apr      May      Jun 
               Jul      Aug      Sep      Oct      Nov      Dec         AVGE  
 -----------------------------------------------------------------------------
  2004                   31.      34.      54.     -93.     -11.
                35.       4.      33.      18.     -47.      32.            8.
 
  2005         -40.     -40.      25.       0.     -64.     178.
              -182.      16.      26.     107.     -84.     -75.          -11.
 
  2006          20.      12.     -50.      -1.      51.     -20.
               -27.      56.     -77.     -16.     -14.      57.           -1.
 
  2007          79.     -98.      26.       6.     -30.       8.
                 4.       0.     -50.       8.      17.     -16.           -4.
 
  2008           7.      14.     -22.      -0.      13.     -24.
                16.     -23.      20.       2.     -21.      -8.           -2.
 
  2009          18.     -14.      -2.      -8.      10.      -6.
                 5.      -6.      20.      -9.       1.      -7.            0.
 
  2010           1.       5.      -7.      -2.      -8.      11.
                -2.       4.       4.     -12.      11.       3.            1.
 
  2011          -2.      -5.      -1.      -6.      -1.       1.
                -2.      -2.      10.     -10.      13.      32.            2.
 
  2012         -33.      -3.      -2.      13.      37.     -48.
                -4.       3.      13.      -3.       4.      -7.           -3.
 
  2013           7.       3.     -15.     136.    -116.      18.
               -20.      44.     -52.      62.     -44.     -22.            0.
 
  2014           5.      13.      -8.      15.      -0.     -11.
                31.     -39.      37.       9.     -16.     170.           17.
 
  2015        -169.      15.      33.     -49.      -5.      13.
                39.      96.    -107.      11.     -33.      11.          -12.
 
  2016          33.     -46.     -21.      47.      -8.       1.
               -28.      49.     112.    -149.       8.      -4.           -0.
 
  2017         -11.       9.      22.     -20.     158.    -102.
               -54.       1.      12.      -8.      21.     -46.           -2.
 
  2018          56.      62.     -58.      -5.      -1.     -66.
               103.     -81.      51.      -7.      26.      -7.            6.
 
  2019         -25.     -27.     -72.     288.    -204.      45.
               -61.     151.    -124.      62.     -36.      49.            4.
 
  2020         -84.      -4.      66.     -83.     125.     -54.
               -52.       9.       0.     -14.      -0.     -63.          -13.
 
  2021         208.     175.    -280.       8.     -64.       7.
                97.     -71.      25.     -28.     -10.     -14.            4.
 
  2022          10.     -28.     257.    -205.      36.     -12.
               -48.      13.     -30.       7.     141.    -131.            1.
 
  2023         -47.      92.    -125.      70.     -21.      -5.
                -5.      26.     124.    -121.     -12.     -43.           -6.
 
  2024          54.       7.     -14.      34.     -45.      46.
               -34.       9.      28.     -16.     112.     -85.            8.
 
  2025         -21.     -32.     129.    -118.     -18.      24.
                21.     -37.      -3.     124.    -132.      60.           -0.
 
  2026         -55.       2.      46.     -47.      59.     -63.
                                                                           -9.
 
  AVGE           1.       6.      -2.       6.      -8.      -3.
                -8.      10.       3.       1.      -4.      -5.

  Table Total-         -77.   Mean-        -0.   Std. Dev.-        66.
                              Min -      -280.        Max -       288.
        bps_permits 13380            PAGE  17, SERIES bps_permits_addi

 E 7  Month-to-month differences in final trend cycle (D12)
  From  2004.Feb to 2026.Jun
  Observations        269
 -----------------------------------------------------------------------------
               Jan      Feb      Mar      Apr      May      Jun 
               Jul      Aug      Sep      Oct      Nov      Dec         AVGE  
 -----------------------------------------------------------------------------
  2004                    7.       6.       5.       5.       6.
                 6.       5.       4.       2.      -1.      -4.            4.
 
  2005          -7.      -8.      -9.      -9.      -8.      -6.
                -5.      -4.      -4.      -4.      -4.      -4.           -6.
 
  2006          -5.      -5.      -6.      -6.      -7.      -7.
                -6.      -5.      -4.      -2.      -1.       1.           -4.
 
  2007           2.       2.       2.       1.      -1.      -3.
                -4.      -5.      -6.      -5.      -4.      -3.           -2.
 
  2008          -2.      -1.      -1.      -1.      -1.      -1.
                -2.      -2.      -3.      -3.      -3.      -3.           -2.
 
  2009          -3.      -2.      -2.      -1.      -0.       0.
                 1.       1.       1.       0.       0.      -0.           -0.
 
  2010          -1.      -1.      -1.      -1.      -0.       0.
                 1.       1.       1.       1.       0.      -0.            0.
 
  2011          -1.      -1.      -2.      -2.      -1.      -1.
                -0.       1.       1.       2.       2.       1.           -0.
 
  2012           1.       0.       0.      -0.      -0.       0.
                 0.       1.       1.       1.       2.       2.            1.
 
  2013           3.       3.       3.       3.       2.       1.
                 1.      -0.      -1.      -1.      -1.      -1.            1.
 
  2014          -0.       0.       2.       2.       3.       4.
                 4.       4.       4.       3.       3.       2.            3.
 
  2015           2.       2.       2.       2.       2.       3.
                 2.       2.       1.       0.      -0.      -1.            2.
 
  2016          -1.      -1.      -1.      -1.      -0.      -0.
                -0.      -1.      -0.      -0.       0.       1.           -0.
 
  2017           1.       2.       2.       2.       1.       1.
                 2.       2.       2.       3.       3.       3.            2.
 
  2018           2.       2.       2.       1.       1.       0.
                -0.      -0.      -0.      -0.      -0.      -0.            1.
 
  2019          -0.      -0.       0.       1.       3.       4.
                 4.       4.       4.       3.       2.       0.            2.
 
  2020          -1.      -3.      -4.      -4.      -4.      -3.
                -1.       1.       2.       3.       3.       3.           -1.
 
  2021           3.       2.       1.      -1.      -3.      -5.
                -6.      -6.      -5.      -4.      -1.       0.           -2.
 
  2022           1.       1.       1.       1.       1.      -0.
                -2.      -4.      -5.      -6.      -7.      -6.           -2.
 
  2023          -5.      -4.      -3.      -2.      -2.      -1.
                -1.      -0.       1.       2.       2.       2.           -1.
 
  2024           2.       2.       3.       3.       4.       4.
                 4.       4.       3.       2.       1.      -0.            3.
 
  2025          -1.      -3.      -3.      -4.      -4.      -4.
                -3.      -2.      -1.      -0.       1.       1.           -2.
 
  2026           2.       2.       3.       3.       3.       3.
                                                                            3.
 
  AVGE          -0.      -0.      -0.      -0.      -0.      -0.
                -0.      -0.      -0.      -0.      -0.      -0.

  Table Total-         -63.   Mean-        -0.   Std. Dev.-         3.
                              Min -        -9.        Max -         7.
        bps_permits 13380            PAGE  18, SERIES bps_permits_addi

 E 8  Month-to-month differences in original series adjusted for calendar factors (A18)
  From  2004.Feb to 2026.Jun
  Observations        269
 -----------------------------------------------------------------------------
               Jan      Feb      Mar      Apr      May      Jun 
               Jul      Aug      Sep      Oct      Nov      Dec         AVGE  
 -----------------------------------------------------------------------------
  2004                   39.      93.      63.     -89.     -21.
                26.      23.      -2.      34.     -65.      43.           13.
 
  2005         -91.     -32.      80.      10.     -59.     167.
              -188.      32.      -9.     123.    -101.     -65.          -11.
 
  2006         -20.      17.      -4.      11.      59.     -31.
               -32.      67.    -112.      -4.     -26.      62.           -1.
 
  2007          54.     -93.      57.      18.     -17.      -4.
                 1.       7.     -83.      14.       8.     -10.           -4.
 
  2008          -6.      17.      -2.      11.      25.     -33.
                16.     -20.      -8.       3.     -26.      -2.           -2.
 
  2009          12.     -10.       9.       1.      18.     -13.
                 7.      -5.       2.     -11.      -7.       1.            0.
 
  2010          -3.       6.       1.       7.      -7.      12.
                -1.       7.      -8.     -14.       1.       9.            1.
 
  2011          -7.      -4.       4.       3.      -4.       8.
                -3.       4.      -1.      -8.      -5.      40.            2.
 
  2012         -40.      -2.       8.      17.      31.     -34.
                -5.      10.      -3.       7.     -24.       4.           -3.
 
  2013           0.       2.       2.     133.    -122.      36.
               -21.      52.     -72.      80.     -84.      -7.           -0.
 
  2014          -1.      10.      19.       0.       0.      11.
                24.     -29.      11.      34.     -65.     187.           17.
 
  2015        -170.      12.      68.     -78.       4.      34.
                29.     102.    -133.      40.     -83.      31.          -12.
 
  2016          32.     -49.      26.      -1.      10.      22.
               -46.      56.      83.    -114.     -42.      25.            0.
 
  2017         -18.       4.      81.     -85.     189.     -85.
               -83.      10.     -21.      31.     -26.      -3.           -0.
 
  2018          40.      53.      12.     -85.      37.     -46.
                65.     -70.      13.      35.     -20.      49.            7.
 
  2019         -48.     -38.       5.     200.    -161.      61.
              -100.     156.    -161.     103.     -79.     118.            5.
 
  2020        -116.     -10.     138.    -166.     160.     -34.
               -90.      13.     -38.      26.     -43.       9.          -13.
 
  2021         172.     177.    -218.     -62.     -39.      29.
                55.     -67.     -10.       5.     -46.      56.            4.
 
  2022         -27.     -16.     305.    -259.      41.      18.
               -88.      13.     -57.      33.     111.     -70.            0.
 
  2023         -85.     113.     -79.      22.     -26.      23.
               -39.      21.     108.    -102.     -32.       9.           -6.
 
  2024          13.      33.      27.      -8.     -58.      70.
               -60.       3.      18.       1.      96.     -40.            8.
 
  2025         -66.      -8.     177.    -163.     -26.      41.
                -1.     -43.      -9.     139.    -143.     102.            0.
 
  2026         -99.      18.      99.     -95.      53.     -51.
                                                                          -12.
 
  AVGE         -22.      10.      39.     -22.       1.       8.
               -24.      16.     -22.      21.     -32.      25.

  Table Total-         -16.   Mean-        -0.   Std. Dev.-        70.
                              Min -      -259.        Max -       305.
        bps_permits 13380            PAGE  19, SERIES bps_permits_addi

 E 18  Final adjustment ratios
  From  2004.Jan to 2026.Jun
  Observations        270
 -----------------------------------------------------------------------------
               Jan      Feb      Mar      Apr      May      Jun 
               Jul      Aug      Sep      Oct      Nov      Dec         AVGE  
 -----------------------------------------------------------------------------
  2004       61.280   72.861  106.129  108.270  115.578  110.285
            103.858  113.443   96.101  102.955   94.334  100.040        98.761
 
  2005       73.147   71.073  106.636  112.148  123.524  105.288
            108.243  119.687   92.859  101.920   92.965   97.336       100.402
 
  2006       63.978   71.039  109.421  123.828  120.676  114.550
            113.388  115.707   79.828   98.772   62.602   91.667        97.121
 
  2007       80.581   61.244  102.865  114.184  137.913  119.555
            115.548  123.205   64.581   85.787   74.492   79.154        96.592
 
  2008       56.418   70.312  101.211  127.317  142.389  143.997
            128.756  166.256   76.648   79.761   44.634   51.673        99.114
 
  2009       58.937   50.999   97.761  165.435  174.106  160.924
            158.223  188.804   87.021   73.971   47.005   68.548       110.978
 
  2010       50.271   63.417   91.515  139.990  179.547  140.369
            148.788  152.843  101.587   90.719   56.351   80.358       107.980
 
  2011       61.674   57.658   80.761  134.571  114.519  165.338
            162.887  221.193  113.185  138.657   45.631   91.217       115.608
 
  2012       47.200   43.939   94.092  108.838   94.845  153.740
            159.586  186.417  103.591  137.766   48.199   77.692       104.659
 
  2013       60.425   61.292  113.019  100.145   86.482  120.806
            128.518  123.330   96.924  118.504   52.983   71.131        94.463
 
  2014       56.385   62.191  128.125   90.425   91.291  144.854
            114.828  164.266   92.356  125.391   53.466   94.818       101.533
 
  2015       79.831   79.938  117.927   84.237   98.884  128.610
            109.027  107.964   89.994  117.388   59.139   87.482        96.702
 
  2016       90.265   80.125  161.532   84.148  102.377  125.387
            107.762  110.545   92.319  123.016   62.034   95.376       102.907
 
  2017       84.753   80.668  142.952   73.252  103.940  119.570
             97.140  107.891   72.906  114.657   68.510  113.785        98.335
 
  2018       93.517   91.006  143.017   77.588  109.655  160.153
             95.544  104.856   72.863  106.562   73.439  112.901       103.425
 
  2019       95.039   81.013  545.456   90.980  115.906  122.441
             91.417   99.047   63.530  100.537   69.058  114.601       132.419
 
  2020       94.951   88.195  137.044   71.658  105.966  121.019
             93.570   97.444   62.240   98.438   53.504  188.382       101.034
 
  2021       96.578   98.594  141.340   90.423  114.309  139.236
             95.241   95.616   70.969   93.871   56.661  131.669       102.042
 
  2022       89.418  103.256  115.619   97.307  101.220  122.814
             91.902   93.219   55.135   90.008   82.894  124.399        97.266
 
  2023       66.694  103.796  472.728  104.490   97.953  146.558
             86.336   84.001   85.810   88.284   57.808  186.703       131.764
 
  2024       76.837  107.958  165.902  106.429   90.885  117.334
             90.351   83.912   78.674   93.445   89.364  119.577       101.722
 
  2025       78.159  102.734  125.248  106.227   94.562  115.712
             91.638   79.003   69.547   97.041   71.498  121.529        96.075
 
  2026       70.854   96.645  145.097  102.966   96.522  112.168
                                                                       104.042
 
  AVGE       73.356   78.259  154.148  104.994  113.611  130.900
            113.298  124.484   82.667  103.520   64.389  104.547

  Table Total-       28115.   Mean-       104.   Std. Dev.-        47.
                              Min -        44.        Max -       545.

 E 18.A  Final adjustment ratio forecasts
  From  2026.Jul to 2027.Jun
  Observations         12
 -----------------------------------------------------------------------------
               Jan      Feb      Mar      Apr      May      Jun 
               Jul      Aug      Sep      Oct      Nov      Dec         AVGE  
 -----------------------------------------------------------------------------
  2026                                                          
             93.110   85.775   84.946   95.101   86.537  141.236        97.784
 
  2027       84.594   91.035  237.860   98.708   97.097  105.719
                                                                       119.169
 

  QS statistic for seasonality:
  Original Series                                     0.00  (P-Value =     1.0000)
  Original Series (EV adj)                            0.00  (P-Value =     1.0000)
  Residuals                                           0.00  (P-Value =     1.0000)
  Seasonally Adjusted Series                          0.00  (P-Value =     1.0000)
  Seasonally Adjusted Series (EV adj)                 0.00  (P-Value =     1.0000)
  Irregular Series                                    0.00  (P-Value =     1.0000)
  Irregular Series (EV adj)                           0.00  (P-Value =     1.0000)

  QS statistic for seasonality (starting 2018.Jul):
  Original Series                                     0.00  (P-Value =     1.0000)
  Original Series (EV adj)                            0.00  (P-Value =     1.0000)
  Residuals                                           0.00  (P-Value =     1.0000)
  Seasonally Adjusted Series                          0.00  (P-Value =     1.0000)
  Seasonally Adjusted Series (EV adj)                 0.00  (P-Value =     1.0000)
  Irregular Series                                    0.00  (P-Value =     1.0000)
  Irregular Series (EV adj)                           0.00  (P-Value =     1.0000)


 WARNING: Series should not be a candidate for seasonal adjustment
          because the spectrum of the original series (Table A1 or B1)
          has no visually significant seasonal peaks.

          If this is a component series of an indirectly adjusted
          composite series, consider using type = trend or type = summary
          in the x11 spec.
        bps_permits 13380            PAGE  20, SERIES bps_permits_addi
 G 0  10*LOG(SPECTRUM) of the differenced Original Series
      (Table A1 or B1).  Spectrum estimated from 2018.Jul to 2026.Jun.
 ++++++++++I+++++++++++++++++++++++++++++++++++++++++++++++++++++++++++++I
      47.52I                                                      *      I     47.52
           I                                                      *      I
           I                                  *         *         *      I
           I                                  *         *         *      I
      44.96I                                  *         **        *      I     44.96
           I                                  *         **        *      I
           I                                  *         **        *      I
           I                           *      *         **        *      I
      42.39I                           *      *         ***      ***     I     42.39
           I                           *      *         ***      ***     I
           I                           *      *    *    ***    *T***  *  I
           I                           **     *    *S   ***    *T***  *  I
      39.83I                           **     *    *S   ****  S*T******* I     39.83
           I                           ** S   *    *S   ****  S*T*******SI
           I                           ** S   *    *S   ****  S*T*******SI
           I                *          ***S   *    *S  *******S*T*******SI
      37.27I                * *    *   ***S*  *    *S  *******S*T*******SI     37.27
           I                * **   *   ***S* ***   *S  *******S*T*******SI
           I                ****   *   ***S* ***   *S* *******S*T*******SI
           I                ****   *  ****S*****   *S* *******S*T*******SI
      34.70I               *****  **  ****S*****   *S*T*******S*T*******SI     34.70
           I          S*   *****  *** ****S*****   *S*T*******S*T*******SI
           I          S*   *****  *** ****S*****   *S*T*******S*T*******SI
           I          S*   *****S ********S*****  **S*T*******S*T*******SI
      32.14I          S*   *****S*********S*****  **S*T*******S*T*******SI     32.14
           I          S*   *****S*********S*****  **S*T*******S*T*******SI
           I          S*   *****S*********S****** **S*T*******S*T*******SI
           I         *S*   *****S*********S*********S*T*******S*T*******SI
      29.58I         *S*  ******S*********S*********S*T*******S*T*******SI     29.58
           I        **S** ******S*********S*********S*T*******S*T*******SI
           I        **S** ******S*********S*********S*T*******S*T*******SI
           I        **S*********S*********S*********S*T*******S*T*******SI
      27.01I       ***S*********S*********S*********S*T*******S*T*******SI     27.01
           I       ***S*********S*********S*********S*T*******S*T*******SI
           I       ***S*********S*********S*********S*T*******S*T*******SI
           I       ***S*********S*********S*********S*T*******S*T*******SI
      24.45I       ***S*********S*********S*********S*T*******S*T*******SI     24.45
           I       ***S*********S*********S*********S*T*******S*T*******SI
           I      ****S*********S*********S*********S*T*******S*T*******SI
           I      ****S*********S*********S*********S*T*******S*T*******SI
      21.89I      ****S*********S*********S*********S*T*******S*T*******SI     21.89
           I      ****S*********S*********S*********S*T*******S*T*******SI
           I     *****S*********S*********S*********S*T*******S*T*******SI
           I     *****S*********S*********S*********S*T*******S*T*******SI
      19.32I    ******S*********S*********S*********S*T*******S*T*******SI     19.32
           I    ******S*********S*********S*********S*T*******S*T*******SI
           I   *******S*********S*********S*********S*T*******S*T*******SI
           I   *******S*********S*********S*********S*T*******S*T*******SI
      16.76I   *******S*********S*********S*********S*T*******S*T*******SI     16.76
           I  ********S*********S*********S*********S*T*******S*T*******SI
           I  ********S*********S*********S*********S*T*******S*T*******SI
           I  ********S*********S*********S*********S*T*******S*T*******SI
      14.20I**********S*********S*********S*********S*T*******S*T*******SI     14.20
 ++++++++++I+++++++++++++++++++++++++++++++++++++++++++++++++++++++++++++I
            S=SEASONAL FREQUENCIES, T=TRADING DAY FREQUENCIES
        bps_permits 13380            PAGE  21, SERIES bps_permits_addi
 G 1  10*LOG(SPECTRUM) of the differenced seasonally adjusted 
      data (Table E2).  Spectrum estimated from 2018.Jul to 2026.Jun.
 ++++++++++I+++++++++++++++++++++++++++++++++++++++++++++++++++++++++++++I
      44.69I                                                         *   I     44.69
           I                                                         *   I
           I                                                         *   I
           I                                                         *   I
      42.20I                                                         *   I     42.20
           I                                                         *   I
           I                                                     *   *   I
           I                                                     *   *   I
      39.71I                                            *        **  **  I     39.71
           I                                            *        **  **  I
           I                                           **  *     **  **  I
           I                                   *       **  *    T** ***  I
      37.22I                                   *       ** **    T******  I     37.22
           I                                   ** *    ** **    T******  I
           I                                   ****    ******   T******  I
           I                           **      ****    ******  *T******  I
      34.73I                           **      ****    ******  *T******  I     34.73
           I               *           **     *****    *******S*T******  I
           I               *           **     *****    *******S*T******* I
           I               *           **     ******   *******S*T******* I
      32.24I               *           ***    ******   *******S*T******* I     32.24
           I               *        * ****    ******  T*******S*T*******SI
           I               *        * ****S   ******  T*******S*T*******SI
           I              ***      *******S  *******S T*******S*T*******SI
      29.75I              ***  *   *******S*********S*T*******S*T*******SI     29.75
           I              *** **   *******S*********S*T*******S*T*******SI
           I              ******   *******S*********S*T*******S*T*******SI
           I              ******  ********S*********S*T*******S*T*******SI
      27.26I             *******S ********S*********S*T*******S*T*******SI     27.26
           I             *******S*********S*********S*T*******S*T*******SI
           I       *     *******S*********S*********S*T*******S*T*******SI
           I       *     *******S*********S*********S*T*******S*T*******SI
      24.77I       **   ********S*********S*********S*T*******S*T*******SI     24.77
           I       **   ********S*********S*********S*T*******S*T*******SI
           I       **   ********S*********S*********S*T*******S*T*******SI
           I       **  *********S*********S*********S*T*******S*T*******SI
      22.28I      ***  *********S*********S*********S*T*******S*T*******SI     22.28
           I    * ****S*********S*********S*********S*T*******S*T*******SI
           I   ** ****S*********S*********S*********S*T*******S*T*******SI
           I   *******S*********S*********S*********S*T*******S*T*******SI
      19.79I   *******S*********S*********S*********S*T*******S*T*******SI     19.79
           I   *******S*********S*********S*********S*T*******S*T*******SI
           I   *******S*********S*********S*********S*T*******S*T*******SI
           I   *******S*********S*********S*********S*T*******S*T*******SI
      17.30I   *******S*********S*********S*********S*T*******S*T*******SI     17.30
           I   *******S*********S*********S*********S*T*******S*T*******SI
           I  ********S*********S*********S*********S*T*******S*T*******SI
           I  ********S*********S*********S*********S*T*******S*T*******SI
      14.81I  ********S*********S*********S*********S*T*******S*T*******SI     14.81
           I  ********S*********S*********S*********S*T*******S*T*******SI
           I  ********S*********S*********S*********S*T*******S*T*******SI
           I *********S*********S*********S*********S*T*******S*T*******SI
      12.32I**********S*********S*********S*********S*T*******S*T*******SI     12.32
 ++++++++++I+++++++++++++++++++++++++++++++++++++++++++++++++++++++++++++I
            S=SEASONAL FREQUENCIES, T=TRADING DAY FREQUENCIES
        bps_permits 13380            PAGE  22, SERIES bps_permits_addi
 G 2  10*LOG(SPECTRUM) of the Modified Irregular (Table E3).  
      Spectrum estimated from 2018.Jul to 2026.Jun.
 ++++++++++I+++++++++++++++++++++++++++++++++++++++++++++++++++++++++++++I
      39.22I                                                         *   I     39.22
           I                                                         *   I
           I                                                         *   I
           I                                                         *   I
      37.92I                                                         *   I     37.92
           I                                                         *   I
           I                                                         *   I
           I                                                         *   I
      36.62I                                                         *   I     36.62
           I               *                                     *   *   I
           I               *                                     *   *   I
           I               *                                     *   *   I
      35.32I               *                            *        *   *   I     35.32
           I               *                            *        *   *   I
           I               *                            *        *   *   I
           I               *                            *        *   *   I
      34.02I               *                            *        *   *   I     34.02
           I               *            *               *        *   **  I
           I              **            *      *        *        *   **  I
           I              **            *      * *      *        ** ***  I
      32.72I              **            *      ***     **  *     ** ***  I     32.72
           I              ***          **      ***     **  *     ** ***  I
           I              ***          **      ****    **  *    T** ***  I
           I              ***          **      ****    **  **   T** ***  I
      31.42I              ***          **      ****    **  **   T******  I     31.42
           I              ***          ***     ****    ******   T******  I
           I           *  ****         ***     ****    ******   T******  I
           I           *  ****         ***     ****    ******   T******  I
      30.12I           *******        ****    *****    ******   T******  I     30.12
           I           ********    *  ****    *****    ******   T******  I
           I           ********    ** ****    *****    ******   T******  I
           I      *    ********    ** ****    *****    *******  T******  I
      28.82I      *    ********    *******    *****    ******* *T******  I     28.82
           I      *    ********    *******    *****    ******* *T******* I
           I      *    ********    *******    *****    *******S*T******* I
           I      *   S********   ********S   ******   *******S*T******* I
      27.52I      **  S*********  ********S   ******   *******S*T******* I     27.52
           I      **  S*********  ********S   ******  T*******S*T******* I
           I     ***  S*********  ********S   ******  T*******S*T*******SI
           I     ***  S*********  ********S  *******  T*******S*T*******SI
      26.22I     ***  S*********  ********S  *******  T*******S*T*******SI     26.22
           I   * ***  S*********S*********S  *******  T*******S*T*******SI
           I   *****  S*********S*********S* *******  T*******S*T*******SI
           I  ********S*********S*********S* *******S T*******S*T*******SI
      24.92I  ********S*********S*********S*********S*T*******S*T*******SI     24.92
           I  ********S*********S*********S*********S*T*******S*T*******SI
           I  ********S*********S*********S*********S*T*******S*T*******SI
           I  ********S*********S*********S*********S*T*******S*T*******SI
      23.62I  ********S*********S*********S*********S*T*******S*T*******SI     23.62
           I  ********S*********S*********S*********S*T*******S*T*******SI
           I *********S*********S*********S*********S*T*******S*T*******SI
           I *********S*********S*********S*********S*T*******S*T*******SI
      22.32I**********S*********S*********S*********S*T*******S*T*******SI     22.32
 ++++++++++I+++++++++++++++++++++++++++++++++++++++++++++++++++++++++++++I
            S=SEASONAL FREQUENCIES, T=TRADING DAY FREQUENCIES
        bps_permits 13380            PAGE  23, SERIES bps_permits_addi

  Peak probabilities for Tukey spectrum estimator
  Spectrum estimated from 2018.Jul to 2026.Jun.

                                          S1       S2       S3       S4       S5       S6       TD
                                        ------   ------   ------   ------   ------   ------   ------
  Model Residuals                        0.967*   0.594    0.108    0.625    0.719    0.823    0.499  
  Original Series (Table A1 or B1)       0.962*   0.440    0.726    0.980*   0.383    0.497    0.123  
  Seasonally adjusted series (E2)        0.738    0.445    0.200    0.254    0.041    0.055    0.684  
  Modified Irregular (E3)                0.858    0.388    0.153    0.219    0.026    0.060    0.651  
  ----------
     ** - Peak Probability > 0.99,
      * - 0.90 < Peak Probability < 0.99


