  Reading input spec file from D:\Programming\Dynamic Paper-dlrhcs_replication\outputs\empirical\unemployment\raw_sa_pilot\x13_work\bps_permits_additive_level_12100_200401_202606.spc

1

               U. S. Department of Commerce, U. S. Census Bureau

              X-13ARIMA-SEATS monthly seasonal adjustment Method,
                          Release Version 1.1 Build 62


           This software application provides an enhanced version of
             Statistics Canada's X-11-ARIMA extension (Dagum, 1980)
                 of the X-11 variant of the Census Method II of
                      Shiskin, Young and Musgrave (1967).

            It also provides an ARIMA model-based method following
       Hillmer and Tiao (1982) and Burman (1980) that is very similar
       to the update of the method of SEATS (Gomez and Maravall, 1996)
                produced at the Bank of Spain by G. Caporello and
               A. Maravall for TSW (Caporello and Maravall, 2004).
          The present application includes additional enhancements.

         X-13ARIMA-SEATS includes an automatic ARIMA model selection procedure
          based largely on the procedure of Gomez and Maravall (1998)
            as implemented in TRAMO (1996) and subsequent revisions.

              Primary Programmers: Brian Monsell, Mark Otto and,
                 for the ARIMA model-based signal extraction,
                      Gianluca Caporello and Victor Gomez


     Series Title- bps_permits 12100
     Series Name- bps_permits_addi
     Jul 29, 2026  08.22.43 

        -Period covered-  1st month,2004 to  6th month,2026
        -Type of run - additive seasonal adjustment

        -Sigma limits for graduating extreme values are  1.5 and  2.5 .
        -3x3 moving average used in section 1 of each iteration, 
         3x5 moving average in section 2 of iterations B and C,
         moving average for final seasonal factors chosen by Global MSR.
        -Holiday adjustment factors applied directly to the final seasonally adjusted series
        -Spectral plots generated for selected series
        -Spectral plots generated for series starting in 2018.Jul

 FILE SAVE REQUESTS (* indicates file exists and will be overwritten)
  D:\Programming\Dynamic Paper-dlrhcs_replication\outputs\empirical\unemployment\raw_sa_pilot\x13_work\bps_permits_additive_level_12100_200401_202606.d10  final seasonal factors
  D:\Programming\Dynamic Paper-dlrhcs_replication\outputs\empirical\unemployment\raw_sa_pilot\x13_work\bps_permits_additive_level_12100_200401_202606.d11  final seasonally adjusted data
  D:\Programming\Dynamic Paper-dlrhcs_replication\outputs\empirical\unemployment\raw_sa_pilot\x13_work\bps_permits_additive_level_12100_200401_202606.out  program output file
  D:\Programming\Dynamic Paper-dlrhcs_replication\outputs\empirical\unemployment\raw_sa_pilot\x13_work\bps_permits_additive_level_12100_200401_202606.err  program error file
        bps_permits 12100            PAGE   1, SERIES bps_permits_addi

     Contents of spc file D:\Programming\Dynamic Paper-dlrhcs_replication\outputs\empirical\unemployment\raw_sa_pilot\x13_work\bps_permits_additive_level_12100_200401_202606.spc

 Line #
 ------
      1: series {
      2:   title = "bps_permits 12100"
      3:   start = 2004.1
      4:   period = 12
      5:   data = (
      6: 75
      7: 112
      8: 158
      9: 196
     10: 194
     11: 194
     12: 238
     13: 202
     14: 156
     15: 184
     16: 119
     17: 133
     18: 107
     19: 129
     20: 165
     21: 184
     22: 135
     23: 195
     24: 180
     25: 151
     26: 199
     27: 188
     28: 147
     29: 110
     30: 180
     31: 105
     32: 170
     33: 129
     34: 133
     35: 146
     36: 157
     37: 167
     38: 122
     39: 151
     40: 108
     41: 87
     42: 128
     43: 133
     44: 96
     45: 109
     46: 142
     47: 122
     48: 92
     49: 126
     50: 42
     51: 79
     52: 64
     53: 70
     54: 49
     55: 66
     56: 68
     57: 150
     58: 101
     59: 85
     60: 61
     61: 54
     62: 49
     63: 60
     64: 18
     65: 34
     66: 22
     67: 41
     68: 23
     69: 41
     70: 57
     71: 72
     72: 45
     73: 31
     74: 65
     75: 47
     76: 42
     77: 36
     78: 56
     79: 42
     80: 37
     81: 125
     82: 37
     83: 40
     84: 32
     85: 36
     86: 35
     87: 33
     88: 39
     89: 39
     90: 35
     91: 24
     92: 37
     93: 39
     94: 42
     95: 29
     96: 36
     97: 31
     98: 36
     99: 39
    100: 30
    101: 25
    102: 41
    103: 30
    104: 37
    105: 40
    106: 39
    107: 42
    108: 37
    109: 56
    110: 30
    111: 47
    112: 35
    113: 49
    114: 23
    115: 30
    116: 31
    117: 41
    118: 39
    119: 43
    120: 37
    121: 47
    122: 42
    123: 59
    124: 41
    125: 62
    126: 51
    127: 30
    128: 35
    129: 38
    130: 187
    131: 45
    132: 48
    133: 30
    134: 57
    135: 36
    136: 38
    137: 31
    138: 32
    139: 28
    140: 36
    141: 80
    142: 115
    143: 145
    144: 59
    145: 44
    146: 53
    147: 67
    148: 62
    149: 105
    150: 131
    151: 82
    152: 149
    153: 80
    154: 18
    155: 81
    156: 104
    157: 39
    158: 40
    159: 86
    160: 48
    161: 36
    162: 39
    163: 28
    164: 102
    165: 56
    166: 61
    167: 33
    168: 63
    169: 43
    170: 33
    171: 184
    172: 38
    173: 130
    174: 48
    175: 20
    176: 91
    177: 39
    178: 98
    179: 87
    180: 85
    181: 69
    182: 182
    183: 103
    184: 119
    185: 72
    186: 97
    187: 30
    188: 87
    189: 72
    190: 117
    191: 216
    192: 74
    193: 102
    194: 16
    195: 88
    196: 53
    197: 86
    198: 82
    199: 54
    200: 46
    201: 56
    202: 26
    203: 71
    204: 58
    205: 61
    206: 56
    207: 68
    208: 55
    209: 68
    210: 89
    211: 60
    212: 106
    213: 71
    214: 42
    215: 60
    216: 45
    217: 63
    218: 52
    219: 70
    220: 82
    221: 92
    222: 125
    223: 62
    224: 72
    225: 54
    226: 52
    227: 58
    228: 51
    229: 59
    230: 163
    231: 36
    232: 47
    233: 40
    234: 44
    235: 47
    236: 55
    237: 31
    238: 34
    239: 34
    240: 32
    241: 34
    242: 56
    243: 44
    244: 46
    245: 39
    246: 124
    247: 129
    248: 100
    249: 107
    250: 92
    251: 86
    252: 120
    253: 112
    254: 110
    255: 149
    256: 180
    257: 270
    258: 129
    259: 101
    260: 148
    261: 150
    262: 134
    263: 84
    264: 94
    265: 119
    266: 153
    267: 162
    268: 97
    269: 142
    270: 101
    271: 91
    272: 112
    273: 121
    274: 149
    275: 114
    276:   )
    277: }
    278: transform { function = none }
    279: regression { aictest = (td easter) }
    280: automdl {}
    281: x11 { mode = add save = (d10 d11) }
        bps_permits 12100            PAGE   2, SERIES bps_permits_addi

 A 1  Time series data (for the span analyzed)
  From  2004.Jan to 2026.Jun
  Observations        270
 -----------------------------------------------------------------------------
               Jan      Feb      Mar      Apr      May      Jun 
               Jul      Aug      Sep      Oct      Nov      Dec        TOTAL  
 -----------------------------------------------------------------------------
  2004          75.     112.     158.     196.     194.     194.
               238.     202.     156.     184.     119.     133.         1961.
 
  2005         107.     129.     165.     184.     135.     195.
               180.     151.     199.     188.     147.     110.         1890.
 
  2006         180.     105.     170.     129.     133.     146.
               157.     167.     122.     151.     108.      87.         1655.
 
  2007         128.     133.      96.     109.     142.     122.
                92.     126.      42.      79.      64.      70.         1203.
 
  2008          49.      66.      68.     150.     101.      85.
                61.      54.      49.      60.      18.      34.          795.
 
  2009          22.      41.      23.      41.      57.      72.
                45.      31.      65.      47.      42.      36.          522.
 
  2010          56.      42.      37.     125.      37.      40.
                32.      36.      35.      33.      39.      39.          551.
 
  2011          35.      24.      37.      39.      42.      29.
                36.      31.      36.      39.      30.      25.          403.
 
  2012          41.      30.      37.      40.      39.      42.
                37.      56.      30.      47.      35.      49.          483.
 
  2013          23.      30.      31.      41.      39.      43.
                37.      47.      42.      59.      41.      62.          495.
 
  2014          51.      30.      35.      38.     187.      45.
                48.      30.      57.      36.      38.      31.          626.
 
  2015          32.      28.      36.      80.     115.     145.
                59.      44.      53.      67.      62.     105.          826.
 
  2016         131.      82.     149.      80.      18.      81.
               104.      39.      40.      86.      48.      36.          894.
 
  2017          39.      28.     102.      56.      61.      33.
                63.      43.      33.     184.      38.     130.          810.
 
  2018          48.      20.      91.      39.      98.      87.
                85.      69.     182.     103.     119.      72.         1013.
 
  2019          97.      30.      87.      72.     117.     216.
                74.     102.      16.      88.      53.      86.         1038.
 
  2020          82.      54.      46.      56.      26.      71.
                58.      61.      56.      68.      55.      68.          701.
 
  2021          89.      60.     106.      71.      42.      60.
                45.      63.      52.      70.      82.      92.          832.
 
  2022         125.      62.      72.      54.      52.      58.
                51.      59.     163.      36.      47.      40.          819.
 
  2023          44.      47.      55.      31.      34.      34.
                32.      34.      56.      44.      46.      39.          496.
 
  2024         124.     129.     100.     107.      92.      86.
               120.     112.     110.     149.     180.     270.         1579.
 
  2025         129.     101.     148.     150.     134.      84.
                94.     119.     153.     162.      97.     142.         1513.
 
  2026         101.      91.     112.     121.     149.     114.
                                                                          688.
 
  AVGE          79.      64.      85.      87.      89.      91.
                79.      76.      79.      90.      69.      80.

  Table Total-       21793.   Mean-        81.   Std. Dev.-        50.
                              Min -        16.        Max -       270.
        bps_permits 12100            PAGE   3, SERIES bps_permits_addi
                        Automatic ARIMA Model Selection

                    Procedure based closely on TRAMO method 
                         of Gomez and Maravall (2000)
              "Automatic Modeling Methods for Univariate Series",
                            A Course in Time Series
                  (Edited by D. Pena, G. C. Tiao, R. S. Tsay),
                         New York : J. Wiley and Sons


     Maximum order for regular ARMA parameters :   2
     Maximum order for seasonal ARMA parameters :   1
     Maximum order for regular differencing :   2
     Maximum order for seasonal differencing :   1

   Results of Unit Root Test for identifying orders of differencing:
     Regular difference order :   0
     Seasonal difference order :   0

  Automatic model choice : (1 0 1)


  Final Checks for Identified Model


  Checking for Unit Roots.
   Regular unit root found.
   ( 0, 1, 1) ( 0, 0, 0)
  Constant term removed from model

  Checking for nonseasonal overdifferencing.
   Nonseasonal MA not within  0.001 of 1.0 - model passes test.

  Checking for insignificant ARMA coefficients.

  Final automatic model choice : (0 1 1)
   End of automatic model selection procedure.

 Average absolute percentage error in within-sample forecasts:
  Last year:  19.49      Last-1 year:  31.56     Last-2 year:  38.33
  Last three years:   29.80

 Estimation converged in    2 ARMA iterations,    5 function evaluations.

 ARIMA Model:  (0 1 1)
   Nonseasonal differences: 1
                                              Standard
 Parameter                    Estimate          Errors
 -----------------------------------------------------
 Nonseasonal MA                                    
   Lag  1                       0.7387         0.04014

 Variance                       0.11805E+04
 SE of Var                      0.10179E+03
 -----------------------------------------------------

 Likelihood Statistics
 ------------------------------------------------------------------
 Number of observations (nobs)                                  270
 Effective number of observations (nefobs)                      269
 Number of parameters estimated (np)                              2
 Log likelihood (L)                                      -1333.4990
 AIC                                                      2670.9980 
 AICC (F-corrected-AIC)                                   2671.0432 
 Hannan Quinn                                             2673.8853 
 BIC                                                      2678.1875 
 ------------------------------------------------------------------

 QS Statistic for regARIMA Model Residuals (full series):             1.41
                                                       (P-Value =     0.4932)

 QS Statistic for regARIMA Model Residuals (starting 2018.Jul):       0.00
                                                       (P-Value =     1.0000)


  At least one visually significant residual seasonal peaks has been
  found in the spectral plot of the following series starting in 2018.Jul:

          regARIMA model residuals (1 Seasonal peak(s))

      10*LOG(SPECTRUM) of the regARIMA model residuals
      Spectrum estimated from 2018.Jul to 2026.Jun.
 ++++++++++I+++++++++++++++++++++++++++++++++++++++++++++++++++++++++++++I
      35.97I             *                                               I     35.97
           I             **                                              I
           I             **            *                                 I
           I             **            *                                 I
      35.03I             **            *                                 I     35.03
           I             **            *                                 I
           I   *         **            *                                 I
           I   **       ***            *                     *           I
      34.08I   **       ***   *    *   *                     *           I     34.08
           I   **       ***   *    *   *                     *           I
           I   **       ***   *    *   *                     *       *   I
           I   **      *****  *    *   *                     *       *   I
      33.13I   **      *****  *    *   *                     *       *   I     33.13
           I   **      *****  *    *   *            S        *       *   I
           I   **      ***** **    *   *            S        *   *   *   I
           I   **      ***** **    *   *            S        *   *  **   I
      32.18I   **      ***** **    **  *            S        *   *  **   I     32.18
           I   **      ********    **  **           S        *   *  **   I
           I   **     S********    ** ***           S   *    *S  *  **   I
           I   **     S*********   ** ***           S   *    *S  ** **   I
      31.23I   **     S*********   ** ***       *   S   *    *S  ** **   I     31.23
           I   **     S*********   ** ***       *   S   *    *S  *****   I
           I   **     S*********   ** ***       *   S   **   *S T******  I
           I   **     S*********   ** ***       *   S   **   *S T******  I
      30.28I   **     S*********   ** ***       *   S   **   *S T******  I     30.28
           I   **     S*********  *******       *   S*  **   *S T******  I
           I   **     S*********  ******* S     *   S*  **   *S*T******  I
           I  ***     S*********  ******* S     *   S*  **   *S*T******  I
      29.34I  ***     S*********  ********S*    *   S*  **  **S*T******  I     29.34
           I  ***    *S*********  ********S*    *   S*  **  **S*T******  I
           I  ***    *S*********  ********S*    *   S*  **  **S*T******  I
           I  ****   *S*********  ********S*    *   S*  **  **S*T******  I
      28.39I  ****   *S*********S ********S*    *   S*  **  **S*T******* I     28.39
           I  ****   *S*********S ********S*    *   S*  **  **S*T******* I
           I  ****   *S*********S*********S*   **   S*  **  **S*T******* I
           I  ****   *S*********S*********S*   **  *S*  **  **S*T*******SI
      27.44I *****   *S*********S*********S*   **  *S*  **  **S*T*******SI     27.44
           I *****   *S*********S*********S*   **  *S*  **  **S*T*******SI
           I******   *S*********S*********S*   **  *S*  **  **S*T*******SI
           I******   *S*********S*********S*   *** *S*  *** **S*T*******SI
      26.49I******  **S*********S*********S*   *** *S* **** **S*T*******SI     26.49
           I******  **S*********S*********S*   *** *S*T*******S*T*******SI
           I******  **S*********S*********S*   *** *S*T*******S*T*******SI
           I******* **S*********S*********S**  *** *S*T*******S*T*******SI
      25.54I******* **S*********S*********S**  *** *S*T*******S*T*******SI     25.54
           I**********S*********S*********S**  *****S*T*******S*T*******SI
           I**********S*********S*********S**  *****S*T*******S*T*******SI
           I**********S*********S*********S**  *****S*T*******S*T*******SI
      24.59I**********S*********S*********S**  *****S*T*******S*T*******SI     24.59
           I**********S*********S*********S**  *****S*T*******S*T*******SI
           I**********S*********S*********S** ******S*T*******S*T*******SI
           I**********S*********S*********S** ******S*T*******S*T*******SI
      23.65I**********S*********S*********S*********S*T*******S*T*******SI     23.65
 ++++++++++I+++++++++++++++++++++++++++++++++++++++++++++++++++++++++++++I
            S=SEASONAL FREQUENCIES, T=TRADING DAY FREQUENCIES


 FORECASTING
  Origin  2026.Jun
  Number        12

  Forecasts and Standard Errors
   ------------------------------
                         Standard
       Date   Forecast      Error
   ------------------------------
   2026.Jul     121.67     34.358
   2026.Aug     121.67     35.512
   2026.Sep     121.67     36.630
   2026.Oct     121.67     37.714
   2026.Nov     121.67     38.768
   2026.Dec     121.67     39.794
   2027.Jan     121.67     40.795
   2027.Feb     121.67     41.771
   2027.Mar     121.67     42.725
   2027.Apr     121.67     43.659
   2027.May     121.67     44.573
   2027.Jun     121.67     45.468
   ------------------------------

  Confidence intervals with coverage probability ( 0.95000
   ---------------------------------------
       Date      Lower  Forecast     Upper
   ---------------------------------------
   2026.Jul      54.33    121.67    189.01
   2026.Aug      52.07    121.67    191.27
   2026.Sep      49.88    121.67    193.47
   2026.Oct      47.75    121.67    195.59
   2026.Nov      45.69    121.67    197.66
   2026.Dec      43.68    121.67    199.67
   2027.Jan      41.72    121.67    201.63
   2027.Feb      39.80    121.67    203.54
   2027.Mar      37.93    121.67    205.41
   2027.Apr      36.10    121.67    207.24
   2027.May      34.31    121.67    209.03
   2027.Jun      32.56    121.67    210.79
   ---------------------------------------
        bps_permits 12100            PAGE   4, SERIES bps_permits_addi

 B 1  Original series (prior adjusted)
  From  2004.Jan to 2026.Jun
  Observations        270
 -----------------------------------------------------------------------------
               Jan      Feb      Mar      Apr      May      Jun 
               Jul      Aug      Sep      Oct      Nov      Dec        TOTAL  
 -----------------------------------------------------------------------------
  2004          75.     112.     158.     196.     194.     194.
               238.     202.     156.     184.     119.     133.         1961.
 
  2005         107.     129.     165.     184.     135.     195.
               180.     151.     199.     188.     147.     110.         1890.
 
  2006         180.     105.     170.     129.     133.     146.
               157.     167.     122.     151.     108.      87.         1655.
 
  2007         128.     133.      96.     109.     142.     122.
                92.     126.      42.      79.      64.      70.         1203.
 
  2008          49.      66.      68.     150.     101.      85.
                61.      54.      49.      60.      18.      34.          795.
 
  2009          22.      41.      23.      41.      57.      72.
                45.      31.      65.      47.      42.      36.          522.
 
  2010          56.      42.      37.     125.      37.      40.
                32.      36.      35.      33.      39.      39.          551.
 
  2011          35.      24.      37.      39.      42.      29.
                36.      31.      36.      39.      30.      25.          403.
 
  2012          41.      30.      37.      40.      39.      42.
                37.      56.      30.      47.      35.      49.          483.
 
  2013          23.      30.      31.      41.      39.      43.
                37.      47.      42.      59.      41.      62.          495.
 
  2014          51.      30.      35.      38.     187.      45.
                48.      30.      57.      36.      38.      31.          626.
 
  2015          32.      28.      36.      80.     115.     145.
                59.      44.      53.      67.      62.     105.          826.
 
  2016         131.      82.     149.      80.      18.      81.
               104.      39.      40.      86.      48.      36.          894.
 
  2017          39.      28.     102.      56.      61.      33.
                63.      43.      33.     184.      38.     130.          810.
 
  2018          48.      20.      91.      39.      98.      87.
                85.      69.     182.     103.     119.      72.         1013.
 
  2019          97.      30.      87.      72.     117.     216.
                74.     102.      16.      88.      53.      86.         1038.
 
  2020          82.      54.      46.      56.      26.      71.
                58.      61.      56.      68.      55.      68.          701.
 
  2021          89.      60.     106.      71.      42.      60.
                45.      63.      52.      70.      82.      92.          832.
 
  2022         125.      62.      72.      54.      52.      58.
                51.      59.     163.      36.      47.      40.          819.
 
  2023          44.      47.      55.      31.      34.      34.
                32.      34.      56.      44.      46.      39.          496.
 
  2024         124.     129.     100.     107.      92.      86.
               120.     112.     110.     149.     180.     270.         1579.
 
  2025         129.     101.     148.     150.     134.      84.
                94.     119.     153.     162.      97.     142.         1513.
 
  2026         101.      91.     112.     121.     149.     114.
                                                                          688.
 
  AVGE          79.      64.      85.      87.      89.      91.
                79.      76.      79.      90.      69.      80.

  Table Total-       21793.   Mean-        81.   Std. Dev.-        50.
                              Min -        16.        Max -       270.

 B 1.A  Forecasts of (prior adjusted) original series
  From  2026.Jul to 2027.Jun
  Observations         12
 -----------------------------------------------------------------------------
               Jan      Feb      Mar      Apr      May      Jun 
               Jul      Aug      Sep      Oct      Nov      Dec        TOTAL  
 -----------------------------------------------------------------------------
  2026                                                          
               122.     122.     122.     122.     122.     122.          730.
 
  2027         122.     122.     122.     122.     122.     122.
                                                                          730.
 
        bps_permits 12100            PAGE   5, SERIES bps_permits_addi

 C 17  Final weights for irregular component
  From  2004.Jan to 2026.Jun
  Observations        270
  Lower sigma limit    1.50
  Upper sigma limit    2.50
 -----------------------------------------------------------------------------
               Jan      Feb      Mar      Apr      May      Jun 
               Jul      Aug      Sep      Oct      Nov      Dec         S.D.  
 -----------------------------------------------------------------------------
  2004          52.     100.     100.     100.     100.     100.
                52.     100.     100.     100.     100.     100.         1732.
 
  2005         100.     100.     100.     100.      35.     100.
               100.      60.       0.     100.     100.     100.         1732.
 
  2006           0.     100.      83.     100.     100.     100.
               100.     100.     100.     100.     100.     100.         1732.
 
  2007         100.     100.     100.     100.     100.     100.
               100.     100.      21.     100.     100.     100.         1615.
 
  2008         100.     100.     100.       0.     100.     100.
               100.     100.     100.     100.     100.     100.         1339.
 
  2009         100.     100.     100.     100.     100.     100.
               100.      57.      97.     100.     100.     100.         1145.
 
  2010         100.     100.     100.       0.       0.     100.
               100.     100.     100.     100.     100.     100.          876.
 
  2011         100.     100.     100.     100.     100.     100.
               100.     100.     100.     100.     100.     100.          875.
 
  2012         100.     100.     100.     100.      75.     100.
               100.      50.     100.     100.     100.     100.          913.
 
  2013         100.     100.     100.     100.     100.     100.
               100.     100.     100.     100.     100.     100.         1517.
 
  2014         100.     100.     100.     100.       0.     100.
               100.     100.     100.     100.     100.     100.         1799.
 
  2015         100.     100.     100.     100.      99.       0.
               100.     100.     100.     100.     100.     100.         2080.
 
  2016          77.     100.      62.     100.       0.     100.
                96.     100.     100.     100.     100.     100.         2208.
 
  2017         100.     100.     100.     100.     100.     100.
               100.     100.     100.       0.     100.      15.         2384.
 
  2018         100.     100.     100.     100.     100.     100.
               100.     100.       0.     100.     100.     100.         2077.
 
  2019         100.      90.     100.     100.     100.       0.
               100.     100.       0.     100.     100.     100.         1902.
 
  2020         100.     100.      93.     100.      91.     100.
               100.     100.     100.     100.     100.     100.         1672.
 
  2021         100.     100.      81.     100.     100.     100.
               100.     100.     100.     100.     100.     100.         1632.
 
  2022          45.     100.     100.     100.     100.     100.
               100.     100.       0.     100.     100.     100.         1621.
 
  2023         100.     100.     100.     100.     100.     100.
               100.     100.     100.     100.     100.      28.         1882.
 
  2024          82.      32.     100.     100.     100.     100.
               100.     100.      27.     100.      95.       0.         1904.
 
  2025          65.       0.     100.     100.     100.     100.
               100.     100.     100.      33.     100.     100.         1829.
 
  2026         100.     100.     100.     100.     100.     100.
                                                                         1829.
 
        bps_permits 12100            PAGE   6, SERIES bps_permits_addi

 D 8  Final unmodified SI ratios
  From  2004.Jan to 2026.Jun
  Observations        270
 -----------------------------------------------------------------------------
               Jan      Feb      Mar      Apr      May      Jun 
               Jul      Aug      Sep      Oct      Nov      Dec         AVGE  
 -----------------------------------------------------------------------------
  2004         -77.     -46.      -4.      30.      25.      23.
                67.      32.     -12.      19.     -43.     -26.           -1.
 
  2005         -50.     -27.       9.      27.     -23.      36.
                20.      -8.      41.      32.      -5.     -39.            1.
 
  2006          35.     -37.      32.      -7.      -1.      13.
                24.      34.     -11.      18.     -24.     -43.            3.
 
  2007           1.      10.     -23.      -4.      34.      20.
                -5.      34.     -45.      -5.     -17.      -8.           -1.
 
  2008         -27.      -8.      -4.      80.      34.      21.
                 1.      -2.      -3.      12.     -26.      -7.            6.
 
  2009         -17.       2.     -16.       1.      15.      28.
                -1.     -17.      15.      -4.      -9.     -15.           -1.
 
  2010           7.      -6.      -8.      82.      -4.       0.
                -6.      -1.      -2.      -4.       3.       3.            5.
 
  2011          -1.     -12.       2.       4.       8.      -5.
                 3.      -2.       3.       5.      -4.     -10.           -1.
 
  2012           5.      -7.      -0.       2.       0.       3.
                -2.      17.      -9.       8.      -3.      12.            2.
 
  2013         -14.      -6.      -5.       4.       1.       3.
                -5.       3.      -4.      12.      -7.      14.           -0.
 
  2014           3.     -17.     -11.      -7.     143.       2.
                 6.     -12.      16.      -5.      -4.     -12.            8.
 
  2015         -13.     -19.     -14.      27.      59.      84.
                -7.     -27.     -23.     -14.     -24.      15.            4.
 
  2016          38.     -13.      53.     -14.     -72.      -3.
                26.     -33.     -26.      25.      -9.     -18.           -4.
 
  2017         -13.     -22.      52.       6.      11.     -18.
                12.      -9.     -20.     130.     -17.      74.           16.
 
  2018         -10.     -41.      27.     -29.      26.      11.
                 6.     -13.      98.      18.      33.     -14.            9.
 
  2019          11.     -56.       1.     -14.      31.     130.
               -11.      18.     -65.      10.     -21.      17.            4.
 
  2020          17.      -7.     -13.      -1.     -30.      15.
                 1.       2.      -5.       5.     -10.       1.           -2.
 
  2021          21.      -8.      39.       4.     -24.      -6.
               -22.      -5.     -16.       1.      12.      21.            1.
 
  2022          54.      -9.       2.     -14.     -13.      -4.
                -7.       4.     112.     -11.       3.      -1.           10.
 
  2023           5.       9.      18.      -6.      -4.      -6.
               -11.     -12.       6.     -12.     -16.     -30.           -5.
 
  2024          47.      44.       7.       6.     -18.     -32.
                -5.     -20.     -28.       6.      34.     122.           14.
 
  2025         -18.     -44.       6.      12.       0.     -45.
               -31.      -2.      35.      47.     -17.      29.           -2.
 
  2026         -13.     -25.      -6.       1.      27.      -9.
                                                                           -4.
 
  AVGE          -0.     -15.       6.       8.      10.      11.
                 2.      -1.       3.      13.      -8.       4.

  Table Total-         766.   Mean-         3.   Std. Dev.-        30.
                              Min -       -77.        Max -       143.
        bps_permits 12100            PAGE   7, SERIES bps_permits_addi

 D 8.B  Final unmodified SI ratios, with labels for outliers and extreme values
  From  2004.Jan to 2026.Jun
  Observations        270
 ---------------------------------------------------------------------
               Jan       Feb       Mar       Apr       May       Jun  
               Jul       Aug       Sep       Oct       Nov       Dec  
 ---------------------------------------------------------------------
  2004        -77.*     -46.       -4.       30.       25.       23.  
               67.*      32.      -12.       19.      -43.      -26.  
 
  2005        -50.      -27.        9.       27.      -23.*      36.  
               20.       -8.*      41.*      32.       -5.      -39.  
 
  2006         35.*     -37.       32.*      -7.       -1.       13.  
               24.       34.      -11.       18.      -24.      -43.  
 
  2007          1.       10.      -23.       -4.       34.       20.  
               -5.       34.      -45.*      -5.      -17.       -8.  
 
  2008        -27.       -8.       -4.       80.*      34.       21.  
                1.       -2.       -3.       12.      -26.       -7.  
 
  2009        -17.        2.      -16.        1.       15.       28.  
               -1.      -17.*      15.*      -4.       -9.      -15.  
 
  2010          7.       -6.       -8.       82.*      -4.*       0.  
               -6.       -1.       -2.       -4.        3.        3.  
 
  2011         -1.      -12.        2.        4.        8.       -5.  
                3.       -2.        3.        5.       -4.      -10.  
 
  2012          5.       -7.       -0.        2.        0.*       3.  
               -2.       17.*      -9.        8.       -3.       12.  
 
  2013        -14.       -6.       -5.        4.        1.        3.  
               -5.        3.       -4.       12.       -7.       14.  
 
  2014          3.      -17.      -11.       -7.      143.*       2.  
                6.      -12.       16.       -5.       -4.      -12.  
 
  2015        -13.      -19.      -14.       27.       59.*      84.* 
               -7.      -27.      -23.      -14.      -24.       15.  
 
  2016         38.*     -13.       53.*     -14.      -72.*      -3.  
               26.*     -33.      -26.       25.       -9.      -18.  
 
  2017        -13.      -22.       52.        6.       11.      -18.  
               12.       -9.      -20.      130.*     -17.       74.* 
 
  2018        -10.      -41.       27.      -29.       26.       11.  
                6.      -13.       98.*      18.       33.      -14.  
 
  2019         11.      -56.*       1.      -14.       31.      130.* 
              -11.       18.      -65.*      10.      -21.       17.  
 
  2020         17.       -7.      -13.*      -1.      -30.*      15.  
                1.        2.       -5.        5.      -10.        1.  
 
  2021         21.       -8.       39.*       4.      -24.       -6.  
              -22.       -5.      -16.        1.       12.       21.  
 
  2022         54.*      -9.        2.      -14.      -13.       -4.  
               -7.        4.      112.*     -11.        3.       -1.  
 
  2023          5.        9.       18.       -6.       -4.       -6.  
              -11.      -12.        6.      -12.      -16.      -30.* 
 
  2024         47.*      44.*       7.        6.      -18.      -32.  
               -5.      -20.      -28.*       6.       34.*     122.* 
 
  2025        -18.*     -44.*       6.       12.        0.      -45.  
              -31.       -2.       35.       47.*     -17.       29.  
 
  2026        -13.      -25.       -6.        1.       27.       -9.  
                                                                      
 

  Key to symbols:
    *  : extreme value as determined by X-11 extreme value procedure
 
        bps_permits 12100            PAGE   8, SERIES bps_permits_addi

 D 9  Final replacement values for SI ratios
  From  2004.Jan to 2026.Jun
  Observations        270
 ---------------------------------------------------------------
               Jan      Feb      Mar      Apr      May      Jun 
               Jul      Aug      Sep      Oct      Nov      Dec 
 ---------------------------------------------------------------
  2004         -61. ******** ******** ******** ******** ********
                51. ******** ******** ******** ******** ********
 
  2005     ******** ******** ******** ********       1. ********
           ********       5.      -6. ******** ******** ********
 
  2006         -24. ********      27. ******** ******** ********
           ******** ******** ******** ******** ******** ********
 
  2007     ******** ******** ******** ******** ******** ********
           ******** ********     -16. ******** ******** ********
 
  2008     ******** ******** ********       8. ******** ********
           ******** ******** ******** ******** ******** ********
 
  2009     ******** ******** ******** ******** ******** ********
           ********      -8.      15. ******** ******** ********
 
  2010     ******** ******** ********       9.      19. ********
           ******** ******** ******** ******** ******** ********
 
  2011     ******** ******** ******** ******** ******** ********
           ******** ******** ******** ******** ******** ********
 
  2012     ******** ******** ******** ********       4. ********
           ********       7. ******** ******** ******** ********
 
  2013     ******** ******** ******** ******** ******** ********
           ******** ******** ******** ******** ******** ********
 
  2014     ******** ******** ******** ********      28. ********
           ******** ******** ******** ******** ******** ********
 
  2015     ******** ******** ******** ********      58.       9.
           ******** ******** ******** ******** ******** ********
 
  2016          29. ********      38. ********      20. ********
                25. ******** ******** ******** ******** ********
 
  2017     ******** ******** ******** ******** ******** ********
           ******** ******** ********      26. ********      26.
 
  2018     ******** ******** ******** ******** ******** ********
           ******** ********     -15. ******** ******** ********
 
  2019     ********     -53. ******** ******** ********       9.
           ******** ********     -10. ******** ******** ********
 
  2020     ******** ********     -11. ********     -28. ********
           ******** ******** ******** ******** ******** ********
 
  2021     ******** ********      34. ******** ******** ********
           ******** ******** ******** ******** ******** ********
 
  2022          35. ******** ******** ******** ******** ********
           ******** ********       9. ******** ******** ********
 
  2023     ******** ******** ******** ******** ******** ********
           ******** ******** ******** ******** ********       0.
 
  2024          42.      16. ******** ******** ******** ********
           ******** ********       3. ********      32.      18.
 
  2025          -7.       6. ******** ******** ******** ********
           ******** ******** ********      21. ******** ********
 
  2026     ******** ******** ******** ******** ******** ********
                                                                
 

 D 9.A  Moving seasonality ratio
 ---------------------------------------------------------------
               Jan      Feb      Mar      Apr      May      Jun 
 ---------------------------------------------------------------
   I         19.186   14.161   19.397   14.627   17.939   12.580
   S          3.934    3.471    3.228    2.286    3.171    2.854
 RATIO        4.877    4.079    6.009    6.397    5.657    4.408



 ---------------------------------------------------------------
               Jul      Aug      Sep      Oct      Nov      Dec 
 ---------------------------------------------------------------
   I         13.009   13.686   11.332   10.995   20.203   20.101
   S          3.048    2.916    3.138    2.113    2.765    3.044
 RATIO        4.268    4.693    3.611    5.204    7.307    6.604



        bps_permits 12100            PAGE   9, SERIES bps_permits_addi

 D 10  Final seasonal factors
  From  2004.Jan to 2026.Jun
  Observations        270
  Seasonal filter    3 x 5 moving average
 -----------------------------------------------------------------------------
               Jan      Feb      Mar      Apr      May      Jun 
               Jul      Aug      Sep      Oct      Nov      Dec         AVGE  
 -----------------------------------------------------------------------------
  2004         -38.     -29.       6.      14.      13.      24.
                27.      26.     -10.      19.     -23.     -32.           -0.
 
  2005         -35.     -26.       4.      13.      16.      24.
                23.      24.     -11.      17.     -23.     -29.           -0.
 
  2006         -30.     -19.       1.      10.      17.      24.
                16.      19.      -9.      14.     -21.     -26.           -0.
 
  2007         -23.     -13.      -1.       6.      19.      21.
                10.      14.      -7.       9.     -19.     -21.           -0.
 
  2008         -15.      -7.      -5.       4.      20.      18.
                 3.       9.      -3.       5.     -14.     -15.           -0.
 
  2009          -9.      -5.      -6.       4.      20.      13.
                -0.       4.      -2.       2.     -11.      -8.            0.
 
  2010          -6.      -4.      -6.       5.      16.      10.
                -2.       1.      -0.       2.      -8.      -3.            0.
 
  2011          -3.      -7.      -5.       4.      13.       5.
                -2.      -1.       1.       3.      -5.      -1.            0.
 
  2012          -3.      -9.      -5.       4.      14.       3.
                -1.      -2.      -1.       3.      -5.       2.           -0.
 
  2013          -1.     -12.      -3.       4.      18.       2.
                 1.      -6.      -4.       3.      -7.       2.           -0.
 
  2014          -1.     -14.       3.       4.      22.       1.
                 3.     -11.      -8.       5.     -10.       3.           -0.
 
  2015          -0.     -17.      11.       1.      25.       0.
                 6.     -15.     -11.       8.      -9.       2.            0.
 
  2016          -1.     -23.      17.      -1.      27.       0.
                 6.     -16.     -15.      10.      -8.       3.            0.
 
  2017           2.     -26.      20.      -6.      23.       1.
                 6.     -13.     -16.      13.      -5.       3.            0.
 
  2018           5.     -27.      21.      -7.      15.       2.
                 2.      -8.     -16.      14.      -4.       6.            0.
 
  2019          10.     -25.      18.      -9.       5.       3.
                -1.      -3.     -12.      11.      -1.       6.            0.
 
  2020          13.     -21.      13.      -8.      -2.       3.
                -7.       0.      -9.       4.      -2.       8.           -0.
 
  2021          19.     -12.      10.      -6.      -9.       0.
                -8.      -1.      -4.      -0.      -0.       7.           -0.
 
  2022          21.      -3.      11.      -3.     -12.      -8.
               -11.      -4.       1.      -1.      -0.      10.            0.
 
  2023          19.       1.      10.      -1.     -10.     -15.
               -12.      -6.       6.       0.       3.      10.            0.
 
  2024          13.       2.       8.       1.      -4.     -19.
               -13.      -7.      10.       2.       1.      12.            0.
 
  2025           8.       0.       4.       2.       0.     -21.
               -12.      -8.      11.       4.       2.      12.            0.
 
  2026           4.      -1.       3.       4.       3.     -21.
                                                                           -1.
 
  AVGE          -2.     -13.       6.       2.      11.       3.
                 1.      -0.      -5.       7.      -8.      -2.

  Table Total-         -10.   Mean-        -0.   Std. Dev.-        12.
                              Min -       -38.        Max -        27.

 D 10.A  Final seasonal component forecasts
  From  2026.Jul to 2027.Jun
  Observations         12
 -----------------------------------------------------------------------------
               Jan      Feb      Mar      Apr      May      Jun 
               Jul      Aug      Sep      Oct      Nov      Dec         AVGE  
 -----------------------------------------------------------------------------
  2026                                                          
               -13.      -9.      11.       6.       2.      14.            2.
 
  2027           1.      -2.       1.       4.       5.     -21.
                                                                           -2.
 
        bps_permits 12100            PAGE  10, SERIES bps_permits_addi

 D 11  Final seasonally adjusted data
  From  2004.Jan to 2026.Jun
  Observations        270
 -----------------------------------------------------------------------------
               Jan      Feb      Mar      Apr      May      Jun 
               Jul      Aug      Sep      Oct      Nov      Dec        TOTAL  
 -----------------------------------------------------------------------------
  2004         113.     141.     152.     182.     181.     170.
               211.     176.     166.     165.     142.     165.         1964.
 
  2005         142.     155.     161.     171.     119.     171.
               157.     127.     210.     171.     170.     139.         1893.
 
  2006         210.     124.     169.     119.     116.     122.
               141.     148.     131.     137.     129.     113.         1658.
 
  2007         151.     146.      97.     103.     123.     101.
                82.     112.      49.      70.      83.      91.         1206.
 
  2008          64.      73.      73.     146.      81.      67.
                58.      45.      52.      55.      32.      49.          795.
 
  2009          31.      46.      29.      37.      37.      59.
                45.      27.      67.      45.      53.      44.          520.
 
  2010          62.      46.      43.     120.      21.      30.
                34.      35.      35.      31.      47.      42.          548.
 
  2011          38.      31.      42.      35.      29.      24.
                38.      32.      35.      36.      35.      26.          400.
 
  2012          44.      39.      42.      36.      25.      39.
                38.      58.      31.      44.      40.      47.          484.
 
  2013          24.      42.      34.      37.      21.      41.
                36.      53.      46.      56.      48.      60.          498.
 
  2014          52.      44.      32.      34.     165.      44.
                45.      41.      65.      31.      48.      28.          629.
 
  2015          32.      45.      25.      79.      90.     145.
                53.      59.      64.      59.      71.     103.          826.
 
  2016         132.     105.     132.      81.      -9.      81.
                98.      55.      55.      76.      56.      33.          892.
 
  2017          37.      54.      82.      62.      38.      32.
                57.      56.      49.     171.      43.     127.          808.
 
  2018          43.      47.      70.      46.      83.      85.
                83.      77.     198.      89.     123.      66.         1010.
 
  2019          87.      55.      69.      81.     112.     213.
                75.     105.      28.      77.      54.      80.         1038.
 
  2020          69.      75.      33.      64.      28.      68.
                65.      61.      65.      64.      57.      60.          706.
 
  2021          70.      72.      96.      77.      51.      60.
                53.      64.      56.      70.      82.      85.          837.
 
  2022         104.      65.      61.      57.      64.      66.
                62.      63.     162.      37.      47.      30.          818.
 
  2023          25.      46.      45.      32.      44.      49.
                44.      40.      50.      44.      43.      29.          492.
 
  2024         111.     127.      92.     106.      96.     105.
               133.     119.     100.     147.     179.     258.         1575.
 
  2025         121.     101.     144.     148.     134.     105.
               106.     127.     142.     158.      95.     130.         1510.
 
  2026          97.      92.     109.     117.     146.     135.
                                                                          697.
 
  AVGE          81.      77.      80.      86.      78.      87.
                78.      76.      84.      83.      76.      82.

  Table Total-       21803.   Mean-        81.   Std. Dev.-        48.
                              Min -        -9.        Max -       258.
        bps_permits 12100            PAGE  11, SERIES bps_permits_addi

 D 12  Final trend cycle
  From  2004.Jan to 2026.Jun
  Observations        270
  Trend filter    23-term Henderson moving average
  I/C ratio        4.19
 -----------------------------------------------------------------------------
               Jan      Feb      Mar      Apr      May      Jun 
               Jul      Aug      Sep      Oct      Nov      Dec        TOTAL  
 -----------------------------------------------------------------------------
  2004         154.     159.     163.     166.     169.     171.
               172.     171.     169.     166.     162.     159.         1979.
 
  2005         157.     156.     156.     156.     158.     159.
               160.     160.     158.     156.     153.     149.         1877.
 
  2006         146.     142.     138.     135.     133.     132.
               132.     133.     133.     133.     133.     131.         1621.
 
  2007         128.     124.     119.     114.     108.     102.
                97.      91.      87.      83.      80.      78.         1211.
 
  2008          76.      75.      72.      70.      67.      64.
                60.      56.      51.      47.      44.      41.          723.
 
  2009          39.      39.      39.      40.      42.      44.
                46.      48.      50.      51.      51.      51.          540.
 
  2010          50.      48.      45.      43.      41.      39.
                38.      37.      37.      37.      37.      37.          488.
 
  2011          37.      36.      35.      34.      34.      33.
                33.      33.      33.      34.      35.      35.          412.
 
  2012          36.      37.      37.      38.      38.      39.
                39.      40.      40.      39.      38.      37.          458.
 
  2013          36.      36.      35.      36.      37.      39.
                42.      44.      47.      48.      49.      49.          499.
 
  2014          48.      47.      46.      45.      44.      43.
                42.      41.      41.      41.      42.      43.          523.
 
  2015          45.      48.      50.      53.      57.      61.
                65.      70.      75.      80.      86.      90.          780.
 
  2016          94.      96.      97.      95.      91.      85.
                78.      71.      64.      60.      56.      53.          940.
 
  2017          52.      51.      50.      50.      51.      52.
                52.      52.      53.      53.      54.      55.          626.
 
  2018          58.      60.      64.      68.      72.      77.
                80.      83.      85.      86.      86.      85.          903.
 
  2019          85.      85.      85.      85.      86.      86.
                86.      85.      82.      79.      74.      69.          988.
 
  2020          65.      61.      58.      57.      56.      56.
                57.      59.      61.      64.      66.      68.          726.
 
  2021          68.      68.      67.      66.      66.      66.
                66.      67.      68.      69.      70.      71.          813.
 
  2022          72.      72.      71.      68.      65.      62.
                58.      54.      50.      47.      44.      41.          703.
 
  2023          40.      38.      38.      38.      38.      40.
                42.      46.      50.      55.      62.      69.          555.
 
  2024          77.      85.      93.     101.     110.     117.
               125.     132.     138.     143.     146.     148.         1415.
 
  2025         148.     146.     142.     138.     134.     129.
               125.     121.     118.     115.     114.     113.         1542.
 
  2026         114.     116.     118.     120.     122.     123.
                                                                          712.
 
  AVGE          79.      79.      79.      79.      79.      79.
                77.      77.      77.      77.      76.      76.

  Table Total-       21035.   Mean-        78.   Std. Dev.-        40.
                              Min -        33.        Max -       172.
        bps_permits 12100            PAGE  12, SERIES bps_permits_addi

 D 13  Final irregular component
  From  2004.Jan to 2026.Jun
  Observations        270
 -----------------------------------------------------------------------------
               Jan      Feb      Mar      Apr      May      Jun 
               Jul      Aug      Sep      Oct      Nov      Dec         S.D.  
 -----------------------------------------------------------------------------
  2004         -41.     -18.     -11.      16.      12.      -1.
                40.       6.      -2.      -1.     -21.       5.           20.
 
  2005         -15.      -1.       5.      15.     -38.      13.
                -3.     -32.      51.      15.      17.     -10.           23.
 
  2006          64.     -18.      31.     -16.     -18.     -10.
                 9.      15.      -2.       4.      -4.     -18.           24.
 
  2007          23.      22.     -22.     -11.      15.      -1.
               -14.      20.     -38.     -14.       2.      13.           19.
 
  2008         -13.      -2.       0.      76.      13.       3.
                -2.     -11.       1.       8.     -11.       8.           23.
 
  2009          -8.       7.     -10.      -3.      -5.      15.
                -1.     -22.      17.      -6.       2.      -6.           10.
 
  2010          12.      -1.      -2.      77.     -20.      -9.
                -4.      -2.      -2.      -6.      10.       6.           24.
 
  2011           2.      -5.       6.       0.      -4.      -9.
                 5.      -1.       2.       2.       1.     -10.            5.
 
  2012           8.       2.       5.      -2.     -13.      -0.
                -1.      19.      -9.       5.       2.      10.            8.
 
  2013         -13.       6.      -1.       1.     -16.       1.
                -6.       9.      -1.       8.      -1.      11.            8.
 
  2014           5.      -3.     -14.     -11.     121.       0.
                 3.      -0.      24.     -10.       7.     -15.           36.
 
  2015         -13.      -3.     -25.      26.      34.      84.
               -12.     -11.     -11.     -21.     -15.      13.           30.
 
  2016          38.       8.      35.     -14.    -100.      -4.
                20.     -16.     -10.      16.      -0.     -21.           35.
 
  2017         -15.       4.      31.      12.     -13.     -20.
                 5.       4.      -4.     118.     -11.      72.           42.
 
  2018         -14.     -13.       6.     -22.      11.       8.
                 2.      -7.     113.       4.      37.     -20.           36.
 
  2019           3.     -29.     -15.      -4.      27.     126.
               -11.      20.     -54.      -2.     -21.      11.           43.
 
  2020           4.      14.     -26.       7.     -28.      12.
                 8.       2.       4.       0.      -9.      -7.           13.
 
  2021           2.       4.      29.      11.     -15.      -6.
               -13.      -3.     -12.       1.      12.      14.           13.
 
  2022          32.      -7.     -10.     -12.      -1.       4.
                 4.       9.     112.     -10.       3.     -11.           34.
 
  2023         -14.       7.       8.      -6.       6.       9.
                 2.      -5.       0.     -12.     -19.     -40.           15.
 
  2024          34.      42.      -1.       5.     -13.     -12.
                 8.     -12.     -38.       4.      32.     110.           39.
 
  2025         -27.     -45.       2.      10.       0.     -25.
               -19.       6.      24.      43.     -18.      16.           24.
 
  2026         -17.     -24.      -8.      -2.      25.      12.
                                                                           17.
 
  S.D.          23.      18.      17.      25.      37.      33.
                12.      13.      40.      28.      15.      32.

  Table Total-         768.   Mean-         3.   Std. Dev.-        26.
                              Min -      -100.        Max -       126.
        bps_permits 12100            PAGE  13, SERIES bps_permits_addi

 D 16  Combined adjustment factors
  From  2004.Jan to 2026.Jun
  Observations        270
 -----------------------------------------------------------------------------
               Jan      Feb      Mar      Apr      May      Jun 
               Jul      Aug      Sep      Oct      Nov      Dec         AVGE  
 -----------------------------------------------------------------------------
  2004         -38.     -29.       6.      14.      13.      24.
                27.      26.     -10.      19.     -23.     -32.           -0.
 
  2005         -35.     -26.       4.      13.      16.      24.
                23.      24.     -11.      17.     -23.     -29.           -0.
 
  2006         -30.     -19.       1.      10.      17.      24.
                16.      19.      -9.      14.     -21.     -26.           -0.
 
  2007         -23.     -13.      -1.       6.      19.      21.
                10.      14.      -7.       9.     -19.     -21.           -0.
 
  2008         -15.      -7.      -5.       4.      20.      18.
                 3.       9.      -3.       5.     -14.     -15.           -0.
 
  2009          -9.      -5.      -6.       4.      20.      13.
                -0.       4.      -2.       2.     -11.      -8.            0.
 
  2010          -6.      -4.      -6.       5.      16.      10.
                -2.       1.      -0.       2.      -8.      -3.            0.
 
  2011          -3.      -7.      -5.       4.      13.       5.
                -2.      -1.       1.       3.      -5.      -1.            0.
 
  2012          -3.      -9.      -5.       4.      14.       3.
                -1.      -2.      -1.       3.      -5.       2.           -0.
 
  2013          -1.     -12.      -3.       4.      18.       2.
                 1.      -6.      -4.       3.      -7.       2.           -0.
 
  2014          -1.     -14.       3.       4.      22.       1.
                 3.     -11.      -8.       5.     -10.       3.           -0.
 
  2015          -0.     -17.      11.       1.      25.       0.
                 6.     -15.     -11.       8.      -9.       2.            0.
 
  2016          -1.     -23.      17.      -1.      27.       0.
                 6.     -16.     -15.      10.      -8.       3.            0.
 
  2017           2.     -26.      20.      -6.      23.       1.
                 6.     -13.     -16.      13.      -5.       3.            0.
 
  2018           5.     -27.      21.      -7.      15.       2.
                 2.      -8.     -16.      14.      -4.       6.            0.
 
  2019          10.     -25.      18.      -9.       5.       3.
                -1.      -3.     -12.      11.      -1.       6.            0.
 
  2020          13.     -21.      13.      -8.      -2.       3.
                -7.       0.      -9.       4.      -2.       8.           -0.
 
  2021          19.     -12.      10.      -6.      -9.       0.
                -8.      -1.      -4.      -0.      -0.       7.           -0.
 
  2022          21.      -3.      11.      -3.     -12.      -8.
               -11.      -4.       1.      -1.      -0.      10.            0.
 
  2023          19.       1.      10.      -1.     -10.     -15.
               -12.      -6.       6.       0.       3.      10.            0.
 
  2024          13.       2.       8.       1.      -4.     -19.
               -13.      -7.      10.       2.       1.      12.            0.
 
  2025           8.       0.       4.       2.       0.     -21.
               -12.      -8.      11.       4.       2.      12.            0.
 
  2026           4.      -1.       3.       4.       3.     -21.
                                                                           -1.
 
  AVGE          -2.     -13.       6.       2.      11.       3.
                 1.      -0.      -5.       7.      -8.      -2.

  Table Total-         -10.   Mean-        -0.   Std. Dev.-        12.
                              Min -       -38.        Max -        27.

 D 16.A  Combined adjustment component forecasts
  From  2026.Jul to 2027.Jun
  Observations         12
 -----------------------------------------------------------------------------
               Jan      Feb      Mar      Apr      May      Jun 
               Jul      Aug      Sep      Oct      Nov      Dec         AVGE  
 -----------------------------------------------------------------------------
  2026                                                          
               -13.      -9.      11.       6.       2.      14.            2.
 
  2027           1.      -2.       1.       4.       5.     -21.
                                                                           -2.
 
        bps_permits 12100            PAGE  14, SERIES bps_permits_addi

 E 4  Differences of annual totals
  From          2004 to 2025
  Observations         22
 -----------------------------------
  Year       Unmodified     Modified
                  (D11)         (E2)
 -----------------------------------
  2004              -3.          -3.
 
  2005              -3.          -3.
 
  2006              -3.          -3.
 
  2007              -3.          -3.
 
  2008              -0.          -0.
 
  2009               2.           2.
 
  2010               3.           3.
 
  2011               3.           3.
 
  2012              -1.          -1.
 
  2013              -3.          -3.
 
  2014              -3.          -3.
 
  2015               0.           0.
 
  2016               2.           2.
 
  2017               2.           2.
 
  2018               3.           3.
 
  2019               0.           0.
 
  2020              -5.          -5.
 
  2021              -5.          -5.
 
  2022               1.           1.
 
  2023               4.           4.
 
  2024               4.           4.
 
  2025               3.           3.
 
        bps_permits 12100            PAGE  15, SERIES bps_permits_addi

 E 5  Month-to-month differences in the original series
  From  2004.Feb to 2026.Jun
  Observations        269
 -----------------------------------------------------------------------------
               Jan      Feb      Mar      Apr      May      Jun 
               Jul      Aug      Sep      Oct      Nov      Dec         AVGE  
 -----------------------------------------------------------------------------
  2004                   37.      46.      38.      -2.       0.
                44.     -36.     -46.      28.     -65.      14.            5.
 
  2005         -26.      22.      36.      19.     -49.      60.
               -15.     -29.      48.     -11.     -41.     -37.           -2.
 
  2006          70.     -75.      65.     -41.       4.      13.
                11.      10.     -45.      29.     -43.     -21.           -2.
 
  2007          41.       5.     -37.      13.      33.     -20.
               -30.      34.     -84.      37.     -15.       6.           -1.
 
  2008         -21.      17.       2.      82.     -49.     -16.
               -24.      -7.      -5.      11.     -42.      16.           -3.
 
  2009         -12.      19.     -18.      18.      16.      15.
               -27.     -14.      34.     -18.      -5.      -6.            0.
 
  2010          20.     -14.      -5.      88.     -88.       3.
                -8.       4.      -1.      -2.       6.       0.            0.
 
  2011          -4.     -11.      13.       2.       3.     -13.
                 7.      -5.       5.       3.      -9.      -5.           -1.
 
  2012          16.     -11.       7.       3.      -1.       3.
                -5.      19.     -26.      17.     -12.      14.            2.
 
  2013         -26.       7.       1.      10.      -2.       4.
                -6.      10.      -5.      17.     -18.      21.            1.
 
  2014         -11.     -21.       5.       3.     149.    -142.
                 3.     -18.      27.     -21.       2.      -7.           -3.
 
  2015           1.      -4.       8.      44.      35.      30.
               -86.     -15.       9.      14.      -5.      43.            6.
 
  2016          26.     -49.      67.     -69.     -62.      63.
                23.     -65.       1.      46.     -38.     -12.           -6.
 
  2017           3.     -11.      74.     -46.       5.     -28.
                30.     -20.     -10.     151.    -146.      92.            8.
 
  2018         -82.     -28.      71.     -52.      59.     -11.
                -2.     -16.     113.     -79.      16.     -47.           -5.
 
  2019          25.     -67.      57.     -15.      45.      99.
              -142.      28.     -86.      72.     -35.      33.            1.
 
  2020          -4.     -28.      -8.      10.     -30.      45.
               -13.       3.      -5.      12.     -13.      13.           -1.
 
  2021          21.     -29.      46.     -35.     -29.      18.
               -15.      18.     -11.      18.      12.      10.            2.
 
  2022          33.     -63.      10.     -18.      -2.       6.
                -7.       8.     104.    -127.      11.      -7.           -4.
 
  2023           4.       3.       8.     -24.       3.       0.
                -2.       2.      22.     -12.       2.      -7.           -0.
 
  2024          85.       5.     -29.       7.     -15.      -6.
                34.      -8.      -2.      39.      31.      90.           19.
 
  2025        -141.     -28.      47.       2.     -16.     -50.
                10.      25.      34.       9.     -65.      45.          -11.
 
  2026         -41.     -10.      21.       9.      28.     -35.
                                                                           -5.
 
  AVGE          -1.     -15.      21.       2.       2.       2.
               -10.      -3.       3.      11.     -21.      11.

  Table Total-          39.   Mean-         0.   Std. Dev.-        41.
                              Min -      -146.        Max -       151.
        bps_permits 12100            PAGE  16, SERIES bps_permits_addi

 E 6  Month-to-month differences in seasonally adjusted series (D11)
  From  2004.Feb to 2026.Jun
  Observations        269
 -----------------------------------------------------------------------------
               Jan      Feb      Mar      Apr      May      Jun 
               Jul      Aug      Sep      Oct      Nov      Dec         AVGE  
 -----------------------------------------------------------------------------
  2004                   28.      11.      30.      -1.     -11.
                41.     -35.     -10.      -2.     -23.      23.            5.
 
  2005         -23.      13.       6.      10.     -52.      52.
               -15.     -29.      82.     -39.      -1.     -31.           -2.
 
  2006          71.     -86.      45.     -50.      -4.       7.
                18.       7.     -17.       6.      -8.     -16.           -2.
 
  2007          38.      -4.     -49.       5.      20.     -22.
               -18.      29.     -63.      21.      13.       8.           -2.
 
  2008         -27.       9.      -0.      73.     -65.     -14.
                -9.     -13.       7.       3.     -23.      17.           -3.
 
  2009         -18.      15.     -17.       8.      -0.      22.
               -13.     -19.      40.     -22.       9.      -9.           -0.
 
  2010          18.     -16.      -3.      77.    -100.      10.
                 4.       1.      -0.      -5.      16.      -5.           -0.
 
  2011          -4.      -8.      11.      -7.      -6.      -6.
                14.      -6.       4.       0.      -0.     -10.           -1.
 
  2012          18.      -5.       3.      -7.     -11.      14.
                -0.      20.     -28.      14.      -4.       7.            2.
 
  2013         -24.      18.      -8.       3.     -16.      20.
                -4.      17.      -7.      10.      -8.      12.            1.
 
  2014          -8.      -9.     -11.       1.     131.    -121.
                 1.      -4.      24.     -34.      17.     -20.           -3.
 
  2015           5.      13.     -20.      54.      11.      54.
               -92.       6.       5.      -5.      11.      32.            6.
 
  2016          29.     -27.      27.     -50.     -90.      90.
                17.     -43.      -0.      21.     -20.     -23.           -6.
 
  2017           4.      18.      27.     -20.     -24.      -6.
                25.      -1.      -7.     122.    -128.      84.            8.
 
  2018         -84.       4.      23.     -24.      37.       2.
                -2.      -6.     122.    -109.      34.     -58.           -5.
 
  2019          22.     -32.      14.      12.      31.     100.
              -137.      29.     -76.      49.     -24.      26.            1.
 
  2020         -11.       6.     -42.      31.     -36.      40.
                -3.      -4.       4.      -1.      -7.       4.           -2.
 
  2021           9.       2.      24.     -19.     -27.       9.
                -6.      11.      -8.      14.      12.       3.            2.
 
  2022          19.     -39.      -4.      -4.       8.       2.
                -4.       0.      99.    -125.      10.     -17.           -5.
 
  2023          -5.      21.      -1.     -13.      13.       5.
                -5.      -4.      10.      -6.      -1.     -15.           -0.
 
  2024          83.      16.     -35.      14.     -10.       9.
                28.     -14.     -19.      47.      32.      80.           19.
 
  2025        -137.     -20.      43.       4.     -14.     -29.
                 2.      21.      15.      16.     -63.      34.          -11.
 
  2026         -32.      -6.      18.       8.      29.     -11.
                                                                            1.
 
  AVGE          -3.      -4.       3.       6.      -8.       9.
                -7.      -2.       8.      -1.      -7.       6.

  Table Total-          23.   Mean-         0.   Std. Dev.-        37.
                              Min -      -137.        Max -       131.
        bps_permits 12100            PAGE  17, SERIES bps_permits_addi

 E 7  Month-to-month differences in final trend cycle (D12)
  From  2004.Feb to 2026.Jun
  Observations        269
 -----------------------------------------------------------------------------
               Jan      Feb      Mar      Apr      May      Jun 
               Jul      Aug      Sep      Oct      Nov      Dec         AVGE  
 -----------------------------------------------------------------------------
  2004                    5.       4.       4.       3.       2.
                 1.      -1.      -2.      -3.      -3.      -3.            1.
 
  2005          -2.      -1.       0.       1.       1.       1.
                 1.      -0.      -1.      -2.      -3.      -4.           -1.
 
  2006          -4.      -4.      -4.      -3.      -2.      -1.
                -0.       1.       1.       0.      -1.      -2.           -2.
 
  2007          -3.      -4.      -5.      -6.      -6.      -6.
                -6.      -5.      -4.      -4.      -3.      -2.           -4.
 
  2008          -2.      -2.      -2.      -2.      -3.      -3.
                -4.      -4.      -4.      -4.      -3.      -3.           -3.
 
  2009          -2.      -1.       0.       1.       2.       2.
                 2.       2.       2.       1.       0.      -0.            1.
 
  2010          -1.      -2.      -2.      -2.      -2.      -2.
                -1.      -1.      -0.      -0.       0.      -0.           -1.
 
  2011          -0.      -0.      -1.      -1.      -1.      -1.
                -0.       0.       0.       1.       1.       1.           -0.
 
  2012           1.       1.       1.       1.       1.       1.
                 0.       0.      -0.      -0.      -1.      -1.            0.
 
  2013          -1.      -1.      -0.       0.       1.       2.
                 3.       3.       2.       1.       1.      -0.            1.
 
  2014          -1.      -1.      -1.      -1.      -1.      -1.
                -1.      -1.      -1.       0.       1.       2.           -0.
 
  2015           2.       2.       3.       3.       3.       4.
                 4.       5.       5.       5.       5.       5.            4.
 
  2016           4.       2.       1.      -2.      -4.      -6.
                -7.      -7.      -6.      -5.      -4.      -2.           -3.
 
  2017          -2.      -1.      -0.       0.       1.       1.
                 0.       0.       0.       1.       1.       1.            0.
 
  2018           2.       3.       3.       4.       4.       4.
                 4.       3.       2.       1.      -0.      -0.            2.
 
  2019          -0.      -0.       0.       0.       1.       0.
                -0.      -1.      -2.      -4.      -5.      -5.           -1.
 
  2020          -5.      -4.      -3.      -2.      -1.       0.
                 1.       2.       2.       3.       2.       2.           -0.
 
  2021           1.      -0.      -1.      -1.      -1.      -0.
                 0.       1.       1.       1.       1.       1.            0.
 
  2022           1.      -0.      -1.      -2.      -3.      -4.
                -4.      -4.      -4.      -3.      -3.      -2.           -2.
 
  2023          -2.      -1.      -1.      -0.       1.       1.
                 2.       3.       4.       6.       7.       7.            2.
 
  2024           8.       8.       8.       8.       8.       8.
                 7.       7.       6.       5.       3.       2.            7.
 
  2025          -0.      -2.      -3.      -4.      -4.      -4.
                -4.      -4.      -3.      -2.      -1.      -0.           -3.
 
  2026           1.       2.       2.       2.       2.       2.
                                                                            2.
 
  AVGE          -0.      -0.      -0.      -0.      -0.       0.
                -0.      -0.      -0.      -0.      -0.      -0.

  Table Total-         -31.   Mean-        -0.   Std. Dev.-         3.
                              Min -        -7.        Max -         8.
        bps_permits 12100            PAGE  18, SERIES bps_permits_addi

 E 8  Month-to-month differences in original series adjusted for calendar factors (A18)
  From  2004.Feb to 2026.Jun
  Observations        269
 -----------------------------------------------------------------------------
               Jan      Feb      Mar      Apr      May      Jun 
               Jul      Aug      Sep      Oct      Nov      Dec         AVGE  
 -----------------------------------------------------------------------------
  2004                   37.      46.      38.      -2.       0.
                44.     -36.     -46.      28.     -65.      14.            5.
 
  2005         -26.      22.      36.      19.     -49.      60.
               -15.     -29.      48.     -11.     -41.     -37.           -2.
 
  2006          70.     -75.      65.     -41.       4.      13.
                11.      10.     -45.      29.     -43.     -21.           -2.
 
  2007          41.       5.     -37.      13.      33.     -20.
               -30.      34.     -84.      37.     -15.       6.           -1.
 
  2008         -21.      17.       2.      82.     -49.     -16.
               -24.      -7.      -5.      11.     -42.      16.           -3.
 
  2009         -12.      19.     -18.      18.      16.      15.
               -27.     -14.      34.     -18.      -5.      -6.            0.
 
  2010          20.     -14.      -5.      88.     -88.       3.
                -8.       4.      -1.      -2.       6.       0.            0.
 
  2011          -4.     -11.      13.       2.       3.     -13.
                 7.      -5.       5.       3.      -9.      -5.           -1.
 
  2012          16.     -11.       7.       3.      -1.       3.
                -5.      19.     -26.      17.     -12.      14.            2.
 
  2013         -26.       7.       1.      10.      -2.       4.
                -6.      10.      -5.      17.     -18.      21.            1.
 
  2014         -11.     -21.       5.       3.     149.    -142.
                 3.     -18.      27.     -21.       2.      -7.           -3.
 
  2015           1.      -4.       8.      44.      35.      30.
               -86.     -15.       9.      14.      -5.      43.            6.
 
  2016          26.     -49.      67.     -69.     -62.      63.
                23.     -65.       1.      46.     -38.     -12.           -6.
 
  2017           3.     -11.      74.     -46.       5.     -28.
                30.     -20.     -10.     151.    -146.      92.            8.
 
  2018         -82.     -28.      71.     -52.      59.     -11.
                -2.     -16.     113.     -79.      16.     -47.           -5.
 
  2019          25.     -67.      57.     -15.      45.      99.
              -142.      28.     -86.      72.     -35.      33.            1.
 
  2020          -4.     -28.      -8.      10.     -30.      45.
               -13.       3.      -5.      12.     -13.      13.           -1.
 
  2021          21.     -29.      46.     -35.     -29.      18.
               -15.      18.     -11.      18.      12.      10.            2.
 
  2022          33.     -63.      10.     -18.      -2.       6.
                -7.       8.     104.    -127.      11.      -7.           -4.
 
  2023           4.       3.       8.     -24.       3.       0.
                -2.       2.      22.     -12.       2.      -7.           -0.
 
  2024          85.       5.     -29.       7.     -15.      -6.
                34.      -8.      -2.      39.      31.      90.           19.
 
  2025        -141.     -28.      47.       2.     -16.     -50.
                10.      25.      34.       9.     -65.      45.          -11.
 
  2026         -41.     -10.      21.       9.      28.     -35.
                                                                           -5.
 
  AVGE          -1.     -15.      21.       2.       2.       2.
               -10.      -3.       3.      11.     -21.      11.

  Table Total-          39.   Mean-         0.   Std. Dev.-        41.
                              Min -      -146.        Max -       151.
        bps_permits 12100            PAGE  19, SERIES bps_permits_addi

 E 18  Final adjustment ratios
  From  2004.Jan to 2026.Jun
  Observations        270
 -----------------------------------------------------------------------------
               Jan      Feb      Mar      Apr      May      Jun 
               Jul      Aug      Sep      Oct      Nov      Dec         AVGE  
 -----------------------------------------------------------------------------
  2004       66.642   79.434  103.969  107.766  107.038  114.082
            112.661  114.489   93.719  111.779   84.019   80.818        98.035
 
  2005       75.345   83.465  102.505  107.585  112.995  113.828
            114.797  118.591   94.839  110.080   86.501   79.061        99.966
 
  2006       85.838   84.716  100.701  108.177  115.074  119.225
            111.563  113.154   93.088  110.023   83.815   77.181       100.213
 
  2007       84.935   90.960   98.787  106.217  115.712  121.244
            111.519  112.759   86.391  113.476   77.543   77.034        99.715
 
  2008       77.083   90.463   93.404  102.703  125.229  126.897
            104.781  119.946   93.593  108.464   55.541   69.407        97.293
 
  2009       71.240   89.017   78.767  110.139  153.925  122.492
             99.307  116.847   97.670  105.247   78.505   81.024       100.348
 
  2010       90.336   90.698   85.204  103.837  177.741  131.416
             93.915  101.784   99.505  107.729   83.143   92.046       104.780
 
  2011       91.255   78.272   88.383  111.660  143.146  123.048
             95.396   97.133  101.506  109.554   84.986   97.446       101.815
 
  2012       93.963   76.953   87.765  112.567  156.371  108.456
             96.212   96.003   97.549  105.898   86.458  103.194       101.782
 
  2013       96.184   72.115   91.349  110.312  187.606  105.327
            101.818   88.678   91.692  105.640   85.013  103.231       103.247
 
  2014       97.167   68.652  108.198  112.356  113.406  103.375
            106.618   73.371   87.776  115.665   78.954  111.942        98.123
 
  2015       98.852   62.065  142.316  101.275  127.392  100.237
            111.079   74.408   82.634  113.482   87.934  101.980       100.305
 
  2016       99.552   78.311  113.008   98.320 -197.840  100.003
            106.279   71.211   73.160  113.817   86.262  110.652        71.061
 
  2017      106.777   51.420  124.759   90.265  160.724  104.067
            110.839   76.719   67.287  107.589   87.829  102.159        99.203
 
  2018      111.099   42.204  130.134   84.676  117.825  102.536
            102.755   90.040   91.793  115.118   96.678  109.800        99.555
 
  2019      110.936   54.293  125.366   88.732  104.011  101.557
             98.206   97.382   56.400  113.831   98.625  107.428        96.397
 
  2020      118.978   72.266  140.980   87.923   93.953  104.969
             89.920  100.210   86.657  106.909   97.318  112.615       101.058
 
  2021      127.588   83.429  110.352   91.992   82.930  100.500
             84.533   98.352   92.424   99.416   99.683  107.736        98.245
 
  2022      119.867   95.448  118.044   95.493   81.049   88.128
             81.902   94.053  100.606   97.029   99.775  131.393       100.232
 
  2023      174.658  102.750  121.621   97.582   76.495   69.182
             73.023   84.535  111.770  100.093  105.909  135.574       104.433
 
  2024      111.353  101.253  108.721  100.569   95.385   81.664
             90.189   93.852  109.707  101.506  100.839  104.617        99.971
 
  2025      106.799  100.424  102.915  101.402  100.117   80.277
             88.521   93.786  107.791  102.540  101.681  109.526        99.648
 
  2026      103.824   99.416  102.558  103.210  101.873   84.361
                                                                        99.207
 
  AVGE      100.881   80.349  107.818  101.511  106.616  104.646
             99.356   96.696   91.707  107.949   88.501  100.267

  Table Total-       26700.   Mean-        99.   Std. Dev.-        26.
                              Min -      -198.        Max -       188.

 E 18.A  Final adjustment ratio forecasts
  From  2026.Jul to 2027.Jun
  Observations         12
 -----------------------------------------------------------------------------
               Jan      Feb      Mar      Apr      May      Jun 
               Jul      Aug      Sep      Oct      Nov      Dec         AVGE  
 -----------------------------------------------------------------------------
  2026                                                          
             90.502   93.266  110.241  105.103  102.042  113.034       102.365
 
  2027      101.132   98.079  101.052  103.748  103.898   85.025
                                                                        98.822
 

  QS statistic for seasonality:
  Original Series                                     0.30  (P-Value =     0.8594)
  Original Series (EV adj)                            0.30  (P-Value =     0.8594)
  Residuals                                           1.41  (P-Value =     0.4932)
  Seasonally Adjusted Series                          0.00  (P-Value =     1.0000)
  Seasonally Adjusted Series (EV adj)                 0.00  (P-Value =     1.0000)
  Irregular Series                                    0.00  (P-Value =     1.0000)
  Irregular Series (EV adj)                           0.00  (P-Value =     1.0000)

  QS statistic for seasonality (starting 2018.Jul):
  Original Series                                     0.00  (P-Value =     1.0000)
  Original Series (EV adj)                            0.00  (P-Value =     1.0000)
  Residuals                                           0.00  (P-Value =     1.0000)
  Seasonally Adjusted Series                          0.00  (P-Value =     1.0000)
  Seasonally Adjusted Series (EV adj)                 0.00  (P-Value =     1.0000)
  Irregular Series                                    0.00  (P-Value =     1.0000)
  Irregular Series (EV adj)                           0.00  (P-Value =     1.0000)
        bps_permits 12100            PAGE  20, SERIES bps_permits_addi


  Visually significant residual trading day peaks have been
  found in the spectral plot of the following series starting in 2018.Jul:

          differenced seasonally adjusted series (Table E2) (1 Trading Day peak(s))

        bps_permits 12100            PAGE  21, SERIES bps_permits_addi
 G 0  10*LOG(SPECTRUM) of the differenced Original Series
      (Table A1 or B1).  Spectrum estimated from 2018.Jul to 2026.Jun.
 ++++++++++I+++++++++++++++++++++++++++++++++++++++++++++++++++++++++++++I
      38.47I                                                         *   I     38.47
           I                                                 *       *   I
           I                                                 *       *   I
           I                           *                     *       *   I
      36.64I                           *                     *S  ** **   I     36.64
           I                           *            S        *S  ** ***  I
           I                           *            S   *    *S  ******  I
           I                           *            S   *    *S  ******  I
      34.80I                           *            S   *    *S*T******  I     34.80
           I                       *   *            S   **   *S*T******  I
           I                       *   *            S   **  **S*T******  I
           I                       *   *        *   S*  **  **S*T******  I
      32.96I                  *    *   **       *   S*  **  **S*T******* I     32.96
           I              *   *    *  ***       *   S*  **  **S*T******* I
           I              *   *    ** *** S     *   S*  **  **S*T*******SI
           I              *   *    ** *** S     *  *S*  *** **S*T*******SI
      31.13I             **   *    ** ****S*   **  *S* *******S*T*******SI     31.13
           I             ***  *    ** ****S*   **  *S*T*******S*T*******SI
           I             ***  **   *******S*   **  *S*T*******S*T*******SI
           I            **** ***  ********S*   *** *S*T*******S*T*******SI
      29.29I            **** ***  ********S*   *** *S*T*******S*T*******SI     29.29
           I            ********  ********S*   *****S*T*******S*T*******SI
           I           *********  ********S*   *****S*T*******S*T*******SI
           I           *********  ********S*   *****S*T*******S*T*******SI
      27.45I           *********  ********S**  *****S*T*******S*T*******SI     27.45
           I           *********S*********S** ******S*T*******S*T*******SI
           I           *********S*********S** ******S*T*******S*T*******SI
           I           *********S*********S** ******S*T*******S*T*******SI
      25.61I           *********S*********S*********S*T*******S*T*******SI     25.61
           I   *      S*********S*********S*********S*T*******S*T*******SI
           I   *      S*********S*********S*********S*T*******S*T*******SI
           I   *      S*********S*********S*********S*T*******S*T*******SI
      23.78I   *      S*********S*********S*********S*T*******S*T*******SI     23.78
           I   *      S*********S*********S*********S*T*******S*T*******SI
           I   *      S*********S*********S*********S*T*******S*T*******SI
           I   **    *S*********S*********S*********S*T*******S*T*******SI
      21.94I   **    *S*********S*********S*********S*T*******S*T*******SI     21.94
           I   **    *S*********S*********S*********S*T*******S*T*******SI
           I   **    *S*********S*********S*********S*T*******S*T*******SI
           I   **    *S*********S*********S*********S*T*******S*T*******SI
      20.10I   **   **S*********S*********S*********S*T*******S*T*******SI     20.10
           I   **   **S*********S*********S*********S*T*******S*T*******SI
           I  ****  **S*********S*********S*********S*T*******S*T*******SI
           I  **** ***S*********S*********S*********S*T*******S*T*******SI
      18.27I  ********S*********S*********S*********S*T*******S*T*******SI     18.27
           I  ********S*********S*********S*********S*T*******S*T*******SI
           I  ********S*********S*********S*********S*T*******S*T*******SI
           I  ********S*********S*********S*********S*T*******S*T*******SI
      16.43I  ********S*********S*********S*********S*T*******S*T*******SI     16.43
           I  ********S*********S*********S*********S*T*******S*T*******SI
           I *********S*********S*********S*********S*T*******S*T*******SI
           I *********S*********S*********S*********S*T*******S*T*******SI
      14.59I**********S*********S*********S*********S*T*******S*T*******SI     14.59
 ++++++++++I+++++++++++++++++++++++++++++++++++++++++++++++++++++++++++++I
            S=SEASONAL FREQUENCIES, T=TRADING DAY FREQUENCIES
        bps_permits 12100            PAGE  22, SERIES bps_permits_addi
 G 1  10*LOG(SPECTRUM) of the differenced seasonally adjusted 
      data (Table E2).  Spectrum estimated from 2018.Jul to 2026.Jun.
 ++++++++++I+++++++++++++++++++++++++++++++++++++++++++++++++++++++++++++I
      33.55I                                                         *   I     33.55
           I                                                         *   I
           I                                                         *   I
           I                                                         *   I
      32.12I                                                         *   I     32.12
           I                                                         *   I
           I                                                         *   I
           I                                    *     T           *  *   I
      30.70I                         **         *     T           *  *   I     30.70
           I                         **         *     T           * **   I
           I                         ***        *     T           * **   I
           I                         ***       **     T     *     ****   I
      29.27I                         ***       **     T     *     *****  I     29.27
           I             *          ****       **     T     **    *****  I
           I             *          ****       **     T     **   ******  I
           I             *    *     ****       ***    T     **   ******  I
      27.85I             *    *     ****       ***    T*   ***   ******  I     27.85
           I             *    *     ****      ****    T*   ***   ******  I
           I             *    *     *****     ****   *T*   ***   ******  I
           I             *   **     *****     ****   *T*   ***   ******  I
      26.43I             *   **     *****     ****   *T*   ***S  ******  I     26.43
           I             *   **     *****     ****   *T*  ****S T******  I
           I             *   **    ******     ****   *T*  ****S T******  I
           I             *   **    ******     ****   *T*  ****S*T******  I
      25.00I             **  **    ******     ****   *T*******S*T******* I     25.00
           I             **  **    ******    ******  *T*******S*T******* I
           I             **  **    ******    ****** S*T*******S*T******* I
           I   *         **  **    ******    ****** S*T*******S*T******* I
      23.58I   *         **  **    *******   ****** S*T*******S*T*******SI     23.58
           I   *         **  ***  ********   *******S*T*******S*T*******SI
           I   *         **  ***  ********   *******S*T*******S*T*******SI
           I   *         ** ****  ********   *******S*T*******S*T*******SI
      22.15I   *        *** ****  ********  ********S*T*******S*T*******SI     22.15
           I   *        ********  ********  ********S*T*******S*T*******SI
           I   **       ******** *********S ********S*T*******S*T*******SI
           I   **       ********S*********S*********S*T*******S*T*******SI
      20.73I   **       ********S*********S*********S*T*******S*T*******SI     20.73
           I   **       ********S*********S*********S*T*******S*T*******SI
           I   **       ********S*********S*********S*T*******S*T*******SI
           I   **       ********S*********S*********S*T*******S*T*******SI
      19.30I   **       ********S*********S*********S*T*******S*T*******SI     19.30
           I   **       ********S*********S*********S*T*******S*T*******SI
           I  ***      *********S*********S*********S*T*******S*T*******SI
           I  ***      *********S*********S*********S*T*******S*T*******SI
      17.88I  ***    * *********S*********S*********S*T*******S*T*******SI     17.88
           I  ***    *S*********S*********S*********S*T*******S*T*******SI
           I  ****  **S*********S*********S*********S*T*******S*T*******SI
           I  ****  **S*********S*********S*********S*T*******S*T*******SI
      16.45I  ****  **S*********S*********S*********S*T*******S*T*******SI     16.45
           I  **** ***S*********S*********S*********S*T*******S*T*******SI
           I *********S*********S*********S*********S*T*******S*T*******SI
           I *********S*********S*********S*********S*T*******S*T*******SI
      15.03I**********S*********S*********S*********S*T*******S*T*******SI     15.03
 ++++++++++I+++++++++++++++++++++++++++++++++++++++++++++++++++++++++++++I
            S=SEASONAL FREQUENCIES, T=TRADING DAY FREQUENCIES
        bps_permits 12100            PAGE  23, SERIES bps_permits_addi
 G 2  10*LOG(SPECTRUM) of the Modified Irregular (Table E3).  
      Spectrum estimated from 2018.Jul to 2026.Jun.
 ++++++++++I+++++++++++++++++++++++++++++++++++++++++++++++++++++++++++++I
      33.20I                                                             I     33.20
           I             *                                               I
           I             *                                               I
           I             *                                               I
      31.36I             *                                               I     31.36
           I             *                                               I
           I             *                                               I
           I             *                                               I
      29.51I             *                                               I     29.51
           I             *    *      *                                   I
           I             *   **      **                                  I
           I             *   **      ***                                 I
      27.67I             *   **     ****                                 I     27.67
           I             *   **     ****                             *   I
           I             **  **     ****        *                    *   I
           I             **  **     ****        *                    *   I
      25.83I             **  **     ****        *     T              *   I     25.83
           I             ** ***     ****       **     T              *   I
           I            *** ****    ****       **     T           *  *   I
           I            ********    ****       **     T           * **   I
      23.98I            ********   ******      ***    T     *     * **   I     23.98
           I            ********   ******     ****    T     *     *****  I
           I            ********   ******     ****    T*    *     *****  I
           I            ********   ******     ****    T*   ***   ******  I
      22.14I            ********   ******     ****   *T*   ***   ******  I     22.14
           I         *  ********S *******     ****   *T*   ***   ******  I
           I        **  ********S *******    *****   *T*   ***   ******  I
           I        **  ********S********    *****   *T*  ****   ******  I
      20.29I        ** *********S*********   ******  *T*  ****S  ******  I     20.29
           I        ** *********S*********   ****** S*T*******S T******  I
           I        **S*********S*********   ****** S*T*******S*T******* I
           I        **S*********S*********  ********S*T*******S*T******* I
      18.45I        **S*********S*********S ********S*T*******S*T******* I     18.45
           I        **S*********S*********S*********S*T*******S*T*******SI
           I        **S*********S*********S*********S*T*******S*T*******SI
           I        **S*********S*********S*********S*T*******S*T*******SI
      16.61I        **S*********S*********S*********S*T*******S*T*******SI     16.61
           I   *    **S*********S*********S*********S*T*******S*T*******SI
           I   *    **S*********S*********S*********S*T*******S*T*******SI
           I   *   ***S*********S*********S*********S*T*******S*T*******SI
      14.76I   *   ***S*********S*********S*********S*T*******S*T*******SI     14.76
           I   *   ***S*********S*********S*********S*T*******S*T*******SI
           I  **   ***S*********S*********S*********S*T*******S*T*******SI
           I  **   ***S*********S*********S*********S*T*******S*T*******SI
      12.92I  ***  ***S*********S*********S*********S*T*******S*T*******SI     12.92
           I  ***  ***S*********S*********S*********S*T*******S*T*******SI
           I  *** ****S*********S*********S*********S*T*******S*T*******SI
           I  *** ****S*********S*********S*********S*T*******S*T*******SI
      11.08I  ********S*********S*********S*********S*T*******S*T*******SI     11.08
           I  ********S*********S*********S*********S*T*******S*T*******SI
           I *********S*********S*********S*********S*T*******S*T*******SI
           I *********S*********S*********S*********S*T*******S*T*******SI
       9.23I**********S*********S*********S*********S*T*******S*T*******SI      9.23
 ++++++++++I+++++++++++++++++++++++++++++++++++++++++++++++++++++++++++++I
            S=SEASONAL FREQUENCIES, T=TRADING DAY FREQUENCIES
        bps_permits 12100            PAGE  24, SERIES bps_permits_addi

  Peak probabilities for Tukey spectrum estimator
  Spectrum estimated from 2018.Jul to 2026.Jun.

                                          S1       S2       S3       S4       S5       S6       TD
                                        ------   ------   ------   ------   ------   ------   ------
  Model Residuals                        0.986*   0.763    0.594    0.660    0.054    0.516    0.754  
  Original Series (Table A1 or B1)       0.273    0.201    0.940*   0.966*   0.404    0.157    0.716  
  Seasonally adjusted series (E2)        0.036    0.265    0.228    0.374    0.545    0.131    0.949* 
  Modified Irregular (E3)                0.034    0.252    0.282    0.373    0.542    0.142    0.956* 
  ----------
     ** - Peak Probability > 0.99,
      * - 0.90 < Peak Probability < 0.99


