  Reading input spec file from D:\Programming\Dynamic Paper-dlrhcs_replication\outputs\empirical\unemployment\raw_sa_pilot\x13_work\bps_permits_additive_level_39660_200401_202606.spc

1

               U. S. Department of Commerce, U. S. Census Bureau

              X-13ARIMA-SEATS monthly seasonal adjustment Method,
                          Release Version 1.1 Build 62


           This software application provides an enhanced version of
             Statistics Canada's X-11-ARIMA extension (Dagum, 1980)
                 of the X-11 variant of the Census Method II of
                      Shiskin, Young and Musgrave (1967).

            It also provides an ARIMA model-based method following
       Hillmer and Tiao (1982) and Burman (1980) that is very similar
       to the update of the method of SEATS (Gomez and Maravall, 1996)
                produced at the Bank of Spain by G. Caporello and
               A. Maravall for TSW (Caporello and Maravall, 2004).
          The present application includes additional enhancements.

         X-13ARIMA-SEATS includes an automatic ARIMA model selection procedure
          based largely on the procedure of Gomez and Maravall (1998)
            as implemented in TRAMO (1996) and subsequent revisions.

              Primary Programmers: Brian Monsell, Mark Otto and,
                 for the ARIMA model-based signal extraction,
                      Gianluca Caporello and Victor Gomez


     Series Title- bps_permits 39660
     Series Name- bps_permits_addi
     Jul 29, 2026  08.33.28 

        -Period covered-  1st month,2004 to  6th month,2026
        -Type of run - additive seasonal adjustment

        -Sigma limits for graduating extreme values are  1.5 and  2.5 .
        -3x3 moving average used in section 1 of each iteration, 
         3x5 moving average in section 2 of iterations B and C,
         moving average for final seasonal factors chosen by Global MSR.
        -Holiday adjustment factors applied directly to the final seasonally adjusted series
        -Spectral plots generated for selected series
        -Spectral plots generated for series starting in 2018.Jul

 FILE SAVE REQUESTS (* indicates file exists and will be overwritten)
  D:\Programming\Dynamic Paper-dlrhcs_replication\outputs\empirical\unemployment\raw_sa_pilot\x13_work\bps_permits_additive_level_39660_200401_202606.d10  final seasonal factors
  D:\Programming\Dynamic Paper-dlrhcs_replication\outputs\empirical\unemployment\raw_sa_pilot\x13_work\bps_permits_additive_level_39660_200401_202606.d11  final seasonally adjusted data
  D:\Programming\Dynamic Paper-dlrhcs_replication\outputs\empirical\unemployment\raw_sa_pilot\x13_work\bps_permits_additive_level_39660_200401_202606.out  program output file
  D:\Programming\Dynamic Paper-dlrhcs_replication\outputs\empirical\unemployment\raw_sa_pilot\x13_work\bps_permits_additive_level_39660_200401_202606.err  program error file
        bps_permits 39660            PAGE   1, SERIES bps_permits_addi

     Contents of spc file D:\Programming\Dynamic Paper-dlrhcs_replication\outputs\empirical\unemployment\raw_sa_pilot\x13_work\bps_permits_additive_level_39660_200401_202606.spc

 Line #
 ------
      1: series {
      2:   title = "bps_permits 39660"
      3:   start = 2004.1
      4:   period = 12
      5:   data = (
      6: 130
      7: 45
      8: 80
      9: 91
     10: 157
     11: 83
     12: 219
     13: 121
     14: 85
     15: 99
     16: 99
     17: 68
     18: 87
     19: 75
     20: 111
     21: 132
     22: 102
     23: 111
     24: 87
     25: 80
     26: 48
     27: 70
     28: 92
     29: 155
     30: 62
     31: 143
     32: 67
     33: 68
     34: 80
     35: 122
     36: 118
     37: 61
     38: 66
     39: 49
     40: 54
     41: 33
     42: 40
     43: 35
     44: 53
     45: 85
     46: 335
     47: 52
     48: 56
     49: 52
     50: 50
     51: 72
     52: 60
     53: 31
     54: 40
     55: 42
     56: 34
     57: 57
     58: 54
     59: 41
     60: 66
     61: 33
     62: 60
     63: 21
     64: 22
     65: 20
     66: 17
     67: 23
     68: 22
     69: 32
     70: 41
     71: 33
     72: 39
     73: 85
     74: 41
     75: 34
     76: 25
     77: 20
     78: 25
     79: 32
     80: 42
     81: 241
     82: 37
     83: 40
     84: 38
     85: 36
     86: 24
     87: 56
     88: 28
     89: 19
     90: 17
     91: 80
     92: 37
     93: 33
     94: 28
     95: 48
     96: 32
     97: 31
     98: 36
     99: 24
    100: 15
    101: 28
    102: 25
    103: 27
    104: 36
    105: 55
    106: 36
    107: 52
    108: 41
    109: 46
    110: 37
    111: 91
    112: 37
    113: 58
    114: 26
    115: 53
    116: 96
    117: 57
    118: 50
    119: 53
    120: 70
    121: 34
    122: 197
    123: 43
    124: 37
    125: 29
    126: 31
    127: 28
    128: 74
    129: 55
    130: 59
    131: 68
    132: 70
    133: 40
    134: 43
    135: 75
    136: 25
    137: 130
    138: 21
    139: 43
    140: 152
    141: 62
    142: 35
    143: 47
    144: 32
    145: 42
    146: 55
    147: 157
    148: 31
    149: 28
    150: 21
    151: 21
    152: 49
    153: 46
    154: 75
    155: 300
    156: 32
    157: 149
    158: 45
    159: 40
    160: 70
    161: 35
    162: 128
    163: 33
    164: 42
    165: 40
    166: 59
    167: 52
    168: 73
    169: 46
    170: 45
    171: 35
    172: 48
    173: 63
    174: 27
    175: 179
    176: 53
    177: 53
    178: 138
    179: 47
    180: 37
    181: 36
    182: 42
    183: 48
    184: 25
    185: 45
    186: 21
    187: 18
    188: 65
    189: 93
    190: 31
    191: 47
    192: 63
    193: 34
    194: 105
    195: 76
    196: 38
    197: 67
    198: 42
    199: 78
    200: 180
    201: 38
    202: 38
    203: 80
    204: 41
    205: 133
    206: 244
    207: 206
    208: 51
    209: 102
    210: 194
    211: 57
    212: 133
    213: 54
    214: 72
    215: 77
    216: 52
    217: 110
    218: 256
    219: 235
    220: 50
    221: 192
    222: 35
    223: 56
    224: 165
    225: 112
    226: 485
    227: 163
    228: 361
    229: 66
    230: 69
    231: 46
    232: 54
    233: 27
    234: 32
    235: 42
    236: 162
    237: 170
    238: 184
    239: 100
    240: 37
    241: 286
    242: 274
    243: 99
    244: 60
    245: 84
    246: 212
    247: 79
    248: 85
    249: 72
    250: 108
    251: 59
    252: 118
    253: 210
    254: 94
    255: 345
    256: 82
    257: 89
    258: 70
    259: 53
    260: 87
    261: 119
    262: 59
    263: 92
    264: 134
    265: 73
    266: 83
    267: 83
    268: 71
    269: 51
    270: 48
    271: 50
    272: 126
    273: 89
    274: 148
    275: 92
    276:   )
    277: }
    278: transform { function = none }
    279: regression { aictest = (td easter) }
    280: automdl {}
    281: x11 { mode = add save = (d10 d11) }
        bps_permits 39660            PAGE   2, SERIES bps_permits_addi

 A 1  Time series data (for the span analyzed)
  From  2004.Jan to 2026.Jun
  Observations        270
 -----------------------------------------------------------------------------
               Jan      Feb      Mar      Apr      May      Jun 
               Jul      Aug      Sep      Oct      Nov      Dec        TOTAL  
 -----------------------------------------------------------------------------
  2004         130.      45.      80.      91.     157.      83.
               219.     121.      85.      99.      99.      68.         1277.
 
  2005          87.      75.     111.     132.     102.     111.
                87.      80.      48.      70.      92.     155.         1150.
 
  2006          62.     143.      67.      68.      80.     122.
               118.      61.      66.      49.      54.      33.          923.
 
  2007          40.      35.      53.      85.     335.      52.
                56.      52.      50.      72.      60.      31.          921.
 
  2008          40.      42.      34.      57.      54.      41.
                66.      33.      60.      21.      22.      20.          490.
 
  2009          17.      23.      22.      32.      41.      33.
                39.      85.      41.      34.      25.      20.          412.
 
  2010          25.      32.      42.     241.      37.      40.
                38.      36.      24.      56.      28.      19.          618.
 
  2011          17.      80.      37.      33.      28.      48.
                32.      31.      36.      24.      15.      28.          409.
 
  2012          25.      27.      36.      55.      36.      52.
                41.      46.      37.      91.      37.      58.          541.
 
  2013          26.      53.      96.      57.      50.      53.
                70.      34.     197.      43.      37.      29.          745.
 
  2014          31.      28.      74.      55.      59.      68.
                70.      40.      43.      75.      25.     130.          698.
 
  2015          21.      43.     152.      62.      35.      47.
                32.      42.      55.     157.      31.      28.          705.
 
  2016          21.      21.      49.      46.      75.     300.
                32.     149.      45.      40.      70.      35.          883.
 
  2017         128.      33.      42.      40.      59.      52.
                73.      46.      45.      35.      48.      63.          664.
 
  2018          27.     179.      53.      53.     138.      47.
                37.      36.      42.      48.      25.      45.          730.
 
  2019          21.      18.      65.      93.      31.      47.
                63.      34.     105.      76.      38.      67.          658.
 
  2020          42.      78.     180.      38.      38.      80.
                41.     133.     244.     206.      51.     102.         1233.
 
  2021         194.      57.     133.      54.      72.      77.
                52.     110.     256.     235.      50.     192.         1482.
 
  2022          35.      56.     165.     112.     485.     163.
               361.      66.      69.      46.      54.      27.         1639.
 
  2023          32.      42.     162.     170.     184.     100.
                37.     286.     274.      99.      60.      84.         1530.
 
  2024         212.      79.      85.      72.     108.      59.
               118.     210.      94.     345.      82.      89.         1553.
 
  2025          70.      53.      87.     119.      59.      92.
               134.      73.      83.      83.      71.      51.          975.
 
  2026          48.      50.     126.      89.     148.      92.
                                                                          553.
 
  AVGE          59.      56.      85.      81.     105.      81.
                83.      82.      91.      91.      49.      62.

  Table Total-       20789.   Mean-        77.   Std. Dev.-        65.
                              Min -        15.        Max -       485.
        bps_permits 39660            PAGE   3, SERIES bps_permits_addi
                        Automatic ARIMA Model Selection

                    Procedure based closely on TRAMO method 
                         of Gomez and Maravall (2000)
              "Automatic Modeling Methods for Univariate Series",
                            A Course in Time Series
                  (Edited by D. Pena, G. C. Tiao, R. S. Tsay),
                         New York : J. Wiley and Sons


     Maximum order for regular ARMA parameters :   2
     Maximum order for seasonal ARMA parameters :   1
     Maximum order for regular differencing :   2
     Maximum order for seasonal differencing :   1

   Results of Unit Root Test for identifying orders of differencing:
     Regular difference order :   0
     Seasonal difference order :   0

  Automatic model choice : (1 0 1)


  Final Checks for Identified Model


  Checking for Unit Roots.
   Regular unit root found.
   ( 0, 1, 1) ( 0, 0, 0)
  Constant term removed from model

  Checking for nonseasonal overdifferencing.
   Nonseasonal MA not within  0.001 of 1.0 - model passes test.

  Checking for insignificant ARMA coefficients.

  Final automatic model choice : (0 1 1)
   End of automatic model selection procedure.

 Average absolute percentage error in within-sample forecasts:
  Last year:  53.13      Last-1 year:  45.12     Last-2 year:  69.99
  Last three years:   56.08

 Estimation converged in    1 ARMA iterations,    3 function evaluations.

 ARIMA Model:  (0 1 1)
   Nonseasonal differences: 1
                                              Standard
 Parameter                    Estimate          Errors
 -----------------------------------------------------
 Nonseasonal MA                                    
   Lag  1                       0.9139         0.02516

 Variance                       0.36381E+04
 SE of Var                      0.31370E+03
 -----------------------------------------------------

 Likelihood Statistics
 ------------------------------------------------------------------
 Number of observations (nobs)                                  270
 Effective number of observations (nefobs)                      269
 Number of parameters estimated (np)                              2
 Log likelihood (L)                                      -1485.3923
 AIC                                                      2974.7846 
 AICC (F-corrected-AIC)                                   2974.8297 
 Hannan Quinn                                             2977.6719 
 BIC                                                      2981.9740 
 ------------------------------------------------------------------

 QS Statistic for regARIMA Model Residuals (full series):             0.00
                                                       (P-Value =     0.9991)

 QS Statistic for regARIMA Model Residuals (starting 2018.Jul):       0.12
                                                       (P-Value =     0.9439)
      10*LOG(SPECTRUM) of the regARIMA model residuals
      Spectrum estimated from 2018.Jul to 2026.Jun.
 ++++++++++I+++++++++++++++++++++++++++++++++++++++++++++++++++++++++++++I
      43.77I             *                                               I     43.77
           I             *                                               I
           I             *                                               I
           I             *                                               I
      42.96I             *                                               I     42.96
           I             *                                               I
           I             *                                               I
           I             *                                               I
      42.14I       *     *                                               I     42.14
           I       *     *                                               I
           I       *    **                                               I
           I       **   **                                               I
      41.33I       **   **                                               I     41.33
           I       **   **                                               I
           I       **   **                                    S          I
           I       **   **                                    S   *      I
      40.52I       **   **    *                               S   *      I     40.52
           I       **   **    *       *                       S  **      I
           I       **   **    *       *                       S  **      I
           I       ***  **    *       *                       S  **      I
      39.71I       *** ***    *       *                       S  **      I     39.71
           I       ***S****   *       *                       S  **      I
           I       ***S****   *       *                       S  **   *  I
           I       ***S****  **       *                       S  **   *  I
      38.89I       ***S****  **       *                  *    S  **   *  I     38.89
           I       ***S****  **       *                  *    S  **   *  I
           I       ***S****  **       *                  **   S  **   *  I
           I       ***S****  **       *              *   **  *S  **   *  I
      38.08I *    ****S****  **       *              *   **  *S  **   *  I     38.08
           I *    ****S****  **   *   *              *   **  *S  **   *  I
           I **   ****S****  **   *  **              *   **  *S* **   *  I
           I***   ****S****  **   *  ***             *   **  *S* **   *  I
      37.27I***   ****S****  ***  *  ***   *         *   **  *S* **   *  I     37.27
           I***   ****S****  ***  *  ***   *         *   **  *S* **   *  I
           I***   ****S****  ***  *  ***   *         *   **  *S* **   *  I
           I***   ****S****  *** **  ***   *         *T  **  *S*T**   *  I
      36.45I***   ****S********* *** ***   *         *T  **  *S*T**   *  I     36.45
           I***   ****S********* *** ***   *        S*T  **  *S*T**   ** I
           I***   ****S********* *** ***  S*        S*T  **  *S*T**   ** I
           I***   ****S*********S*******  S*        S*T  **  *S*T**  *** I
      35.64I***   ****S*********S*******  S**       S*T  **  *S*T**  *** I     35.64
           I****  ****S*********S*******  S**       S*T  **  *S*T**  *** I
           I****  ****S*********S*******  S**       S*T  **  *S*T**  *** I
           I****  ****S*********S*******  S**       S*T **** *S*T**  *** I
      34.83I**** *****S*********S*******  S**       S*T ******S*T*** *** I     34.83
           I**** *****S*********S******** S**       S*T ******S*T*** *** I
           I**** *****S*********S*********S**       S*T ******S*T*** ***SI
           I**** *****S*********S*********S**    *  S*T*******S*T*** ***SI
      34.02I**********S*********S*********S**   ** *S*T*******S*T*** ***SI     34.02
           I**********S*********S*********S***  ****S*T*******S*T*** ***SI
           I**********S*********S*********S***  ****S*T*******S*T*******SI
           I**********S*********S*********S*** *****S*T*******S*T*******SI
      33.20I**********S*********S*********S*********S*T*******S*T*******SI     33.20
 ++++++++++I+++++++++++++++++++++++++++++++++++++++++++++++++++++++++++++I
            S=SEASONAL FREQUENCIES, T=TRADING DAY FREQUENCIES


 FORECASTING
  Origin  2026.Jun
  Number        12

  Forecasts and Standard Errors
   ------------------------------
                         Standard
       Date   Forecast      Error
   ------------------------------
   2026.Jul      96.61     60.317
   2026.Aug      96.61     60.540
   2026.Sep      96.61     60.763
   2026.Oct      96.61     60.985
   2026.Nov      96.61     61.205
   2026.Dec      96.61     61.426
   2027.Jan      96.61     61.645
   2027.Feb      96.61     61.863
   2027.Mar      96.61     62.081
   2027.Apr      96.61     62.298
   2027.May      96.61     62.514
   2027.Jun      96.61     62.730
   ------------------------------

  Confidence intervals with coverage probability ( 0.95000
   ---------------------------------------
       Date      Lower  Forecast     Upper
   ---------------------------------------
   2026.Jul     -21.61     96.61    214.83
   2026.Aug     -22.04     96.61    215.27
   2026.Sep     -22.48     96.61    215.71
   2026.Oct     -22.91     96.61    216.14
   2026.Nov     -23.35     96.61    216.57
   2026.Dec     -23.78     96.61    217.00
   2027.Jan     -24.21     96.61    217.43
   2027.Feb     -24.64     96.61    217.86
   2027.Mar     -25.06     96.61    218.29
   2027.Apr     -25.49     96.61    218.71
   2027.May     -25.91     96.61    219.14
   2027.Jun     -26.34     96.61    219.56
   ---------------------------------------
        bps_permits 39660            PAGE   4, SERIES bps_permits_addi

 B 1  Original series (prior adjusted)
  From  2004.Jan to 2026.Jun
  Observations        270
 -----------------------------------------------------------------------------
               Jan      Feb      Mar      Apr      May      Jun 
               Jul      Aug      Sep      Oct      Nov      Dec        TOTAL  
 -----------------------------------------------------------------------------
  2004         130.      45.      80.      91.     157.      83.
               219.     121.      85.      99.      99.      68.         1277.
 
  2005          87.      75.     111.     132.     102.     111.
                87.      80.      48.      70.      92.     155.         1150.
 
  2006          62.     143.      67.      68.      80.     122.
               118.      61.      66.      49.      54.      33.          923.
 
  2007          40.      35.      53.      85.     335.      52.
                56.      52.      50.      72.      60.      31.          921.
 
  2008          40.      42.      34.      57.      54.      41.
                66.      33.      60.      21.      22.      20.          490.
 
  2009          17.      23.      22.      32.      41.      33.
                39.      85.      41.      34.      25.      20.          412.
 
  2010          25.      32.      42.     241.      37.      40.
                38.      36.      24.      56.      28.      19.          618.
 
  2011          17.      80.      37.      33.      28.      48.
                32.      31.      36.      24.      15.      28.          409.
 
  2012          25.      27.      36.      55.      36.      52.
                41.      46.      37.      91.      37.      58.          541.
 
  2013          26.      53.      96.      57.      50.      53.
                70.      34.     197.      43.      37.      29.          745.
 
  2014          31.      28.      74.      55.      59.      68.
                70.      40.      43.      75.      25.     130.          698.
 
  2015          21.      43.     152.      62.      35.      47.
                32.      42.      55.     157.      31.      28.          705.
 
  2016          21.      21.      49.      46.      75.     300.
                32.     149.      45.      40.      70.      35.          883.
 
  2017         128.      33.      42.      40.      59.      52.
                73.      46.      45.      35.      48.      63.          664.
 
  2018          27.     179.      53.      53.     138.      47.
                37.      36.      42.      48.      25.      45.          730.
 
  2019          21.      18.      65.      93.      31.      47.
                63.      34.     105.      76.      38.      67.          658.
 
  2020          42.      78.     180.      38.      38.      80.
                41.     133.     244.     206.      51.     102.         1233.
 
  2021         194.      57.     133.      54.      72.      77.
                52.     110.     256.     235.      50.     192.         1482.
 
  2022          35.      56.     165.     112.     485.     163.
               361.      66.      69.      46.      54.      27.         1639.
 
  2023          32.      42.     162.     170.     184.     100.
                37.     286.     274.      99.      60.      84.         1530.
 
  2024         212.      79.      85.      72.     108.      59.
               118.     210.      94.     345.      82.      89.         1553.
 
  2025          70.      53.      87.     119.      59.      92.
               134.      73.      83.      83.      71.      51.          975.
 
  2026          48.      50.     126.      89.     148.      92.
                                                                          553.
 
  AVGE          59.      56.      85.      81.     105.      81.
                83.      82.      91.      91.      49.      62.

  Table Total-       20789.   Mean-        77.   Std. Dev.-        65.
                              Min -        15.        Max -       485.

 B 1.A  Forecasts of (prior adjusted) original series
  From  2026.Jul to 2027.Jun
  Observations         12
 -----------------------------------------------------------------------------
               Jan      Feb      Mar      Apr      May      Jun 
               Jul      Aug      Sep      Oct      Nov      Dec        TOTAL  
 -----------------------------------------------------------------------------
  2026                                                          
                97.      97.      97.      97.      97.      97.          580.
 
  2027          97.      97.      97.      97.      97.      97.
                                                                          580.
 
        bps_permits 39660            PAGE   5, SERIES bps_permits_addi

 C 17  Final weights for irregular component
  From  2004.Jan to 2026.Jun
  Observations        270
  Lower sigma limit    1.50
  Upper sigma limit    2.50
 -----------------------------------------------------------------------------
               Jan      Feb      Mar      Apr      May      Jun 
               Jul      Aug      Sep      Oct      Nov      Dec         S.D.  
 -----------------------------------------------------------------------------
  2004          78.     100.     100.     100.     100.     100.
                 0.     100.     100.     100.     100.     100.         2553.
 
  2005         100.     100.     100.     100.     100.     100.
               100.     100.     100.     100.     100.       0.         2553.
 
  2006         100.       0.     100.     100.     100.     100.
               100.     100.     100.     100.     100.     100.         2553.
 
  2007         100.     100.     100.     100.       0.      58.
                39.     100.     100.     100.     100.     100.         2207.
 
  2008         100.     100.     100.     100.     100.     100.
               100.     100.     100.     100.     100.     100.         1906.
 
  2009         100.     100.     100.     100.     100.     100.
               100.       0.     100.     100.     100.     100.         1661.
 
  2010         100.     100.     100.       0.      52.     100.
               100.     100.     100.     100.     100.     100.         1421.
 
  2011         100.       0.     100.     100.     100.     100.
               100.     100.     100.     100.     100.     100.         1497.
 
  2012         100.     100.     100.     100.     100.     100.
               100.     100.     100.     100.     100.     100.         1704.
 
  2013         100.     100.     100.     100.     100.     100.
               100.     100.       0.     100.     100.     100.         2419.
 
  2014         100.     100.     100.     100.     100.     100.
               100.     100.     100.     100.     100.       0.         2724.
 
  2015         100.     100.       0.     100.     100.     100.
               100.     100.     100.       0.     100.     100.         3019.
 
  2016         100.     100.     100.     100.     100.       0.
                52.      64.     100.     100.     100.     100.         3206.
 
  2017           0.     100.     100.     100.     100.     100.
               100.     100.     100.     100.     100.     100.         3146.
 
  2018         100.       0.     100.     100.       0.     100.
               100.     100.     100.     100.     100.     100.         3182.
 
  2019         100.     100.     100.     100.     100.     100.
               100.     100.     100.     100.     100.     100.         3658.
 
  2020         100.     100.      74.     100.     100.     100.
               100.     100.     100.     100.     100.     100.         4257.
 
  2021           2.     100.     100.     100.     100.     100.
               100.     100.     100.     100.     100.     100.         4805.
 
  2022          97.     100.     100.     100.       0.     100.
                 0.     100.      66.     100.     100.     100.         5334.
 
  2023         100.     100.     100.     100.     100.     100.
                27.      36.      91.     100.     100.     100.         5105.
 
  2024           0.     100.     100.     100.     100.     100.
               100.     100.     100.       0.     100.     100.         4638.
 
  2025         100.     100.     100.     100.     100.     100.
               100.     100.     100.     100.     100.     100.         4436.
 
  2026         100.     100.     100.     100.     100.     100.
                                                                         4436.
 
        bps_permits 39660            PAGE   6, SERIES bps_permits_addi

 D 8  Final unmodified SI ratios
  From  2004.Jan to 2026.Jun
  Observations        270
 -----------------------------------------------------------------------------
               Jan      Feb      Mar      Apr      May      Jun 
               Jul      Aug      Sep      Oct      Nov      Dec         AVGE  
 -----------------------------------------------------------------------------
  2004          35.     -49.     -15.      -5.      60.     -15.
               120.      20.     -17.      -5.      -5.     -36.            7.
 
  2005         -15.     -24.      15.      39.      12.      24.
                 3.      -2.     -32.      -9.      14.      77.            8.
 
  2006         -17.      64.     -12.     -10.       4.      48.
                46.      -8.      -1.     -15.      -8.     -28.            5.
 
  2007         -20.     -24.      -7.      25.     273.     -11.
                -7.     -11.     -12.      12.       2.     -24.           16.
 
  2008         -12.      -8.     -13.      12.      11.       0.
                27.      -5.      24.     -14.     -11.     -12.           -0.
 
  2009         -13.      -6.      -6.       5.      14.       5.
                10.      55.       9.       0.     -11.     -18.            4.
 
  2010         -14.      -8.       2.     201.      -3.       1.
                -0.      -1.     -12.      21.      -6.     -14.           14.
 
  2011         -15.      49.       7.       3.      -1.      19.
                 3.       2.       6.      -6.     -16.      -3.            4.
 
  2012          -7.      -6.       1.      18.      -3.      10.
                -4.      -2.     -14.      37.     -19.      -0.            1.
 
  2013         -33.      -6.      38.       1.      -4.       1.
                21.     -13.     151.      -2.      -8.     -16.           11.
 
  2014         -15.     -20.      25.       5.       8.      16.
                18.     -13.     -10.      22.     -28.      78.            7.
 
  2015         -30.      -6.     105.      17.      -8.       6.
                -8.       4.      18.     120.      -7.     -12.           16.
 
  2016         -22.     -26.      -2.      -9.      16.     238.
               -32.      85.     -18.     -21.      12.     -19.           17.
 
  2017          77.     -14.      -3.      -4.      15.       8.
                28.      -1.      -3.     -14.      -3.      12.            8.
 
  2018         -24.     128.       4.       6.      93.       5.
                -2.      -1.       6.      12.     -12.       5.           18.
 
  2019         -22.     -29.      15.      41.     -23.      -8.
                 7.     -23.      47.      16.     -25.       2.           -0.
 
  2020         -27.       4.     100.     -49.     -55.     -20.
               -64.      23.     131.      92.     -62.      -7.            5.
 
  2021          90.     -41.      39.     -38.     -22.     -21.
               -53.      -3.     135.     107.     -85.      52.           13.
 
  2022        -107.     -84.      30.     -14.     370.      60.
               270.     -15.      -5.     -25.     -18.     -51.           34.
 
  2023         -55.     -58.      48.      44.      47.     -43.
              -108.     143.     136.     -32.     -62.     -29.            3.
 
  2024         108.     -18.      -7.     -18.      18.     -34.
                21.     109.     -10.     239.     -25.     -17.           30.
 
  2025         -33.     -45.      -5.      32.     -23.      14.
                58.      -1.       8.       7.      -8.     -31.           -2.
 
  2026         -38.     -38.      36.      -2.      56.      -2.
                                                                            2.
 
  AVGE          -9.     -12.      17.      13.      37.      13.
                16.      15.      24.      25.     -18.      -4.

  Table Total-        2664.   Mean-        10.   Std. Dev.-        57.
                              Min -      -108.        Max -       370.
        bps_permits 39660            PAGE   7, SERIES bps_permits_addi

 D 8.B  Final unmodified SI ratios, with labels for outliers and extreme values
  From  2004.Jan to 2026.Jun
  Observations        270
 ---------------------------------------------------------------------
               Jan       Feb       Mar       Apr       May       Jun  
               Jul       Aug       Sep       Oct       Nov       Dec  
 ---------------------------------------------------------------------
  2004         35.*     -49.      -15.       -5.       60.      -15.  
              120.*      20.      -17.       -5.       -5.      -36.  
 
  2005        -15.      -24.       15.       39.       12.       24.  
                3.       -2.      -32.       -9.       14.       77.* 
 
  2006        -17.       64.*     -12.      -10.        4.       48.  
               46.       -8.       -1.      -15.       -8.      -28.  
 
  2007        -20.      -24.       -7.       25.      273.*     -11.* 
               -7.*     -11.      -12.       12.        2.      -24.  
 
  2008        -12.       -8.      -13.       12.       11.        0.  
               27.       -5.       24.      -14.      -11.      -12.  
 
  2009        -13.       -6.       -6.        5.       14.        5.  
               10.       55.*       9.        0.      -11.      -18.  
 
  2010        -14.       -8.        2.      201.*      -3.*       1.  
               -0.       -1.      -12.       21.       -6.      -14.  
 
  2011        -15.       49.*       7.        3.       -1.       19.  
                3.        2.        6.       -6.      -16.       -3.  
 
  2012         -7.       -6.        1.       18.       -3.       10.  
               -4.       -2.      -14.       37.      -19.       -0.  
 
  2013        -33.       -6.       38.        1.       -4.        1.  
               21.      -13.      151.*      -2.       -8.      -16.  
 
  2014        -15.      -20.       25.        5.        8.       16.  
               18.      -13.      -10.       22.      -28.       78.* 
 
  2015        -30.       -6.      105.*      17.       -8.        6.  
               -8.        4.       18.      120.*      -7.      -12.  
 
  2016        -22.      -26.       -2.       -9.       16.      238.* 
              -32.*      85.*     -18.      -21.       12.      -19.  
 
  2017         77.*     -14.       -3.       -4.       15.        8.  
               28.       -1.       -3.      -14.       -3.       12.  
 
  2018        -24.      128.*       4.        6.       93.*       5.  
               -2.       -1.        6.       12.      -12.        5.  
 
  2019        -22.      -29.       15.       41.      -23.       -8.  
                7.      -23.       47.       16.      -25.        2.  
 
  2020        -27.        4.      100.*     -49.      -55.      -20.  
              -64.       23.      131.       92.      -62.       -7.  
 
  2021         90.*     -41.       39.      -38.      -22.      -21.  
              -53.       -3.      135.      107.      -85.       52.  
 
  2022       -107.*     -84.       30.      -14.      370.*      60.  
              270.*     -15.       -5.*     -25.      -18.      -51.  
 
  2023        -55.      -58.       48.       44.       47.      -43.  
             -108.*     143.*     136.*     -32.      -62.      -29.  
 
  2024        108.*     -18.       -7.      -18.       18.      -34.  
               21.      109.      -10.      239.*     -25.      -17.  
 
  2025        -33.      -45.       -5.       32.      -23.       14.  
               58.       -1.        8.        7.       -8.      -31.  
 
  2026        -38.      -38.       36.       -2.       56.       -2.  
                                                                      
 

  Key to symbols:
    *  : extreme value as determined by X-11 extreme value procedure
 
        bps_permits 39660            PAGE   8, SERIES bps_permits_addi

 D 9  Final replacement values for SI ratios
  From  2004.Jan to 2026.Jun
  Observations        270
 ---------------------------------------------------------------
               Jan      Feb      Mar      Apr      May      Jun 
               Jul      Aug      Sep      Oct      Nov      Dec 
 ---------------------------------------------------------------
  2004          26. ******** ******** ******** ******** ********
                35. ******** ******** ******** ******** ********
 
  2005     ******** ******** ******** ******** ******** ********
           ******** ******** ******** ******** ********      -4.
 
  2006     ********      -9. ******** ******** ******** ********
           ******** ******** ******** ******** ******** ********
 
  2007     ******** ******** ******** ********      38.       7.
                21. ******** ******** ******** ******** ********
 
  2008     ******** ******** ******** ******** ******** ********
           ******** ******** ******** ******** ******** ********
 
  2009     ******** ******** ******** ******** ******** ********
           ********       2. ******** ******** ******** ********
 
  2010     ******** ******** ********      28.      11. ********
           ******** ******** ******** ******** ******** ********
 
  2011     ********      -4. ******** ******** ******** ********
           ******** ******** ******** ******** ******** ********
 
  2012     ******** ******** ******** ******** ******** ********
           ******** ******** ******** ******** ******** ********
 
  2013     ******** ******** ******** ******** ******** ********
           ******** ********       8. ******** ******** ********
 
  2014     ******** ******** ******** ******** ******** ********
           ******** ******** ******** ******** ********       1.
 
  2015     ******** ********      28. ******** ******** ********
           ******** ******** ********      10. ******** ********
 
  2016     ******** ******** ******** ******** ********      28.
                -2.      63. ******** ******** ******** ********
 
  2017         -20. ******** ******** ******** ******** ********
           ******** ******** ******** ******** ******** ********
 
  2018     ********      -3. ******** ********       9. ********
           ******** ******** ******** ******** ******** ********
 
  2019     ******** ******** ******** ******** ******** ********
           ******** ******** ******** ******** ******** ********
 
  2020     ******** ********      80. ******** ******** ********
           ******** ******** ******** ******** ******** ********
 
  2021         -27. ******** ******** ******** ******** ********
           ******** ******** ******** ******** ******** ********
 
  2022        -104. ******** ******** ********      53. ********
                25. ********      28. ******** ******** ********
 
  2023     ******** ******** ******** ******** ******** ********
               -25.      73.     129. ******** ******** ********
 
  2024         -38. ******** ******** ******** ******** ********
           ******** ******** ********      27. ******** ********
 
  2025     ******** ******** ******** ******** ******** ********
           ******** ******** ******** ******** ******** ********
 
  2026     ******** ******** ******** ******** ******** ********
                                                                
 

 D 9.A  Moving seasonality ratio
 ---------------------------------------------------------------
               Jan      Feb      Mar      Apr      May      Jun 
 ---------------------------------------------------------------
   I         14.651   17.057   18.960   30.753   25.678   22.848
   S          2.825    3.264    3.204    3.652    4.413    3.805
 RATIO        5.187    5.225    5.918    8.420    5.818    6.004



 ---------------------------------------------------------------
               Jul      Aug      Sep      Oct      Nov      Dec 
 ---------------------------------------------------------------
   I         25.217   27.181   37.066   28.256   17.687   18.743
   S          4.673    3.611    6.086    5.174    3.256    3.100
 RATIO        5.396    7.527    6.090    5.461    5.432    6.046



        bps_permits 39660            PAGE   9, SERIES bps_permits_addi

 D 10  Final seasonal factors
  From  2004.Jan to 2026.Jun
  Observations        270
  Seasonal filter    3 x 5 moving average
 -----------------------------------------------------------------------------
               Jan      Feb      Mar      Apr      May      Jun 
               Jul      Aug      Sep      Oct      Nov      Dec         AVGE  
 -----------------------------------------------------------------------------
  2004          -5.     -27.      -5.      11.      27.      17.
                27.       1.     -16.      -7.       0.     -23.            0.
 
  2005          -6.     -26.      -5.      11.      27.      15.
                27.       0.     -13.      -6.      -1.     -22.            0.
 
  2006         -10.     -21.      -5.      13.      23.      15.
                25.      -2.      -9.      -6.      -2.     -20.            0.
 
  2007         -12.     -16.      -6.      13.      19.      14.
                23.      -4.      -3.      -4.      -4.     -19.            0.
 
  2008         -15.     -11.      -5.      14.      15.      12.
                18.      -4.       0.      -1.      -6.     -17.            0.
 
  2009         -14.      -9.      -4.      13.      12.       9.
                13.      -3.       2.       3.     -10.     -14.            0.
 
  2010         -14.      -7.       1.      13.       8.       7.
                 8.      -2.       1.       6.     -11.     -11.            0.
 
  2011         -15.      -7.       7.      12.       4.       8.
                 7.      -3.      -1.      10.     -13.      -9.            0.
 
  2012         -18.      -8.      14.      10.       1.       9.
                 6.      -4.      -1.      12.     -14.      -7.            0.
 
  2013         -19.     -10.      17.       9.       0.      11.
                 6.      -1.      -2.      12.     -13.      -7.            0.
 
  2014         -22.     -12.      18.       5.       2.      11.
                 7.       4.      -1.       7.     -10.      -7.            0.
 
  2015         -22.     -14.      15.       4.       5.      12.
                 7.       9.      -2.       3.      -8.      -6.            0.
 
  2016         -23.     -14.      12.       5.       5.      11.
                 7.       9.       2.       0.      -7.      -4.            0.
 
  2017         -22.     -14.      13.       3.       0.       7.
                 1.      10.      13.       6.     -11.      -2.            0.
 
  2018         -23.     -14.      19.      -1.      -8.       0.
                -7.       7.      35.      20.     -21.       3.            1.
 
  2019         -29.     -19.      27.      -9.     -11.      -1.
               -14.       3.      56.      33.     -32.       4.            1.
 
  2020         -37.     -29.      34.      -9.      -9.      -4.
               -19.       3.      76.      39.     -42.       2.            0.
 
  2021         -46.     -38.      37.     -11.      -1.      -5.
               -19.      16.      83.      36.     -47.      -5.            0.
 
  2022         -50.     -44.      33.      -6.       7.      -8.
               -12.      28.      79.      28.     -46.     -11.           -0.
 
  2023         -53.     -47.      25.      -2.      18.      -5.
                 1.      35.      58.      16.     -38.     -18.           -1.
 
  2024         -47.     -45.      18.       7.      22.      -6.
                12.      37.      40.       4.     -30.     -21.           -1.
 
  2025         -39.     -37.      13.       8.      21.      -6.
                18.      39.      24.      -0.     -22.     -22.           -0.
 
  2026         -30.     -30.       8.       6.      14.      -7.
                                                                           -7.
 
  AVGE         -25.     -22.      12.       5.       9.       5.
                 7.       8.      19.      10.     -18.     -11.

  Table Total-         -19.   Mean-        -0.   Std. Dev.-        20.
                              Min -       -53.        Max -        83.

 D 10.A  Final seasonal component forecasts
  From  2026.Jul to 2027.Jun
  Observations         12
 -----------------------------------------------------------------------------
               Jan      Feb      Mar      Apr      May      Jun 
               Jul      Aug      Sep      Oct      Nov      Dec         AVGE  
 -----------------------------------------------------------------------------
  2026                                                          
                19.      41.      18.       3.     -20.     -20.            7.
 
  2027         -28.     -29.       5.       4.      10.      -3.
                                                                           -7.
 
        bps_permits 39660            PAGE  10, SERIES bps_permits_addi

 D 11  Final seasonally adjusted data
  From  2004.Jan to 2026.Jun
  Observations        270
 -----------------------------------------------------------------------------
               Jan      Feb      Mar      Apr      May      Jun 
               Jul      Aug      Sep      Oct      Nov      Dec        TOTAL  
 -----------------------------------------------------------------------------
  2004         135.      72.      85.      80.     130.      66.
               192.     120.     101.     106.      99.      91.         1276.
 
  2005          93.     101.     116.     121.      75.      96.
                60.      80.      61.      76.      93.     177.         1149.
 
  2006          72.     164.      72.      55.      57.     107.
                93.      63.      75.      55.      56.      53.          921.
 
  2007          52.      51.      59.      72.     316.      38.
                33.      56.      53.      76.      64.      50.          920.
 
  2008          55.      53.      39.      43.      39.      29.
                48.      37.      60.      22.      28.      37.          490.
 
  2009          31.      32.      26.      19.      29.      24.
                26.      88.      39.      31.      35.      34.          412.
 
  2010          39.      39.      41.     228.      29.      33.
                30.      38.      23.      50.      39.      30.          618.
 
  2011          32.      87.      30.      21.      24.      40.
                25.      34.      37.      14.      28.      37.          408.
 
  2012          43.      35.      22.      45.      35.      43.
                35.      50.      38.      79.      51.      65.          540.
 
  2013          45.      63.      79.      48.      50.      42.
                64.      35.     199.      31.      50.      36.          742.
 
  2014          53.      40.      56.      50.      57.      57.
                63.      36.      44.      68.      35.     137.          696.
 
  2015          43.      57.     137.      58.      30.      35.
                25.      33.      57.     154.      39.      34.          703.
 
  2016          44.      35.      37.      41.      70.     289.
                25.     140.      43.      40.      77.      39.          881.
 
  2017         150.      47.      29.      37.      59.      45.
                72.      36.      32.      29.      59.      65.          659.
 
  2018          50.     193.      34.      54.     146.      47.
                44.      29.       7.      28.      46.      42.          720.
 
  2019          50.      37.      38.     102.      42.      48.
                77.      31.      49.      43.      70.      63.          650.
 
  2020          79.     107.     146.      47.      47.      84.
                60.     130.     168.     167.      93.     100.         1227.
 
  2021         240.      95.      96.      65.      73.      82.
                71.      94.     173.     199.      97.     197.         1482.
 
  2022          85.     100.     132.     118.     478.     171.
               373.      38.     -10.      18.     100.      38.         1641.
 
  2023          85.      89.     137.     172.     166.     105.
                36.     251.     216.      83.      98.     102.         1539.
 
  2024         259.     124.      67.      65.      86.      65.
               106.     173.      54.     341.     112.     110.         1562.
 
  2025         109.      90.      74.     111.      38.      98.
               116.      34.      59.      83.      93.      73.          981.
 
  2026          78.      80.     118.      83.     134.      99.
                                                                          592.
 
  AVGE          84.      78.      73.      75.      96.      76.
                76.      74.      72.      81.      66.      73.

  Table Total-       20808.   Mean-        77.   Std. Dev.-        61.
                              Min -       -10.        Max -       478.
        bps_permits 39660            PAGE  11, SERIES bps_permits_addi

 D 12  Final trend cycle
  From  2004.Jan to 2026.Jun
  Observations        270
  Trend filter    23-term Henderson moving average
  I/C ratio        4.70
 -----------------------------------------------------------------------------
               Jan      Feb      Mar      Apr      May      Jun 
               Jul      Aug      Sep      Oct      Nov      Dec        TOTAL  
 -----------------------------------------------------------------------------
  2004          95.      95.      96.      96.      97.      98.
                99.     100.     102.     103.     104.     104.         1188.
 
  2005         102.     100.      97.      94.      90.      87.
                84.      82.      80.      78.      78.      78.         1050.
 
  2006          78.      79.      79.      79.      77.      75.
                72.      69.      67.      64.      62.      60.          862.
 
  2007          59.      59.      59.      60.      62.      63.
                64.      63.      62.      60.      58.      55.          725.
 
  2008          52.      49.      47.      44.      42.      41.
                39.      38.      37.      35.      34.      32.          491.
 
  2009          30.      28.      27.      27.      27.      27.
                29.      30.      32.      34.      36.      38.          366.
 
  2010          39.      40.      40.      40.      40.      39.
                38.      37.      36.      35.      34.      33.          451.
 
  2011          32.      31.      30.      30.      29.      29.
                29.      29.      30.      30.      31.      32.          361.
 
  2012          32.      33.      35.      36.      39.      41.
                45.      48.      51.      54.      57.      59.          530.
 
  2013          59.      59.      58.      56.      54.      51.
                49.      47.      45.      45.      45.      45.          614.
 
  2014          47.      48.      50.      51.      52.      52.
                52.      53.      53.      53.      52.      52.          613.
 
  2015          50.      49.      47.      46.      44.      42.
                40.      39.      37.      37.      38.      39.          508.
 
  2016          42.      46.      51.      55.      59.      63.
                65.      65.      64.      61.      58.      54.          683.
 
  2017          50.      47.      45.      44.      44.      45.
                45.      46.      47.      49.      50.      51.          564.
 
  2018          52.      51.      50.      48.      46.      42.
                39.      36.      35.      35.      37.      40.          514.
 
  2019          44.      47.      50.      52.      53.      54.
                55.      57.      59.      62.      64.      67.          663.
 
  2020          70.      74.      79.      85.      91.      98.
               104.     110.     114.     116.     115.     111.         1169.
 
  2021         105.      98.      93.      91.      92.      97.
               104.     112.     121.     129.     136.     140.         1318.
 
  2022         142.     140.     135.     127.     116.     103.
                91.      81.      74.      70.      70.      75.         1225.
 
  2023          85.      99.     114.     128.     139.     145.
               147.     145.     139.     130.     120.     111.         1503.
 
  2024         102.      95.      91.      90.      91.      94.
                98.     102.     105.     107.     107.     105.         1188.
 
  2025         102.      97.      92.      86.      82.      78.
                75.      74.      74.      77.      80.      83.         1000.
 
  2026          87.      89.      91.      92.      92.      93.
                                                                          544.
 
  AVGE          68.      68.      68.      68.      68.      68.
                67.      67.      67.      67.      67.      67.

  Table Total-       18130.   Mean-        67.   Std. Dev.-        30.
                              Min -        27.        Max -       147.
        bps_permits 39660            PAGE  12, SERIES bps_permits_addi

 D 13  Final irregular component
  From  2004.Jan to 2026.Jun
  Observations        270
 -----------------------------------------------------------------------------
               Jan      Feb      Mar      Apr      May      Jun 
               Jul      Aug      Sep      Oct      Nov      Dec         S.D.  
 -----------------------------------------------------------------------------
  2004          40.     -23.     -11.     -16.      33.     -32.
                93.      20.      -0.       3.      -5.     -13.           34.
 
  2005          -9.       1.      19.      27.     -15.       8.
               -24.      -2.     -18.      -2.      15.      99.           32.
 
  2006          -7.      85.      -7.     -24.     -20.      32.
                21.      -6.       8.      -9.      -6.      -7.           29.
 
  2007          -7.      -8.      -0.      12.     254.     -25.
               -31.      -8.      -9.      16.       6.      -5.           75.
 
  2008           3.       4.      -8.      -1.      -4.     -12.
                 9.      -1.      23.     -13.      -5.       5.            9.
 
  2009           1.       3.      -2.      -8.       2.      -3.
                -3.      58.       7.      -3.      -2.      -4.           17.
 
  2010           0.      -1.       0.     188.     -11.      -6.
                -9.       1.     -13.      15.       5.      -3.           55.
 
  2011           0.      56.      -1.      -9.      -5.      11.
                -4.       5.       7.     -17.      -3.       5.           18.
 
  2012          10.       1.     -13.       8.      -4.       2.
               -10.       2.     -13.      25.      -6.       7.           11.
 
  2013         -14.       4.      21.      -8.      -4.      -9.
                15.     -12.     154.     -14.       6.      -9.           46.
 
  2014           6.      -8.       6.      -1.       6.       5.
                10.     -16.      -9.      15.     -17.      86.           27.
 
  2015          -7.       8.      90.      13.     -14.      -7.
               -16.      -5.      20.     117.       1.      -5.           44.
 
  2016           2.     -11.     -14.     -14.      11.     227.
               -40.      75.     -21.     -21.      19.     -15.           71.
 
  2017         100.      -1.     -16.      -7.      15.       0.
                27.     -10.     -15.     -19.       9.      14.           32.
 
  2018          -2.     141.     -16.       6.     100.       4.
                 5.      -7.     -28.      -7.       8.       2.           51.
 
  2019           6.     -10.     -12.      50.     -11.      -6.
                22.     -26.     -10.     -19.       5.      -4.           19.
 
  2020           9.      33.      67.     -38.     -45.     -14.
               -44.      20.      53.      51.     -22.     -11.           38.
 
  2021         135.      -4.       3.     -26.     -19.     -15.
               -33.     -18.      52.      70.     -39.      57.           53.
 
  2022         -58.     -40.      -3.      -8.     362.      67.
               281.     -43.     -84.     -52.      31.     -37.          140.
 
  2023          -1.     -10.      23.      44.      27.     -40.
              -112.     106.      78.     -47.     -23.      -9.           56.
 
  2024         157.      29.     -24.     -25.      -5.     -29.
                 8.      71.     -51.     235.       5.       5.           87.
 
  2025           7.      -7.     -17.      25.     -43.      20.
                41.     -40.     -15.       7.      13.     -10.           24.
 
  2026          -9.      -9.      27.      -9.      42.       6.
                                                                           22.
 
  S.D.          50.      39.      27.      44.      97.      52.
                71.      38.      47.      62.      15.      32.

  Table Total-        2679.   Mean-        10.   Std. Dev.-        52.
                              Min -      -112.        Max -       362.
        bps_permits 39660            PAGE  13, SERIES bps_permits_addi

 D 16  Combined adjustment factors
  From  2004.Jan to 2026.Jun
  Observations        270
 -----------------------------------------------------------------------------
               Jan      Feb      Mar      Apr      May      Jun 
               Jul      Aug      Sep      Oct      Nov      Dec         AVGE  
 -----------------------------------------------------------------------------
  2004          -5.     -27.      -5.      11.      27.      17.
                27.       1.     -16.      -7.       0.     -23.            0.
 
  2005          -6.     -26.      -5.      11.      27.      15.
                27.       0.     -13.      -6.      -1.     -22.            0.
 
  2006         -10.     -21.      -5.      13.      23.      15.
                25.      -2.      -9.      -6.      -2.     -20.            0.
 
  2007         -12.     -16.      -6.      13.      19.      14.
                23.      -4.      -3.      -4.      -4.     -19.            0.
 
  2008         -15.     -11.      -5.      14.      15.      12.
                18.      -4.       0.      -1.      -6.     -17.            0.
 
  2009         -14.      -9.      -4.      13.      12.       9.
                13.      -3.       2.       3.     -10.     -14.            0.
 
  2010         -14.      -7.       1.      13.       8.       7.
                 8.      -2.       1.       6.     -11.     -11.            0.
 
  2011         -15.      -7.       7.      12.       4.       8.
                 7.      -3.      -1.      10.     -13.      -9.            0.
 
  2012         -18.      -8.      14.      10.       1.       9.
                 6.      -4.      -1.      12.     -14.      -7.            0.
 
  2013         -19.     -10.      17.       9.       0.      11.
                 6.      -1.      -2.      12.     -13.      -7.            0.
 
  2014         -22.     -12.      18.       5.       2.      11.
                 7.       4.      -1.       7.     -10.      -7.            0.
 
  2015         -22.     -14.      15.       4.       5.      12.
                 7.       9.      -2.       3.      -8.      -6.            0.
 
  2016         -23.     -14.      12.       5.       5.      11.
                 7.       9.       2.       0.      -7.      -4.            0.
 
  2017         -22.     -14.      13.       3.       0.       7.
                 1.      10.      13.       6.     -11.      -2.            0.
 
  2018         -23.     -14.      19.      -1.      -8.       0.
                -7.       7.      35.      20.     -21.       3.            1.
 
  2019         -29.     -19.      27.      -9.     -11.      -1.
               -14.       3.      56.      33.     -32.       4.            1.
 
  2020         -37.     -29.      34.      -9.      -9.      -4.
               -19.       3.      76.      39.     -42.       2.            0.
 
  2021         -46.     -38.      37.     -11.      -1.      -5.
               -19.      16.      83.      36.     -47.      -5.            0.
 
  2022         -50.     -44.      33.      -6.       7.      -8.
               -12.      28.      79.      28.     -46.     -11.           -0.
 
  2023         -53.     -47.      25.      -2.      18.      -5.
                 1.      35.      58.      16.     -38.     -18.           -1.
 
  2024         -47.     -45.      18.       7.      22.      -6.
                12.      37.      40.       4.     -30.     -21.           -1.
 
  2025         -39.     -37.      13.       8.      21.      -6.
                18.      39.      24.      -0.     -22.     -22.           -0.
 
  2026         -30.     -30.       8.       6.      14.      -7.
                                                                           -7.
 
  AVGE         -25.     -22.      12.       5.       9.       5.
                 7.       8.      19.      10.     -18.     -11.

  Table Total-         -19.   Mean-        -0.   Std. Dev.-        20.
                              Min -       -53.        Max -        83.

 D 16.A  Combined adjustment component forecasts
  From  2026.Jul to 2027.Jun
  Observations         12
 -----------------------------------------------------------------------------
               Jan      Feb      Mar      Apr      May      Jun 
               Jul      Aug      Sep      Oct      Nov      Dec         AVGE  
 -----------------------------------------------------------------------------
  2026                                                          
                19.      41.      18.       3.     -20.     -20.            7.
 
  2027         -28.     -29.       5.       4.      10.      -3.
                                                                           -7.
 
        bps_permits 39660            PAGE  14, SERIES bps_permits_addi

 E 4  Differences of annual totals
  From          2004 to 2025
  Observations         22
 -----------------------------------
  Year       Unmodified     Modified
                  (D11)         (E2)
 -----------------------------------
  2004               1.           1.
 
  2005               1.           1.
 
  2006               2.           2.
 
  2007               1.           1.
 
  2008               0.           0.
 
  2009               0.           0.
 
  2010               0.           0.
 
  2011               1.           1.
 
  2012               1.           1.
 
  2013               3.           3.
 
  2014               2.           2.
 
  2015               2.           2.
 
  2016               2.           2.
 
  2017               5.           5.
 
  2018              10.          10.
 
  2019               8.           8.
 
  2020               6.           6.
 
  2021               0.           0.
 
  2022              -2.          -2.
 
  2023              -9.          -9.
 
  2024              -9.          -9.
 
  2025              -6.          -6.
 
        bps_permits 39660            PAGE  15, SERIES bps_permits_addi

 E 5  Month-to-month differences in the original series
  From  2004.Feb to 2026.Jun
  Observations        269
 -----------------------------------------------------------------------------
               Jan      Feb      Mar      Apr      May      Jun 
               Jul      Aug      Sep      Oct      Nov      Dec         AVGE  
 -----------------------------------------------------------------------------
  2004                  -85.      35.      11.      66.     -74.
               136.     -98.     -36.      14.       0.     -31.           -6.
 
  2005          19.     -12.      36.      21.     -30.       9.
               -24.      -7.     -32.      22.      22.      63.            7.
 
  2006         -93.      81.     -76.       1.      12.      42.
                -4.     -57.       5.     -17.       5.     -21.          -10.
 
  2007           7.      -5.      18.      32.     250.    -283.
                 4.      -4.      -2.      22.     -12.     -29.           -0.
 
  2008           9.       2.      -8.      23.      -3.     -13.
                25.     -33.      27.     -39.       1.      -2.           -1.
 
  2009          -3.       6.      -1.      10.       9.      -8.
                 6.      46.     -44.      -7.      -9.      -5.            0.
 
  2010           5.       7.      10.     199.    -204.       3.
                -2.      -2.     -12.      32.     -28.      -9.           -0.
 
  2011          -2.      63.     -43.      -4.      -5.      20.
               -16.      -1.       5.     -12.      -9.      13.            1.
 
  2012          -3.       2.       9.      19.     -19.      16.
               -11.       5.      -9.      54.     -54.      21.            3.
 
  2013         -32.      27.      43.     -39.      -7.       3.
                17.     -36.     163.    -154.      -6.      -8.           -2.
 
  2014           2.      -3.      46.     -19.       4.       9.
                 2.     -30.       3.      32.     -50.     105.            8.
 
  2015        -109.      22.     109.     -90.     -27.      12.
               -15.      10.      13.     102.    -126.      -3.           -8.
 
  2016          -7.       0.      28.      -3.      29.     225.
              -268.     117.    -104.      -5.      30.     -35.            1.
 
  2017          93.     -95.       9.      -2.      19.      -7.
                21.     -27.      -1.     -10.      13.      15.            2.
 
  2018         -36.     152.    -126.       0.      85.     -91.
               -10.      -1.       6.       6.     -23.      20.           -1.
 
  2019         -24.      -3.      47.      28.     -62.      16.
                16.     -29.      71.     -29.     -38.      29.            2.
 
  2020         -25.      36.     102.    -142.       0.      42.
               -39.      92.     111.     -38.    -155.      51.            3.
 
  2021          92.    -137.      76.     -79.      18.       5.
               -25.      58.     146.     -21.    -185.     142.            8.
 
  2022        -157.      21.     109.     -53.     373.    -322.
               198.    -295.       3.     -23.       8.     -27.          -14.
 
  2023           5.      10.     120.       8.      14.     -84.
               -63.     249.     -12.    -175.     -39.      24.            5.
 
  2024         128.    -133.       6.     -13.      36.     -49.
                59.      92.    -116.     251.    -263.       7.            0.
 
  2025         -19.     -17.      34.      32.     -60.      33.
                42.     -61.      10.       0.     -12.     -20.           -3.
 
  2026          -3.       2.      76.     -37.      59.     -56.
                                                                            7.
 
  AVGE          -7.      -3.      29.      -4.      24.     -24.
                 2.      -1.       9.       0.     -42.      14.

  Table Total-         -38.   Mean-        -0.   Std. Dev.-        79.
                              Min -      -322.        Max -       373.
        bps_permits 39660            PAGE  16, SERIES bps_permits_addi

 E 6  Month-to-month differences in seasonally adjusted series (D11)
  From  2004.Feb to 2026.Jun
  Observations        269
 -----------------------------------------------------------------------------
               Jan      Feb      Mar      Apr      May      Jun 
               Jul      Aug      Sep      Oct      Nov      Dec         AVGE  
 -----------------------------------------------------------------------------
  2004                  -62.      12.      -4.      49.     -64.
               126.     -72.     -19.       4.      -7.      -8.           -4.
 
  2005           2.       8.      15.       5.     -45.      20.
               -35.      20.     -18.      15.      16.      85.            7.
 
  2006        -105.      92.     -92.     -17.       2.      50.
               -14.     -30.      12.     -20.       1.      -3.          -10.
 
  2007          -1.      -2.       8.      14.     244.    -278.
                -5.      23.      -2.      23.     -12.     -14.           -0.
 
  2008           5.      -2.     -15.       5.      -5.     -10.
                19.     -11.      22.     -38.       6.       8.           -1.
 
  2009          -6.       1.      -6.      -7.      10.      -5.
                 1.      62.     -49.      -8.       4.      -0.           -0.
 
  2010           5.      -0.       2.     187.    -199.       4.
                -3.       8.     -15.      27.     -11.      -9.           -0.
 
  2011           2.      55.     -57.      -9.       3.      16.
               -15.       9.       3.     -23.      15.       8.            1.
 
  2012           6.      -8.     -13.      23.     -10.       8.
                -8.      15.     -12.      41.     -28.      14.            2.
 
  2013         -20.      18.      16.     -30.       1.      -7.
                22.     -29.     164.    -168.      19.     -14.           -2.
 
  2014          17.     -13.      16.      -6.       8.      -1.
                 6.     -26.       8.      24.     -32.     102.            8.
 
  2015         -94.      13.      80.     -79.     -28.       5.
               -10.       9.      24.      97.    -115.      -5.           -9.
 
  2016          10.      -9.       2.       4.      29.     220.
              -265.     116.     -97.      -3.      37.     -38.            0.
 
  2017         112.    -104.     -17.       8.      22.     -14.
                27.     -36.      -4.      -3.      30.       6.            2.
 
  2018         -15.     143.    -159.      20.      91.     -99.
                -3.     -14.     -22.      21.      17.      -4.           -2.
 
  2019           8.     -12.       1.      64.     -60.       6.
                29.     -46.      18.      -7.      27.      -7.            2.
 
  2020          16.      28.      39.     -99.      -0.      37.
               -24.      70.      37.      -0.     -74.       7.            3.
 
  2021         140.    -145.       1.     -31.       8.       9.
               -11.      23.      79.      26.    -102.     101.            8.
 
  2022        -113.      16.      32.     -14.     359.    -307.
               202.    -334.     -49.      28.      83.     -63.          -13.
 
  2023          47.       5.      47.      35.      -6.     -61.
               -70.     216.     -35.    -133.      14.       4.            5.
 
  2024         157.    -135.     -56.      -3.      21.     -21.
                41.      68.    -119.     287.    -230.      -2.            1.
 
  2025          -1.     -19.     -15.      37.     -73.      60.
                18.     -82.      25.      24.      10.     -20.           -3.
 
  2026           5.       2.      38.     -35.      52.     -35.
                                                                            4.
 
  AVGE           8.      -6.      -5.       3.      21.     -20.
                 1.      -2.      -2.      10.     -15.       7.

  Table Total-         -36.   Mean-        -0.   Std. Dev.-        74.
                              Min -      -334.        Max -       359.
        bps_permits 39660            PAGE  17, SERIES bps_permits_addi

 E 7  Month-to-month differences in final trend cycle (D12)
  From  2004.Feb to 2026.Jun
  Observations        269
 -----------------------------------------------------------------------------
               Jan      Feb      Mar      Apr      May      Jun 
               Jul      Aug      Sep      Oct      Nov      Dec         AVGE  
 -----------------------------------------------------------------------------
  2004                    1.       0.       1.       1.       1.
                 1.       1.       1.       1.       1.      -0.            1.
 
  2005          -1.      -2.      -3.      -3.      -3.      -3.
                -3.      -3.      -2.      -1.      -1.       0.           -2.
 
  2006           1.       1.       0.      -1.      -1.      -2.
                -3.      -3.      -3.      -2.      -2.      -2.           -1.
 
  2007          -1.      -0.       0.       1.       2.       1.
                 1.      -0.      -1.      -2.      -3.      -3.           -0.
 
  2008          -3.      -3.      -3.      -2.      -2.      -2.
                -1.      -1.      -1.      -1.      -2.      -2.           -2.
 
  2009          -2.      -2.      -1.      -1.       0.       1.
                 1.       2.       2.       2.       2.       2.            1.
 
  2010           1.       1.       0.      -0.      -0.      -1.
                -1.      -1.      -1.      -1.      -1.      -1.           -0.
 
  2011          -1.      -1.      -1.      -1.      -1.      -0.
                -0.       0.       1.       1.       1.       1.           -0.
 
  2012           1.       1.       1.       2.       2.       3.
                 3.       3.       3.       3.       3.       2.            2.
 
  2013           1.      -0.      -1.      -2.      -2.      -3.
                -3.      -2.      -1.      -1.      -0.       1.           -1.
 
  2014           1.       2.       1.       1.       1.       1.
                 0.       0.       0.      -0.      -0.      -1.            1.
 
  2015          -1.      -1.      -2.      -2.      -2.      -2.
                -2.      -2.      -1.      -0.       1.       2.           -1.
 
  2016           3.       4.       4.       4.       4.       3.
                 2.       0.      -1.      -3.      -3.      -4.            1.
 
  2017          -4.      -3.      -2.      -1.      -0.       0.
                 1.       1.       1.       1.       1.       1.           -0.
 
  2018           1.      -0.      -1.      -2.      -3.      -3.
                -3.      -3.      -1.       0.       2.       3.           -1.
 
  2019           3.       3.       3.       2.       1.       1.
                 1.       2.       2.       3.       3.       3.            2.
 
  2020           3.       4.       5.       6.       6.       7.
                 7.       6.       4.       2.      -1.      -4.            4.
 
  2021          -6.      -7.      -5.      -3.       1.       5.
                 7.       8.       8.       8.       7.       5.            2.
 
  2022           2.      -2.      -5.      -9.     -11.     -12.
               -12.     -10.      -7.      -4.       0.       5.           -5.
 
  2023          10.      14.      15.      14.      11.       7.
                 2.      -2.      -6.      -9.     -10.     -10.            3.
 
  2024          -9.      -7.      -4.      -1.       1.       3.
                 4.       4.       3.       2.       0.      -2.           -0.
 
  2025          -3.      -5.      -5.      -5.      -5.      -4.
                -3.      -1.       0.       2.       3.       4.           -2.
 
  2026           3.       3.       2.       1.       0.       1.
                                                                            2.
 
  AVGE          -0.      -0.      -0.      -0.       0.       0.
                 0.      -0.      -0.      -0.       0.      -0.

  Table Total-          -2.   Mean-        -0.   Std. Dev.-         4.
                              Min -       -12.        Max -        15.
        bps_permits 39660            PAGE  18, SERIES bps_permits_addi

 E 8  Month-to-month differences in original series adjusted for calendar factors (A18)
  From  2004.Feb to 2026.Jun
  Observations        269
 -----------------------------------------------------------------------------
               Jan      Feb      Mar      Apr      May      Jun 
               Jul      Aug      Sep      Oct      Nov      Dec         AVGE  
 -----------------------------------------------------------------------------
  2004                  -85.      35.      11.      66.     -74.
               136.     -98.     -36.      14.       0.     -31.           -6.
 
  2005          19.     -12.      36.      21.     -30.       9.
               -24.      -7.     -32.      22.      22.      63.            7.
 
  2006         -93.      81.     -76.       1.      12.      42.
                -4.     -57.       5.     -17.       5.     -21.          -10.
 
  2007           7.      -5.      18.      32.     250.    -283.
                 4.      -4.      -2.      22.     -12.     -29.           -0.
 
  2008           9.       2.      -8.      23.      -3.     -13.
                25.     -33.      27.     -39.       1.      -2.           -1.
 
  2009          -3.       6.      -1.      10.       9.      -8.
                 6.      46.     -44.      -7.      -9.      -5.            0.
 
  2010           5.       7.      10.     199.    -204.       3.
                -2.      -2.     -12.      32.     -28.      -9.           -0.
 
  2011          -2.      63.     -43.      -4.      -5.      20.
               -16.      -1.       5.     -12.      -9.      13.            1.
 
  2012          -3.       2.       9.      19.     -19.      16.
               -11.       5.      -9.      54.     -54.      21.            3.
 
  2013         -32.      27.      43.     -39.      -7.       3.
                17.     -36.     163.    -154.      -6.      -8.           -2.
 
  2014           2.      -3.      46.     -19.       4.       9.
                 2.     -30.       3.      32.     -50.     105.            8.
 
  2015        -109.      22.     109.     -90.     -27.      12.
               -15.      10.      13.     102.    -126.      -3.           -8.
 
  2016          -7.       0.      28.      -3.      29.     225.
              -268.     117.    -104.      -5.      30.     -35.            1.
 
  2017          93.     -95.       9.      -2.      19.      -7.
                21.     -27.      -1.     -10.      13.      15.            2.
 
  2018         -36.     152.    -126.       0.      85.     -91.
               -10.      -1.       6.       6.     -23.      20.           -1.
 
  2019         -24.      -3.      47.      28.     -62.      16.
                16.     -29.      71.     -29.     -38.      29.            2.
 
  2020         -25.      36.     102.    -142.       0.      42.
               -39.      92.     111.     -38.    -155.      51.            3.
 
  2021          92.    -137.      76.     -79.      18.       5.
               -25.      58.     146.     -21.    -185.     142.            8.
 
  2022        -157.      21.     109.     -53.     373.    -322.
               198.    -295.       3.     -23.       8.     -27.          -14.
 
  2023           5.      10.     120.       8.      14.     -84.
               -63.     249.     -12.    -175.     -39.      24.            5.
 
  2024         128.    -133.       6.     -13.      36.     -49.
                59.      92.    -116.     251.    -263.       7.            0.
 
  2025         -19.     -17.      34.      32.     -60.      33.
                42.     -61.      10.       0.     -12.     -20.           -3.
 
  2026          -3.       2.      76.     -37.      59.     -56.
                                                                            7.
 
  AVGE          -7.      -3.      29.      -4.      24.     -24.
                 2.      -1.       9.       0.     -42.      14.

  Table Total-         -38.   Mean-        -0.   Std. Dev.-        79.
                              Min -      -322.        Max -       373.
        bps_permits 39660            PAGE  19, SERIES bps_permits_addi

 E 18  Final adjustment ratios
  From  2004.Jan to 2026.Jun
  Observations        270
 -----------------------------------------------------------------------------
               Jan      Feb      Mar      Apr      May      Jun 
               Jul      Aug      Sep      Oct      Nov      Dec         AVGE  
 -----------------------------------------------------------------------------
  2004       96.476   62.270   94.658  113.061  120.916  126.058
            114.034  100.885   83.960   93.667  100.045   74.826        98.405
 
  2005       93.622   74.509   95.592  109.348  135.289  116.211
            144.423  100.172   78.121   91.665   99.315   87.501       102.147
 
  2006       86.420   87.137   93.029  123.225  140.539  114.274
            126.554   96.524   88.049   89.680   97.104   62.136       100.389
 
  2007       76.211   69.075   90.190  117.540  105.913  136.924
            169.599   93.592   94.012   94.745   93.514   62.121       100.286
 
  2008       72.949   78.958   88.070  131.527  139.480  141.143
            137.830   88.651  100.491   95.095   77.739   54.538       100.539
 
  2009       55.379   72.925   85.588  172.264  141.956  135.702
            152.301   96.861  105.109  110.003   72.280   58.491       104.905
 
  2010       63.683   82.043  103.611  105.825  128.253  121.405
            128.436   94.741  106.040  112.658   71.588   62.921        98.434
 
  2011       52.950   92.121  124.777  157.221  116.176  119.921
            127.077   91.616   97.436  175.783   52.906   76.404       107.032
 
  2012       58.543   78.017  166.544  123.122  103.151  120.893
            118.301   91.797   97.166  115.531   72.455   88.577       102.841
 
  2013       57.420   84.181  122.029  117.761  100.962  124.712
            109.298   97.788   98.989  139.272   73.584   80.317       100.526
 
  2014       58.909   70.169  132.137  111.024  102.891  119.899
            111.528  110.051   98.037  110.547   70.675   94.646        99.210
 
  2015       48.340   75.789  110.853  106.078  116.482  134.205
            130.347  125.655   96.520  102.240   79.575   81.742       100.652
 
  2016       47.559   59.209  131.896  111.550  107.230  103.642
            129.793  106.231  104.970  100.481   90.922   90.162        98.637
 
  2017       85.100   70.864  143.555  107.588  100.529  116.241
            101.617  128.025  140.942  119.753   81.538   97.131       107.740
 
  2018       54.389   92.800  154.802   97.452   94.689  100.959
             84.311  122.137  592.429  168.929   54.865  107.397       143.763
 
  2019       42.170   48.227  170.568   91.521   73.637   97.916
             81.840  109.766  212.319  178.102   54.490  106.090       105.554
 
  2020       53.174   72.810  123.433   80.804   81.591   95.392
             68.526  102.184  145.543  123.170   54.754  102.335        91.976
 
  2021       80.889   60.279  138.668   83.124   99.106   93.786
             72.823  116.426  147.954  118.162   51.807   97.347        96.698
 
  2022       41.398   55.833  124.778   94.590  101.534   95.599
             96.866  171.603 -686.362  259.573   53.784   71.538        40.061
 
  2023       37.867   46.960  118.653   99.112  110.960   95.105
            103.853  113.805  126.622  118.594   61.249   82.722        92.959
 
  2024       81.852   63.741  126.021  110.995  125.471   91.126
            111.692  121.279  173.214  101.049   73.503   80.960       105.075
 
  2025       64.145   58.951  116.865  106.789  154.551   93.519
            115.091  213.879  140.596   99.585   76.113   69.718       109.150
 
  2026       61.556   62.623  106.820  107.415  110.089   92.958
                                                                        90.243
 
  AVGE       63.957   70.413  120.136  112.128  113.539  112.504
            115.279  113.348  101.916  123.558   73.355   81.346

  Table Total-       27025.   Mean-       100.   Std. Dev.-        65.
                              Min -      -686.        Max -       592.

 E 18.A  Final adjustment ratio forecasts
  From  2026.Jul to 2027.Jun
  Observations         12
 -----------------------------------------------------------------------------
               Jan      Feb      Mar      Apr      May      Jun 
               Jul      Aug      Sep      Oct      Nov      Dec         AVGE  
 -----------------------------------------------------------------------------
  2026                                                          
            124.353  173.680  122.495  103.650   82.552   82.776       114.918
 
  2027       77.547   77.167  106.032  104.533  112.191   97.217
                                                                        95.781
 

  QS statistic for seasonality:
  Original Series                                     0.00  (P-Value =     1.0000)
  Original Series (EV adj)                            0.00  (P-Value =     1.0000)
  Residuals                                           0.00  (P-Value =     0.9991)
  Seasonally Adjusted Series                          0.00  (P-Value =     1.0000)
  Seasonally Adjusted Series (EV adj)                 0.00  (P-Value =     1.0000)
  Irregular Series                                    0.00  (P-Value =     1.0000)
  Irregular Series (EV adj)                           0.00  (P-Value =     1.0000)

  QS statistic for seasonality (starting 2018.Jul):
  Original Series                                     0.01  (P-Value =     0.9970)
  Original Series (EV adj)                            0.01  (P-Value =     0.9970)
  Residuals                                           0.12  (P-Value =     0.9439)
  Seasonally Adjusted Series                          0.00  (P-Value =     1.0000)
  Seasonally Adjusted Series (EV adj)                 0.00  (P-Value =     1.0000)
  Irregular Series                                    0.00  (P-Value =     1.0000)
  Irregular Series (EV adj)                           0.00  (P-Value =     1.0000)
        bps_permits 39660            PAGE  20, SERIES bps_permits_addi


  Visually significant residual trading day peaks have been
  found in the spectral plots of the following series starting in 2018.Jul:

          differenced seasonally adjusted series (Table E2) (1 Trading Day peak(s))

          Modified irregular component (Table E3) (1 Seasonal and 


 WARNING: Series should not be a candidate for seasonal adjustment
          because the spectrum of the original series (Table A1 or B1)
          has no visually significant seasonal peaks.

          If this is a component series of an indirectly adjusted
          composite series, consider using type = trend or type = summary
          in the x11 spec.
        bps_permits 39660            PAGE  21, SERIES bps_permits_addi
 G 0  10*LOG(SPECTRUM) of the differenced Original Series
      (Table A1 or B1).  Spectrum estimated from 2018.Jul to 2026.Jun.
 ++++++++++I+++++++++++++++++++++++++++++++++++++++++++++++++++++++++++++I
      46.40I                                                  S          I     46.40
           I                                                  S  **      I
           I                                                  S  **      I
           I                                                  S  **   *  I
      44.23I                                                  S  **   *  I     44.23
           I                                             *   *S  **   *  I
           I                                             **  *S  **   *  I
           I                                         *   **  *S* **   *  I
      42.06I                          *              *   **  *S*T**   ** I     42.06
           I                          *              *T  **  *S*T**   ** I
           I                          *              *T  **  *S*T**  *** I
           I                          *             S*T  **  *S*T*** *** I
      39.89I             *            *    *        S*T ******S*T*** ***SI     39.89
           I             *    *       **   *        S*T ******S*T*** ***SI
           I             *    *      ***   **       S*T*******S*T*******SI
           I             *    *      ***  S**    * *S*T*******S*T*******SI
      37.72I             *    *   *  ***  S**   ****S*T*******S*T*******SI     37.72
           I            **   **   ** ***  S***  ****S*T*******S*T*******SI
           I            **   *** *********S*** *****S*T*******S*T*******SI
           I            ***  *** *********S*********S*T*******S*T*******SI
      35.55I            ***  ***S*********S*********S*T*******S*T*******SI     35.55
           I            ***  ***S*********S*********S*T*******S*T*******SI
           I           ****  ***S*********S*********S*T*******S*T*******SI
           I           *********S*********S*********S*T*******S*T*******SI
      33.38I       ** S*********S*********S*********S*T*******S*T*******SI     33.38
           I       ***S*********S*********S*********S*T*******S*T*******SI
           I       ***S*********S*********S*********S*T*******S*T*******SI
           I       ***S*********S*********S*********S*T*******S*T*******SI
      31.21I       ***S*********S*********S*********S*T*******S*T*******SI     31.21
           I       ***S*********S*********S*********S*T*******S*T*******SI
           I       ***S*********S*********S*********S*T*******S*T*******SI
           I       ***S*********S*********S*********S*T*******S*T*******SI
      29.04I       ***S*********S*********S*********S*T*******S*T*******SI     29.04
           I       ***S*********S*********S*********S*T*******S*T*******SI
           I      ****S*********S*********S*********S*T*******S*T*******SI
           I      ****S*********S*********S*********S*T*******S*T*******SI
      26.86I      ****S*********S*********S*********S*T*******S*T*******SI     26.86
           I      ****S*********S*********S*********S*T*******S*T*******SI
           I      ****S*********S*********S*********S*T*******S*T*******SI
           I      ****S*********S*********S*********S*T*******S*T*******SI
      24.69I      ****S*********S*********S*********S*T*******S*T*******SI     24.69
           I      ****S*********S*********S*********S*T*******S*T*******SI
           I      ****S*********S*********S*********S*T*******S*T*******SI
           I      ****S*********S*********S*********S*T*******S*T*******SI
      22.52I     *****S*********S*********S*********S*T*******S*T*******SI     22.52
           I     *****S*********S*********S*********S*T*******S*T*******SI
           I     *****S*********S*********S*********S*T*******S*T*******SI
           I     *****S*********S*********S*********S*T*******S*T*******SI
      20.35I     *****S*********S*********S*********S*T*******S*T*******SI     20.35
           I     *****S*********S*********S*********S*T*******S*T*******SI
           I*   ******S*********S*********S*********S*T*******S*T*******SI
           I**  ******S*********S*********S*********S*T*******S*T*******SI
      18.18I**********S*********S*********S*********S*T*******S*T*******SI     18.18
 ++++++++++I+++++++++++++++++++++++++++++++++++++++++++++++++++++++++++++I
            S=SEASONAL FREQUENCIES, T=TRADING DAY FREQUENCIES
        bps_permits 39660            PAGE  22, SERIES bps_permits_addi
 G 1  10*LOG(SPECTRUM) of the differenced seasonally adjusted 
      data (Table E2).  Spectrum estimated from 2018.Jul to 2026.Jun.
 ++++++++++I+++++++++++++++++++++++++++++++++++++++++++++++++++++++++++++I
      43.14I                                          T                  I     43.14
           I                                          T                  I
           I                                          T                  I
           I                                          T                  I
      41.00I                       *                  T  *               I     41.00
           I                       *                  T  *               I
           I                       *                  T  *               I
           I                       *                  T  *        *      I
      38.87I                       *         **       T  *        *      I     38.87
           I                       *         **       T* *        *      I
           I                       *         **       T* *        *      I
           I                       *   *    ***       T* *        *      I
      36.74I                       *  **    ***       T***        *      I     36.74
           I                       *  **    ****      T***    S   *      I
           I                       *  **    ****     *T****   S  **  *   I
           I                       *  **    ****     *T****   S  **  **  I
      34.60I                       *  **   *****     *T****   S* **  **  I     34.60
           I                       *  **   ******    *T****   S* **  **  I
           I       *               *  **   ******    *T****   S* *** **  I
           I       *     *         ** **   *******   *T****   S*T*** **  I
      32.47I       *     *   *     ** **   ******** S*T****  *S*T******  I     32.47
           I       *     *   *    ******   *********S*T****  *S*T******  I
           I       *     *   *    *******  *********S*T****  *S*T******  I
           I       *     *   *    ******* S*********S*T***** *S*T******  I
      30.34I       *     *   *    ******* S*********S*T***** *S*T******  I     30.34
           I       *    **  **    ********S*********S*T*******S*T******* I
           I       *    *** ***   ********S*********S*T*******S*T******* I
           I       *    *** ***   ********S*********S*T*******S*T******* I
      28.20I       *    *******   ********S*********S*T*******S*T*******SI     28.20
           I       **   *******   ********S*********S*T*******S*T*******SI
           I       **   *******   ********S*********S*T*******S*T*******SI
           I       **   *******   ********S*********S*T*******S*T*******SI
      26.07I       **   *******  *********S*********S*T*******S*T*******SI     26.07
           I       **   ******** *********S*********S*T*******S*T*******SI
           I       **   ******** *********S*********S*T*******S*T*******SI
           I      ***  *********S*********S*********S*T*******S*T*******SI
      23.93I      ***  *********S*********S*********S*T*******S*T*******SI     23.93
           I      ***  *********S*********S*********S*T*******S*T*******SI
           I      **** *********S*********S*********S*T*******S*T*******SI
           I      ****S*********S*********S*********S*T*******S*T*******SI
      21.80I      ****S*********S*********S*********S*T*******S*T*******SI     21.80
           I      ****S*********S*********S*********S*T*******S*T*******SI
           I     *****S*********S*********S*********S*T*******S*T*******SI
           I    ******S*********S*********S*********S*T*******S*T*******SI
      19.67I   *******S*********S*********S*********S*T*******S*T*******SI     19.67
           I   *******S*********S*********S*********S*T*******S*T*******SI
           I   *******S*********S*********S*********S*T*******S*T*******SI
           I  ********S*********S*********S*********S*T*******S*T*******SI
      17.53I  ********S*********S*********S*********S*T*******S*T*******SI     17.53
           I  ********S*********S*********S*********S*T*******S*T*******SI
           I  ********S*********S*********S*********S*T*******S*T*******SI
           I *********S*********S*********S*********S*T*******S*T*******SI
      15.40I**********S*********S*********S*********S*T*******S*T*******SI     15.40
 ++++++++++I+++++++++++++++++++++++++++++++++++++++++++++++++++++++++++++I
            S=SEASONAL FREQUENCIES, T=TRADING DAY FREQUENCIES
        bps_permits 39660            PAGE  23, SERIES bps_permits_addi
 G 2  10*LOG(SPECTRUM) of the Modified Irregular (Table E3).  
      Spectrum estimated from 2018.Jul to 2026.Jun.
 ++++++++++I+++++++++++++++++++++++++++++++++++++++++++++++++++++++++++++I
      39.87I                                                             I     39.87
           I                       *                                     I
           I                       *                                     I
           I                       *                                     I
      38.34I                       *                                     I     38.34
           I                       *                  T                  I
           I                       *                  T                  I
           I                       *                  T                  I
      36.82I                       *                  T                  I     36.82
           I                       *                  T                  I
           I                       *         *        T                  I
           I             *         *  *      *        T  *               I
      35.29I             *         *  *      *        T  *               I     35.29
           I             *         *  *      *        T  *               I
           I             *   *     *  **     **       T  *               I
           I             *   *     *  **     **       T  *               I
      33.76I             *   *     *  **     **       T  *               I     33.76
           I             **  *     *  **    ***       T  *               I
           I            ***  *     *  **    ***       T* *        *      I
           I            ***  *     *  **    ***       T* *        *      I
      32.23I            ***  *     *  **    ***       T* *        *      I     32.23
           I            ***  *     *  **    ***       T***        *      I
           I            ***  *     ** **    ****      T***        *      I
           I            *** **    *** **    ****     *T***        *      I
      30.70I            ******    ******   *****     *T***       **      I     30.70
           I            *******   ******   ******    *T***       **      I
           I            *******   ******   ******    *T****   S  **      I
           I       *   ********   ******   *******   *T****   S  **  *   I
      29.17I       *   ********   *******  *******   *T****   S  **  *   I     29.17
           I   *   **  ********   ******* S*******   *T****   S* **  *   I
           I   *   **  ********   ******* S*******   *T****   S* **  **  I
           I   *   **  ********   ******* S*******   *T****   S* *** **  I
      27.64I   *   **  ********   ********S******** S*T****   S*T*** **  I     27.64
           I   *   ** S********   ********S******** S*T****  *S*T*** **  I
           I   *   ***S********   ********S******** S*T****  *S*T******  I
           I  **   ***S********   ********S*********S*T****  *S*T******  I
      26.11I  **   ***S********   ********S*********S*T****  *S*T******  I     26.11
           I  **   ***S********   ********S*********S*T***** *S*T******  I
           I  **   ***S********* *********S*********S*T***** *S*T******  I
           I  **  ****S********* *********S*********S*T*******S*T******  I
      24.58I  **  ****S********* *********S*********S*T*******S*T******  I     24.58
           I  **  ****S********* *********S*********S*T*******S*T******* I
           I  *** ****S*********S*********S*********S*T*******S*T******* I
           I  *** ****S*********S*********S*********S*T*******S*T******* I
      23.06I  *** ****S*********S*********S*********S*T*******S*T******* I     23.06
           I  ********S*********S*********S*********S*T*******S*T*******SI
           I  ********S*********S*********S*********S*T*******S*T*******SI
           I  ********S*********S*********S*********S*T*******S*T*******SI
      21.53I *********S*********S*********S*********S*T*******S*T*******SI     21.53
           I *********S*********S*********S*********S*T*******S*T*******SI
           I *********S*********S*********S*********S*T*******S*T*******SI
           I *********S*********S*********S*********S*T*******S*T*******SI
      20.00I**********S*********S*********S*********S*T*******S*T*******SI     20.00
 ++++++++++I+++++++++++++++++++++++++++++++++++++++++++++++++++++++++++++I
            S=SEASONAL FREQUENCIES, T=TRADING DAY FREQUENCIES
        bps_permits 39660            PAGE  24, SERIES bps_permits_addi

  Peak probabilities for Tukey spectrum estimator
  Spectrum estimated from 2018.Jul to 2026.Jun.

                                          S1       S2       S3       S4       S5       S6       TD
                                        ------   ------   ------   ------   ------   ------   ------
  Model Residuals                        0.979*   0.360    0.191    0.448    0.671    0.291    0.480  
  Original Series (Table A1 or B1)       0.356    0.882    0.885    0.562    0.862    0.459    0.430  
  Seasonally adjusted series (E2)        0.191    0.131    0.464    0.005    0.805    0.495    0.764  
  Modified Irregular (E3)                0.280    0.123    0.459    0.006    0.810    0.503    0.764  
  ----------
     ** - Peak Probability > 0.99,
      * - 0.90 < Peak Probability < 0.99


