  Reading input spec file from D:\Programming\Dynamic Paper-dlrhcs_replication\outputs\empirical\unemployment\raw_sa_pilot\x13_work\bps_permits_additive_level_26980_200401_202606.spc

1

               U. S. Department of Commerce, U. S. Census Bureau

              X-13ARIMA-SEATS monthly seasonal adjustment Method,
                          Release Version 1.1 Build 62


           This software application provides an enhanced version of
             Statistics Canada's X-11-ARIMA extension (Dagum, 1980)
                 of the X-11 variant of the Census Method II of
                      Shiskin, Young and Musgrave (1967).

            It also provides an ARIMA model-based method following
       Hillmer and Tiao (1982) and Burman (1980) that is very similar
       to the update of the method of SEATS (Gomez and Maravall, 1996)
                produced at the Bank of Spain by G. Caporello and
               A. Maravall for TSW (Caporello and Maravall, 2004).
          The present application includes additional enhancements.

         X-13ARIMA-SEATS includes an automatic ARIMA model selection procedure
          based largely on the procedure of Gomez and Maravall (1998)
            as implemented in TRAMO (1996) and subsequent revisions.

              Primary Programmers: Brian Monsell, Mark Otto and,
                 for the ARIMA model-based signal extraction,
                      Gianluca Caporello and Victor Gomez


     Series Title- bps_permits 26980
     Series Name- bps_permits_addi
     Jul 29, 2026  08.27.58 

        -Period covered-  1st month,2004 to  6th month,2026
        -Type of run - additive seasonal adjustment

        -Sigma limits for graduating extreme values are  1.5 and  2.5 .
        -3x3 moving average used in section 1 of each iteration, 
         3x5 moving average in section 2 of iterations B and C,
         moving average for final seasonal factors chosen by Global MSR.
        -Holiday adjustment factors applied directly to the final seasonally adjusted series
        -Spectral plots generated for selected series
        -Spectral plots generated for series starting in 2018.Jul

 FILE SAVE REQUESTS (* indicates file exists and will be overwritten)
  D:\Programming\Dynamic Paper-dlrhcs_replication\outputs\empirical\unemployment\raw_sa_pilot\x13_work\bps_permits_additive_level_26980_200401_202606.d10  final seasonal factors
  D:\Programming\Dynamic Paper-dlrhcs_replication\outputs\empirical\unemployment\raw_sa_pilot\x13_work\bps_permits_additive_level_26980_200401_202606.d11  final seasonally adjusted data
  D:\Programming\Dynamic Paper-dlrhcs_replication\outputs\empirical\unemployment\raw_sa_pilot\x13_work\bps_permits_additive_level_26980_200401_202606.out  program output file
  D:\Programming\Dynamic Paper-dlrhcs_replication\outputs\empirical\unemployment\raw_sa_pilot\x13_work\bps_permits_additive_level_26980_200401_202606.err  program error file
        bps_permits 26980            PAGE   1, SERIES bps_permits_addi

     Contents of spc file D:\Programming\Dynamic Paper-dlrhcs_replication\outputs\empirical\unemployment\raw_sa_pilot\x13_work\bps_permits_additive_level_26980_200401_202606.spc

 Line #
 ------
      1: series {
      2:   title = "bps_permits 26980"
      3:   start = 2004.1
      4:   period = 12
      5:   data = (
      6: 82
      7: 48
      8: 198
      9: 130
     10: 69
     11: 57
     12: 99
     13: 133
     14: 138
     15: 182
     16: 96
     17: 45
     18: 26
     19: 124
     20: 101
     21: 120
     22: 72
     23: 125
     24: 105
     25: 117
     26: 103
     27: 117
     28: 125
     29: 52
     30: 114
     31: 36
     32: 91
     33: 61
     34: 102
     35: 83
     36: 58
     37: 93
     38: 42
     39: 73
     40: 70
     41: 46
     42: 44
     43: 27
     44: 64
     45: 65
     46: 75
     47: 55
     48: 120
     49: 63
     50: 79
     51: 47
     52: 80
     53: 18
     54: 31
     55: 15
     56: 41
     57: 104
     58: 72
     59: 31
     60: 51
     61: 95
     62: 85
     63: 55
     64: 43
     65: 81
     66: 11
     67: 18
     68: 62
     69: 72
     70: 36
     71: 67
     72: 97
     73: 32
     74: 77
     75: 53
     76: 60
     77: 34
     78: 31
     79: 32
     80: 38
     81: 47
     82: 18
     83: 71
     84: 65
     85: 44
     86: 61
     87: 45
     88: 46
     89: 18
     90: 60
     91: 6
     92: 74
     93: 42
     94: 63
     95: 28
     96: 32
     97: 105
     98: 49
     99: 122
    100: 40
    101: 37
    102: 15
    103: 42
    104: 78
    105: 55
    106: 76
    107: 82
    108: 55
    109: 128
    110: 75
    111: 78
    112: 84
    113: 33
    114: 25
    115: 27
    116: 57
    117: 121
    118: 322
    119: 38
    120: 91
    121: 47
    122: 43
    123: 104
    124: 68
    125: 39
    126: 20
    127: 29
    128: 82
    129: 45
    130: 66
    131: 42
    132: 136
    133: 45
    134: 142
    135: 177
    136: 119
    137: 43
    138: 10
    139: 78
    140: 51
    141: 38
    142: 309
    143: 22
    144: 50
    145: 117
    146: 102
    147: 62
    148: 28
    149: 48
    150: 66
    151: 40
    152: 57
    153: 63
    154: 46
    155: 221
    156: 24
    157: 82
    158: 119
    159: 80
    160: 652
    161: 160
    162: 62
    163: 37
    164: 177
    165: 32
    166: 151
    167: 86
    168: 51
    169: 233
    170: 80
    171: 70
    172: 22
    173: 44
    174: 19
    175: 27
    176: 69
    177: 373
    178: 25
    179: 37
    180: 132
    181: 80
    182: 32
    183: 50
    184: 77
    185: 13
    186: 32
    187: 4
    188: 22
    189: 57
    190: 108
    191: 122
    192: 64
    193: 58
    194: 33
    195: 96
    196: 25
    197: 73
    198: 32
    199: 31
    200: 71
    201: 9
    202: 21
    203: 97
    204: 48
    205: 97
    206: 71
    207: 72
    208: 44
    209: 23
    210: 15
    211: 35
    212: 90
    213: 45
    214: 46
    215: 32
    216: 28
    217: 21
    218: 111
    219: 146
    220: 173
    221: 34
    222: 30
    223: 51
    224: 73
    225: 158
    226: 142
    227: 324
    228: 68
    229: 211
    230: 77
    231: 60
    232: 36
    233: 33
    234: 25
    235: 121
    236: 113
    237: 56
    238: 442
    239: 138
    240: 56
    241: 83
    242: 93
    243: 74
    244: 55
    245: 35
    246: 20
    247: 48
    248: 72
    249: 49
    250: 58
    251: 41
    252: 47
    253: 103
    254: 59
    255: 106
    256: 62
    257: 48
    258: 18
    259: 192
    260: 47
    261: 210
    262: 58
    263: 90
    264: 113
    265: 58
    266: 116
    267: 111
    268: 178
    269: 99
    270: 24
    271: 54
    272: 162
    273: 362
    274: 53
    275: 113
    276:   )
    277: }
    278: transform { function = none }
    279: regression { aictest = (td easter) }
    280: automdl {}
    281: x11 { mode = add save = (d10 d11) }
        bps_permits 26980            PAGE   2, SERIES bps_permits_addi

 A 1  Time series data (for the span analyzed)
  From  2004.Jan to 2026.Jun
  Observations        270
 -----------------------------------------------------------------------------
               Jan      Feb      Mar      Apr      May      Jun 
               Jul      Aug      Sep      Oct      Nov      Dec        TOTAL  
 -----------------------------------------------------------------------------
  2004          82.      48.     198.     130.      69.      57.
                99.     133.     138.     182.      96.      45.         1277.
 
  2005          26.     124.     101.     120.      72.     125.
               105.     117.     103.     117.     125.      52.         1187.
 
  2006         114.      36.      91.      61.     102.      83.
                58.      93.      42.      73.      70.      46.          869.
 
  2007          44.      27.      64.      65.      75.      55.
               120.      63.      79.      47.      80.      18.          737.
 
  2008          31.      15.      41.     104.      72.      31.
                51.      95.      85.      55.      43.      81.          704.
 
  2009          11.      18.      62.      72.      36.      67.
                97.      32.      77.      53.      60.      34.          619.
 
  2010          31.      32.      38.      47.      18.      71.
                65.      44.      61.      45.      46.      18.          516.
 
  2011          60.       6.      74.      42.      63.      28.
                32.     105.      49.     122.      40.      37.          658.
 
  2012          15.      42.      78.      55.      76.      82.
                55.     128.      75.      78.      84.      33.          801.
 
  2013          25.      27.      57.     121.     322.      38.
                91.      47.      43.     104.      68.      39.          982.
 
  2014          20.      29.      82.      45.      66.      42.
               136.      45.     142.     177.     119.      43.          946.
 
  2015          10.      78.      51.      38.     309.      22.
                50.     117.     102.      62.      28.      48.          915.
 
  2016          66.      40.      57.      63.      46.     221.
                24.      82.     119.      80.     652.     160.         1610.
 
  2017          62.      37.     177.      32.     151.      86.
                51.     233.      80.      70.      22.      44.         1045.
 
  2018          19.      27.      69.     373.      25.      37.
               132.      80.      32.      50.      77.      13.          934.
 
  2019          32.       4.      22.      57.     108.     122.
                64.      58.      33.      96.      25.      73.          694.
 
  2020          32.      31.      71.       9.      21.      97.
                48.      97.      71.      72.      44.      23.          616.
 
  2021          15.      35.      90.      45.      46.      32.
                28.      21.     111.     146.     173.      34.          776.
 
  2022          30.      51.      73.     158.     142.     324.
                68.     211.      77.      60.      36.      33.         1263.
 
  2023          25.     121.     113.      56.     442.     138.
                56.      83.      93.      74.      55.      35.         1291.
 
  2024          20.      48.      72.      49.      58.      41.
                47.     103.      59.     106.      62.      48.          713.
 
  2025          18.     192.      47.     210.      58.      90.
               113.      58.     116.     111.     178.      99.         1290.
 
  2026          24.      54.     162.     362.      53.     113.
                                                                          768.
 
  AVGE          35.      49.      82.     101.     106.      87.
                72.      93.      81.      90.      99.      48.

  Table Total-       21211.   Mean-        79.   Std. Dev.-        70.
                              Min -         4.        Max -       652.
        bps_permits 26980            PAGE   3, SERIES bps_permits_addi
                        Automatic ARIMA Model Selection

                    Procedure based closely on TRAMO method 
                         of Gomez and Maravall (2000)
              "Automatic Modeling Methods for Univariate Series",
                            A Course in Time Series
                  (Edited by D. Pena, G. C. Tiao, R. S. Tsay),
                         New York : J. Wiley and Sons


     Maximum order for regular ARMA parameters :   2
     Maximum order for seasonal ARMA parameters :   1
     Maximum order for regular differencing :   2
     Maximum order for seasonal differencing :   1

   Results of Unit Root Test for identifying orders of differencing:
     Regular difference order :   0
     Seasonal difference order :   0

  Automatic model choice : (2 0 1)
   Model changed to 
   ( 0, 1, 1) ( 0, 1, 1) without constant term


  Final Checks for Identified Model


  Checking for Unit Roots.
   No unit roots found.

  Checking for nonseasonal overdifferencing.
   Nonseasonal MA not within  0.001 of 1.0 - model passes test.

  Checking for insignificant ARMA coefficients.

  Final automatic model choice : (0 1 1)(0 1 1)
   End of automatic model selection procedure.

 Average absolute percentage error in within-sample forecasts:
  Last year:  37.30      Last-1 year:  47.69     Last-2 year: 103.15
  Last three years:   62.71

 Estimation converged in    9 ARMA iterations,   51 function evaluations.

 Regression Model
 ------------------------------------------------------------------------------
                             Parameter        Standard
 Variable                     Estimate           Error      t-value
 ------------------------------------------------------------------------------
 Leap Year                    -12.6745        30.58904        -0.41

 1-Coefficient Trading Day
   Weekday                      4.2504         1.45581         2.92
 **Sat/Sun (derived)          -10.6260         3.63953        -2.92
 ------------------------------------------------------------------------------
 **For the one coefficient trading-day effect, the derived
   parameter estimate is obtained indirectly as minus -2.5 times
   the directly estimated parameter that defines the effect.


 Chi-squared Tests for Groups of Regressors
 ------------------------------------------------------------------------------
 Regression Effect                  df      Chi-Square      P-Value
 ------------------------------------------------------------------------------
 Combined Trading Day and Leap Year Regressors
                                     2            8.72         0.01


 F Tests for Trading Day Regressors 
 -----------------------------------------------------------------------
 Regression Effect                     df         F-statistic    P-Value
 -----------------------------------------------------------------------
 1-Coefficient Trading Day           1, 255            8.46         0.00


 ARIMA Model:  (0 1 1)(0 1 1)
   Nonseasonal differences: 1
   Seasonal differences:    1
                                              Standard
 Parameter                    Estimate          Errors
 -----------------------------------------------------
 Nonseasonal MA                                    
   Lag  1                       0.9176         0.02433

 Seasonal MA                                       
   Lag 12                       0.9998         0.03462

 Variance                       0.43714E+04
 SE of Var                      0.38563E+03
 -----------------------------------------------------

 Likelihood Statistics
 ------------------------------------------------------------------
 Number of observations (nobs)                                  270
 Effective number of observations (nefobs)                      257
 Number of parameters estimated (np)                              5
 Log likelihood (L)                                      -1461.8301
 AIC                                                      2933.6601 
 AICC (F-corrected-AIC)                                   2933.8992 
 Hannan Quinn                                             2940.7964 
 BIC                                                      2951.4055 
 ------------------------------------------------------------------

 QS Statistic for regARIMA Model Residuals (full series):             0.00
                                                       (P-Value =     1.0000)

 QS Statistic for regARIMA Model Residuals (starting 2018.Jul):       0.00
                                                       (P-Value =     1.0000)


  At least one visually significant residual trading day peaks has been
  found in the spectral plot of the following series starting in 2018.Jul:

          regARIMA model residuals (1 Trading Day peak(s))




      10*LOG(SPECTRUM) of the regARIMA model residuals
      Spectrum estimated from 2018.Jul to 2026.Jun.
 ++++++++++I+++++++++++++++++++++++++++++++++++++++++++++++++++++++++++++I
      41.67I                                                    T        I     41.67
           I                                                    T        I
           I                                                    T        I
           I            *                                       T        I
      40.84I            *                                       T        I     40.84
           I  *         *                                       T        I
           I  *         *                                       T        I
           I  *         *                                       T   *    I
      40.00I  *         *                                       T   *    I     40.00
           I  *         *                                       T   *    I
           I  *         *                                       T   *    I
           I  *         *                                       T   *    I
      39.17I  *         *                                       T   *    I     39.17
           I  **        *                                       T   *    I
           I  **        *                                       T   *    I
           I  **        *                                       T  **    I
      38.34I  **        *     *                                 T  **    I     38.34
           I  **        **    *                                 T  **    I
           I  **   *    **    *                                 T  **    I
           I  **   **   **    *                                 T  **    I
      37.50I  **   **  ***    *            *                    T  **    I     37.50
           I  **   **  ***   **            *                    T* **    I
           I  **   **  ***   **         *  *                    T* **    I
           I  **   **  ***   **         ** *                    T* **    I
      36.67I  **   **  ***   **     *   **S*                    T* **    I     36.67
           I  **   **  ***   ***    *   **S**                   T* **    I
           I  **   **  ***  ****    *   **S**                   T* **    I
           I  **   **  **** ****    *   **S**                   T* **    I
      35.84I  **   **  *********    *   **S**              *    T* **    I     35.84
           I  **   **  *********    **  **S**              *    T* **    I
           I  **   **  *********    **  **S**              *   *T* **    I
           I  **   **  *********    ** ***S**          *   *   *T****   SI
      35.00I  **   **  *********    ** ***S**          *   *   *T****   SI     35.00
           I  **   *** *********    ** ***S**          *   *   *T****   SI
           I ***   ***S*********    ** ***S**         T*   *   *T*****  SI
           I ***   ***S*********    ******S**         T*  **   *T*****  SI
      34.17I ***   ***S*********    ******S**        *T** ***  *T*****  SI     34.17
           I ***   ***S*********    ******S***      S*T** ***  *T*****  SI
           I ***  ****S*********    ******S***      S*T** ***  *T*****  SI
           I **** ****S*********    ******S***     *S*T** ***  *T***** *SI
      33.34I **** ****S*********   *******S***     *S*T******  *T***** *SI     33.34
           I **** ****S*********   *******S***  ** *S*T******  *T***** *SI
           I **** ****S*********   *******S***  ****S*T******  *T***** *SI
           I***** ****S*********S  *******S*** *****S*T******  *T***** *SI
      32.50I***** ****S*********S  *******S*********S*T****** S*T*******SI     32.50
           I***** ****S*********S  *******S*********S*T****** S*T*******SI
           I**********S*********S  *******S*********S*T*******S*T*******SI
           I**********S*********S  *******S*********S*T*******S*T*******SI
      31.67I**********S*********S  *******S*********S*T*******S*T*******SI     31.67
           I**********S*********S  *******S*********S*T*******S*T*******SI
           I**********S*********S  *******S*********S*T*******S*T*******SI
           I**********S*********S ********S*********S*T*******S*T*******SI
      30.84I**********S*********S*********S*********S*T*******S*T*******SI     30.84
 ++++++++++I+++++++++++++++++++++++++++++++++++++++++++++++++++++++++++++I
            S=SEASONAL FREQUENCIES, T=TRADING DAY FREQUENCIES


 FORECASTING
  Origin  2026.Jun
  Number        12

  Forecasts and Standard Errors
   ------------------------------
                         Standard
       Date   Forecast      Error
   ------------------------------
   2026.Jul     118.56     66.285
   2026.Aug     108.14     66.612
   2026.Sep     122.11     66.626
   2026.Oct     121.41     66.790
   2026.Nov     125.23     67.049
   2026.Dec      93.61     67.378
   2027.Jan      50.23     67.693
   2027.Feb      84.02     68.062
   2027.Mar     126.21     68.023
   2027.Apr     140.76     68.171
   2027.May     121.23     68.545
   2027.Jun     126.55     68.595
   ------------------------------

  Confidence intervals with coverage probability ( 0.95000
   ---------------------------------------
       Date      Lower  Forecast     Upper
   ---------------------------------------
   2026.Jul     -11.35    118.56    248.48
   2026.Aug     -22.42    108.14    238.70
   2026.Sep      -8.48    122.11    252.69
   2026.Oct      -9.49    121.41    252.32
   2026.Nov      -6.18    125.23    256.65
   2026.Dec     -38.44     93.61    225.67
   2027.Jan     -82.44     50.23    182.91
   2027.Feb     -49.38     84.02    217.42
   2027.Mar      -7.11    126.21    259.53
   2027.Apr       7.15    140.76    274.38
   2027.May     -13.12    121.23    255.58
   2027.Jun      -7.89    126.55    261.00
   ---------------------------------------
        bps_permits 26980            PAGE   4, SERIES bps_permits_addi

 A 6  RegARIMA trading day component
  From  2004.Jan to 2026.Jun
  Observations        270
 -----------------------------------------------------------------------------
               Jan      Feb      Mar      Apr      May      Jun 
               Jul      Aug      Sep      Oct      Nov      Dec         AVGE  
 -----------------------------------------------------------------------------
  2004          -2.     -20.      13.       9.     -17.       9.
                -2.      -2.       9.     -17.       9.      13.           -0.
 
  2005         -17.       3.      13.      -6.      -2.       9.
               -17.      13.       9.     -17.       9.      -2.           -1.
 
  2006          -2.       3.      13.     -21.      13.       9.
               -17.      13.      -6.      -2.       9.     -17.           -1.
 
  2007          13.       3.      -2.      -6.      13.      -6.
                -2.      13.     -21.      13.       9.     -17.            1.
 
  2008          13.      -5.     -17.       9.      -2.      -6.
                13.     -17.       9.      13.     -21.      13.           -0.
 
  2009          -2.       3.      -2.       9.     -17.       9.
                13.     -17.       9.      -2.      -6.      13.            1.
 
  2010         -17.       3.      13.       9.     -17.       9.
                -2.      -2.       9.     -17.       9.      13.            1.
 
  2011         -17.       3.      13.      -6.      -2.       9.
               -17.      13.       9.     -17.       9.      -2.           -1.
 
  2012          -2.      -5.      -2.      -6.      13.      -6.
                -2.      13.     -21.      13.       9.     -17.           -1.
 
  2013          13.       3.     -17.       9.      13.     -21.
                13.      -2.      -6.      13.      -6.      -2.            1.
 
  2014          13.       3.     -17.       9.      -2.      -6.
                13.     -17.       9.      13.     -21.      13.            1.
 
  2015          -2.       3.      -2.       9.     -17.       9.
                13.     -17.       9.      -2.      -6.      13.            1.
 
  2016         -17.      -5.      13.      -6.      -2.       9.
               -17.      13.       9.     -17.       9.      -2.           -1.
 
  2017          -2.       3.      13.     -21.      13.       9.
               -17.      13.      -6.      -2.       9.     -17.           -1.
 
  2018          13.       3.      -2.      -6.      13.      -6.
                -2.      13.     -21.      13.       9.     -17.            1.
 
  2019          13.       3.     -17.       9.      13.     -21.
                13.      -2.      -6.      13.      -6.      -2.            1.
 
  2020          13.     -20.      -2.       9.     -17.       9.
                13.     -17.       9.      -2.      -6.      13.           -0.
 
  2021         -17.       3.      13.       9.     -17.       9.
                -2.      -2.       9.     -17.       9.      13.            1.
 
  2022         -17.       3.      13.      -6.      -2.       9.
               -17.      13.       9.     -17.       9.      -2.           -1.
 
  2023          -2.       3.      13.     -21.      13.       9.
               -17.      13.      -6.      -2.       9.     -17.           -1.
 
  2024          13.      -5.     -17.       9.      13.     -21.
                13.      -2.      -6.      13.      -6.      -2.           -0.
 
  2025          13.       3.     -17.       9.      -2.      -6.
                13.     -17.       9.      13.     -21.      13.            1.
 
  2026          -2.       3.      -2.       9.     -17.       9.
                                                                           -0.
 
  AVGE          -0.      -0.       0.       0.      -1.       1.
                -1.       1.       0.      -1.       0.      -0.

  Table Total-          -7.   Mean-        -0.   Std. Dev.-        11.
                              Min -       -21.        Max -        13.

 A 6.A  RegARIMA trading day component forecasts
  From  2026.Jul to 2027.Jun
  Observations         12
 -----------------------------------------------------------------------------
               Jan      Feb      Mar      Apr      May      Jun 
               Jul      Aug      Sep      Oct      Nov      Dec         AVGE  
 -----------------------------------------------------------------------------
  2026                                                          
                13.     -17.       9.      -2.      -6.      13.            1.
 
  2027         -17.       3.      13.       9.     -17.       9.
                                                                           -0.
 
        bps_permits 26980            PAGE   5, SERIES bps_permits_addi
  
 B 1  Original series (prior adjusted)
      (adjusted for regARIMA factors)
  From  2004.Jan to 2026.Jun
  Observations        270
 -----------------------------------------------------------------------------
               Jan      Feb      Mar      Apr      May      Jun 
               Jul      Aug      Sep      Oct      Nov      Dec        TOTAL  
 -----------------------------------------------------------------------------
  2004          84.      68.     185.     121.      86.      48.
               101.     135.     129.     199.      87.      32.         1278.
 
  2005          43.     121.      88.     126.      74.     116.
               122.     104.      94.     134.     116.      54.         1194.
 
  2006         116.      33.      78.      82.      89.      74.
                75.      80.      48.      75.      61.      63.          876.
 
  2007          31.      24.      66.      71.      62.      61.
               122.      50.     100.      34.      71.      35.          730.
 
  2008          18.      20.      58.      95.      74.      37.
                38.     112.      76.      42.      64.      68.          705.
 
  2009          13.      15.      64.      63.      53.      58.
                84.      49.      68.      55.      66.      21.          612.
 
  2010          48.      29.      25.      38.      35.      62.
                67.      46.      52.      62.      37.       5.          509.
 
  2011          77.       3.      61.      48.      65.      19.
                49.      92.      40.     139.      31.      39.          665.
 
  2012          17.      47.      80.      61.      63.      88.
                57.     115.      96.      65.      75.      50.          817.
 
  2013          12.      24.      74.     112.     309.      59.
                78.      49.      49.      91.      74.      41.          975.
 
  2014           7.      26.      99.      36.      68.      48.
               123.      62.     133.     164.     140.      30.          939.
 
  2015          12.      75.      53.      29.     326.      13.
                37.     134.      93.      64.      34.      35.          908.
 
  2016          83.      45.      44.      69.      48.     212.
                41.      69.     110.      97.     643.     162.         1626.
 
  2017          64.      34.     164.      53.     138.      77.
                68.     220.      86.      72.      13.      61.         1052.
 
  2018           6.      24.      71.     379.      12.      43.
               134.      67.      53.      37.      68.      30.          927.
 
  2019          19.       1.      39.      48.      95.     143.
                51.      60.      39.      83.      31.      75.          687.
 
  2020          19.      51.      73.       0.      38.      88.
                35.     114.      62.      74.      50.      10.          617.
 
  2021          32.      32.      77.      36.      63.      23.
                30.      23.     102.     163.     164.      21.          769.
 
  2022          47.      48.      60.     164.     144.     315.
                85.     198.      68.      77.      27.      35.         1270.
 
  2023          27.     118.     100.      77.     429.     129.
                73.      70.      99.      76.      46.      52.         1298.
 
  2024           7.      53.      89.      40.      45.      62.
                34.     105.      65.      93.      68.      50.          714.
 
  2025           5.     189.      64.     201.      60.      96.
               100.      75.     107.      98.     199.      86.         1283.
 
  2026          26.      51.     164.     353.      70.     104.
                                                                          769.
 
  AVGE          35.      49.      82.     101.     106.      86.
                73.      92.      81.      91.      99.      48.

  Table Total-       21218.   Mean-        79.   Std. Dev.-        69.
                              Min -         0.        Max -       643.

 B 1.A  Forecasts of (prior adjusted) original series
  From  2026.Jul to 2027.Jun
  Observations         12
 -----------------------------------------------------------------------------
               Jan      Feb      Mar      Apr      May      Jun 
               Jul      Aug      Sep      Oct      Nov      Dec        TOTAL  
 -----------------------------------------------------------------------------
  2026                                                          
               106.     125.     114.     124.     132.      81.          681.
 
  2027          67.      81.     113.     132.     138.     118.
                                                                          650.
 
        bps_permits 26980            PAGE   6, SERIES bps_permits_addi

 C 17  Final weights for irregular component
  From  2004.Jan to 2026.Jun
  Observations        270
  Lower sigma limit    1.50
  Upper sigma limit    2.50
 -----------------------------------------------------------------------------
               Jan      Feb      Mar      Apr      May      Jun 
               Jul      Aug      Sep      Oct      Nov      Dec         S.D.  
 -----------------------------------------------------------------------------
  2004         100.     100.       0.     100.     100.       0.
               100.     100.     100.       0.     100.      24.         1990.
 
  2005         100.       0.     100.     100.     100.     100.
               100.     100.     100.     100.     100.     100.         1990.
 
  2006           0.     100.     100.     100.     100.     100.
               100.     100.     100.     100.     100.     100.         1990.
 
  2007         100.     100.     100.     100.     100.     100.
                56.     100.      98.      54.     100.     100.         1646.
 
  2008         100.     100.     100.     100.     100.     100.
                 0.       0.     100.     100.     100.      56.         1673.
 
  2009         100.     100.     100.     100.     100.     100.
               100.     100.     100.     100.     100.     100.         1975.
 
  2010         100.     100.     100.     100.     100.     100.
               100.     100.     100.     100.     100.     100.         2015.
 
  2011           0.     100.     100.     100.     100.     100.
               100.     100.     100.       0.      63.     100.         2085.
 
  2012         100.     100.     100.     100.     100.     100.
               100.     100.     100.     100.     100.     100.         2444.
 
  2013         100.     100.     100.      98.       0.     100.
               100.     100.     100.     100.     100.     100.         2745.
 
  2014         100.     100.     100.     100.     100.     100.
               100.     100.     100.     100.     100.     100.         3646.
 
  2015         100.     100.     100.     100.       0.     100.
               100.     100.     100.     100.     100.     100.         4186.
 
  2016          97.     100.     100.     100.     100.       0.
               100.     100.     100.     100.       0.     100.         4455.
 
  2017         100.     100.     100.     100.     100.     100.
               100.       0.     100.     100.     100.     100.         4429.
 
  2018         100.     100.     100.       0.      34.     100.
                98.     100.     100.     100.     100.     100.         4308.
 
  2019         100.     100.     100.     100.     100.      72.
               100.     100.     100.     100.     100.     100.         3856.
 
  2020         100.     100.     100.     100.     100.     100.
               100.     100.     100.     100.     100.     100.         3628.
 
  2021         100.     100.     100.     100.     100.      88.
               100.      60.     100.      56.       0.     100.         3428.
 
  2022         100.     100.     100.     100.     100.       0.
               100.      27.     100.     100.      93.     100.         3392.
 
  2023         100.     100.     100.      67.       0.     100.
               100.     100.     100.     100.     100.     100.         3929.
 
  2024         100.     100.     100.      74.     100.     100.
               100.     100.     100.     100.     100.     100.         3637.
 
  2025         100.       0.     100.      90.     100.     100.
               100.     100.     100.     100.       0.     100.         3516.
 
  2026         100.      84.     100.       0.      50.     100.
                                                                         3516.
 
        bps_permits 26980            PAGE   7, SERIES bps_permits_addi

 D 8  Final unmodified SI ratios
  From  2004.Jan to 2026.Jun
  Observations        270
 -----------------------------------------------------------------------------
               Jan      Feb      Mar      Apr      May      Jun 
               Jul      Aug      Sep      Oct      Nov      Dec         AVGE  
 -----------------------------------------------------------------------------
  2004         -29.     -42.      78.      16.     -17.     -52.
                 2.      38.      34.     105.      -6.     -61.            5.
 
  2005         -49.      29.      -4.      33.     -20.      21.
                26.       8.      -1.      40.      24.     -35.            6.
 
  2006          30.     -49.       1.       9.      21.       9.
                12.      19.     -12.      15.       1.       2.            5.
 
  2007         -30.     -39.       3.       8.      -1.      -1.
                61.     -10.      40.     -25.      12.     -24.           -1.
 
  2008         -40.     -38.      -0.      37.      16.     -20.
               -19.      56.      21.     -12.      10.      15.            2.
 
  2009         -40.     -39.      11.      11.       0.       5.
                31.      -4.      15.       2.      15.     -29.           -2.
 
  2010          -1.     -18.     -20.      -6.      -8.      21.
                27.       7.      13.      23.      -1.     -34.            0.
 
  2011          38.     -36.      22.       8.      24.     -23.
                 4.      46.      -8.      88.     -22.     -17.           10.
 
  2012         -42.     -15.      16.      -5.      -5.      20.
               -12.      47.      28.      -3.       7.     -19.            1.
 
  2013         -57.     -46.       4.      44.     242.      -6.
                16.     -11.      -8.      36.      21.     -12.           19.
 
  2014         -47.     -32.      36.     -32.      -6.     -31.
                39.     -26.      44.      76.      54.     -52.            2.
 
  2015         -65.       3.     -14.     -33.     267.     -44.
               -19.      77.      36.       6.     -24.     -23.           14.
 
  2016          25.     -12.     -13.      11.     -13.     147.
               -31.     -10.      24.       2.     542.      55.           61.
 
  2017         -46.     -77.      56.     -50.      43.      -9.
               -10.     150.      23.      14.     -41.       8.            5.
 
  2018         -46.     -30.      15.     322.     -47.     -17.
                75.      10.      -1.     -15.      18.     -20.           22.
 
  2019         -30.     -50.     -13.      -5.      40.      86.
                -7.       1.     -20.      24.     -26.      19.            2.
 
  2020         -35.      -2.      21.     -51.     -13.      37.
               -17.      61.       7.      18.      -6.     -44.           -2.
 
  2021         -20.     -17.      32.      -8.      18.     -23.
               -20.     -32.      42.      96.      91.     -60.            8.
 
  2022         -41.     -46.     -37.      66.      46.     220.
                -8.     108.     -19.      -7.     -55.     -47.           15.
 
  2023         -56.      33.      14.     -11.     340.      41.
               -14.     -13.      20.       2.     -23.     -12.           27.
 
  2024         -52.      -2.      36.     -11.      -6.       9.
               -21.      46.       1.      25.      -5.     -27.           -1.
 
  2025         -74.     107.     -19.     117.     -26.       9.
                12.     -15.      15.       4.     102.     -13.           18.
 
  2026         -76.     -54.      57.     244.     -42.      -9.
                                                                           20.
 
  AVGE         -34.     -20.      12.      31.      37.      17.
                 6.      25.      13.      23.      31.     -20.

  Table Total-        2725.   Mean-        10.   Std. Dev.-        65.
                              Min -       -77.        Max -       542.
        bps_permits 26980            PAGE   8, SERIES bps_permits_addi

 D 8.B  Final unmodified SI ratios, with labels for outliers and extreme values
  From  2004.Jan to 2026.Jun
  Observations        270
 ---------------------------------------------------------------------
               Jan       Feb       Mar       Apr       May       Jun  
               Jul       Aug       Sep       Oct       Nov       Dec  
 ---------------------------------------------------------------------
  2004        -29.      -42.       78.*      16.      -17.      -52.* 
                2.       38.       34.      105.*      -6.      -61.* 
 
  2005        -49.       29.*      -4.       33.      -20.       21.  
               26.        8.       -1.       40.       24.      -35.  
 
  2006         30.*     -49.        1.        9.       21.        9.  
               12.       19.      -12.       15.        1.        2.  
 
  2007        -30.      -39.        3.        8.       -1.       -1.  
               61.*     -10.       40.*     -25.*      12.      -24.  
 
  2008        -40.      -38.       -0.       37.       16.      -20.  
              -19.*      56.*      21.      -12.       10.       15.* 
 
  2009        -40.      -39.       11.       11.        0.        5.  
               31.       -4.       15.        2.       15.      -29.  
 
  2010         -1.      -18.      -20.       -6.       -8.       21.  
               27.        7.       13.       23.       -1.      -34.  
 
  2011         38.*     -36.       22.        8.       24.      -23.  
                4.       46.       -8.       88.*     -22.*     -17.  
 
  2012        -42.      -15.       16.       -5.       -5.       20.  
              -12.       47.       28.       -3.        7.      -19.  
 
  2013        -57.      -46.        4.       44.*     242.*      -6.  
               16.      -11.       -8.       36.       21.      -12.  
 
  2014        -47.      -32.       36.      -32.       -6.      -31.  
               39.      -26.       44.       76.       54.      -52.  
 
  2015        -65.        3.      -14.      -33.      267.*     -44.  
              -19.       77.       36.        6.      -24.      -23.  
 
  2016         25.*     -12.      -13.       11.      -13.      147.* 
              -31.      -10.       24.        2.*     542.*      55.  
 
  2017        -46.      -77.       56.      -50.       43.       -9.  
              -10.      150.*      23.       14.      -41.        8.  
 
  2018        -46.      -30.       15.      322.*     -47.*     -17.  
               75.*      10.       -1.      -15.       18.      -20.  
 
  2019        -30.      -50.      -13.       -5.       40.       86.* 
               -7.        1.      -20.       24.      -26.       19.  
 
  2020        -35.       -2.       21.      -51.      -13.       37.  
              -17.       61.        7.       18.       -6.      -44.  
 
  2021        -20.      -17.       32.       -8.       18.      -23.* 
              -20.      -32.*      42.       96.*      91.*     -60.  
 
  2022        -41.      -46.      -37.*      66.       46.      220.* 
               -8.      108.*     -19.       -7.      -55.*     -47.  
 
  2023        -56.       33.       14.      -11.*     340.*      41.  
              -14.      -13.       20.        2.      -23.      -12.  
 
  2024        -52.       -2.       36.      -11.*      -6.        9.  
              -21.       46.        1.       25.       -5.      -27.  
 
  2025        -74.      107.*     -19.      117.*     -26.        9.  
               12.      -15.       15.        4.      102.*     -13.  
 
  2026        -76.      -54.*      57.      244.*     -42.*      -9.  
                                                                      
 

  Key to symbols:
    *  : extreme value as determined by X-11 extreme value procedure
 
        bps_permits 26980            PAGE   9, SERIES bps_permits_addi

 D 9  Final replacement values for SI ratios
  From  2004.Jan to 2026.Jun
  Observations        270
 ---------------------------------------------------------------
               Jan      Feb      Mar      Apr      May      Jun 
               Jul      Aug      Sep      Oct      Nov      Dec 
 ---------------------------------------------------------------
  2004     ******** ********       2. ******** ********       8.
           ******** ******** ********      25. ********     -27.
 
  2005     ********     -41. ******** ******** ******** ********
           ******** ******** ******** ******** ******** ********
 
  2006         -35. ******** ******** ******** ******** ********
           ******** ******** ******** ******** ******** ********
 
  2007     ******** ******** ******** ******** ******** ********
                47. ********      40.     -10. ******** ********
 
  2008     ******** ******** ******** ******** ******** ********
                28.       7. ******** ******** ********       0.
 
  2009     ******** ******** ******** ******** ******** ********
           ******** ******** ******** ******** ******** ********
 
  2010     ******** ******** ******** ******** ******** ********
           ******** ******** ******** ******** ******** ********
 
  2011         -30. ******** ******** ******** ******** ********
           ******** ******** ********      23.      -8. ********
 
  2012     ******** ******** ******** ******** ******** ********
           ******** ******** ******** ******** ******** ********
 
  2013     ******** ******** ********      43.      28. ********
           ******** ******** ******** ******** ******** ********
 
  2014     ******** ******** ******** ******** ******** ********
           ******** ******** ******** ******** ******** ********
 
  2015     ******** ******** ******** ********      33. ********
           ******** ******** ******** ******** ******** ********
 
  2016          23. ******** ******** ******** ********      -8.
           ******** ******** ********       2.      53. ********
 
  2017     ******** ******** ******** ******** ******** ********
           ********      30. ******** ******** ******** ********
 
  2018     ******** ******** ********       2.      15. ********
                74. ******** ******** ******** ******** ********
 
  2019     ******** ******** ******** ******** ********      67.
           ******** ******** ******** ******** ******** ********
 
  2020     ******** ******** ******** ******** ******** ********
           ******** ******** ******** ******** ******** ********
 
  2021     ******** ******** ******** ******** ********     -17.
           ********      -6. ********      67.      -2. ********
 
  2022     ******** ********     -36. ******** ********      38.
           ********      53. ******** ********     -51. ********
 
  2023     ******** ******** ********      13.      41. ********
           ******** ******** ******** ******** ******** ********
 
  2024     ******** ******** ********       6. ******** ********
           ******** ******** ******** ******** ******** ********
 
  2025     ********      -4. ********     111. ******** ********
           ******** ******** ******** ********       4. ********
 
  2026     ********     -45. ********      71.      -7. ********
                                                                
 

 D 9.A  Moving seasonality ratio
 ---------------------------------------------------------------
               Jan      Feb      Mar      Apr      May      Jun 
 ---------------------------------------------------------------
   I         19.539   25.594   27.671   35.311   30.854   25.641
   S          4.038    3.758    3.573    6.442    4.050    4.400
 RATIO        4.839    6.811    7.744    5.482    7.618    5.828



 ---------------------------------------------------------------
               Jul      Aug      Sep      Oct      Nov      Dec 
 ---------------------------------------------------------------
   I         26.546   41.929   24.916   26.731   31.896   26.574
   S          3.823    4.011    2.719    3.314    3.848    4.158
 RATIO        6.944   10.453    9.163    8.067    8.290    6.391



        bps_permits 26980            PAGE  10, SERIES bps_permits_addi

 D 10  Final seasonal factors
  From  2004.Jan to 2026.Jun
  Observations        270
  Seasonal filter    3 x 9 moving average
 -----------------------------------------------------------------------------
               Jan      Feb      Mar      Apr      May      Jun 
               Jul      Aug      Sep      Oct      Nov      Dec         AVGE  
 -----------------------------------------------------------------------------
  2004         -37.     -42.       1.      19.      -3.       6.
                22.      14.      16.      15.       8.     -20.           -0.
 
  2005         -36.     -41.       1.      19.      -2.       5.
                23.      12.      16.      13.       8.     -19.           -0.
 
  2006         -34.     -40.       1.      17.      -1.       5.
                23.      12.      15.      13.       8.     -20.           -0.
 
  2007         -33.     -37.       1.      15.       0.       5.
                22.      14.      14.      13.       7.     -21.           -0.
 
  2008         -34.     -36.       3.      14.       3.       4.
                20.      14.      12.      12.       7.     -20.           -0.
 
  2009         -35.     -35.       5.      12.       5.       1.
                20.      12.      13.      13.       9.     -20.            0.
 
  2010         -37.     -33.       6.       9.       8.      -3.
                20.      11.      15.      15.      10.     -21.           -0.
 
  2011         -36.     -29.       7.       5.       8.      -7.
                16.      12.      17.      16.      12.     -20.            0.
 
  2012         -35.     -28.       7.       1.       9.      -9.
                11.      15.      19.      17.      11.     -17.            0.
 
  2013         -34.     -28.       9.      -3.      10.     -10.
                 8.      17.      18.      18.      10.     -14.            0.
 
  2014         -36.     -31.      11.      -6.      14.      -8.
                 7.      18.      16.      19.       8.     -11.            0.
 
  2015         -37.     -30.      12.      -9.      14.      -5.
                 6.      19.      15.      18.       7.     -10.            0.
 
  2016         -38.     -30.      13.     -11.      16.      -3.
                 4.      17.      15.      20.       6.     -10.           -0.
 
  2017         -36.     -29.      12.     -13.      16.       0.
                 2.      19.      16.      21.       3.     -14.           -0.
 
  2018         -36.     -27.      10.     -10.      19.       3.
                -1.      20.      15.      20.      -3.     -16.           -0.
 
  2019         -35.     -25.       9.      -6.      20.       9.
                -3.      22.      13.      16.      -8.     -16.           -0.
 
  2020         -38.     -22.      10.       0.      20.      15.
                -4.      21.      10.      14.     -12.     -17.           -0.
 
  2021         -42.     -21.      12.      10.      16.      17.
                -3.      18.       8.      14.     -11.     -21.           -0.
 
  2022         -47.     -19.      11.      19.      14.      19.
                -4.      17.       6.      15.     -11.     -25.           -0.
 
  2023         -49.     -16.      12.      27.      12.      18.
                -7.      17.       7.      16.      -9.     -28.           -0.
 
  2024         -50.     -16.      13.      33.      12.      15.
               -10.      16.       9.      16.      -9.     -30.           -0.
 
  2025         -54.     -16.      13.      41.      12.      13.
                -9.      14.       8.      13.      -7.     -29.           -0.
 
  2026         -57.     -15.      14.      47.      10.      12.
                                                                            2.
 
  AVGE         -39.     -28.       8.      10.      10.       4.
                 7.      16.      13.      16.       2.     -19.

  Table Total-         -14.   Mean-        -0.   Std. Dev.-        20.
                              Min -       -57.        Max -        47.

 D 10.A  Final seasonal component forecasts
  From  2026.Jul to 2027.Jun
  Observations         12
 -----------------------------------------------------------------------------
               Jan      Feb      Mar      Apr      May      Jun 
               Jul      Aug      Sep      Oct      Nov      Dec         AVGE  
 -----------------------------------------------------------------------------
  2026                                                          
                -8.      12.       7.      11.      -5.     -26.           -2.
 
  2027         -59.     -16.      16.      50.       7.      10.
                                                                            1.
 
        bps_permits 26980            PAGE  11, SERIES bps_permits_addi
  
 D 11  Final seasonally adjusted data
       (also adjusted for trading day)
  From  2004.Jan to 2026.Jun
  Observations        270
 -----------------------------------------------------------------------------
               Jan      Feb      Mar      Apr      May      Jun 
               Jul      Aug      Sep      Oct      Nov      Dec        TOTAL  
 -----------------------------------------------------------------------------
  2004         121.     110.     184.     102.      89.      42.
                80.     122.     114.     184.      79.      52.         1279.
 
  2005          79.     162.      87.     107.      76.     111.
                99.      92.      79.     121.     108.      74.         1196.
 
  2006         150.      72.      78.      65.      90.      69.
                52.      69.      34.      62.      54.      83.          879.
 
  2007          64.      61.      65.      57.      62.      57.
               100.      36.      86.      22.      65.      56.          731.
 
  2008          52.      57.      55.      81.      71.      34.
                18.      98.      64.      30.      57.      88.          705.
 
  2009          48.      50.      59.      51.      48.      57.
                64.      37.      56.      42.      57.      41.          610.
 
  2010          85.      62.      19.      29.      27.      65.
                47.      35.      38.      47.      27.      26.          509.
 
  2011         113.      32.      55.      43.      57.      27.
                33.      80.      23.     123.      20.      59.          663.
 
  2012          52.      75.      73.      61.      54.      97.
                47.     100.      77.      48.      65.      67.          816.
 
  2013          46.      52.      65.     115.     299.      69.
                70.      32.      31.      73.      64.      55.          972.
 
  2014          43.      57.      88.      43.      55.      57.
               116.      44.     117.     145.     132.      41.          938.
 
  2015          49.     105.      41.      38.     312.      19.
                31.     115.      79.      46.      27.      45.          908.
 
  2016         121.      76.      31.      81.      32.     215.
                37.      52.      96.      77.     638.     172.         1627.
 
  2017         100.      63.     153.      66.     122.      77.
                66.     202.      71.      51.      11.      75.         1057.
 
  2018          42.      51.      61.     390.      -7.      40.
               135.      48.      38.      18.      71.      46.          932.
 
  2019          54.      26.      30.      55.      75.     134.
                55.      39.      27.      67.      39.      91.          691.
 
  2020          58.      74.      63.       0.      18.      74.
                39.      93.      52.      60.      62.      27.          621.
 
  2021          74.      53.      65.      26.      47.       7.
                33.       5.      95.     149.     175.      42.          771.
 
  2022          94.      67.      49.     145.     130.     297.
                89.     181.      62.      62.      39.      60.         1274.
 
  2023          76.     134.      88.      51.     417.     112.
                80.      53.      92.      60.      56.      80.         1300.
 
  2024          58.      69.      76.       7.      33.      47.
                44.      89.      57.      77.      77.      80.          715.
 
  2025          59.     205.      51.     160.      49.      83.
               109.      61.      99.      85.     207.     115.         1283.
 
  2026          83.      66.     150.     306.      60.      92.
                                                                          758.
 
  AVGE          75.      77.      73.      90.      96.      82.
                66.      76.      68.      75.      97.      67.

  Table Total-       21233.   Mean-        79.   Std. Dev.-        65.
                              Min -        -7.        Max -       638.
        bps_permits 26980            PAGE  12, SERIES bps_permits_addi

 D 12  Final trend cycle
  From  2004.Jan to 2026.Jun
  Observations        270
  Trend filter    23-term Henderson moving average
  I/C ratio        6.40
 -----------------------------------------------------------------------------
               Jan      Feb      Mar      Apr      May      Jun 
               Jul      Aug      Sep      Oct      Nov      Dec        TOTAL  
 -----------------------------------------------------------------------------
  2004         111.     109.     107.     105.     103.     102.
               100.      98.      97.      95.      94.      92.         1212.
 
  2005          91.      91.      91.      92.      94.      96.
                97.      97.      97.      95.      92.      89.         1123.
 
  2006          86.      81.      77.      73.      69.      65.
                63.      61.      60.      60.      60.      61.          817.
 
  2007          62.      63.      63.      64.      63.      62.
                61.      60.      59.      59.      59.      59.          735.
 
  2008          59.      59.      59.      59.      58.      58.
                57.      56.      55.      54.      54.      54.          680.
 
  2009          54.      54.      54.      53.      53.      53.
                53.      53.      53.      52.      52.      51.          634.
 
  2010          49.      48.      46.      45.      43.      41.
                40.      39.      38.      38.      38.      39.          503.
 
  2011          39.      40.      41.      42.      43.      44.
                45.      46.      47.      49.      52.      55.          542.
 
  2012          58.      62.      65.      68.      70.      71.
                70.      69.      68.      67.      67.      67.          803.
 
  2013          68.      69.      69.      69.      68.      66.
                64.      62.      59.      56.      54.      53.          756.
 
  2014          53.      56.      60.      66.      72.      79.
                85.      89.      92.      92.      89.      85.          918.
 
  2015          78.      71.      65.      59.      55.      54.
                54.      57.      59.      62.      63.      62.          739.
 
  2016          61.      58.      56.      56.      58.      62.
                69.      77.      86.      96.     104.     110.          894.
 
  2017         114.     113.     110.     103.      95.      85.
                76.      68.      61.      57.      54.      53.          989.
 
  2018          53.      55.      57.      59.      61.      62.
                60.      58.      54.      51.      49.      48.          666.
 
  2019          48.      50.      52.      54.      56.      58.
                60.      61.      61.      59.      57.      55.          671.
 
  2020          53.      51.      51.      51.      51.      52.
                53.      54.      56.      57.      57.      55.          641.
 
  2021          52.      48.      45.      44.      45.      47.
                50.      55.      60.      66.      73.      81.          665.
 
  2022          88.      94.      98.      99.      99.      97.
                94.      90.      86.      83.      80.      80.         1088.
 
  2023          82.      85.      88.      90.      91.      90.
                88.      84.      78.      73.      68.      63.          979.
 
  2024          59.      56.      53.      53.      53.      54.
                56.      59.      63.      68.      72.      77.          722.
 
  2025          80.      82.      84.      85.      86.      87.
                88.      90.      92.      95.      97.     100.         1064.
 
  2026         103.     106.     108.     109.     111.     112.
                                                                          649.
 
  AVGE          70.      70.      69.      69.      69.      69.
                67.      67.      67.      67.      68.      68.

  Table Total-       18491.   Mean-        68.   Std. Dev.-        19.
                              Min -        38.        Max -       114.
        bps_permits 26980            PAGE  13, SERIES bps_permits_addi

 D 13  Final irregular component
  From  2004.Jan to 2026.Jun
  Observations        270
 -----------------------------------------------------------------------------
               Jan      Feb      Mar      Apr      May      Jun 
               Jul      Aug      Sep      Oct      Nov      Dec         S.D.  
 -----------------------------------------------------------------------------
  2004          10.       1.      78.      -3.     -15.     -59.
               -21.      23.      17.      89.     -14.     -40.           42.
 
  2005         -12.      71.      -4.      15.     -18.      15.
                 2.      -5.     -18.      26.      16.     -16.           25.
 
  2006          65.      -9.       1.      -7.      21.       4.
               -11.       7.     -27.       2.      -6.      22.           23.
 
  2007           2.      -1.       1.      -7.      -1.      -6.
                39.     -24.      27.     -37.       6.      -3.           19.
 
  2008          -7.      -2.      -4.      22.      13.     -24.
               -39.      42.       9.     -24.       3.      34.           23.
 
  2009          -6.      -4.       5.      -2.      -5.       4.
                11.     -16.       3.     -11.       6.      -9.            8.
 
  2010          36.      14.     -27.     -15.     -16.      24.
                 8.      -4.      -0.       9.     -11.     -13.           18.
 
  2011          74.      -8.      14.       1.      14.     -17.
               -12.      34.     -24.      74.     -32.       4.           35.
 
  2012          -6.      13.       7.      -8.     -16.      26.
               -24.      31.      10.     -19.      -2.      -0.           16.
 
  2013         -22.     -16.      -4.      46.     231.       2.
                 6.     -30.     -27.      17.      10.       2.           70.
 
  2014         -10.       1.      28.     -23.     -18.     -22.
                32.     -46.      25.      53.      43.     -43.           32.
 
  2015         -29.      34.     -23.     -20.     256.     -35.
               -24.      58.      19.     -15.     -35.     -17.           80.
 
  2016          60.      17.     -25.      24.     -25.     153.
               -32.     -25.       9.     -19.     534.      62.          163.
 
  2017         -13.     -50.      43.     -37.      28.      -8.
               -11.     133.       9.      -6.     -43.      23.           48.
 
  2018         -11.      -4.       4.     330.     -68.     -21.
                74.     -10.     -16.     -33.      23.      -2.          101.
 
  2019           6.     -24.     -22.       1.      19.      75.
                -5.     -22.     -34.       8.     -18.      36.           29.
 
  2020           5.      22.      12.     -51.     -33.      22.
               -14.      39.      -4.       3.       5.     -28.           25.
 
  2021          23.       5.      20.     -17.       2.     -40.
               -18.     -50.      35.      82.     102.     -39.           46.
 
  2022           6.     -27.     -49.      46.      31.     200.
                -5.      91.     -24.     -21.     -42.     -20.           69.
 
  2023          -6.      50.       0.     -40.     326.      22.
                -7.     -30.      14.     -13.     -12.      17.           97.
 
  2024          -1.      13.      23.     -45.     -19.      -7.
               -12.      30.      -7.       9.       4.       3.           19.
 
  2025         -21.     123.     -32.      75.     -37.      -3.
                21.     -29.       8.      -9.     109.      15.           56.
 
  2026         -20.     -39.      42.     197.     -51.     -20.
                                                                           87.
 
  S.D.          28.      37.      28.      86.     102.      59.
                25.      46.      19.      36.     120.      26.

  Table Total-        2742.   Mean-        10.   Std. Dev.-        60.
                              Min -       -68.        Max -       534.
        bps_permits 26980            PAGE  14, SERIES bps_permits_addi
  
 D 16  Combined adjustment factors
       (includes seasonal, trading day factors)
  From  2004.Jan to 2026.Jun
  Observations        270
 -----------------------------------------------------------------------------
               Jan      Feb      Mar      Apr      May      Jun 
               Jul      Aug      Sep      Oct      Nov      Dec         AVGE  
 -----------------------------------------------------------------------------
  2004         -39.     -62.      14.      28.     -20.      15.
                19.      11.      24.      -2.      17.      -7.           -0.
 
  2005         -53.     -38.      14.      13.      -4.      14.
                 6.      25.      24.      -4.      17.     -22.           -1.
 
  2006         -36.     -36.      13.      -4.      12.      14.
                 6.      24.       8.      11.      16.     -37.           -1.
 
  2007         -20.     -34.      -1.       8.      13.      -2.
                20.      27.      -7.      25.      15.     -38.            1.
 
  2008         -21.     -42.     -14.      23.       1.      -3.
                33.      -3.      21.      25.     -14.      -7.           -0.
 
  2009         -37.     -32.       3.      21.     -12.      10.
                33.      -5.      21.      11.       3.      -7.            1.
 
  2010         -54.     -30.      19.      18.      -9.       6.
                18.       9.      23.      -2.      19.      -8.            1.
 
  2011         -53.     -26.      19.      -1.       6.       1.
                -1.      25.      26.      -1.      20.     -22.           -0.
 
  2012         -37.     -33.       5.      -6.      22.     -15.
                 8.      28.      -2.      30.      19.     -34.           -1.
 
  2013         -21.     -25.      -8.       6.      23.     -31.
                21.      15.      12.      31.       4.     -16.            1.
 
  2014         -23.     -28.      -6.       2.      11.     -15.
                20.       1.      25.      32.     -13.       2.            1.
 
  2015         -39.     -27.      10.      -0.      -3.       3.
                19.       2.      23.      16.       1.       3.            1.
 
  2016         -55.     -36.      26.     -18.      14.       6.
               -13.      30.      23.       3.      14.     -12.           -1.
 
  2017         -38.     -26.      24.     -34.      29.       9.
               -15.      31.       9.      19.      11.     -31.           -1.
 
  2018         -23.     -24.       8.     -17.      32.      -3.
                -3.      32.      -6.      32.       6.     -33.            0.
 
  2019         -22.     -22.      -8.       2.      33.     -12.
                 9.      19.       6.      29.     -14.     -18.            0.
 
  2020         -26.     -43.       8.       9.       3.      23.
                 9.       4.      19.      12.     -18.      -4.           -0.
 
  2021         -59.     -18.      25.      19.      -1.      25.
                -5.      16.      16.      -3.      -2.      -8.            0.
 
  2022         -64.     -16.      24.      13.      12.      27.
               -21.      30.      15.      -2.      -3.     -27.           -1.
 
  2023         -51.     -13.      25.       5.      25.      26.
               -24.      30.       1.      14.      -1.     -45.           -1.
 
  2024         -38.     -21.      -4.      42.      25.      -6.
                 3.      14.       2.      29.     -15.     -32.           -0.
 
  2025         -41.     -13.      -4.      50.       9.       7.
                 4.      -3.      17.      26.     -29.     -16.            1.
 
  2026         -59.     -12.      12.      56.      -7.      21.
                                                                            2.
 
  AVGE         -40.     -29.       9.      10.       9.       5.
                 7.      17.      14.      15.       2.     -19.

  Table Total-         -22.   Mean-        -0.   Std. Dev.-        23.
                              Min -       -64.        Max -        56.

 D 16.A  Combined adjustment component forecasts
  From  2026.Jul to 2027.Jun
  Observations         12
 -----------------------------------------------------------------------------
               Jan      Feb      Mar      Apr      May      Jun 
               Jul      Aug      Sep      Oct      Nov      Dec         AVGE  
 -----------------------------------------------------------------------------
  2026                                                          
                 5.      -5.      16.       9.     -11.     -13.           -0.
 
  2027         -76.     -13.      29.      58.     -10.      19.
                                                                            1.
 
        bps_permits 26980            PAGE  15, SERIES bps_permits_addi
  
 D 18  Combined calendar adjustment factors
       (includes trading day factors)
  From  2004.Jan to 2026.Jun
  Observations        270
 -----------------------------------------------------------------------------
               Jan      Feb      Mar      Apr      May      Jun 
               Jul      Aug      Sep      Oct      Nov      Dec         AVGE  
 -----------------------------------------------------------------------------
  2004          -2.     -20.      13.       9.     -17.       9.
                -2.      -2.       9.     -17.       9.      13.           -0.
 
  2005         -17.       3.      13.      -6.      -2.       9.
               -17.      13.       9.     -17.       9.      -2.           -1.
 
  2006          -2.       3.      13.     -21.      13.       9.
               -17.      13.      -6.      -2.       9.     -17.           -1.
 
  2007          13.       3.      -2.      -6.      13.      -6.
                -2.      13.     -21.      13.       9.     -17.            1.
 
  2008          13.      -5.     -17.       9.      -2.      -6.
                13.     -17.       9.      13.     -21.      13.           -0.
 
  2009          -2.       3.      -2.       9.     -17.       9.
                13.     -17.       9.      -2.      -6.      13.            1.
 
  2010         -17.       3.      13.       9.     -17.       9.
                -2.      -2.       9.     -17.       9.      13.            1.
 
  2011         -17.       3.      13.      -6.      -2.       9.
               -17.      13.       9.     -17.       9.      -2.           -1.
 
  2012          -2.      -5.      -2.      -6.      13.      -6.
                -2.      13.     -21.      13.       9.     -17.           -1.
 
  2013          13.       3.     -17.       9.      13.     -21.
                13.      -2.      -6.      13.      -6.      -2.            1.
 
  2014          13.       3.     -17.       9.      -2.      -6.
                13.     -17.       9.      13.     -21.      13.            1.
 
  2015          -2.       3.      -2.       9.     -17.       9.
                13.     -17.       9.      -2.      -6.      13.            1.
 
  2016         -17.      -5.      13.      -6.      -2.       9.
               -17.      13.       9.     -17.       9.      -2.           -1.
 
  2017          -2.       3.      13.     -21.      13.       9.
               -17.      13.      -6.      -2.       9.     -17.           -1.
 
  2018          13.       3.      -2.      -6.      13.      -6.
                -2.      13.     -21.      13.       9.     -17.            1.
 
  2019          13.       3.     -17.       9.      13.     -21.
                13.      -2.      -6.      13.      -6.      -2.            1.
 
  2020          13.     -20.      -2.       9.     -17.       9.
                13.     -17.       9.      -2.      -6.      13.           -0.
 
  2021         -17.       3.      13.       9.     -17.       9.
                -2.      -2.       9.     -17.       9.      13.            1.
 
  2022         -17.       3.      13.      -6.      -2.       9.
               -17.      13.       9.     -17.       9.      -2.           -1.
 
  2023          -2.       3.      13.     -21.      13.       9.
               -17.      13.      -6.      -2.       9.     -17.           -1.
 
  2024          13.      -5.     -17.       9.      13.     -21.
                13.      -2.      -6.      13.      -6.      -2.           -0.
 
  2025          13.       3.     -17.       9.      -2.      -6.
                13.     -17.       9.      13.     -21.      13.            1.
 
  2026          -2.       3.      -2.       9.     -17.       9.
                                                                           -0.
 
  AVGE          -0.      -0.       0.       0.      -1.       1.
                -1.       1.       0.      -1.       0.      -0.

  Table Total-          -7.   Mean-        -0.   Std. Dev.-        11.
                              Min -       -21.        Max -        13.

 D 18.A  Combined calendar adjustment component forecasts
  From  2026.Jul to 2027.Jun
  Observations         12
 -----------------------------------------------------------------------------
               Jan      Feb      Mar      Apr      May      Jun 
               Jul      Aug      Sep      Oct      Nov      Dec         AVGE  
 -----------------------------------------------------------------------------
  2026                                                          
                13.     -17.       9.      -2.      -6.      13.            1.
 
  2027         -17.       3.      13.       9.     -17.       9.
                                                                           -0.
 
        bps_permits 26980            PAGE  16, SERIES bps_permits_addi

 E 4  Differences of annual totals
  From          2004 to 2025
  Observations         22
 -----------------------------------
  Year       Unmodified     Modified
                  (D11)         (E2)
 -----------------------------------
  2004              -2.          -2.
 
  2005              -9.          -9.
 
  2006             -10.         -10.
 
  2007               6.           6.
 
  2008              -1.          -1.
 
  2009               9.           9.
 
  2010               7.           7.
 
  2011              -5.          -5.
 
  2012             -15.         -15.
 
  2013              10.          10.
 
  2014               8.           8.
 
  2015               7.           7.
 
  2016             -17.         -17.
 
  2017             -12.         -12.
 
  2018               2.           2.
 
  2019               3.           3.
 
  2020              -5.          -5.
 
  2021               5.           5.
 
  2022             -11.         -11.
 
  2023              -9.          -9.
 
  2024              -2.          -2.
 
  2025               7.           7.
 
        bps_permits 26980            PAGE  17, SERIES bps_permits_addi

 E 5  Month-to-month differences in the original series
  From  2004.Feb to 2026.Jun
  Observations        269
 -----------------------------------------------------------------------------
               Jan      Feb      Mar      Apr      May      Jun 
               Jul      Aug      Sep      Oct      Nov      Dec         AVGE  
 -----------------------------------------------------------------------------
  2004                  -34.     150.     -68.     -61.     -12.
                42.      34.       5.      44.     -86.     -51.           -3.
 
  2005         -19.      98.     -23.      19.     -48.      53.
               -20.      12.     -14.      14.       8.     -73.            1.
 
  2006          62.     -78.      55.     -30.      41.     -19.
               -25.      35.     -51.      31.      -3.     -24.           -0.
 
  2007          -2.     -17.      37.       1.      10.     -20.
                65.     -57.      16.     -32.      33.     -62.           -2.
 
  2008          13.     -16.      26.      63.     -32.     -41.
                20.      44.     -10.     -30.     -12.      38.            5.
 
  2009         -70.       7.      44.      10.     -36.      31.
                30.     -65.      45.     -24.       7.     -26.           -4.
 
  2010          -3.       1.       6.       9.     -29.      53.
                -6.     -21.      17.     -16.       1.     -28.           -1.
 
  2011          42.     -54.      68.     -32.      21.     -35.
                 4.      73.     -56.      73.     -82.      -3.            2.
 
  2012         -22.      27.      36.     -23.      21.       6.
               -27.      73.     -53.       3.       6.     -51.           -0.
 
  2013          -8.       2.      30.      64.     201.    -284.
                53.     -44.      -4.      61.     -36.     -29.            1.
 
  2014         -19.       9.      53.     -37.      21.     -24.
                94.     -91.      97.      35.     -58.     -76.            0.
 
  2015         -33.      68.     -27.     -13.     271.    -287.
                28.      67.     -15.     -40.     -34.      20.            0.
 
  2016          18.     -26.      17.       6.     -17.     175.
              -197.      58.      37.     -39.     572.    -492.            9.
 
  2017         -98.     -25.     140.    -145.     119.     -65.
               -35.     182.    -153.     -10.     -48.      22.          -10.
 
  2018         -25.       8.      42.     304.    -348.      12.
                95.     -52.     -48.      18.      27.     -64.           -3.
 
  2019          19.     -28.      18.      35.      51.      14.
               -58.      -6.     -25.      63.     -71.      48.            5.
 
  2020         -41.      -1.      40.     -62.      12.      76.
               -49.      49.     -26.       1.     -28.     -21.           -4.
 
  2021          -8.      20.      55.     -45.       1.     -14.
                -4.      -7.      90.      35.      27.    -139.            1.
 
  2022          -4.      21.      22.      85.     -16.     182.
              -256.     143.    -134.     -17.     -24.      -3.           -0.
 
  2023          -8.      96.      -8.     -57.     386.    -304.
               -82.      27.      10.     -19.     -19.     -20.            0.
 
  2024         -15.      28.      24.     -23.       9.     -17.
                 6.      56.     -44.      47.     -44.     -14.            1.
 
  2025         -30.     174.    -145.     163.    -152.      32.
                23.     -55.      58.      -5.      67.     -79.            4.
 
  2026         -75.      30.     108.     200.    -309.      60.
                                                                            2.
 
  AVGE         -15.      13.      33.      18.       5.     -19.
               -14.      21.     -12.       9.       9.     -51.

  Table Total-          31.   Mean-         0.   Std. Dev.-        93.
                              Min -      -492.        Max -       572.
        bps_permits 26980            PAGE  18, SERIES bps_permits_addi

 E 6  Month-to-month differences in seasonally adjusted series (D11)
  From  2004.Feb to 2026.Jun
  Observations        269
 -----------------------------------------------------------------------------
               Jan      Feb      Mar      Apr      May      Jun 
               Jul      Aug      Sep      Oct      Nov      Dec         AVGE  
 -----------------------------------------------------------------------------
  2004                  -11.      74.     -82.     -13.     -47.
                37.      42.      -8.      70.    -105.     -28.           -6.
 
  2005          27.      83.     -74.      20.     -32.      35.
               -12.      -7.     -14.      42.     -13.     -35.            2.
 
  2006          77.     -78.       5.     -12.      25.     -21.
               -18.      17.     -35.      29.      -8.      29.            1.
 
  2007         -19.      -3.       3.      -8.       5.      -5.
                44.     -64.      50.     -64.      43.      -9.           -2.
 
  2008          -4.       4.      -1.      26.     -10.     -37.
               -16.      80.     -34.     -34.      27.      31.            3.
 
  2009         -40.       2.       9.      -8.      -3.       9.
                 7.     -28.      19.     -14.      16.     -16.           -4.
 
  2010          44.     -23.     -43.      10.      -2.      38.
               -18.     -13.       3.       9.     -20.      -1.           -1.
 
  2011          87.     -81.      22.     -12.      14.     -30.
                 6.      47.     -57.     100.    -103.      39.            3.
 
  2012          -6.      23.      -3.     -12.      -7.      43.
               -51.      53.     -22.     -30.      17.       2.            1.
 
  2013         -21.       6.      13.      50.     184.    -230.
                 2.     -38.      -1.      41.      -9.      -9.           -1.
 
  2014         -12.      14.      31.     -45.      12.       2.
                60.     -73.      74.      28.     -13.     -91.           -1.
 
  2015           8.      56.     -64.      -3.     273.    -293.
                12.      84.     -36.     -33.     -19.      18.            0.
 
  2016          76.     -45.     -44.      49.     -48.     183.
              -178.      15.      44.     -19.     561.    -465.           11.
 
  2017         -72.     -38.      90.     -87.      56.     -45.
               -12.     136.    -131.     -20.     -40.      65.           -8.
 
  2018         -34.       9.      11.     328.    -397.      47.
                95.     -87.      -9.     -21.      54.     -26.           -2.
 
  2019           8.     -28.       4.      25.      20.      59.
               -79.     -16.     -12.      40.     -28.      52.            4.
 
  2020         -33.      16.     -10.     -63.      18.      56.
               -35.      54.     -41.       8.       2.     -35.           -5.
 
  2021          47.     -22.      13.     -39.      21.     -40.
                26.     -28.      90.      54.      27.    -133.            1.
 
  2022          52.     -27.     -18.      96.     -15.     167.
              -208.      92.    -119.      -0.     -23.      22.            2.
 
  2023          15.      58.     -46.     -37.     367.    -305.
               -32.     -27.      39.     -32.      -5.      25.            2.
 
  2024         -23.      11.       7.     -69.      26.      14.
                -3.      45.     -32.      20.      -0.       3.           -0.
 
  2025         -21.     145.    -153.     109.    -111.      35.
                26.     -48.      39.     -14.     122.     -92.            3.
 
  2026         -32.     -17.      84.     156.    -247.      32.
                                                                           -4.
 
  AVGE           6.       2.      -4.      17.       6.     -15.
               -16.      11.      -9.       7.      22.     -30.

  Table Total-         -29.   Mean-        -0.   Std. Dev.-        87.
                              Min -      -465.        Max -       561.
        bps_permits 26980            PAGE  19, SERIES bps_permits_addi

 E 7  Month-to-month differences in final trend cycle (D12)
  From  2004.Feb to 2026.Jun
  Observations        269
 -----------------------------------------------------------------------------
               Jan      Feb      Mar      Apr      May      Jun 
               Jul      Aug      Sep      Oct      Nov      Dec         AVGE  
 -----------------------------------------------------------------------------
  2004                   -2.      -2.      -2.      -2.      -2.
                -1.      -2.      -2.      -2.      -1.      -1.           -2.
 
  2005          -1.      -0.       0.       1.       2.       2.
                 1.       0.      -1.      -2.      -2.      -3.           -0.
 
  2006          -4.      -4.      -4.      -4.      -4.      -3.
                -2.      -2.      -1.      -0.       0.       1.           -2.
 
  2007           1.       1.       1.       0.      -0.      -1.
                -1.      -1.      -1.      -0.      -0.       0.           -0.
 
  2008           0.      -0.      -0.      -0.      -0.      -1.
                -1.      -1.      -1.      -1.      -0.      -0.           -0.
 
  2009           0.       0.      -0.      -0.      -0.      -0.
                 0.      -0.      -0.      -0.      -1.      -1.           -0.
 
  2010          -1.      -1.      -2.      -2.      -2.      -2.
                -2.      -1.      -1.      -0.       0.       1.           -1.
 
  2011           1.       1.       1.       1.       1.       1.
                 1.       1.       1.       2.       2.       3.            1.
 
  2012           4.       4.       4.       3.       2.       1.
                -0.      -1.      -1.      -1.      -0.       0.            1.
 
  2013           1.       1.       0.      -0.      -1.      -2.
                -2.      -3.      -3.      -3.      -2.      -1.           -1.
 
  2014           0.       3.       4.       6.       6.       6.
                 6.       5.       3.       0.      -3.      -5.            3.
 
  2015          -6.      -7.      -7.      -6.      -4.      -1.
                 1.       2.       3.       2.       1.      -0.           -2.
 
  2016          -2.      -2.      -2.      -0.       2.       4.
                 7.       8.       9.       9.       8.       6.            4.
 
  2017           3.      -0.      -4.      -6.      -9.      -9.
                -9.      -8.      -7.      -5.      -3.      -1.           -5.
 
  2018           0.       2.       2.       2.       2.       0.
                -1.      -3.      -3.      -3.      -2.      -1.           -0.
 
  2019           0.       1.       2.       2.       2.       2.
                 2.       1.      -0.      -1.      -2.      -2.            1.
 
  2020          -2.      -1.      -1.      -0.       0.       1.
                 1.       2.       2.       1.      -0.      -2.           -0.
 
  2021          -3.      -4.      -3.      -1.       1.       2.
                 3.       5.       5.       6.       7.       7.            2.
 
  2022           7.       6.       4.       2.      -0.      -2.
                -3.      -4.      -4.      -3.      -2.      -0.           -0.
 
  2023           2.       3.       3.       2.       1.      -1.
                -3.      -4.      -5.      -6.      -5.      -5.           -1.
 
  2024          -4.      -3.      -2.      -1.       0.       1.
                 2.       3.       4.       5.       5.       4.            1.
 
  2025           3.       2.       2.       1.       1.       1.
                 1.       2.       2.       3.       3.       3.            2.
 
  2026           3.       3.       2.       2.       1.       1.
                                                                            2.
 
  AVGE           0.      -0.      -0.      -0.      -0.      -0.
                -0.      -0.       0.       0.       0.       0.

  Table Total-           1.   Mean-         0.   Std. Dev.-         3.
                              Min -        -9.        Max -         9.
        bps_permits 26980            PAGE  20, SERIES bps_permits_addi

 E 8  Month-to-month differences in original series adjusted for calendar factors (A18)
  From  2004.Feb to 2026.Jun
  Observations        269
 -----------------------------------------------------------------------------
               Jan      Feb      Mar      Apr      May      Jun 
               Jul      Aug      Sep      Oct      Nov      Dec         AVGE  
 -----------------------------------------------------------------------------
  2004                  -16.     117.     -64.     -35.     -38.
                53.      34.      -6.      70.    -112.     -55.           -5.
 
  2005          11.      78.     -33.      38.     -52.      42.
                 6.     -18.     -10.      40.     -18.     -62.            2.
 
  2006          62.     -83.      45.       4.       7.     -15.
                 1.       5.     -32.      27.     -14.       2.            1.
 
  2007         -32.      -7.      42.       5.      -9.      -1.
                61.     -72.      50.     -66.      37.     -36.           -2.
 
  2008         -17.       2.      38.      37.     -21.     -37.
                 1.      74.     -36.     -34.      22.       4.            3.
 
  2009         -55.       2.      49.      -1.     -10.       5.
                26.     -35.      19.     -13.      11.     -45.           -4.
 
  2010          27.     -19.      -4.      13.      -3.      27.
                 5.     -21.       6.      10.     -25.     -32.           -1.
 
  2011          72.     -74.      58.     -13.      17.     -46.
                30.      43.     -52.      99.    -108.       8.            3.
 
  2012         -22.      30.      33.     -19.       2.      25.
               -31.      58.     -19.     -31.      10.     -25.            1.
 
  2013         -38.      12.      50.      38.     197.    -250.
                19.     -29.       0.      42.     -17.     -33.           -1.
 
  2014         -34.      19.      73.     -63.      32.     -20.
                75.     -61.      71.      31.     -24.    -110.           -1.
 
  2015         -18.      63.     -22.     -24.     297.    -313.
                24.      97.     -41.     -29.     -30.       1.            0.
 
  2016          48.     -38.      -1.      25.     -21.     164.
              -171.      28.      41.     -13.     546.    -481.           11.
 
  2017         -98.     -30.     130.    -111.      85.     -61.
                -9.     152.    -134.     -14.     -59.      48.           -8.
 
  2018         -55.      18.      47.     308.    -367.      31.
                91.     -67.     -14.     -16.      31.     -38.           -3.
 
  2019         -11.     -18.      38.       9.      47.      48.
               -92.       9.     -21.      44.     -52.      44.            4.
 
  2020         -56.      32.      22.     -73.      38.      50.
               -53.      79.     -52.      12.     -24.     -40.           -5.
 
  2021          22.      -0.      45.     -41.      27.     -40.
                 7.      -7.      79.      61.       1.    -143.            1.
 
  2022          26.       1.      12.     104.     -20.     171.
              -230.     113.    -130.       9.     -50.       8.            1.
 
  2023          -8.      91.     -18.     -23.     352.    -300.
               -56.      -3.      29.     -23.     -30.       6.            1.
 
  2024         -45.      46.      36.     -49.       5.      17.
               -28.      71.     -40.      28.     -25.     -18.           -0.
 
  2025         -45.     184.    -125.     137.    -141.      36.
                 4.     -25.      32.      -9.     101.    -113.            3.
 
  2026         -60.      25.     113.     189.    -283.      34.
                                                                            3.
 
  AVGE         -15.      14.      33.      19.       6.     -20.
               -12.      19.     -12.      10.       8.     -51.

  Table Total-          20.   Mean-         0.   Std. Dev.-        90.
                              Min -      -481.        Max -       546.
        bps_permits 26980            PAGE  21, SERIES bps_permits_addi

 E 18  Final adjustment ratios
  From  2004.Jan to 2026.Jun
  Observations        270
 -----------------------------------------------------------------------------
               Jan      Feb      Mar      Apr      May      Jun 
               Jul      Aug      Sep      Oct      Nov      Dec         AVGE  
 -----------------------------------------------------------------------------
  2004       67.845   43.597  107.449  127.418   77.737  134.955
            124.389  109.391  121.178   98.810  120.797   86.759       101.694
 
  2005       32.836   76.590  115.458  111.836   95.139  112.543
            105.808  126.508  130.671   96.553  115.512   70.686        99.178
 
  2006       75.815   49.742  117.370   93.522  113.379  119.576
            111.765  135.528  125.097  117.076  129.834   55.219       103.660
 
  2007       68.646   44.026   98.773  114.855  121.058   96.887
            119.443  173.029   91.946  217.206  123.128   32.315       108.443
 
  2008       59.431   26.483   74.273  128.289  101.045   91.537
            283.962   97.346  132.643  184.258   75.029   91.841       112.178
 
  2009       22.800   36.081  105.129  140.287   74.951  117.248
            150.692   87.579  138.396  127.273  104.642   82.695        98.981
 
  2010       36.452   51.905  199.610  160.070   65.620  108.421
            136.986  126.667  160.885   95.238  168.455   69.057       114.947
 
  2011       53.143   18.651  135.653   97.605  110.562  104.887
             96.920  131.294  212.631   99.380  204.203   63.073       110.667
 
  2012       28.581   55.806  107.384   90.473  140.602   84.351
            118.256  128.249   96.933  163.168  129.454   49.037        99.358
 
  2013       54.039   51.704   87.774  104.941  107.702   55.201
            129.334  146.603  137.039  142.922  106.439   71.044        99.562
 
  2014       46.516   51.102   93.584  104.718  120.890   74.219
            116.899  102.880  121.067  121.785   89.910  104.143        95.643
 
  2015       20.263   74.065  123.373   98.886   99.182  117.979
            162.077  101.797  129.724  134.510  102.564  106.487       105.909
 
  2016       54.694   52.976  181.664   78.250  141.601  102.779
             64.994  158.085  124.191  104.525  102.260   92.776       104.900
 
  2017       61.692   58.780  116.023   48.472  123.270  111.162
             77.726  115.547  113.060  137.870  206.211   58.313       102.344
 
  2018       45.472   53.128  112.418   95.702 -356.940   92.351
             97.969  168.045   83.568  283.215  107.747   28.390        67.589
 
  2019       59.087   15.524   73.556  103.771  144.057   91.213
            116.959  150.193  122.936  142.559   63.736   80.337        96.994
 
  2020       55.491   42.123  112.333 6325.314  116.563  131.358
            122.430  103.900  135.517  119.397   70.672   85.273       618.364
 
  2021       20.154   66.302  137.561  170.672   97.984  490.938
             85.676  443.571  116.946   98.315   98.724   80.855       158.975
 
  2022       31.965   76.097  149.199  108.789  109.427  109.174
             76.388  116.686  124.144   97.169   93.062   54.793        95.574
 
  2023       33.014   90.158  128.412  110.706  105.921  123.261
             69.742  156.135  100.624  122.495   99.023   43.592        98.590
 
  2024       34.672   69.596   94.515  659.491  174.325   87.196
            106.829  115.570  103.804  137.186   80.605   60.076       143.655
 
  2025       30.453   93.868   91.881  131.231  119.444  108.024
            103.607   95.600  116.624  130.514   86.117   86.001        99.447
 
  2026       28.797   81.615  107.906  118.170   88.718  122.574
                                                                        91.297
 
  AVGE       44.429   55.649  116.143  405.368   90.967  121.210
            117.221  140.464  124.528  135.065  112.642   70.580

  Table Total-       34588.   Mean-       128.   Std. Dev.-       385.
                              Min -      -357.        Max -      6325.

 E 18.A  Final adjustment ratio forecasts
  From  2026.Jul to 2027.Jun
  Observations         12
 -----------------------------------------------------------------------------
               Jan      Feb      Mar      Apr      May      Jun 
               Jul      Aug      Sep      Oct      Nov      Dec         AVGE  
 -----------------------------------------------------------------------------
  2026                                                          
            104.019   95.268  114.694  107.936   91.615   87.838       100.228
 
  2027       39.774   86.388  129.613  170.201   92.213  117.651
                                                                       105.973
 
        bps_permits 26980            PAGE  22, SERIES bps_permits_addi

 F 4.  Additive Day of the Week Trading Day Component Factors


      Day of Week Component for regARIMA Trading Day Factors:

                                       months starting on:
                     Mon      Tue      Wed      Thu      Fri      Sat      Sun
 31-day months        13.      13.      13.      -2.     -17.     -17.      -2.
 30-day months         9.       9.       9.       9.      -6.     -21.      -6.
 Leap year Feb.        4. ********       4.       4.       4.     -11.     -11.

  QS statistic for seasonality:
  Original Series                                     0.00  (P-Value =     1.0000)
  Original Series (EV adj)                            0.00  (P-Value =     1.0000)
  Residuals                                           0.00  (P-Value =     1.0000)
  Seasonally Adjusted Series                          0.00  (P-Value =     1.0000)
  Seasonally Adjusted Series (EV adj)                 0.00  (P-Value =     1.0000)
  Irregular Series                                    0.00  (P-Value =     1.0000)
  Irregular Series (EV adj)                           0.00  (P-Value =     1.0000)

  QS statistic for seasonality (starting 2018.Jul):
  Original Series                                     0.00  (P-Value =     1.0000)
  Original Series (EV adj)                            0.00  (P-Value =     1.0000)
  Residuals                                           0.00  (P-Value =     1.0000)
  Seasonally Adjusted Series                          0.00  (P-Value =     1.0000)
  Seasonally Adjusted Series (EV adj)                 0.00  (P-Value =     1.0000)
  Irregular Series                                    0.00  (P-Value =     1.0000)
  Irregular Series (EV adj)                           0.00  (P-Value =     1.0000)
        bps_permits 26980            PAGE  23, SERIES bps_permits_addi


  Visually significant residual trading day peaks have been
  found in the spectral plots of the following series starting in 2018.Jul:

          differenced prior adjusted series (Table B1) (1 Trading Day peak(s))

          differenced seasonally adjusted series (Table E2) (1 Trading Day peak(s))

          Modified irregular component (Table E3) (1 Seasonal and 


 WARNING: Series should not be a candidate for seasonal adjustment
          because the spectrum of the prior adjusted series (Table B1)
          has no visually significant seasonal peaks.

          If this is a component series of an indirectly adjusted
          composite series, consider using type = trend or type = summary
          in the x11 spec.
        bps_permits 26980            PAGE  24, SERIES bps_permits_addi
 G 0  10*LOG(SPECTRUM) of the differenced Prior Adjusted Series
      (Table B1).  Spectrum estimated from 2018.Jul to 2026.Jun.
 ++++++++++I+++++++++++++++++++++++++++++++++++++++++++++++++++++++++++++I
      46.76I                                                    T        I     46.76
           I                                                    T   *    I
           I                                                    T   *    I
           I                                                    T   *    I
      44.73I                                                    T   *    I     44.73
           I                                                    T   *    I
           I                                                    T  **    I
           I                                                    T  **    I
      42.70I                                                    T* **    I     42.70
           I                                                    T* **    I
           I                                                    T* **    I
           I                                         *          T* **    I
      40.67I                                        S*         *T****    I     40.67
           I                    S                   S*     **  *T****   SI
           I                    S           *       S*     **  *T*****  SI
           I                    S       **  *       S*T *****  *T*****  SI
      38.64I                    S       ** **       S*T******* *T***** *SI     38.64
           I                    S       **S**       S*T*******S*T***** *SI
           I                    S    *  **S***     *S*T*******S*T*******SI
           I                   *S   ** ***S***  ** *S*T*******S*T*******SI
      36.61I                   *S*  ******S***  ****S*T*******S*T*******SI     36.61
           I            *      *S*  ******S***  ****S*T*******S*T*******SI
           I           **   ** *S*  ******S*********S*T*******S*T*******SI
           I           **   ****S*  ******S*********S*T*******S*T*******SI
      34.59I           **   ****S* *******S*********S*T*******S*T*******SI     34.59
           I           **   ****S*********S*********S*T*******S*T*******SI
           I          S*** *****S*********S*********S*T*******S*T*******SI
           I         *S*** *****S*********S*********S*T*******S*T*******SI
      32.56I         *S*********S*********S*********S*T*******S*T*******SI     32.56
           I         *S*********S*********S*********S*T*******S*T*******SI
           I         *S*********S*********S*********S*T*******S*T*******SI
           I         *S*********S*********S*********S*T*******S*T*******SI
      30.53I        **S*********S*********S*********S*T*******S*T*******SI     30.53
           I        **S*********S*********S*********S*T*******S*T*******SI
           I        **S*********S*********S*********S*T*******S*T*******SI
           I        **S*********S*********S*********S*T*******S*T*******SI
      28.50I        **S*********S*********S*********S*T*******S*T*******SI     28.50
           I        **S*********S*********S*********S*T*******S*T*******SI
           I        **S*********S*********S*********S*T*******S*T*******SI
           I       ***S*********S*********S*********S*T*******S*T*******SI
      26.47I       ***S*********S*********S*********S*T*******S*T*******SI     26.47
           I       ***S*********S*********S*********S*T*******S*T*******SI
           I       ***S*********S*********S*********S*T*******S*T*******SI
           I      ****S*********S*********S*********S*T*******S*T*******SI
      24.45I      ****S*********S*********S*********S*T*******S*T*******SI     24.45
           I   *******S*********S*********S*********S*T*******S*T*******SI
           I   *******S*********S*********S*********S*T*******S*T*******SI
           I   *******S*********S*********S*********S*T*******S*T*******SI
      22.42I  ********S*********S*********S*********S*T*******S*T*******SI     22.42
           I  ********S*********S*********S*********S*T*******S*T*******SI
           I  ********S*********S*********S*********S*T*******S*T*******SI
           I *********S*********S*********S*********S*T*******S*T*******SI
      20.39I**********S*********S*********S*********S*T*******S*T*******SI     20.39
 ++++++++++I+++++++++++++++++++++++++++++++++++++++++++++++++++++++++++++I
            S=SEASONAL FREQUENCIES, T=TRADING DAY FREQUENCIES
        bps_permits 26980            PAGE  25, SERIES bps_permits_addi
 G 1  10*LOG(SPECTRUM) of the differenced seasonally adjusted 
      data (Table E2).  Spectrum estimated from 2018.Jul to 2026.Jun.
 ++++++++++I+++++++++++++++++++++++++++++++++++++++++++++++++++++++++++++I
      43.34I                                                        *    I     43.34
           I                                                        *    I
           I                                                        *    I
           I                                                        *    I
      41.35I                                                        *    I     41.35
           I                                                        *    I
           I                                                        *    I
           I                                                        *    I
      39.35I                                                        *    I     39.35
           I                                                        *    I
           I                                                        *    I
           I                                                        *    I
      37.36I                                     **     **          *    I     37.36
           I                                     **     **          *    I
           I                                     **     **          *    I
           I                                     **    ***          *    I
      35.37I                                     **    ***      T   *    I     35.37
           I                                     **    ***      T   *    I
           I                                  *****    ***      T   **   I
           I                 *            S   *****    ****     T  ***   I
      33.38I                 *            S*  *****    ****     T  ***   I     33.38
           I                 *            S* ******    ****     T  ***   I
           I                 **           S*********  T****    *T  ***   I
           I                 **   *       S*********  T****    *T  ***   I
      31.39I                 **   ***     S*********  T****    *T  ***  SI     31.39
           I             *   **   ****   *S*********  T****    *T* *****SI
           I             *   **  *****   *S*********  T****    *T* *****SI
           I             *   **  *****   *S*********S*T****    *T*******SI
      29.40I             *   *** ******  *S*********S*T*****   *T*******SI     29.40
           I             *  ****S****** **S*********S*T*****   *T*******SI
           I             *  ****S*********S*********S*T*****   *T*******SI
           I             *  ****S*********S*********S*T*****  S*T*******SI
      27.41I             ** ****S*********S*********S*T*****  S*T*******SI     27.41
           I             ** ****S*********S*********S*T*****  S*T*******SI
           I       *    ********S*********S*********S*T****** S*T*******SI
           I       *    ********S*********S*********S*T*******S*T*******SI
      25.42I       *    ********S*********S*********S*T*******S*T*******SI     25.42
           I       **   ********S*********S*********S*T*******S*T*******SI
           I       **   ********S*********S*********S*T*******S*T*******SI
           I       **   ********S*********S*********S*T*******S*T*******SI
      23.42I       **   ********S*********S*********S*T*******S*T*******SI     23.42
           I       **   ********S*********S*********S*T*******S*T*******SI
           I   *   **   ********S*********S*********S*T*******S*T*******SI
           I   *   **   ********S*********S*********S*T*******S*T*******SI
      21.43I  **  ***  *********S*********S*********S*T*******S*T*******SI     21.43
           I  **  **** *********S*********S*********S*T*******S*T*******SI
           I  *** **** *********S*********S*********S*T*******S*T*******SI
           I  *** ****S*********S*********S*********S*T*******S*T*******SI
      19.44I  ********S*********S*********S*********S*T*******S*T*******SI     19.44
           I  ********S*********S*********S*********S*T*******S*T*******SI
           I *********S*********S*********S*********S*T*******S*T*******SI
           I *********S*********S*********S*********S*T*******S*T*******SI
      17.45I**********S*********S*********S*********S*T*******S*T*******SI     17.45
 ++++++++++I+++++++++++++++++++++++++++++++++++++++++++++++++++++++++++++I
            S=SEASONAL FREQUENCIES, T=TRADING DAY FREQUENCIES
        bps_permits 26980            PAGE  26, SERIES bps_permits_addi
 G 2  10*LOG(SPECTRUM) of the Modified Irregular (Table E3).  
      Spectrum estimated from 2018.Jul to 2026.Jun.
 ++++++++++I+++++++++++++++++++++++++++++++++++++++++++++++++++++++++++++I
      37.40I                                                        *    I     37.40
           I                                                        *    I
           I                                                        *    I
           I                                                        *    I
      36.06I                                                        *    I     36.06
           I                                                        *    I
           I                                                        *    I
           I                 *                                      *    I
      34.72I                 *                                      *    I     34.72
           I             *   *                                      *    I
           I             *   *                                      *    I
           I             *   *                                      *    I
      33.38I             *   *                   *                  *    I     33.38
           I             *   *                   *                  *    I
           I             *   *                   **     *           *    I
           I             *   *                   **     *           *    I
      32.04I             *  **                   **     *           *    I     32.04
           I             *  **                   **     *           *    I
           I             *  ***                  **     *           *    I
           I             ** ***   **             **    ***          *    I
      30.70I             ** ***   ***     S*  * ***    ***          *    I     30.70
           I             ** ***   ****    S*  *****    ***          *    I
           I             ** ***  *****    S********    ***          *    I
           I             ******  *****    S********    ***          *    I
      29.35I             ******  *****    S********    ***      T   **   I     29.35
           I             ******  *****    S********    ****     T   **   I
           I             *******S******   S********    ****     T   **   I
           I             *******S******  *S********    ****     T  ***   I
      28.01I            ********S******  *S********    ****     T  ***   I     28.01
           I            ********S******  *S*********   ****     T  ***   I
           I            ********S******  *S*********   ****     T  ***   I
           I            ********S*********S*********   ****     T  ***   I
      26.67I            ********S*********S*********  T****     T  ***   I     26.67
           I            ********S*********S*********  T****     T  ***   I
           I            ********S*********S*********  T****    *T* ***   I
           I            ********S*********S*********  T****    *T* ****  I
      25.33I            ********S*********S*********  T****    *T* ****  I     25.33
           I            ********S*********S*********S*T*****   *T****** SI
           I            ********S*********S*********S*T*****   *T*******SI
           I            ********S*********S*********S*T*****   *T*******SI
      23.99I            ********S*********S*********S*T*****   *T*******SI     23.99
           I       *    ********S*********S*********S*T*****   *T*******SI
           I       *   *********S*********S*********S*T*****   *T*******SI
           I       **  *********S*********S*********S*T*****   *T*******SI
      22.64I       **  *********S*********S*********S*T*****  S*T*******SI     22.64
           I      ***  *********S*********S*********S*T*****  S*T*******SI
           I      ***  *********S*********S*********S*T****** S*T*******SI
           I      **** *********S*********S*********S*T****** S*T*******SI
      21.30I      ****S*********S*********S*********S*T*******S*T*******SI     21.30
           I      ****S*********S*********S*********S*T*******S*T*******SI
           I      ****S*********S*********S*********S*T*******S*T*******SI
           I **  *****S*********S*********S*********S*T*******S*T*******SI
      19.96I**********S*********S*********S*********S*T*******S*T*******SI     19.96
 ++++++++++I+++++++++++++++++++++++++++++++++++++++++++++++++++++++++++++I
            S=SEASONAL FREQUENCIES, T=TRADING DAY FREQUENCIES
        bps_permits 26980            PAGE  27, SERIES bps_permits_addi

  Peak probabilities for Tukey spectrum estimator
  Spectrum estimated from 2018.Jul to 2026.Jun.

                                          S1       S2       S3       S4       S5       S6       TD
                                        ------   ------   ------   ------   ------   ------   ------
  Model Residuals                        0.891    0.819    0.018    0.835    0.133    0.299    0.324  
  Prior Adjusted Series (Table B1)       0.904*   0.816    0.423    0.184    0.176    0.682    0.231  
  Seasonally adjusted series (E2)        0.040    0.217    0.693    0.083    0.339    0.571    0.785  
  Modified Irregular (E3)                0.007    0.272    0.576    0.074    0.206    0.521    0.831  
  ----------
     ** - Peak Probability > 0.99,
      * - 0.90 < Peak Probability < 0.99


