  Reading input spec file from D:\Programming\Dynamic Paper-dlrhcs_replication\outputs\empirical\unemployment\raw_sa_pilot\x13_work\bps_permits_additive_level_22660_200401_202606.spc

1

               U. S. Department of Commerce, U. S. Census Bureau

              X-13ARIMA-SEATS monthly seasonal adjustment Method,
                          Release Version 1.1 Build 62


           This software application provides an enhanced version of
             Statistics Canada's X-11-ARIMA extension (Dagum, 1980)
                 of the X-11 variant of the Census Method II of
                      Shiskin, Young and Musgrave (1967).

            It also provides an ARIMA model-based method following
       Hillmer and Tiao (1982) and Burman (1980) that is very similar
       to the update of the method of SEATS (Gomez and Maravall, 1996)
                produced at the Bank of Spain by G. Caporello and
               A. Maravall for TSW (Caporello and Maravall, 2004).
          The present application includes additional enhancements.

         X-13ARIMA-SEATS includes an automatic ARIMA model selection procedure
          based largely on the procedure of Gomez and Maravall (1998)
            as implemented in TRAMO (1996) and subsequent revisions.

              Primary Programmers: Brian Monsell, Mark Otto and,
                 for the ARIMA model-based signal extraction,
                      Gianluca Caporello and Victor Gomez


     Series Title- bps_permits 22660
     Series Name- bps_permits_addi
     Jul 29, 2026  08.26.52 

        -Period covered-  1st month,2004 to  6th month,2026
        -Type of run - additive seasonal adjustment

        -Sigma limits for graduating extreme values are  1.5 and  2.5 .
        -3x3 moving average used in section 1 of each iteration, 
         3x5 moving average in section 2 of iterations B and C,
         moving average for final seasonal factors chosen by Global MSR.
        -Holiday adjustment factors applied directly to the final seasonally adjusted series
        -Spectral plots generated for selected series
        -Spectral plots generated for series starting in 2018.Jul

 FILE SAVE REQUESTS (* indicates file exists and will be overwritten)
  D:\Programming\Dynamic Paper-dlrhcs_replication\outputs\empirical\unemployment\raw_sa_pilot\x13_work\bps_permits_additive_level_22660_200401_202606.d10  final seasonal factors
  D:\Programming\Dynamic Paper-dlrhcs_replication\outputs\empirical\unemployment\raw_sa_pilot\x13_work\bps_permits_additive_level_22660_200401_202606.d11  final seasonally adjusted data
  D:\Programming\Dynamic Paper-dlrhcs_replication\outputs\empirical\unemployment\raw_sa_pilot\x13_work\bps_permits_additive_level_22660_200401_202606.out  program output file
  D:\Programming\Dynamic Paper-dlrhcs_replication\outputs\empirical\unemployment\raw_sa_pilot\x13_work\bps_permits_additive_level_22660_200401_202606.err  program error file
        bps_permits 22660            PAGE   1, SERIES bps_permits_addi

     Contents of spc file D:\Programming\Dynamic Paper-dlrhcs_replication\outputs\empirical\unemployment\raw_sa_pilot\x13_work\bps_permits_additive_level_22660_200401_202606.spc

 Line #
 ------
      1: series {
      2:   title = "bps_permits 22660"
      3:   start = 2004.1
      4:   period = 12
      5:   data = (
      6: 208
      7: 254
      8: 345
      9: 367
     10: 314
     11: 299
     12: 335
     13: 214
     14: 287
     15: 277
     16: 213
     17: 226
     18: 189
     19: 202
     20: 283
     21: 304
     22: 268
     23: 280
     24: 199
     25: 257
     26: 276
     27: 156
     28: 179
     29: 115
     30: 188
     31: 168
     32: 513
     33: 181
     34: 185
     35: 154
     36: 120
     37: 160
     38: 86
     39: 111
     40: 110
     41: 261
     42: 86
     43: 117
     44: 104
     45: 149
     46: 133
     47: 115
     48: 117
     49: 148
     50: 74
     51: 133
     52: 120
     53: 57
     54: 125
     55: 55
     56: 171
     57: 206
     58: 93
     59: 97
     60: 83
     61: 123
     62: 264
     63: 59
     64: 30
     65: 23
     66: 35
     67: 17
     68: 26
     69: 34
     70: 29
     71: 41
     72: 39
     73: 38
     74: 48
     75: 35
     76: 25
     77: 38
     78: 27
     79: 72
     80: 358
     81: 59
     82: 34
     83: 42
     84: 59
     85: 61
     86: 33
     87: 45
     88: 50
     89: 308
     90: 57
     91: 34
     92: 71
     93: 99
     94: 99
     95: 85
     96: 347
     97: 147
     98: 63
     99: 50
    100: 42
    101: 66
    102: 44
    103: 73
    104: 112
    105: 129
    106: 124
    107: 111
    108: 431
    109: 116
    110: 135
    111: 354
    112: 115
    113: 104
    114: 185
    115: 196
    116: 212
    117: 171
    118: 171
    119: 241
    120: 162
    121: 440
    122: 143
    123: 130
    124: 168
    125: 161
    126: 113
    127: 89
    128: 108
    129: 172
    130: 242
    131: 320
    132: 244
    133: 212
    134: 352
    135: 287
    136: 323
    137: 125
    138: 149
    139: 137
    140: 119
    141: 238
    142: 162
    143: 596
    144: 185
    145: 173
    146: 187
    147: 116
    148: 179
    149: 137
    150: 76
    151: 131
    152: 164
    153: 171
    154: 250
    155: 367
    156: 468
    157: 461
    158: 608
    159: 271
    160: 423
    161: 128
    162: 185
    163: 204
    164: 205
    165: 306
    166: 241
    167: 308
    168: 293
    169: 378
    170: 219
    171: 165
    172: 203
    173: 170
    174: 191
    175: 116
    176: 243
    177: 190
    178: 185
    179: 232
    180: 214
    181: 636
    182: 172
    183: 337
    184: 148
    185: 454
    186: 121
    187: 432
    188: 152
    189: 121
    190: 157
    191: 203
    192: 242
    193: 102
    194: 319
    195: 312
    196: 197
    197: 191
    198: 213
    199: 184
    200: 324
    201: 188
    202: 200
    203: 168
    204: 188
    205: 232
    206: 203
    207: 226
    208: 183
    209: 233
    210: 205
    211: 190
    212: 263
    213: 329
    214: 251
    215: 289
    216: 194
    217: 274
    218: 152
    219: 395
    220: 169
    221: 169
    222: 205
    223: 213
    224: 197
    225: 177
    226: 348
    227: 151
    228: 194
    229: 182
    230: 148
    231: 107
    232: 96
    233: 299
    234: 248
    235: 132
    236: 305
    237: 206
    238: 135
    239: 128
    240: 147
    241: 171
    242: 256
    243: 261
    244: 240
    245: 266
    246: 191
    247: 152
    248: 137
    249: 104
    250: 218
    251: 137
    252: 107
    253: 194
    254: 108
    255: 146
    256: 133
    257: 138
    258: 187
    259: 132
    260: 431
    261: 214
    262: 112
    263: 201
    264: 137
    265: 105
    266: 92
    267: 240
    268: 53
    269: 489
    270: 133
    271: 124
    272: 109
    273: 189
    274: 536
    275: 89
    276:   )
    277: }
    278: transform { function = none }
    279: regression { aictest = (td easter) }
    280: automdl {}
    281: x11 { mode = add save = (d10 d11) }
        bps_permits 22660            PAGE   2, SERIES bps_permits_addi

 A 1  Time series data (for the span analyzed)
  From  2004.Jan to 2026.Jun
  Observations        270
 -----------------------------------------------------------------------------
               Jan      Feb      Mar      Apr      May      Jun 
               Jul      Aug      Sep      Oct      Nov      Dec        TOTAL  
 -----------------------------------------------------------------------------
  2004         208.     254.     345.     367.     314.     299.
               335.     214.     287.     277.     213.     226.         3339.
 
  2005         189.     202.     283.     304.     268.     280.
               199.     257.     276.     156.     179.     115.         2708.
 
  2006         188.     168.     513.     181.     185.     154.
               120.     160.      86.     111.     110.     261.         2237.
 
  2007          86.     117.     104.     149.     133.     115.
               117.     148.      74.     133.     120.      57.         1353.
 
  2008         125.      55.     171.     206.      93.      97.
                83.     123.     264.      59.      30.      23.         1329.
 
  2009          35.      17.      26.      34.      29.      41.
                39.      38.      48.      35.      25.      38.          405.
 
  2010          27.      72.     358.      59.      34.      42.
                59.      61.      33.      45.      50.     308.         1148.
 
  2011          57.      34.      71.      99.      99.      85.
               347.     147.      63.      50.      42.      66.         1160.
 
  2012          44.      73.     112.     129.     124.     111.
               431.     116.     135.     354.     115.     104.         1848.
 
  2013         185.     196.     212.     171.     171.     241.
               162.     440.     143.     130.     168.     161.         2380.
 
  2014         113.      89.     108.     172.     242.     320.
               244.     212.     352.     287.     323.     125.         2587.
 
  2015         149.     137.     119.     238.     162.     596.
               185.     173.     187.     116.     179.     137.         2378.
 
  2016          76.     131.     164.     171.     250.     367.
               468.     461.     608.     271.     423.     128.         3518.
 
  2017         185.     204.     205.     306.     241.     308.
               293.     378.     219.     165.     203.     170.         2877.
 
  2018         191.     116.     243.     190.     185.     232.
               214.     636.     172.     337.     148.     454.         3118.
 
  2019         121.     432.     152.     121.     157.     203.
               242.     102.     319.     312.     197.     191.         2549.
 
  2020         213.     184.     324.     188.     200.     168.
               188.     232.     203.     226.     183.     233.         2542.
 
  2021         205.     190.     263.     329.     251.     289.
               194.     274.     152.     395.     169.     169.         2880.
 
  2022         205.     213.     197.     177.     348.     151.
               194.     182.     148.     107.      96.     299.         2317.
 
  2023         248.     132.     305.     206.     135.     128.
               147.     171.     256.     261.     240.     266.         2495.
 
  2024         191.     152.     137.     104.     218.     137.
               107.     194.     108.     146.     133.     138.         1765.
 
  2025         187.     132.     431.     214.     112.     201.
               137.     105.      92.     240.      53.     489.         2393.
 
  2026         133.     124.     109.     189.     536.      89.
                                                                         1180.
 
  AVGE         146.     149.     215.     187.     195.     202.
               205.     219.     192.     192.     155.     189.

  Table Total-       50506.   Mean-       187.   Std. Dev.-       111.
                              Min -        17.        Max -       636.
        bps_permits 22660            PAGE   3, SERIES bps_permits_addi
                        Automatic ARIMA Model Selection

                    Procedure based closely on TRAMO method 
                         of Gomez and Maravall (2000)
              "Automatic Modeling Methods for Univariate Series",
                            A Course in Time Series
                  (Edited by D. Pena, G. C. Tiao, R. S. Tsay),
                         New York : J. Wiley and Sons


     Maximum order for regular ARMA parameters :   2
     Maximum order for seasonal ARMA parameters :   1
     Maximum order for regular differencing :   2
     Maximum order for seasonal differencing :   1

   Results of Unit Root Test for identifying orders of differencing:
     Regular difference order :   0
     Seasonal difference order :   0

  Automatic model choice : (1 0 1)
   Model changed to 
   ( 0, 1, 1) ( 0, 1, 1) without constant term


  Final Checks for Identified Model


  Checking for Unit Roots.
   No unit roots found.

  Checking for nonseasonal overdifferencing.
   Nonseasonal MA not within  0.001 of 1.0 - model passes test.

  Checking for insignificant ARMA coefficients.

  Final automatic model choice : (0 1 1)(0 1 1)
   End of automatic model selection procedure.

 Average absolute percentage error in within-sample forecasts:
  Last year:  72.04      Last-1 year:  36.39     Last-2 year:  33.82
  Last three years:   47.42

 Estimation converged in    1 ARMA iterations,    4 function evaluations.

 ARIMA Model:  (0 1 1)(0 1 1)
   Nonseasonal differences: 1
   Seasonal differences:    1
                                              Standard
 Parameter                    Estimate          Errors
 -----------------------------------------------------
 Nonseasonal MA                                    
   Lag  1                       0.8703         0.03022

 Seasonal MA                                       
   Lag 12                       0.8829         0.03773

 Variance                       0.10250E+05
 SE of Var                      0.90423E+03
 -----------------------------------------------------

 Likelihood Statistics
 ------------------------------------------------------------------
 Number of observations (nobs)                                  270
 Effective number of observations (nefobs)                      257
 Number of parameters estimated (np)                              3
 Log likelihood (L)                                      -1561.3096
 AIC                                                      3128.6192 
 AICC (F-corrected-AIC)                                   3128.7141 
 Hannan Quinn                                             3132.9010 
 BIC                                                      3139.2664 
 ------------------------------------------------------------------

 QS Statistic for regARIMA Model Residuals (full series):             0.00
                                                       (P-Value =     1.0000)

 QS Statistic for regARIMA Model Residuals (starting 2018.Jul):       0.00
                                                       (P-Value =     1.0000)
      10*LOG(SPECTRUM) of the regARIMA model residuals
      Spectrum estimated from 2018.Jul to 2026.Jun.
 ++++++++++I+++++++++++++++++++++++++++++++++++++++++++++++++++++++++++++I
      45.13I         *                                                   I     45.13
           I         *S                        *                    **   I
           I         *S                        *                   ***   I
           I         *S                        *                   ***   I
      43.98I         *S               *        *                  ****   I     43.98
           I         *S               *        *                  ****   I
           I         *S               *        *               *T*****   I
           I         *S               *        *               *T*****   I
      42.82I         *S               *        *               *T******  I     42.82
           I         *S               *        **       *      *T******  I
           I         *S   *          **        **       *      *T******  I
           I         *S   **         **        **       *     S*T******  I
      41.67I         *S   **         **        **       **    S*T******  I     41.67
           I        **S   **         **        **       **    S*T******  I
           I        **S   **         **        **       **    S*T******  I
           I        **S   **   *     **        **       **    S*T******  I
      40.52I        **S   **   *     ***      ***       **    S*T******  I     40.52
           I       ***S   **   *     ***      ***       **    S*T******* I
           I       ***S   **  **     ***      ***       **    S*T******* I
           I       ***S   **  **    ****      ****      **    S*T******* I
      39.36I       ***S   **  **    ****      ****      **   *S*T*******SI     39.36
           I       ***S   **  **    ****      ****      **   *S*T*******SI
           I       ***S   **  **    ****      ****      **   *S*T*******SI
           I   *  ****S*  **  **    ****      ****      ***  *S*T*******SI
      38.21I   *  ****S*  **  **    ****      ****      ***  *S*T*******SI     38.21
           I   *  ****S*  **  **    ****      *****     ***  *S*T*******SI
           I   ** ****S*  *** **   *****   * ******     *** **S*T*******SI
           I   ** ****S* *******   ******  * ******     *** **S*T*******SI
      37.05I   *******S* *******S  ****** S********    *******S*T*******SI     37.05
           I   *******S* *******S  ****** S********    *******S*T*******SI
           I   *******S* *******S  *******S********    *******S*T*******SI
           I   *******S*********S  *******S********    *******S*T*******SI
      35.90I   *******S*********S ********S*********   *******S*T*******SI     35.90
           I   *******S*********S ********S*********   *******S*T*******SI
           I   *******S*********S*********S*********   *******S*T*******SI
           I   *******S*********S*********S*********   *******S*T*******SI
      34.74I   *******S*********S*********S*********   *******S*T*******SI     34.74
           I  ********S*********S*********S*********   *******S*T*******SI
           I  ********S*********S*********S*********S T*******S*T*******SI
           I  ********S*********S*********S*********S T*******S*T*******SI
      33.59I  ********S*********S*********S*********S*T*******S*T*******SI     33.59
           I  ********S*********S*********S*********S*T*******S*T*******SI
           I  ********S*********S*********S*********S*T*******S*T*******SI
           I  ********S*********S*********S*********S*T*******S*T*******SI
      32.43I  ********S*********S*********S*********S*T*******S*T*******SI     32.43
           I  ********S*********S*********S*********S*T*******S*T*******SI
           I  ********S*********S*********S*********S*T*******S*T*******SI
           I  ********S*********S*********S*********S*T*******S*T*******SI
      31.28I  ********S*********S*********S*********S*T*******S*T*******SI     31.28
           I *********S*********S*********S*********S*T*******S*T*******SI
           I *********S*********S*********S*********S*T*******S*T*******SI
           I *********S*********S*********S*********S*T*******S*T*******SI
      30.12I**********S*********S*********S*********S*T*******S*T*******SI     30.12
 ++++++++++I+++++++++++++++++++++++++++++++++++++++++++++++++++++++++++++I
            S=SEASONAL FREQUENCIES, T=TRADING DAY FREQUENCIES


 FORECASTING
  Origin  2026.Jun
  Number        12

  Forecasts and Standard Errors
   ------------------------------
                         Standard
       Date   Forecast      Error
   ------------------------------
   2026.Jul     200.56    101.243
   2026.Aug     227.19    102.092
   2026.Sep     194.80    102.933
   2026.Oct     220.33    103.768
   2026.Nov     163.17    104.596
   2026.Dec     237.80    105.418
   2027.Jan     169.98    106.233
   2027.Feb     162.90    107.042
   2027.Mar     226.30    107.845
   2027.Apr     194.26    108.642
   2027.May     234.65    109.433
   2027.Jun     197.53    110.219
   ------------------------------

  Confidence intervals with coverage probability ( 0.95000
   ---------------------------------------
       Date      Lower  Forecast     Upper
   ---------------------------------------
   2026.Jul       2.12    200.56    398.99
   2026.Aug      27.10    227.19    427.29
   2026.Sep      -6.95    194.80    396.54
   2026.Oct      16.95    220.33    423.72
   2026.Nov     -41.83    163.17    368.18
   2026.Dec      31.19    237.80    444.42
   2027.Jan     -38.23    169.98    378.20
   2027.Feb     -46.89    162.90    372.70
   2027.Mar      14.93    226.30    437.67
   2027.Apr     -18.67    194.26    407.20
   2027.May      20.17    234.65    449.14
   2027.Jun     -18.50    197.53    413.55
   ---------------------------------------
        bps_permits 22660            PAGE   4, SERIES bps_permits_addi

 B 1  Original series (prior adjusted)
  From  2004.Jan to 2026.Jun
  Observations        270
 -----------------------------------------------------------------------------
               Jan      Feb      Mar      Apr      May      Jun 
               Jul      Aug      Sep      Oct      Nov      Dec        TOTAL  
 -----------------------------------------------------------------------------
  2004         208.     254.     345.     367.     314.     299.
               335.     214.     287.     277.     213.     226.         3339.
 
  2005         189.     202.     283.     304.     268.     280.
               199.     257.     276.     156.     179.     115.         2708.
 
  2006         188.     168.     513.     181.     185.     154.
               120.     160.      86.     111.     110.     261.         2237.
 
  2007          86.     117.     104.     149.     133.     115.
               117.     148.      74.     133.     120.      57.         1353.
 
  2008         125.      55.     171.     206.      93.      97.
                83.     123.     264.      59.      30.      23.         1329.
 
  2009          35.      17.      26.      34.      29.      41.
                39.      38.      48.      35.      25.      38.          405.
 
  2010          27.      72.     358.      59.      34.      42.
                59.      61.      33.      45.      50.     308.         1148.
 
  2011          57.      34.      71.      99.      99.      85.
               347.     147.      63.      50.      42.      66.         1160.
 
  2012          44.      73.     112.     129.     124.     111.
               431.     116.     135.     354.     115.     104.         1848.
 
  2013         185.     196.     212.     171.     171.     241.
               162.     440.     143.     130.     168.     161.         2380.
 
  2014         113.      89.     108.     172.     242.     320.
               244.     212.     352.     287.     323.     125.         2587.
 
  2015         149.     137.     119.     238.     162.     596.
               185.     173.     187.     116.     179.     137.         2378.
 
  2016          76.     131.     164.     171.     250.     367.
               468.     461.     608.     271.     423.     128.         3518.
 
  2017         185.     204.     205.     306.     241.     308.
               293.     378.     219.     165.     203.     170.         2877.
 
  2018         191.     116.     243.     190.     185.     232.
               214.     636.     172.     337.     148.     454.         3118.
 
  2019         121.     432.     152.     121.     157.     203.
               242.     102.     319.     312.     197.     191.         2549.
 
  2020         213.     184.     324.     188.     200.     168.
               188.     232.     203.     226.     183.     233.         2542.
 
  2021         205.     190.     263.     329.     251.     289.
               194.     274.     152.     395.     169.     169.         2880.
 
  2022         205.     213.     197.     177.     348.     151.
               194.     182.     148.     107.      96.     299.         2317.
 
  2023         248.     132.     305.     206.     135.     128.
               147.     171.     256.     261.     240.     266.         2495.
 
  2024         191.     152.     137.     104.     218.     137.
               107.     194.     108.     146.     133.     138.         1765.
 
  2025         187.     132.     431.     214.     112.     201.
               137.     105.      92.     240.      53.     489.         2393.
 
  2026         133.     124.     109.     189.     536.      89.
                                                                         1180.
 
  AVGE         146.     149.     215.     187.     195.     202.
               205.     219.     192.     192.     155.     189.

  Table Total-       50506.   Mean-       187.   Std. Dev.-       111.
                              Min -        17.        Max -       636.

 B 1.A  Forecasts of (prior adjusted) original series
  From  2026.Jul to 2027.Jun
  Observations         12
 -----------------------------------------------------------------------------
               Jan      Feb      Mar      Apr      May      Jun 
               Jul      Aug      Sep      Oct      Nov      Dec        TOTAL  
 -----------------------------------------------------------------------------
  2026                                                          
               201.     227.     195.     220.     163.     238.         1244.
 
  2027         170.     163.     226.     194.     235.     198.
                                                                         1186.
 
        bps_permits 22660            PAGE   5, SERIES bps_permits_addi

 C 17  Final weights for irregular component
  From  2004.Jan to 2026.Jun
  Observations        270
  Lower sigma limit    1.50
  Upper sigma limit    2.50
 -----------------------------------------------------------------------------
               Jan      Feb      Mar      Apr      May      Jun 
               Jul      Aug      Sep      Oct      Nov      Dec         S.D.  
 -----------------------------------------------------------------------------
  2004         100.     100.     100.     100.     100.     100.
                74.       0.     100.     100.     100.     100.         2844.
 
  2005         100.     100.     100.     100.     100.     100.
               100.     100.      58.      84.     100.      61.         2844.
 
  2006         100.     100.       0.      21.     100.     100.
               100.     100.      90.     100.     100.       0.         2844.
 
  2007         100.     100.      28.     100.     100.     100.
               100.     100.      97.     100.     100.     100.         2532.
 
  2008         100.      78.     100.      40.     100.     100.
               100.     100.       0.     100.     100.     100.         2289.
 
  2009         100.     100.      83.     100.     100.     100.
               100.     100.     100.     100.     100.     100.         2160.
 
  2010         100.     100.       0.     100.     100.     100.
               100.     100.     100.     100.     100.       0.         3476.
 
  2011         100.     100.     100.     100.     100.     100.
                 0.     100.     100.     100.     100.     100.         3657.
 
  2012         100.     100.     100.     100.     100.     100.
                 0.     100.     100.       0.     100.     100.         4176.
 
  2013         100.     100.     100.     100.     100.     100.
               100.       0.     100.     100.     100.     100.         4242.
 
  2014         100.     100.     100.     100.     100.     100.
               100.     100.     100.     100.     100.     100.         5039.
 
  2015         100.     100.     100.     100.     100.       0.
               100.     100.     100.     100.     100.     100.         4411.
 
  2016         100.     100.     100.     100.     100.     100.
                39.     100.       0.     100.     100.       0.         4858.
 
  2017         100.     100.     100.     100.     100.     100.
               100.     100.     100.     100.     100.     100.         5632.
 
  2018         100.     100.     100.     100.     100.     100.
               100.       0.      81.     100.      54.       0.         5595.
 
  2019          99.       0.     100.     100.     100.     100.
               100.       0.      69.     100.     100.     100.         5394.
 
  2020         100.     100.     100.     100.     100.     100.
               100.     100.     100.     100.     100.     100.         5659.
 
  2021         100.     100.     100.      98.     100.     100.
               100.     100.     100.       7.     100.     100.         5545.
 
  2022         100.     100.     100.     100.       0.     100.
               100.     100.     100.      26.     100.      17.         4692.
 
  2023         100.     100.      90.     100.     100.     100.
               100.     100.     100.     100.     100.     100.         5134.
 
  2024         100.     100.      99.     100.     100.     100.
               100.     100.     100.     100.     100.     100.         5175.
 
  2025         100.     100.       0.     100.      52.     100.
               100.     100.     100.     100.      56.       0.         4924.
 
  2026         100.     100.       1.     100.       0.       0.
                                                                         4924.
 
        bps_permits 22660            PAGE   6, SERIES bps_permits_addi

 D 8  Final unmodified SI ratios
  From  2004.Jan to 2026.Jun
  Observations        270
 -----------------------------------------------------------------------------
               Jan      Feb      Mar      Apr      May      Jun 
               Jul      Aug      Sep      Oct      Nov      Dec         AVGE  
 -----------------------------------------------------------------------------
  2004         -76.     -34.      55.      76.      22.       7.
                45.     -73.       6.       2.     -54.     -34.           -5.
 
  2005         -64.     -46.      40.      64.      31.      46.
               -31.      30.      53.     -62.     -32.     -89.           -5.
 
  2006          -8.     -20.     334.      12.      26.       4.
               -22.      26.     -41.     -11.      -9.     145.           36.
 
  2007         -29.       3.     -10.      35.      18.      -0.
                 1.      31.     -45.      13.       0.     -63.           -4.
 
  2008           6.     -62.      56.      95.     -14.      -4.
               -11.      38.     188.      -7.     -26.     -23.           20.
 
  2009          -3.     -15.      -1.       9.       5.      15.
                 9.       4.       9.      -9.     -23.     -13.           -1.
 
  2010         -25.      21.     308.      10.     -13.      -4.
                13.      14.     -16.      -6.      -5.     248.           45.
 
  2011          -8.     -36.      -4.      21.      18.       3.
               264.      64.     -19.     -32.     -40.     -17.           18.
 
  2012         -41.     -16.      19.      31.      20.      -0.
               312.     -12.      -3.     206.     -44.     -65.           34.
 
  2013           8.      14.      28.     -12.      -8.      68.
                -4.     281.     -10.     -20.      19.       9.           31.
 
  2014         -45.     -79.     -72.     -21.      35.     100.
                13.     -27.     108.      42.      81.    -110.            2.
 
  2015         -75.     -75.     -79.      55.      -7.     439.
                37.      31.      48.     -24.      33.     -21.           30.
 
  2016         -98.     -64.     -55.     -73.     -18.      78.
               162.     142.     282.     -56.      99.    -190.           17.
 
  2017        -123.     -93.     -80.      34.     -19.      59.
                55.     149.      -2.     -50.      -8.     -38.          -10.
 
  2018         -16.     -92.      33.     -22.     -30.      14.
                -6.     416.     -47.     122.     -63.     249.           46.
 
  2019         -78.     238.     -40.     -71.     -38.       2.
                32.    -118.      89.      74.     -45.     -51.           -1.
 
  2020         -26.     -48.     100.     -27.      -8.     -34.
               -11.      34.       3.      21.     -30.      10.           -1.
 
  2021         -28.     -52.      15.      78.       0.      41.
               -48.      40.     -73.     180.     -37.     -29.            7.
 
  2022          12.      25.      12.      -5.     169.     -25.
                19.       8.     -27.     -70.     -82.     120.           13.
 
  2023          68.     -49.     122.      20.     -56.     -69.
               -56.     -36.      47.      52.      34.      65.           12.
 
  2024          -3.     -32.     -36.     -58.      65.      -9.
               -35.      52.     -36.      -1.     -19.     -18.          -11.
 
  2025          27.     -31.     265.      47.     -54.      38.
               -23.     -51.     -61.      88.    -101.     330.           40.
 
  2026         -33.     -50.     -75.      -4.     335.    -118.
                                                                            9.
 
  AVGE         -29.     -26.      41.      13.      21.      28.
                32.      47.      21.      21.     -16.      19.

  Table Total-        3830.   Mean-        14.   Std. Dev.-        90.
                              Min -      -190.        Max -       439.
        bps_permits 22660            PAGE   7, SERIES bps_permits_addi

 D 8.B  Final unmodified SI ratios, with labels for outliers and extreme values
  From  2004.Jan to 2026.Jun
  Observations        270
 ---------------------------------------------------------------------
               Jan       Feb       Mar       Apr       May       Jun  
               Jul       Aug       Sep       Oct       Nov       Dec  
 ---------------------------------------------------------------------
  2004        -76.      -34.       55.       76.       22.        7.  
               45.*     -73.*       6.        2.      -54.      -34.  
 
  2005        -64.      -46.       40.       64.       31.       46.  
              -31.       30.       53.*     -62.*     -32.      -89.* 
 
  2006         -8.      -20.      334.*      12.*      26.        4.  
              -22.       26.      -41.*     -11.       -9.      145.* 
 
  2007        -29.        3.      -10.*      35.       18.       -0.  
                1.       31.      -45.*      13.        0.      -63.  
 
  2008          6.      -62.*      56.       95.*     -14.       -4.  
              -11.       38.      188.*      -7.      -26.      -23.  
 
  2009         -3.      -15.       -1.*       9.        5.       15.  
                9.        4.        9.       -9.      -23.      -13.  
 
  2010        -25.       21.      308.*      10.      -13.       -4.  
               13.       14.      -16.       -6.       -5.      248.* 
 
  2011         -8.      -36.       -4.       21.       18.        3.  
              264.*      64.      -19.      -32.      -40.      -17.  
 
  2012        -41.      -16.       19.       31.       20.       -0.  
              312.*     -12.       -3.      206.*     -44.      -65.  
 
  2013          8.       14.       28.      -12.       -8.       68.  
               -4.      281.*     -10.      -20.       19.        9.  
 
  2014        -45.      -79.      -72.      -21.       35.      100.  
               13.      -27.      108.       42.       81.     -110.  
 
  2015        -75.      -75.      -79.       55.       -7.      439.* 
               37.       31.       48.      -24.       33.      -21.  
 
  2016        -98.      -64.      -55.      -73.      -18.       78.  
              162.*     142.      282.*     -56.       99.     -190.* 
 
  2017       -123.      -93.      -80.       34.      -19.       59.  
               55.      149.       -2.      -50.       -8.      -38.  
 
  2018        -16.      -92.       33.      -22.      -30.       14.  
               -6.      416.*     -47.*     122.      -63.*     249.* 
 
  2019        -78.*     238.*     -40.      -71.      -38.        2.  
               32.     -118.*      89.*      74.      -45.      -51.  
 
  2020        -26.      -48.      100.      -27.       -8.      -34.  
              -11.       34.        3.       21.      -30.       10.  
 
  2021        -28.      -52.       15.       78.*       0.       41.  
              -48.       40.      -73.      180.*     -37.      -29.  
 
  2022         12.       25.       12.       -5.      169.*     -25.  
               19.        8.      -27.      -70.*     -82.      120.* 
 
  2023         68.      -49.      122.*      20.      -56.      -69.  
              -56.      -36.       47.       52.       34.       65.  
 
  2024         -3.      -32.      -36.*     -58.       65.       -9.  
              -35.       52.      -36.       -1.      -19.      -18.  
 
  2025         27.      -31.      265.*      47.      -54.*      38.  
              -23.      -51.      -61.       88.     -101.*     330.* 
 
  2026        -33.      -50.      -75.*      -4.      335.*    -118.* 
                                                                      
 

  Key to symbols:
    *  : extreme value as determined by X-11 extreme value procedure
 
        bps_permits 22660            PAGE   8, SERIES bps_permits_addi

 D 9  Final replacement values for SI ratios
  From  2004.Jan to 2026.Jun
  Observations        270
 ---------------------------------------------------------------
               Jan      Feb      Mar      Apr      May      Jun 
               Jul      Aug      Sep      Oct      Nov      Dec 
 ---------------------------------------------------------------
  2004     ******** ******** ******** ******** ******** ********
                32.      18. ******** ******** ******** ********
 
  2005     ******** ******** ******** ******** ******** ********
           ******** ********      30.     -54. ********     -68.
 
  2006     ******** ********      57.      63. ******** ********
           ******** ********     -37. ******** ********     -40.
 
  2007     ******** ********      30. ******** ******** ********
           ******** ********     -43. ******** ******** ********
 
  2008     ********     -54. ********      66. ******** ********
           ******** ********       1. ******** ******** ********
 
  2009     ******** ********       5. ******** ******** ********
           ******** ******** ******** ******** ******** ********
 
  2010     ******** ********      35. ******** ******** ********
           ******** ******** ******** ******** ********      -6.
 
  2011     ******** ******** ******** ******** ******** ********
                39. ******** ******** ******** ******** ********
 
  2012     ******** ******** ******** ******** ******** ********
                51. ******** ********      12. ******** ********
 
  2013     ******** ******** ******** ******** ******** ********
           ********      37. ******** ******** ******** ********
 
  2014     ******** ******** ******** ******** ******** ********
           ******** ******** ******** ******** ******** ********
 
  2015     ******** ******** ******** ******** ********      81.
           ******** ******** ******** ******** ******** ********
 
  2016     ******** ******** ******** ******** ******** ********
                99. ********      49. ******** ********     -46.
 
  2017     ******** ******** ******** ******** ******** ********
           ******** ******** ******** ******** ******** ********
 
  2018     ******** ******** ******** ******** ******** ********
           ********     113.     -29. ********     -13.      14.
 
  2019         -77.     -13. ******** ******** ******** ********
           ********      67.      59. ******** ******** ********
 
  2020     ******** ******** ******** ******** ******** ********
           ******** ******** ******** ******** ******** ********
 
  2021     ******** ******** ********      77. ******** ********
           ******** ******** ********      54. ******** ********
 
  2022     ******** ******** ******** ********       8. ********
           ******** ******** ********       8. ********      29.
 
  2023     ******** ********     115. ******** ******** ********
           ******** ******** ******** ******** ******** ********
 
  2024     ******** ********     -35. ******** ******** ********
           ******** ******** ******** ******** ******** ********
 
  2025     ******** ********      47. ********      -6. ********
           ******** ******** ******** ********     -59.      44.
 
  2026     ******** ********      46. ********      44.      16.
                                                                
 

 D 9.A  Moving seasonality ratio
 ---------------------------------------------------------------
               Jan      Feb      Mar      Apr      May      Jun 
 ---------------------------------------------------------------
   I         37.047   30.581   51.842   51.649   27.189   30.122
   S          7.826    6.364    9.153    8.191    4.714    7.697
 RATIO        4.734    4.806    5.664    6.305    5.767    3.913



 ---------------------------------------------------------------
               Jul      Aug      Sep      Oct      Nov      Dec 
 ---------------------------------------------------------------
   I         31.763   38.509   44.977   47.983   37.421   43.913
   S          6.155    9.475    6.621    6.030    6.163    5.606
 RATIO        5.160    4.064    6.794    7.957    6.071    7.833



        bps_permits 22660            PAGE   9, SERIES bps_permits_addi

 D 10  Final seasonal factors
  From  2004.Jan to 2026.Jun
  Observations        270
  Seasonal filter    3 x 5 moving average
 -----------------------------------------------------------------------------
               Jan      Feb      Mar      Apr      May      Jun 
               Jul      Aug      Sep      Oct      Nov      Dec         AVGE  
 -----------------------------------------------------------------------------
  2004         -46.     -28.      47.      63.      25.      16.
                -6.      25.      -7.     -16.     -27.     -49.           -0.
 
  2005         -42.     -28.      47.      62.      22.      14.
                -6.      26.      -9.     -14.     -25.     -48.           -0.
 
  2006         -32.     -26.      44.      57.      18.      12.
                -8.      26.     -10.     -13.     -22.     -46.           -0.
 
  2007         -21.     -23.      41.      49.      12.       8.
                -7.      24.     -12.     -10.     -18.     -38.            0.
 
  2008         -14.     -18.      33.      38.       7.       5.
                -1.      25.     -14.      -9.     -16.     -31.            1.
 
  2009         -12.     -16.      28.      31.       3.       2.
                 9.      24.     -12.      -6.     -19.     -26.            0.
 
  2010         -13.     -14.      21.      22.       3.       6.
                17.      24.      -9.      -8.     -21.     -22.            1.
 
  2011         -17.     -15.      13.      14.       5.      16.
                21.      19.       0.      -5.     -13.     -26.            1.
 
  2012         -23.     -21.      -2.      10.       7.      31.
                23.      18.      11.      -3.      -0.     -31.            2.
 
  2013         -34.     -34.     -18.       4.       6.      47.
                28.      22.      26.      -3.      19.     -40.            2.
 
  2014         -49.     -47.     -36.       1.       2.      62.
                34.      39.      35.     -10.      33.     -41.            2.
 
  2015         -61.     -61.     -45.      -5.      -4.      68.
                38.      60.      37.      -8.      41.     -41.            2.
 
  2016         -71.     -68.     -49.      -8.     -12.      63.
                40.      83.      32.      -2.      32.     -36.            0.
 
  2017         -71.     -69.     -33.     -17.     -17.      46.
                39.      94.      24.      12.      15.     -32.           -1.
 
  2018         -67.     -62.     -14.     -15.     -20.      31.
                28.      94.      10.      24.      -7.     -25.           -2.
 
  2019         -50.     -52.       9.     -13.     -17.      15.
                13.      78.      -3.      38.     -25.     -18.           -2.
 
  2020         -31.     -40.      25.      -3.     -15.       2.
                -3.      52.      -8.      46.     -35.      -9.           -2.
 
  2021         -12.     -31.      37.      -2.      -8.     -11.
               -13.      31.     -10.      41.     -35.       2.           -1.
 
  2022           2.     -29.      38.       7.      -4.     -13.
               -22.      15.     -15.      36.     -31.      10.           -0.
 
  2023          11.     -29.      37.       6.       6.     -11.
               -25.       7.     -22.      33.     -31.      19.            0.
 
  2024          11.     -32.      36.       6.      10.      -6.
               -27.      -2.     -22.      37.     -29.      26.            1.
 
  2025           3.     -35.      33.      -1.      22.       0.
               -26.      -2.     -22.      34.     -30.      28.            0.
 
  2026          -6.     -39.      32.       1.      28.      10.
                                                                            4.
 
  AVGE         -28.     -36.      14.      13.       4.      18.
                 7.      36.      -0.       9.     -11.     -22.

  Table Total-          68.   Mean-         0.   Std. Dev.-        30.
                              Min -       -71.        Max -        94.

 D 10.A  Final seasonal component forecasts
  From  2026.Jul to 2027.Jun
  Observations         12
 -----------------------------------------------------------------------------
               Jan      Feb      Mar      Apr      May      Jun 
               Jul      Aug      Sep      Oct      Nov      Dec         AVGE  
 -----------------------------------------------------------------------------
  2026                                                          
               -28.      -1.     -26.      35.     -30.      26.           -4.
 
  2027         -12.     -39.      29.       4.      33.      17.
                                                                            5.
 
        bps_permits 22660            PAGE  10, SERIES bps_permits_addi

 D 11  Final seasonally adjusted data
  From  2004.Jan to 2026.Jun
  Observations        270
 -----------------------------------------------------------------------------
               Jan      Feb      Mar      Apr      May      Jun 
               Jul      Aug      Sep      Oct      Nov      Dec        TOTAL  
 -----------------------------------------------------------------------------
  2004         254.     282.     298.     304.     289.     283.
               341.     189.     294.     293.     240.     275.         3341.
 
  2005         231.     230.     236.     242.     246.     266.
               205.     231.     285.     170.     204.     163.         2708.
 
  2006         220.     194.     469.     124.     167.     142.
               128.     134.      96.     124.     132.     307.         2237.
 
  2007         107.     140.      63.     100.     121.     107.
               124.     124.      86.     143.     138.      95.         1348.
 
  2008         139.      73.     138.     168.      86.      92.
                84.      98.     278.      68.      46.      54.         1323.
 
  2009          47.      33.      -2.       3.      26.      39.
                30.      14.      60.      41.      44.      64.          400.
 
  2010          40.      86.     337.      37.      31.      36.
                42.      37.      42.      53.      71.     330.         1142.
 
  2011          74.      49.      58.      85.      94.      69.
               326.     128.      63.      55.      55.      92.         1148.
 
  2012          67.      94.     114.     119.     117.      80.
               408.      98.     124.     357.     115.     135.         1828.
 
  2013         219.     230.     230.     167.     165.     194.
               134.     418.     117.     133.     149.     201.         2356.
 
  2014         162.     136.     144.     171.     240.     258.
               210.     173.     317.     297.     290.     166.         2564.
 
  2015         210.     198.     164.     243.     166.     528.
               147.     113.     150.     124.     138.     178.         2359.
 
  2016         147.     199.     213.     179.     262.     304.
               428.     378.     576.     273.     391.     164.         3514.
 
  2017         256.     273.     238.     323.     258.     262.
               254.     284.     195.     153.     188.     202.         2885.
 
  2018         258.     178.     257.     205.     205.     201.
               186.     542.     162.     313.     155.     479.         3141.
 
  2019         171.     484.     143.     134.     174.     188.
               229.      24.     322.     274.     222.     209.         2573.
 
  2020         244.     224.     299.     191.     215.     166.
               191.     180.     211.     180.     218.     242.         2562.
 
  2021         217.     221.     226.     331.     259.     300.
               207.     243.     162.     354.     204.     167.         2891.
 
  2022         203.     242.     159.     170.     352.     164.
               216.     167.     163.      71.     127.     289.         2322.
 
  2023         237.     161.     268.     200.     129.     139.
               172.     164.     278.     228.     271.     247.         2495.
 
  2024         180.     184.     101.      98.     208.     143.
               134.     196.     130.     109.     162.     112.         1756.
 
  2025         184.     167.     398.     215.      90.     201.
               163.     107.     114.     206.      83.     461.         2389.
 
  2026         139.     163.      77.     188.     508.      79.
                                                                         1154.
 
  AVGE         174.     184.     201.     174.     192.     184.
               198.     184.     192.     183.     166.     211.

  Table Total-       50438.   Mean-       187.   Std. Dev.-       103.
                              Min -        -2.        Max -       576.
        bps_permits 22660            PAGE  11, SERIES bps_permits_addi

 D 12  Final trend cycle
  From  2004.Jan to 2026.Jun
  Observations        270
  Trend filter    23-term Henderson moving average
  I/C ratio        4.12
 -----------------------------------------------------------------------------
               Jan      Feb      Mar      Apr      May      Jun 
               Jul      Aug      Sep      Oct      Nov      Dec        TOTAL  
 -----------------------------------------------------------------------------
  2004         287.     290.     292.     293.     294.     293.
               292.     287.     282.     275.     267.     259.         3411.
 
  2005         253.     247.     243.     240.     237.     234.
               231.     227.     222.     217.     211.     205.         2766.
 
  2006         197.     188.     179.     170.     160.     150.
               141.     133.     127.     122.     118.     116.         1801.
 
  2007         115.     115.     114.     114.     115.     115.
               116.     117.     118.     120.     120.     120.         1400.
 
  2008         120.     118.     115.     111.     106.     100.
                93.      85.      76.      67.      57.      47.         1095.
 
  2009          39.      32.      27.      24.      23.      25.
                29.      34.      40.      45.      50.      52.          419.
 
  2010          53.      52.      50.      48.      46.      45.
                45.      46.      48.      51.      56.      61.          600.
 
  2011          67.      72.      76.      79.      81.      81.
                81.      81.      80.      81.      81.      83.          943.
 
  2012          86.      90.      95.     100.     105.     111.
               118.     126.     136.     147.     158.     169.         1442.
 
  2013         178.     184.     186.     185.     180.     174.
               166.     158.     152.     148.     148.     151.         2009.
 
  2014         158.     167.     179.     193.     208.     221.
               233.     241.     245.     246.     242.     234.         2569.
 
  2015         223.     210.     196.     182.     170.     158.
               150.     144.     141.     140.     145.     155.         2015.
 
  2016         170.     191.     216.     243.     269.     292.
               310.     323.     329.     329.     324.     316.         3313.
 
  2017         306.     294.     282.     271.     260.     250.
               240.     231.     223.     217.     211.     207.         2993.
 
  2018         205.     205.     207.     210.     214.     218.
               221.     223.     222.     218.     213.     206.         2563.
 
  2019         199.     194.     190.     190.     193.     199.
               209.     220.     230.     239.     244.     244.         2551.
 
  2020         240.     234.     225.     216.     208.     201.
               197.     195.     198.     203.     212.     223.         2551.
 
  2021         234.     244.     251.     253.     253.     248.
               242.     233.     223.     213.     204.     198.         2795.
 
  2022         193.     189.     186.     183.     180.     176.
               174.     173.     174.     176.     178.     180.         2164.
 
  2023         181.     181.     182.     185.     190.     196.
               201.     206.     209.     210.     208.     204.         2355.
 
  2024         196.     185.     173.     161.     151.     144.
               140.     140.     143.     148.     153.     157.         1892.
 
  2025         162.     165.     167.     168.     167.     164.
               159.     155.     152.     150.     152.     158.         1917.
 
  2026         165.     175.     185.     195.     203.     209.
                                                                         1133.
 
  AVGE         175.     175.     175.     175.     174.     174.
               172.     172.     171.     171.     171.     170.

  Table Total-       46694.   Mean-       173.   Std. Dev.-        70.
                              Min -        23.        Max -       329.
        bps_permits 22660            PAGE  12, SERIES bps_permits_addi

 D 13  Final irregular component
  From  2004.Jan to 2026.Jun
  Observations        270
 -----------------------------------------------------------------------------
               Jan      Feb      Mar      Apr      May      Jun 
               Jul      Aug      Sep      Oct      Nov      Dec         S.D.  
 -----------------------------------------------------------------------------
  2004         -32.      -9.       5.      11.      -5.     -11.
                49.     -99.      12.      18.     -27.      16.           35.
 
  2005         -22.     -18.      -8.       2.       9.      32.
               -25.       4.      62.     -47.      -7.     -41.           30.
 
  2006          23.       6.     290.     -45.       7.      -9.
               -13.       1.     -30.       2.      14.     190.          102.
 
  2007          -8.      25.     -52.     -14.       7.      -8.
                 8.       7.     -32.      23.      18.     -25.           23.
 
  2008          19.     -44.      23.      57.     -20.      -9.
                -9.      12.     201.       1.     -11.       7.           63.
 
  2009           9.       2.     -28.     -20.       3.      14.
                 1.     -21.      20.      -4.      -6.      11.           15.
 
  2010         -13.      35.     287.     -11.     -15.      -9.
                -3.      -9.      -6.       2.      15.     269.          114.
 
  2011           7.     -23.     -18.       6.      13.     -12.
               245.      47.     -18.     -25.     -26.       9.           74.
 
  2012         -19.       4.      19.      20.      12.     -31.
               290.     -29.     -12.     210.     -43.     -35.          106.
 
  2013          41.      45.      44.     -18.     -16.      20.
               -32.     260.     -35.     -15.       1.      50.           81.
 
  2014           4.     -31.     -35.     -22.      32.      36.
               -23.     -68.      72.      51.      48.     -69.           46.
 
  2015         -13.     -12.     -32.      61.      -4.     370.
                -3.     -31.       9.     -17.      -7.      24.          109.
 
  2016         -24.       8.      -4.     -64.      -7.      12.
               117.      56.     247.     -56.      67.    -152.           97.
 
  2017         -49.     -21.     -44.      52.      -2.      12.
                14.      52.     -28.     -64.     -24.      -6.           37.
 
  2018          53.     -27.      50.      -5.      -9.     -17.
               -36.     319.     -59.      95.     -58.     273.          129.
 
  2019         -28.     290.     -47.     -56.     -19.     -12.
                20.    -196.      92.      35.     -21.     -35.          108.
 
  2020           4.      -9.      74.     -25.       7.     -35.
                -6.     -15.      13.     -23.       7.      19.           27.
 
  2021         -17.     -23.     -24.      77.       7.      51.
               -34.      10.     -61.     141.      -0.     -30.           55.
 
  2022          10.      52.     -28.     -13.     172.     -12.
                42.      -6.     -11.    -106.     -51.     109.           71.
 
  2023          57.     -20.      86.      14.     -61.     -57.
               -29.     -42.      68.      18.      63.      43.           51.
 
  2024         -16.      -2.     -73.     -63.      57.      -0.
                -6.      55.     -13.     -38.      10.     -46.           41.
 
  2025          23.       3.     231.      47.     -76.      37.
                 4.     -48.     -38.      55.     -69.     304.          118.
 
  2026         -26.     -12.    -108.      -7.     305.    -129.
                                                                          143.
 
  S.D.          27.      65.     108.      39.      78.      85.
                88.     105.      79.      69.      35.     122.

  Table Total-        3744.   Mean-        14.   Std. Dev.-        80.
                              Min -      -196.        Max -       370.
        bps_permits 22660            PAGE  13, SERIES bps_permits_addi

 D 16  Combined adjustment factors
  From  2004.Jan to 2026.Jun
  Observations        270
 -----------------------------------------------------------------------------
               Jan      Feb      Mar      Apr      May      Jun 
               Jul      Aug      Sep      Oct      Nov      Dec         AVGE  
 -----------------------------------------------------------------------------
  2004         -46.     -28.      47.      63.      25.      16.
                -6.      25.      -7.     -16.     -27.     -49.           -0.
 
  2005         -42.     -28.      47.      62.      22.      14.
                -6.      26.      -9.     -14.     -25.     -48.           -0.
 
  2006         -32.     -26.      44.      57.      18.      12.
                -8.      26.     -10.     -13.     -22.     -46.           -0.
 
  2007         -21.     -23.      41.      49.      12.       8.
                -7.      24.     -12.     -10.     -18.     -38.            0.
 
  2008         -14.     -18.      33.      38.       7.       5.
                -1.      25.     -14.      -9.     -16.     -31.            1.
 
  2009         -12.     -16.      28.      31.       3.       2.
                 9.      24.     -12.      -6.     -19.     -26.            0.
 
  2010         -13.     -14.      21.      22.       3.       6.
                17.      24.      -9.      -8.     -21.     -22.            1.
 
  2011         -17.     -15.      13.      14.       5.      16.
                21.      19.       0.      -5.     -13.     -26.            1.
 
  2012         -23.     -21.      -2.      10.       7.      31.
                23.      18.      11.      -3.      -0.     -31.            2.
 
  2013         -34.     -34.     -18.       4.       6.      47.
                28.      22.      26.      -3.      19.     -40.            2.
 
  2014         -49.     -47.     -36.       1.       2.      62.
                34.      39.      35.     -10.      33.     -41.            2.
 
  2015         -61.     -61.     -45.      -5.      -4.      68.
                38.      60.      37.      -8.      41.     -41.            2.
 
  2016         -71.     -68.     -49.      -8.     -12.      63.
                40.      83.      32.      -2.      32.     -36.            0.
 
  2017         -71.     -69.     -33.     -17.     -17.      46.
                39.      94.      24.      12.      15.     -32.           -1.
 
  2018         -67.     -62.     -14.     -15.     -20.      31.
                28.      94.      10.      24.      -7.     -25.           -2.
 
  2019         -50.     -52.       9.     -13.     -17.      15.
                13.      78.      -3.      38.     -25.     -18.           -2.
 
  2020         -31.     -40.      25.      -3.     -15.       2.
                -3.      52.      -8.      46.     -35.      -9.           -2.
 
  2021         -12.     -31.      37.      -2.      -8.     -11.
               -13.      31.     -10.      41.     -35.       2.           -1.
 
  2022           2.     -29.      38.       7.      -4.     -13.
               -22.      15.     -15.      36.     -31.      10.           -0.
 
  2023          11.     -29.      37.       6.       6.     -11.
               -25.       7.     -22.      33.     -31.      19.            0.
 
  2024          11.     -32.      36.       6.      10.      -6.
               -27.      -2.     -22.      37.     -29.      26.            1.
 
  2025           3.     -35.      33.      -1.      22.       0.
               -26.      -2.     -22.      34.     -30.      28.            0.
 
  2026          -6.     -39.      32.       1.      28.      10.
                                                                            4.
 
  AVGE         -28.     -36.      14.      13.       4.      18.
                 7.      36.      -0.       9.     -11.     -22.

  Table Total-          68.   Mean-         0.   Std. Dev.-        30.
                              Min -       -71.        Max -        94.

 D 16.A  Combined adjustment component forecasts
  From  2026.Jul to 2027.Jun
  Observations         12
 -----------------------------------------------------------------------------
               Jan      Feb      Mar      Apr      May      Jun 
               Jul      Aug      Sep      Oct      Nov      Dec         AVGE  
 -----------------------------------------------------------------------------
  2026                                                          
               -28.      -1.     -26.      35.     -30.      26.           -4.
 
  2027         -12.     -39.      29.       4.      33.      17.
                                                                            5.
 
        bps_permits 22660            PAGE  14, SERIES bps_permits_addi

 E 4  Differences of annual totals
  From          2004 to 2025
  Observations         22
 -----------------------------------
  Year       Unmodified     Modified
                  (D11)         (E2)
 -----------------------------------
  2004              -2.          -2.
 
  2005              -0.          -0.
 
  2006              -0.          -0.
 
  2007               5.           5.
 
  2008               6.           6.
 
  2009               5.           5.
 
  2010               6.           6.
 
  2011              12.          12.
 
  2012              20.          20.
 
  2013              24.          24.
 
  2014              23.          23.
 
  2015              19.          19.
 
  2016               4.           4.
 
  2017              -8.          -8.
 
  2018             -23.         -23.
 
  2019             -24.         -24.
 
  2020             -20.         -20.
 
  2021             -11.         -11.
 
  2022              -5.          -5.
 
  2023               0.           0.
 
  2024               9.           9.
 
  2025               4.           4.
 
        bps_permits 22660            PAGE  15, SERIES bps_permits_addi

 E 5  Month-to-month differences in the original series
  From  2004.Feb to 2026.Jun
  Observations        269
 -----------------------------------------------------------------------------
               Jan      Feb      Mar      Apr      May      Jun 
               Jul      Aug      Sep      Oct      Nov      Dec         AVGE  
 -----------------------------------------------------------------------------
  2004                   46.      91.      22.     -53.     -15.
                36.    -121.      73.     -10.     -64.      13.            2.
 
  2005         -37.      13.      81.      21.     -36.      12.
               -81.      58.      19.    -120.      23.     -64.           -9.
 
  2006          73.     -20.     345.    -332.       4.     -31.
               -34.      40.     -74.      25.      -1.     151.           12.
 
  2007        -175.      31.     -13.      45.     -16.     -18.
                 2.      31.     -74.      59.     -13.     -63.          -17.
 
  2008          68.     -70.     116.      35.    -113.       4.
               -14.      40.     141.    -205.     -29.      -7.           -3.
 
  2009          12.     -18.       9.       8.      -5.      12.
                -2.      -1.      10.     -13.     -10.      13.            1.
 
  2010         -11.      45.     286.    -299.     -25.       8.
                17.       2.     -28.      12.       5.     258.           23.
 
  2011        -251.     -23.      37.      28.       0.     -14.
               262.    -200.     -84.     -13.      -8.      24.          -20.
 
  2012         -22.      29.      39.      17.      -5.     -13.
               320.    -315.      19.     219.    -239.     -11.            3.
 
  2013          81.      11.      16.     -41.       0.      70.
               -79.     278.    -297.     -13.      38.      -7.            5.
 
  2014         -48.     -24.      19.      64.      70.      78.
               -76.     -32.     140.     -65.      36.    -198.           -3.
 
  2015          24.     -12.     -18.     119.     -76.     434.
              -411.     -12.      14.     -71.      63.     -42.            1.
 
  2016         -61.      55.      33.       7.      79.     117.
               101.      -7.     147.    -337.     152.    -295.           -1.
 
  2017          57.      19.       1.     101.     -65.      67.
               -15.      85.    -159.     -54.      38.     -33.            4.
 
  2018          21.     -75.     127.     -53.      -5.      47.
               -18.     422.    -464.     165.    -189.     306.           24.
 
  2019        -333.     311.    -280.     -31.      36.      46.
                39.    -140.     217.      -7.    -115.      -6.          -22.
 
  2020          22.     -29.     140.    -136.      12.     -32.
                20.      44.     -29.      23.     -43.      50.            4.
 
  2021         -28.     -15.      73.      66.     -78.      38.
               -95.      80.    -122.     243.    -226.       0.           -5.
 
  2022          36.       8.     -16.     -20.     171.    -197.
                43.     -12.     -34.     -41.     -11.     203.           11.
 
  2023         -51.    -116.     173.     -99.     -71.      -7.
                19.      24.      85.       5.     -21.      26.           -3.
 
  2024         -75.     -39.     -15.     -33.     114.     -81.
               -30.      87.     -86.      38.     -13.       5.          -11.
 
  2025          49.     -55.     299.    -217.    -102.      89.
               -64.     -32.     -13.     148.    -187.     436.           29.
 
  2026        -356.      -9.     -15.      80.     347.    -447.
                                                                          -67.
 
  AVGE         -46.       3.      66.     -28.       8.       7.
                -3.      15.     -27.      -1.     -37.      35.

  Table Total-        -119.   Mean-        -0.   Std. Dev.-       129.
                              Min -      -464.        Max -       436.
        bps_permits 22660            PAGE  16, SERIES bps_permits_addi

 E 6  Month-to-month differences in seasonally adjusted series (D11)
  From  2004.Feb to 2026.Jun
  Observations        269
 -----------------------------------------------------------------------------
               Jan      Feb      Mar      Apr      May      Jun 
               Jul      Aug      Sep      Oct      Nov      Dec         AVGE  
 -----------------------------------------------------------------------------
  2004                   28.      16.       7.     -15.      -6.
                58.    -152.     105.      -1.     -53.      35.            2.
 
  2005         -45.      -1.       6.       7.       4.      20.
               -61.      26.      54.    -115.      34.     -41.           -9.
 
  2006          57.     -26.     275.    -344.      42.     -25.
               -14.       6.     -38.      28.       8.     175.           12.
 
  2007        -199.      32.     -77.      37.      21.     -14.
                17.      -0.     -37.      57.      -5.     -43.          -18.
 
  2008          44.     -66.      65.      30.     -82.       6.
                -8.      13.     180.    -210.     -22.       8.           -3.
 
  2009          -7.     -14.     -35.       5.      22.      14.
               -10.     -16.      47.     -19.       2.      20.            1.
 
  2010         -23.      46.     251.    -300.      -6.       5.
                 6.      -5.       5.      12.      17.     259.           22.
 
  2011        -256.     -25.       9.      27.      10.     -25.
               257.    -198.     -65.      -8.      -0.      37.          -20.
 
  2012         -25.      28.      19.       6.      -2.     -37.
               329.    -311.      27.     233.    -242.      20.            4.
 
  2013          85.      10.       0.     -63.      -2.      29.
               -60.     284.    -301.      16.      16.      52.            6.
 
  2014         -39.     -26.       8.      27.      69.      18.
               -48.     -38.     145.     -20.      -7.    -125.           -3.
 
  2015          45.     -13.     -34.      79.     -77.     362.
              -381.     -34.      37.     -26.      14.      40.            1.
 
  2016         -32.      53.      13.     -33.      82.      42.
               124.     -49.     198.    -303.     119.    -227.           -1.
 
  2017          92.      17.     -35.      85.     -65.       3.
                -8.      30.     -89.     -42.      34.      14.            3.
 
  2018          56.     -79.      79.     -52.      -0.      -4.
               -15.     356.    -379.     151.    -158.     324.           23.
 
  2019        -308.     312.    -341.      -9.      40.      14.
                42.    -205.     298.     -48.     -51.     -13.          -23.
 
  2020          35.     -20.      74.    -108.      25.     -49.
                24.     -10.      31.     -30.      38.      23.            3.
 
  2021         -25.       5.       5.     104.     -71.      41.
               -93.      35.     -81.     192.    -150.     -37.           -6.
 
  2022          35.      39.     -83.      12.     181.    -188.
                52.     -49.      -4.     -92.      56.     162.           10.
 
  2023         -51.     -76.     107.     -69.     -70.      10.
                33.      -8.     114.     -50.      43.     -25.           -4.
 
  2024         -67.       4.     -83.      -3.     110.     -64.
                -9.      61.     -66.     -21.      53.     -50.          -11.
 
  2025          72.     -17.     231.    -183.    -125.     111.
               -38.     -56.       7.      92.    -123.     378.           29.
 
  2026        -322.      24.     -86.     110.     320.    -428.
                                                                          -64.
 
  AVGE         -40.      10.      17.     -27.      18.      -7.
                 9.     -15.       8.      -9.     -17.      45.

  Table Total-        -175.   Mean-        -1.   Std. Dev.-       120.
                              Min -      -428.        Max -       378.
        bps_permits 22660            PAGE  17, SERIES bps_permits_addi

 E 7  Month-to-month differences in final trend cycle (D12)
  From  2004.Feb to 2026.Jun
  Observations        269
 -----------------------------------------------------------------------------
               Jan      Feb      Mar      Apr      May      Jun 
               Jul      Aug      Sep      Oct      Nov      Dec         AVGE  
 -----------------------------------------------------------------------------
  2004                    4.       2.       1.       1.      -0.
                -2.      -4.      -6.      -7.      -8.      -8.           -2.
 
  2005          -7.      -5.      -4.      -4.      -3.      -3.
                -3.      -4.      -4.      -5.      -6.      -7.           -5.
 
  2006          -8.      -8.      -9.     -10.     -10.     -10.
                -9.      -8.      -7.      -5.      -3.      -2.           -7.
 
  2007          -1.      -1.      -0.       0.       0.       0.
                 1.       1.       1.       1.       1.       0.            0.
 
  2008          -1.      -2.      -3.      -4.      -5.      -6.
                -7.      -8.      -9.     -10.     -10.     -10.           -6.
 
  2009          -8.      -7.      -5.      -3.      -1.       2.
                 4.       5.       6.       5.       4.       3.            0.
 
  2010           1.      -1.      -2.      -2.      -2.      -1.
                -0.       1.       2.       3.       4.       5.            1.
 
  2011           6.       5.       4.       3.       2.       1.
                -0.      -1.      -0.       0.       1.       2.            2.
 
  2012           3.       4.       5.       5.       5.       6.
                 7.       8.      10.      11.      12.      11.            7.
 
  2013           9.       6.       2.      -1.      -4.      -7.
                -8.      -8.      -6.      -3.      -0.       3.           -2.
 
  2014           7.      10.      12.      14.      15.      14.
                11.       8.       5.       0.      -4.      -8.            7.
 
  2015         -11.     -13.     -14.     -14.     -13.     -11.
                -9.      -6.      -3.      -0.       4.      10.           -7.
 
  2016          16.      21.      25.      27.      26.      23.
                18.      13.       6.      -0.      -5.      -8.           13.
 
  2017         -10.     -12.     -12.     -11.     -11.     -10.
               -10.      -9.      -8.      -7.      -5.      -4.           -9.
 
  2018          -2.       0.       2.       3.       4.       4.
                 3.       1.      -1.      -3.      -5.      -7.           -0.
 
  2019          -7.      -6.      -3.      -1.       3.       7.
                10.      11.      11.       8.       5.       1.            3.
 
  2020          -4.      -7.      -9.      -9.      -8.      -7.
                -4.      -1.       2.       6.       9.      11.           -2.
 
  2021          11.      10.       7.       3.      -1.      -4.
                -7.      -9.     -10.     -10.      -9.      -7.           -2.
 
  2022          -5.      -4.      -3.      -3.      -4.      -3.
                -2.      -1.       1.       2.       2.       1.           -1.
 
  2023           1.       1.       1.       3.       5.       6.
                 6.       5.       3.       1.      -2.      -5.            2.
 
  2024          -8.     -11.     -12.     -12.     -10.      -7.
                -3.      -0.       3.       5.       5.       5.           -4.
 
  2025           4.       3.       2.       1.      -1.      -3.
                -4.      -4.      -3.      -1.       2.       5.            0.
 
  2026           8.      10.      10.      10.       8.       6.
                                                                            9.
 
  AVGE          -0.      -0.      -0.      -0.      -0.      -0.
                -0.      -0.      -0.      -0.      -0.      -0.

  Table Total-         -78.   Mean-        -0.   Std. Dev.-         7.
                              Min -       -14.        Max -        27.
        bps_permits 22660            PAGE  18, SERIES bps_permits_addi

 E 8  Month-to-month differences in original series adjusted for calendar factors (A18)
  From  2004.Feb to 2026.Jun
  Observations        269
 -----------------------------------------------------------------------------
               Jan      Feb      Mar      Apr      May      Jun 
               Jul      Aug      Sep      Oct      Nov      Dec         AVGE  
 -----------------------------------------------------------------------------
  2004                   46.      91.      22.     -53.     -15.
                36.    -121.      73.     -10.     -64.      13.            2.
 
  2005         -37.      13.      81.      21.     -36.      12.
               -81.      58.      19.    -120.      23.     -64.           -9.
 
  2006          73.     -20.     345.    -332.       4.     -31.
               -34.      40.     -74.      25.      -1.     151.           12.
 
  2007        -175.      31.     -13.      45.     -16.     -18.
                 2.      31.     -74.      59.     -13.     -63.          -17.
 
  2008          68.     -70.     116.      35.    -113.       4.
               -14.      40.     141.    -205.     -29.      -7.           -3.
 
  2009          12.     -18.       9.       8.      -5.      12.
                -2.      -1.      10.     -13.     -10.      13.            1.
 
  2010         -11.      45.     286.    -299.     -25.       8.
                17.       2.     -28.      12.       5.     258.           23.
 
  2011        -251.     -23.      37.      28.       0.     -14.
               262.    -200.     -84.     -13.      -8.      24.          -20.
 
  2012         -22.      29.      39.      17.      -5.     -13.
               320.    -315.      19.     219.    -239.     -11.            3.
 
  2013          81.      11.      16.     -41.       0.      70.
               -79.     278.    -297.     -13.      38.      -7.            5.
 
  2014         -48.     -24.      19.      64.      70.      78.
               -76.     -32.     140.     -65.      36.    -198.           -3.
 
  2015          24.     -12.     -18.     119.     -76.     434.
              -411.     -12.      14.     -71.      63.     -42.            1.
 
  2016         -61.      55.      33.       7.      79.     117.
               101.      -7.     147.    -337.     152.    -295.           -1.
 
  2017          57.      19.       1.     101.     -65.      67.
               -15.      85.    -159.     -54.      38.     -33.            4.
 
  2018          21.     -75.     127.     -53.      -5.      47.
               -18.     422.    -464.     165.    -189.     306.           24.
 
  2019        -333.     311.    -280.     -31.      36.      46.
                39.    -140.     217.      -7.    -115.      -6.          -22.
 
  2020          22.     -29.     140.    -136.      12.     -32.
                20.      44.     -29.      23.     -43.      50.            4.
 
  2021         -28.     -15.      73.      66.     -78.      38.
               -95.      80.    -122.     243.    -226.       0.           -5.
 
  2022          36.       8.     -16.     -20.     171.    -197.
                43.     -12.     -34.     -41.     -11.     203.           11.
 
  2023         -51.    -116.     173.     -99.     -71.      -7.
                19.      24.      85.       5.     -21.      26.           -3.
 
  2024         -75.     -39.     -15.     -33.     114.     -81.
               -30.      87.     -86.      38.     -13.       5.          -11.
 
  2025          49.     -55.     299.    -217.    -102.      89.
               -64.     -32.     -13.     148.    -187.     436.           29.
 
  2026        -356.      -9.     -15.      80.     347.    -447.
                                                                          -67.
 
  AVGE         -46.       3.      66.     -28.       8.       7.
                -3.      15.     -27.      -1.     -37.      35.

  Table Total-        -119.   Mean-        -0.   Std. Dev.-       129.
                              Min -      -464.        Max -       436.
        bps_permits 22660            PAGE  19, SERIES bps_permits_addi

 E 18  Final adjustment ratios
  From  2004.Jan to 2026.Jun
  Observations        270
 -----------------------------------------------------------------------------
               Jan      Feb      Mar      Apr      May      Jun 
               Jul      Aug      Sep      Oct      Nov      Dec         AVGE  
 -----------------------------------------------------------------------------
  2004       81.801   90.135  115.939  120.642  108.684  105.722
             98.251  113.437   97.628   94.565   88.806   82.086        99.808
 
  2005       81.990   87.974  120.167  125.573  109.087  105.286
             96.924  111.155   96.892   91.738   87.582   70.467        98.736
 
  2006       85.368   86.471  109.407  145.416  111.067  108.785
             93.849  119.102   89.216   89.459   83.317   85.107       100.547
 
  2007       80.095   83.854  165.792  149.040  109.705  107.626
             94.322  119.604   85.594   93.025   87.011   59.957       102.969
 
  2008       89.993   75.174  124.118  122.526  108.150  105.644
             98.462  125.994   95.115   87.208   65.106   42.599        95.007
 
  2009       74.067   50.949 ******** 1032.463  113.083  104.442
            131.212  277.585   79.505   84.445   56.968   59.797        49.749
 
  2010       67.085   83.266  106.126  159.618  110.066  117.595
            141.125  166.135   79.046   84.467   70.826   93.333       106.557
 
  2011       77.192   69.071  122.663  116.885  105.079  122.998
            106.398  115.099  100.460   90.580   76.144   71.529        97.841
 
  2012       65.803   77.319   98.475  108.129  106.023  139.343
            105.570  118.889  108.741   99.081   99.999   77.194       100.381
 
  2013       84.327   85.376   92.204  102.446  103.948  124.268
            121.027  105.375  122.344   97.846  112.491   80.142       102.650
 
  2014       69.772   65.356   75.025  100.655  101.041  124.122
            116.158  122.877  110.899   96.510  111.193   75.368        97.415
 
  2015       70.810   69.304   72.588   97.872   97.710  112.852
            125.907  153.273  124.740   93.581  129.548   76.820       102.084
 
  2016       51.816   65.677   77.097   95.277   95.550  120.838
            109.445  121.817  105.526   99.306  108.049   77.978        94.031
 
  2017       72.192   74.748   86.016   94.692   93.329  117.780
            115.408  133.256  112.307  107.639  108.153   84.354        99.990
 
  2018       74.124   65.047   94.457   92.565   90.325  115.526
            115.250  117.408  105.897  107.663   95.545   94.716        97.377
 
  2019       70.608   89.290  106.364   90.382   90.460  108.264
            105.671  426.662   99.026  113.983   88.608   91.399       123.393
 
  2020       87.166   82.068  108.517   98.649   92.964  100.998
             98.563  128.664   96.288  125.235   83.771   96.458        99.945
 
  2021       94.662   85.949  116.198   99.491   96.809   96.386
             93.577  112.938   93.836  111.470   82.875  101.052        98.770
 
  2022      101.122   88.074  124.170  103.828   98.977   92.134
             89.745  108.888   90.705  151.297   75.580  103.533       102.338
 
  2023      104.470   81.828  113.614  103.178  104.463   92.106
             85.410  104.091   92.156  114.478   88.500  107.869        99.347
 
  2024      106.275   82.713  136.210  106.058  105.004   95.613
             79.689   99.155   83.229  133.632   81.980  123.330       102.741
 
  2025      101.543   78.892  108.263   99.557  124.236  100.066
             83.904   98.181   81.020  116.702   63.901  106.036        96.858
 
  2026       95.599   75.974  140.878  100.784  105.579  111.988
                                                                       105.134
 
  AVGE       82.082   78.022   41.163  150.684  103.537  110.017
            104.812  140.890   97.735  103.814   88.452   84.596

  Table Total-       26653.   Mean-        99.   Std. Dev.-       115.
                              Min -     -1468.        Max -      1032.

 E 18.A  Final adjustment ratio forecasts
  From  2026.Jul to 2027.Jun
  Observations         12
 -----------------------------------------------------------------------------
               Jan      Feb      Mar      Apr      May      Jun 
               Jul      Aug      Sep      Oct      Nov      Dec         AVGE  
 -----------------------------------------------------------------------------
  2026                                                          
             87.661   99.448   88.318  118.694   84.431  112.036        98.432
 
  2027       93.580   80.822  114.910  101.860  116.165  109.126
                                                                       102.744
 

  QS statistic for seasonality:
  Original Series                                     0.00  (P-Value =     1.0000)
  Original Series (EV adj)                            0.00  (P-Value =     1.0000)
  Residuals                                           0.00  (P-Value =     1.0000)
  Seasonally Adjusted Series                          0.00  (P-Value =     1.0000)
  Seasonally Adjusted Series (EV adj)                 0.00  (P-Value =     1.0000)
  Irregular Series                                    0.00  (P-Value =     1.0000)
  Irregular Series (EV adj)                           0.00  (P-Value =     1.0000)

  QS statistic for seasonality (starting 2018.Jul):
  Original Series                                     0.00  (P-Value =     1.0000)
  Original Series (EV adj)                            0.00  (P-Value =     1.0000)
  Residuals                                           0.00  (P-Value =     1.0000)
  Seasonally Adjusted Series                          0.00  (P-Value =     1.0000)
  Seasonally Adjusted Series (EV adj)                 0.00  (P-Value =     1.0000)
  Irregular Series                                    0.00  (P-Value =     1.0000)
  Irregular Series (EV adj)                           0.00  (P-Value =     1.0000)


 WARNING: Series should not be a candidate for seasonal adjustment
          because the spectrum of the original series (Table A1 or B1)
          has no visually significant seasonal peaks.

          If this is a component series of an indirectly adjusted
          composite series, consider using type = trend or type = summary
          in the x11 spec.
        bps_permits 22660            PAGE  20, SERIES bps_permits_addi
 G 0  10*LOG(SPECTRUM) of the differenced Original Series
      (Table A1 or B1).  Spectrum estimated from 2018.Jul to 2026.Jun.
 ++++++++++I+++++++++++++++++++++++++++++++++++++++++++++++++++++++++++++I
      49.87I                                                   *         I     49.87
           I                                                  S*   ***   I
           I                                                  S*  ****   I
           I                                                  S*T*****   I
      47.41I                                   *        *     S*T******  I     47.41
           I                                   *        *     S*T******  I
           I                                   *        *     S*T******* I
           I                                   **       **    S*T*******SI
      44.95I                                   **       **   *S*T*******SI     44.95
           I                          *        **       **   *S*T*******SI
           I                         **       ***       **   *S*T*******SI
           I                         **       ***       **   *S*T*******SI
      42.49I                         ***      ****      **   *S*T*******SI     42.49
           I                         ***      ******    **   *S*T*******SI
           I                        ****      ******   **** **S*T*******SI
           I                   *    ****     *******S  **** **S*T*******SI
      40.03I                   *    *****    *******S  *******S*T*******SI     40.03
           I                  **    *****   ********S*T*******S*T*******SI
           I                  **    *****   ********S*T*******S*T*******SI
           I               *  **S  ******* *********S*T*******S*T*******SI
      37.57I              **  **S  *******S*********S*T*******S*T*******SI     37.57
           I              ******S  *******S*********S*T*******S*T*******SI
           I              ******S*********S*********S*T*******S*T*******SI
           I              ******S*********S*********S*T*******S*T*******SI
      35.11I              ******S*********S*********S*T*******S*T*******SI     35.11
           I         *   *******S*********S*********S*T*******S*T*******SI
           I        **   *******S*********S*********S*T*******S*T*******SI
           I        **   *******S*********S*********S*T*******S*T*******SI
      32.66I        **   *******S*********S*********S*T*******S*T*******SI     32.66
           I        **S  *******S*********S*********S*T*******S*T*******SI
           I        **S ********S*********S*********S*T*******S*T*******SI
           I        **S*********S*********S*********S*T*******S*T*******SI
      30.20I        **S*********S*********S*********S*T*******S*T*******SI     30.20
           I       ***S*********S*********S*********S*T*******S*T*******SI
           I       ***S*********S*********S*********S*T*******S*T*******SI
           I       ***S*********S*********S*********S*T*******S*T*******SI
      27.74I    ** ***S*********S*********S*********S*T*******S*T*******SI     27.74
           I    ******S*********S*********S*********S*T*******S*T*******SI
           I    ******S*********S*********S*********S*T*******S*T*******SI
           I    ******S*********S*********S*********S*T*******S*T*******SI
      25.28I    ******S*********S*********S*********S*T*******S*T*******SI     25.28
           I   *******S*********S*********S*********S*T*******S*T*******SI
           I   *******S*********S*********S*********S*T*******S*T*******SI
           I   *******S*********S*********S*********S*T*******S*T*******SI
      22.82I   *******S*********S*********S*********S*T*******S*T*******SI     22.82
           I   *******S*********S*********S*********S*T*******S*T*******SI
           I   *******S*********S*********S*********S*T*******S*T*******SI
           I   *******S*********S*********S*********S*T*******S*T*******SI
      20.36I  ********S*********S*********S*********S*T*******S*T*******SI     20.36
           I  ********S*********S*********S*********S*T*******S*T*******SI
           I  ********S*********S*********S*********S*T*******S*T*******SI
           I *********S*********S*********S*********S*T*******S*T*******SI
      17.90I**********S*********S*********S*********S*T*******S*T*******SI     17.90
 ++++++++++I+++++++++++++++++++++++++++++++++++++++++++++++++++++++++++++I
            S=SEASONAL FREQUENCIES, T=TRADING DAY FREQUENCIES
        bps_permits 22660            PAGE  21, SERIES bps_permits_addi
 G 1  10*LOG(SPECTRUM) of the differenced seasonally adjusted 
      data (Table E2).  Spectrum estimated from 2018.Jul to 2026.Jun.
 ++++++++++I+++++++++++++++++++++++++++++++++++++++++++++++++++++++++++++I
      46.84I                                                         *   I     46.84
           I                                                         *   I
           I                                                         *   I
           I                                                         *   I
      44.63I                                                         *   I     44.63
           I                                           *             *   I
           I                                           *             *   I
           I                                   *       *             *   I
      42.42I                                   *       *             *   I     42.42
           I                                   *       *            **   I
           I                                   *       *            **   I
           I                                   **      *            **   I
      40.21I                                   **      *            ***  I     40.21
           I                                   **      **           ***  I
           I                                   **      **           ***  I
           I                                   **      **           ***  I
      38.00I                                  ***      **          ****  I     38.00
           I                                  ***      **        * ****  I
           I                         *        ***      **       T******  I
           I                         *        ***     T**       T******* I
      35.80I                         **       ***     T**       T******* I     35.80
           I               *         **       ****    T***     *T*******SI
           I               *         ***     *****    T***     *T*******SI
           I              **        ****     *****    T***     *T*******SI
      33.59I              ***       ****     *****    T****   S*T*******SI     33.59
           I              ***       *****    *****   *T*******S*T*******SI
           I             *****      *****   *******  *T*******S*T*******SI
           I             *****      *****   *******  *T*******S*T*******SI
      31.38I            *******     ******  ********S*T*******S*T*******SI     31.38
           I            *******     ****** *********S*T*******S*T*******SI
           I       *    *******    *******S*********S*T*******S*T*******SI
           I       *    ********   *******S*********S*T*******S*T*******SI
      29.17I      **   *********   *******S*********S*T*******S*T*******SI     29.17
           I      **   *********   *******S*********S*T*******S*T*******SI
           I      **   *********S  *******S*********S*T*******S*T*******SI
           I      ***  *********S ********S*********S*T*******S*T*******SI
      26.97I      *** S*********S*********S*********S*T*******S*T*******SI     26.97
           I      ****S*********S*********S*********S*T*******S*T*******SI
           I     *****S*********S*********S*********S*T*******S*T*******SI
           I     *****S*********S*********S*********S*T*******S*T*******SI
      24.76I     *****S*********S*********S*********S*T*******S*T*******SI     24.76
           I     *****S*********S*********S*********S*T*******S*T*******SI
           I     *****S*********S*********S*********S*T*******S*T*******SI
           I    ******S*********S*********S*********S*T*******S*T*******SI
      22.55I    ******S*********S*********S*********S*T*******S*T*******SI     22.55
           I    ******S*********S*********S*********S*T*******S*T*******SI
           I   *******S*********S*********S*********S*T*******S*T*******SI
           I   *******S*********S*********S*********S*T*******S*T*******SI
      20.34I   *******S*********S*********S*********S*T*******S*T*******SI     20.34
           I  ********S*********S*********S*********S*T*******S*T*******SI
           I  ********S*********S*********S*********S*T*******S*T*******SI
           I  ********S*********S*********S*********S*T*******S*T*******SI
      18.14I**********S*********S*********S*********S*T*******S*T*******SI     18.14
 ++++++++++I+++++++++++++++++++++++++++++++++++++++++++++++++++++++++++++I
            S=SEASONAL FREQUENCIES, T=TRADING DAY FREQUENCIES
        bps_permits 22660            PAGE  22, SERIES bps_permits_addi
 G 2  10*LOG(SPECTRUM) of the Modified Irregular (Table E3).  
      Spectrum estimated from 2018.Jul to 2026.Jun.
 ++++++++++I+++++++++++++++++++++++++++++++++++++++++++++++++++++++++++++I
      40.89I                                                         *   I     40.89
           I                                                         *   I
           I                                                         *   I
           I                                                         *   I
      39.78I                                                         *   I     39.78
           I                                                         *   I
           I                                   *       *             *   I
           I                                   *       *             *   I
      38.66I                                   *       *             *   I     38.66
           I               *                   *       *             *   I
           I               *                   *       *             *   I
           I               *                   *       *             *   I
      37.55I               *                   *       *             *   I     37.55
           I              **                   *       *             *   I
           I              **                   *       *             *   I
           I              **                   *       *             *   I
      36.44I              **                   **      *             *   I     36.44
           I              **                   **      *            **   I
           I              **                   **      *            **   I
           I              ***                  **      *            **   I
      35.32I              ***                  **      *            **   I     35.32
           I              ***                  **      *            **   I
           I            *****                  **      *            **   I
           I            *****        **        **      **           ***  I
      34.21I            ******       **       ***      **           ***  I     34.21
           I            ******       **       ***      **           ***  I
           I            ******       **       ***      **           ***  I
           I            ******       **       ***      **           ***  I
      33.10I            ******      ***       ***      **           ***  I     33.10
           I           ********     ****      ***      **           ***  I
           I           ********     ****      ***      **          ****  I
           I      *    ********     ****      ***      **          ****  I
      31.99I      *    ********     ****      ***      **          ****  I     31.99
           I      *    ********     ****      ***      **        * ****  I
           I      *    ********     ****      ***     T**        ******  I
           I      *    ********     ****     *****    T**       T******  I
      30.87I      *    ********     ****     *****    T**       T******  I     30.87
           I*     *    ********     ****     *****    T**       T******* I
           I**   **    ********    ******    *****    T***      T******* I
           I**   **    ********    ******    *****    T***      T******* I
      29.76I**   **    ********    ******    *****    T***      T******* I     29.76
           I**   **    *********   ******   ******    T***      T*******SI
           I**   **    *********   ******   ******    T***     *T*******SI
           I***  **    *********   *******  ******    T***     *T*******SI
      28.65I***  ***  S*********   ******* *******    T****    *T*******SI     28.65
           I***  ***  S*********   *******S*******    T****    *T*******SI
           I***  ***  S*********   *******S********   T****    *T*******SI
           I*** ****  S*********   *******S********  *T****   S*T*******SI
      27.53I********  S*********  ********S********  *T*****  S*T*******SI     27.53
           I********  S*********  ********S********  *T*****  S*T*******SI
           I********  S*********S ********S********  *T*******S*T*******SI
           I********  S*********S ********S********* *T*******S*T*******SI
      26.42I**********S*********S*********S*********S*T*******S*T*******SI     26.42
 ++++++++++I+++++++++++++++++++++++++++++++++++++++++++++++++++++++++++++I
            S=SEASONAL FREQUENCIES, T=TRADING DAY FREQUENCIES
        bps_permits 22660            PAGE  23, SERIES bps_permits_addi

  Peak probabilities for Tukey spectrum estimator
  Spectrum estimated from 2018.Jul to 2026.Jun.

                                          S1       S2       S3       S4       S5       S6       TD
                                        ------   ------   ------   ------   ------   ------   ------
  Model Residuals                        0.583    0.282    0.408    0.088    0.067    0.130    0.985* 
  Original Series (Table A1 or B1)       0.347    0.685    0.476    0.118    0.978*   0.550    0.112  
  Seasonally adjusted series (E2)        0.225    0.279    0.204    0.441    0.710    0.113    0.953* 
  Modified Irregular (E3)                0.312    0.225    0.235    0.453    0.718    0.116    0.954* 
  ----------
     ** - Peak Probability > 0.99,
      * - 0.90 < Peak Probability < 0.99


