  Reading input spec file from D:\Programming\Dynamic Paper-dlrhcs_replication\outputs\empirical\unemployment\raw_sa_pilot\x13_work\bps_permits_additive_level_41140_200401_202606.spc

1

               U. S. Department of Commerce, U. S. Census Bureau

              X-13ARIMA-SEATS monthly seasonal adjustment Method,
                          Release Version 1.1 Build 62


           This software application provides an enhanced version of
             Statistics Canada's X-11-ARIMA extension (Dagum, 1980)
                 of the X-11 variant of the Census Method II of
                      Shiskin, Young and Musgrave (1967).

            It also provides an ARIMA model-based method following
       Hillmer and Tiao (1982) and Burman (1980) that is very similar
       to the update of the method of SEATS (Gomez and Maravall, 1996)
                produced at the Bank of Spain by G. Caporello and
               A. Maravall for TSW (Caporello and Maravall, 2004).
          The present application includes additional enhancements.

         X-13ARIMA-SEATS includes an automatic ARIMA model selection procedure
          based largely on the procedure of Gomez and Maravall (1998)
            as implemented in TRAMO (1996) and subsequent revisions.

              Primary Programmers: Brian Monsell, Mark Otto and,
                 for the ARIMA model-based signal extraction,
                      Gianluca Caporello and Victor Gomez


     Series Title- bps_permits 41140
     Series Name- bps_permits_addi
     Jul 29, 2026  08.34.12 

        -Period covered-  1st month,2004 to  6th month,2026
        -Type of run - additive seasonal adjustment

        -Sigma limits for graduating extreme values are  1.5 and  2.5 .
        -3x3 moving average used in section 1 of each iteration, 
         3x5 moving average in section 2 of iterations B and C,
         moving average for final seasonal factors chosen by Global MSR.
        -Holiday adjustment factors applied directly to the final seasonally adjusted series
        -Spectral plots generated for selected series
        -Spectral plots generated for series starting in 2018.Jul

 FILE SAVE REQUESTS (* indicates file exists and will be overwritten)
  D:\Programming\Dynamic Paper-dlrhcs_replication\outputs\empirical\unemployment\raw_sa_pilot\x13_work\bps_permits_additive_level_41140_200401_202606.d10  final seasonal factors
  D:\Programming\Dynamic Paper-dlrhcs_replication\outputs\empirical\unemployment\raw_sa_pilot\x13_work\bps_permits_additive_level_41140_200401_202606.d11  final seasonally adjusted data
  D:\Programming\Dynamic Paper-dlrhcs_replication\outputs\empirical\unemployment\raw_sa_pilot\x13_work\bps_permits_additive_level_41140_200401_202606.out  program output file
  D:\Programming\Dynamic Paper-dlrhcs_replication\outputs\empirical\unemployment\raw_sa_pilot\x13_work\bps_permits_additive_level_41140_200401_202606.err  program error file
        bps_permits 41140            PAGE   1, SERIES bps_permits_addi

     Contents of spc file D:\Programming\Dynamic Paper-dlrhcs_replication\outputs\empirical\unemployment\raw_sa_pilot\x13_work\bps_permits_additive_level_41140_200401_202606.spc

 Line #
 ------
      1: series {
      2:   title = "bps_permits 41140"
      3:   start = 2004.1
      4:   period = 12
      5:   data = (
      6: 13
      7: 8
      8: 28
      9: 27
     10: 21
     11: 23
     12: 15
     13: 14
     14: 6
     15: 14
     16: 13
     17: 9
     18: 9
     19: 12
     20: 21
     21: 23
     22: 10
     23: 16
     24: 9
     25: 16
     26: 21
     27: 21
     28: 23
     29: 13
     30: 12
     31: 7
     32: 21
     33: 26
     34: 13
     35: 12
     36: 12
     37: 9
     38: 14
     39: 8
     40: 14
     41: 3
     42: 4
     43: 9
     44: 13
     45: 22
     46: 6
     47: 10
     48: 4
     49: 12
     50: 9
     51: 18
     52: 6
     53: 2
     54: 3
     55: 3
     56: 6
     57: 7
     58: 7
     59: 5
     60: 5
     61: 9
     62: 7
     63: 5
     64: 6
     65: 3
     66: 4
     67: 6
     68: 3
     69: 4
     70: 10
     71: 4
     72: 17
     73: 5
     74: 7
     75: 11
     76: 6
     77: 2
     78: 1
     79: 1
     80: 5
     81: 12
     82: 11
     83: 12
     84: 5
     85: 5
     86: 26
     87: 5
     88: 16
     89: 5
     90: 3
     91: 6
     92: 11
     93: 2
     94: 13
     95: 8
     96: 3
     97: 7
     98: 7
     99: 7
    100: 12
    101: 7
    102: 4
    103: 11
    104: 4
    105: 12
    106: 6
    107: 9
    108: 6
    109: 5
    110: 10
    111: 11
    112: 5
    113: 6
    114: 9
    115: 7
    116: 0
    117: 7
    118: 10
    119: 7
    120: 14
    121: 9
    122: 2
    123: 9
    124: 4
    125: 1
    126: 3
    127: 2
    128: 6
    129: 6
    130: 7
    131: 3
    132: 6
    133: 7
    134: 9
    135: 7
    136: 5
    137: 0
    138: 0
    139: 0
    140: 0
    141: 0
    142: 0
    143: 0
    144: 0
    145: 1
    146: 0
    147: 0
    148: 0
    149: 0
    150: 0
    151: 0
    152: 0
    153: 0
    154: 0
    155: 0
    156: 0
    157: 0
    158: 0
    159: 0
    160: 0
    161: 0
    162: 0
    163: 0
    164: 0
    165: 0
    166: 0
    167: 0
    168: 0
    169: 0
    170: 0
    171: 0
    172: 1
    173: 0
    174: 0
    175: 0
    176: 0
    177: 0
    178: 0
    179: 1
    180: 0
    181: 0
    182: 0
    183: 0
    184: 0
    185: 0
    186: 0
    187: 0
    188: 0
    189: 0
    190: 0
    191: 0
    192: 0
    193: 0
    194: 0
    195: 0
    196: 0
    197: 0
    198: 1
    199: 0
    200: 0
    201: 0
    202: 1
    203: 0
    204: 0
    205: 0
    206: 0
    207: 0
    208: 0
    209: 0
    210: 0
    211: 0
    212: 1
    213: 0
    214: 0
    215: 0
    216: 0
    217: 0
    218: 1
    219: 1
    220: 0
    221: 0
    222: 8
    223: 5
    224: 13
    225: 8
    226: 8
    227: 5
    228: 7
    229: 6
    230: 7
    231: 11
    232: 6
    233: 3
    234: 3
    235: 7
    236: 7
    237: 10
    238: 6
    239: 9
    240: 8
    241: 4
    242: 7
    243: 11
    244: 17
    245: 7
    246: 6
    247: 5
    248: 12
    249: 5
    250: 5
    251: 11
    252: 8
    253: 5
    254: 8
    255: 4
    256: 4
    257: 6
    258: 6
    259: 5
    260: 4
    261: 12
    262: 6
    263: 7
    264: 9
    265: 4
    266: 7
    267: 5
    268: 2
    269: 2
    270: 3
    271: 4
    272: 5
    273: 4
    274: 3
    275: 4
    276:   )
    277: }
    278: transform { function = none }
    279: regression { aictest = (td easter) }
    280: automdl {}
    281: x11 { mode = add save = (d10 d11) }
        bps_permits 41140            PAGE   2, SERIES bps_permits_addi

 A 1  Time series data (for the span analyzed)
  From  2004.Jan to 2026.Jun
  Observations        270
 -----------------------------------------------------------------------------
               Jan      Feb      Mar      Apr      May      Jun 
               Jul      Aug      Sep      Oct      Nov      Dec        TOTAL  
 -----------------------------------------------------------------------------
  2004          13.       8.      28.      27.      21.      23.
                15.      14.       6.      14.      13.       9.          191.
 
  2005           9.      12.      21.      23.      10.      16.
                 9.      16.      21.      21.      23.      13.          194.
 
  2006          12.       7.      21.      26.      13.      12.
                12.       9.      14.       8.      14.       3.          151.
 
  2007           4.       9.      13.      22.       6.      10.
                 4.      12.       9.      18.       6.       2.          115.
 
  2008           3.       3.       6.       7.       7.       5.
                 5.       9.       7.       5.       6.       3.           66.
 
  2009           4.       6.       3.       4.      10.       4.
                17.       5.       7.      11.       6.       2.           79.
 
  2010           1.       1.       5.      12.      11.      12.
                 5.       5.      26.       5.      16.       5.          104.
 
  2011           3.       6.      11.       2.      13.       8.
                 3.       7.       7.       7.      12.       7.           86.
 
  2012           4.      11.       4.      12.       6.       9.
                 6.       5.      10.      11.       5.       6.           89.
 
  2013           9.       7.       0.       7.      10.       7.
                14.       9.       2.       9.       4.       1.           79.
 
  2014           3.       2.       6.       6.       7.       3.
                 6.       7.       9.       7.       5.       0.           61.
 
  2015           0.       0.       0.       0.       0.       0.
                 0.       1.       0.       0.       0.       0.            1.
 
  2016           0.       0.       0.       0.       0.       0.
                 0.       0.       0.       0.       0.       0.            0.
 
  2017           0.       0.       0.       0.       0.       0.
                 0.       0.       0.       0.       1.       0.            1.
 
  2018           0.       0.       0.       0.       0.       1.
                 0.       0.       0.       0.       0.       0.            1.
 
  2019           0.       0.       0.       0.       0.       0.
                 0.       0.       0.       0.       0.       0.            0.
 
  2020           1.       0.       0.       0.       1.       0.
                 0.       0.       0.       0.       0.       0.            2.
 
  2021           0.       0.       1.       0.       0.       0.
                 0.       0.       1.       1.       0.       0.            3.
 
  2022           8.       5.      13.       8.       8.       5.
                 7.       6.       7.      11.       6.       3.           87.
 
  2023           3.       7.       7.      10.       6.       9.
                 8.       4.       7.      11.      17.       7.           96.
 
  2024           6.       5.      12.       5.       5.      11.
                 8.       5.       8.       4.       4.       6.           79.
 
  2025           6.       5.       4.      12.       6.       7.
                 9.       4.       7.       5.       2.       2.           69.
 
  2026           3.       4.       5.       4.       3.       4.
                                                                           23.
 
  AVGE           4.       4.       7.       8.       6.       6.
                 6.       5.       7.       7.       6.       3.

  Table Total-        1577.   Mean-         6.   Std. Dev.-         6.
                              Min -         0.        Max -        28.
        bps_permits 41140            PAGE   3, SERIES bps_permits_addi
                        Automatic ARIMA Model Selection

                    Procedure based closely on TRAMO method 
                         of Gomez and Maravall (2000)
              "Automatic Modeling Methods for Univariate Series",
                            A Course in Time Series
                  (Edited by D. Pena, G. C. Tiao, R. S. Tsay),
                         New York : J. Wiley and Sons


     Maximum order for regular ARMA parameters :   2
     Maximum order for seasonal ARMA parameters :   1
     Maximum order for regular differencing :   2
     Maximum order for seasonal differencing :   1

   Results of Unit Root Test for identifying orders of differencing:
     Regular difference order :   0
     Seasonal difference order :   0

  Automatic model choice : (1 0 1)(1 0 1)


  Final Checks for Identified Model


  Checking for Unit Roots.
   Regular unit root found.
   ( 0, 1, 1) ( 1, 0, 1)
  Constant term removed from model

  Checking for nonseasonal overdifferencing.
   Nonseasonal MA not within  0.001 of 1.0 - model passes test.

  Checking for insignificant ARMA coefficients.

  Final automatic model choice : (0 1 1)(1 0 1)
   End of automatic model selection procedure.

 Average absolute percentage error in within-sample forecasts:
  Last year:  81.84      Last-1 year:  57.97     Last-2 year:  37.00
  Last three years:   58.94

 Estimation converged in    0 ARMA iterations,   21 function evaluations.

 ARIMA Model:  (0 1 1)(1 0 1)
   Nonseasonal differences: 1
                                              Standard
 Parameter                    Estimate          Errors
 -----------------------------------------------------
 Seasonal AR                                       
   Lag 12                       0.5655         0.05122

 Nonseasonal MA                                    
   Lag  1                       0.7973         0.03462

 Seasonal MA                                       
   Lag 12                       0.3255         0.01413

 Variance                       0.14601E+02
 SE of Var                      0.12590E+01
 -----------------------------------------------------

 Likelihood Statistics
 ------------------------------------------------------------------
 Number of observations (nobs)                                  270
 Effective number of observations (nefobs)                      269
 Number of parameters estimated (np)                              4
 Log likelihood (L)                                       -743.3347
 AIC                                                      1494.6694 
 AICC (F-corrected-AIC)                                   1494.8209 
 Hannan Quinn                                             1500.4439 
 BIC                                                      1509.0482 
 ------------------------------------------------------------------

 QS Statistic for regARIMA Model Residuals (full series):             0.00
                                                       (P-Value =     1.0000)

 QS Statistic for regARIMA Model Residuals (starting 2018.Jul):       0.00
                                                       (P-Value =     1.0000)
      10*LOG(SPECTRUM) of the regARIMA model residuals
      Spectrum estimated from 2018.Jul to 2026.Jun.
 ++++++++++I+++++++++++++++++++++++++++++++++++++++++++++++++++++++++++++I
      15.13I                                                       *     I     15.13
           I                                                       *     I
           I                                                       *     I
           I                                                       *     I
      13.92I                 *                                     *     I     13.92
           I       *         *                                     *     I
           I       *         **                                    *     I
           I      **         **                                    *     I
      12.72I      **         **                                    *     I     12.72
           I      **         **                                    *     I
           I      **         **                                    *     I
           I      **         **                 *                  *     I
      11.52I      **         **                 *                  *     I     11.52
           I      **         **        *        *                  *     I
           I      **         **        *        *                  *     I
           I **   **         **        *        *                  *     I
      10.31I***   **         **        **       *                  *     I     10.31
           I***   **         **        **       **                 *     I
           I***   **         ***       **       **                 *     I
           I***   **         ***       **       **                 *     I
       9.11I****  **    *    ***      ***       **                 *     I      9.11
           I****  **    *   ****      ***       **                 *     I
           I**** ***    *   ****      ***       **           *    **     I
           I**** ***    *   ****      ***      ***           *    **     I
       7.91I********    *   ****      ****     ***           *    **     I      7.91
           I********    *   ****      ****     ***           *    **     I
           I********    *   ****      ****     ***           *    ***    I
           I********   **   ****      ****     ***          **    ***    I
       6.70I********   **   ****      ****   ******         **    ***    I      6.70
           I*********  **   ****      ****  *******         **    ***    I
           I*********  **   ****      ****  *******       * **    ***    I
           I*********  ***  ****      ****S********      ** **    ***    I
       5.50I*********  ***  ****      ****S*********     ** **    ***    I      5.50
           I*********  ***  ****      ****S*********     *****    ***    I
           I*********  *** *****S    *****S*********S    *****    ***    I
           I*********  *** *****S    *****S*********S    *****    ****   I
       4.30I*********  *** *****S    *****S*********S    *****    ****   I      4.30
           I********* S*********S    *****S*********S    *****    ****   I
           I**********S*********S    *****S*********S    *****    ****   I
           I**********S*********S    *****S*********S*   *****    ****   I
       3.09I**********S*********S    *****S*********S*   *****S   *****  I      3.09
           I**********S*********S    *****S*********S*   *****S   *****  I
           I**********S*********S    *****S*********S*  ******S   *****  I
           I**********S*********S    *****S*********S*  ******S   *****  I
       1.89I**********S*********S    *****S*********S*  ******S   *****  I      1.89
           I**********S*********S    *****S*********S*  ******S   ****** I
           I**********S*********S*  ******S*********S*  ******S  ******* I
           I**********S*********S*  ******S*********S*T ******S  *******SI
       0.69I**********S*********S*  ******S*********S*T ******S  *******SI      0.69
           I**********S*********S*  ******S*********S*T*******S* *******SI
           I**********S*********S*  ******S*********S*T*******S* *******SI
           I**********S*********S*  ******S*********S*T*******S* *******SI
      -0.52I**********S*********S*********S*********S*T*******S*T*******SI     -0.52
 ++++++++++I+++++++++++++++++++++++++++++++++++++++++++++++++++++++++++++I
            S=SEASONAL FREQUENCIES, T=TRADING DAY FREQUENCIES


 FORECASTING
  Origin  2026.Jun
  Number        12

  Forecasts and Standard Errors
   ------------------------------
                         Standard
       Date   Forecast      Error
   ------------------------------
   2026.Jul       4.64      3.821
   2026.Aug       3.09      3.899
   2026.Sep       4.14      3.975
   2026.Oct       3.48      4.050
   2026.Nov       2.87      4.123
   2026.Dec       2.74      4.195
   2027.Jan       2.98      4.266
   2027.Feb       3.14      4.336
   2027.Mar       3.50      4.404
   2027.Apr       3.72      4.472
   2027.May       2.98      4.539
   2027.Jun       3.47      4.604
   ------------------------------

  Confidence intervals with coverage probability ( 0.95000
   ---------------------------------------
       Date      Lower  Forecast     Upper
   ---------------------------------------
   2026.Jul      -2.85      4.64     12.13
   2026.Aug      -4.55      3.09     10.74
   2026.Sep      -3.65      4.14     11.93
   2026.Oct      -4.46      3.48     11.42
   2026.Nov      -5.21      2.87     10.95
   2026.Dec      -5.48      2.74     10.97
   2027.Jan      -5.38      2.98     11.34
   2027.Feb      -5.36      3.14     11.64
   2027.Mar      -5.13      3.50     12.14
   2027.Apr      -5.04      3.72     12.49
   2027.May      -5.92      2.98     11.88
   2027.Jun      -5.56      3.47     12.49
   ---------------------------------------
        bps_permits 41140            PAGE   4, SERIES bps_permits_addi

 B 1  Original series (prior adjusted)
  From  2004.Jan to 2026.Jun
  Observations        270
 -----------------------------------------------------------------------------
               Jan      Feb      Mar      Apr      May      Jun 
               Jul      Aug      Sep      Oct      Nov      Dec        TOTAL  
 -----------------------------------------------------------------------------
  2004          13.       8.      28.      27.      21.      23.
                15.      14.       6.      14.      13.       9.          191.
 
  2005           9.      12.      21.      23.      10.      16.
                 9.      16.      21.      21.      23.      13.          194.
 
  2006          12.       7.      21.      26.      13.      12.
                12.       9.      14.       8.      14.       3.          151.
 
  2007           4.       9.      13.      22.       6.      10.
                 4.      12.       9.      18.       6.       2.          115.
 
  2008           3.       3.       6.       7.       7.       5.
                 5.       9.       7.       5.       6.       3.           66.
 
  2009           4.       6.       3.       4.      10.       4.
                17.       5.       7.      11.       6.       2.           79.
 
  2010           1.       1.       5.      12.      11.      12.
                 5.       5.      26.       5.      16.       5.          104.
 
  2011           3.       6.      11.       2.      13.       8.
                 3.       7.       7.       7.      12.       7.           86.
 
  2012           4.      11.       4.      12.       6.       9.
                 6.       5.      10.      11.       5.       6.           89.
 
  2013           9.       7.       0.       7.      10.       7.
                14.       9.       2.       9.       4.       1.           79.
 
  2014           3.       2.       6.       6.       7.       3.
                 6.       7.       9.       7.       5.       0.           61.
 
  2015           0.       0.       0.       0.       0.       0.
                 0.       1.       0.       0.       0.       0.            1.
 
  2016           0.       0.       0.       0.       0.       0.
                 0.       0.       0.       0.       0.       0.            0.
 
  2017           0.       0.       0.       0.       0.       0.
                 0.       0.       0.       0.       1.       0.            1.
 
  2018           0.       0.       0.       0.       0.       1.
                 0.       0.       0.       0.       0.       0.            1.
 
  2019           0.       0.       0.       0.       0.       0.
                 0.       0.       0.       0.       0.       0.            0.
 
  2020           1.       0.       0.       0.       1.       0.
                 0.       0.       0.       0.       0.       0.            2.
 
  2021           0.       0.       1.       0.       0.       0.
                 0.       0.       1.       1.       0.       0.            3.
 
  2022           8.       5.      13.       8.       8.       5.
                 7.       6.       7.      11.       6.       3.           87.
 
  2023           3.       7.       7.      10.       6.       9.
                 8.       4.       7.      11.      17.       7.           96.
 
  2024           6.       5.      12.       5.       5.      11.
                 8.       5.       8.       4.       4.       6.           79.
 
  2025           6.       5.       4.      12.       6.       7.
                 9.       4.       7.       5.       2.       2.           69.
 
  2026           3.       4.       5.       4.       3.       4.
                                                                           23.
 
  AVGE           4.       4.       7.       8.       6.       6.
                 6.       5.       7.       7.       6.       3.

  Table Total-        1577.   Mean-         6.   Std. Dev.-         6.
                              Min -         0.        Max -        28.

 B 1.A  Forecasts of (prior adjusted) original series
  From  2026.Jul to 2027.Jun
  Observations         12
 -----------------------------------------------------------------------------
               Jan      Feb      Mar      Apr      May      Jun 
               Jul      Aug      Sep      Oct      Nov      Dec        TOTAL  
 -----------------------------------------------------------------------------
  2026                                                          
                 5.       3.       4.       3.       3.       3.           21.
 
  2027           3.       3.       4.       4.       3.       3.
                                                                           20.
 
        bps_permits 41140            PAGE   5, SERIES bps_permits_addi

 C 17  Final weights for irregular component
  From  2004.Jan to 2026.Jun
  Observations        270
  Lower sigma limit    1.50
  Upper sigma limit    2.50
 -----------------------------------------------------------------------------
               Jan      Feb      Mar      Apr      May      Jun 
               Jul      Aug      Sep      Oct      Nov      Dec         S.D.  
 -----------------------------------------------------------------------------
  2004         100.       0.     100.     100.      97.     100.
               100.     100.       0.     100.     100.     100.          252.
 
  2005         100.     100.     100.     100.     100.     100.
                99.     100.     100.     100.     100.     100.          252.
 
  2006         100.       8.     100.     100.     100.     100.
               100.     100.     100.     100.     100.     100.          252.
 
  2007         100.     100.     100.      24.     100.     100.
               100.     100.     100.       0.     100.     100.          247.
 
  2008         100.     100.     100.     100.     100.     100.
               100.     100.     100.     100.     100.     100.          270.
 
  2009         100.     100.     100.      38.     100.     100.
                 0.     100.     100.     100.     100.     100.          286.
 
  2010         100.     100.     100.     100.     100.     100.
               100.      87.       0.       0.      99.     100.          280.
 
  2011         100.     100.     100.       0.     100.     100.
               100.     100.     100.     100.     100.     100.          301.
 
  2012         100.     100.     100.     100.     100.     100.
               100.     100.     100.     100.     100.     100.          282.
 
  2013          68.     100.       0.     100.     100.     100.
                 0.     100.      19.     100.     100.     100.          241.
 
  2014         100.     100.     100.     100.     100.     100.
               100.     100.     100.     100.     100.     100.          188.
 
  2015         100.     100.     100.     100.     100.     100.
               100.     100.     100.     100.     100.     100.          156.
 
  2016         100.     100.     100.     100.     100.     100.
               100.     100.     100.     100.     100.     100.           79.
 
  2017         100.     100.     100.     100.     100.     100.
               100.     100.     100.     100.      50.     100.           43.
 
  2018         100.     100.     100.     100.     100.      84.
               100.     100.     100.     100.     100.     100.           37.
 
  2019         100.     100.     100.     100.     100.     100.
               100.     100.     100.     100.     100.     100.           49.
 
  2020         100.     100.     100.     100.     100.     100.
               100.     100.     100.     100.     100.     100.          101.
 
  2021         100.     100.     100.     100.     100.     100.
               100.     100.     100.     100.      98.     100.          124.
 
  2022           0.     100.       0.     100.     100.      69.
               100.     100.     100.       0.     100.     100.          154.
 
  2023         100.     100.     100.     100.     100.     100.
               100.     100.     100.     100.       0.     100.          174.
 
  2024         100.     100.      45.      65.     100.      64.
               100.     100.     100.      99.     100.     100.          172.
 
  2025         100.     100.      27.       0.     100.     100.
               100.     100.     100.     100.     100.     100.          164.
 
  2026         100.     100.     100.     100.     100.     100.
                                                                          164.
 
        bps_permits 41140            PAGE   6, SERIES bps_permits_addi

 D 8  Final unmodified SI ratios
  From  2004.Jan to 2026.Jun
  Observations        270
 -----------------------------------------------------------------------------
               Jan      Feb      Mar      Apr      May      Jun 
               Jul      Aug      Sep      Oct      Nov      Dec         AVGE  
 -----------------------------------------------------------------------------
  2004          -8.     -13.       8.       7.       2.       4.
                -3.      -3.     -10.      -1.      -1.      -5.           -2.
 
  2005          -4.      -1.       7.       9.      -5.       0.
                -7.      -1.       4.       3.       5.      -5.            0.
 
  2006          -6.     -10.       5.      10.      -2.      -2.
                -1.      -3.       3.      -2.       4.      -7.           -1.
 
  2007          -5.      -0.       4.      13.      -3.       1.
                -5.       4.       1.      11.      -1.      -4.            1.
 
  2008          -3.      -2.       1.       2.       2.      -0.
                -0.       3.       1.      -1.       0.      -3.           -0.
 
  2009          -2.       0.      -3.      -2.       4.      -1.
                12.      -0.       2.       6.       1.      -3.            1.
 
  2010          -5.      -5.      -2.       5.       3.       4.
                -4.      -4.      17.      -4.       6.      -4.            1.
 
  2011          -6.      -3.       2.      -6.       5.       0.
                -5.      -1.      -1.      -1.       4.      -1.           -1.
 
  2012          -4.       3.      -4.       4.      -2.       2.
                -1.      -2.       3.       4.      -2.      -2.           -0.
 
  2013           1.      -1.      -8.      -1.       3.      -0.
                 7.       3.      -4.       4.      -1.      -4.           -0.
 
  2014          -2.      -3.       1.       1.       2.      -3.
                 0.       2.       4.       2.       1.      -3.            0.
 
  2015          -2.      -2.      -1.      -0.       0.       0.
                 0.       1.       0.       0.      -0.      -0.           -0.
 
  2016          -0.      -0.      -0.      -0.      -0.       0.
                 0.       0.       0.       0.       0.       0.           -0.
 
  2017          -0.      -0.      -0.      -0.      -0.      -0.
                -0.      -0.      -0.      -0.       1.      -0.            0.
 
  2018          -0.      -0.      -0.      -0.      -0.       1.
                -0.      -0.      -0.      -0.      -0.      -0.           -0.
 
  2019           0.       0.       0.       0.       0.       0.
                -0.      -0.      -0.      -0.      -0.      -0.           -0.
 
  2020           1.      -0.      -0.      -0.       1.      -0.
                -0.      -0.      -0.      -0.      -0.      -0.            0.
 
  2021          -0.       0.       1.       0.       0.       0.
                 0.      -0.       0.      -0.      -2.      -3.           -0.
 
  2022           4.       1.       8.       2.       2.      -2.
                 0.      -1.       1.       5.      -0.      -3.            1.
 
  2023          -3.       1.       1.       3.      -1.       2.
                 1.      -3.      -1.       3.       9.      -1.            1.
 
  2024          -1.      -2.       5.      -2.      -2.       5.
                 2.      -1.       2.      -2.      -2.      -0.            0.
 
  2025          -0.      -1.      -2.       6.      -0.       1.
                 3.      -2.       2.       0.      -3.      -2.            0.
 
  2026          -1.       0.       1.       1.      -0.       1.
                                                                            0.
 
  AVGE          -2.      -2.       1.       2.       0.       1.
                 0.      -0.       1.       1.       1.      -2.

  Table Total-          23.   Mean-         0.   Std. Dev.-         3.
                              Min -       -13.        Max -        17.
        bps_permits 41140            PAGE   7, SERIES bps_permits_addi

 D 8.B  Final unmodified SI ratios, with labels for outliers and extreme values
  From  2004.Jan to 2026.Jun
  Observations        270
 ---------------------------------------------------------------------
               Jan       Feb       Mar       Apr       May       Jun  
               Jul       Aug       Sep       Oct       Nov       Dec  
 ---------------------------------------------------------------------
  2004         -8.      -13.*       8.        7.        2.*       4.  
               -3.       -3.      -10.*      -1.       -1.       -5.  
 
  2005         -4.       -1.        7.        9.       -5.        0.  
               -7.*      -1.        4.        3.        5.       -5.  
 
  2006         -6.      -10.*       5.       10.       -2.       -2.  
               -1.       -3.        3.       -2.        4.       -7.  
 
  2007         -5.       -0.        4.       13.*      -3.        1.  
               -5.        4.        1.       11.*      -1.       -4.  
 
  2008         -3.       -2.        1.        2.        2.       -0.  
               -0.        3.        1.       -1.        0.       -3.  
 
  2009         -2.        0.       -3.       -2.*       4.       -1.  
               12.*      -0.        2.        6.        1.       -3.  
 
  2010         -5.       -5.       -2.        5.        3.        4.  
               -4.       -4.*      17.*      -4.*       6.*      -4.  
 
  2011         -6.       -3.        2.       -6.*       5.        0.  
               -5.       -1.       -1.       -1.        4.       -1.  
 
  2012         -4.        3.*      -4.        4.       -2.        2.  
               -1.       -2.        3.        4.       -2.       -2.  
 
  2013          1.*      -1.       -8.*      -1.        3.       -0.  
                7.*       3.       -4.*       4.       -1.       -4.  
 
  2014         -2.       -3.        1.        1.        2.       -3.  
                0.        2.        4.        2.        1.       -3.  
 
  2015         -2.       -2.       -1.       -0.        0.        0.  
                0.        1.        0.        0.       -0.       -0.  
 
  2016         -0.       -0.       -0.       -0.       -0.        0.  
                0.        0.        0.        0.        0.        0.  
 
  2017         -0.       -0.       -0.       -0.       -0.       -0.  
               -0.       -0.       -0.       -0.        1.*      -0.  
 
  2018         -0.       -0.       -0.       -0.       -0.        1.* 
               -0.       -0.       -0.       -0.       -0.       -0.  
 
  2019          0.        0.        0.        0.        0.        0.  
               -0.       -0.       -0.       -0.       -0.       -0.  
 
  2020          1.       -0.       -0.       -0.        1.       -0.  
               -0.       -0.       -0.       -0.       -0.       -0.  
 
  2021         -0.        0.        1.        0.        0.        0.  
                0.       -0.        0.       -0.       -2.*      -3.  
 
  2022          4.*       1.        8.*       2.        2.       -2.* 
                0.       -1.        1.        5.*      -0.       -3.  
 
  2023         -3.        1.        1.        3.       -1.        2.  
                1.       -3.       -1.        3.        9.*      -1.  
 
  2024         -1.       -2.        5.*      -2.*      -2.        5.* 
                2.       -1.        2.       -2.*      -2.       -0.  
 
  2025         -0.       -1.       -2.*       6.*      -0.        1.  
                3.       -2.        2.        0.       -3.       -2.  
 
  2026         -1.        0.        1.        1.       -0.        1.  
                                                                      
 

  Key to symbols:
    *  : extreme value as determined by X-11 extreme value procedure
 
        bps_permits 41140            PAGE   8, SERIES bps_permits_addi

 D 9  Final replacement values for SI ratios
  From  2004.Jan to 2026.Jun
  Observations        270
 ---------------------------------------------------------------
               Jan      Feb      Mar      Apr      May      Jun 
               Jul      Aug      Sep      Oct      Nov      Dec 
 ---------------------------------------------------------------
  2004     ********      -6. ******** ********       1. ********
           ******** ********       1. ******** ******** ********
 
  2005     ******** ******** ******** ******** ******** ********
                -7. ******** ******** ******** ******** ********
 
  2006     ********      -5. ******** ******** ******** ********
           ******** ******** ******** ******** ******** ********
 
  2007     ******** ******** ********       8. ******** ********
           ******** ******** ********       2. ******** ********
 
  2008     ******** ******** ******** ******** ******** ********
           ******** ******** ******** ******** ******** ********
 
  2009     ******** ******** ********       2. ******** ********
                -2. ******** ******** ******** ******** ********
 
  2010     ******** ******** ******** ******** ******** ********
           ********      -3.       2.       3.       6. ********
 
  2011     ******** ******** ********       2. ******** ********
           ******** ******** ******** ******** ******** ********
 
  2012     ********       3. ******** ******** ******** ********
           ******** ******** ******** ******** ******** ********
 
  2013          -0. ********      -2. ******** ******** ********
                -1. ********       1. ******** ******** ********
 
  2014     ******** ******** ******** ******** ******** ********
           ******** ******** ******** ******** ******** ********
 
  2015     ******** ******** ******** ******** ******** ********
           ******** ******** ******** ******** ******** ********
 
  2016     ******** ******** ******** ******** ******** ********
           ******** ******** ******** ******** ******** ********
 
  2017     ******** ******** ******** ******** ******** ********
           ******** ******** ******** ********       1. ********
 
  2018     ******** ******** ******** ******** ********       1.
           ******** ******** ******** ******** ******** ********
 
  2019     ******** ******** ******** ******** ******** ********
           ******** ******** ******** ******** ******** ********
 
  2020     ******** ******** ******** ******** ******** ********
           ******** ******** ******** ******** ******** ********
 
  2021     ******** ******** ******** ******** ******** ********
           ******** ******** ******** ********      -2. ********
 
  2022          -0. ********       2. ******** ********      -1.
           ******** ******** ********       1. ******** ********
 
  2023     ******** ******** ******** ******** ******** ********
           ******** ******** ******** ********      -1. ********
 
  2024     ******** ********       3.      -1. ********       3.
           ******** ******** ********      -2. ******** ********
 
  2025     ******** ********       0.       1. ******** ********
           ******** ******** ******** ******** ******** ********
 
  2026     ******** ******** ******** ******** ******** ********
                                                                
 

 D 9.A  Moving seasonality ratio
 ---------------------------------------------------------------
               Jan      Feb      Mar      Apr      May      Jun 
 ---------------------------------------------------------------
   I          1.610    2.252    1.529    1.869    1.910    1.607
   S          0.346    0.322    0.497    0.505    0.405    0.277
 RATIO        4.658    7.005    3.079    3.698    4.717    5.799



 ---------------------------------------------------------------
               Jul      Aug      Sep      Oct      Nov      Dec 
 ---------------------------------------------------------------
   I          1.579    1.812    1.224    2.524    1.960    1.337
   S          0.304    0.340    0.220    0.325    0.396    0.305
 RATIO        5.194    5.326    5.553    7.764    4.953    4.378



        bps_permits 41140            PAGE   9, SERIES bps_permits_addi

 D 10  Final seasonal factors
  From  2004.Jan to 2026.Jun
  Observations        270
  Seasonal filter    3 x 5 moving average
 -----------------------------------------------------------------------------
               Jan      Feb      Mar      Apr      May      Jun 
               Jul      Aug      Sep      Oct      Nov      Dec         AVGE  
 -----------------------------------------------------------------------------
  2004          -6.      -3.       6.       9.      -2.       1.
                -4.      -1.       2.       0.       2.      -5.           -0.
 
  2005          -6.      -3.       6.       8.      -2.       1.
                -4.      -1.       2.       0.       2.      -5.           -0.
 
  2006          -5.      -3.       4.       7.      -1.       0.
                -3.      -0.       2.       1.       2.      -5.            0.
 
  2007          -4.      -2.       3.       6.      -0.       0.
                -3.       0.       2.       1.       2.      -4.            0.
 
  2008          -4.      -2.       1.       5.       1.       0.
                -3.       0.       2.       2.       2.      -4.            0.
 
  2009          -4.      -2.       0.       4.       2.       1.
                -3.      -0.       1.       2.       2.      -3.            0.
 
  2010          -4.      -2.      -1.       3.       3.       1.
                -3.      -0.       1.       2.       2.      -3.            0.
 
  2011          -3.      -1.      -1.       3.       3.       1.
                -2.      -1.       1.       3.       2.      -3.           -0.
 
  2012          -3.      -1.      -1.       2.       2.       0.
                -2.      -0.       1.       2.       1.      -2.           -0.
 
  2013          -3.      -1.      -1.       1.       1.       0.
                -1.       0.       1.       2.       1.      -2.           -0.
 
  2014          -2.      -1.      -1.       1.       1.      -0.
                -0.       1.       1.       2.      -0.      -2.           -0.
 
  2015          -1.      -1.      -0.       0.       1.      -0.
                -0.       1.       1.       1.      -0.      -1.           -0.
 
  2016          -1.      -1.      -0.       0.       0.      -0.
                 0.       1.       1.       1.       0.      -1.           -0.
 
  2017          -0.      -1.      -0.      -0.       0.       0.
                 0.       0.       0.       0.       0.      -0.           -0.
 
  2018          -0.      -0.      -0.      -0.       0.       0.
                 0.       0.      -0.      -0.      -0.      -0.           -0.
 
  2019           0.      -0.       0.       0.       0.       0.
                 0.      -0.       0.      -0.      -0.      -1.           -0.
 
  2020          -0.       0.       0.       1.       0.       0.
                 0.      -0.       0.       0.      -1.      -1.           -0.
 
  2021          -0.      -0.       1.       1.       0.       0.
                 0.      -1.       0.       0.      -1.      -1.           -0.
 
  2022          -1.      -0.       1.       1.       0.       1.
                 1.      -1.       0.       0.      -1.      -2.           -0.
 
  2023          -1.      -0.       1.       1.      -0.       1.
                 1.      -1.       1.       0.      -1.      -2.            0.
 
  2024          -1.      -0.       1.       1.      -0.       1.
                 1.      -2.       1.       0.      -1.      -1.            0.
 
  2025          -1.      -1.       1.       1.      -0.       1.
                 2.      -1.       1.       0.      -1.      -1.            0.
 
  2026          -1.      -1.       1.       1.      -0.       1.
                                                                            0.
 
  AVGE          -2.      -1.       1.       2.       0.       1.
                -1.      -0.       1.       1.       0.      -2.

  Table Total-           1.   Mean-         0.   Std. Dev.-         2.
                              Min -        -6.        Max -         9.

 D 10.A  Final seasonal component forecasts
  From  2026.Jul to 2027.Jun
  Observations         12
 -----------------------------------------------------------------------------
               Jan      Feb      Mar      Apr      May      Jun 
               Jul      Aug      Sep      Oct      Nov      Dec         AVGE  
 -----------------------------------------------------------------------------
  2026                                                          
                 2.      -1.       1.      -0.      -2.      -1.           -0.
 
  2027          -1.      -1.       1.       1.      -0.       1.
                                                                            0.
 
        bps_permits 41140            PAGE  10, SERIES bps_permits_addi

 D 11  Final seasonally adjusted data
  From  2004.Jan to 2026.Jun
  Observations        270
 -----------------------------------------------------------------------------
               Jan      Feb      Mar      Apr      May      Jun 
               Jul      Aug      Sep      Oct      Nov      Dec        TOTAL  
 -----------------------------------------------------------------------------
  2004          19.      11.      22.      18.      23.      22.
                19.      15.       4.      14.      11.      14.          191.
 
  2005          15.      15.      15.      15.      12.      15.
                13.      17.      19.      21.      21.      18.          194.
 
  2006          17.      10.      17.      19.      14.      12.
                15.       9.      12.       7.      12.       8.          150.
 
  2007           8.      11.      10.      16.       6.      10.
                 7.      12.       7.      17.       4.       6.          114.
 
  2008           7.       5.       5.       2.       6.       5.
                 8.       9.       5.       3.       4.       7.           65.
 
  2009           8.       8.       3.      -0.       8.       3.
                20.       5.       6.       9.       4.       5.           79.
 
  2010           5.       3.       6.       9.       8.      11.
                 8.       5.      25.       3.      14.       8.          104.
 
  2011           6.       7.      12.      -1.      10.       7.
                 5.       8.       6.       4.      10.      10.           86.
 
  2012           7.      12.       5.      10.       4.       9.
                 8.       5.       9.       9.       4.       8.           89.
 
  2013          12.       8.       1.       6.       9.       7.
                15.       9.       1.       7.       3.       3.           79.
 
  2014           5.       3.       7.       5.       6.       3.
                 6.       6.       8.       5.       5.       2.           61.
 
  2015           1.       1.       0.      -0.      -1.       0.
                 0.       0.      -1.      -1.       0.       1.            1.
 
  2016           1.       1.       0.      -0.      -0.       0.
                -0.      -1.      -1.      -1.      -0.       1.            0.
 
  2017           0.       1.       0.       0.      -0.      -0.
                -0.      -0.      -0.      -0.       1.       0.            1.
 
  2018           0.       0.       0.       0.      -0.       1.
                -0.      -0.       0.       0.       0.       0.            2.
 
  2019          -0.       0.      -0.      -0.      -0.      -0.
                -0.       0.      -0.       0.       0.       1.            0.
 
  2020           1.      -0.      -0.      -1.       1.      -0.
                -0.       0.      -0.      -0.       1.       1.            2.
 
  2021           0.       0.       0.      -1.      -0.      -0.
                -0.       1.       1.       1.       1.       1.            3.
 
  2022           9.       5.      12.       7.       8.       4.
                 6.       7.       7.      11.       7.       5.           87.
 
  2023           4.       7.       6.       9.       6.       8.
                 7.       5.       6.      11.      18.       9.           96.
 
  2024           7.       5.      11.       4.       5.      10.
                 7.       7.       7.       4.       5.       7.           79.
 
  2025           7.       6.       3.      11.       6.       6.
                 7.       5.       6.       5.       3.       3.           69.
 
  2026           4.       5.       4.       3.       3.       3.
                                                                           22.
 
  AVGE           6.       5.       6.       6.       6.       6.
                 7.       6.       6.       6.       6.       5.

  Table Total-        1576.   Mean-         6.   Std. Dev.-         6.
                              Min -        -1.        Max -        25.
        bps_permits 41140            PAGE  11, SERIES bps_permits_addi

 D 12  Final trend cycle
  From  2004.Jan to 2026.Jun
  Observations        270
  Trend filter    23-term Henderson moving average
  I/C ratio        4.85
 -----------------------------------------------------------------------------
               Jan      Feb      Mar      Apr      May      Jun 
               Jul      Aug      Sep      Oct      Nov      Dec        TOTAL  
 -----------------------------------------------------------------------------
  2004          21.      21.      20.      20.      19.      18.
                18.      17.      16.      15.      14.      14.          213.
 
  2005          13.      13.      14.      14.      15.      15.
                16.      17.      17.      18.      18.      18.          189.
 
  2006          18.      17.      17.      16.      15.      13.
                12.      12.      11.      10.      10.      10.          160.
 
  2007           9.       9.       9.       9.       9.       9.
                 9.       8.       8.       7.       6.       6.          100.
 
  2008           6.       5.       5.       5.       5.       5.
                 6.       6.       6.       6.       6.       6.           67.
 
  2009           6.       6.       6.       6.       6.       6.
                 5.       5.       5.       5.       5.       5.           66.
 
  2010           6.       6.       6.       7.       8.       8.
                 9.       9.       9.      10.      10.       9.           97.
 
  2011           9.       9.       9.       8.       8.       8.
                 7.       7.       7.       8.       8.       8.           96.
 
  2012           8.       8.       8.       8.       8.       7.
                 7.       7.       7.       7.       7.       8.           91.
 
  2013           8.       8.       8.       8.       7.       7.
                 7.       6.       6.       5.       5.       5.           80.
 
  2014           5.       5.       5.       5.       5.       6.
                 6.       6.       5.       5.       4.       3.           59.
 
  2015           2.       1.       1.       0.      -0.      -0.
                -0.      -0.      -0.      -0.       0.       0.            3.
 
  2016           0.       0.       0.       0.       0.      -0.
                -0.      -0.      -0.      -0.      -0.       0.            0.
 
  2017           0.       0.       0.       0.       0.       0.
                -0.      -0.      -0.      -0.       0.       0.            1.
 
  2018           0.       0.       0.       0.       0.       0.
                 0.       0.       0.       0.       0.       0.            1.
 
  2019          -0.      -0.      -0.      -0.      -0.      -0.
                 0.       0.       0.       0.       0.       0.            1.
 
  2020           0.       0.       0.       0.       0.       0.
                 0.       0.       0.       0.       0.       0.            2.
 
  2021           0.       0.      -0.      -0.      -0.      -0.
                -0.       0.       1.       1.       2.       3.            6.
 
  2022           4.       5.       5.       6.       6.       7.
                 7.       7.       6.       6.       6.       6.           71.
 
  2023           6.       6.       6.       7.       7.       7.
                 7.       8.       8.       8.       8.       8.           84.
 
  2024           7.       7.       7.       7.       7.       6.
                 6.       6.       6.       6.       6.       6.           79.
 
  2025           6.       6.       6.       6.       6.       6.
                 6.       6.       5.       5.       5.       4.           68.
 
  2026           4.       4.       4.       3.       3.       3.
                                                                           21.
 
  AVGE           6.       6.       6.       6.       6.       6.
                 6.       6.       6.       6.       6.       5.

  Table Total-        1553.   Mean-         6.   Std. Dev.-         5.
                              Min -        -0.        Max -        21.
        bps_permits 41140            PAGE  12, SERIES bps_permits_addi

 D 13  Final irregular component
  From  2004.Jan to 2026.Jun
  Observations        270
 -----------------------------------------------------------------------------
               Jan      Feb      Mar      Apr      May      Jun 
               Jul      Aug      Sep      Oct      Nov      Dec         S.D.  
 -----------------------------------------------------------------------------
  2004          -2.      -9.       2.      -2.       4.       3.
                 1.      -1.     -12.      -1.      -4.       0.            5.
 
  2005           1.       2.       2.       1.      -3.      -0.
                -4.       0.       1.       3.       3.      -0.            2.
 
  2006          -1.      -8.      -0.       3.      -0.      -2.
                 3.      -3.       1.      -3.       2.      -2.            3.
 
  2007          -1.       2.       1.       6.      -3.       1.
                -2.       4.      -1.      10.      -2.       0.            4.
 
  2008           1.      -0.      -1.      -3.       1.      -1.
                 2.       3.      -1.      -3.      -2.       1.            2.
 
  2009           2.       2.      -3.      -6.       2.      -2.
                14.      -0.       0.       4.      -1.      -0.            5.
 
  2010          -1.      -3.      -1.       2.       1.       3.
                -1.      -4.      15.      -7.       5.      -2.            5.
 
  2011          -3.      -2.       3.      -9.       3.      -0.
                -2.       0.      -2.      -3.       3.       2.            3.
 
  2012          -1.       4.      -3.       2.      -4.       1.
                 1.      -2.       1.       1.      -4.       1.            2.
 
  2013           4.       0.      -7.      -2.       1.      -0.
                 8.       2.      -5.       1.      -2.      -2.            4.
 
  2014           0.      -2.       2.       0.       1.      -2.
                 1.       1.       3.       1.       1.      -1.            1.
 
  2015          -1.      -1.      -0.      -0.      -0.       1.
                 0.       1.      -1.      -1.      -0.       1.            1.
 
  2016           1.       1.      -0.      -0.      -0.       0.
                 0.      -0.      -0.      -0.      -0.       1.            0.
 
  2017           0.       0.      -0.      -0.      -0.      -0.
                -0.      -0.      -0.      -0.       1.       0.            0.
 
  2018           0.       0.      -0.      -0.      -0.       1.
                -0.      -0.      -0.       0.       0.       0.            0.
 
  2019          -0.       0.      -0.      -0.      -0.      -0.
                -0.       0.      -0.      -0.       0.       0.            0.
 
  2020           1.      -0.      -1.      -1.       1.      -0.
                -0.       0.      -0.      -0.       0.       1.            1.
 
  2021           0.      -0.       0.      -1.      -0.      -0.
                -0.       1.       0.      -1.      -1.      -1.            1.
 
  2022           5.       1.       7.       1.       2.      -2.
                -0.       1.       0.       4.       1.      -2.            3.
 
  2023          -2.       1.      -1.       2.      -1.       1.
                -0.      -2.      -1.       3.      11.       1.            3.
 
  2024          -0.      -2.       4.      -3.      -1.       3.
                 0.       0.       1.      -3.      -1.       1.            2.
 
  2025           1.      -1.      -4.       5.       0.      -0.
                 1.      -0.       1.      -0.      -1.      -1.            2.
 
  2026          -0.       1.       0.      -0.       0.      -1.
                                                                            1.
 
  S.D.           2.       3.       3.       3.       2.       2.
                 4.       2.       4.       3.       3.       1.

  Table Total-          23.   Mean-         0.   Std. Dev.-         3.
                              Min -       -12.        Max -        15.
        bps_permits 41140            PAGE  13, SERIES bps_permits_addi

 D 16  Combined adjustment factors
  From  2004.Jan to 2026.Jun
  Observations        270
 -----------------------------------------------------------------------------
               Jan      Feb      Mar      Apr      May      Jun 
               Jul      Aug      Sep      Oct      Nov      Dec         AVGE  
 -----------------------------------------------------------------------------
  2004          -6.      -3.       6.       9.      -2.       1.
                -4.      -1.       2.       0.       2.      -5.           -0.
 
  2005          -6.      -3.       6.       8.      -2.       1.
                -4.      -1.       2.       0.       2.      -5.           -0.
 
  2006          -5.      -3.       4.       7.      -1.       0.
                -3.      -0.       2.       1.       2.      -5.            0.
 
  2007          -4.      -2.       3.       6.      -0.       0.
                -3.       0.       2.       1.       2.      -4.            0.
 
  2008          -4.      -2.       1.       5.       1.       0.
                -3.       0.       2.       2.       2.      -4.            0.
 
  2009          -4.      -2.       0.       4.       2.       1.
                -3.      -0.       1.       2.       2.      -3.            0.
 
  2010          -4.      -2.      -1.       3.       3.       1.
                -3.      -0.       1.       2.       2.      -3.            0.
 
  2011          -3.      -1.      -1.       3.       3.       1.
                -2.      -1.       1.       3.       2.      -3.           -0.
 
  2012          -3.      -1.      -1.       2.       2.       0.
                -2.      -0.       1.       2.       1.      -2.           -0.
 
  2013          -3.      -1.      -1.       1.       1.       0.
                -1.       0.       1.       2.       1.      -2.           -0.
 
  2014          -2.      -1.      -1.       1.       1.      -0.
                -0.       1.       1.       2.      -0.      -2.           -0.
 
  2015          -1.      -1.      -0.       0.       1.      -0.
                -0.       1.       1.       1.      -0.      -1.           -0.
 
  2016          -1.      -1.      -0.       0.       0.      -0.
                 0.       1.       1.       1.       0.      -1.           -0.
 
  2017          -0.      -1.      -0.      -0.       0.       0.
                 0.       0.       0.       0.       0.      -0.           -0.
 
  2018          -0.      -0.      -0.      -0.       0.       0.
                 0.       0.      -0.      -0.      -0.      -0.           -0.
 
  2019           0.      -0.       0.       0.       0.       0.
                 0.      -0.       0.      -0.      -0.      -1.           -0.
 
  2020          -0.       0.       0.       1.       0.       0.
                 0.      -0.       0.       0.      -1.      -1.           -0.
 
  2021          -0.      -0.       1.       1.       0.       0.
                 0.      -1.       0.       0.      -1.      -1.           -0.
 
  2022          -1.      -0.       1.       1.       0.       1.
                 1.      -1.       0.       0.      -1.      -2.           -0.
 
  2023          -1.      -0.       1.       1.      -0.       1.
                 1.      -1.       1.       0.      -1.      -2.            0.
 
  2024          -1.      -0.       1.       1.      -0.       1.
                 1.      -2.       1.       0.      -1.      -1.            0.
 
  2025          -1.      -1.       1.       1.      -0.       1.
                 2.      -1.       1.       0.      -1.      -1.            0.
 
  2026          -1.      -1.       1.       1.      -0.       1.
                                                                            0.
 
  AVGE          -2.      -1.       1.       2.       0.       1.
                -1.      -0.       1.       1.       0.      -2.

  Table Total-           1.   Mean-         0.   Std. Dev.-         2.
                              Min -        -6.        Max -         9.

 D 16.A  Combined adjustment component forecasts
  From  2026.Jul to 2027.Jun
  Observations         12
 -----------------------------------------------------------------------------
               Jan      Feb      Mar      Apr      May      Jun 
               Jul      Aug      Sep      Oct      Nov      Dec         AVGE  
 -----------------------------------------------------------------------------
  2026                                                          
                 2.      -1.       1.      -0.      -2.      -1.           -0.
 
  2027          -1.      -1.       1.       1.      -0.       1.
                                                                            0.
 
        bps_permits 41140            PAGE  14, SERIES bps_permits_addi

 E 4  Differences of annual totals
  From          2004 to 2025
  Observations         22
 -----------------------------------
  Year       Unmodified     Modified
                  (D11)         (E2)
 -----------------------------------
  2004              -0.          -0.
 
  2005              -0.          -0.
 
  2006               1.           1.
 
  2007               1.           1.
 
  2008               1.           1.
 
  2009               0.           0.
 
  2010               0.           0.
 
  2011              -0.          -0.
 
  2012              -0.          -0.
 
  2013              -0.          -0.
 
  2014              -0.          -0.
 
  2015              -0.          -0.
 
  2016              -0.          -0.
 
  2017              -0.          -0.
 
  2018              -1.          -1.
 
  2019              -0.          -0.
 
  2020              -0.          -0.
 
  2021              -0.          -0.
 
  2022              -0.          -0.
 
  2023               0.           0.
 
  2024               0.           0.
 
  2025               0.           0.
 
        bps_permits 41140            PAGE  15, SERIES bps_permits_addi

 E 5  Month-to-month differences in the original series
  From  2004.Feb to 2026.Jun
  Observations        269
 -----------------------------------------------------------------------------
               Jan      Feb      Mar      Apr      May      Jun 
               Jul      Aug      Sep      Oct      Nov      Dec         AVGE  
 -----------------------------------------------------------------------------
  2004                   -5.      20.      -1.      -6.       2.
                -8.      -1.      -8.       8.      -1.      -4.           -0.
 
  2005           0.       3.       9.       2.     -13.       6.
                -7.       7.       5.       0.       2.     -10.            0.
 
  2006          -1.      -5.      14.       5.     -13.      -1.
                 0.      -3.       5.      -6.       6.     -11.           -1.
 
  2007           1.       5.       4.       9.     -16.       4.
                -6.       8.      -3.       9.     -12.      -4.           -0.
 
  2008           1.       0.       3.       1.       0.      -2.
                 0.       4.      -2.      -2.       1.      -3.            0.
 
  2009           1.       2.      -3.       1.       6.      -6.
                13.     -12.       2.       4.      -5.      -4.           -0.
 
  2010          -1.       0.       4.       7.      -1.       1.
                -7.       0.      21.     -21.      11.     -11.            0.
 
  2011          -2.       3.       5.      -9.      11.      -5.
                -5.       4.       0.       0.       5.      -5.            0.
 
  2012          -3.       7.      -7.       8.      -6.       3.
                -3.      -1.       5.       1.      -6.       1.           -0.
 
  2013           3.      -2.      -7.       7.       3.      -3.
                 7.      -5.      -7.       7.      -5.      -3.           -0.
 
  2014           2.      -1.       4.       0.       1.      -4.
                 3.       1.       2.      -2.      -2.      -5.           -0.
 
  2015           0.       0.       0.       0.       0.       0.
                 0.       1.      -1.       0.       0.       0.            0.
 
  2016           0.       0.       0.       0.       0.       0.
                 0.       0.       0.       0.       0.       0.            0.
 
  2017           0.       0.       0.       0.       0.       0.
                 0.       0.       0.       0.       1.      -1.            0.
 
  2018           0.       0.       0.       0.       0.       1.
                -1.       0.       0.       0.       0.       0.            0.
 
  2019           0.       0.       0.       0.       0.       0.
                 0.       0.       0.       0.       0.       0.            0.
 
  2020           1.      -1.       0.       0.       1.      -1.
                 0.       0.       0.       0.       0.       0.            0.
 
  2021           0.       0.       1.      -1.       0.       0.
                 0.       0.       1.       0.      -1.       0.            0.
 
  2022           8.      -3.       8.      -5.       0.      -3.
                 2.      -1.       1.       4.      -5.      -3.            0.
 
  2023           0.       4.       0.       3.      -4.       3.
                -1.      -4.       3.       4.       6.     -10.            0.
 
  2024          -1.      -1.       7.      -7.       0.       6.
                -3.      -3.       3.      -4.       0.       2.           -0.
 
  2025           0.      -1.      -1.       8.      -6.       1.
                 2.      -5.       3.      -2.      -3.       0.           -0.
 
  2026           1.       1.       1.      -1.      -1.       1.
                                                                            0.
 
  AVGE           0.       0.       3.       1.      -2.       0.
                -1.      -0.       1.       0.      -0.      -3.

  Table Total-          -9.   Mean-        -0.   Std. Dev.-         5.
                              Min -       -21.        Max -        21.
        bps_permits 41140            PAGE  16, SERIES bps_permits_addi

 E 6  Month-to-month differences in seasonally adjusted series (D11)
  From  2004.Feb to 2026.Jun
  Observations        269
 -----------------------------------------------------------------------------
               Jan      Feb      Mar      Apr      May      Jun 
               Jul      Aug      Sep      Oct      Nov      Dec         AVGE  
 -----------------------------------------------------------------------------
  2004                   -7.      10.      -4.       5.      -1.
                -3.      -3.     -12.      10.      -3.       3.           -0.
 
  2005           0.       1.       0.      -1.      -3.       3.
                -2.       4.       2.       2.       0.      -3.            0.
 
  2006          -1.      -7.       7.       2.      -4.      -3.
                 4.      -6.       3.      -5.       5.      -5.           -1.
 
  2007           1.       3.      -1.       5.      -9.       3.
                -3.       5.      -5.      10.     -13.       2.           -0.
 
  2008           1.      -2.      -0.      -3.       4.      -1.
                 3.       1.      -3.      -2.       1.       3.            0.
 
  2009           1.      -0.      -5.      -3.       8.      -5.
                16.     -15.       1.       4.      -5.       1.           -0.
 
  2010          -1.      -2.       3.       3.      -0.       3.
                -4.      -2.      19.     -22.      11.      -6.            0.
 
  2011          -1.       1.       5.     -13.      11.      -3.
                -2.       2.      -2.      -1.       6.      -1.            0.
 
  2012          -3.       5.      -7.       5.      -6.       5.
                -1.      -3.       3.       0.      -5.       5.           -0.
 
  2013           3.      -4.      -7.       5.       3.      -2.
                 8.      -6.      -8.       6.      -4.      -0.           -0.
 
  2014           2.      -2.       4.      -1.       1.      -3.
                 3.      -0.       2.      -2.      -0.      -3.           -0.
 
  2015          -1.      -0.      -0.      -1.      -0.       1.
                -0.       0.      -1.      -0.       1.       1.           -0.
 
  2016          -1.       0.      -1.      -0.      -0.       1.
                -0.      -1.       0.       0.       0.       1.           -0.
 
  2017          -0.       0.      -0.      -0.      -0.       0.
                -0.      -0.       0.       0.       1.      -1.           -0.
 
  2018          -0.       0.      -0.      -0.      -0.       1.
                -1.      -0.       0.       0.       0.       0.           -0.
 
  2019          -0.       0.      -0.       0.      -0.       0.
                 0.       0.      -0.       0.       0.       0.            0.
 
  2020           0.      -1.      -0.      -0.       1.      -1.
                 0.       0.      -0.      -0.       1.       1.            0.
 
  2021          -1.      -0.       0.      -1.       0.      -0.
                 0.       1.       0.      -0.       0.       1.            0.
 
  2022           7.      -4.       7.      -5.       1.      -4.
                 2.       1.      -1.       4.      -4.      -3.            0.
 
  2023          -1.       3.      -2.       3.      -3.       2.
                -1.      -2.       1.       4.       8.     -10.            0.
 
  2024          -1.      -2.       5.      -7.       2.       4.
                -3.      -0.       1.      -4.       2.       2.           -0.
 
  2025          -0.      -1.      -3.       8.      -5.      -1.
                 2.      -2.       1.      -1.      -1.      -0.           -0.
 
  2026           1.       1.      -1.      -1.       0.      -1.
                                                                           -0.
 
  AVGE           0.      -1.       1.      -0.       0.      -0.
                 1.      -1.      -0.       0.       0.      -0.

  Table Total-         -16.   Mean-        -0.   Std. Dev.-         4.
                              Min -       -22.        Max -        19.
        bps_permits 41140            PAGE  17, SERIES bps_permits_addi

 E 7  Month-to-month differences in final trend cycle (D12)
  From  2004.Feb to 2026.Jun
  Observations        269
 -----------------------------------------------------------------------------
               Jan      Feb      Mar      Apr      May      Jun 
               Jul      Aug      Sep      Oct      Nov      Dec         AVGE  
 -----------------------------------------------------------------------------
  2004                   -0.      -0.      -0.      -1.      -1.
                -1.      -1.      -1.      -1.      -1.      -1.           -1.
 
  2005          -0.      -0.       0.       0.       1.       1.
                 1.       1.       1.       0.       0.       0.            0.
 
  2006          -0.      -1.      -1.      -1.      -1.      -1.
                -1.      -1.      -1.      -1.      -0.      -0.           -1.
 
  2007          -0.      -0.      -0.      -0.      -0.      -0.
                -0.      -0.      -1.      -1.      -1.      -0.           -0.
 
  2008          -0.      -0.      -0.      -0.       0.       0.
                 0.       0.       0.       0.      -0.      -0.           -0.
 
  2009          -0.      -0.      -0.      -0.       0.      -0.
                -0.      -0.      -0.      -0.       0.       0.           -0.
 
  2010           0.       0.       0.       1.       1.       1.
                 1.       0.       0.       0.       0.      -0.            0.
 
  2011          -0.      -0.      -0.      -0.      -0.      -0.
                -0.      -0.       0.       0.       0.       0.           -0.
 
  2012           0.       0.      -0.      -0.      -0.      -0.
                -0.      -0.       0.       0.       0.       0.           -0.
 
  2013           0.       0.      -0.      -0.      -0.      -0.
                -0.      -0.      -0.      -0.      -0.      -0.           -0.
 
  2014          -0.       0.       0.       0.       0.       0.
                 0.      -0.      -0.      -1.      -1.      -1.           -0.
 
  2015          -1.      -1.      -1.      -1.      -0.      -0.
                -0.       0.       0.       0.       0.       0.           -0.
 
  2016           0.       0.      -0.      -0.      -0.      -0.
                -0.      -0.       0.       0.       0.       0.           -0.
 
  2017           0.       0.      -0.      -0.      -0.      -0.
                -0.      -0.       0.       0.       0.       0.            0.
 
  2018           0.       0.       0.      -0.      -0.      -0.
                -0.      -0.      -0.      -0.      -0.      -0.           -0.
 
  2019          -0.      -0.      -0.      -0.       0.       0.
                 0.       0.       0.       0.       0.       0.            0.
 
  2020          -0.      -0.      -0.      -0.      -0.       0.
                 0.       0.       0.       0.       0.      -0.           -0.
 
  2021          -0.      -0.      -0.      -0.      -0.       0.
                 0.       0.       0.       1.       1.       1.            0.
 
  2022           1.       1.       1.       1.       0.       0.
                 0.      -0.      -0.      -0.      -0.      -0.            0.
 
  2023           0.       0.       0.       0.       0.       0.
                 0.       0.       0.       0.      -0.      -0.            0.
 
  2024          -0.      -0.      -0.      -0.      -0.      -0.
                -0.      -0.      -0.      -0.      -0.       0.           -0.
 
  2025           0.       0.       0.      -0.      -0.      -0.
                -0.      -0.      -0.      -0.      -0.      -0.           -0.
 
  2026          -0.      -0.      -0.      -0.      -0.       0.
                                                                           -0.
 
  AVGE          -0.      -0.      -0.      -0.      -0.      -0.
                -0.      -0.      -0.      -0.      -0.      -0.

  Table Total-         -18.   Mean-        -0.   Std. Dev.-         0.
                              Min -        -1.        Max -         1.
        bps_permits 41140            PAGE  18, SERIES bps_permits_addi

 E 8  Month-to-month differences in original series adjusted for calendar factors (A18)
  From  2004.Feb to 2026.Jun
  Observations        269
 -----------------------------------------------------------------------------
               Jan      Feb      Mar      Apr      May      Jun 
               Jul      Aug      Sep      Oct      Nov      Dec         AVGE  
 -----------------------------------------------------------------------------
  2004                   -5.      20.      -1.      -6.       2.
                -8.      -1.      -8.       8.      -1.      -4.           -0.
 
  2005           0.       3.       9.       2.     -13.       6.
                -7.       7.       5.       0.       2.     -10.            0.
 
  2006          -1.      -5.      14.       5.     -13.      -1.
                 0.      -3.       5.      -6.       6.     -11.           -1.
 
  2007           1.       5.       4.       9.     -16.       4.
                -6.       8.      -3.       9.     -12.      -4.           -0.
 
  2008           1.       0.       3.       1.       0.      -2.
                 0.       4.      -2.      -2.       1.      -3.            0.
 
  2009           1.       2.      -3.       1.       6.      -6.
                13.     -12.       2.       4.      -5.      -4.           -0.
 
  2010          -1.       0.       4.       7.      -1.       1.
                -7.       0.      21.     -21.      11.     -11.            0.
 
  2011          -2.       3.       5.      -9.      11.      -5.
                -5.       4.       0.       0.       5.      -5.            0.
 
  2012          -3.       7.      -7.       8.      -6.       3.
                -3.      -1.       5.       1.      -6.       1.           -0.
 
  2013           3.      -2.      -7.       7.       3.      -3.
                 7.      -5.      -7.       7.      -5.      -3.           -0.
 
  2014           2.      -1.       4.       0.       1.      -4.
                 3.       1.       2.      -2.      -2.      -5.           -0.
 
  2015           0.       0.       0.       0.       0.       0.
                 0.       1.      -1.       0.       0.       0.            0.
 
  2016           0.       0.       0.       0.       0.       0.
                 0.       0.       0.       0.       0.       0.            0.
 
  2017           0.       0.       0.       0.       0.       0.
                 0.       0.       0.       0.       1.      -1.            0.
 
  2018           0.       0.       0.       0.       0.       1.
                -1.       0.       0.       0.       0.       0.            0.
 
  2019           0.       0.       0.       0.       0.       0.
                 0.       0.       0.       0.       0.       0.            0.
 
  2020           1.      -1.       0.       0.       1.      -1.
                 0.       0.       0.       0.       0.       0.            0.
 
  2021           0.       0.       1.      -1.       0.       0.
                 0.       0.       1.       0.      -1.       0.            0.
 
  2022           8.      -3.       8.      -5.       0.      -3.
                 2.      -1.       1.       4.      -5.      -3.            0.
 
  2023           0.       4.       0.       3.      -4.       3.
                -1.      -4.       3.       4.       6.     -10.            0.
 
  2024          -1.      -1.       7.      -7.       0.       6.
                -3.      -3.       3.      -4.       0.       2.           -0.
 
  2025           0.      -1.      -1.       8.      -6.       1.
                 2.      -5.       3.      -2.      -3.       0.           -0.
 
  2026           1.       1.       1.      -1.      -1.       1.
                                                                            0.
 
  AVGE           0.       0.       3.       1.      -2.       0.
                -1.      -0.       1.       0.      -0.      -3.

  Table Total-          -9.   Mean-        -0.   Std. Dev.-         5.
                              Min -       -21.        Max -        21.
        bps_permits 41140            PAGE  19, SERIES bps_permits_addi

 E 18  Final adjustment ratios
  From  2004.Jan to 2026.Jun
  Observations        270
 -----------------------------------------------------------------------------
               Jan      Feb      Mar      Apr      May      Jun 
               Jul      Aug      Sep      Oct      Nov      Dec         AVGE  
 -----------------------------------------------------------------------------
  2004       68.972   69.821  128.210  148.329   92.032  105.083
             80.344   91.791  170.425  102.441  120.824   63.776       103.504
 
  2005       61.750   78.838  136.942  156.613   85.936  106.857
             71.838   95.543  112.234  101.648  109.316   72.630        99.179
 
  2006       70.932   73.291  127.167  140.409   90.857  104.298
             78.145   99.643  118.536  111.799  115.001   39.289        97.447
 
  2007       47.750   79.228  128.038  141.252   94.956  102.298
             58.425  102.068  128.848  106.978  146.838   31.177        97.321
 
  2008       42.493   59.211  131.198  410.298  114.006  103.435
             63.802  104.652  131.875  152.532  155.815   43.288       126.050
 
  2009       49.637   75.007  106.599 ********  124.779  117.203
             86.650   99.434  124.799  120.504  153.784   37.450       -63.421
 
  2010       20.864   39.721   89.323  136.717  130.532  106.724
             65.065   94.002  104.897  189.492  113.359   63.816        96.209
 
  2011       46.156   81.279   91.482 -297.681  124.187  110.121
             56.525   91.670  124.867  155.770  116.414   72.171        64.413
 
  2012       56.023   89.804   81.292  120.733  157.448  105.432
             76.062   95.364  116.108  127.645  132.097   71.151       102.430
 
  2013       77.812   86.997    0.000  126.328  117.021  102.324
             92.470  102.714  377.119  128.990  115.106   32.387       113.272
 
  2014       62.962   70.066   89.641  112.720  116.870   93.896
             92.829  112.498  116.350  130.843   99.985    0.000        91.555
 
  2015        0.000    0.000    0.000   -0.000   -0.000    0.000
              0.000  490.543   -0.000   -0.000    0.000    0.000        40.879
 
  2016        0.000    0.000    0.000   -0.000   -0.000    0.000
             -0.000   -0.000   -0.000   -0.000   -0.000    0.000         0.000
 
  2017        0.000    0.000    0.000    0.000   -0.000   -0.000
             -0.000   -0.000   -0.000   -0.000  112.773    0.000         9.398
 
  2018        0.000    0.000    0.000    0.000   -0.000  128.943
             -0.000   -0.000    0.000    0.000    0.000    0.000        10.745
 
  2019       -0.000    0.000   -0.000   -0.000   -0.000   -0.000
             -0.000    0.000   -0.000    0.000    0.000    0.000         0.000
 
  2020       89.992   -0.000   -0.000   -0.000  162.494   -0.000
             -0.000    0.000   -0.000   -0.000    0.000    0.000        21.040
 
  2021        0.000    0.000  562.703   -0.000   -0.000   -0.000
             -0.000    0.000  119.887  144.452    0.000    0.000        68.920
 
  2022       91.069   96.623  109.241  116.277  101.550  119.422
            110.550   84.195  105.851  104.057   84.878   66.309        99.169
 
  2023       75.053   94.812  123.762  113.391   98.330  114.343
            115.339   75.102  110.318  103.135   93.046   82.140        99.898
 
  2024       83.932   91.239  112.297  131.704   93.809  113.515
            121.988   76.761  111.394  109.380   73.786   81.363       100.097
 
  2025       84.859   89.034  146.825  108.377   92.827  124.716
            122.937   73.079  116.012  102.775   57.441   64.115        98.583
 
  2026       76.971   85.491  128.375  121.190   85.926  148.907
                                                                       107.810
 
  AVGE       48.140   54.803   99.700   -3.054   81.894   82.936
             58.771   85.866   99.524   90.565   81.839   37.321

  Table Total-       18367.   Mean-        68.   Std. Dev.-       142.
                              Min -     -1857.        Max -       563.

 E 18.A  Final adjustment ratio forecasts
  From  2026.Jul to 2027.Jun
  Observations         12
 -----------------------------------------------------------------------------
               Jan      Feb      Mar      Apr      May      Jun 
               Jul      Aug      Sep      Oct      Nov      Dec         AVGE  
 -----------------------------------------------------------------------------
  2026                                                          
            167.267   68.938  136.862   97.750   63.844   73.355       101.336
 
  2027       81.131   82.059  142.673  118.619   87.816  148.483
                                                                       110.130
 
        bps_permits 41140            PAGE  20, SERIES bps_permits_addi

 E 18.B  Total adjustment factors
  From  2004.Jan to 2026.Jun
  Observations        270
 -----------------------------------------------------------------------------
               Jan      Feb      Mar      Apr      May      Jun 
               Jul      Aug      Sep      Oct      Nov      Dec         AVGE  
 -----------------------------------------------------------------------------
  2004          -6.      -3.       6.       9.      -2.       1.
                -4.      -1.       2.       0.       2.      -5.           -0.
 
  2005          -6.      -3.       6.       8.      -2.       1.
                -4.      -1.       2.       0.       2.      -5.           -0.
 
  2006          -5.      -3.       4.       7.      -1.       0.
                -3.      -0.       2.       1.       2.      -5.            0.
 
  2007          -4.      -2.       3.       6.      -0.       0.
                -3.       0.       2.       1.       2.      -4.            0.
 
  2008          -4.      -2.       1.       5.       1.       0.
                -3.       0.       2.       2.       2.      -4.            0.
 
  2009          -4.      -2.       0.       4.       2.       1.
                -3.      -0.       1.       2.       2.      -3.            0.
 
  2010          -4.      -2.      -1.       3.       3.       1.
                -3.      -0.       1.       2.       2.      -3.            0.
 
  2011          -3.      -1.      -1.       3.       3.       1.
                -2.      -1.       1.       3.       2.      -3.           -0.
 
  2012          -3.      -1.      -1.       2.       2.       0.
                -2.      -0.       1.       2.       1.      -2.           -0.
 
  2013          -3.      -1.      -1.       1.       1.       0.
                -1.       0.       1.       2.       1.      -2.           -0.
 
  2014          -2.      -1.      -1.       1.       1.      -0.
                -0.       1.       1.       2.      -0.      -2.           -0.
 
  2015          -1.      -1.      -0.       0.       1.      -0.
                -0.       1.       1.       1.      -0.      -1.           -0.
 
  2016          -1.      -1.      -0.       0.       0.      -0.
                 0.       1.       1.       1.       0.      -1.           -0.
 
  2017          -0.      -1.      -0.      -0.       0.       0.
                 0.       0.       0.       0.       0.      -0.           -0.
 
  2018          -0.      -0.      -0.      -0.       0.       0.
                 0.       0.      -0.      -0.      -0.      -0.           -0.
 
  2019           0.      -0.       0.       0.       0.       0.
                 0.      -0.       0.      -0.      -0.      -1.           -0.
 
  2020          -0.       0.       0.       1.       0.       0.
                 0.      -0.       0.       0.      -1.      -1.           -0.
 
  2021          -0.      -0.       1.       1.       0.       0.
                 0.      -1.       0.       0.      -1.      -1.           -0.
 
  2022          -1.      -0.       1.       1.       0.       1.
                 1.      -1.       0.       0.      -1.      -2.           -0.
 
  2023          -1.      -0.       1.       1.      -0.       1.
                 1.      -1.       1.       0.      -1.      -2.            0.
 
  2024          -1.      -0.       1.       1.      -0.       1.
                 1.      -2.       1.       0.      -1.      -1.            0.
 
  2025          -1.      -1.       1.       1.      -0.       1.
                 2.      -1.       1.       0.      -1.      -1.            0.
 
  2026          -1.      -1.       1.       1.      -0.       1.
                                                                            0.
 
  AVGE          -2.      -1.       1.       2.       0.       1.
                -1.      -0.       1.       1.       0.      -2.

  Table Total-           1.   Mean-         0.   Std. Dev.-         2.
                              Min -        -6.        Max -         9.

 E 18.C  Total adjustment factor forecasts
  From  2026.Jul to 2027.Jun
  Observations         12
 -----------------------------------------------------------------------------
               Jan      Feb      Mar      Apr      May      Jun 
               Jul      Aug      Sep      Oct      Nov      Dec         AVGE  
 -----------------------------------------------------------------------------
  2026                                                          
                 2.      -1.       1.      -0.      -2.      -1.           -0.
 
  2027          -1.      -1.       1.       1.      -0.       1.
                                                                            0.
 

  QS statistic for seasonality:
  Original Series                                     5.84  (P-Value =     0.0539)
  Original Series (EV adj)                            5.84  (P-Value =     0.0539)
  Residuals                                           0.00  (P-Value =     1.0000)
  Seasonally Adjusted Series                          0.00  (P-Value =     1.0000)
  Seasonally Adjusted Series (EV adj)                 0.00  (P-Value =     1.0000)
  Irregular Series                                    0.00  (P-Value =     1.0000)
  Irregular Series (EV adj)                           0.00  (P-Value =     1.0000)

  QS statistic for seasonality (starting 2018.Jul):
  Original Series                                     0.00  (P-Value =     1.0000)
  Original Series (EV adj)                            0.00  (P-Value =     1.0000)
  Residuals                                           0.00  (P-Value =     1.0000)
  Seasonally Adjusted Series                          0.00  (P-Value =     1.0000)
  Seasonally Adjusted Series (EV adj)                 0.00  (P-Value =     1.0000)
  Irregular Series                                    0.00  (P-Value =     1.0000)
  Irregular Series (EV adj)                           0.00  (P-Value =     1.0000)
        bps_permits 41140            PAGE  21, SERIES bps_permits_addi
 G 0  10*LOG(SPECTRUM) of the differenced Original Series
      (Table A1 or B1).  Spectrum estimated from 2018.Jul to 2026.Jun.
 ++++++++++I+++++++++++++++++++++++++++++++++++++++++++++++++++++++++++++I
      19.07I                                                       *     I     19.07
           I                                                       *     I
           I                                                       *     I
           I                                                       *     I
      17.30I                                                       *     I     17.30
           I                                                       *     I
           I                                                       *     I
           I                                                       *     I
      15.53I                                                       *     I     15.53
           I                                                       *     I
           I                                                 *     *     I
           I                                                 *     *     I
      13.75I                                    *            *     *     I     13.75
           I                                    *   S        *     *     I
           I                             *      **  S        *    **     I
           I                             *      **  S        *    **     I
      11.98I                 *           *      **  S       **    **    SI     11.98
           I                 *          **      **  S       **    **    SI
           I                 *          **      **  S       **    **    SI
           I                 *          **      **  S       **    ***   SI
      10.20I                 **        ***S     **  S       **    ***   SI     10.20
           I                 ***      ****S *   **  S*   *  **    ***   SI
           I                 ***      ****S**   ** *S*   ** **    ***  *SI
           I                 ***S     ****S***  ****S*   *****S   ***  *SI
       8.43I                 ***S     ****S*** *****S*   *****S   ***  *SI      8.43
           I                 ***S     ****S*** *****S*   *****S   ***  *SI
           I                 ***S     ****S*** *****S*   *****S   ***  *SI
           I                 ***S     ****S*********S*   *****S  ***** *SI
       6.66I                 ***S     ****S*********S*   *****S  *******SI      6.66
           I                 ***S     ****S*********S*  ******S  *******SI
           I                 ***S     ****S*********S*  ******S* *******SI
           I                 ***S     ****S*********S*  ******S*T*******SI
       4.88I            *    ***S     ****S*********S*T ******S*T*******SI      4.88
           I            *    ***S    *****S*********S*T ******S*T*******SI
           I       *    *    ***S    *****S*********S*T*******S*T*******SI
           I       *    *   ****S    *****S*********S*T*******S*T*******SI
       3.11I       *    *   ****S    *****S*********S*T*******S*T*******SI      3.11
           I       *    *   ****S*   *****S*********S*T*******S*T*******SI
           I      **    *   ****S*   *****S*********S*T*******S*T*******SI
           I      ***  ***  ****S*   *****S*********S*T*******S*T*******SI
       1.33I      ***  ***  ****S*   *****S*********S*T*******S*T*******SI      1.33
           I      ***  ***  ****S*   *****S*********S*T*******S*T*******SI
           I      ***  ***  ****S*   *****S*********S*T*******S*T*******SI
           I      ***  ***  ****S*  ******S*********S*T*******S*T*******SI
      -0.44I      **** *** *****S*  ******S*********S*T*******S*T*******SI     -0.44
           I*    *****S*********S** ******S*********S*T*******S*T*******SI
           I*    *****S*********S** ******S*********S*T*******S*T*******SI
           I*    *****S*********S*********S*********S*T*******S*T*******SI
      -2.21I**   *****S*********S*********S*********S*T*******S*T*******SI     -2.21
           I**   *****S*********S*********S*********S*T*******S*T*******SI
           I**  ******S*********S*********S*********S*T*******S*T*******SI
           I**  ******S*********S*********S*********S*T*******S*T*******SI
      -3.99I**********S*********S*********S*********S*T*******S*T*******SI     -3.99
 ++++++++++I+++++++++++++++++++++++++++++++++++++++++++++++++++++++++++++I
            S=SEASONAL FREQUENCIES, T=TRADING DAY FREQUENCIES
        bps_permits 41140            PAGE  22, SERIES bps_permits_addi
 G 1  10*LOG(SPECTRUM) of the differenced seasonally adjusted 
      data (Table E2).  Spectrum estimated from 2018.Jul to 2026.Jun.
 ++++++++++I+++++++++++++++++++++++++++++++++++++++++++++++++++++++++++++I
      12.70I                                              *              I     12.70
           I                                           *  *              I
           I                                           *  *              I
           I                                           ** *              I
      11.05I                                           ** *              I     11.05
           I                                           ** *              I
           I                                           ****              I
           I                                           ****              I
       9.40I                                           ****       *      I      9.40
           I                                     *     ****       *      I
           I                                     *     ****       *      I
           I                                     *     ****       *      I
       7.76I                                 *   *     ****       *      I      7.76
           I                                 *   *     ****       *      I
           I                                 *   *     *****      *      I
           I                  *              *   *    T*****      **     I
       6.11I                  *              *   **   T*****      ***    I      6.11
           I                  *       **     *   **   T*****      ***    I
           I                  *       **     *   **   T*****      ***    I
           I                  *       **     *  ***   T*****     ****    I
       4.47I                  *       **    **  ***   T*****     ****    I      4.47
           I                  *       **    *** ***   T*****     ****    I
           I                  *       **    *** ***   T*****     *****   I
           I                  *       **    *** ***  *T*****     *****   I
       2.82I                  *      ***    ******** *T*****     *****   I      2.82
           I                  *      ***    ******** *T*****     *****   I
           I                 **      ***    ********S*T*****     *****   I
           I                 **     *****   ********S*T*****     *****   I
       1.18I                 **     *****   ********S*T*****     *****   I      1.18
           I                 **    ******   ********S*T******    *****   I
           I                 **    ******  *********S*T******    *****   I
           I       *         **    ******  *********S*T******    *****   I
      -0.47I       *         **    ******  *********S*T******    *****   I     -0.47
           I       *         **    ******* *********S*T******   T******  I
           I       *         **   ******** *********S*T******   T******  I
           I       *         **   ********S*********S*T******   T******  I
      -2.12I       *         ***  ********S*********S*T******   T******  I     -2.12
           I**     *         ***  ********S*********S*T*******  T******  I
           I***   **         ***  ********S*********S*T*******  T******  I
           I***   **     *   ***  ********S*********S*T******* *T******* I
      -3.76I***   **     *   *** *********S*********S*T*******S*T******* I     -3.76
           I****  ***   **   *** *********S*********S*T*******S*T*******SI
           I****  ***   **   ***S*********S*********S*T*******S*T*******SI
           I****  ***   **  ****S*********S*********S*T*******S*T*******SI
      -5.41I*********   **  ****S*********S*********S*T*******S*T*******SI     -5.41
           I*********   **  ****S*********S*********S*T*******S*T*******SI
           I*********   *** ****S*********S*********S*T*******S*T*******SI
           I*********   *** ****S*********S*********S*T*******S*T*******SI
      -7.05I*********   ********S*********S*********S*T*******S*T*******SI     -7.05
           I*********  *********S*********S*********S*T*******S*T*******SI
           I********** *********S*********S*********S*T*******S*T*******SI
           I********** *********S*********S*********S*T*******S*T*******SI
      -8.70I**********S*********S*********S*********S*T*******S*T*******SI     -8.70
 ++++++++++I+++++++++++++++++++++++++++++++++++++++++++++++++++++++++++++I
            S=SEASONAL FREQUENCIES, T=TRADING DAY FREQUENCIES
        bps_permits 41140            PAGE  23, SERIES bps_permits_addi
 G 2  10*LOG(SPECTRUM) of the Modified Irregular (Table E3).  
      Spectrum estimated from 2018.Jul to 2026.Jun.
 ++++++++++I+++++++++++++++++++++++++++++++++++++++++++++++++++++++++++++I
       7.52I                                                             I      7.52
           I                  *                        *  *              I
           I                  *                        *  *              I
           I                  *                        *  *              I
       5.78I                  *                        ** *              I      5.78
           I                  *                        ** *              I
           I                  *                  *     ** *              I
           I                  *              *   *     ****              I
       4.04I                  *              *   *     ****              I      4.04
           I                  *       *      *   *     ****              I
           I                 **       **     *   *     ****       *      I
           I                 **       **     *   *     ****       *      I
       2.30I                 **       **     *   *     ****       *      I      2.30
           I                 **      ***     *   **    *****      *      I
           I                 **      ***     *   **   T*****      *      I
           I                 **      ***    **   **   T*****      *      I
       0.55I                 **     ****    **  ***   T*****      **     I      0.55
           I             *   **     ****    *** ***   T*****      ***    I
           I             *   **     ****    *** ***   T*****      ***    I
           I             *   **    *****    *** ***   T*****     ****    I
      -1.19I             *   **    ******   *** ***   T*****     ****    I     -1.19
           I             *   ***   ******   ********  T*****     ****    I
           I            **   ***   ******   ******** *T*****     ****    I
           I            **   ***  *******   ******** *T*****     *****   I
      -2.93I        *   **   ***  *******   ********S*T*****     *****   I     -2.93
           I        *   **   ***  *******   ********S*T*****     *****   I
           I        *   **  ****S********  *********S*T*****     *****   I
           I        *   *** ****S********* *********S*T*****     *****   I
      -4.67I        *   *** ****S********* *********S*T******    *****   I     -4.67
           I        **  *** ****S*********S*********S*T******    *****   I
           I        **  *** ****S*********S*********S*T******    *****   I
           I    *  *** *********S*********S*********S*T******   T*****   I
      -6.41I    *  *** *********S*********S*********S*T******   T******  I     -6.41
           I    *  ***S*********S*********S*********S*T******   T******  I
           I    *  ***S*********S*********S*********S*T******   T******  I
           I    ** ***S*********S*********S*********S*T******   T******  I
      -8.15I    ******S*********S*********S*********S*T*******  T******  I     -8.15
           I   *******S*********S*********S*********S*T******* *T******  I
           I   *******S*********S*********S*********S*T******* *T******* I
           I   *******S*********S*********S*********S*T*******S*T******* I
      -9.90I   *******S*********S*********S*********S*T*******S*T*******SI     -9.90
           I   *******S*********S*********S*********S*T*******S*T*******SI
           I   *******S*********S*********S*********S*T*******S*T*******SI
           I   *******S*********S*********S*********S*T*******S*T*******SI
     -11.64I   *******S*********S*********S*********S*T*******S*T*******SI    -11.64
           I  ********S*********S*********S*********S*T*******S*T*******SI
           I  ********S*********S*********S*********S*T*******S*T*******SI
           I  ********S*********S*********S*********S*T*******S*T*******SI
     -13.38I  ********S*********S*********S*********S*T*******S*T*******SI    -13.38
           I  ********S*********S*********S*********S*T*******S*T*******SI
           I  ********S*********S*********S*********S*T*******S*T*******SI
           I *********S*********S*********S*********S*T*******S*T*******SI
     -15.12I**********S*********S*********S*********S*T*******S*T*******SI    -15.12
 ++++++++++I+++++++++++++++++++++++++++++++++++++++++++++++++++++++++++++I
            S=SEASONAL FREQUENCIES, T=TRADING DAY FREQUENCIES
        bps_permits 41140            PAGE  24, SERIES bps_permits_addi

  Peak probabilities for Tukey spectrum estimator
  Spectrum estimated from 2018.Jul to 2026.Jun.

                                          S1       S2       S3       S4       S5       S6       TD
                                        ------   ------   ------   ------   ------   ------   ------
  Model Residuals                        0.693    0.985*   0.094    0.507    0.182    0.539    0.381  
  Original Series (Table A1 or B1)       0.126    0.540    0.523    0.597    0.224    0.971*   0.009  
  Seasonally adjusted series (E2)        0.008    0.002    0.090    0.067    0.095    0.128    0.733  
  Modified Irregular (E3)                0.007    0.002    0.067    0.065    0.110    0.146    0.765  
  ----------
     ** - Peak Probability > 0.99,
      * - 0.90 < Peak Probability < 0.99


