  Reading input spec file from D:\Programming\Dynamic Paper-dlrhcs_replication\outputs\empirical\unemployment\raw_sa_pilot\x13_work\bps_permits_additive_level_43580_200401_202606.spc

1

               U. S. Department of Commerce, U. S. Census Bureau

              X-13ARIMA-SEATS monthly seasonal adjustment Method,
                          Release Version 1.1 Build 62


           This software application provides an enhanced version of
             Statistics Canada's X-11-ARIMA extension (Dagum, 1980)
                 of the X-11 variant of the Census Method II of
                      Shiskin, Young and Musgrave (1967).

            It also provides an ARIMA model-based method following
       Hillmer and Tiao (1982) and Burman (1980) that is very similar
       to the update of the method of SEATS (Gomez and Maravall, 1996)
                produced at the Bank of Spain by G. Caporello and
               A. Maravall for TSW (Caporello and Maravall, 2004).
          The present application includes additional enhancements.

         X-13ARIMA-SEATS includes an automatic ARIMA model selection procedure
          based largely on the procedure of Gomez and Maravall (1998)
            as implemented in TRAMO (1996) and subsequent revisions.

              Primary Programmers: Brian Monsell, Mark Otto and,
                 for the ARIMA model-based signal extraction,
                      Gianluca Caporello and Victor Gomez


     Series Title- bps_permits 43580
     Series Name- bps_permits_addi
     Jul 29, 2026  08.34.33 

        -Period covered-  1st month,2004 to  6th month,2026
        -Type of run - additive seasonal adjustment

        -Sigma limits for graduating extreme values are  1.5 and  2.5 .
        -3x3 moving average used in section 1 of each iteration, 
         3x5 moving average in section 2 of iterations B and C,
         moving average for final seasonal factors chosen by Global MSR.
        -Holiday adjustment factors applied directly to the final seasonally adjusted series
        -Spectral plots generated for selected series
        -Spectral plots generated for series starting in 2018.Jul

 FILE SAVE REQUESTS (* indicates file exists and will be overwritten)
  D:\Programming\Dynamic Paper-dlrhcs_replication\outputs\empirical\unemployment\raw_sa_pilot\x13_work\bps_permits_additive_level_43580_200401_202606.d10  final seasonal factors
  D:\Programming\Dynamic Paper-dlrhcs_replication\outputs\empirical\unemployment\raw_sa_pilot\x13_work\bps_permits_additive_level_43580_200401_202606.d11  final seasonally adjusted data
  D:\Programming\Dynamic Paper-dlrhcs_replication\outputs\empirical\unemployment\raw_sa_pilot\x13_work\bps_permits_additive_level_43580_200401_202606.out  program output file
  D:\Programming\Dynamic Paper-dlrhcs_replication\outputs\empirical\unemployment\raw_sa_pilot\x13_work\bps_permits_additive_level_43580_200401_202606.err  program error file
        bps_permits 43580            PAGE   1, SERIES bps_permits_addi

     Contents of spc file D:\Programming\Dynamic Paper-dlrhcs_replication\outputs\empirical\unemployment\raw_sa_pilot\x13_work\bps_permits_additive_level_43580_200401_202606.spc

 Line #
 ------
      1: series {
      2:   title = "bps_permits 43580"
      3:   start = 2004.1
      4:   period = 12
      5:   data = (
      6: 13
      7: 17
      8: 52
      9: 42
     10: 28
     11: 86
     12: 27
     13: 26
     14: 19
     15: 32
     16: 22
     17: 16
     18: 13
     19: 16
     20: 25
     21: 21
     22: 26
     23: 29
     24: 16
     25: 20
     26: 22
     27: 24
     28: 18
     29: 25
     30: 12
     31: 12
     32: 23
     33: 17
     34: 28
     35: 21
     36: 17
     37: 33
     38: 21
     39: 17
     40: 17
     41: 10
     42: 7
     43: 10
     44: 9
     45: 27
     46: 26
     47: 13
     48: 15
     49: 39
     50: 14
     51: 13
     52: 14
     53: 8
     54: 8
     55: 9
     56: 15
     57: 21
     58: 17
     59: 11
     60: 13
     61: 9
     62: 11
     63: 10
     64: 6
     65: 2
     66: 3
     67: 4
     68: 6
     69: 8
     70: 9
     71: 13
     72: 15
     73: 17
     74: 15
     75: 9
     76: 8
     77: 7
     78: 2
     79: 8
     80: 6
     81: 22
     82: 17
     83: 15
     84: 14
     85: 16
     86: 22
     87: 12
     88: 12
     89: 6
     90: 3
     91: 3
     92: 8
     93: 11
     94: 15
     95: 14
     96: 14
     97: 18
     98: 15
     99: 14
    100: 12
    101: 7
    102: 6
    103: 7
    104: 10
    105: 18
    106: 22
    107: 27
    108: 14
    109: 15
    110: 22
    111: 25
    112: 18
    113: 16
    114: 8
    115: 18
    116: 21
    117: 34
    118: 28
    119: 17
    120: 31
    121: 22
    122: 19
    123: 27
    124: 20
    125: 12
    126: 12
    127: 16
    128: 32
    129: 48
    130: 23
    131: 23
    132: 21
    133: 22
    134: 26
    135: 27
    136: 13
    137: 11
    138: 5
    139: 5
    140: 10
    141: 15
    142: 14
    143: 11
    144: 10
    145: 11
    146: 14
    147: 11
    148: 8
    149: 7
    150: 5
    151: 8
    152: 12
    153: 16
    154: 14
    155: 15
    156: 9
    157: 13
    158: 13
    159: 9
    160: 10
    161: 6
    162: 8
    163: 8
    164: 11
    165: 16
    166: 13
    167: 17
    168: 10
    169: 19
    170: 9
    171: 10
    172: 10
    173: 10
    174: 11
    175: 7
    176: 11
    177: 17
    178: 16
    179: 12
    180: 14
    181: 16
    182: 8
    183: 13
    184: 13
    185: 5
    186: 5
    187: 7
    188: 7
    189: 13
    190: 12
    191: 15
    192: 15
    193: 13
    194: 14
    195: 20
    196: 9
    197: 12
    198: 11
    199: 12
    200: 16
    201: 9
    202: 13
    203: 13
    204: 12
    205: 19
    206: 16
    207: 14
    208: 11
    209: 14
    210: 9
    211: 10
    212: 17
    213: 20
    214: 16
    215: 16
    216: 16
    217: 15
    218: 15
    219: 16
    220: 16
    221: 9
    222: 23
    223: 28
    224: 37
    225: 42
    226: 24
    227: 42
    228: 22
    229: 17
    230: 42
    231: 88
    232: 18
    233: 58
    234: 7
    235: 14
    236: 15
    237: 22
    238: 35
    239: 24
    240: 79
    241: 26
    242: 22
    243: 67
    244: 12
    245: 18
    246: 9
    247: 106
    248: 33
    249: 26
    250: 22
    251: 37
    252: 22
    253: 30
    254: 26
    255: 22
    256: 22
    257: 7
    258: 12
    259: 96
    260: 30
    261: 36
    262: 24
    263: 17
    264: 150
    265: 138
    266: 33
    267: 26
    268: 19
    269: 9
    270: 3
    271: 21
    272: 27
    273: 44
    274: 36
    275: 56
    276:   )
    277: }
    278: transform { function = none }
    279: regression { aictest = (td easter) }
    280: automdl {}
    281: x11 { mode = add save = (d10 d11) }
        bps_permits 43580            PAGE   2, SERIES bps_permits_addi

 A 1  Time series data (for the span analyzed)
  From  2004.Jan to 2026.Jun
  Observations        270
 -----------------------------------------------------------------------------
               Jan      Feb      Mar      Apr      May      Jun 
               Jul      Aug      Sep      Oct      Nov      Dec        TOTAL  
 -----------------------------------------------------------------------------
  2004          13.      17.      52.      42.      28.      86.
                27.      26.      19.      32.      22.      16.          380.
 
  2005          13.      16.      25.      21.      26.      29.
                16.      20.      22.      24.      18.      25.          255.
 
  2006          12.      12.      23.      17.      28.      21.
                17.      33.      21.      17.      17.      10.          228.
 
  2007           7.      10.       9.      27.      26.      13.
                15.      39.      14.      13.      14.       8.          195.
 
  2008           8.       9.      15.      21.      17.      11.
                13.       9.      11.      10.       6.       2.          132.
 
  2009           3.       4.       6.       8.       9.      13.
                15.      17.      15.       9.       8.       7.          114.
 
  2010           2.       8.       6.      22.      17.      15.
                14.      16.      22.      12.      12.       6.          152.
 
  2011           3.       3.       8.      11.      15.      14.
                14.      18.      15.      14.      12.       7.          134.
 
  2012           6.       7.      10.      18.      22.      27.
                14.      15.      22.      25.      18.      16.          200.
 
  2013           8.      18.      21.      34.      28.      17.
                31.      22.      19.      27.      20.      12.          257.
 
  2014          12.      16.      32.      48.      23.      23.
                21.      22.      26.      27.      13.      11.          274.
 
  2015           5.       5.      10.      15.      14.      11.
                10.      11.      14.      11.       8.       7.          121.
 
  2016           5.       8.      12.      16.      14.      15.
                 9.      13.      13.       9.      10.       6.          130.
 
  2017           8.       8.      11.      16.      13.      17.
                10.      19.       9.      10.      10.      10.          141.
 
  2018          11.       7.      11.      17.      16.      12.
                14.      16.       8.      13.      13.       5.          143.
 
  2019           5.       7.       7.      13.      12.      15.
                15.      13.      14.      20.       9.      12.          142.
 
  2020          11.      12.      16.       9.      13.      13.
                12.      19.      16.      14.      11.      14.          160.
 
  2021           9.      10.      17.      20.      16.      16.
                16.      15.      15.      16.      16.       9.          175.
 
  2022          23.      28.      37.      42.      24.      42.
                22.      17.      42.      88.      18.      58.          441.
 
  2023           7.      14.      15.      22.      35.      24.
                79.      26.      22.      67.      12.      18.          341.
 
  2024           9.     106.      33.      26.      22.      37.
                22.      30.      26.      22.      22.       7.          362.
 
  2025          12.      96.      30.      36.      24.      17.
               150.     138.      33.      26.      19.       9.          590.
 
  2026           3.      21.      27.      44.      36.      56.
                                                                          187.
 
  AVGE           8.      19.      19.      24.      21.      24.
                25.      25.      19.      23.      14.      13.

  Table Total-        5254.   Mean-        19.   Std. Dev.-        18.
                              Min -         2.        Max -       150.
        bps_permits 43580            PAGE   3, SERIES bps_permits_addi
                        Automatic ARIMA Model Selection

                    Procedure based closely on TRAMO method 
                         of Gomez and Maravall (2000)
              "Automatic Modeling Methods for Univariate Series",
                            A Course in Time Series
                  (Edited by D. Pena, G. C. Tiao, R. S. Tsay),
                         New York : J. Wiley and Sons


     Maximum order for regular ARMA parameters :   2
     Maximum order for seasonal ARMA parameters :   1
     Maximum order for regular differencing :   2
     Maximum order for seasonal differencing :   1

   Results of Unit Root Test for identifying orders of differencing:
     Regular difference order :   0
     Seasonal difference order :   0

  Automatic model choice : (1 0 2)(1 0 0)


  Final Checks for Identified Model


  Checking for Unit Roots.
   Regular unit root found.
   ( 0, 1, 2) ( 1, 0, 0)
  Constant term removed from model

  Checking for nonseasonal overdifferencing.
   Nonseasonal MA not within  0.001 of 1.0 - model passes test.

  Checking for insignificant ARMA coefficients.

  Final automatic model choice : (0 1 2)(1 0 0)
   End of automatic model selection procedure.

 Average absolute percentage error in within-sample forecasts:
  Last year: 111.05      Last-1 year:  76.91     Last-2 year:  54.93
  Last three years:   80.96

 Estimation converged in    5 ARMA iterations,   21 function evaluations.

 ARIMA Model:  (0 1 2)(1 0 0)
   Nonseasonal differences: 1
                                              Standard
 Parameter                    Estimate          Errors
 -----------------------------------------------------
 Seasonal AR                                       
   Lag 12                       0.2989         0.07373

 Nonseasonal MA                                    
   Lag  1                       0.6718         0.05924
   Lag  2                       0.2514         0.05947

 Variance                       0.22947E+03
 SE of Var                      0.19786E+02
 -----------------------------------------------------

 Likelihood Statistics
 ------------------------------------------------------------------
 Number of observations (nobs)                                  270
 Effective number of observations (nefobs)                      269
 Number of parameters estimated (np)                              4
 Log likelihood (L)                                      -1114.0994
 AIC                                                      2236.1989 
 AICC (F-corrected-AIC)                                   2236.3504 
 Hannan Quinn                                             2241.9734 
 BIC                                                      2250.5777 
 ------------------------------------------------------------------

 QS Statistic for regARIMA Model Residuals (full series):             0.00
                                                       (P-Value =     1.0000)

 QS Statistic for regARIMA Model Residuals (starting 2018.Jul):       0.00
                                                       (P-Value =     1.0000)
      10*LOG(SPECTRUM) of the regARIMA model residuals
      Spectrum estimated from 2018.Jul to 2026.Jun.
 ++++++++++I+++++++++++++++++++++++++++++++++++++++++++++++++++++++++++++I
      33.01I              *                                              I     33.01
           I              *                                              I
           I              *                                              I
           I              *                                              I
      31.79I              *                                              I     31.79
           I       *      *                                              I
           I       *      *                                             SI
           I       *      *                                       *     SI
      30.58I       *      *                   *                   *     SI     30.58
           I       *      *                   *                *  *     SI
           I       *      *                   *                *  *     SI
           I       *      *       *      *    *                *  *     SI
      29.37I       *      *       *      *    *        *       *  *     SI     29.37
           I       *      *       *      *    **       *       *  *     SI
           I       *      *      **     **    **       *  *    *  *     SI
           I       *      **     **     **    **       * **    *  *     SI
      28.16I       *  S   **     **     **    **      T* **    *T *     SI     28.16
           I       ** S   **     **     **    **      T* **    *T**     SI
           I       ** S   **     **     **    **      T* **    *T**     SI
           I      ****S   **    S**    ***    **  **  T****   S*T**     SI
      26.95I      ****S   **    S**    ***    **  **  T****   S*T**     SI     26.95
           I      ****S   **   *S**    ***    **  **  T****   S*T**     SI
           I      ****S  ***   *S**    ***    **  **  T****   S*T**     SI
           I      ****S* ***   *S***  ****    **  **  T****   S*T**     SI
      25.74I      ****S* ***   *S***  ****    **  **  T****   S*T***   *SI     25.74
           I      ****S* ***   *S***  ****S   **  ** *T****   S*T***   *SI
           I      ****S* ***   *S***  ****S   **  **S*T****   S*T***   *SI
           I      ****S* ***  **S***  ****S   **  **S*T****   S*T***   *SI
      24.53I      ****S*****  **S***  ****S   ******S*T*****  S*T***   *SI     24.53
           I      ****S*****  **S*** *****S   ******S*T*****  S*T***   *SI
           I      ****S****** **S*********S   ******S*T*****  S*T***   *SI
           I   *  ****S****** **S*********S  *******S*T*****  S*T***   *SI
      23.31I   *  ****S*********S*********S  *******S*T***** *S*T***   *SI     23.31
           I   * *****S*********S*********S  *******S*T***** *S*T***   *SI
           I   * *****S*********S*********S  *******S*T***** *S*T***   *SI
           I   *******S*********S*********S  *******S*T*******S*T***   *SI
      22.10I   *******S*********S*********S  *******S*T*******S*T***   *SI     22.10
           I   *******S*********S*********S* *******S*T*******S*T**** **SI
           I  ********S*********S*********S* *******S*T*******S*T**** **SI
           I  ********S*********S*********S*********S*T*******S*T**** **SI
      20.89I  ********S*********S*********S*********S*T*******S*T**** **SI     20.89
           I  ********S*********S*********S*********S*T*******S*T*******SI
           I  ********S*********S*********S*********S*T*******S*T*******SI
           I  ********S*********S*********S*********S*T*******S*T*******SI
      19.68I  ********S*********S*********S*********S*T*******S*T*******SI     19.68
           I  ********S*********S*********S*********S*T*******S*T*******SI
           I  ********S*********S*********S*********S*T*******S*T*******SI
           I  ********S*********S*********S*********S*T*******S*T*******SI
      18.47I  ********S*********S*********S*********S*T*******S*T*******SI     18.47
           I *********S*********S*********S*********S*T*******S*T*******SI
           I *********S*********S*********S*********S*T*******S*T*******SI
           I *********S*********S*********S*********S*T*******S*T*******SI
      17.26I**********S*********S*********S*********S*T*******S*T*******SI     17.26
 ++++++++++I+++++++++++++++++++++++++++++++++++++++++++++++++++++++++++++I
            S=SEASONAL FREQUENCIES, T=TRADING DAY FREQUENCIES


 FORECASTING
  Origin  2026.Jun
  Number        12

  Forecasts and Standard Errors
   ------------------------------
                         Standard
       Date   Forecast      Error
   ------------------------------
   2026.Jul      79.15     15.148
   2026.Aug      69.41     15.943
   2026.Sep      38.03     15.986
   2026.Oct      35.93     16.028
   2026.Nov      33.84     16.070
   2026.Dec      30.85     16.112
   2027.Jan      29.06     16.154
   2027.Feb      34.44     16.196
   2027.Mar      36.23     16.237
   2027.Apr      41.31     16.279
   2027.May      38.92     16.320
   2027.Jun      44.90     16.362
   ------------------------------

  Confidence intervals with coverage probability ( 0.95000
   ---------------------------------------
       Date      Lower  Forecast     Upper
   ---------------------------------------
   2026.Jul     49.461    79.151   108.841
   2026.Aug     38.164    69.413   100.661
   2026.Sep      6.695    38.026    69.357
   2026.Oct      4.520    35.934    67.347
   2026.Nov      2.345    33.841    65.338
   2026.Dec     -0.727    30.852    62.431
   2027.Jan     -2.602    29.059    60.719
   2027.Feb      2.696    34.439    66.182
   2027.Mar      4.408    36.233    68.057
   2027.Apr      9.408    41.314    73.220
   2027.May      6.936    38.923    70.910
   2027.Jun     12.833    44.901    76.969
   ---------------------------------------
        bps_permits 43580            PAGE   4, SERIES bps_permits_addi

 B 1  Original series (prior adjusted)
  From  2004.Jan to 2026.Jun
  Observations        270
 -----------------------------------------------------------------------------
               Jan      Feb      Mar      Apr      May      Jun 
               Jul      Aug      Sep      Oct      Nov      Dec        TOTAL  
 -----------------------------------------------------------------------------
  2004          13.      17.      52.      42.      28.      86.
                27.      26.      19.      32.      22.      16.          380.
 
  2005          13.      16.      25.      21.      26.      29.
                16.      20.      22.      24.      18.      25.          255.
 
  2006          12.      12.      23.      17.      28.      21.
                17.      33.      21.      17.      17.      10.          228.
 
  2007           7.      10.       9.      27.      26.      13.
                15.      39.      14.      13.      14.       8.          195.
 
  2008           8.       9.      15.      21.      17.      11.
                13.       9.      11.      10.       6.       2.          132.
 
  2009           3.       4.       6.       8.       9.      13.
                15.      17.      15.       9.       8.       7.          114.
 
  2010           2.       8.       6.      22.      17.      15.
                14.      16.      22.      12.      12.       6.          152.
 
  2011           3.       3.       8.      11.      15.      14.
                14.      18.      15.      14.      12.       7.          134.
 
  2012           6.       7.      10.      18.      22.      27.
                14.      15.      22.      25.      18.      16.          200.
 
  2013           8.      18.      21.      34.      28.      17.
                31.      22.      19.      27.      20.      12.          257.
 
  2014          12.      16.      32.      48.      23.      23.
                21.      22.      26.      27.      13.      11.          274.
 
  2015           5.       5.      10.      15.      14.      11.
                10.      11.      14.      11.       8.       7.          121.
 
  2016           5.       8.      12.      16.      14.      15.
                 9.      13.      13.       9.      10.       6.          130.
 
  2017           8.       8.      11.      16.      13.      17.
                10.      19.       9.      10.      10.      10.          141.
 
  2018          11.       7.      11.      17.      16.      12.
                14.      16.       8.      13.      13.       5.          143.
 
  2019           5.       7.       7.      13.      12.      15.
                15.      13.      14.      20.       9.      12.          142.
 
  2020          11.      12.      16.       9.      13.      13.
                12.      19.      16.      14.      11.      14.          160.
 
  2021           9.      10.      17.      20.      16.      16.
                16.      15.      15.      16.      16.       9.          175.
 
  2022          23.      28.      37.      42.      24.      42.
                22.      17.      42.      88.      18.      58.          441.
 
  2023           7.      14.      15.      22.      35.      24.
                79.      26.      22.      67.      12.      18.          341.
 
  2024           9.     106.      33.      26.      22.      37.
                22.      30.      26.      22.      22.       7.          362.
 
  2025          12.      96.      30.      36.      24.      17.
               150.     138.      33.      26.      19.       9.          590.
 
  2026           3.      21.      27.      44.      36.      56.
                                                                          187.
 
  AVGE           8.      19.      19.      24.      21.      24.
                25.      25.      19.      23.      14.      13.

  Table Total-        5254.   Mean-        19.   Std. Dev.-        18.
                              Min -         2.        Max -       150.

 B 1.A  Forecasts of (prior adjusted) original series
  From  2026.Jul to 2027.Jun
  Observations         12
 -----------------------------------------------------------------------------
               Jan      Feb      Mar      Apr      May      Jun 
               Jul      Aug      Sep      Oct      Nov      Dec        TOTAL  
 -----------------------------------------------------------------------------
  2026                                                          
                79.      69.      38.      36.      34.      31.          287.
 
  2027          29.      34.      36.      41.      39.      45.
                                                                          225.
 
        bps_permits 43580            PAGE   5, SERIES bps_permits_addi

 C 17  Final weights for irregular component
  From  2004.Jan to 2026.Jun
  Observations        270
  Lower sigma limit    1.50
  Upper sigma limit    2.50
 -----------------------------------------------------------------------------
               Jan      Feb      Mar      Apr      May      Jun 
               Jul      Aug      Sep      Oct      Nov      Dec         S.D.  
 -----------------------------------------------------------------------------
  2004          58.      52.       8.     100.       0.       0.
               100.      11.      95.     100.     100.     100.          522.
 
  2005         100.     100.     100.     100.     100.     100.
               100.     100.     100.     100.     100.      81.          522.
 
  2006         100.     100.     100.     100.     100.     100.
               100.     100.     100.     100.     100.     100.          522.
 
  2007         100.     100.       3.      30.     100.      37.
               100.       0.     100.     100.     100.     100.          350.
 
  2008         100.     100.     100.      99.     100.     100.
               100.      43.     100.     100.     100.     100.          323.
 
  2009         100.     100.     100.      96.     100.     100.
               100.     100.     100.     100.     100.     100.          301.
 
  2010         100.     100.      88.      69.     100.     100.
               100.     100.       0.     100.     100.     100.          249.
 
  2011         100.     100.     100.      49.     100.     100.
               100.     100.     100.     100.     100.     100.          266.
 
  2012         100.     100.     100.     100.     100.       0.
               100.     100.     100.     100.     100.     100.          290.
 
  2013         100.     100.     100.      74.     100.       8.
                 0.     100.      51.     100.     100.      87.          268.
 
  2014         100.     100.       0.       0.       0.     100.
               100.     100.     100.      75.     100.     100.          259.
 
  2015         100.     100.     100.     100.     100.     100.
               100.     100.     100.     100.     100.     100.          255.
 
  2016         100.     100.     100.     100.     100.     100.
               100.     100.     100.     100.     100.     100.          230.
 
  2017         100.     100.     100.     100.     100.      84.
               100.       0.      65.      89.     100.     100.          180.
 
  2018         100.     100.     100.     100.     100.     100.
               100.     100.     100.     100.      37.     100.          247.
 
  2019         100.     100.     100.     100.     100.     100.
               100.     100.     100.     100.     100.     100.          319.
 
  2020         100.     100.     100.     100.     100.     100.
               100.     100.     100.     100.     100.     100.          599.
 
  2021         100.     100.     100.     100.     100.     100.
               100.     100.     100.     100.     100.     100.          842.
 
  2022         100.     100.     100.     100.     100.     100.
                 0.      57.     100.       0.     100.       0.          965.
 
  2023         100.     100.     100.     100.     100.     100.
                28.     100.     100.      84.     100.     100.         1243.
 
  2024         100.       0.     100.     100.     100.     100.
                26.     100.     100.     100.     100.     100.         1272.
 
  2025         100.       0.     100.     100.     100.       0.
                 0.       0.     100.      45.     100.     100.         1222.
 
  2026         100.     100.     100.     100.     100.     100.
                                                                         1222.
 
        bps_permits 43580            PAGE   6, SERIES bps_permits_addi

 D 8  Final unmodified SI ratios
  From  2004.Jan to 2026.Jun
  Observations        270
 -----------------------------------------------------------------------------
               Jan      Feb      Mar      Apr      May      Jun 
               Jul      Aug      Sep      Oct      Nov      Dec         AVGE  
 -----------------------------------------------------------------------------
  2004         -23.     -18.      17.       7.      -6.      53.
                -5.      -4.      -9.       6.      -3.      -7.            1.
 
  2005          -9.      -5.       4.       1.       6.       9.
                -4.      -0.       1.       3.      -3.       4.            1.
 
  2006          -9.      -8.       3.      -3.       8.       1.
                -2.      14.       2.      -1.      -1.      -8.           -0.
 
  2007         -10.      -7.      -8.      11.      10.      -3.
                -1.      24.      -1.      -2.      -1.      -7.            0.
 
  2008          -6.      -5.       1.       8.       5.      -1.
                 2.      -1.       2.       1.      -2.      -6.           -0.
 
  2009          -5.      -4.      -2.      -0.       0.       4.
                 6.       7.       5.      -2.      -3.      -4.            0.
 
  2010         -10.      -4.      -6.      10.       5.       3.
                 2.       4.      10.       0.       1.      -5.            1.
 
  2011          -8.      -8.      -3.       0.       4.       3.
                 2.       6.       3.       1.      -1.      -6.           -0.
 
  2012          -7.      -6.      -3.       5.       8.      12.
                -1.      -1.       5.       7.      -2.      -5.            1.
 
  2013         -13.      -4.      -1.      12.       6.      -5.
                 9.       1.      -2.       6.      -1.      -9.           -0.
 
  2014         -10.      -6.       9.      25.      -0.       0.
                -1.       1.       6.       8.      -4.      -4.            2.
 
  2015          -9.      -7.      -1.       5.       4.       2.
                 1.       1.       4.       1.      -3.      -4.           -0.
 
  2016          -6.      -3.       1.       5.       3.       4.
                -2.       2.       2.      -2.      -1.      -5.           -0.
 
  2017          -3.      -3.      -0.       5.       2.       6.
                -1.       8.      -2.      -1.      -2.      -2.            0.
 
  2018          -1.      -5.      -1.       5.       4.      -0.
                 2.       5.      -3.       3.       3.      -5.            0.
 
  2019          -4.      -3.      -3.       3.       1.       3.
                 3.      -0.       0.       6.      -5.      -2.           -0.
 
  2020          -3.      -1.       3.      -3.       1.       1.
                -0.       6.       3.      -0.      -4.      -1.            0.
 
  2021          -6.      -5.       2.       6.       3.       3.
                 3.       1.      -0.      -1.      -4.     -14.           -1.
 
  2022          -3.      -1.       6.       9.     -10.       7.
               -12.     -16.      11.      59.      -9.      32.            6.
 
  2023         -17.     -10.      -8.      -2.      11.      -2.
                52.      -3.      -8.      36.     -20.     -14.            1.
 
  2024         -22.      76.       4.      -1.      -3.      13.
                -1.       7.       3.      -2.      -4.     -21.            4.
 
  2025         -19.      63.      -6.      -2.     -15.     -22.
               111.     100.      -4.      -9.     -15.     -24.           13.
 
  2026         -30.     -12.      -7.       8.      -1.      17.
                                                                           -4.
 
  AVGE         -10.       1.       0.       5.       2.       5.
                 7.       7.       1.       5.      -4.      -5.

  Table Total-         315.   Mean-         1.   Std. Dev.-        15.
                              Min -       -30.        Max -       111.
        bps_permits 43580            PAGE   7, SERIES bps_permits_addi

 D 8.B  Final unmodified SI ratios, with labels for outliers and extreme values
  From  2004.Jan to 2026.Jun
  Observations        270
 ---------------------------------------------------------------------
               Jan       Feb       Mar       Apr       May       Jun  
               Jul       Aug       Sep       Oct       Nov       Dec  
 ---------------------------------------------------------------------
  2004        -23.*     -18.*      17.*       7.       -6.*      53.* 
               -5.       -4.*      -9.*       6.       -3.       -7.  
 
  2005         -9.       -5.        4.        1.        6.        9.  
               -4.       -0.        1.        3.       -3.        4.* 
 
  2006         -9.       -8.        3.       -3.        8.        1.  
               -2.       14.        2.       -1.       -1.       -8.  
 
  2007        -10.       -7.       -8.*      11.*      10.       -3.* 
               -1.       24.*      -1.       -2.       -1.       -7.  
 
  2008         -6.       -5.        1.        8.*       5.       -1.  
                2.       -1.*       2.        1.       -2.       -6.  
 
  2009         -5.       -4.       -2.       -0.*       0.        4.  
                6.        7.        5.       -2.       -3.       -4.  
 
  2010        -10.       -4.       -6.*      10.*       5.        3.  
                2.        4.       10.*       0.        1.       -5.  
 
  2011         -8.       -8.       -3.        0.*       4.        3.  
                2.        6.        3.        1.       -1.       -6.  
 
  2012         -7.       -6.       -3.        5.        8.       12.* 
               -1.       -1.        5.        7.       -2.       -5.  
 
  2013        -13.       -4.       -1.       12.*       6.       -5.* 
                9.*       1.       -2.*       6.       -1.       -9.* 
 
  2014        -10.       -6.        9.*      25.*      -0.*       0.  
               -1.        1.        6.        8.*      -4.       -4.  
 
  2015         -9.       -7.       -1.        5.        4.        2.  
                1.        1.        4.        1.       -3.       -4.  
 
  2016         -6.       -3.        1.        5.        3.        4.  
               -2.        2.        2.       -2.       -1.       -5.  
 
  2017         -3.       -3.       -0.        5.        2.        6.* 
               -1.        8.*      -2.*      -1.*      -2.       -2.  
 
  2018         -1.       -5.       -1.        5.        4.       -0.  
                2.        5.       -3.        3.        3.*      -5.  
 
  2019         -4.       -3.       -3.        3.        1.        3.  
                3.       -0.        0.        6.       -5.       -2.  
 
  2020         -3.       -1.        3.       -3.        1.        1.  
               -0.        6.        3.       -0.       -4.       -1.  
 
  2021         -6.       -5.        2.        6.        3.        3.  
                3.        1.       -0.       -1.       -4.      -14.  
 
  2022         -3.       -1.        6.        9.      -10.        7.  
              -12.*     -16.*      11.       59.*      -9.       32.* 
 
  2023        -17.      -10.       -8.       -2.       11.       -2.  
               52.*      -3.       -8.       36.*     -20.      -14.  
 
  2024        -22.       76.*       4.       -1.       -3.       13.  
               -1.*       7.        3.       -2.       -4.      -21.  
 
  2025        -19.       63.*      -6.       -2.      -15.      -22.* 
              111.*     100.*      -4.       -9.*     -15.      -24.  
 
  2026        -30.      -12.       -7.        8.       -1.       17.  
                                                                      
 

  Key to symbols:
    *  : extreme value as determined by X-11 extreme value procedure
 
        bps_permits 43580            PAGE   8, SERIES bps_permits_addi

 D 9  Final replacement values for SI ratios
  From  2004.Jan to 2026.Jun
  Observations        270
 ---------------------------------------------------------------
               Jan      Feb      Mar      Apr      May      Jun 
               Jul      Aug      Sep      Oct      Nov      Dec 
 ---------------------------------------------------------------
  2004         -18.     -13.       5. ********      11.       9.
           ********       7.      -9. ******** ******** ********
 
  2005     ******** ******** ******** ******** ******** ********
           ******** ******** ******** ******** ********       3.
 
  2006     ******** ******** ******** ******** ******** ********
           ******** ******** ******** ******** ******** ********
 
  2007     ******** ********       1.       5. ********       2.
           ********       7. ******** ******** ******** ********
 
  2008     ******** ******** ********       8. ******** ********
           ********       3. ******** ******** ******** ********
 
  2009     ******** ******** ********      -0. ******** ********
           ******** ******** ******** ******** ******** ********
 
  2010     ******** ********      -6.       8. ******** ********
           ******** ********       4. ******** ******** ********
 
  2011     ******** ******** ********       3. ******** ********
           ******** ******** ******** ******** ******** ********
 
  2012     ******** ******** ******** ******** ********       2.
           ******** ******** ******** ******** ******** ********
 
  2013     ******** ******** ********      11. ********       1.
                -0. ********       0. ******** ********      -9.
 
  2014     ******** ********       2.       8.       7. ********
           ******** ******** ********       7. ******** ********
 
  2015     ******** ******** ******** ******** ******** ********
           ******** ******** ******** ******** ******** ********
 
  2016     ******** ******** ******** ******** ******** ********
           ******** ******** ******** ******** ******** ********
 
  2017     ******** ******** ******** ******** ********       5.
           ********       3.      -1.      -1. ******** ********
 
  2018     ******** ******** ******** ******** ******** ********
           ******** ******** ******** ********      -0. ********
 
  2019     ******** ******** ******** ******** ******** ********
           ******** ******** ******** ******** ******** ********
 
  2020     ******** ******** ******** ******** ******** ********
           ******** ******** ******** ******** ******** ********
 
  2021     ******** ******** ******** ******** ******** ********
           ******** ******** ******** ******** ******** ********
 
  2022     ******** ******** ******** ******** ******** ********
                16.      -8. ********      14. ********      -8.
 
  2023     ******** ******** ******** ******** ******** ********
                32. ******** ********      33. ******** ********
 
  2024     ********      -1. ******** ******** ******** ********
                20. ******** ******** ******** ******** ********
 
  2025     ********       0. ******** ******** ********      21.
                42.      25. ********       4. ******** ********
 
  2026     ******** ******** ******** ******** ******** ********
                                                                
 

 D 9.A  Moving seasonality ratio
 ---------------------------------------------------------------
               Jan      Feb      Mar      Apr      May      Jun 
 ---------------------------------------------------------------
   I          3.527    3.396    3.416    4.631    5.024    3.396
   S          1.398    0.524    0.713    0.787    0.832    0.917
 RATIO        2.522    6.478    4.794    5.886    6.039    3.703



 ---------------------------------------------------------------
               Jul      Aug      Sep      Oct      Nov      Dec 
 ---------------------------------------------------------------
   I          4.322    5.405    4.554    6.001    3.161    3.537
   S          1.825    0.772    0.714    0.939    0.651    0.978
 RATIO        2.368    7.001    6.378    6.391    4.854    3.618



        bps_permits 43580            PAGE   9, SERIES bps_permits_addi

 D 10  Final seasonal factors
  From  2004.Jan to 2026.Jun
  Observations        270
  Seasonal filter    3 x 5 moving average
 -----------------------------------------------------------------------------
               Jan      Feb      Mar      Apr      May      Jun 
               Jul      Aug      Sep      Oct      Nov      Dec         AVGE  
 -----------------------------------------------------------------------------
  2004         -11.      -8.       4.       2.       9.       6.
                -3.       7.      -1.       2.      -2.      -4.           -0.
 
  2005         -11.      -8.       3.       3.       9.       5.
                -3.       7.      -1.       2.      -2.      -4.           -0.
 
  2006         -10.      -7.       3.       3.       8.       4.
                -2.       6.      -0.       1.      -2.      -5.           -0.
 
  2007          -9.      -6.       1.       3.       6.       3.
                -0.       6.       1.       0.      -2.      -5.           -0.
 
  2008          -8.      -6.      -0.       4.       5.       2.
                 1.       6.       2.      -0.      -1.      -5.            0.
 
  2009          -8.      -5.      -1.       4.       5.       2.
                 2.       5.       3.       0.      -1.      -6.            0.
 
  2010          -8.      -5.      -2.       5.       5.       2.
                 2.       4.       3.       1.      -1.      -6.            0.
 
  2011          -8.      -5.      -2.       6.       5.       2.
                 1.       3.       3.       3.      -1.      -6.            0.
 
  2012          -9.      -6.      -2.       6.       5.       2.
                 1.       2.       3.       4.      -2.      -6.           -0.
 
  2013          -9.      -6.      -1.       7.       6.       2.
                -0.       1.       3.       4.      -2.      -6.           -0.
 
  2014          -9.      -5.      -1.       7.       5.       2.
                -0.       1.       3.       3.      -2.      -5.           -0.
 
  2015          -8.      -5.      -0.       6.       5.       2.
                -1.       1.       2.       2.      -2.      -5.           -0.
 
  2016          -6.      -5.      -0.       6.       4.       3.
                -0.       2.       1.       2.      -2.      -4.           -0.
 
  2017          -5.      -4.      -0.       4.       3.       3.
                 0.       2.       1.       1.      -2.      -3.           -0.
 
  2018          -4.      -4.      -0.       3.       2.       3.
                 1.       3.       0.       1.      -2.      -4.           -0.
 
  2019          -4.      -3.       0.       3.       1.       3.
                 2.       2.       1.       2.      -3.      -4.            0.
 
  2020          -5.      -4.       0.       3.       1.       3.
                 6.       1.       1.       5.      -5.      -6.            0.
 
  2021          -7.      -4.       1.       2.      -0.       3.
                10.       1.       2.       8.      -7.      -8.            0.
 
  2022         -10.      -4.       0.       2.      -1.       5.
                16.       2.       1.      10.      -8.     -12.            0.
 
  2023         -14.      -4.      -1.       2.      -3.       8.
                22.       5.       1.       9.     -10.     -14.            0.
 
  2024         -17.      -5.      -3.       1.      -3.      10.
                29.      10.      -1.       8.     -11.     -17.            0.
 
  2025         -20.      -6.      -4.       1.      -4.      12.
                32.      14.      -2.       5.     -11.     -18.            0.
 
  2026         -21.      -6.      -5.       1.      -4.      14.
                                                                           -4.
 
  AVGE         -10.      -5.      -0.       4.       3.       4.
                 5.       4.       1.       3.      -4.      -7.

  Table Total-         -21.   Mean-        -0.   Std. Dev.-         6.
                              Min -       -21.        Max -        32.

 D 10.A  Final seasonal component forecasts
  From  2026.Jul to 2027.Jun
  Observations         12
 -----------------------------------------------------------------------------
               Jan      Feb      Mar      Apr      May      Jun 
               Jul      Aug      Sep      Oct      Nov      Dec         AVGE  
 -----------------------------------------------------------------------------
  2026                                                          
                33.      17.      -3.       3.     -11.     -19.            3.
 
  2027         -21.      -6.      -5.       2.      -5.      15.
                                                                           -3.
 
        bps_permits 43580            PAGE  10, SERIES bps_permits_addi

 D 11  Final seasonally adjusted data
  From  2004.Jan to 2026.Jun
  Observations        270
 -----------------------------------------------------------------------------
               Jan      Feb      Mar      Apr      May      Jun 
               Jul      Aug      Sep      Oct      Nov      Dec        TOTAL  
 -----------------------------------------------------------------------------
  2004          24.      25.      48.      40.      19.      80.
                30.      19.      20.      30.      24.      20.          380.
 
  2005          24.      24.      22.      18.      17.      24.
                19.      13.      23.      22.      20.      29.          256.
 
  2006          22.      19.      20.      14.      20.      17.
                19.      27.      21.      16.      19.      15.          228.
 
  2007          16.      16.       8.      24.      20.      10.
                15.      33.      13.      13.      16.      13.          195.
 
  2008          16.      15.      15.      17.      12.       9.
                12.       3.       9.      10.       7.       7.          132.
 
  2009          11.       9.       7.       4.       4.      11.
                13.      12.      12.       9.       9.      13.          114.
 
  2010          10.      13.       8.      17.      12.      13.
                12.      12.      19.      11.      13.      12.          152.
 
  2011          11.       8.      10.       5.      10.      12.
                13.      15.      12.      11.      13.      13.          134.
 
  2012          15.      13.      12.      12.      17.      25.
                13.      13.      19.      21.      20.      22.          200.
 
  2013          17.      24.      22.      27.      22.      15.
                31.      21.      16.      23.      22.      18.          257.
 
  2014          21.      21.      33.      41.      18.      21.
                21.      21.      23.      24.      15.      16.          275.
 
  2015          13.      10.      10.       9.       9.       9.
                11.      10.      12.       9.      10.      12.          122.
 
  2016          11.      13.      12.      10.      10.      12.
                 9.      11.      12.       7.      12.      10.          131.
 
  2017          13.      12.      11.      12.      10.      14.
                10.      17.       8.       9.      12.      13.          141.
 
  2018          15.      11.      11.      14.      14.       9.
                13.      13.       8.      12.      15.       9.          144.
 
  2019           9.      10.       7.      10.      11.      12.
                13.      11.      13.      18.      12.      16.          142.
 
  2020          16.      16.      16.       6.      12.      10.
                 6.      18.      15.       9.      16.      20.          160.
 
  2021          16.      14.      16.      18.      16.      13.
                 6.      14.      13.       8.      23.      17.          174.
 
  2022          33.      32.      37.      40.      25.      37.
                 6.      15.      41.      78.      26.      70.          440.
 
  2023          21.      18.      16.      20.      38.      16.
                57.      21.      21.      58.      22.      32.          340.
 
  2024          26.     111.      36.      25.      25.      27.
                -7.      20.      27.      14.      33.      24.          361.
 
  2025          32.     102.      34.      35.      28.       5.
               118.     124.      35.      21.      30.      27.          590.
 
  2026          24.      27.      32.      43.      40.      42.
                                                                          208.
 
  AVGE          18.      25.      19.      20.      18.      19.
                20.      21.      18.      20.      18.      19.

  Table Total-        5275.   Mean-        20.   Std. Dev.-        16.
                              Min -        -7.        Max -       124.
        bps_permits 43580            PAGE  11, SERIES bps_permits_addi

 D 12  Final trend cycle
  From  2004.Jan to 2026.Jun
  Observations        270
  Trend filter    23-term Henderson moving average
  I/C ratio        4.44
 -----------------------------------------------------------------------------
               Jan      Feb      Mar      Apr      May      Jun 
               Jul      Aug      Sep      Oct      Nov      Dec        TOTAL  
 -----------------------------------------------------------------------------
  2004          36.      35.      35.      34.      33.      32.
                31.      30.      28.      26.      25.      23.          369.
 
  2005          22.      21.      21.      20.      20.      20.
                20.      20.      21.      21.      21.      21.          247.
 
  2006          21.      21.      20.      20.      20.      20.
                19.      19.      19.      18.      18.      18.          232.
 
  2007          17.      17.      17.      16.      16.      16.
                15.      15.      15.      15.      15.      15.          189.
 
  2008          14.      14.      14.      13.      12.      12.
                11.      10.       9.       9.       8.       8.          134.
 
  2009           8.       8.       8.       8.       9.       9.
                 9.      10.      10.      11.      11.      11.          112.
 
  2010          12.      12.      12.      12.      12.      12.
                12.      12.      12.      12.      11.      11.          143.
 
  2011          11.      10.      10.      11.      11.      11.
                12.      12.      12.      13.      13.      13.          138.
 
  2012          13.      13.      13.      13.      14.      15.
                15.      16.      17.      18.      20.      21.          189.
 
  2013          21.      22.      22.      22.      22.      22.
                21.      21.      21.      21.      21.      21.          259.
 
  2014          22.      22.      23.      23.      23.      23.
                22.      21.      20.      19.      17.      15.          251.
 
  2015          14.      12.      11.      10.       9.       9.
                 9.      10.      10.      10.      11.      11.          126.
 
  2016          11.      11.      11.      11.      11.      11.
                11.      11.      11.      11.      11.      11.          132.
 
  2017          11.      11.      11.      11.      11.      11.
                11.      11.      11.      11.      12.      12.          136.
 
  2018          12.      12.      12.      12.      12.      12.
                12.      11.      11.      10.      10.      10.          138.
 
  2019          10.       9.      10.      10.      11.      11.
                12.      13.      14.      14.      14.      14.          143.
 
  2020          14.      13.      13.      12.      12.      12.
                12.      13.      13.      14.      15.      15.          159.
 
  2021          16.      15.      15.      14.      13.      13.
                13.      13.      15.      17.      20.      23.          188.
 
  2022          26.      29.      32.      33.      34.      35.
                34.      33.      31.      29.      27.      26.          369.
 
  2023          24.      24.      23.      23.      24.      26.
                27.      29.      30.      31.      32.      32.          325.
 
  2024          31.      30.      29.      27.      25.      24.
                23.      23.      23.      24.      26.      28.          312.
 
  2025          30.      33.      36.      38.      39.      40.
                40.      39.      37.      35.      33.      32.          433.
 
  2026          32.      33.      34.      36.      38.      40.
                                                                          213.
 
  AVGE          19.      19.      19.      19.      19.      19.
                18.      18.      18.      18.      18.      18.

  Table Total-        4937.   Mean-        18.   Std. Dev.-         8.
                              Min -         8.        Max -        40.
        bps_permits 43580            PAGE  12, SERIES bps_permits_addi

 D 13  Final irregular component
  From  2004.Jan to 2026.Jun
  Observations        270
 -----------------------------------------------------------------------------
               Jan      Feb      Mar      Apr      May      Jun 
               Jul      Aug      Sep      Oct      Nov      Dec         S.D.  
 -----------------------------------------------------------------------------
  2004         -11.     -10.      13.       5.     -14.      48.
                -1.     -11.      -8.       4.      -1.      -3.           16.
 
  2005           2.       3.       1.      -2.      -3.       4.
                -1.      -7.       3.       2.      -1.       9.            4.
 
  2006           1.      -1.       0.      -6.       1.      -3.
                -1.       8.       3.      -2.       1.      -3.            3.
 
  2007          -2.      -1.      -9.       8.       4.      -6.
                -0.      17.      -2.      -2.       1.      -2.            6.
 
  2008           1.       0.       1.       4.      -1.      -3.
                 1.      -7.      -0.       2.      -1.      -1.            3.
 
  2009           3.       2.      -0.      -5.      -4.       2.
                 4.       2.       2.      -2.      -2.       1.            3.
 
  2010          -2.       1.      -4.       5.       0.       0.
                -0.      -0.       7.      -1.       2.       1.            3.
 
  2011           1.      -2.      -0.      -5.      -1.       1.
                 1.       3.      -1.      -1.       0.      -0.            2.
 
  2012           2.      -0.      -1.      -2.       3.      10.
                -2.      -4.       1.       3.       0.       1.            4.
 
  2013          -4.       2.      -0.       5.      -0.      -7.
                10.      -1.      -5.       2.       1.      -4.            4.
 
  2014          -1.      -1.      10.      18.      -5.      -2.
                -1.      -1.       3.       5.      -2.       1.            7.
 
  2015          -1.      -2.      -1.      -1.      -0.      -0.
                 1.       0.       2.      -2.      -1.       1.            1.
 
  2016           0.       1.       1.      -1.      -1.       1.
                -2.       0.       1.      -3.       1.      -1.            1.
 
  2017           1.       1.      -0.       0.      -1.       3.
                -1.       5.      -3.      -3.       0.       2.            2.
 
  2018           3.      -2.      -1.       1.       1.      -3.
                 1.       2.      -3.       1.       5.      -1.            2.
 
  2019          -1.       1.      -3.      -0.       0.       1.
                 1.      -2.      -1.       3.      -2.       2.            2.
 
  2020           2.       2.       3.      -6.       0.      -1.
                -6.       5.       2.      -5.       1.       5.            4.
 
  2021           0.      -2.       1.       4.       3.       0.
                -7.       1.      -2.      -9.       3.      -6.            4.
 
  2022           7.       3.       5.       7.      -9.       2.
               -28.     -18.      10.      49.      -1.      44.           22.
 
  2023          -3.      -5.      -7.      -3.      13.      -9.
                30.      -8.      -9.      27.     -10.       1.           14.
 
  2024          -5.      81.       7.      -2.      -0.       3.
               -30.      -3.       4.     -10.       8.      -4.           25.
 
  2025           2.      69.      -2.      -3.     -12.     -35.
                78.      86.      -2.     -15.      -3.      -6.           41.
 
  2026          -8.      -6.      -2.       7.       2.       2.
                                                                            5.
 
  S.D.           4.      22.       5.       6.       6.      13.
                20.      20.       4.      13.       3.      10.

  Table Total-         338.   Mean-         1.   Std. Dev.-        12.
                              Min -       -35.        Max -        86.
        bps_permits 43580            PAGE  13, SERIES bps_permits_addi

 D 16  Combined adjustment factors
  From  2004.Jan to 2026.Jun
  Observations        270
 -----------------------------------------------------------------------------
               Jan      Feb      Mar      Apr      May      Jun 
               Jul      Aug      Sep      Oct      Nov      Dec         AVGE  
 -----------------------------------------------------------------------------
  2004         -11.      -8.       4.       2.       9.       6.
                -3.       7.      -1.       2.      -2.      -4.           -0.
 
  2005         -11.      -8.       3.       3.       9.       5.
                -3.       7.      -1.       2.      -2.      -4.           -0.
 
  2006         -10.      -7.       3.       3.       8.       4.
                -2.       6.      -0.       1.      -2.      -5.           -0.
 
  2007          -9.      -6.       1.       3.       6.       3.
                -0.       6.       1.       0.      -2.      -5.           -0.
 
  2008          -8.      -6.      -0.       4.       5.       2.
                 1.       6.       2.      -0.      -1.      -5.            0.
 
  2009          -8.      -5.      -1.       4.       5.       2.
                 2.       5.       3.       0.      -1.      -6.            0.
 
  2010          -8.      -5.      -2.       5.       5.       2.
                 2.       4.       3.       1.      -1.      -6.            0.
 
  2011          -8.      -5.      -2.       6.       5.       2.
                 1.       3.       3.       3.      -1.      -6.            0.
 
  2012          -9.      -6.      -2.       6.       5.       2.
                 1.       2.       3.       4.      -2.      -6.           -0.
 
  2013          -9.      -6.      -1.       7.       6.       2.
                -0.       1.       3.       4.      -2.      -6.           -0.
 
  2014          -9.      -5.      -1.       7.       5.       2.
                -0.       1.       3.       3.      -2.      -5.           -0.
 
  2015          -8.      -5.      -0.       6.       5.       2.
                -1.       1.       2.       2.      -2.      -5.           -0.
 
  2016          -6.      -5.      -0.       6.       4.       3.
                -0.       2.       1.       2.      -2.      -4.           -0.
 
  2017          -5.      -4.      -0.       4.       3.       3.
                 0.       2.       1.       1.      -2.      -3.           -0.
 
  2018          -4.      -4.      -0.       3.       2.       3.
                 1.       3.       0.       1.      -2.      -4.           -0.
 
  2019          -4.      -3.       0.       3.       1.       3.
                 2.       2.       1.       2.      -3.      -4.            0.
 
  2020          -5.      -4.       0.       3.       1.       3.
                 6.       1.       1.       5.      -5.      -6.            0.
 
  2021          -7.      -4.       1.       2.      -0.       3.
                10.       1.       2.       8.      -7.      -8.            0.
 
  2022         -10.      -4.       0.       2.      -1.       5.
                16.       2.       1.      10.      -8.     -12.            0.
 
  2023         -14.      -4.      -1.       2.      -3.       8.
                22.       5.       1.       9.     -10.     -14.            0.
 
  2024         -17.      -5.      -3.       1.      -3.      10.
                29.      10.      -1.       8.     -11.     -17.            0.
 
  2025         -20.      -6.      -4.       1.      -4.      12.
                32.      14.      -2.       5.     -11.     -18.            0.
 
  2026         -21.      -6.      -5.       1.      -4.      14.
                                                                           -4.
 
  AVGE         -10.      -5.      -0.       4.       3.       4.
                 5.       4.       1.       3.      -4.      -7.

  Table Total-         -21.   Mean-        -0.   Std. Dev.-         6.
                              Min -       -21.        Max -        32.

 D 16.A  Combined adjustment component forecasts
  From  2026.Jul to 2027.Jun
  Observations         12
 -----------------------------------------------------------------------------
               Jan      Feb      Mar      Apr      May      Jun 
               Jul      Aug      Sep      Oct      Nov      Dec         AVGE  
 -----------------------------------------------------------------------------
  2026                                                          
                33.      17.      -3.       3.     -11.     -19.            3.
 
  2027         -21.      -6.      -5.       2.      -5.      15.
                                                                           -3.
 
        bps_permits 43580            PAGE  14, SERIES bps_permits_addi

 E 4  Differences of annual totals
  From          2004 to 2025
  Observations         22
 -----------------------------------
  Year       Unmodified     Modified
                  (D11)         (E2)
 -----------------------------------
  2004              -0.          -0.
 
  2005              -1.          -1.
 
  2006              -0.          -0.
 
  2007              -0.          -0.
 
  2008               0.           0.
 
  2009               0.           0.
 
  2010               0.           0.
 
  2011               0.           0.
 
  2012              -0.          -0.
 
  2013              -0.          -0.
 
  2014              -1.          -1.
 
  2015              -1.          -1.
 
  2016              -1.          -1.
 
  2017              -0.          -0.
 
  2018              -1.          -1.
 
  2019               0.           0.
 
  2020               0.           0.
 
  2021               1.           1.
 
  2022               1.           1.
 
  2023               1.           1.
 
  2024               1.           1.
 
  2025               0.           0.
 
        bps_permits 43580            PAGE  15, SERIES bps_permits_addi

 E 5  Month-to-month differences in the original series
  From  2004.Feb to 2026.Jun
  Observations        269
 -----------------------------------------------------------------------------
               Jan      Feb      Mar      Apr      May      Jun 
               Jul      Aug      Sep      Oct      Nov      Dec         AVGE  
 -----------------------------------------------------------------------------
  2004                    4.      35.     -10.     -14.      58.
               -59.      -1.      -7.      13.     -10.      -6.            0.
 
  2005          -3.       3.       9.      -4.       5.       3.
               -13.       4.       2.       2.      -6.       7.            1.
 
  2006         -13.       0.      11.      -6.      11.      -7.
                -4.      16.     -12.      -4.       0.      -7.           -1.
 
  2007          -3.       3.      -1.      18.      -1.     -13.
                 2.      24.     -25.      -1.       1.      -6.           -0.
 
  2008           0.       1.       6.       6.      -4.      -6.
                 2.      -4.       2.      -1.      -4.      -4.           -0.
 
  2009           1.       1.       2.       2.       1.       4.
                 2.       2.      -2.      -6.      -1.      -1.            0.
 
  2010          -5.       6.      -2.      16.      -5.      -2.
                -1.       2.       6.     -10.       0.      -6.           -0.
 
  2011          -3.       0.       5.       3.       4.      -1.
                 0.       4.      -3.      -1.      -2.      -5.            0.
 
  2012          -1.       1.       3.       8.       4.       5.
               -13.       1.       7.       3.      -7.      -2.            1.
 
  2013          -8.      10.       3.      13.      -6.     -11.
                14.      -9.      -3.       8.      -7.      -8.           -0.
 
  2014           0.       4.      16.      16.     -25.       0.
                -2.       1.       4.       1.     -14.      -2.           -0.
 
  2015          -6.       0.       5.       5.      -1.      -3.
                -1.       1.       3.      -3.      -3.      -1.           -0.
 
  2016          -2.       3.       4.       4.      -2.       1.
                -6.       4.       0.      -4.       1.      -4.           -0.
 
  2017           2.       0.       3.       5.      -3.       4.
                -7.       9.     -10.       1.       0.       0.            0.
 
  2018           1.      -4.       4.       6.      -1.      -4.
                 2.       2.      -8.       5.       0.      -8.           -0.
 
  2019           0.       2.       0.       6.      -1.       3.
                 0.      -2.       1.       6.     -11.       3.            1.
 
  2020          -1.       1.       4.      -7.       4.       0.
                -1.       7.      -3.      -2.      -3.       3.            0.
 
  2021          -5.       1.       7.       3.      -4.       0.
                 0.      -1.       0.       1.       0.      -7.           -0.
 
  2022          14.       5.       9.       5.     -18.      18.
               -20.      -5.      25.      46.     -70.      40.            4.
 
  2023         -51.       7.       1.       7.      13.     -11.
                55.     -53.      -4.      45.     -55.       6.           -3.
 
  2024          -9.      97.     -73.      -7.      -4.      15.
               -15.       8.      -4.      -4.       0.     -15.           -1.
 
  2025           5.      84.     -66.       6.     -12.      -7.
               133.     -12.    -105.      -7.      -7.     -10.            0.
 
  2026          -6.      18.       6.      17.      -8.      20.
                                                                            8.
 
  AVGE          -4.      11.      -0.       5.      -3.       3.
                 3.      -0.      -6.       4.      -9.      -1.

  Table Total-          43.   Mean-         0.   Std. Dev.-        19.
                              Min -      -105.        Max -       133.
        bps_permits 43580            PAGE  16, SERIES bps_permits_addi

 E 6  Month-to-month differences in seasonally adjusted series (D11)
  From  2004.Feb to 2026.Jun
  Observations        269
 -----------------------------------------------------------------------------
               Jan      Feb      Mar      Apr      May      Jun 
               Jul      Aug      Sep      Oct      Nov      Dec         AVGE  
 -----------------------------------------------------------------------------
  2004                    1.      23.      -9.     -20.      61.
               -50.     -11.       1.      10.      -6.      -4.           -0.
 
  2005           4.       0.      -3.      -3.      -1.       6.
                -5.      -5.      10.      -1.      -3.      10.            1.
 
  2006          -8.      -3.       1.      -6.       6.      -4.
                 2.       8.      -5.      -5.       3.      -4.           -1.
 
  2007           1.       1.      -9.      16.      -4.     -10.
                 5.      18.     -20.      -0.       3.      -3.           -0.
 
  2008           3.      -1.       1.       2.      -6.      -3.
                 3.      -9.       6.       1.      -3.      -0.           -0.
 
  2009           3.      -1.      -2.      -4.       1.       7.
                 2.      -1.       1.      -4.       1.       3.            0.
 
  2010          -3.       3.      -5.       9.      -5.       0.
                -1.      -0.       7.      -8.       3.      -2.           -0.
 
  2011          -0.      -3.       2.      -5.       5.       2.
                 1.       2.      -3.      -0.       2.      -1.            0.
 
  2012           3.      -3.      -1.      -0.       5.       8.
               -12.      -1.       6.       3.      -2.       2.            1.
 
  2013          -4.       6.      -1.       5.      -5.      -7.
                16.     -11.      -5.       7.      -1.      -4.           -0.
 
  2014           3.       1.      11.       9.     -24.       3.
                 1.      -1.       2.       1.      -9.       1.           -0.
 
  2015          -4.      -3.       0.      -1.       1.      -1.
                 2.      -1.       2.      -3.       1.       2.           -0.
 
  2016          -0.       2.      -0.      -2.      -0.       2.
                -3.       2.       1.      -4.       5.      -2.           -0.
 
  2017           3.      -0.      -1.       0.      -2.       4.
                -5.       7.      -8.       0.       3.       1.            0.
 
  2018           1.      -4.       1.       2.       0.      -4.
                 4.      -0.      -5.       4.       4.      -7.           -0.
 
  2019          -0.       2.      -4.       3.       1.       1.
                 1.      -2.       3.       5.      -6.       4.            1.
 
  2020          -1.      -0.      -0.      -9.       6.      -2.
                -4.      11.      -3.      -6.       7.       4.            0.
 
  2021          -4.      -2.       3.       1.      -1.      -3.
                -7.       8.      -1.      -5.      15.      -5.           -0.
 
  2022          16.      -1.       5.       3.     -15.      12.
               -31.       9.      26.      38.     -52.      43.            4.
 
  2023         -49.      -3.      -2.       4.      17.     -22.
                41.     -36.       1.      37.     -36.      11.           -3.
 
  2024          -6.      85.     -75.     -11.       1.       1.
               -33.      27.       7.     -13.      20.     -10.           -1.
 
  2025           8.      70.     -68.       1.      -7.     -23.
               113.       6.     -89.     -15.      10.      -4.            0.
 
  2026          -3.       3.       5.      11.      -2.       2.
                                                                            3.
 
  AVGE          -2.       6.      -5.       1.      -2.       1.
                 2.       1.      -3.       2.      -2.       2.

  Table Total-          18.   Mean-         0.   Std. Dev.-        17.
                              Min -       -89.        Max -       113.
        bps_permits 43580            PAGE  17, SERIES bps_permits_addi

 E 7  Month-to-month differences in final trend cycle (D12)
  From  2004.Feb to 2026.Jun
  Observations        269
 -----------------------------------------------------------------------------
               Jan      Feb      Mar      Apr      May      Jun 
               Jul      Aug      Sep      Oct      Nov      Dec         AVGE  
 -----------------------------------------------------------------------------
  2004                   -0.      -1.      -1.      -1.      -1.
                -1.      -1.      -2.      -2.      -2.      -1.           -1.
 
  2005          -1.      -1.      -1.      -0.      -0.      -0.
                 0.       0.       0.       0.       0.      -0.           -0.
 
  2006          -0.      -0.      -0.      -0.      -0.      -0.
                -0.      -0.      -0.      -0.      -0.      -0.           -0.
 
  2007          -0.      -0.      -0.      -0.      -0.      -0.
                -0.      -0.      -0.      -0.      -0.      -0.           -0.
 
  2008          -0.      -0.      -0.      -1.      -1.      -1.
                -1.      -1.      -1.      -1.      -0.      -0.           -1.
 
  2009          -0.       0.       0.       0.       0.       0.
                 0.       0.       0.       0.       0.       0.            0.
 
  2010           0.       0.       0.       0.       0.       0.
                 0.      -0.      -0.      -0.      -0.      -0.           -0.
 
  2011          -0.      -0.      -0.       0.       0.       0.
                 0.       0.       0.       0.       0.       0.            0.
 
  2012           0.       0.       0.       0.       0.       1.
                 1.       1.       1.       1.       1.       1.            1.
 
  2013           1.       1.       0.       0.      -0.      -0.
                -0.      -0.      -0.      -0.       0.       0.            0.
 
  2014           0.       0.       0.       0.       0.      -0.
                -1.      -1.      -1.      -2.      -2.      -2.           -1.
 
  2015          -2.      -1.      -1.      -1.      -1.      -0.
                 0.       0.       0.       0.       0.       0.           -0.
 
  2016           0.       0.      -0.      -0.      -0.      -0.
                -0.      -0.      -0.       0.       0.       0.            0.
 
  2017           0.       0.       0.      -0.      -0.      -0.
                -0.       0.       0.       0.       0.       0.            0.
 
  2018           0.       0.       0.       0.      -0.      -0.
                -0.      -0.      -0.      -0.      -0.      -0.           -0.
 
  2019          -0.      -0.       0.       0.       1.       1.
                 1.       1.       1.       0.       0.      -0.            0.
 
  2020          -0.      -1.      -1.      -1.      -0.      -0.
                 0.       0.       1.       1.       1.       1.            0.
 
  2021           0.      -0.      -1.      -1.      -1.      -1.
                 0.       1.       2.       2.       3.       3.            1.
 
  2022           3.       3.       2.       2.       1.       0.
                -1.      -1.      -2.      -2.      -2.      -2.            0.
 
  2023          -1.      -1.      -0.       0.       1.       1.
                 2.       2.       1.       1.       1.      -0.            0.
 
  2024          -1.      -1.      -1.      -2.      -2.      -1.
                -1.      -0.       0.       1.       2.       2.           -0.
 
  2025           3.       3.       3.       2.       1.       1.
                -0.      -1.      -2.      -2.      -2.      -1.            0.
 
  2026          -0.       0.       1.       2.       2.       2.
                                                                            1.
 
  AVGE           0.       0.       0.       0.       0.       0.
                -0.      -0.      -0.      -0.       0.       0.

  Table Total-           5.   Mean-         0.   Std. Dev.-         1.
                              Min -        -2.        Max -         3.
        bps_permits 43580            PAGE  18, SERIES bps_permits_addi

 E 8  Month-to-month differences in original series adjusted for calendar factors (A18)
  From  2004.Feb to 2026.Jun
  Observations        269
 -----------------------------------------------------------------------------
               Jan      Feb      Mar      Apr      May      Jun 
               Jul      Aug      Sep      Oct      Nov      Dec         AVGE  
 -----------------------------------------------------------------------------
  2004                    4.      35.     -10.     -14.      58.
               -59.      -1.      -7.      13.     -10.      -6.            0.
 
  2005          -3.       3.       9.      -4.       5.       3.
               -13.       4.       2.       2.      -6.       7.            1.
 
  2006         -13.       0.      11.      -6.      11.      -7.
                -4.      16.     -12.      -4.       0.      -7.           -1.
 
  2007          -3.       3.      -1.      18.      -1.     -13.
                 2.      24.     -25.      -1.       1.      -6.           -0.
 
  2008           0.       1.       6.       6.      -4.      -6.
                 2.      -4.       2.      -1.      -4.      -4.           -0.
 
  2009           1.       1.       2.       2.       1.       4.
                 2.       2.      -2.      -6.      -1.      -1.            0.
 
  2010          -5.       6.      -2.      16.      -5.      -2.
                -1.       2.       6.     -10.       0.      -6.           -0.
 
  2011          -3.       0.       5.       3.       4.      -1.
                 0.       4.      -3.      -1.      -2.      -5.            0.
 
  2012          -1.       1.       3.       8.       4.       5.
               -13.       1.       7.       3.      -7.      -2.            1.
 
  2013          -8.      10.       3.      13.      -6.     -11.
                14.      -9.      -3.       8.      -7.      -8.           -0.
 
  2014           0.       4.      16.      16.     -25.       0.
                -2.       1.       4.       1.     -14.      -2.           -0.
 
  2015          -6.       0.       5.       5.      -1.      -3.
                -1.       1.       3.      -3.      -3.      -1.           -0.
 
  2016          -2.       3.       4.       4.      -2.       1.
                -6.       4.       0.      -4.       1.      -4.           -0.
 
  2017           2.       0.       3.       5.      -3.       4.
                -7.       9.     -10.       1.       0.       0.            0.
 
  2018           1.      -4.       4.       6.      -1.      -4.
                 2.       2.      -8.       5.       0.      -8.           -0.
 
  2019           0.       2.       0.       6.      -1.       3.
                 0.      -2.       1.       6.     -11.       3.            1.
 
  2020          -1.       1.       4.      -7.       4.       0.
                -1.       7.      -3.      -2.      -3.       3.            0.
 
  2021          -5.       1.       7.       3.      -4.       0.
                 0.      -1.       0.       1.       0.      -7.           -0.
 
  2022          14.       5.       9.       5.     -18.      18.
               -20.      -5.      25.      46.     -70.      40.            4.
 
  2023         -51.       7.       1.       7.      13.     -11.
                55.     -53.      -4.      45.     -55.       6.           -3.
 
  2024          -9.      97.     -73.      -7.      -4.      15.
               -15.       8.      -4.      -4.       0.     -15.           -1.
 
  2025           5.      84.     -66.       6.     -12.      -7.
               133.     -12.    -105.      -7.      -7.     -10.            0.
 
  2026          -6.      18.       6.      17.      -8.      20.
                                                                            8.
 
  AVGE          -4.      11.      -0.       5.      -3.       3.
                 3.      -0.      -6.       4.      -9.      -1.

  Table Total-          43.   Mean-         0.   Std. Dev.-        19.
                              Min -      -105.        Max -       133.
        bps_permits 43580            PAGE  19, SERIES bps_permits_addi

 E 18  Final adjustment ratios
  From  2004.Jan to 2026.Jun
  Observations        270
 -----------------------------------------------------------------------------
               Jan      Feb      Mar      Apr      May      Jun 
               Jul      Aug      Sep      Oct      Nov      Dec         AVGE  
 -----------------------------------------------------------------------------
  2004       53.110   66.679  107.889  105.995  146.205  107.410
             89.754  137.152   93.021  106.802   92.669   79.126        98.818
 
  2005       54.001   66.134  116.196  115.944  149.689  122.383
             85.854  149.778   94.367  107.696   91.164   84.954       103.180
 
  2006       55.164   62.327  112.983  120.093  137.466  125.536
             91.764  123.633   98.947  105.892   90.446   68.965        99.435
 
  2007       44.882   61.132  116.857  113.176  133.056  130.633
             98.971  119.220  107.814  101.868   89.475   61.784        98.239
 
  2008       50.827   61.586   98.576  120.394  145.956  127.109
            110.305  307.729  123.987   97.605   80.408   27.679       112.680
 
  2009       28.403   42.507   80.502  225.841  217.596  118.518
            114.272  145.308  121.787  103.496   86.331   55.994       111.713
 
  2010       20.475   60.631   73.170  129.580  136.710  117.809
            116.482  134.754  116.005  112.694   90.371   52.174        96.738
 
  2011       26.423   36.589   77.206  207.488  148.776  117.942
            110.218  120.177  129.492  125.033   89.987   55.711       103.754
 
  2012       39.749   55.866   83.418  152.724  132.950  107.928
            104.830  118.069  118.395  117.266   91.881   73.676        99.729
 
  2013       46.291   76.147   94.584  124.431  126.294  111.785
             99.494  106.850  122.149  117.655   91.493   68.395        98.797
 
  2014       57.534   74.651   98.353  115.907  130.546  109.955
             97.781  105.972  113.281  114.153   86.150   67.776        97.672
 
  2015       39.430   49.636   98.424  172.817  151.088  126.013
             94.141  115.323  120.580  128.247   80.080   60.039       102.985
 
  2016       44.508   62.782   97.524  153.359  137.160  121.088
             97.920  117.303  111.936  121.690   83.358   59.814       100.704
 
  2017       63.317   65.777   96.925  135.742  129.697  118.348
            101.546  114.980  108.789  114.466   82.747   74.522       100.571
 
  2018       73.786   65.693   97.417  124.360  116.784  129.412
            105.389  120.791  101.959  109.917   84.286   57.902        98.975
 
  2019       58.789   68.374  106.844  129.712  109.575  120.950
            116.100  122.020  106.059  112.972   74.379   73.183        99.913
 
  2020       70.567   77.187  103.033  145.556  104.418  123.998
            187.205  106.514  107.650  162.457   68.584   70.077       110.604
 
  2021       56.797   73.309  104.775  113.181   98.931  124.389
            263.906  103.640  114.185  199.769   70.780   52.374       114.670
 
  2022       69.306   87.804  100.002  104.166   95.577  113.692
            367.385  112.686  103.381  112.576   67.933   83.403       118.159
 
  2023       33.326   76.676   94.192  108.134   92.842  149.530
            139.266  125.632  103.452  115.803   55.503   55.661        95.835
 
  2024       34.071   95.352   91.875  105.832   86.937  138.291
           -333.612  148.007   95.872  160.954   66.291   29.610        59.957
 
  2025       37.423   94.327   88.478  104.056   86.347  359.219
            127.246  111.228   93.509  126.782   62.309   33.749       110.389
 
  2026       12.470   77.406   85.294  103.330   89.611  131.830
                                                                        83.323
 
  AVGE       46.550   67.764   96.718  131.818  126.270  132.772
            108.464  130.307  109.392  121.627   80.756   61.208

  Table Total-       27302.   Mean-       101.   Std. Dev.-        51.
                              Min -      -334.        Max -       367.

 E 18.A  Final adjustment ratio forecasts
  From  2026.Jul to 2027.Jun
  Observations         12
 -----------------------------------------------------------------------------
               Jan      Feb      Mar      Apr      May      Jun 
               Jul      Aug      Sep      Oct      Nov      Dec         AVGE  
 -----------------------------------------------------------------------------
  2026                                                          
            173.260  131.486   92.832  109.898   75.074   62.363       107.485
 
  2027       57.823   85.353   88.833  105.054   88.148  148.978
                                                                        95.698
 

  QS statistic for seasonality:
  Original Series                                    14.40  (P-Value =     0.0007)
  Original Series (EV adj)                           14.40  (P-Value =     0.0007)
  Residuals                                           0.00  (P-Value =     1.0000)
  Seasonally Adjusted Series                          0.64  (P-Value =     0.7276)
  Seasonally Adjusted Series (EV adj)                 0.00  (P-Value =     1.0000)
  Irregular Series                                    0.06  (P-Value =     0.9711)
  Irregular Series (EV adj)                           0.00  (P-Value =     1.0000)

  QS statistic for seasonality (starting 2018.Jul):
  Original Series                                     5.87  (P-Value =     0.0532)
  Original Series (EV adj)                            5.87  (P-Value =     0.0532)
  Residuals                                           0.00  (P-Value =     1.0000)
  Seasonally Adjusted Series                          0.32  (P-Value =     0.8539)
  Seasonally Adjusted Series (EV adj)                 0.00  (P-Value =     1.0000)
  Irregular Series                                    0.07  (P-Value =     0.9674)
  Irregular Series (EV adj)                           0.00  (P-Value =     1.0000)


 WARNING: Series should not be a candidate for seasonal adjustment
          because the spectrum of the original series (Table A1 or B1)
          has no visually significant seasonal peaks.

          If this is a component series of an indirectly adjusted
          composite series, consider using type = trend or type = summary
          in the x11 spec.
        bps_permits 43580            PAGE  20, SERIES bps_permits_addi
 G 0  10*LOG(SPECTRUM) of the differenced Original Series
      (Table A1 or B1).  Spectrum estimated from 2018.Jul to 2026.Jun.
 ++++++++++I+++++++++++++++++++++++++++++++++++++++++++++++++++++++++++++I
      37.70I                                                            SI     37.70
           I                                                            SI
           I                                                            SI
           I                                                   *        SI
      35.18I                                                   *        SI     35.18
           I                             *                     *        SI
           I                             *         *          S*        SI
           I                             *         *          S*        SI
      32.66I                             *         *   *      S*        SI     32.66
           I                      *      *    *    *   *      S*        SI
           I                      *     **    *    *  T*      S*T*      SI
           I                     **     **    **  **  T*      S*T**    *SI
      30.14I                     **    ***    **  **  T****   S*T**    *SI     30.14
           I                   * **    ***S   **  **S T****   S*T**    *SI
           I              *    *S**    ***S   **  **S*T****   S*T**    *SI
           I              *    *S**   ****S   **  **S*T****   S*T**    *SI
      27.62I              *    *S***  ****S   **  **S*T****  *S*T**    *SI     27.62
           I              **   *S***  ****S   ** ***S*T***** *S*T**    *SI
           I              **  **S***  ****S   ******S*T***** *S*T***   *SI
           I              **  **S*** *****S   ******S*T*******S*T***  **SI
      25.10I              **  **S*********S  *******S*T*******S*T***  **SI     25.10
           I              **  **S*********S* *******S*T*******S*T***  **SI
           I       *  S   ******S*********S* *******S*T*******S*T*******SI
           I       * *S  *******S*********S*********S*T*******S*T*******SI
      22.58I       * *S  *******S*********S*********S*T*******S*T*******SI     22.58
           I       ***S* *******S*********S*********S*T*******S*T*******SI
           I       ***S*********S*********S*********S*T*******S*T*******SI
           I      ****S*********S*********S*********S*T*******S*T*******SI
      20.06I      ****S*********S*********S*********S*T*******S*T*******SI     20.06
           I      ****S*********S*********S*********S*T*******S*T*******SI
           I      ****S*********S*********S*********S*T*******S*T*******SI
           I      ****S*********S*********S*********S*T*******S*T*******SI
      17.54I      ****S*********S*********S*********S*T*******S*T*******SI     17.54
           I      ****S*********S*********S*********S*T*******S*T*******SI
           I      ****S*********S*********S*********S*T*******S*T*******SI
           I      ****S*********S*********S*********S*T*******S*T*******SI
      15.02I      ****S*********S*********S*********S*T*******S*T*******SI     15.02
           I      ****S*********S*********S*********S*T*******S*T*******SI
           I     *****S*********S*********S*********S*T*******S*T*******SI
           I     *****S*********S*********S*********S*T*******S*T*******SI
      12.50I     *****S*********S*********S*********S*T*******S*T*******SI     12.50
           I     *****S*********S*********S*********S*T*******S*T*******SI
           I     *****S*********S*********S*********S*T*******S*T*******SI
           I     *****S*********S*********S*********S*T*******S*T*******SI
       9.98I     *****S*********S*********S*********S*T*******S*T*******SI      9.98
           I    ******S*********S*********S*********S*T*******S*T*******SI
           I    ******S*********S*********S*********S*T*******S*T*******SI
           I    ******S*********S*********S*********S*T*******S*T*******SI
       7.46I    ******S*********S*********S*********S*T*******S*T*******SI      7.46
           I   *******S*********S*********S*********S*T*******S*T*******SI
           I   *******S*********S*********S*********S*T*******S*T*******SI
           I  ********S*********S*********S*********S*T*******S*T*******SI
       4.94I**********S*********S*********S*********S*T*******S*T*******SI      4.94
 ++++++++++I+++++++++++++++++++++++++++++++++++++++++++++++++++++++++++++I
            S=SEASONAL FREQUENCIES, T=TRADING DAY FREQUENCIES
        bps_permits 43580            PAGE  21, SERIES bps_permits_addi
 G 1  10*LOG(SPECTRUM) of the differenced seasonally adjusted 
      data (Table E2).  Spectrum estimated from 2018.Jul to 2026.Jun.
 ++++++++++I+++++++++++++++++++++++++++++++++++++++++++++++++++++++++++++I
      34.29I                                               *             I     34.29
           I                                               *             I
           I                                               *             I
           I                                               *             I
      31.86I                                               *             I     31.86
           I                                               *             I
           I                                               *             I
           I                                               *             I
      29.43I                                               *             I     29.43
           I                                               *             I
           I                                              **             I
           I                                              **             I
      27.00I                                     *        **             I     27.00
           I                                     *       ****            I
           I                                     *       ****            I
           I                                     *      *****            I
      24.57I                                     *      *****            I     24.57
           I                                     *      *****            I
           I                                     *      *****            I
           I                                     *     ******    *       I
      22.14I                                 *  ***    ******    **      I     22.14
           I                                 *  ***    ******    **      I
           I       *                         *  ***    ******    **      I
           I       *                         *  ***   T*******   **  *   I
      19.72I       *                         *  ***   T*******   *****   I     19.72
           I       *                *        ** **** *T*******  T******  I
           I       *      *         *       ********S*T*******  T******  I
           I       *      *         *       ********S*T*******S T******  I
      17.29I       *      *         *       ********S*T*******S*T******* I     17.29
           I       *      *        **       ********S*T*******S*T******* I
           I       *      *        **   *   ********S*T*******S*T*******SI
           I       *      *        **   *   ********S*T*******S*T*******SI
      14.86I       *      *        **   **  ********S*T*******S*T*******SI     14.86
           I       *      **       ***  ** *********S*T*******S*T*******SI
           I       **     **       *** *** *********S*T*******S*T*******SI
           I       **     **       *** ***S*********S*T*******S*T*******SI
      12.43I      ***     **      ********S*********S*T*******S*T*******SI     12.43
           I      ***     **     *********S*********S*T*******S*T*******SI
           I      ***     **    S*********S*********S*T*******S*T*******SI
           I      ***     **    S*********S*********S*T*******S*T*******SI
      10.00I      ***    ***    S*********S*********S*T*******S*T*******SI     10.00
           I      ****   ***    S*********S*********S*T*******S*T*******SI
           I      ****   ***   *S*********S*********S*T*******S*T*******SI
           I      ****   ***   *S*********S*********S*T*******S*T*******SI
       7.57I     *****S  ****  *S*********S*********S*T*******S*T*******SI      7.57
           I     *****S******  *S*********S*********S*T*******S*T*******SI
           I     *****S****** **S*********S*********S*T*******S*T*******SI
           I    ******S*********S*********S*********S*T*******S*T*******SI
       5.14I   *******S*********S*********S*********S*T*******S*T*******SI      5.14
           I   *******S*********S*********S*********S*T*******S*T*******SI
           I  ********S*********S*********S*********S*T*******S*T*******SI
           I  ********S*********S*********S*********S*T*******S*T*******SI
       2.71I**********S*********S*********S*********S*T*******S*T*******SI      2.71
 ++++++++++I+++++++++++++++++++++++++++++++++++++++++++++++++++++++++++++I
            S=SEASONAL FREQUENCIES, T=TRADING DAY FREQUENCIES
        bps_permits 43580            PAGE  22, SERIES bps_permits_addi
 G 2  10*LOG(SPECTRUM) of the Modified Irregular (Table E3).  
      Spectrum estimated from 2018.Jul to 2026.Jun.
 ++++++++++I+++++++++++++++++++++++++++++++++++++++++++++++++++++++++++++I
      28.66I                                               *             I     28.66
           I                                               *             I
           I                                               *             I
           I                                               *             I
      27.04I                                               *             I     27.04
           I                                               *             I
           I                                               *             I
           I                                               *             I
      25.43I                                               *             I     25.43
           I                                               *             I
           I                                               *             I
           I                                               *             I
      23.81I                                               *             I     23.81
           I                                               *             I
           I                                     *        **             I
           I                                     *        **             I
      22.20I              *                      *        **             I     22.20
           I              *                      *        **             I
           I              *                      *       ***             I
           I              *                      *       ***             I
      20.58I              *                      *       ****            I     20.58
           I              *                      *       ****            I
           I       *      *                      *      *****            I
           I       *      *                      *      *****            I
      18.97I       *      *                      *      *****            I     18.97
           I       *      *                  *   *      *****            I
           I       *      *                  *   *      *****            I
           I       *      *         *        *  **      *****            I
      17.35I       *      *         *        *  ***    ******            I     17.35
           I       *      *         *        *  ***    ******    *       I
           I       *      **        *        *  ***    ******    *       I
           I       **     **        *        *  ***    ******    **      I
      15.73I  *    **     **        *        ** ***   T******    **      I     15.73
           I  *    **     **       **        ** ***   T******    **      I
           I  *    **     **       **        ** ***   T******    **      I
           I  **   **     **       **       *******  *T*******   **  *   I
      14.12I ***   **     **       **       ******** *T*******   *****   I     14.12
           I ***  ***     **       **       ********S*T*******  T*****   I
           I****  ***     **       **   *   ********S*T*******  T*****   I
           I****  ***     **       ***  *   ********S*T*******  T******  I
      12.50I****  ***    ***       ***  *   ********S*T*******  T******  I     12.50
           I***** ***    ***      ****  **  ********S*T*******S T******  I
           I***** ***    ***      ****  **  ********S*T*******S*T******  I
           I*********    ***     ***** ***  ********S*T*******S*T******* I
      10.89I*********    ***    S********* *********S*T*******S*T******* I     10.89
           I**********   ***    S*********S*********S*T*******S*T*******SI
           I**********   ****   S*********S*********S*T*******S*T*******SI
           I**********   ****   S*********S*********S*T*******S*T*******SI
       9.27I**********   ****  *S*********S*********S*T*******S*T*******SI      9.27
           I**********  *****  *S*********S*********S*T*******S*T*******SI
           I**********  *****  *S*********S*********S*T*******S*T*******SI
           I**********S *****  *S*********S*********S*T*******S*T*******SI
       7.66I**********S*********S*********S*********S*T*******S*T*******SI      7.66
 ++++++++++I+++++++++++++++++++++++++++++++++++++++++++++++++++++++++++++I
            S=SEASONAL FREQUENCIES, T=TRADING DAY FREQUENCIES
        bps_permits 43580            PAGE  23, SERIES bps_permits_addi

  Peak probabilities for Tukey spectrum estimator
  Spectrum estimated from 2018.Jul to 2026.Jun.

                                          S1       S2       S3       S4       S5       S6       TD
                                        ------   ------   ------   ------   ------   ------   ------
  Model Residuals                        0.193    0.995**  0.974*   0.835    0.072    0.619    0.990**
  Original Series (Table A1 or B1)       0.808    0.355    0.350    0.747    0.808    0.975*   0.879  
  Seasonally adjusted series (E2)        0.170    0.424    0.002    0.023    0.005    0.482    0.676  
  Modified Irregular (E3)                0.122    0.498    0.002    0.022    0.005    0.481    0.691  
  ----------
     ** - Peak Probability > 0.99,
      * - 0.90 < Peak Probability < 0.99


