  Reading input spec file from D:\Programming\Dynamic Paper-dlrhcs_replication\outputs\empirical\unemployment\raw_sa_pilot\x13_work\bps_permits_additive_level_26820_200401_202606.spc

1

               U. S. Department of Commerce, U. S. Census Bureau

              X-13ARIMA-SEATS monthly seasonal adjustment Method,
                          Release Version 1.1 Build 62


           This software application provides an enhanced version of
             Statistics Canada's X-11-ARIMA extension (Dagum, 1980)
                 of the X-11 variant of the Census Method II of
                      Shiskin, Young and Musgrave (1967).

            It also provides an ARIMA model-based method following
       Hillmer and Tiao (1982) and Burman (1980) that is very similar
       to the update of the method of SEATS (Gomez and Maravall, 1996)
                produced at the Bank of Spain by G. Caporello and
               A. Maravall for TSW (Caporello and Maravall, 2004).
          The present application includes additional enhancements.

         X-13ARIMA-SEATS includes an automatic ARIMA model selection procedure
          based largely on the procedure of Gomez and Maravall (1998)
            as implemented in TRAMO (1996) and subsequent revisions.

              Primary Programmers: Brian Monsell, Mark Otto and,
                 for the ARIMA model-based signal extraction,
                      Gianluca Caporello and Victor Gomez


     Series Title- bps_permits 26820
     Series Name- bps_permits_addi
     Jul 29, 2026  08.27.55 

        -Period covered-  1st month,2004 to  6th month,2026
        -Type of run - additive seasonal adjustment

        -Sigma limits for graduating extreme values are  1.5 and  2.5 .
        -3x3 moving average used in section 1 of each iteration, 
         3x5 moving average in section 2 of iterations B and C,
         moving average for final seasonal factors chosen by Global MSR.
        -Holiday adjustment factors applied directly to the final seasonally adjusted series
        -Spectral plots generated for selected series
        -Spectral plots generated for series starting in 2018.Jul

 FILE SAVE REQUESTS (* indicates file exists and will be overwritten)
  D:\Programming\Dynamic Paper-dlrhcs_replication\outputs\empirical\unemployment\raw_sa_pilot\x13_work\bps_permits_additive_level_26820_200401_202606.d10  final seasonal factors
  D:\Programming\Dynamic Paper-dlrhcs_replication\outputs\empirical\unemployment\raw_sa_pilot\x13_work\bps_permits_additive_level_26820_200401_202606.d11  final seasonally adjusted data
  D:\Programming\Dynamic Paper-dlrhcs_replication\outputs\empirical\unemployment\raw_sa_pilot\x13_work\bps_permits_additive_level_26820_200401_202606.out  program output file
  D:\Programming\Dynamic Paper-dlrhcs_replication\outputs\empirical\unemployment\raw_sa_pilot\x13_work\bps_permits_additive_level_26820_200401_202606.err  program error file
        bps_permits 26820            PAGE   1, SERIES bps_permits_addi

     Contents of spc file D:\Programming\Dynamic Paper-dlrhcs_replication\outputs\empirical\unemployment\raw_sa_pilot\x13_work\bps_permits_additive_level_26820_200401_202606.spc

 Line #
 ------
      1: series {
      2:   title = "bps_permits 26820"
      3:   start = 2004.1
      4:   period = 12
      5:   data = (
      6: 86
      7: 114
      8: 149
      9: 133
     10: 128
     11: 158
     12: 120
     13: 95
     14: 167
     15: 116
     16: 127
     17: 111
     18: 52
     19: 80
     20: 170
     21: 111
     22: 188
     23: 198
     24: 171
     25: 292
     26: 230
     27: 132
     28: 107
     29: 108
     30: 88
     31: 79
     32: 129
     33: 149
     34: 163
     35: 147
     36: 120
     37: 146
     38: 109
     39: 109
     40: 171
     41: 87
     42: 67
     43: 92
     44: 121
     45: 114
     46: 150
     47: 122
     48: 306
     49: 119
     50: 59
     51: 83
     52: 86
     53: 106
     54: 26
     55: 29
     56: 45
     57: 43
     58: 49
     59: 60
     60: 59
     61: 39
     62: 88
     63: 31
     64: 16
     65: 15
     66: 5
     67: 12
     68: 29
     69: 25
     70: 28
     71: 35
     72: 29
     73: 37
     74: 31
     75: 37
     76: 30
     77: 20
     78: 100
     79: 17
     80: 40
     81: 46
     82: 30
     83: 30
     84: 19
     85: 23
     86: 25
     87: 17
     88: 21
     89: 16
     90: 13
     91: 22
     92: 17
     93: 31
     94: 34
     95: 23
     96: 26
     97: 23
     98: 25
     99: 24
    100: 20
    101: 10
    102: 11
    103: 22
    104: 32
    105: 50
    106: 37
    107: 34
    108: 35
    109: 30
    110: 23
    111: 35
    112: 30
    113: 36
    114: 29
    115: 24
    116: 39
    117: 44
    118: 83
    119: 34
    120: 33
    121: 34
    122: 83
    123: 37
    124: 36
    125: 27
    126: 20
    127: 18
    128: 35
    129: 40
    130: 57
    131: 59
    132: 48
    133: 29
    134: 44
    135: 42
    136: 26
    137: 47
    138: 21
    139: 49
    140: 69
    141: 83
    142: 59
    143: 72
    144: 75
    145: 52
    146: 156
    147: 93
    148: 84
    149: 34
    150: 30
    151: 42
    152: 120
    153: 65
    154: 69
    155: 91
    156: 51
    157: 156
    158: 68
    159: 74
    160: 81
    161: 25
    162: 37
    163: 50
    164: 151
    165: 73
    166: 155
    167: 117
    168: 146
    169: 112
    170: 101
    171: 121
    172: 57
    173: 81
    174: 45
    175: 93
    176: 74
    177: 81
    178: 71
    179: 103
    180: 60
    181: 97
    182: 77
    183: 196
    184: 101
    185: 54
    186: 44
    187: 80
    188: 82
    189: 78
    190: 109
    191: 81
    192: 125
    193: 91
    194: 89
    195: 111
    196: 62
    197: 61
    198: 54
    199: 53
    200: 86
    201: 121
    202: 86
    203: 100
    204: 115
    205: 116
    206: 111
    207: 69
    208: 79
    209: 158
    210: 83
    211: 113
    212: 182
    213: 162
    214: 112
    215: 107
    216: 98
    217: 146
    218: 116
    219: 118
    220: 112
    221: 113
    222: 89
    223: 84
    224: 261
    225: 161
    226: 213
    227: 144
    228: 89
    229: 125
    230: 71
    231: 86
    232: 31
    233: 33
    234: 36
    235: 49
    236: 79
    237: 48
    238: 78
    239: 92
    240: 218
    241: 133
    242: 98
    243: 159
    244: 177
    245: 603
    246: 162
    247: 104
    248: 187
    249: 156
    250: 326
    251: 130
    252: 113
    253: 239
    254: 327
    255: 280
    256: 215
    257: 284
    258: 96
    259: 72
    260: 199
    261: 268
    262: 81
    263: 136
    264: 91
    265: 152
    266: 39
    267: 226
    268: 85
    269: 76
    270: 65
    271: 85
    272: 483
    273: 106
    274: 88
    275: 92
    276:   )
    277: }
    278: transform { function = none }
    279: regression { aictest = (td easter) }
    280: automdl {}
    281: x11 { mode = add save = (d10 d11) }
        bps_permits 26820            PAGE   2, SERIES bps_permits_addi

 A 1  Time series data (for the span analyzed)
  From  2004.Jan to 2026.Jun
  Observations        270
 -----------------------------------------------------------------------------
               Jan      Feb      Mar      Apr      May      Jun 
               Jul      Aug      Sep      Oct      Nov      Dec        TOTAL  
 -----------------------------------------------------------------------------
  2004          86.     114.     149.     133.     128.     158.
               120.      95.     167.     116.     127.     111.         1504.
 
  2005          52.      80.     170.     111.     188.     198.
               171.     292.     230.     132.     107.     108.         1839.
 
  2006          88.      79.     129.     149.     163.     147.
               120.     146.     109.     109.     171.      87.         1497.
 
  2007          67.      92.     121.     114.     150.     122.
               306.     119.      59.      83.      86.     106.         1425.
 
  2008          26.      29.      45.      43.      49.      60.
                59.      39.      88.      31.      16.      15.          500.
 
  2009           5.      12.      29.      25.      28.      35.
                29.      37.      31.      37.      30.      20.          318.
 
  2010         100.      17.      40.      46.      30.      30.
                19.      23.      25.      17.      21.      16.          384.
 
  2011          13.      22.      17.      31.      34.      23.
                26.      23.      25.      24.      20.      10.          268.
 
  2012          11.      22.      32.      50.      37.      34.
                35.      30.      23.      35.      30.      36.          375.
 
  2013          29.      24.      39.      44.      83.      34.
                33.      34.      83.      37.      36.      27.          503.
 
  2014          20.      18.      35.      40.      57.      59.
                48.      29.      44.      42.      26.      47.          465.
 
  2015          21.      49.      69.      83.      59.      72.
                75.      52.     156.      93.      84.      34.          847.
 
  2016          30.      42.     120.      65.      69.      91.
                51.     156.      68.      74.      81.      25.          872.
 
  2017          37.      50.     151.      73.     155.     117.
               146.     112.     101.     121.      57.      81.         1201.
 
  2018          45.      93.      74.      81.      71.     103.
                60.      97.      77.     196.     101.      54.         1052.
 
  2019          44.      80.      82.      78.     109.      81.
               125.      91.      89.     111.      62.      61.         1013.
 
  2020          54.      53.      86.     121.      86.     100.
               115.     116.     111.      69.      79.     158.         1148.
 
  2021          83.     113.     182.     162.     112.     107.
                98.     146.     116.     118.     112.     113.         1462.
 
  2022          89.      84.     261.     161.     213.     144.
                89.     125.      71.      86.      31.      33.         1387.
 
  2023          36.      49.      79.      48.      78.      92.
               218.     133.      98.     159.     177.     603.         1770.
 
  2024         162.     104.     187.     156.     326.     130.
               113.     239.     327.     280.     215.     284.         2523.
 
  2025          96.      72.     199.     268.      81.     136.
                91.     152.      39.     226.      85.      76.         1521.
 
  2026          65.      85.     483.     106.      88.      92.
                                                                          919.
 
  AVGE          55.      60.     121.      95.     104.      94.
                98.     104.      97.     100.      80.      96.

  Table Total-       24793.   Mean-        92.   Std. Dev.-        73.
                              Min -         5.        Max -       603.
        bps_permits 26820            PAGE   3, SERIES bps_permits_addi
                        Automatic ARIMA Model Selection

                    Procedure based closely on TRAMO method 
                         of Gomez and Maravall (2000)
              "Automatic Modeling Methods for Univariate Series",
                            A Course in Time Series
                  (Edited by D. Pena, G. C. Tiao, R. S. Tsay),
                         New York : J. Wiley and Sons


     Maximum order for regular ARMA parameters :   2
     Maximum order for seasonal ARMA parameters :   1
     Maximum order for regular differencing :   2
     Maximum order for seasonal differencing :   1

   Results of Unit Root Test for identifying orders of differencing:
     Regular difference order :   0
     Seasonal difference order :   0

  Automatic model choice : (1 0 1)


  Final Checks for Identified Model


  Checking for Unit Roots.
   Regular unit root found.
   ( 0, 1, 1) ( 0, 0, 0)
  Constant term removed from model

  Checking for nonseasonal overdifferencing.
   Nonseasonal MA not within  0.001 of 1.0 - model passes test.

  Checking for insignificant ARMA coefficients.

  Final automatic model choice : (0 1 1)
   End of automatic model selection procedure.

 Average absolute percentage error in within-sample forecasts:
  Last year: 105.53      Last-1 year:  57.14     Last-2 year:  53.58
  Last three years:   72.08

 Estimation converged in    1 ARMA iterations,    3 function evaluations.

 ARIMA Model:  (0 1 1)
   Nonseasonal differences: 1
                                              Standard
 Parameter                    Estimate          Errors
 -----------------------------------------------------
 Nonseasonal MA                                    
   Lag  1                       0.8147         0.03556

 Variance                       0.34378E+04
 SE of Var                      0.29642E+03
 -----------------------------------------------------

 Likelihood Statistics
 ------------------------------------------------------------------
 Number of observations (nobs)                                  270
 Effective number of observations (nefobs)                      269
 Number of parameters estimated (np)                              2
 Log likelihood (L)                                      -1477.4156
 AIC                                                      2958.8312 
 AICC (F-corrected-AIC)                                   2958.8763 
 Hannan Quinn                                             2961.7185 
 BIC                                                      2966.0206 
 ------------------------------------------------------------------

 QS Statistic for regARIMA Model Residuals (full series):             1.56
                                                       (P-Value =     0.4588)

 QS Statistic for regARIMA Model Residuals (starting 2018.Jul):       0.13
                                                       (P-Value =     0.9373)


  At least one visually significant residual seasonal peaks has been
  found in the spectral plot of the following series starting in 2018.Jul:

          regARIMA model residuals (1 Seasonal peak(s))

      10*LOG(SPECTRUM) of the regARIMA model residuals
      Spectrum estimated from 2018.Jul to 2026.Jun.
 ++++++++++I+++++++++++++++++++++++++++++++++++++++++++++++++++++++++++++I
      45.85I                      *                                      I     45.85
           I                      *                                      I
           I                      *                                      I
           I                      *                                      I
      44.57I                      *                                      I     44.57
           I                      *                                      I
           I                      *                                      I
           I                      *                                      I
      43.28I                      *                                      I     43.28
           I                      *                                      I
           I                      *                          *           I
           I                      *                          *           I
      42.00I                      **       *                 *           I     42.00
           I             *        **  *    *                 *           I
           I             *        **  *    *                 *S          I
           I   **        *        **  *    *                 *S          I
      40.71I   **        *        **  *    **       S        *S          I     40.71
           I   **        *        **  **   **       S        *S          I
           I   **        *        **  **   **       S    *   *S  **      I
           I   **   *    *       ***  **  S**       S    *   *S  **      I
      39.43I   **   *    *       ***  **  S**       S    *   *S  **      I     39.43
           I   **  **    *       *** ***  S**       S   **   *S  **      I
           I   **  **    *       *** ***  S**       S   **   *S  **      I
           I   **  **    *       *******  S**       S   **   *S  **      I
      38.15I   **  **    *       *******  S***      S   **   *S* **      I     38.15
           I   **  **    *       *******  S***     *S   **   *S*T**      I
           I   **  **    *       *********S***     *S   **  **S*T**      I
           I   **  **   ***      *********S***     *S   **  **S*T***     I
      36.86I   **  **   ***     S*********S***     *S   **  **S*T***     I     36.86
           I   ******   ***    *S*********S***     *S   **  **S*T***     I
           I   ******   ***   **S*********S***     *S   **  **S*T***     I
           I   *******  ***   **S*********S***     *S   *** **S*T***     I
      35.58I   *******  ***   **S*********S***     *S*  *** **S*T****    I     35.58
           I   *******  ***   **S*********S***     *S*  ******S*T****    I
           I   *******  ***   **S*********S***     *S*  ******S*T****    I
           I   *******  ***   **S*********S****    *S*  ******S*T*****   I
      34.29I   *******  ***   **S*********S****    *S*  ******S*T*****   I     34.29
           I   *******S****  ***S*********S****    *S*  ******S*T*****   I
           I  ********S***** ***S*********S****    *S* *******S*T*****   I
           I  ********S***** ***S*********S****    *S* *******S*T******  I
      33.01I  ********S***** ***S*********S****    *S*T*******S*T******  I     33.01
           I  ********S*********S*********S****    *S*T*******S*T******  I
           I  ********S*********S*********S****    *S*T*******S*T******  I
           I  ********S*********S*********S****    *S*T*******S*T******  I
      31.73I  ********S*********S*********S****   **S*T*******S*T******* I     31.73
           I  ********S*********S*********S****   **S*T*******S*T*******SI
           I  ********S*********S*********S*****  **S*T*******S*T*******SI
           I  ********S*********S*********S*****  **S*T*******S*T*******SI
      30.44I  ********S*********S*********S*****  **S*T*******S*T*******SI     30.44
           I *********S*********S*********S*****  **S*T*******S*T*******SI
           I *********S*********S*********S*****  **S*T*******S*T*******SI
           I *********S*********S*********S*********S*T*******S*T*******SI
      29.16I**********S*********S*********S*********S*T*******S*T*******SI     29.16
 ++++++++++I+++++++++++++++++++++++++++++++++++++++++++++++++++++++++++++I
            S=SEASONAL FREQUENCIES, T=TRADING DAY FREQUENCIES


 FORECASTING
  Origin  2026.Jun
  Number        12

  Forecasts and Standard Errors
   ------------------------------
                         Standard
       Date   Forecast      Error
   ------------------------------
   2026.Jul     140.23     58.632
   2026.Aug     140.23     59.631
   2026.Sep     140.23     60.613
   2026.Oct     140.23     61.580
   2026.Nov     140.23     62.531
   2026.Dec     140.23     63.468
   2027.Jan     140.23     64.392
   2027.Feb     140.23     65.303
   2027.Mar     140.23     66.201
   2027.Apr     140.23     67.087
   2027.May     140.23     67.961
   2027.Jun     140.23     68.824
   ------------------------------

  Confidence intervals with coverage probability ( 0.95000
   ---------------------------------------
       Date      Lower  Forecast     Upper
   ---------------------------------------
   2026.Jul      25.31    140.23    255.15
   2026.Aug      23.36    140.23    257.11
   2026.Sep      21.43    140.23    259.03
   2026.Oct      19.54    140.23    260.93
   2026.Nov      17.67    140.23    262.79
   2026.Dec      15.84    140.23    264.63
   2027.Jan      14.03    140.23    266.44
   2027.Feb      12.24    140.23    268.22
   2027.Mar      10.48    140.23    269.98
   2027.Apr       8.74    140.23    271.72
   2027.May       7.03    140.23    273.43
   2027.Jun       5.34    140.23    275.13
   ---------------------------------------
        bps_permits 26820            PAGE   4, SERIES bps_permits_addi

 B 1  Original series (prior adjusted)
  From  2004.Jan to 2026.Jun
  Observations        270
 -----------------------------------------------------------------------------
               Jan      Feb      Mar      Apr      May      Jun 
               Jul      Aug      Sep      Oct      Nov      Dec        TOTAL  
 -----------------------------------------------------------------------------
  2004          86.     114.     149.     133.     128.     158.
               120.      95.     167.     116.     127.     111.         1504.
 
  2005          52.      80.     170.     111.     188.     198.
               171.     292.     230.     132.     107.     108.         1839.
 
  2006          88.      79.     129.     149.     163.     147.
               120.     146.     109.     109.     171.      87.         1497.
 
  2007          67.      92.     121.     114.     150.     122.
               306.     119.      59.      83.      86.     106.         1425.
 
  2008          26.      29.      45.      43.      49.      60.
                59.      39.      88.      31.      16.      15.          500.
 
  2009           5.      12.      29.      25.      28.      35.
                29.      37.      31.      37.      30.      20.          318.
 
  2010         100.      17.      40.      46.      30.      30.
                19.      23.      25.      17.      21.      16.          384.
 
  2011          13.      22.      17.      31.      34.      23.
                26.      23.      25.      24.      20.      10.          268.
 
  2012          11.      22.      32.      50.      37.      34.
                35.      30.      23.      35.      30.      36.          375.
 
  2013          29.      24.      39.      44.      83.      34.
                33.      34.      83.      37.      36.      27.          503.
 
  2014          20.      18.      35.      40.      57.      59.
                48.      29.      44.      42.      26.      47.          465.
 
  2015          21.      49.      69.      83.      59.      72.
                75.      52.     156.      93.      84.      34.          847.
 
  2016          30.      42.     120.      65.      69.      91.
                51.     156.      68.      74.      81.      25.          872.
 
  2017          37.      50.     151.      73.     155.     117.
               146.     112.     101.     121.      57.      81.         1201.
 
  2018          45.      93.      74.      81.      71.     103.
                60.      97.      77.     196.     101.      54.         1052.
 
  2019          44.      80.      82.      78.     109.      81.
               125.      91.      89.     111.      62.      61.         1013.
 
  2020          54.      53.      86.     121.      86.     100.
               115.     116.     111.      69.      79.     158.         1148.
 
  2021          83.     113.     182.     162.     112.     107.
                98.     146.     116.     118.     112.     113.         1462.
 
  2022          89.      84.     261.     161.     213.     144.
                89.     125.      71.      86.      31.      33.         1387.
 
  2023          36.      49.      79.      48.      78.      92.
               218.     133.      98.     159.     177.     603.         1770.
 
  2024         162.     104.     187.     156.     326.     130.
               113.     239.     327.     280.     215.     284.         2523.
 
  2025          96.      72.     199.     268.      81.     136.
                91.     152.      39.     226.      85.      76.         1521.
 
  2026          65.      85.     483.     106.      88.      92.
                                                                          919.
 
  AVGE          55.      60.     121.      95.     104.      94.
                98.     104.      97.     100.      80.      96.

  Table Total-       24793.   Mean-        92.   Std. Dev.-        73.
                              Min -         5.        Max -       603.

 B 1.A  Forecasts of (prior adjusted) original series
  From  2026.Jul to 2027.Jun
  Observations         12
 -----------------------------------------------------------------------------
               Jan      Feb      Mar      Apr      May      Jun 
               Jul      Aug      Sep      Oct      Nov      Dec        TOTAL  
 -----------------------------------------------------------------------------
  2026                                                          
               140.     140.     140.     140.     140.     140.          841.
 
  2027         140.     140.     140.     140.     140.     140.
                                                                          841.
 
        bps_permits 26820            PAGE   5, SERIES bps_permits_addi

 C 17  Final weights for irregular component
  From  2004.Jan to 2026.Jun
  Observations        270
  Lower sigma limit    1.50
  Upper sigma limit    2.50
 -----------------------------------------------------------------------------
               Jan      Feb      Mar      Apr      May      Jun 
               Jul      Aug      Sep      Oct      Nov      Dec         S.D.  
 -----------------------------------------------------------------------------
  2004         100.     100.     100.     100.     100.     100.
               100.      78.     100.     100.     100.     100.         2109.
 
  2005         100.     100.     100.      92.     100.     100.
               100.       0.      78.     100.      56.     100.         2109.
 
  2006         100.     100.     100.     100.     100.     100.
               100.     100.      69.     100.       0.     100.         2109.
 
  2007         100.     100.     100.     100.     100.     100.
                 0.     100.       0.     100.     100.       0.         1999.
 
  2008         100.     100.     100.     100.     100.     100.
               100.     100.      50.     100.     100.     100.         1775.
 
  2009         100.     100.     100.     100.     100.     100.
               100.     100.     100.     100.     100.     100.         1407.
 
  2010           0.     100.     100.     100.     100.     100.
                88.     100.     100.     100.     100.     100.          744.
 
  2011         100.     100.     100.     100.     100.     100.
               100.     100.     100.     100.     100.     100.          553.
 
  2012         100.     100.     100.      98.     100.     100.
               100.     100.      37.     100.     100.     100.          665.
 
  2013         100.     100.     100.     100.       0.     100.
               100.     100.       0.     100.     100.     100.          800.
 
  2014         100.     100.     100.     100.     100.     100.
               100.     100.     100.     100.     100.     100.         1156.
 
  2015         100.     100.     100.     100.     100.     100.
               100.     100.       0.     100.     100.     100.         1601.
 
  2016         100.     100.       0.     100.     100.     100.
               100.       0.     100.     100.     100.     100.         1763.
 
  2017         100.     100.       0.      52.      56.     100.
               100.     100.     100.     100.      82.     100.         1842.
 
  2018         100.     100.     100.     100.     100.     100.
               100.     100.     100.       0.     100.     100.         2061.
 
  2019         100.     100.     100.     100.     100.     100.
                91.     100.     100.     100.     100.     100.         2041.
 
  2020         100.     100.     100.     100.     100.     100.
               100.     100.     100.       0.     100.     100.         2306.
 
  2021         100.     100.     100.     100.     100.     100.
               100.     100.     100.     100.     100.     100.         2860.
 
  2022         100.     100.      83.     100.      96.     100.
               100.     100.     100.     100.     100.     100.         4108.
 
  2023         100.     100.     100.     100.     100.     100.
                 6.     100.     100.     100.     100.       0.         4796.
 
  2024         100.     100.     100.     100.       0.     100.
                94.     100.       0.     100.     100.     100.         4842.
 
  2025         100.     100.     100.       0.     100.     100.
               100.     100.     100.      46.     100.     100.         4723.
 
  2026         100.     100.       0.     100.     100.     100.
                                                                         4723.
 
        bps_permits 26820            PAGE   6, SERIES bps_permits_addi

 D 8  Final unmodified SI ratios
  From  2004.Jan to 2026.Jun
  Observations        270
 -----------------------------------------------------------------------------
               Jan      Feb      Mar      Apr      May      Jun 
               Jul      Aug      Sep      Oct      Nov      Dec         AVGE  
 -----------------------------------------------------------------------------
  2004         -53.     -21.      18.       7.       6.      39.
                 3.     -21.      51.      -2.       6.     -14.            2.
 
  2005         -78.     -56.      29.     -34.      39.      46.
                18.     138.      77.     -18.     -40.     -35.            7.
 
  2006         -50.     -55.      -0.      23.      41.      27.
                 3.      30.      -6.      -5.      57.     -28.            3.
 
  2007         -49.     -24.       4.      -2.      35.       9.
               197.      15.     -39.      -7.       4.      32.           15.
 
  2008         -40.     -29.      -7.      -3.       7.      21.
                22.       3.      53.      -2.     -16.     -15.           -1.
 
  2009         -23.     -14.       4.       1.       5.      11.
                 4.      10.       2.       7.      -2.     -13.           -1.
 
  2010          67.     -15.       9.      17.       3.       5.
                -5.       0.       3.      -5.      -1.      -6.            6.
 
  2011          -9.      -0.      -6.       8.      12.       1.
                 4.       1.       3.       1.      -4.     -15.           -0.
 
  2012         -15.      -5.       4.      21.       7.       3.
                 2.      -4.     -11.      -0.      -6.       0.           -0.
 
  2013          -7.     -12.       4.       9.      48.      -0.
                -1.       0.      49.       3.       1.      -8.            7.
 
  2014         -16.     -18.      -2.       3.      20.      22.
                10.     -10.       3.      -1.     -19.      -1.           -1.
 
  2015         -30.      -5.      12.      23.      -3.       8.
                 9.     -15.      89.      26.      17.     -33.            8.
 
  2016         -36.     -22.      57.       4.       9.      32.
                -8.      97.       8.      11.      15.     -46.           10.
 
  2017         -40.     -33.      61.     -23.      55.      13.
                41.       6.      -3.      20.     -40.     -11.            4.
 
  2018         -42.      10.      -5.       4.      -4.      28.
               -15.      21.      -1.     116.      20.     -29.            8.
 
  2019         -40.      -5.      -4.      -8.      23.      -5.
                39.       5.       4.      27.     -21.     -21.           -1.
 
  2020         -27.     -28.       4.      36.      -3.       6.
                14.       8.      -4.     -52.     -46.      30.           -5.
 
  2021         -46.     -16.      55.      37.     -10.     -12.
               -19.      30.      -2.      -4.     -16.     -21.           -2.
 
  2022         -52.     -62.     113.      14.      72.      12.
               -31.      19.     -19.      10.     -33.     -22.            2.
 
  2023         -16.      -4.      21.     -18.       0.       2.
               114.      15.     -32.      18.      28.     447.           48.
 
  2024           2.     -59.      21.     -15.     150.     -51.
               -74.      48.     133.      85.      23.      97.           30.
 
  2025         -82.     -95.      44.     126.     -48.      19.
               -16.      52.     -57.     133.      -8.     -18.            4.
 
  2026         -33.     -17.     376.      -6.     -28.     -28.
                                                                           44.
 
  AVGE         -31.     -25.      35.      10.      19.       9.
                14.      20.      14.      16.      -4.      12.

  Table Total-        1997.   Mean-         7.   Std. Dev.-        52.
                              Min -       -95.        Max -       447.
        bps_permits 26820            PAGE   7, SERIES bps_permits_addi

 D 8.B  Final unmodified SI ratios, with labels for outliers and extreme values
  From  2004.Jan to 2026.Jun
  Observations        270
 ---------------------------------------------------------------------
               Jan       Feb       Mar       Apr       May       Jun  
               Jul       Aug       Sep       Oct       Nov       Dec  
 ---------------------------------------------------------------------
  2004        -53.      -21.       18.        7.        6.       39.  
                3.      -21.*      51.       -2.        6.      -14.  
 
  2005        -78.      -56.       29.      -34.*      39.       46.  
               18.      138.*      77.*     -18.      -40.*     -35.  
 
  2006        -50.      -55.       -0.       23.       41.       27.  
                3.       30.       -6.*      -5.       57.*     -28.  
 
  2007        -49.      -24.        4.       -2.       35.        9.  
              197.*      15.      -39.*      -7.        4.       32.* 
 
  2008        -40.      -29.       -7.       -3.        7.       21.  
               22.        3.       53.*      -2.      -16.      -15.  
 
  2009        -23.      -14.        4.        1.        5.       11.  
                4.       10.        2.        7.       -2.      -13.  
 
  2010         67.*     -15.        9.       17.        3.        5.  
               -5.*       0.        3.       -5.       -1.       -6.  
 
  2011         -9.       -0.       -6.        8.       12.        1.  
                4.        1.        3.        1.       -4.      -15.  
 
  2012        -15.       -5.        4.       21.*       7.        3.  
                2.       -4.      -11.*      -0.       -6.        0.  
 
  2013         -7.      -12.        4.        9.       48.*      -0.  
               -1.        0.       49.*       3.        1.       -8.  
 
  2014        -16.      -18.       -2.        3.       20.       22.  
               10.      -10.        3.       -1.      -19.       -1.  
 
  2015        -30.       -5.       12.       23.       -3.        8.  
                9.      -15.       89.*      26.       17.      -33.  
 
  2016        -36.      -22.       57.*       4.        9.       32.  
               -8.       97.*       8.       11.       15.      -46.* 
 
  2017        -40.      -33.       61.*     -23.*      55.*      13.  
               41.        6.       -3.       20.      -40.*     -11.  
 
  2018        -42.       10.       -5.        4.       -4.       28.  
              -15.       21.       -1.      116.*      20.      -29.  
 
  2019        -40.       -5.       -4.       -8.       23.       -5.  
               39.*       5.        4.       27.      -21.      -21.  
 
  2020        -27.      -28.        4.       36.       -3.        6.  
               14.        8.       -4.      -52.*     -46.       30.  
 
  2021        -46.      -16.       55.       37.      -10.      -12.  
              -19.       30.       -2.       -4.      -16.      -21.  
 
  2022        -52.      -62.      113.*      14.       72.*      12.  
              -31.       19.      -19.       10.      -33.      -22.  
 
  2023        -16.       -4.       21.      -18.        0.        2.  
              114.*      15.      -32.       18.       28.      447.* 
 
  2024          2.      -59.       21.      -15.      150.*     -51.  
              -74.*      48.      133.*      85.       23.       97.  
 
  2025        -82.      -95.       44.      126.*     -48.       19.  
              -16.       52.      -57.      133.*      -8.      -18.  
 
  2026        -33.      -17.      376.*      -6.      -28.      -28.  
                                                                      
 

  Key to symbols:
    *  : extreme value as determined by X-11 extreme value procedure
 
        bps_permits 26820            PAGE   8, SERIES bps_permits_addi

 D 9  Final replacement values for SI ratios
  From  2004.Jan to 2026.Jun
  Observations        270
 ---------------------------------------------------------------
               Jan      Feb      Mar      Apr      May      Jun 
               Jul      Aug      Sep      Oct      Nov      Dec 
 ---------------------------------------------------------------
  2004     ******** ******** ******** ******** ******** ********
           ********     -13. ******** ******** ******** ********
 
  2005     ******** ******** ********     -32. ******** ********
           ********      19.      69. ********     -22. ********
 
  2006     ******** ******** ******** ******** ******** ********
           ******** ********       6. ********      -4. ********
 
  2007     ******** ******** ******** ******** ******** ********
                23. ********      31. ******** ********     -19.
 
  2008     ******** ******** ******** ******** ******** ********
           ******** ********      35. ******** ******** ********
 
  2009     ******** ******** ******** ******** ******** ********
           ******** ******** ******** ******** ******** ********
 
  2010         -14. ******** ******** ******** ******** ********
                -3. ******** ******** ******** ******** ********
 
  2011     ******** ******** ******** ******** ******** ********
           ******** ******** ******** ******** ******** ********
 
  2012     ******** ******** ********      21. ******** ********
           ******** ********      -3. ******** ******** ********
 
  2013     ******** ******** ******** ********      11. ********
           ******** ********       7. ******** ******** ********
 
  2014     ******** ******** ******** ******** ******** ********
           ******** ******** ******** ******** ******** ********
 
  2015     ******** ******** ******** ******** ******** ********
           ******** ********       9. ******** ******** ********
 
  2016     ******** ********      12. ******** ******** ********
           ********       9. ******** ******** ********     -46.
 
  2017     ******** ********      14.      -5.      39. ********
           ******** ******** ******** ********     -34. ********
 
  2018     ******** ******** ******** ******** ******** ********
           ******** ******** ********      22. ******** ********
 
  2019     ******** ******** ******** ******** ******** ********
                36. ******** ******** ******** ******** ********
 
  2020     ******** ******** ******** ******** ******** ********
           ******** ******** ********       8. ******** ********
 
  2021     ******** ******** ******** ******** ******** ********
           ******** ******** ******** ******** ******** ********
 
  2022     ******** ********     101. ********      69. ********
           ******** ******** ******** ******** ******** ********
 
  2023     ******** ******** ******** ******** ******** ********
                 4. ******** ******** ******** ********      50.
 
  2024     ******** ******** ******** ********      -0. ********
               -69. ********       7. ******** ******** ********
 
  2025     ******** ******** ********      -3. ******** ********
           ******** ******** ********      81. ******** ********
 
  2026     ******** ********      55. ******** ******** ********
                                                                
 

 D 9.A  Moving seasonality ratio
 ---------------------------------------------------------------
               Jan      Feb      Mar      Apr      May      Jun 
 ---------------------------------------------------------------
   I         15.212   22.815   17.909   16.987   21.438   19.657
   S          4.183    3.888    3.559    2.751    4.284    3.489
 RATIO        3.637    5.868    5.031    6.176    5.005    5.634



 ---------------------------------------------------------------
               Jul      Aug      Sep      Oct      Nov      Dec 
 ---------------------------------------------------------------
   I         23.067   11.683   14.854   12.201   20.849   24.568
   S          3.597    2.874    3.677    3.401    3.724    4.542
 RATIO        6.413    4.066    4.039    3.587    5.599    5.409



        bps_permits 26820            PAGE   9, SERIES bps_permits_addi

 D 10  Final seasonal factors
  From  2004.Jan to 2026.Jun
  Observations        270
  Seasonal filter    3 x 5 moving average
 -----------------------------------------------------------------------------
               Jan      Feb      Mar      Apr      May      Jun 
               Jul      Aug      Sep      Oct      Nov      Dec         AVGE  
 -----------------------------------------------------------------------------
  2004         -59.     -41.      14.      -1.      29.      33.
                10.      12.      40.      -9.      -5.     -25.           -0.
 
  2005         -57.     -39.      12.      -1.      28.      31.
                11.      12.      39.      -8.      -6.     -24.           -0.
 
  2006         -53.     -37.      10.      -1.      27.      28.
                13.      13.      35.      -7.      -7.     -23.           -0.
 
  2007         -46.     -33.       6.       2.      24.      23.
                12.      12.      27.      -6.      -7.     -20.           -0.
 
  2008         -36.     -26.       4.       4.      19.      16.
                11.      11.      19.      -4.      -6.     -17.           -1.
 
  2009         -27.     -19.       2.       8.      13.      11.
                 9.       6.      12.      -2.      -5.     -13.           -0.
 
  2010         -20.     -13.       2.       9.       9.       8.
                 6.       3.       8.      -0.      -4.     -11.           -0.
 
  2011         -15.     -11.       2.      11.       9.       6.
                 3.       1.       4.       0.      -5.      -8.           -0.
 
  2012         -14.      -9.       3.      12.       9.       5.
                 3.      -2.       3.       2.      -3.      -9.            0.
 
  2013         -16.     -10.       3.      12.       9.       8.
                 3.      -4.       4.       5.      -2.     -11.            0.
 
  2014         -21.     -13.       5.      10.      10.      11.
                 6.      -3.       5.       9.      -1.     -16.            0.
 
  2015         -26.     -15.       7.       8.      11.      16.
                 7.      -1.       5.      12.      -1.     -20.            0.
 
  2016         -32.     -14.       7.       5.      13.      17.
                10.       2.       4.      16.      -2.     -24.            0.
 
  2017         -36.     -14.       5.       5.      12.      17.
                11.       6.       2.      18.      -5.     -22.            0.
 
  2018         -38.     -14.       8.       7.      12.      12.
                13.      10.       1.      17.     -12.     -18.           -0.
 
  2019         -39.     -17.      16.      12.      13.       9.
                 7.      14.      -2.      14.     -18.     -13.           -0.
 
  2020         -39.     -19.      26.      14.      14.       4.
                 3.      15.      -6.      12.     -19.      -7.           -0.
 
  2021         -35.     -25.      36.      14.      14.      -1.
                -9.      18.      -9.      15.     -15.       6.            1.
 
  2022         -33.     -34.      42.       9.      10.      -6.
               -16.      23.     -14.      24.      -9.      16.            1.
 
  2023         -33.     -42.      46.       3.       4.      -9.
               -23.      28.     -17.      34.      -2.      23.            1.
 
  2024         -33.     -43.      42.      -4.      -6.     -11.
               -21.      31.     -19.      42.       5.      25.            1.
 
  2025         -29.     -42.      35.      -8.     -14.     -15.
               -19.      32.     -17.      48.       8.      29.            1.
 
  2026         -29.     -40.      28.      -9.     -23.     -16.
                                                                          -15.
 
  AVGE         -33.     -25.      16.       5.      11.       9.
                 2.      11.       6.      11.      -5.      -8.

  Table Total-         -61.   Mean-        -0.   Std. Dev.-        19.
                              Min -       -59.        Max -        48.

 D 10.A  Final seasonal component forecasts
  From  2026.Jul to 2027.Jun
  Observations         12
 -----------------------------------------------------------------------------
               Jan      Feb      Mar      Apr      May      Jun 
               Jul      Aug      Sep      Oct      Nov      Dec         AVGE  
 -----------------------------------------------------------------------------
  2026                                                          
               -19.      35.     -15.      52.      10.      31.           16.
 
  2027         -33.     -42.      29.      -8.     -25.     -14.
                                                                          -16.
 
        bps_permits 26820            PAGE  10, SERIES bps_permits_addi

 D 11  Final seasonally adjusted data
  From  2004.Jan to 2026.Jun
  Observations        270
 -----------------------------------------------------------------------------
               Jan      Feb      Mar      Apr      May      Jun 
               Jul      Aug      Sep      Oct      Nov      Dec        TOTAL  
 -----------------------------------------------------------------------------
  2004         145.     155.     135.     134.      99.     125.
               110.      83.     127.     125.     132.     136.         1505.
 
  2005         109.     119.     158.     112.     160.     167.
               160.     280.     191.     140.     113.     132.         1840.
 
  2006         141.     116.     119.     150.     136.     119.
               107.     133.      74.     116.     178.     110.         1501.
 
  2007         113.     125.     115.     112.     126.      99.
               294.     107.      32.      89.      93.     126.         1430.
 
  2008          62.      55.      41.      39.      30.      44.
                48.      28.      69.      35.      22.      32.          506.
 
  2009          32.      31.      27.      17.      15.      24.
                20.      31.      19.      39.      35.      33.          323.
 
  2010         120.      30.      38.      37.      21.      22.
                13.      20.      17.      17.      25.      27.          387.
 
  2011          28.      33.      15.      20.      25.      17.
                23.      22.      21.      24.      25.      18.          270.
 
  2012          25.      31.      29.      38.      28.      29.
                32.      32.      20.      33.      33.      45.          374.
 
  2013          45.      34.      36.      32.      74.      26.
                30.      38.      79.      32.      38.      38.          501.
 
  2014          41.      31.      30.      30.      47.      48.
                42.      32.      39.      33.      27.      63.          462.
 
  2015          47.      64.      62.      75.      48.      56.
                68.      53.     151.      81.      85.      54.          845.
 
  2016          62.      56.     113.      60.      56.      74.
                41.     154.      64.      58.      83.      49.          870.
 
  2017          73.      64.     146.      68.     143.     100.
               135.     106.      99.     103.      62.     103.         1200.
 
  2018          83.     107.      66.      74.      59.      91.
                47.      87.      76.     179.     113.      72.         1054.
 
  2019          83.      97.      66.      66.      96.      72.
               118.      77.      91.      97.      80.      74.         1017.
 
  2020          93.      72.      60.     107.      72.      96.
               112.     101.     117.      57.      98.     165.         1149.
 
  2021         118.     138.     146.     148.      98.     108.
               107.     128.     125.     103.     127.     107.         1452.
 
  2022         122.     118.     219.     152.     203.     150.
               105.     102.      85.      62.      40.      17.         1375.
 
  2023          69.      91.      33.      45.      74.     101.
               241.     105.     115.     125.     179.     580.         1758.
 
  2024         195.     147.     145.     160.     332.     141.
               134.     208.     346.     238.     210.     259.         2515.
 
  2025         125.     114.     164.     276.      95.     151.
               110.     120.      56.     178.      77.      47.         1513.
 
  2026          94.     125.     455.     115.     111.     108.
                                                                         1007.
 
  AVGE          88.      85.     105.      90.      93.      86.
                95.      93.      91.      89.      85.     104.

  Table Total-       24854.   Mean-        92.   Std. Dev.-        69.
                              Min -        13.        Max -       580.
        bps_permits 26820            PAGE  11, SERIES bps_permits_addi

 D 12  Final trend cycle
  From  2004.Jan to 2026.Jun
  Observations        270
  Trend filter    23-term Henderson moving average
  I/C ratio        3.89
 -----------------------------------------------------------------------------
               Jan      Feb      Mar      Apr      May      Jun 
               Jul      Aug      Sep      Oct      Nov      Dec        TOTAL  
 -----------------------------------------------------------------------------
  2004         137.     134.     130.     126.     123.     120.
               118.     117.     117.     118.     120.     124.         1484.
 
  2005         129.     135.     140.     146.     150.     153.
               155.     155.     153.     150.     146.     142.         1753.
 
  2006         137.     133.     129.     126.     123.     121.
               119.     117.     115.     114.     113.     114.         1460.
 
  2007         114.     115.     116.     116.     115.     113.
               110.     105.      98.      91.      82.      74.         1251.
 
  2008          65.      58.      51.      45.      42.      39.
                37.      36.      35.      34.      33.      31.          505.
 
  2009          28.      26.      24.      23.      23.      23.
                24.      26.      28.      31.      32.      34.          324.
 
  2010          34.      33.      31.      29.      27.      24.
                23.      22.      21.      21.      22.      22.          309.
 
  2011          23.      23.      23.      23.      22.      22.
                21.      21.      22.      22.      24.      25.          272.
 
  2012          26.      27.      28.      29.      30.      31.
                32.      33.      34.      35.      36.      36.          379.
 
  2013          36.      36.      36.      35.      34.      34.
                34.      34.      34.      34.      35.      36.          417.
 
  2014          36.      37.      37.      37.      37.      37.
                37.      39.      40.      43.      45.      48.          473.
 
  2015          51.      54.      57.      60.      63.      65.
                66.      67.      67.      67.      67.      66.          750.
 
  2016          65.      64.      63.      61.      60.      59.
                59.      59.      60.      62.      65.      70.          749.
 
  2017          76.      83.      90.      96.     101.     105.
               107.     107.     105.     101.      97.      91.         1158.
 
  2018          86.      82.      78.      76.      75.      75.
                76.      78.      79.      81.      82.      83.          951.
 
  2019          84.      84.      84.      85.      85.      86.
                86.      86.      86.      85.      84.      82.         1018.
 
  2020          82.      82.      83.      85.      89.      94.
               100.     107.     113.     119.     124.     128.         1206.
 
  2021         130.     130.     129.     127.     124.     120.
               116.     115.     115.     119.     125.     133.         1483.
 
  2022         140.     147.     150.     149.     144.     135.
               121.     106.      89.      74.      62.      54.         1371.
 
  2023          50.      52.      57.      66.      78.      91.
               105.     119.     132.     142.     151.     157.         1199.
 
  2024         160.     162.     165.     169.     174.     180.
               186.     192.     196.     197.     195.     189.         2163.
 
  2025         179.     167.     154.     140.     127.     115.
               107.     100.      96.      94.      93.      95.         1467.
 
  2026          98.     102.     108.     113.     117.     121.
                                                                          658.
 
  AVGE          86.      85.      85.      85.      85.      85.
                84.      84.      83.      83.      83.      83.

  Table Total-       22798.   Mean-        84.   Std. Dev.-        45.
                              Min -        21.        Max -       197.
        bps_permits 26820            PAGE  12, SERIES bps_permits_addi

 D 13  Final irregular component
  From  2004.Jan to 2026.Jun
  Observations        270
 -----------------------------------------------------------------------------
               Jan      Feb      Mar      Apr      May      Jun 
               Jul      Aug      Sep      Oct      Nov      Dec         S.D.  
 -----------------------------------------------------------------------------
  2004           8.      21.       5.       8.     -24.       5.
                -8.     -34.      10.       7.      12.      12.           15.
 
  2005         -20.     -15.      18.     -34.      10.      13.
                 5.     126.      38.     -10.     -34.     -10.           42.
 
  2006           4.     -17.     -10.      25.      13.      -1.
               -11.      17.     -41.       3.      64.      -4.           25.
 
  2007          -2.      10.      -1.      -4.      11.     -14.
               184.       2.     -66.      -2.      10.      53.           59.
 
  2008          -3.      -2.     -10.      -6.     -12.       5.
                11.      -8.      34.       1.     -11.       2.           12.
 
  2009           4.       5.       2.      -6.      -8.       0.
                -4.       4.     -10.       8.       2.      -0.            5.
 
  2010          86.      -3.       6.       8.      -6.      -2.
                -9.      -2.      -4.      -4.       3.       4.           25.
 
  2011           5.       9.      -9.      -3.       3.      -5.
                 1.       1.      -1.       1.       1.      -7.            5.
 
  2012          -2.       4.       1.       9.      -2.      -2.
                -0.      -1.     -14.      -2.      -2.       8.            6.
 
  2013           9.      -2.      -0.      -3.      39.      -8.
                -4.       4.      45.      -2.       3.       3.           18.
 
  2014           4.      -6.      -7.      -7.      10.      11.
                 5.      -6.      -1.     -10.     -18.      15.            9.
 
  2015          -4.      10.       5.      15.     -15.      -8.
                 2.     -14.      84.      14.      18.     -12.           27.
 
  2016          -4.      -8.      51.      -1.      -4.      15.
               -18.      95.       4.      -5.      17.     -21.           33.
 
  2017          -4.     -19.      56.     -28.      41.      -5.
                28.      -1.      -6.       2.     -35.      12.           26.
 
  2018          -3.      25.     -12.      -2.     -16.      16.
               -29.       9.      -3.      98.      31.     -11.           33.
 
  2019          -1.      13.     -18.     -19.      11.     -14.
                31.      -9.       5.      12.      -4.      -8.           14.
 
  2020          11.     -10.     -23.      22.     -17.       2.
                12.      -6.       3.     -63.     -26.      37.           25.
 
  2021         -12.       8.      17.      21.     -26.     -11.
               -10.      13.       9.     -16.       2.     -26.           16.
 
  2022         -18.     -29.      69.       2.      59.      15.
               -16.      -4.      -4.     -12.     -22.     -37.           31.
 
  2023          19.      39.     -25.     -21.      -4.      10.
               136.     -13.     -17.     -17.      28.     424.          130.
 
  2024          35.     -15.     -20.      -9.     158.     -39.
               -52.      16.     151.      41.      15.      71.           71.
 
  2025         -54.     -53.      10.     136.     -32.      35.
                 3.      20.     -40.      85.     -16.     -47.           56.
 
  2026          -3.      23.     347.       2.      -7.     -13.
                                                                          142.
 
  S.D.          24.      19.      76.      32.      39.      15.
                52.      36.      44.      33.      23.      94.

  Table Total-        2056.   Mean-         8.   Std. Dev.-        46.
                              Min -       -66.        Max -       424.
        bps_permits 26820            PAGE  13, SERIES bps_permits_addi

 D 16  Combined adjustment factors
  From  2004.Jan to 2026.Jun
  Observations        270
 -----------------------------------------------------------------------------
               Jan      Feb      Mar      Apr      May      Jun 
               Jul      Aug      Sep      Oct      Nov      Dec         AVGE  
 -----------------------------------------------------------------------------
  2004         -59.     -41.      14.      -1.      29.      33.
                10.      12.      40.      -9.      -5.     -25.           -0.
 
  2005         -57.     -39.      12.      -1.      28.      31.
                11.      12.      39.      -8.      -6.     -24.           -0.
 
  2006         -53.     -37.      10.      -1.      27.      28.
                13.      13.      35.      -7.      -7.     -23.           -0.
 
  2007         -46.     -33.       6.       2.      24.      23.
                12.      12.      27.      -6.      -7.     -20.           -0.
 
  2008         -36.     -26.       4.       4.      19.      16.
                11.      11.      19.      -4.      -6.     -17.           -1.
 
  2009         -27.     -19.       2.       8.      13.      11.
                 9.       6.      12.      -2.      -5.     -13.           -0.
 
  2010         -20.     -13.       2.       9.       9.       8.
                 6.       3.       8.      -0.      -4.     -11.           -0.
 
  2011         -15.     -11.       2.      11.       9.       6.
                 3.       1.       4.       0.      -5.      -8.           -0.
 
  2012         -14.      -9.       3.      12.       9.       5.
                 3.      -2.       3.       2.      -3.      -9.            0.
 
  2013         -16.     -10.       3.      12.       9.       8.
                 3.      -4.       4.       5.      -2.     -11.            0.
 
  2014         -21.     -13.       5.      10.      10.      11.
                 6.      -3.       5.       9.      -1.     -16.            0.
 
  2015         -26.     -15.       7.       8.      11.      16.
                 7.      -1.       5.      12.      -1.     -20.            0.
 
  2016         -32.     -14.       7.       5.      13.      17.
                10.       2.       4.      16.      -2.     -24.            0.
 
  2017         -36.     -14.       5.       5.      12.      17.
                11.       6.       2.      18.      -5.     -22.            0.
 
  2018         -38.     -14.       8.       7.      12.      12.
                13.      10.       1.      17.     -12.     -18.           -0.
 
  2019         -39.     -17.      16.      12.      13.       9.
                 7.      14.      -2.      14.     -18.     -13.           -0.
 
  2020         -39.     -19.      26.      14.      14.       4.
                 3.      15.      -6.      12.     -19.      -7.           -0.
 
  2021         -35.     -25.      36.      14.      14.      -1.
                -9.      18.      -9.      15.     -15.       6.            1.
 
  2022         -33.     -34.      42.       9.      10.      -6.
               -16.      23.     -14.      24.      -9.      16.            1.
 
  2023         -33.     -42.      46.       3.       4.      -9.
               -23.      28.     -17.      34.      -2.      23.            1.
 
  2024         -33.     -43.      42.      -4.      -6.     -11.
               -21.      31.     -19.      42.       5.      25.            1.
 
  2025         -29.     -42.      35.      -8.     -14.     -15.
               -19.      32.     -17.      48.       8.      29.            1.
 
  2026         -29.     -40.      28.      -9.     -23.     -16.
                                                                          -15.
 
  AVGE         -33.     -25.      16.       5.      11.       9.
                 2.      11.       6.      11.      -5.      -8.

  Table Total-         -61.   Mean-        -0.   Std. Dev.-        19.
                              Min -       -59.        Max -        48.

 D 16.A  Combined adjustment component forecasts
  From  2026.Jul to 2027.Jun
  Observations         12
 -----------------------------------------------------------------------------
               Jan      Feb      Mar      Apr      May      Jun 
               Jul      Aug      Sep      Oct      Nov      Dec         AVGE  
 -----------------------------------------------------------------------------
  2026                                                          
               -19.      35.     -15.      52.      10.      31.           16.
 
  2027         -33.     -42.      29.      -8.     -25.     -14.
                                                                          -16.
 
        bps_permits 26820            PAGE  14, SERIES bps_permits_addi

 E 4  Differences of annual totals
  From          2004 to 2025
  Observations         22
 -----------------------------------
  Year       Unmodified     Modified
                  (D11)         (E2)
 -----------------------------------
  2004              -1.          -1.
 
  2005              -1.          -1.
 
  2006              -4.          -4.
 
  2007              -5.          -5.
 
  2008              -6.          -6.
 
  2009              -5.          -5.
 
  2010              -3.          -3.
 
  2011              -2.          -2.
 
  2012               1.           1.
 
  2013               2.           2.
 
  2014               3.           3.
 
  2015               2.           2.
 
  2016               2.           2.
 
  2017               1.           1.
 
  2018              -2.          -2.
 
  2019              -4.          -4.
 
  2020              -1.          -1.
 
  2021              10.          10.
 
  2022              12.          12.
 
  2023              12.          12.
 
  2024               8.           8.
 
  2025               8.           8.
 
        bps_permits 26820            PAGE  15, SERIES bps_permits_addi

 E 5  Month-to-month differences in the original series
  From  2004.Feb to 2026.Jun
  Observations        269
 -----------------------------------------------------------------------------
               Jan      Feb      Mar      Apr      May      Jun 
               Jul      Aug      Sep      Oct      Nov      Dec         AVGE  
 -----------------------------------------------------------------------------
  2004                   28.      35.     -16.      -5.      30.
               -38.     -25.      72.     -51.      11.     -16.            2.
 
  2005         -59.      28.      90.     -59.      77.      10.
               -27.     121.     -62.     -98.     -25.       1.           -0.
 
  2006         -20.      -9.      50.      20.      14.     -16.
               -27.      26.     -37.       0.      62.     -84.           -2.
 
  2007         -20.      25.      29.      -7.      36.     -28.
               184.    -187.     -60.      24.       3.      20.            2.
 
  2008         -80.       3.      16.      -2.       6.      11.
                -1.     -20.      49.     -57.     -15.      -1.           -8.
 
  2009         -10.       7.      17.      -4.       3.       7.
                -6.       8.      -6.       6.      -7.     -10.            0.
 
  2010          80.     -83.      23.       6.     -16.       0.
               -11.       4.       2.      -8.       4.      -5.           -0.
 
  2011          -3.       9.      -5.      14.       3.     -11.
                 3.      -3.       2.      -1.      -4.     -10.           -0.
 
  2012           1.      11.      10.      18.     -13.      -3.
                 1.      -5.      -7.      12.      -5.       6.            2.
 
  2013          -7.      -5.      15.       5.      39.     -49.
                -1.       1.      49.     -46.      -1.      -9.           -1.
 
  2014          -7.      -2.      17.       5.      17.       2.
               -11.     -19.      15.      -2.     -16.      21.            2.
 
  2015         -26.      28.      20.      14.     -24.      13.
                 3.     -23.     104.     -63.      -9.     -50.           -1.
 
  2016          -4.      12.      78.     -55.       4.      22.
               -40.     105.     -88.       6.       7.     -56.           -1.
 
  2017          12.      13.     101.     -78.      82.     -38.
                29.     -34.     -11.      20.     -64.      24.            5.
 
  2018         -36.      48.     -19.       7.     -10.      32.
               -43.      37.     -20.     119.     -95.     -47.           -2.
 
  2019         -10.      36.       2.      -4.      31.     -28.
                44.     -34.      -2.      22.     -49.      -1.            1.
 
  2020          -7.      -1.      33.      35.     -35.      14.
                15.       1.      -5.     -42.      10.      79.            8.
 
  2021         -75.      30.      69.     -20.     -50.      -5.
                -9.      48.     -30.       2.      -6.       1.           -4.
 
  2022         -24.      -5.     177.    -100.      52.     -69.
               -55.      36.     -54.      15.     -55.       2.           -7.
 
  2023           3.      13.      30.     -31.      30.      14.
               126.     -85.     -35.      61.      18.     426.           48.
 
  2024        -441.     -58.      83.     -31.     170.    -196.
               -17.     126.      88.     -47.     -65.      69.          -27.
 
  2025        -188.     -24.     127.      69.    -187.      55.
               -45.      61.    -113.     187.    -141.      -9.          -17.
 
  2026         -11.      20.     398.    -377.     -18.       4.
                                                                            3.
 
  AVGE         -42.       5.      61.     -26.       9.     -10.
                 3.       6.      -7.       3.     -20.      16.

  Table Total-           6.   Mean-         0.   Std. Dev.-        72.
                              Min -      -441.        Max -       426.
        bps_permits 26820            PAGE  16, SERIES bps_permits_addi

 E 6  Month-to-month differences in seasonally adjusted series (D11)
  From  2004.Feb to 2026.Jun
  Observations        269
 -----------------------------------------------------------------------------
               Jan      Feb      Mar      Apr      May      Jun 
               Jul      Aug      Sep      Oct      Nov      Dec         AVGE  
 -----------------------------------------------------------------------------
  2004                   10.     -20.      -1.     -35.      26.
               -15.     -27.      44.      -2.       8.       3.           -1.
 
  2005         -27.      10.      38.     -46.      48.       7.
                -7.     121.     -90.     -51.     -28.      19.           -0.
 
  2006           9.     -25.       3.      31.     -14.     -16.
               -12.      26.     -59.      42.      61.     -68.           -2.
 
  2007           3.      13.     -11.      -3.      14.     -27.
               194.    -187.     -75.      57.       4.      34.            1.
 
  2008         -64.      -7.     -14.      -2.      -9.      14.
                 4.     -19.      41.     -34.     -13.      11.           -8.
 
  2009          -0.      -2.      -4.     -10.      -2.       9.
                -3.      10.     -12.      20.      -4.      -2.            0.
 
  2010          87.     -90.       8.      -0.     -16.       2.
                -9.       7.      -3.       1.       8.       2.           -1.
 
  2011           2.       4.     -18.       5.       5.      -9.
                 6.      -0.      -2.       3.       1.      -6.           -1.
 
  2012           7.       6.      -2.       9.     -10.       1.
                 3.      -0.     -12.      13.       0.      11.            2.
 
  2013           1.     -11.       1.      -4.      42.     -48.
                 4.       8.      41.     -46.       5.       1.           -1.
 
  2014           2.     -10.      -1.       0.      17.       1.
                -6.     -10.       7.      -6.      -6.      36.            2.
 
  2015         -16.      17.      -1.      13.     -28.       9.
                12.     -15.      99.     -70.       4.     -31.           -1.
 
  2016           8.      -5.      57.     -53.      -4.      18.
               -33.     113.     -90.      -6.      25.     -34.           -0.
 
  2017          24.      -9.      82.     -78.      75.     -42.
                35.     -29.      -8.       5.     -41.      41.            5.
 
  2018         -21.      24.     -40.       7.     -14.      31.
               -43.      39.     -11.     103.     -66.     -40.           -3.
 
  2019          11.      14.     -30.      -0.      30.     -25.
                46.     -40.      13.       6.     -17.      -6.            0.
 
  2020          19.     -21.     -12.      47.     -34.      23.
                16.     -12.      16.     -60.      42.      67.            8.
 
  2021         -47.      20.       8.       2.     -50.      11.
                -2.      21.      -3.     -22.      25.     -20.           -5.
 
  2022          16.      -5.     101.     -67.      52.     -54.
               -44.      -4.     -16.     -23.     -22.     -23.           -8.
 
  2023          53.      22.     -58.      12.      29.      27.
               140.    -136.      10.      10.      54.     401.           47.
 
  2024        -385.     -48.      -2.      15.     172.    -191.
                -6.      74.     138.    -109.     -28.      49.          -27.
 
  2025        -134.     -12.      50.     112.    -181.      56.
               -41.      10.     -64.     122.    -102.     -29.          -18.
 
  2026          47.      31.     330.    -340.      -4.      -3.
                                                                           10.
 
  AVGE         -19.      -3.      20.     -15.       4.      -8.
                11.      -2.      -2.      -2.      -4.      19.

  Table Total-         -37.   Mean-        -0.   Std. Dev.-        65.
                              Min -      -385.        Max -       401.
        bps_permits 26820            PAGE  17, SERIES bps_permits_addi

 E 7  Month-to-month differences in final trend cycle (D12)
  From  2004.Feb to 2026.Jun
  Observations        269
 -----------------------------------------------------------------------------
               Jan      Feb      Mar      Apr      May      Jun 
               Jul      Aug      Sep      Oct      Nov      Dec         AVGE  
 -----------------------------------------------------------------------------
  2004                   -3.      -4.      -4.      -3.      -3.
                -2.      -1.      -0.       1.       2.       4.           -1.
 
  2005           5.       6.       6.       5.       5.       3.
                 2.      -0.      -2.      -3.      -4.      -5.            1.
 
  2006          -5.      -4.      -4.      -3.      -3.      -2.
                -2.      -2.      -2.      -1.      -0.       0.           -2.
 
  2007           1.       1.       1.       0.      -1.      -2.
                -3.      -5.      -6.      -8.      -8.      -9.           -3.
 
  2008          -8.      -8.      -7.      -5.      -4.      -3.
                -2.      -1.      -1.      -1.      -1.      -2.           -4.
 
  2009          -2.      -2.      -2.      -1.      -0.       0.
                 1.       2.       2.       2.       2.       1.            0.
 
  2010           0.      -1.      -2.      -2.      -2.      -2.
                -2.      -1.      -0.       0.       0.       1.           -1.
 
  2011           1.       0.       0.      -0.      -1.      -1.
                -0.      -0.       0.       1.       1.       1.            0.
 
  2012           1.       1.       1.       1.       1.       1.
                 1.       1.       1.       1.       1.       0.            1.
 
  2013           0.      -0.      -0.      -1.      -1.      -0.
                -0.      -0.       0.       0.       1.       1.           -0.
 
  2014           1.       0.       0.       0.      -0.       0.
                 1.       1.       2.       2.       3.       3.            1.
 
  2015           3.       3.       3.       3.       3.       2.
                 1.       1.       0.       0.      -0.      -1.            2.
 
  2016          -1.      -1.      -1.      -1.      -1.      -1.
                -0.       0.       1.       2.       3.       5.            0.
 
  2017           6.       7.       7.       6.       5.       4.
                 2.       0.      -2.      -4.      -5.      -5.            2.
 
  2018          -5.      -5.      -3.      -2.      -1.       0.
                 1.       1.       2.       2.       1.       1.           -1.
 
  2019           1.       0.       0.       0.       0.       1.
                 0.       0.      -0.      -1.      -1.      -1.           -0.
 
  2020          -1.      -0.       1.       2.       4.       5.
                 6.       7.       7.       6.       5.       4.            4.
 
  2021           2.       0.      -1.      -2.      -3.      -4.
                -3.      -2.       1.       3.       6.       8.            0.
 
  2022           8.       7.       3.      -1.      -5.      -9.
               -13.     -16.     -17.     -15.     -12.      -8.           -7.
 
  2023          -3.       1.       5.       9.      12.      13.
                14.      14.      13.      11.       8.       6.            9.
 
  2024           3.       2.       3.       4.       5.       6.
                 6.       6.       4.       1.      -2.      -6.            3.
 
  2025          -9.     -12.     -13.     -14.     -13.     -11.
                -9.      -6.      -4.      -2.      -0.       1.           -8.
 
  2026           3.       5.       5.       5.       4.       4.
                                                                            4.
 
  AVGE          -0.      -0.      -0.      -0.      -0.       0.
                -0.      -0.      -0.      -0.      -0.      -0.

  Table Total-         -16.   Mean-        -0.   Std. Dev.-         5.
                              Min -       -17.        Max -        14.
        bps_permits 26820            PAGE  18, SERIES bps_permits_addi

 E 8  Month-to-month differences in original series adjusted for calendar factors (A18)
  From  2004.Feb to 2026.Jun
  Observations        269
 -----------------------------------------------------------------------------
               Jan      Feb      Mar      Apr      May      Jun 
               Jul      Aug      Sep      Oct      Nov      Dec         AVGE  
 -----------------------------------------------------------------------------
  2004                   28.      35.     -16.      -5.      30.
               -38.     -25.      72.     -51.      11.     -16.            2.
 
  2005         -59.      28.      90.     -59.      77.      10.
               -27.     121.     -62.     -98.     -25.       1.           -0.
 
  2006         -20.      -9.      50.      20.      14.     -16.
               -27.      26.     -37.       0.      62.     -84.           -2.
 
  2007         -20.      25.      29.      -7.      36.     -28.
               184.    -187.     -60.      24.       3.      20.            2.
 
  2008         -80.       3.      16.      -2.       6.      11.
                -1.     -20.      49.     -57.     -15.      -1.           -8.
 
  2009         -10.       7.      17.      -4.       3.       7.
                -6.       8.      -6.       6.      -7.     -10.            0.
 
  2010          80.     -83.      23.       6.     -16.       0.
               -11.       4.       2.      -8.       4.      -5.           -0.
 
  2011          -3.       9.      -5.      14.       3.     -11.
                 3.      -3.       2.      -1.      -4.     -10.           -0.
 
  2012           1.      11.      10.      18.     -13.      -3.
                 1.      -5.      -7.      12.      -5.       6.            2.
 
  2013          -7.      -5.      15.       5.      39.     -49.
                -1.       1.      49.     -46.      -1.      -9.           -1.
 
  2014          -7.      -2.      17.       5.      17.       2.
               -11.     -19.      15.      -2.     -16.      21.            2.
 
  2015         -26.      28.      20.      14.     -24.      13.
                 3.     -23.     104.     -63.      -9.     -50.           -1.
 
  2016          -4.      12.      78.     -55.       4.      22.
               -40.     105.     -88.       6.       7.     -56.           -1.
 
  2017          12.      13.     101.     -78.      82.     -38.
                29.     -34.     -11.      20.     -64.      24.            5.
 
  2018         -36.      48.     -19.       7.     -10.      32.
               -43.      37.     -20.     119.     -95.     -47.           -2.
 
  2019         -10.      36.       2.      -4.      31.     -28.
                44.     -34.      -2.      22.     -49.      -1.            1.
 
  2020          -7.      -1.      33.      35.     -35.      14.
                15.       1.      -5.     -42.      10.      79.            8.
 
  2021         -75.      30.      69.     -20.     -50.      -5.
                -9.      48.     -30.       2.      -6.       1.           -4.
 
  2022         -24.      -5.     177.    -100.      52.     -69.
               -55.      36.     -54.      15.     -55.       2.           -7.
 
  2023           3.      13.      30.     -31.      30.      14.
               126.     -85.     -35.      61.      18.     426.           48.
 
  2024        -441.     -58.      83.     -31.     170.    -196.
               -17.     126.      88.     -47.     -65.      69.          -27.
 
  2025        -188.     -24.     127.      69.    -187.      55.
               -45.      61.    -113.     187.    -141.      -9.          -17.
 
  2026         -11.      20.     398.    -377.     -18.       4.
                                                                            3.
 
  AVGE         -42.       5.      61.     -26.       9.     -10.
                 3.       6.      -7.       3.     -20.      16.

  Table Total-           6.   Mean-         0.   Std. Dev.-        72.
                              Min -      -441.        Max -       426.
        bps_permits 26820            PAGE  19, SERIES bps_permits_addi

 E 18  Final adjustment ratios
  From  2004.Jan to 2026.Jun
  Observations        270
 -----------------------------------------------------------------------------
               Jan      Feb      Mar      Apr      May      Jun 
               Jul      Aug      Sep      Oct      Nov      Dec         AVGE  
 -----------------------------------------------------------------------------
  2004       59.316   73.477  110.280   99.363  129.688  126.507
            108.914  114.818  131.603   93.106   96.045   81.791       102.076
 
  2005       47.700   67.014  107.735   99.194  117.703  118.725
            107.038  104.148  120.549   94.155   95.081   81.987        96.752
 
  2006       62.369   67.981  107.966   99.131  120.020  123.077
            111.980  109.414  147.354   93.605   96.266   79.213       101.531
 
  2007       59.512   73.465  105.498  101.693  118.649  122.762
            104.219  111.440  184.250   93.550   92.858   83.966       104.322
 
  2008       41.601   52.407  109.304  109.990  164.780  137.306
            123.451  137.181  127.641   88.597   73.084   46.154       100.958
 
  2009       15.453   39.064  108.217  144.721  187.829  147.853
            142.132  120.538  166.000   94.920   85.954   59.897       109.382
 
  2010       83.201   57.254  106.138  123.594  144.692  133.340
            143.510  115.703  149.973   97.725   83.283   59.615       108.169
 
  2011       45.724   67.255  115.928  155.331  133.565  137.492
            114.735  102.382  121.759  100.858   81.315   55.096       102.620
 
  2012       44.391   70.583  109.052  131.811  131.907  118.690
            109.135   94.061  116.501  107.076   90.523   80.876       100.384
 
  2013       64.264   70.069  109.774  137.620  112.334  131.559
            111.501   90.576  105.366  114.618   95.556   70.306       101.129
 
  2014       49.334   58.096  118.238  134.164  122.387  122.854
            114.151   89.662  112.561  126.512   95.969   74.636       101.547
 
  2015       44.406   76.721  110.631  110.445  124.117  127.884
            109.943   98.447  103.020  114.872   99.309   62.869        98.555
 
  2016       48.546   74.459  105.829  108.395  122.740  122.164
            124.371  101.330  106.108  128.251   98.095   51.442        99.311
 
  2017       51.004   78.710  103.712  107.419  108.690  116.725
            108.246  105.629  102.530  117.353   91.854   78.403        97.523
 
  2018       54.421   87.097  111.325  110.123  119.566  113.411
            126.454  111.593  101.493  109.691   89.583   74.673       100.786
 
  2019       52.821   82.619  123.466  118.156  113.062  112.805
            106.338  117.920   98.291  114.876   77.636   82.215       100.017
 
  2020       58.102   73.525  143.886  113.393  118.879  104.340
            102.460  115.170   95.232  122.040   80.495   95.824       101.946
 
  2021       70.487   81.938  124.562  109.399  114.620   98.714
             92.019  114.158   92.937  115.093   88.017  105.644       100.632
 
  2022       72.659   71.336  119.262  106.212  104.846   96.268
             84.455  123.005   83.217  138.863   77.300  195.982       106.117
 
  2023       51.915   53.935  242.910  107.454  105.268   91.170
             90.466  126.436   85.237  127.073   98.963  103.931       107.063
 
  2024       83.190   70.824  128.796   97.574   98.264   92.443
             84.174  114.742   94.417  117.766  102.370  109.524        99.507
 
  2025       76.533   63.217  121.222   97.099   85.314   90.261
             82.833  126.716   69.569  126.776  110.791  160.097       100.869
 
  2026       68.940   67.979  106.213   92.316   79.620   85.529
                                                                        83.433
 
  AVGE       56.778   68.653  119.563  113.678  120.806  116.169
            109.206  111.140  114.346  110.790   90.925   86.097

  Table Total-       27395.   Mean-       101.   Std. Dev.-        28.
                              Min -        15.        Max -       243.

 E 18.A  Final adjustment ratio forecasts
  From  2026.Jul to 2027.Jun
  Observations         12
 -----------------------------------------------------------------------------
               Jan      Feb      Mar      Apr      May      Jun 
               Jul      Aug      Sep      Oct      Nov      Dec         AVGE  
 -----------------------------------------------------------------------------
  2026                                                          
             88.197  132.927   90.081  159.695  107.710  127.827       117.740
 
  2027       81.060   76.845  125.849   94.649   84.663   90.664
                                                                        92.288
 

  QS statistic for seasonality:
  Original Series                                     2.99  (P-Value =     0.2247)
  Original Series (EV adj)                            2.99  (P-Value =     0.2247)
  Residuals                                           1.56  (P-Value =     0.4588)
  Seasonally Adjusted Series                          0.00  (P-Value =     1.0000)
  Seasonally Adjusted Series (EV adj)                 0.00  (P-Value =     1.0000)
  Irregular Series                                    0.00  (P-Value =     1.0000)
  Irregular Series (EV adj)                           0.00  (P-Value =     1.0000)

  QS statistic for seasonality (starting 2018.Jul):
  Original Series                                     1.89  (P-Value =     0.3896)
  Original Series (EV adj)                            1.89  (P-Value =     0.3896)
  Residuals                                           0.13  (P-Value =     0.9373)
  Seasonally Adjusted Series                          0.00  (P-Value =     1.0000)
  Seasonally Adjusted Series (EV adj)                 0.00  (P-Value =     1.0000)
  Irregular Series                                    0.00  (P-Value =     1.0000)
  Irregular Series (EV adj)                           0.00  (P-Value =     1.0000)
        bps_permits 26820            PAGE  20, SERIES bps_permits_addi
 G 0  10*LOG(SPECTRUM) of the differenced Original Series
      (Table A1 or B1).  Spectrum estimated from 2018.Jul to 2026.Jun.
 ++++++++++I+++++++++++++++++++++++++++++++++++++++++++++++++++++++++++++I
      47.85I                                                 *           I     47.85
           I                                                 *           I
           I                                                 *           I
           I                                                 *S          I
      45.67I                                                 *S          I     45.67
           I                      *                 S        *S  **      I
           I                      *        *        S    *   *S  **      I
           I                      *        *        S    *   *S  **      I
      43.49I                      *        *        S   **   *S  **      I     43.49
           I                      *        **       S   **   *S*T**      I
           I                      **  *    **       S   **  **S*T**      I
           I                      **  *   S**       S   **  **S*T**      I
      41.31I                      **  **  S***     *S   **  **S*T***     I     41.31
           I                      **  **  S***     *S   *** **S*T***     I
           I                      **  **  S***     *S   ******S*T***     I
           I                     *** ***  S***     *S*  ******S*T****    I
      39.12I                     *********S***     *S*  ******S*T*****   I     39.12
           I                     *********S***     *S* *******S*T*****   I
           I             *       *********S****    *S* *******S*T******  I
           I             *       *********S****    *S*T*******S*T******  I
      36.94I             *       *********S****    *S*T*******S*T******* I     36.94
           I             *      S*********S****    *S*T*******S*T******* I
           I             *     *S*********S****    *S*T*******S*T*******SI
           I             *     *S*********S****   **S*T*******S*T*******SI
      34.76I             *    **S*********S*****  **S*T*******S*T*******SI     34.76
           I             *    **S*********S*****  **S*T*******S*T*******SI
           I             *    **S*********S*****  **S*T*******S*T*******SI
           I        *   ***   **S*********S****** **S*T*******S*T*******SI
      32.58I        *   ***   **S*********S*********S*T*******S*T*******SI     32.58
           I        *   ***  ***S*********S*********S*T*******S*T*******SI
           I        *   ***  ***S*********S*********S*T*******S*T*******SI
           I       **   ***  ***S*********S*********S*T*******S*T*******SI
      30.39I       **   ********S*********S*********S*T*******S*T*******SI     30.39
           I       ***  ********S*********S*********S*T*******S*T*******SI
           I    *  *** *********S*********S*********S*T*******S*T*******SI
           I    *  *** *********S*********S*********S*T*******S*T*******SI
      28.21I   **  ***S*********S*********S*********S*T*******S*T*******SI     28.21
           I   ** ****S*********S*********S*********S*T*******S*T*******SI
           I   *******S*********S*********S*********S*T*******S*T*******SI
           I   *******S*********S*********S*********S*T*******S*T*******SI
      26.03I   *******S*********S*********S*********S*T*******S*T*******SI     26.03
           I   *******S*********S*********S*********S*T*******S*T*******SI
           I   *******S*********S*********S*********S*T*******S*T*******SI
           I   *******S*********S*********S*********S*T*******S*T*******SI
      23.85I   *******S*********S*********S*********S*T*******S*T*******SI     23.85
           I  ********S*********S*********S*********S*T*******S*T*******SI
           I  ********S*********S*********S*********S*T*******S*T*******SI
           I  ********S*********S*********S*********S*T*******S*T*******SI
      21.66I  ********S*********S*********S*********S*T*******S*T*******SI     21.66
           I  ********S*********S*********S*********S*T*******S*T*******SI
           I  ********S*********S*********S*********S*T*******S*T*******SI
           I *********S*********S*********S*********S*T*******S*T*******SI
      19.48I**********S*********S*********S*********S*T*******S*T*******SI     19.48
 ++++++++++I+++++++++++++++++++++++++++++++++++++++++++++++++++++++++++++I
            S=SEASONAL FREQUENCIES, T=TRADING DAY FREQUENCIES
        bps_permits 26820            PAGE  21, SERIES bps_permits_addi
 G 1  10*LOG(SPECTRUM) of the differenced seasonally adjusted 
      data (Table E2).  Spectrum estimated from 2018.Jul to 2026.Jun.
 ++++++++++I+++++++++++++++++++++++++++++++++++++++++++++++++++++++++++++I
      40.24I                                           *                 I     40.24
           I                                           *              *  I
           I                                           *              *  I
           I                                           *              *  I
      38.34I                                    *      *             **  I     38.34
           I                                    *      *             **  I
           I                                    *      *             **  I
           I                                    *      *          *  **  I
      36.44I                                   **      *          *  **  I     36.44
           I                                   **      *          *  **  I
           I                                   **      *    *     *  **  I
           I                                 ****      *    *     *  *** I
      34.54I                                 ****      *   **     ****** I     34.54
           I                       *  *      ****     T*   **    ******* I
           I                      **  *      ****     T*   **    *******SI
           I                      **  *      ****     T*   **    *******SI
      32.64I                      **  *      *****    T**  **    *******SI     32.64
           I                *     **  *     ******    T**  **    *******SI
           I                *     **  *     ******    T** ****   *******SI
           I        *       *     **  *     ******    T** ****   *******SI
      30.74I        *       *     **  **    ******    T*******   *******SI     30.74
           I        *       *     ** ***    ******    T*******  T*******SI
           I        *       *     ******    ******    T*******  T*******SI
           I        *       *     ******    ******    T*******  T*******SI
      28.84I       **       *     ******    ******   *T*******S*T*******SI     28.84
           I       **       *     ******   ********  *T*******S*T*******SI
           I       **       *     ******   ********  *T*******S*T*******SI
           I       **    *  **    ******   ********  *T*******S*T*******SI
      26.94I   *   **   **  **    *******  ******** S*T*******S*T*******SI     26.94
           I   **  **   ** ***    *******  *********S*T*******S*T*******SI
           I   **  **   ** ***    ******* S*********S*T*******S*T*******SI
           I   **  **   ******    ********S*********S*T*******S*T*******SI
      25.04I   **  **   ******   *********S*********S*T*******S*T*******SI     25.04
           I   **  **   ******   *********S*********S*T*******S*T*******SI
           I   **  ***  ******   *********S*********S*T*******S*T*******SI
           I   **  ***  ******   *********S*********S*T*******S*T*******SI
      23.14I   ** **** *******   *********S*********S*T*******S*T*******SI     23.14
           I   ******* *******   *********S*********S*T*******S*T*******SI
           I   *******S********  *********S*********S*T*******S*T*******SI
           I   *******S********  *********S*********S*T*******S*T*******SI
      21.24I   *******S******** S*********S*********S*T*******S*T*******SI     21.24
           I   *******S******** S*********S*********S*T*******S*T*******SI
           I   *******S*********S*********S*********S*T*******S*T*******SI
           I  ********S*********S*********S*********S*T*******S*T*******SI
      19.34I  ********S*********S*********S*********S*T*******S*T*******SI     19.34
           I  ********S*********S*********S*********S*T*******S*T*******SI
           I  ********S*********S*********S*********S*T*******S*T*******SI
           I  ********S*********S*********S*********S*T*******S*T*******SI
      17.44I  ********S*********S*********S*********S*T*******S*T*******SI     17.44
           I  ********S*********S*********S*********S*T*******S*T*******SI
           I *********S*********S*********S*********S*T*******S*T*******SI
           I *********S*********S*********S*********S*T*******S*T*******SI
      15.54I**********S*********S*********S*********S*T*******S*T*******SI     15.54
 ++++++++++I+++++++++++++++++++++++++++++++++++++++++++++++++++++++++++++I
            S=SEASONAL FREQUENCIES, T=TRADING DAY FREQUENCIES
        bps_permits 26820            PAGE  22, SERIES bps_permits_addi
 G 2  10*LOG(SPECTRUM) of the Modified Irregular (Table E3).  
      Spectrum estimated from 2018.Jul to 2026.Jun.
 ++++++++++I+++++++++++++++++++++++++++++++++++++++++++++++++++++++++++++I
      35.51I                                                             I     35.51
           I                                           *                 I
           I                                           *                 I
           I                *                   *      *                 I
      33.99I                *                   *      *                 I     33.99
           I                *                   *      *              *  I
           I                *      *            *      *              *  I
           I                *      *            *      *              *  I
      32.47I        *       *     **           **      *             **  I     32.47
           I        *       *     **  *        **      *             **  I
           I        *       *     **  *        **      *             **  I
           I        *       *     **  *        **      *             **  I
      30.95I        *       *     **  *        **      *          *  **  I     30.95
           I        *       *     **  *      ****      *          *  **  I
           I        *    *  *     **  *      ****      *          *  **  I
           I        *    *  *     **  *      ****      *    *     *  **  I
      29.43I        *    *  *     **  *      ****      *   **     *  **  I     29.43
           I        *   **  **    **  **     ****     T*   **     *  *** I
           I        *   ** ***    ** ***    *****     T*   **     ****** I
           I       ***  ** ***    ******    ******    T*   **    ******* I
      27.91I       ***  ******    ******    ******    T*   **    ******* I     27.91
           I       ***  ******    ******    ******    T**  **    *******SI
           I       ***  ******    ******    ******    T**  **    *******SI
           I       ***  ******    ******    ******    T**  **    *******SI
      26.39I       *** *******    ******    ******    T** ***    *******SI     26.39
           I       *** *******    ******    ******    T** ***    *******SI
           I       ***S*******    ******    ******    T*******   *******SI
           I       ***S*******    ******   *******    T*******   *******SI
      24.87I       ***S*******    ******   *******    T*******   *******SI     24.87
           I      ****S*******   ********  *******    T*******  T*******SI
           I      ****S*******   ********  ********   T*******  T*******SI
           I      ****S*******   ********  ********  *T*******  T*******SI
      23.35I      ****S*******   ********  ********  *T*******S T*******SI     23.35
           I      ****S********  *********S********  *T*******S*T*******SI
           I      ****S********  *********S********  *T*******S*T*******SI
           I     *****S********  *********S*********S*T*******S*T*******SI
      21.83I     *****S********  *********S*********S*T*******S*T*******SI     21.83
           I     *****S********  *********S*********S*T*******S*T*******SI
           I     *****S******** S*********S*********S*T*******S*T*******SI
           I    ******S*********S*********S*********S*T*******S*T*******SI
      20.32I    ******S*********S*********S*********S*T*******S*T*******SI     20.32
           I    ******S*********S*********S*********S*T*******S*T*******SI
           I    ******S*********S*********S*********S*T*******S*T*******SI
           I    ******S*********S*********S*********S*T*******S*T*******SI
      18.80I   *******S*********S*********S*********S*T*******S*T*******SI     18.80
           I   *******S*********S*********S*********S*T*******S*T*******SI
           I   *******S*********S*********S*********S*T*******S*T*******SI
           I   *******S*********S*********S*********S*T*******S*T*******SI
      17.28I   *******S*********S*********S*********S*T*******S*T*******SI     17.28
           I  ********S*********S*********S*********S*T*******S*T*******SI
           I  ********S*********S*********S*********S*T*******S*T*******SI
           I  ********S*********S*********S*********S*T*******S*T*******SI
      15.76I**********S*********S*********S*********S*T*******S*T*******SI     15.76
 ++++++++++I+++++++++++++++++++++++++++++++++++++++++++++++++++++++++++++I
            S=SEASONAL FREQUENCIES, T=TRADING DAY FREQUENCIES
        bps_permits 26820            PAGE  23, SERIES bps_permits_addi

  Peak probabilities for Tukey spectrum estimator
  Spectrum estimated from 2018.Jul to 2026.Jun.

                                          S1       S2       S3       S4       S5       S6       TD
                                        ------   ------   ------   ------   ------   ------   ------
  Model Residuals                        0.886    0.187    0.337    0.410    0.015    0.966*   0.851  
  Original Series (Table A1 or B1)       0.151    0.273    0.802    0.957*   0.867    0.334    0.072  
  Seasonally adjusted series (E2)        0.072    0.001    0.652    0.402    0.445    0.262    0.988* 
  Modified Irregular (E3)                0.074    0.000    0.667    0.472    0.445    0.257    0.988* 
  ----------
     ** - Peak Probability > 0.99,
      * - 0.90 < Peak Probability < 0.99


