  Reading input spec file from D:\Programming\Dynamic Paper-dlrhcs_replication\outputs\empirical\unemployment\raw_sa_pilot\x13_work\bps_permits_additive_level_40660_200401_202606.spc

1

               U. S. Department of Commerce, U. S. Census Bureau

              X-13ARIMA-SEATS monthly seasonal adjustment Method,
                          Release Version 1.1 Build 62


           This software application provides an enhanced version of
             Statistics Canada's X-11-ARIMA extension (Dagum, 1980)
                 of the X-11 variant of the Census Method II of
                      Shiskin, Young and Musgrave (1967).

            It also provides an ARIMA model-based method following
       Hillmer and Tiao (1982) and Burman (1980) that is very similar
       to the update of the method of SEATS (Gomez and Maravall, 1996)
                produced at the Bank of Spain by G. Caporello and
               A. Maravall for TSW (Caporello and Maravall, 2004).
          The present application includes additional enhancements.

         X-13ARIMA-SEATS includes an automatic ARIMA model selection procedure
          based largely on the procedure of Gomez and Maravall (1998)
            as implemented in TRAMO (1996) and subsequent revisions.

              Primary Programmers: Brian Monsell, Mark Otto and,
                 for the ARIMA model-based signal extraction,
                      Gianluca Caporello and Victor Gomez


     Series Title- bps_permits 40660
     Series Name- bps_permits_addi
     Jul 29, 2026  08.33.53 

        -Period covered-  1st month,2004 to  6th month,2026
        -Type of run - additive seasonal adjustment

        -Sigma limits for graduating extreme values are  1.5 and  2.5 .
        -3x3 moving average used in section 1 of each iteration, 
         3x5 moving average in section 2 of iterations B and C,
         moving average for final seasonal factors chosen by Global MSR.
        -Holiday adjustment factors applied directly to the final seasonally adjusted series
        -Spectral plots generated for selected series
        -Spectral plots generated for series starting in 2018.Jul

 FILE SAVE REQUESTS (* indicates file exists and will be overwritten)
  D:\Programming\Dynamic Paper-dlrhcs_replication\outputs\empirical\unemployment\raw_sa_pilot\x13_work\bps_permits_additive_level_40660_200401_202606.d10  final seasonal factors
  D:\Programming\Dynamic Paper-dlrhcs_replication\outputs\empirical\unemployment\raw_sa_pilot\x13_work\bps_permits_additive_level_40660_200401_202606.d11  final seasonally adjusted data
  D:\Programming\Dynamic Paper-dlrhcs_replication\outputs\empirical\unemployment\raw_sa_pilot\x13_work\bps_permits_additive_level_40660_200401_202606.out  program output file
  D:\Programming\Dynamic Paper-dlrhcs_replication\outputs\empirical\unemployment\raw_sa_pilot\x13_work\bps_permits_additive_level_40660_200401_202606.err  program error file
        bps_permits 40660            PAGE   1, SERIES bps_permits_addi

     Contents of spc file D:\Programming\Dynamic Paper-dlrhcs_replication\outputs\empirical\unemployment\raw_sa_pilot\x13_work\bps_permits_additive_level_40660_200401_202606.spc

 Line #
 ------
      1: series {
      2:   title = "bps_permits 40660"
      3:   start = 2004.1
      4:   period = 12
      5:   data = (
      6: 81
      7: 22
      8: 66
      9: 74
     10: 49
     11: 53
     12: 42
     13: 77
     14: 45
     15: 31
     16: 39
     17: 45
     18: 41
     19: 28
     20: 51
     21: 50
     22: 43
     23: 55
     24: 50
     25: 47
     26: 51
     27: 45
     28: 42
     29: 42
     30: 48
     31: 45
     32: 57
     33: 39
     34: 39
     35: 49
     36: 41
     37: 46
     38: 40
     39: 40
     40: 33
     41: 36
     42: 30
     43: 34
     44: 32
     45: 32
     46: 58
     47: 22
     48: 20
     49: 20
     50: 18
     51: 14
     52: 11
     53: 14
     54: 16
     55: 17
     56: 8
     57: 28
     58: 25
     59: 18
     60: 44
     61: 15
     62: 14
     63: 11
     64: 4
     65: 3
     66: 25
     67: 9
     68: 11
     69: 16
     70: 13
     71: 7
     72: 15
     73: 13
     74: 17
     75: 7
     76: 4
     77: 2
     78: 2
     79: 2
     80: 7
     81: 13
     82: 6
     83: 12
     84: 2
     85: 6
     86: 6
     87: 4
     88: 10
     89: 2
     90: 1
     91: 82
     92: 7
     93: 5
     94: 1
     95: 5
     96: 4
     97: 5
     98: 4
     99: 4
    100: 4
    101: 4
    102: 5
    103: 5
    104: 6
    105: 10
    106: 15
    107: 13
    108: 14
    109: 15
    110: 15
    111: 14
    112: 15
    113: 14
    114: 12
    115: 14
    116: 14
    117: 4
    118: 4
    119: 4
    120: 9
    121: 4
    122: 3
    123: 3
    124: 3
    125: 3
    126: 3
    127: 5
    128: 7
    129: 7
    130: 4
    131: 5
    132: 8
    133: 8
    134: 7
    135: 10
    136: 3
    137: 6
    138: 6
    139: 2
    140: 7
    141: 4
    142: 10
    143: 17
    144: 8
    145: 9
    146: 11
    147: 8
    148: 5
    149: 6
    150: 6
    151: 7
    152: 8
    153: 12
    154: 11
    155: 7
    156: 8
    157: 6
    158: 15
    159: 7
    160: 5
    161: 133
    162: 12
    163: 16
    164: 13
    165: 13
    166: 20
    167: 20
    168: 14
    169: 12
    170: 11
    171: 7
    172: 10
    173: 9
    174: 7
    175: 12
    176: 17
    177: 18
    178: 27
    179: 14
    180: 17
    181: 21
    182: 29
    183: 15
    184: 20
    185: 13
    186: 13
    187: 13
    188: 25
    189: 15
    190: 52
    191: 12
    192: 17
    193: 20
    194: 19
    195: 20
    196: 2
    197: 21
    198: 8
    199: 39
    200: 23
    201: 10
    202: 21
    203: 27
    204: 34
    205: 22
    206: 15
    207: 33
    208: 30
    209: 20
    210: 18
    211: 18
    212: 22
    213: 33
    214: 14
    215: 23
    216: 11
    217: 9
    218: 13
    219: 10
    220: 14
    221: 19
    222: 20
    223: 23
    224: 12
    225: 29
    226: 38
    227: 25
    228: 22
    229: 27
    230: 34
    231: 29
    232: 28
    233: 23
    234: 21
    235: 21
    236: 26
    237: 20
    238: 20
    239: 33
    240: 38
    241: 30
    242: 26
    243: 31
    244: 33
    245: 28
    246: 28
    247: 35
    248: 19
    249: 29
    250: 52
    251: 41
    252: 41
    253: 22
    254: 30
    255: 33
    256: 5
    257: 20
    258: 13
    259: 20
    260: 39
    261: 61
    262: 27
    263: 16
    264: 19
    265: 22
    266: 25
    267: 27
    268: 16
    269: 45
    270: 26
    271: 67
    272: 33
    273: 33
    274: 37
    275: 36
    276:   )
    277: }
    278: transform { function = none }
    279: regression { aictest = (td easter) }
    280: automdl {}
    281: x11 { mode = add save = (d10 d11) }
        bps_permits 40660            PAGE   2, SERIES bps_permits_addi

 A 1  Time series data (for the span analyzed)
  From  2004.Jan to 2026.Jun
  Observations        270
 -----------------------------------------------------------------------------
               Jan      Feb      Mar      Apr      May      Jun 
               Jul      Aug      Sep      Oct      Nov      Dec        TOTAL  
 -----------------------------------------------------------------------------
  2004          81.      22.      66.      74.      49.      53.
                42.      77.      45.      31.      39.      45.          624.
 
  2005          41.      28.      51.      50.      43.      55.
                50.      47.      51.      45.      42.      42.          545.
 
  2006          48.      45.      57.      39.      39.      49.
                41.      46.      40.      40.      33.      36.          513.
 
  2007          30.      34.      32.      32.      58.      22.
                20.      20.      18.      14.      11.      14.          305.
 
  2008          16.      17.       8.      28.      25.      18.
                44.      15.      14.      11.       4.       3.          203.
 
  2009          25.       9.      11.      16.      13.       7.
                15.      13.      17.       7.       4.       2.          139.
 
  2010           2.       2.       7.      13.       6.      12.
                 2.       6.       6.       4.      10.       2.           72.
 
  2011           1.      82.       7.       5.       1.       5.
                 4.       5.       4.       4.       4.       4.          126.
 
  2012           5.       5.       6.      10.      15.      13.
                14.      15.      15.      14.      15.      14.          141.
 
  2013          12.      14.      14.       4.       4.       4.
                 9.       4.       3.       3.       3.       3.           77.
 
  2014           3.       5.       7.       7.       4.       5.
                 8.       8.       7.      10.       3.       6.           73.
 
  2015           6.       2.       7.       4.      10.      17.
                 8.       9.      11.       8.       5.       6.           93.
 
  2016           6.       7.       8.      12.      11.       7.
                 8.       6.      15.       7.       5.     133.          225.
 
  2017          12.      16.      13.      13.      20.      20.
                14.      12.      11.       7.      10.       9.          157.
 
  2018           7.      12.      17.      18.      27.      14.
                17.      21.      29.      15.      20.      13.          210.
 
  2019          13.      13.      25.      15.      52.      12.
                17.      20.      19.      20.       2.      21.          229.
 
  2020           8.      39.      23.      10.      21.      27.
                34.      22.      15.      33.      30.      20.          282.
 
  2021          18.      18.      22.      33.      14.      23.
                11.       9.      13.      10.      14.      19.          204.
 
  2022          20.      23.      12.      29.      38.      25.
                22.      27.      34.      29.      28.      23.          310.
 
  2023          21.      21.      26.      20.      20.      33.
                38.      30.      26.      31.      33.      28.          327.
 
  2024          28.      35.      19.      29.      52.      41.
                41.      22.      30.      33.       5.      20.          355.
 
  2025          13.      20.      39.      61.      27.      16.
                19.      22.      25.      27.      16.      45.          330.
 
  2026          26.      67.      33.      33.      37.      36.
                                                                          232.
 
  AVGE          19.      23.      22.      24.      25.      22.
                22.      21.      20.      18.      15.      23.

  Table Total-        5772.   Mean-        21.   Std. Dev.-        17.
                              Min -         1.        Max -       133.
        bps_permits 40660            PAGE   3, SERIES bps_permits_addi
                        Automatic ARIMA Model Selection

                    Procedure based closely on TRAMO method 
                         of Gomez and Maravall (2000)
              "Automatic Modeling Methods for Univariate Series",
                            A Course in Time Series
                  (Edited by D. Pena, G. C. Tiao, R. S. Tsay),
                         New York : J. Wiley and Sons


     Maximum order for regular ARMA parameters :   2
     Maximum order for seasonal ARMA parameters :   1
     Maximum order for regular differencing :   2
     Maximum order for seasonal differencing :   1

   Results of Unit Root Test for identifying orders of differencing:
     Regular difference order :   0
     Seasonal difference order :   0

  Automatic model choice : (1 0 1)
   Model changed to 
   ( 0, 1, 1) ( 0, 1, 1)


  Final Checks for Identified Model


  Checking for Unit Roots.
   No unit roots found.

  Checking for nonseasonal overdifferencing.
   Nonseasonal MA not within  0.001 of 1.0 - model passes test.

  Checking for insignificant ARMA coefficients.

  Final automatic model choice : (0 1 1)(0 1 1)
   End of automatic model selection procedure.

 Average absolute percentage error in within-sample forecasts:
  Last year:  28.07      Last-1 year:  89.04     Last-2 year:  28.29
  Last three years:   48.46

 Estimation converged in   32 ARMA iterations,  115 function evaluations.

 Regression Model
 ------------------------------------------------------------------------------
                             Parameter        Standard
 Variable                     Estimate           Error      t-value
 ------------------------------------------------------------------------------
 Constant                       0.0498         0.01351         3.69
 ------------------------------------------------------------------------------


 ARIMA Model:  (0 1 1)(0 1 1)
   Nonseasonal differences: 1
   Seasonal differences:    1
                                              Standard
 Parameter                    Estimate          Errors
 -----------------------------------------------------
 Nonseasonal MA                                    
   Lag  1                       0.8986         0.02622

 Seasonal MA                                       
   Lag 12                       0.9996         0.03274

 Variance                       0.16294E+03
 SE of Var                      0.14374E+02
 -----------------------------------------------------

 Likelihood Statistics
 ------------------------------------------------------------------
 Number of observations (nobs)                                  270
 Effective number of observations (nefobs)                      257
 Number of parameters estimated (np)                              4
 Log likelihood (L)                                      -1038.8956
 AIC                                                      2085.7912 
 AICC (F-corrected-AIC)                                   2085.9499 
 Hannan Quinn                                             2091.5002 
 BIC                                                      2099.9875 
 ------------------------------------------------------------------

 QS Statistic for regARIMA Model Residuals (full series):             0.00
                                                       (P-Value =     1.0000)

 QS Statistic for regARIMA Model Residuals (starting 2018.Jul):       0.00
                                                       (P-Value =     1.0000)
      10*LOG(SPECTRUM) of the regARIMA model residuals
      Spectrum estimated from 2018.Jul to 2026.Jun.
 ++++++++++I+++++++++++++++++++++++++++++++++++++++++++++++++++++++++++++I
      27.26I            *                                                I     27.26
           I            *                                                I
           I            *                                                I
           I            *                                                I
      26.08I            *                                                I     26.08
           I            *                                                I
           I            *                                                I
           I            *                                                I
      24.90I      *     *                                                I     24.90
           I      *     *                                                I
           I      *     *                                                I
           I      *     *          **                                    I
      23.72I      *     *          **                                    I     23.72
           I      *     *          **         *                          I
           I      *     *          **         *                          I
           I      *     * *        *****      *                          I
      22.54I      *     ***        *****      *                          I     22.54
           I      *     ***        *****      *                          I
           I      *     ****       *****      *                          I
           I      *     ****       *****      *                       *  I
      21.36I      *     ****       *****      *                       *  I     21.36
           I     **     ****       *****      *                       *  I
           I   * **     ****      ******      **                      *  I
           I   * **     ****      ******      **                 *   **  I
      20.19I   * **    *****      ******      **                 *   **  I     20.19
           I   * **    *****      *******     **       *  *      **  **  I
           I   * **    *****      *******     **       ****      **  **  I
           I   * **    *****      *******     **       ****     T**  **  I
      19.01I   * **    *****      *******     **       *****    T**  *** I     19.01
           I  *****    *****      *******     **      T*****    T**  *** I
           I  *****    *****      *******    ***      T****** S*T**  *** I
           I  *****    *****      *******    ***      T*******S*T******* I
      17.83I  *****    *****     ********    ***      T*******S*T******* I     17.83
           I  *****    ******    ********    ***      T*******S*T*******SI
           I  *****    ******    ********    ****     T*******S*T*******SI
           I  *****    ******    ********    ****     T*******S*T*******SI
      16.65I  *****    ******    *********   ****     T*******S*T*******SI     16.65
           I  *****    ******   S*********   ****    *T*******S*T*******SI
           I  ******   ******   S*********   ****    *T*******S*T*******SI
           I  ******   ******   S*********   *****   *T*******S*T*******SI
      15.47I  ******   ******   S*********   *****   *T*******S*T*******SI     15.47
           I  ******   ******   S*********  ******  S*T*******S*T*******SI
           I  ******   ******* *S*********  ********S*T*******S*T*******SI
           I  ******   ******* *S*********S ********S*T*******S*T*******SI
      14.29I *******   *********S*********S*********S*T*******S*T*******SI     14.29
           I *******  S*********S*********S*********S*T*******S*T*******SI
           I *******  S*********S*********S*********S*T*******S*T*******SI
           I *******  S*********S*********S*********S*T*******S*T*******SI
      13.11I *******  S*********S*********S*********S*T*******S*T*******SI     13.11
           I********  S*********S*********S*********S*T*******S*T*******SI
           I********  S*********S*********S*********S*T*******S*T*******SI
           I********* S*********S*********S*********S*T*******S*T*******SI
      11.93I**********S*********S*********S*********S*T*******S*T*******SI     11.93
 ++++++++++I+++++++++++++++++++++++++++++++++++++++++++++++++++++++++++++I
            S=SEASONAL FREQUENCIES, T=TRADING DAY FREQUENCIES


 FORECASTING
  Origin  2026.Jun
  Number        12

  Forecasts and Standard Errors
   ------------------------------
                         Standard
       Date   Forecast      Error
   ------------------------------
   2026.Jul      37.49     12.845
   2026.Aug      37.06     12.929
   2026.Sep      37.27     13.013
   2026.Oct      35.80     13.099
   2026.Nov      33.33     13.186
   2026.Dec      41.72     13.275
   2027.Jan      36.86     13.354
   2027.Feb      41.55     13.446
   2027.Mar      41.02     13.539
   2027.Apr      43.57     13.633
   2027.May      45.52     13.728
   2027.Jun      42.98     13.825
   ------------------------------

  Confidence intervals with coverage probability ( 0.95000
   ---------------------------------------
       Date      Lower  Forecast     Upper
   ---------------------------------------
   2026.Jul      12.32     37.49     62.67
   2026.Aug      11.73     37.06     62.40
   2026.Sep      11.77     37.27     62.78
   2026.Oct      10.13     35.80     61.48
   2026.Nov       7.49     33.33     59.17
   2026.Dec      15.70     41.72     67.74
   2027.Jan      10.69     36.86     63.04
   2027.Feb      15.20     41.55     67.90
   2027.Mar      14.48     41.02     67.55
   2027.Apr      16.85     43.57     70.29
   2027.May      18.61     45.52     72.42
   2027.Jun      15.89     42.98     70.08
   ---------------------------------------
        bps_permits 40660            PAGE   4, SERIES bps_permits_addi

 B 1  Original series (prior adjusted)
  From  2004.Jan to 2026.Jun
  Observations        270
 -----------------------------------------------------------------------------
               Jan      Feb      Mar      Apr      May      Jun 
               Jul      Aug      Sep      Oct      Nov      Dec        TOTAL  
 -----------------------------------------------------------------------------
  2004          81.      22.      66.      74.      49.      53.
                42.      77.      45.      31.      39.      45.          624.
 
  2005          41.      28.      51.      50.      43.      55.
                50.      47.      51.      45.      42.      42.          545.
 
  2006          48.      45.      57.      39.      39.      49.
                41.      46.      40.      40.      33.      36.          513.
 
  2007          30.      34.      32.      32.      58.      22.
                20.      20.      18.      14.      11.      14.          305.
 
  2008          16.      17.       8.      28.      25.      18.
                44.      15.      14.      11.       4.       3.          203.
 
  2009          25.       9.      11.      16.      13.       7.
                15.      13.      17.       7.       4.       2.          139.
 
  2010           2.       2.       7.      13.       6.      12.
                 2.       6.       6.       4.      10.       2.           72.
 
  2011           1.      82.       7.       5.       1.       5.
                 4.       5.       4.       4.       4.       4.          126.
 
  2012           5.       5.       6.      10.      15.      13.
                14.      15.      15.      14.      15.      14.          141.
 
  2013          12.      14.      14.       4.       4.       4.
                 9.       4.       3.       3.       3.       3.           77.
 
  2014           3.       5.       7.       7.       4.       5.
                 8.       8.       7.      10.       3.       6.           73.
 
  2015           6.       2.       7.       4.      10.      17.
                 8.       9.      11.       8.       5.       6.           93.
 
  2016           6.       7.       8.      12.      11.       7.
                 8.       6.      15.       7.       5.     133.          225.
 
  2017          12.      16.      13.      13.      20.      20.
                14.      12.      11.       7.      10.       9.          157.
 
  2018           7.      12.      17.      18.      27.      14.
                17.      21.      29.      15.      20.      13.          210.
 
  2019          13.      13.      25.      15.      52.      12.
                17.      20.      19.      20.       2.      21.          229.
 
  2020           8.      39.      23.      10.      21.      27.
                34.      22.      15.      33.      30.      20.          282.
 
  2021          18.      18.      22.      33.      14.      23.
                11.       9.      13.      10.      14.      19.          204.
 
  2022          20.      23.      12.      29.      38.      25.
                22.      27.      34.      29.      28.      23.          310.
 
  2023          21.      21.      26.      20.      20.      33.
                38.      30.      26.      31.      33.      28.          327.
 
  2024          28.      35.      19.      29.      52.      41.
                41.      22.      30.      33.       5.      20.          355.
 
  2025          13.      20.      39.      61.      27.      16.
                19.      22.      25.      27.      16.      45.          330.
 
  2026          26.      67.      33.      33.      37.      36.
                                                                          232.
 
  AVGE          19.      23.      22.      24.      25.      22.
                22.      21.      20.      18.      15.      23.

  Table Total-        5772.   Mean-        21.   Std. Dev.-        17.
                              Min -         1.        Max -       133.

 B 1.A  Forecasts of (prior adjusted) original series
  From  2026.Jul to 2027.Jun
  Observations         12
 -----------------------------------------------------------------------------
               Jan      Feb      Mar      Apr      May      Jun 
               Jul      Aug      Sep      Oct      Nov      Dec        TOTAL  
 -----------------------------------------------------------------------------
  2026                                                          
                37.      37.      37.      36.      33.      42.          223.
 
  2027          37.      42.      41.      44.      46.      43.
                                                                          252.
 
        bps_permits 40660            PAGE   5, SERIES bps_permits_addi

 C 17  Final weights for irregular component
  From  2004.Jan to 2026.Jun
  Observations        270
  Lower sigma limit    1.50
  Upper sigma limit    2.50
 -----------------------------------------------------------------------------
               Jan      Feb      Mar      Apr      May      Jun 
               Jul      Aug      Sep      Oct      Nov      Dec         S.D.  
 -----------------------------------------------------------------------------
  2004           0.       0.     100.       0.     100.     100.
               100.       0.     100.      42.     100.     100.          512.
 
  2005         100.      81.     100.     100.     100.     100.
               100.     100.     100.     100.     100.     100.          512.
 
  2006         100.     100.     100.      84.     100.     100.
               100.     100.     100.     100.     100.     100.          512.
 
  2007         100.     100.     100.     100.       0.     100.
               100.     100.     100.     100.     100.     100.          389.
 
  2008         100.     100.       0.     100.     100.     100.
                 0.     100.     100.     100.     100.     100.          404.
 
  2009           0.     100.     100.     100.     100.     100.
               100.     100.     100.     100.     100.     100.          497.
 
  2010         100.     100.     100.     100.     100.     100.
               100.     100.     100.     100.     100.      32.          489.
 
  2011           0.       0.       1.       0.      82.     100.
               100.     100.     100.     100.     100.     100.          447.
 
  2012         100.     100.     100.     100.     100.     100.
               100.     100.     100.     100.     100.     100.          404.
 
  2013         100.     100.     100.     100.     100.     100.
               100.     100.     100.     100.     100.     100.          373.
 
  2014         100.     100.     100.     100.     100.     100.
               100.     100.     100.     100.     100.     100.          466.
 
  2015         100.     100.     100.     100.     100.     100.
               100.     100.     100.     100.     100.     100.          535.
 
  2016         100.     100.     100.     100.     100.     100.
               100.     100.     100.       0.       0.       0.          552.
 
  2017           0.     100.     100.     100.     100.     100.
               100.     100.     100.     100.     100.     100.          604.
 
  2018         100.     100.     100.     100.     100.     100.
               100.     100.     100.     100.     100.     100.          673.
 
  2019         100.     100.     100.     100.       0.     100.
               100.     100.     100.     100.       0.     100.          565.
 
  2020         100.       0.     100.     100.     100.     100.
               100.     100.       0.     100.     100.     100.          558.
 
  2021         100.     100.     100.       0.     100.     100.
               100.     100.     100.     100.     100.     100.          571.
 
  2022         100.     100.      57.     100.      92.     100.
               100.     100.     100.     100.     100.     100.          616.
 
  2023         100.     100.     100.     100.     100.     100.
               100.     100.     100.     100.     100.     100.          619.
 
  2024         100.     100.      53.     100.       0.     100.
               100.     100.     100.     100.      95.     100.          584.
 
  2025         100.     100.      24.       0.     100.      38.
               100.     100.     100.     100.     100.      79.          559.
 
  2026         100.       0.     100.     100.     100.     100.
                                                                          559.
 
        bps_permits 40660            PAGE   6, SERIES bps_permits_addi

 D 8  Final unmodified SI ratios
  From  2004.Jan to 2026.Jun
  Observations        270
 -----------------------------------------------------------------------------
               Jan      Feb      Mar      Apr      May      Jun 
               Jul      Aug      Sep      Oct      Nov      Dec         AVGE  
 -----------------------------------------------------------------------------
  2004          19.     -38.       9.      20.      -2.       5.
                -4.      33.       2.     -12.      -3.       3.            3.
 
  2005          -1.     -14.       8.       5.      -4.       7.
                 1.      -2.       3.      -3.      -6.      -6.           -1.
 
  2006           1.      -1.      12.      -5.      -4.       7.
                -1.       4.      -2.      -1.      -6.      -1.            0.
 
  2007          -5.       2.       2.       5.      34.       0.
                 0.       2.       1.      -3.      -6.      -4.            2.
 
  2008          -2.      -2.     -12.       8.       5.      -1.
                27.      -0.       1.      -1.      -7.      -7.            1.
 
  2009          15.      -0.       2.       7.       3.      -4.
                 3.       0.       5.      -4.      -5.      -4.            2.
 
  2010          -2.      -2.       3.       8.       0.       6.
                -4.      -0.      -1.      -5.      -1.     -12.           -1.
 
  2011         -14.      67.      -7.      -6.      -7.      -1.
                -1.       0.      -1.      -1.      -1.      -0.            2.
 
  2012           1.      -0.      -1.       1.       3.      -1.
                -1.      -0.      -0.      -1.       0.      -0.            0.
 
  2013          -1.       3.       4.      -4.      -2.      -1.
                 5.       0.      -1.      -0.      -0.      -1.            0.
 
  2014          -2.      -0.       1.       1.      -2.      -1.
                 1.       1.       0.       4.      -3.       1.            0.
 
  2015           1.      -3.       1.      -4.       1.       6.
                -3.      -1.       2.       1.      -1.       0.           -0.
 
  2016          -1.      -1.      -1.       3.       2.      -2.
                -2.      -7.      -2.     -15.     -21.     107.            5.
 
  2017         -13.      -6.      -6.      -4.       4.       5.
                -0.      -1.       1.      -2.       2.       0.           -2.
 
  2018          -4.      -2.       1.       0.       8.      -6.
                -3.       1.      10.      -3.       2.      -4.            0.
 
  2019          -4.      -5.       6.      -3.      34.      -5.
                 0.       3.       2.       2.     -16.       3.            2.
 
  2020          -9.      22.       6.      -9.       0.       3.
                 8.      -6.     -14.       5.       3.      -5.            0.
 
  2021          -5.      -4.       2.      15.      -2.       9.
                -1.      -2.       2.      -2.      -0.       1.            1.
 
  2022          -1.      -1.     -14.       3.      12.      -1.
                -5.       0.       7.       1.       0.      -4.           -0.
 
  2023          -4.      -3.       3.      -4.      -5.       7.
                10.       1.      -5.      -1.       1.      -4.           -0.
 
  2024          -4.       4.     -12.      -2.      20.       9.
                 9.      -8.       3.       9.     -16.      -0.            1.
 
  2025          -8.      -2.      16.      38.       4.      -6.
                -2.       0.       1.      -0.     -14.      13.            3.
 
  2026          -7.      34.      -0.       0.       4.       2.
                                                                            5.
 
  AVGE          -2.       2.       1.       3.       5.       2.
                 2.       1.       1.      -1.      -4.       3.

  Table Total-         251.   Mean-         1.   Std. Dev.-        11.
                              Min -       -38.        Max -       107.
        bps_permits 40660            PAGE   7, SERIES bps_permits_addi

 D 8.B  Final unmodified SI ratios, with labels for outliers and extreme values
  From  2004.Jan to 2026.Jun
  Observations        270
 ---------------------------------------------------------------------
               Jan       Feb       Mar       Apr       May       Jun  
               Jul       Aug       Sep       Oct       Nov       Dec  
 ---------------------------------------------------------------------
  2004         19.*     -38.*       9.       20.*      -2.        5.  
               -4.       33.*       2.      -12.*      -3.        3.  
 
  2005         -1.      -14.*       8.        5.       -4.        7.  
                1.       -2.        3.       -3.       -6.       -6.  
 
  2006          1.       -1.       12.       -5.*      -4.        7.  
               -1.        4.       -2.       -1.       -6.       -1.  
 
  2007         -5.        2.        2.        5.       34.*       0.  
                0.        2.        1.       -3.       -6.       -4.  
 
  2008         -2.       -2.      -12.*       8.        5.       -1.  
               27.*      -0.        1.       -1.       -7.       -7.  
 
  2009         15.*      -0.        2.        7.        3.       -4.  
                3.        0.        5.       -4.       -5.       -4.  
 
  2010         -2.       -2.        3.        8.        0.        6.  
               -4.       -0.       -1.       -5.       -1.      -12.* 
 
  2011        -14.*      67.*      -7.*      -6.*      -7.*      -1.  
               -1.        0.       -1.       -1.       -1.       -0.  
 
  2012          1.       -0.       -1.        1.        3.       -1.  
               -1.       -0.       -0.       -1.        0.       -0.  
 
  2013         -1.        3.        4.       -4.       -2.       -1.  
                5.        0.       -1.       -0.       -0.       -1.  
 
  2014         -2.       -0.        1.        1.       -2.       -1.  
                1.        1.        0.        4.       -3.        1.  
 
  2015          1.       -3.        1.       -4.        1.        6.  
               -3.       -1.        2.        1.       -1.        0.  
 
  2016         -1.       -1.       -1.        3.        2.       -2.  
               -2.       -7.       -2.      -15.*     -21.*     107.* 
 
  2017        -13.*      -6.       -6.       -4.        4.        5.  
               -0.       -1.        1.       -2.        2.        0.  
 
  2018         -4.       -2.        1.        0.        8.       -6.  
               -3.        1.       10.       -3.        2.       -4.  
 
  2019         -4.       -5.        6.       -3.       34.*      -5.  
                0.        3.        2.        2.      -16.*       3.  
 
  2020         -9.       22.*       6.       -9.        0.        3.  
                8.       -6.      -14.*       5.        3.       -5.  
 
  2021         -5.       -4.        2.       15.*      -2.        9.  
               -1.       -2.        2.       -2.       -0.        1.  
 
  2022         -1.       -1.      -14.*       3.       12.*      -1.  
               -5.        0.        7.        1.        0.       -4.  
 
  2023         -4.       -3.        3.       -4.       -5.        7.  
               10.        1.       -5.       -1.        1.       -4.  
 
  2024         -4.        4.      -12.*      -2.       20.*       9.  
                9.       -8.        3.        9.      -16.*      -0.  
 
  2025         -8.       -2.       16.*      38.*       4.       -6.* 
               -2.        0.        1.       -0.      -14.       13.* 
 
  2026         -7.       34.*      -0.        0.        4.        2.  
                                                                      
 

  Key to symbols:
    *  : extreme value as determined by X-11 extreme value procedure
 
        bps_permits 40660            PAGE   8, SERIES bps_permits_addi

 D 9  Final replacement values for SI ratios
  From  2004.Jan to 2026.Jun
  Observations        270
 ---------------------------------------------------------------
               Jan      Feb      Mar      Apr      May      Jun 
               Jul      Aug      Sep      Oct      Nov      Dec 
 ---------------------------------------------------------------
  2004          -1.      -6. ********       3. ******** ********
           ********       4. ********      -6. ******** ********
 
  2005     ********     -12. ******** ******** ******** ********
           ******** ******** ******** ******** ******** ********
 
  2006     ******** ******** ********      -4. ******** ********
           ******** ******** ******** ******** ******** ********
 
  2007     ******** ******** ******** ********       3. ********
           ******** ******** ******** ******** ******** ********
 
  2008     ******** ********       3. ******** ******** ********
                 2. ******** ******** ******** ******** ********
 
  2009           1. ******** ******** ******** ******** ********
           ******** ******** ******** ******** ******** ********
 
  2010     ******** ******** ******** ******** ******** ********
           ******** ******** ******** ******** ********      -4.
 
  2011           3.       4.       4.       5.      -6. ********
           ******** ******** ******** ******** ******** ********
 
  2012     ******** ******** ******** ******** ******** ********
           ******** ******** ******** ******** ******** ********
 
  2013     ******** ******** ******** ******** ******** ********
           ******** ******** ******** ******** ******** ********
 
  2014     ******** ******** ******** ******** ******** ********
           ******** ******** ******** ******** ******** ********
 
  2015     ******** ******** ******** ******** ******** ********
           ******** ******** ******** ******** ******** ********
 
  2016     ******** ******** ******** ******** ******** ********
           ******** ******** ********       4.       5.       7.
 
  2017           4. ******** ******** ******** ******** ********
           ******** ******** ******** ******** ******** ********
 
  2018     ******** ******** ******** ******** ******** ********
           ******** ******** ******** ******** ******** ********
 
  2019     ******** ******** ******** ********       6. ********
           ******** ******** ******** ********      -1. ********
 
  2020     ********      -2. ******** ******** ******** ********
           ******** ********       3. ******** ******** ********
 
  2021     ******** ******** ********      -0. ******** ********
           ******** ******** ******** ******** ******** ********
 
  2022     ******** ********      -9. ********      11. ********
           ******** ******** ******** ******** ******** ********
 
  2023     ******** ******** ******** ******** ******** ********
           ******** ******** ******** ******** ******** ********
 
  2024     ******** ********      -7. ********       3. ********
           ******** ******** ******** ********     -16. ********
 
  2025     ******** ********       6.       4. ********       2.
           ******** ******** ******** ******** ********      11.
 
  2026     ********       4. ******** ******** ******** ********
                                                                
 

 D 9.A  Moving seasonality ratio
 ---------------------------------------------------------------
               Jan      Feb      Mar      Apr      May      Jun 
 ---------------------------------------------------------------
   I          3.046    3.996    5.108    4.442    4.336    4.842
   S          0.557    0.707    0.762    0.735    0.716    0.825
 RATIO        5.468    5.656    6.701    6.042    6.054    5.869



 ---------------------------------------------------------------
               Jul      Aug      Sep      Oct      Nov      Dec 
 ---------------------------------------------------------------
   I          4.356    3.607    3.617    3.445    2.777    4.145
   S          0.590    0.471    0.494    0.523    0.886    0.704
 RATIO        7.388    7.654    7.320    6.584    3.135    5.884



        bps_permits 40660            PAGE   9, SERIES bps_permits_addi

 D 10  Final seasonal factors
  From  2004.Jan to 2026.Jun
  Observations        270
  Seasonal filter    3 x 5 moving average
 -----------------------------------------------------------------------------
               Jan      Feb      Mar      Apr      May      Jun 
               Jul      Aug      Sep      Oct      Nov      Dec         AVGE  
 -----------------------------------------------------------------------------
  2004          -1.      -5.       8.       2.      -2.       5.
                -1.       2.       1.      -3.      -5.      -2.            0.
 
  2005          -1.      -5.       8.       3.      -2.       5.
                -1.       2.       1.      -3.      -5.      -2.           -0.
 
  2006          -1.      -4.       7.       3.      -0.       3.
                 0.       2.       1.      -3.      -6.      -3.           -0.
 
  2007          -1.      -3.       5.       4.       1.       2.
                 0.       1.       1.      -3.      -6.      -4.           -0.
 
  2008          -1.      -1.       4.       5.       1.       1.
                 0.       1.       1.      -3.      -5.      -4.           -0.
 
  2009          -1.      -0.       3.       6.       1.       0.
                -0.       0.       1.      -3.      -4.      -4.            0.
 
  2010          -0.       0.       3.       5.       1.      -0.
                -0.      -0.       0.      -2.      -3.      -3.            0.
 
  2011           0.       1.       3.       4.      -0.      -0.
                -0.      -0.      -0.      -2.      -2.      -2.            0.
 
  2012           0.       1.       2.       2.      -1.       0.
                 0.      -0.      -0.      -1.      -1.      -1.            0.
 
  2013           0.       0.       2.       1.      -1.       0.
                -0.      -1.      -0.       0.      -0.       0.            0.
 
  2014           0.      -0.       1.      -1.      -0.       1.
                 0.      -1.       0.       1.      -0.       1.            0.
 
  2015          -0.      -1.       0.      -1.       1.       1.
                -0.      -1.       1.       1.       1.       1.            0.
 
  2016          -0.      -2.      -0.      -1.       2.       0.
                -1.      -1.       2.       1.       1.       1.            0.
 
  2017          -1.      -3.       0.      -2.       4.      -0.
                -1.      -1.       2.       1.       2.       1.            0.
 
  2018          -3.      -4.       1.      -3.       4.      -0.
                 0.      -1.       3.       1.       2.       0.            0.
 
  2019          -4.      -3.       1.      -3.       4.       0.
                 0.      -1.       4.       1.       2.      -1.           -0.
 
  2020          -5.      -3.       1.      -3.       3.       1.
                 1.      -1.       3.       1.       1.      -1.           -0.
 
  2021          -5.      -2.       1.      -2.       3.       3.
                 2.      -1.       3.       1.      -0.      -2.           -0.
 
  2022          -5.      -2.      -0.      -2.       2.       4.
                 3.      -2.       2.       2.      -3.      -1.           -0.
 
  2023          -5.      -1.      -1.      -1.       2.       5.
                 3.      -2.       2.       2.      -5.      -0.           -0.
 
  2024          -5.      -0.      -1.       0.       3.       4.
                 3.      -2.       1.       1.      -7.       1.           -0.
 
  2025          -5.       1.      -0.       0.       3.       4.
                 4.      -2.       0.       1.      -9.       2.           -0.
 
  2026          -6.       1.       1.       1.       3.       3.
                                                                            1.
 
  AVGE          -2.      -2.       2.       1.       1.       2.
                 1.      -0.       1.      -0.      -2.      -1.

  Table Total-           6.   Mean-         0.   Std. Dev.-         3.
                              Min -        -9.        Max -         8.

 D 10.A  Final seasonal component forecasts
  From  2026.Jul to 2027.Jun
  Observations         12
 -----------------------------------------------------------------------------
               Jan      Feb      Mar      Apr      May      Jun 
               Jul      Aug      Sep      Oct      Nov      Dec         AVGE  
 -----------------------------------------------------------------------------
  2026                                                          
                 4.      -2.       0.       1.     -10.       3.           -1.
 
  2027          -6.       1.       1.       2.       4.       3.
                                                                            1.
 
        bps_permits 40660            PAGE  10, SERIES bps_permits_addi

 D 11  Final seasonally adjusted data
  From  2004.Jan to 2026.Jun
  Observations        270
 -----------------------------------------------------------------------------
               Jan      Feb      Mar      Apr      May      Jun 
               Jul      Aug      Sep      Oct      Nov      Dec        TOTAL  
 -----------------------------------------------------------------------------
  2004          82.      27.      58.      72.      51.      48.
                43.      75.      44.      34.      44.      47.          624.
 
  2005          42.      33.      43.      47.      45.      50.
                51.      45.      50.      48.      47.      44.          545.
 
  2006          49.      49.      50.      36.      39.      46.
                41.      44.      39.      43.      39.      39.          514.
 
  2007          31.      37.      27.      28.      57.      20.
                20.      19.      17.      17.      17.      18.          306.
 
  2008          17.      18.       4.      23.      24.      17.
                44.      14.      13.      14.       9.       7.          203.
 
  2009          26.       9.       8.      10.      12.       7.
                15.      13.      16.      10.       8.       6.          139.
 
  2010           2.       2.       4.       8.       5.      12.
                 2.       6.       6.       6.      13.       5.           71.
 
  2011           1.      81.       4.       1.       1.       5.
                 4.       5.       4.       6.       6.       6.          125.
 
  2012           5.       4.       4.       8.      16.      13.
                14.      15.      15.      15.      16.      15.          139.
 
  2013          12.      14.      12.       3.       5.       4.
                 9.       5.       3.       3.       3.       3.           75.
 
  2014           3.       5.       6.       8.       4.       4.
                 8.       9.       7.       9.       3.       5.           72.
 
  2015           6.       3.       7.       5.       9.      16.
                 8.      10.      10.       7.       4.       5.           92.
 
  2016           6.       9.       8.      13.       9.       7.
                 9.       7.      13.       6.       4.     132.          224.
 
  2017          13.      19.      13.      15.      16.      20.
                15.      13.       9.       6.       8.       8.          156.
 
  2018          10.      16.      16.      21.      23.      14.
                17.      22.      26.      14.      18.      13.          210.
 
  2019          17.      16.      24.      18.      48.      12.
                17.      21.      15.      19.       0.      22.          229.
 
  2020          13.      42.      22.      13.      18.      26.
                33.      23.      12.      32.      29.      21.          282.
 
  2021          23.      20.      21.      35.      11.      20.
                 9.      10.      10.       9.      14.      21.          205.
 
  2022          25.      25.      12.      31.      36.      21.
                19.      29.      32.      27.      31.      24.          311.
 
  2023          26.      22.      27.      21.      18.      28.
                35.      32.      24.      29.      38.      28.          328.
 
  2024          33.      35.      20.      29.      49.      37.
                38.      24.      29.      32.      12.      19.          356.
 
  2025          18.      19.      39.      61.      24.      12.
                15.      24.      25.      26.      25.      43.          331.
 
  2026          32.      66.      32.      32.      34.      33.
                                                                          228.
 
  AVGE          21.      25.      20.      23.      24.      20.
                21.      21.      19.      19.      18.      24.

  Table Total-        5766.   Mean-        21.   Std. Dev.-        17.
                              Min -         0.        Max -       132.
        bps_permits 40660            PAGE  11, SERIES bps_permits_addi

 D 12  Final trend cycle
  From  2004.Jan to 2026.Jun
  Observations        270
  Trend filter    13-term Henderson moving average
  I/C ratio        3.20
 -----------------------------------------------------------------------------
               Jan      Feb      Mar      Apr      May      Jun 
               Jul      Aug      Sep      Oct      Nov      Dec        TOTAL  
 -----------------------------------------------------------------------------
  2004          61.      59.      57.      54.      51.      48.
                46.      44.      44.      43.      43.      42.          592.
 
  2005          42.      42.      43.      44.      46.      48.
                49.      49.      48.      48.      48.      48.          554.
 
  2006          47.      46.      45.      44.      43.      42.
                42.      42.      42.      41.      39.      37.          510.
 
  2007          35.      32.      30.      27.      24.      22.
                20.      18.      17.      17.      17.      17.          276.
 
  2008          18.      19.      20.      21.      20.      19.
                18.      16.      13.      12.      10.      10.          195.
 
  2009           9.       9.       9.      10.      10.      12.
                13.      13.      12.      11.       8.       6.          121.
 
  2010           4.       4.       4.       6.       6.       6.
                 6.       6.       7.       8.      11.      14.           83.
 
  2011          16.      16.      14.      11.       8.       6.
                 4.       4.       5.       5.       5.       5.           98.
 
  2012           5.       5.       7.       9.      11.      13.
                15.      15.      15.      15.      15.      15.          141.
 
  2013          13.      11.       9.       7.       6.       5.
                 5.       4.       4.       3.       3.       3.           76.
 
  2014           4.       5.       5.       6.       6.       7.
                 7.       7.       7.       7.       6.       5.           72.
 
  2015           5.       5.       6.       8.       9.      11.
                11.      10.       9.       7.       6.       6.           93.
 
  2016           7.       8.       9.       9.       9.       8.
                 9.      12.      17.      22.      26.      27.          163.
 
  2017          26.      23.      19.      17.      16.      15.
                14.      12.      10.       8.       8.       9.          177.
 
  2018          11.      14.      16.      18.      19.      20.
                20.      20.      19.      18.      17.      17.          211.
 
  2019          17.      18.      18.      18.      18.      17.
                17.      17.      17.      18.      18.      17.          211.
 
  2020          17.      17.      17.      19.      21.      24.
                26.      28.      29.      28.      27.      25.          278.
 
  2021          23.      22.      20.      18.      16.      14.
                12.      10.      11.      12.      15.      18.          191.
 
  2022          22.      24.      26.      26.      26.      26.
                27.      27.      28.      28.      28.      27.          314.
 
  2023          25.      23.      23.      23.      25.      26.
                28.      30.      31.      32.      32.      32.          329.
 
  2024          31.      31.      31.      31.      32.      33.
                32.      31.      28.      24.      21.      20.          345.
 
  2025          20.      22.      23.      24.      23.      22.
                21.      21.      23.      27.      30.      32.          289.
 
  2026          34.      34.      34.      33.      33.      34.
                                                                          202.
 
  AVGE          21.      21.      21.      21.      21.      21.
                20.      20.      20.      20.      20.      20.

  Table Total-        5521.   Mean-        20.   Std. Dev.-        13.
                              Min -         3.        Max -        61.
        bps_permits 40660            PAGE  12, SERIES bps_permits_addi

 D 13  Final irregular component
  From  2004.Jan to 2026.Jun
  Observations        270
 -----------------------------------------------------------------------------
               Jan      Feb      Mar      Apr      May      Jun 
               Jul      Aug      Sep      Oct      Nov      Dec         S.D.  
 -----------------------------------------------------------------------------
  2004          21.     -32.       1.      18.       0.      -1.
                -3.      31.       0.      -9.       2.       4.           15.
 
  2005           1.      -9.       0.       3.      -2.       2.
                 2.      -4.       2.       0.      -0.      -4.            3.
 
  2006           2.       2.       5.      -8.      -3.       4.
                -1.       2.      -3.       2.      -0.       2.            4.
 
  2007          -4.       4.      -3.       1.      33.      -2.
                -0.       1.      -0.      -0.      -0.       1.           10.
 
  2008          -1.      -1.     -16.       2.       3.      -3.
                26.      -1.      -0.       2.      -1.      -2.            9.
 
  2009          17.       0.      -1.       1.       1.      -5.
                 3.      -0.       4.      -1.      -0.       0.            5.
 
  2010          -2.      -2.      -0.       2.      -1.       6.
                -4.       0.      -1.      -2.       1.      -9.            4.
 
  2011         -15.      66.      -9.     -10.      -7.      -0.
                -0.       1.      -1.       1.       1.       1.           20.
 
  2012          -0.      -1.      -3.      -1.       5.      -0.
                -1.      -0.      -0.      -1.       1.       0.            2.
 
  2013          -1.       2.       3.      -4.      -1.      -2.
                 4.       0.      -1.      -1.       0.      -0.            2.
 
  2014          -1.       1.       1.       2.      -2.      -2.
                 1.       2.      -0.       2.      -3.       0.            2.
 
  2015           1.      -2.       1.      -3.      -0.       6.
                -2.       0.       2.      -0.      -2.      -1.            2.
 
  2016          -1.       1.      -1.       4.       0.      -2.
                -0.      -5.      -4.     -16.     -22.     105.           31.
 
  2017         -12.      -3.      -6.      -2.       1.       5.
                 0.       1.      -2.      -2.       1.      -1.            5.
 
  2018          -2.       1.      -0.       3.       4.      -6.
                -3.       2.       7.      -4.       1.      -4.            4.
 
  2019          -0.      -1.       5.      -1.      30.      -5.
                -1.       4.      -2.       2.     -17.       4.           10.
 
  2020          -4.      26.       4.      -6.      -3.       2.
                 7.      -6.     -17.       4.       2.      -4.           10.
 
  2021          -0.      -1.       2.      17.      -5.       6.
                -3.       0.      -0.      -4.      -1.       3.            6.
 
  2022           3.       1.     -14.       4.      10.      -6.
                -8.       2.       5.      -1.       3.      -3.            6.
 
  2023           1.      -2.       4.      -3.      -7.       2.
                 7.       2.      -6.      -2.       6.      -3.            4.
 
  2024           2.       4.     -11.      -2.      17.       4.
                 5.      -7.       2.       8.      -9.      -1.            8.
 
  2025          -2.      -3.      16.      37.       1.     -10.
                -6.       2.       1.      -1.      -5.      11.           13.
 
  2026          -2.      32.      -1.      -1.       0.      -1.
                                                                           13.
 
  S.D.           7.      18.       7.      10.      11.       4.
                 7.       7.       5.       5.       7.      23.

  Table Total-         245.   Mean-         1.   Std. Dev.-        11.
                              Min -       -32.        Max -       105.
        bps_permits 40660            PAGE  13, SERIES bps_permits_addi

 D 16  Combined adjustment factors
  From  2004.Jan to 2026.Jun
  Observations        270
 -----------------------------------------------------------------------------
               Jan      Feb      Mar      Apr      May      Jun 
               Jul      Aug      Sep      Oct      Nov      Dec         AVGE  
 -----------------------------------------------------------------------------
  2004          -1.      -5.       8.       2.      -2.       5.
                -1.       2.       1.      -3.      -5.      -2.            0.
 
  2005          -1.      -5.       8.       3.      -2.       5.
                -1.       2.       1.      -3.      -5.      -2.           -0.
 
  2006          -1.      -4.       7.       3.      -0.       3.
                 0.       2.       1.      -3.      -6.      -3.           -0.
 
  2007          -1.      -3.       5.       4.       1.       2.
                 0.       1.       1.      -3.      -6.      -4.           -0.
 
  2008          -1.      -1.       4.       5.       1.       1.
                 0.       1.       1.      -3.      -5.      -4.           -0.
 
  2009          -1.      -0.       3.       6.       1.       0.
                -0.       0.       1.      -3.      -4.      -4.            0.
 
  2010          -0.       0.       3.       5.       1.      -0.
                -0.      -0.       0.      -2.      -3.      -3.            0.
 
  2011           0.       1.       3.       4.      -0.      -0.
                -0.      -0.      -0.      -2.      -2.      -2.            0.
 
  2012           0.       1.       2.       2.      -1.       0.
                 0.      -0.      -0.      -1.      -1.      -1.            0.
 
  2013           0.       0.       2.       1.      -1.       0.
                -0.      -1.      -0.       0.      -0.       0.            0.
 
  2014           0.      -0.       1.      -1.      -0.       1.
                 0.      -1.       0.       1.      -0.       1.            0.
 
  2015          -0.      -1.       0.      -1.       1.       1.
                -0.      -1.       1.       1.       1.       1.            0.
 
  2016          -0.      -2.      -0.      -1.       2.       0.
                -1.      -1.       2.       1.       1.       1.            0.
 
  2017          -1.      -3.       0.      -2.       4.      -0.
                -1.      -1.       2.       1.       2.       1.            0.
 
  2018          -3.      -4.       1.      -3.       4.      -0.
                 0.      -1.       3.       1.       2.       0.            0.
 
  2019          -4.      -3.       1.      -3.       4.       0.
                 0.      -1.       4.       1.       2.      -1.           -0.
 
  2020          -5.      -3.       1.      -3.       3.       1.
                 1.      -1.       3.       1.       1.      -1.           -0.
 
  2021          -5.      -2.       1.      -2.       3.       3.
                 2.      -1.       3.       1.      -0.      -2.           -0.
 
  2022          -5.      -2.      -0.      -2.       2.       4.
                 3.      -2.       2.       2.      -3.      -1.           -0.
 
  2023          -5.      -1.      -1.      -1.       2.       5.
                 3.      -2.       2.       2.      -5.      -0.           -0.
 
  2024          -5.      -0.      -1.       0.       3.       4.
                 3.      -2.       1.       1.      -7.       1.           -0.
 
  2025          -5.       1.      -0.       0.       3.       4.
                 4.      -2.       0.       1.      -9.       2.           -0.
 
  2026          -6.       1.       1.       1.       3.       3.
                                                                            1.
 
  AVGE          -2.      -2.       2.       1.       1.       2.
                 1.      -0.       1.      -0.      -2.      -1.

  Table Total-           6.   Mean-         0.   Std. Dev.-         3.
                              Min -        -9.        Max -         8.

 D 16.A  Combined adjustment component forecasts
  From  2026.Jul to 2027.Jun
  Observations         12
 -----------------------------------------------------------------------------
               Jan      Feb      Mar      Apr      May      Jun 
               Jul      Aug      Sep      Oct      Nov      Dec         AVGE  
 -----------------------------------------------------------------------------
  2026                                                          
                 4.      -2.       0.       1.     -10.       3.           -1.
 
  2027          -6.       1.       1.       2.       4.       3.
                                                                            1.
 
        bps_permits 40660            PAGE  14, SERIES bps_permits_addi

 E 4  Differences of annual totals
  From          2004 to 2025
  Observations         22
 -----------------------------------
  Year       Unmodified     Modified
                  (D11)         (E2)
 -----------------------------------
  2004               0.           0.
 
  2005              -0.          -0.
 
  2006              -1.          -1.
 
  2007              -1.          -1.
 
  2008              -0.          -0.
 
  2009               0.           0.
 
  2010               1.           1.
 
  2011               1.           1.
 
  2012               2.           2.
 
  2013               2.           2.
 
  2014               1.           1.
 
  2015               1.           1.
 
  2016               1.           1.
 
  2017               1.           1.
 
  2018               0.           0.
 
  2019              -0.          -0.
 
  2020              -0.          -0.
 
  2021              -1.          -1.
 
  2022              -1.          -1.
 
  2023              -1.          -1.
 
  2024              -1.          -1.
 
  2025              -1.          -1.
 
        bps_permits 40660            PAGE  15, SERIES bps_permits_addi

 E 5  Month-to-month differences in the original series
  From  2004.Feb to 2026.Jun
  Observations        269
 -----------------------------------------------------------------------------
               Jan      Feb      Mar      Apr      May      Jun 
               Jul      Aug      Sep      Oct      Nov      Dec         AVGE  
 -----------------------------------------------------------------------------
  2004                  -59.      44.       8.     -25.       4.
               -11.      35.     -32.     -14.       8.       6.           -3.
 
  2005          -4.     -13.      23.      -1.      -7.      12.
                -5.      -3.       4.      -6.      -3.       0.           -0.
 
  2006           6.      -3.      12.     -18.       0.      10.
                -8.       5.      -6.       0.      -7.       3.           -0.
 
  2007          -6.       4.      -2.       0.      26.     -36.
                -2.       0.      -2.      -4.      -3.       3.           -2.
 
  2008           2.       1.      -9.      20.      -3.      -7.
                26.     -29.      -1.      -3.      -7.      -1.           -1.
 
  2009          22.     -16.       2.       5.      -3.      -6.
                 8.      -2.       4.     -10.      -3.      -2.           -0.
 
  2010           0.       0.       5.       6.      -7.       6.
               -10.       4.       0.      -2.       6.      -8.            0.
 
  2011          -1.      81.     -75.      -2.      -4.       4.
                -1.       1.      -1.       0.       0.       0.            0.
 
  2012           1.       0.       1.       4.       5.      -2.
                 1.       1.       0.      -1.       1.      -1.            1.
 
  2013          -2.       2.       0.     -10.       0.       0.
                 5.      -5.      -1.       0.       0.       0.           -1.
 
  2014           0.       2.       2.       0.      -3.       1.
                 3.       0.      -1.       3.      -7.       3.            0.
 
  2015           0.      -4.       5.      -3.       6.       7.
                -9.       1.       2.      -3.      -3.       1.            0.
 
  2016           0.       1.       1.       4.      -1.      -4.
                 1.      -2.       9.      -8.      -2.     128.           11.
 
  2017        -121.       4.      -3.       0.       7.       0.
                -6.      -2.      -1.      -4.       3.      -1.          -10.
 
  2018          -2.       5.       5.       1.       9.     -13.
                 3.       4.       8.     -14.       5.      -7.            0.
 
  2019           0.       0.      12.     -10.      37.     -40.
                 5.       3.      -1.       1.     -18.      19.            1.
 
  2020         -13.      31.     -16.     -13.      11.       6.
                 7.     -12.      -7.      18.      -3.     -10.           -0.
 
  2021          -2.       0.       4.      11.     -19.       9.
               -12.      -2.       4.      -3.       4.       5.           -0.
 
  2022           1.       3.     -11.      17.       9.     -13.
                -3.       5.       7.      -5.      -1.      -5.            0.
 
  2023          -2.       0.       5.      -6.       0.      13.
                 5.      -8.      -4.       5.       2.      -5.            0.
 
  2024           0.       7.     -16.      10.      23.     -11.
                 0.     -19.       8.       3.     -28.      15.           -1.
 
  2025          -7.       7.      19.      22.     -34.     -11.
                 3.       3.       3.       2.     -11.      29.            2.
 
  2026         -19.      41.     -34.       0.       4.      -1.
                                                                           -1.
 
  AVGE          -7.       4.      -1.       2.       1.      -3.
                 0.      -1.      -0.      -2.      -3.       8.

  Table Total-         -45.   Mean-        -0.   Std. Dev.-        17.
                              Min -      -121.        Max -       128.
        bps_permits 40660            PAGE  16, SERIES bps_permits_addi

 E 6  Month-to-month differences in seasonally adjusted series (D11)
  From  2004.Feb to 2026.Jun
  Observations        269
 -----------------------------------------------------------------------------
               Jan      Feb      Mar      Apr      May      Jun 
               Jul      Aug      Sep      Oct      Nov      Dec         AVGE  
 -----------------------------------------------------------------------------
  2004                  -55.      30.      14.     -21.      -4.
                -5.      32.     -31.     -10.      10.       2.           -3.
 
  2005          -4.      -9.      11.       4.      -3.       6.
                 0.      -6.       5.      -2.      -0.      -3.           -0.
 
  2006           5.      -1.       2.     -15.       4.       6.
                -5.       4.      -6.       4.      -4.       0.           -0.
 
  2007          -8.       5.     -10.       1.      30.     -38.
                 0.      -1.      -2.      -1.       0.       1.           -2.
 
  2008          -1.       1.     -14.      19.       1.      -7.
                27.     -29.      -1.       0.      -5.      -2.           -1.
 
  2009          19.     -17.      -1.       2.       2.      -5.
                 9.      -3.       4.      -7.      -2.      -2.           -0.
 
  2010          -4.      -0.       3.       3.      -2.       7.
               -10.       4.      -0.       1.       6.      -8.           -0.
 
  2011          -4.      81.     -77.      -3.       0.       4.
                -1.       1.      -1.       2.      -0.       0.            0.
 
  2012          -1.      -0.      -1.       5.       8.      -3.
                 1.       1.       0.      -0.       1.      -1.            1.
 
  2013          -3.       2.      -2.      -9.       1.      -1.
                 5.      -5.      -1.      -1.       1.      -1.           -1.
 
  2014          -0.       3.       1.       2.      -4.       0.
                 4.       1.      -2.       2.      -6.       2.            0.
 
  2015           1.      -3.       4.      -2.       4.       7.
                -8.       2.      -0.      -3.      -3.       1.           -0.
 
  2016           1.       3.      -1.       5.      -5.      -2.
                 2.      -2.       6.      -7.      -2.     128.           11.
 
  2017        -119.       6.      -6.       2.       2.       4.
                -6.      -2.      -5.      -2.       2.       0.          -10.
 
  2018           1.       6.       0.       5.       3.      -9.
                 3.       5.       4.     -12.       4.      -5.            0.
 
  2019           4.      -1.       7.      -6.      30.     -36.
                 5.       4.      -6.       4.     -19.      21.            1.
 
  2020          -9.      30.     -21.      -9.       5.       8.
                 7.     -10.     -11.      21.      -3.      -8.           -0.
 
  2021           2.      -2.       1.      14.     -24.       9.
               -12.       2.      -0.      -2.       6.       7.           -0.
 
  2022           4.       0.     -13.      19.       5.     -15.
                -2.      10.       3.      -5.       3.      -6.            0.
 
  2023           2.      -4.       5.      -6.      -3.      11.
                 6.      -3.      -8.       5.       9.     -10.            0.
 
  2024           5.       2.     -15.       9.      21.     -13.
                 1.     -14.       6.       2.     -19.       7.           -1.
 
  2025          -1.       1.      20.      21.     -37.     -12.
                 3.       9.       1.       1.      -1.      18.            2.
 
  2026         -11.      34.     -33.      -1.       2.      -1.
                                                                           -2.
 
  AVGE          -6.       4.      -5.       3.       1.      -4.
                 1.       0.      -2.      -0.      -1.       6.

  Table Total-         -49.   Mean-        -0.   Std. Dev.-        16.
                              Min -      -119.        Max -       128.
        bps_permits 40660            PAGE  17, SERIES bps_permits_addi

 E 7  Month-to-month differences in final trend cycle (D12)
  From  2004.Feb to 2026.Jun
  Observations        269
 -----------------------------------------------------------------------------
               Jan      Feb      Mar      Apr      May      Jun 
               Jul      Aug      Sep      Oct      Nov      Dec         AVGE  
 -----------------------------------------------------------------------------
  2004                   -2.      -2.      -3.      -3.      -3.
                -2.      -1.      -1.      -0.      -0.      -1.           -2.
 
  2005          -0.       0.       1.       2.       2.       2.
                 1.      -0.      -1.      -0.       0.      -0.            0.
 
  2006          -0.      -1.      -1.      -1.      -1.      -1.
                -0.       0.      -0.      -1.      -2.      -2.           -1.
 
  2007          -2.      -3.      -3.      -3.      -3.      -2.
                -2.      -2.      -1.      -1.      -0.       0.           -2.
 
  2008           1.       1.       1.       1.      -0.      -1.
                -2.      -2.      -2.      -2.      -1.      -1.           -1.
 
  2009          -0.      -0.       0.       1.       1.       1.
                 1.       0.      -1.      -2.      -2.      -3.           -0.
 
  2010          -2.      -0.       1.       1.       1.       0.
                -0.      -0.       1.       2.       3.       3.            1.
 
  2011           2.      -0.      -2.      -3.      -3.      -2.
                -1.      -0.       0.       0.      -0.      -0.           -1.
 
  2012           0.       1.       1.       2.       2.       2.
                 1.       1.       0.      -0.      -0.      -1.            1.
 
  2013          -1.      -2.      -2.      -2.      -1.      -1.
                -0.      -0.      -0.      -1.      -0.       0.           -1.
 
  2014           1.       1.       1.       0.       0.       1.
                 0.       0.      -0.      -0.      -1.      -1.            0.
 
  2015          -0.       0.       1.       2.       2.       1.
                 0.      -1.      -1.      -2.      -1.       0.            0.
 
  2016           1.       1.       1.       0.      -1.      -0.
                 1.       3.       5.       5.       4.       1.            2.
 
  2017          -2.      -3.      -3.      -2.      -1.      -1.
                -1.      -2.      -2.      -2.      -1.       1.           -2.
 
  2018           2.       3.       2.       2.       1.       1.
                 0.      -0.      -1.      -1.      -1.      -0.            1.
 
  2019           0.       1.       1.       0.      -0.      -1.
                -0.       0.       0.       0.       0.      -0.            0.
 
  2020          -1.      -0.       1.       1.       2.       3.
                 3.       2.       1.      -1.      -1.      -2.            1.
 
  2021          -2.      -2.      -2.      -2.      -2.      -2.
                -2.      -1.       0.       2.       3.       3.           -1.
 
  2022           4.       3.       2.       0.      -0.       0.
                 0.       1.       1.       0.       0.      -1.            1.
 
  2023          -2.      -2.      -1.       1.       1.       2.
                 2.       2.       1.       1.       0.      -0.            0.
 
  2024          -0.      -0.      -0.       0.       1.       1.
                -0.      -2.      -3.      -4.      -3.      -1.           -1.
 
  2025           1.       1.       1.       1.      -1.      -1.
                -1.       0.       2.       3.       3.       3.            1.
 
  2026           1.       0.      -0.      -0.      -0.       0.
                                                                            0.
 
  AVGE          -0.      -0.      -0.      -0.      -0.      -0.
                -0.      -0.      -0.      -0.      -0.      -0.

  Table Total-         -28.   Mean-        -0.   Std. Dev.-         2.
                              Min -        -4.        Max -         5.
        bps_permits 40660            PAGE  18, SERIES bps_permits_addi

 E 8  Month-to-month differences in original series adjusted for calendar factors (A18)
  From  2004.Feb to 2026.Jun
  Observations        269
 -----------------------------------------------------------------------------
               Jan      Feb      Mar      Apr      May      Jun 
               Jul      Aug      Sep      Oct      Nov      Dec         AVGE  
 -----------------------------------------------------------------------------
  2004                  -59.      44.       8.     -25.       4.
               -11.      35.     -32.     -14.       8.       6.           -3.
 
  2005          -4.     -13.      23.      -1.      -7.      12.
                -5.      -3.       4.      -6.      -3.       0.           -0.
 
  2006           6.      -3.      12.     -18.       0.      10.
                -8.       5.      -6.       0.      -7.       3.           -0.
 
  2007          -6.       4.      -2.       0.      26.     -36.
                -2.       0.      -2.      -4.      -3.       3.           -2.
 
  2008           2.       1.      -9.      20.      -3.      -7.
                26.     -29.      -1.      -3.      -7.      -1.           -1.
 
  2009          22.     -16.       2.       5.      -3.      -6.
                 8.      -2.       4.     -10.      -3.      -2.           -0.
 
  2010           0.       0.       5.       6.      -7.       6.
               -10.       4.       0.      -2.       6.      -8.            0.
 
  2011          -1.      81.     -75.      -2.      -4.       4.
                -1.       1.      -1.       0.       0.       0.            0.
 
  2012           1.       0.       1.       4.       5.      -2.
                 1.       1.       0.      -1.       1.      -1.            1.
 
  2013          -2.       2.       0.     -10.       0.       0.
                 5.      -5.      -1.       0.       0.       0.           -1.
 
  2014           0.       2.       2.       0.      -3.       1.
                 3.       0.      -1.       3.      -7.       3.            0.
 
  2015           0.      -4.       5.      -3.       6.       7.
                -9.       1.       2.      -3.      -3.       1.            0.
 
  2016           0.       1.       1.       4.      -1.      -4.
                 1.      -2.       9.      -8.      -2.     128.           11.
 
  2017        -121.       4.      -3.       0.       7.       0.
                -6.      -2.      -1.      -4.       3.      -1.          -10.
 
  2018          -2.       5.       5.       1.       9.     -13.
                 3.       4.       8.     -14.       5.      -7.            0.
 
  2019           0.       0.      12.     -10.      37.     -40.
                 5.       3.      -1.       1.     -18.      19.            1.
 
  2020         -13.      31.     -16.     -13.      11.       6.
                 7.     -12.      -7.      18.      -3.     -10.           -0.
 
  2021          -2.       0.       4.      11.     -19.       9.
               -12.      -2.       4.      -3.       4.       5.           -0.
 
  2022           1.       3.     -11.      17.       9.     -13.
                -3.       5.       7.      -5.      -1.      -5.            0.
 
  2023          -2.       0.       5.      -6.       0.      13.
                 5.      -8.      -4.       5.       2.      -5.            0.
 
  2024           0.       7.     -16.      10.      23.     -11.
                 0.     -19.       8.       3.     -28.      15.           -1.
 
  2025          -7.       7.      19.      22.     -34.     -11.
                 3.       3.       3.       2.     -11.      29.            2.
 
  2026         -19.      41.     -34.       0.       4.      -1.
                                                                           -1.
 
  AVGE          -7.       4.      -1.       2.       1.      -3.
                 0.      -1.      -0.      -2.      -3.       8.

  Table Total-         -45.   Mean-        -0.   Std. Dev.-        17.
                              Min -      -121.        Max -       128.
        bps_permits 40660            PAGE  19, SERIES bps_permits_addi

 E 18  Final adjustment ratios
  From  2004.Jan to 2026.Jun
  Observations        270
 -----------------------------------------------------------------------------
               Jan      Feb      Mar      Apr      May      Jun 
               Jul      Aug      Sep      Oct      Nov      Dec         AVGE  
 -----------------------------------------------------------------------------
  2004       98.948   80.738  114.742  102.892   95.549  111.203
             97.941  102.902  102.196   91.175   88.228   96.681        98.600
 
  2005       97.169   85.557  117.947  105.456   96.498  109.263
             98.762  104.414  101.844   94.027   88.631   95.376        99.579
 
  2006       97.254   92.223  113.113  109.469   98.806  107.483
            100.164  103.478  102.751   93.879   85.398   92.255        99.689
 
  2007       95.503   92.998  120.730  115.131  101.063  112.100
            101.421  106.161  105.426   84.683   66.418   78.739        98.365
 
  2008       92.980   93.829  212.975  123.213  104.541  106.842
            100.685  104.838  106.702   81.053   44.670   42.231       101.213
 
  2009       97.016   98.132  141.885  157.099  110.794  106.977
             98.558  102.449  103.194   72.631   51.056   35.299        97.924
 
  2010       95.436  123.674  161.632  169.738  112.110   98.343
             92.914   98.837  107.699   61.845   79.675   40.660       103.547
 
  2011      123.478  100.717  156.521  454.216   85.793   97.560
             95.974   97.141   99.433   68.945   71.988   67.524       126.607
 
  2012      107.006  118.873  167.928  123.660   93.605  100.349
            100.039   99.500   99.452   94.506   93.777   93.777       107.706
 
  2013      100.547  102.851  115.731  117.647   83.476  106.281
             99.259   88.042   93.147  114.564   85.723  104.254       100.960
 
  2014      107.198   91.844  116.763   90.739   95.292  113.556
            100.551   88.775  100.790  111.806   98.567  115.888       102.647
 
  2015       98.456   58.160  100.501   80.596  111.965  103.820
             94.841   86.764  107.165  116.033  114.030  121.330        99.472
 
  2016       95.304   73.787   96.594   89.595  126.686  106.544
             89.858   84.735  112.284  112.722  125.816  100.768       101.225
 
  2017       89.656   83.999  101.192   88.035  121.270   98.416
             95.020   91.180  129.211  112.356  119.864  107.783       103.165
 
  2018       72.968   77.222  106.059   87.223  116.021   99.746
            100.059   95.549  111.377  104.122  109.210  100.935        98.374
 
  2019       76.876   79.769  105.679   84.538  107.954  100.630
            102.988   95.479  124.151  103.515  428.547   96.331       125.538
 
  2020       63.616   92.320  106.943   78.564  117.903  104.884
            103.483   97.123  129.374  102.156  103.360   93.495        99.435
 
  2021       78.620   88.198  102.828   93.107  122.752  112.999
            126.880   86.342  128.538  117.540   98.237   90.908       103.912
 
  2022       80.723   92.391   99.046   94.399  105.245  121.107
            116.671   93.675  105.682  106.511   91.625   95.321       100.200
 
  2023       81.581   96.521   95.943   96.272  113.355  116.625
            109.459   93.728  106.342  106.018   86.536   98.940       100.110
 
  2024       85.082   99.712   96.920  100.572  105.396  111.758
            109.052   93.106  102.442  104.287   40.739  106.197        96.272
 
  2025       71.068  104.307   99.137  100.822  113.299  130.814
            125.212   92.440  101.280  105.387   64.139  104.569       101.040
 
  2026       82.080  101.695  101.574  103.278  109.961  110.235
                                                                       101.471
 
  AVGE       90.807   92.588  119.669  120.272  106.493  108.154
            102.718   95.757  108.204   98.171  101.647   89.966

  Table Total-       27796.   Mean-       103.   Std. Dev.-        35.
                              Min -        35.        Max -       454.

 E 18.A  Final adjustment ratio forecasts
  From  2026.Jul to 2027.Jun
  Observations         12
 -----------------------------------------------------------------------------
               Jan      Feb      Mar      Apr      May      Jun 
               Jul      Aug      Sep      Oct      Nov      Dec         AVGE  
 -----------------------------------------------------------------------------
  2026                                                          
            112.004   94.513  100.246  104.368   76.519  107.011        99.110
 
  2027       86.156  103.082  101.783  103.680  109.313  106.551
                                                                       101.761
 

  QS statistic for seasonality:
  Original Series                                     0.48  (P-Value =     0.7874)
  Original Series (EV adj)                            0.48  (P-Value =     0.7874)
  Residuals                                           0.00  (P-Value =     1.0000)
  Seasonally Adjusted Series                          0.00  (P-Value =     1.0000)
  Seasonally Adjusted Series (EV adj)                 0.00  (P-Value =     1.0000)
  Irregular Series                                    0.00  (P-Value =     1.0000)
  Irregular Series (EV adj)                           0.00  (P-Value =     1.0000)

  QS statistic for seasonality (starting 2018.Jul):
  Original Series                                     0.00  (P-Value =     1.0000)
  Original Series (EV adj)                            0.00  (P-Value =     1.0000)
  Residuals                                           0.00  (P-Value =     1.0000)
  Seasonally Adjusted Series                          0.00  (P-Value =     1.0000)
  Seasonally Adjusted Series (EV adj)                 0.00  (P-Value =     1.0000)
  Irregular Series                                    0.00  (P-Value =     1.0000)
  Irregular Series (EV adj)                           0.00  (P-Value =     1.0000)


 WARNING: Series should not be a candidate for seasonal adjustment
          because the spectrum of the original series (Table A1 or B1)
          has no visually significant seasonal peaks.

          If this is a component series of an indirectly adjusted
          composite series, consider using type = trend or type = summary
          in the x11 spec.
        bps_permits 40660            PAGE  20, SERIES bps_permits_addi
 G 0  10*LOG(SPECTRUM) of the differenced Original Series
      (Table A1 or B1).  Spectrum estimated from 2018.Jul to 2026.Jun.
 ++++++++++I+++++++++++++++++++++++++++++++++++++++++++++++++++++++++++++I
      27.74I                                  *                          I     27.74
           I                                  *               S*      *  I
           I                                  *               S*T     *  I
           I                                  *               S*T*    ** I
      25.48I                        *  *      *              *S*T*   *** I     25.48
           I                        *  *      *        ****  *S*T**  ***SI
           I                       ** **      *        ****  *S*T**  ***SI
           I                       *****      *        *******S*T*******SI
      23.21I                       *****      **       *******S*T*******SI     23.21
           I                       *****      **      T*******S*T*******SI
           I                       *****      **      T*******S*T*******SI
           I                       *****     ****     T*******S*T*******SI
      20.95I            *         *******    ****     T*******S*T*******SI     20.95
           I           **         *******    *****    T*******S*T*******SI
           I           ****       *******    *****    T*******S*T*******SI
           I           ****       *******    *****   *T*******S*T*******SI
      18.68I           ****       *******    ******  *T*******S*T*******SI     18.68
           I           *****      *******    ******  *T*******S*T*******SI
           I           *****     ********    *******S*T*******S*T*******SI
           I           *****     ********    *******S*T*******S*T*******SI
      16.41I           *****     *********  ********S*T*******S*T*******SI     16.41
           I           *****     *********  ********S*T*******S*T*******SI
           I           ******    *********  ********S*T*******S*T*******SI
           I           ******   S*********  ********S*T*******S*T*******SI
      14.15I          S******   S*********S*********S*T*******S*T*******SI     14.15
           I          S******   S*********S*********S*T*******S*T*******SI
           I     *    S******* *S*********S*********S*T*******S*T*******SI
           I     *    S*********S*********S*********S*T*******S*T*******SI
      11.88I     *    S*********S*********S*********S*T*******S*T*******SI     11.88
           I     **   S*********S*********S*********S*T*******S*T*******SI
           I     **   S*********S*********S*********S*T*******S*T*******SI
           I     **  *S*********S*********S*********S*T*******S*T*******SI
       9.61I     **  *S*********S*********S*********S*T*******S*T*******SI      9.61
           I     **  *S*********S*********S*********S*T*******S*T*******SI
           I     *****S*********S*********S*********S*T*******S*T*******SI
           I     *****S*********S*********S*********S*T*******S*T*******SI
       7.35I     *****S*********S*********S*********S*T*******S*T*******SI      7.35
           I    ******S*********S*********S*********S*T*******S*T*******SI
           I    ******S*********S*********S*********S*T*******S*T*******SI
           I    ******S*********S*********S*********S*T*******S*T*******SI
       5.08I    ******S*********S*********S*********S*T*******S*T*******SI      5.08
           I    ******S*********S*********S*********S*T*******S*T*******SI
           I    ******S*********S*********S*********S*T*******S*T*******SI
           I    ******S*********S*********S*********S*T*******S*T*******SI
       2.81I    ******S*********S*********S*********S*T*******S*T*******SI      2.81
           I   *******S*********S*********S*********S*T*******S*T*******SI
           I   *******S*********S*********S*********S*T*******S*T*******SI
           I   *******S*********S*********S*********S*T*******S*T*******SI
       0.55I   *******S*********S*********S*********S*T*******S*T*******SI      0.55
           I  ********S*********S*********S*********S*T*******S*T*******SI
           I  ********S*********S*********S*********S*T*******S*T*******SI
           I  ********S*********S*********S*********S*T*******S*T*******SI
      -1.72I**********S*********S*********S*********S*T*******S*T*******SI     -1.72
 ++++++++++I+++++++++++++++++++++++++++++++++++++++++++++++++++++++++++++I
            S=SEASONAL FREQUENCIES, T=TRADING DAY FREQUENCIES
        bps_permits 40660            PAGE  21, SERIES bps_permits_addi
 G 1  10*LOG(SPECTRUM) of the differenced seasonally adjusted 
      data (Table E2).  Spectrum estimated from 2018.Jul to 2026.Jun.
 ++++++++++I+++++++++++++++++++++++++++++++++++++++++++++++++++++++++++++I
      29.88I                                 *                           I     29.88
           I                                 *                           I
           I                                 *                           I
           I                                 *                           I
      27.38I                                 *                           I     27.38
           I                                 *                           I
           I                                 *                           I
           I                                 *                           I
      24.88I                                 *                           I     24.88
           I                                 *                           I
           I                                 *                           I
           I                                 *                           I
      22.37I                                 *            *              I     22.37
           I                        *        *            *        *     I
           I                        *        *         * **        *     I
           I                        *        *         * ***       *     I
      19.87I                        **       *        T*****      **     I     19.87
           I                        **       *        T*****    T***     I
           I                        **       *        T*****   *T***     I
           I             *          ** *     *        T******  *T****    I
      17.36I             *          ****     **       T****** S*T****    I     17.36
           I             *          ****     **       T*******S*T****    I
           I             *          ****    ***       T*******S*T****    I
           I             *          *****   ***  *   *T*******S*T****    I
      14.86I             ** **      *****   *** **   *T*******S*T****    I     14.86
           I             ** **     ******   ******   *T*******S*T*****   I
           I      *      *****     ******   ******* S*T*******S*T*****   I
           I      *      *****     ******   ******* S*T*******S*T*****   I
      12.36I     **      ******    ******   ********S*T*******S*T******  I     12.36
           I     **     *******    ******   ********S*T*******S*T*******SI
           I     ***    *******    ******* *********S*T*******S*T*******SI
           I    ****    ********  ******** *********S*T*******S*T*******SI
       9.85I    ****    ********  ********S*********S*T*******S*T*******SI      9.85
           I    ****    ********S*********S*********S*T*******S*T*******SI
           I    ****    ********S*********S*********S*T*******S*T*******SI
           I    ****    ********S*********S*********S*T*******S*T*******SI
       7.35I    ****    ********S*********S*********S*T*******S*T*******SI      7.35
           I    *****  *********S*********S*********S*T*******S*T*******SI
           I    *****  *********S*********S*********S*T*******S*T*******SI
           I    *****  *********S*********S*********S*T*******S*T*******SI
       4.85I   ******  *********S*********S*********S*T*******S*T*******SI      4.85
           I   *******S*********S*********S*********S*T*******S*T*******SI
           I   *******S*********S*********S*********S*T*******S*T*******SI
           I   *******S*********S*********S*********S*T*******S*T*******SI
       2.34I   *******S*********S*********S*********S*T*******S*T*******SI      2.34
           I   *******S*********S*********S*********S*T*******S*T*******SI
           I   *******S*********S*********S*********S*T*******S*T*******SI
           I  ********S*********S*********S*********S*T*******S*T*******SI
      -0.16I  ********S*********S*********S*********S*T*******S*T*******SI     -0.16
           I  ********S*********S*********S*********S*T*******S*T*******SI
           I  ********S*********S*********S*********S*T*******S*T*******SI
           I *********S*********S*********S*********S*T*******S*T*******SI
      -2.67I**********S*********S*********S*********S*T*******S*T*******SI     -2.67
 ++++++++++I+++++++++++++++++++++++++++++++++++++++++++++++++++++++++++++I
            S=SEASONAL FREQUENCIES, T=TRADING DAY FREQUENCIES
        bps_permits 40660            PAGE  22, SERIES bps_permits_addi
 G 2  10*LOG(SPECTRUM) of the Modified Irregular (Table E3).  
      Spectrum estimated from 2018.Jul to 2026.Jun.
 ++++++++++I+++++++++++++++++++++++++++++++++++++++++++++++++++++++++++++I
      26.38I                                 *                           I     26.38
           I                                 *                           I
           I                                 *                           I
           I                                 *                           I
      23.71I                                 *                           I     23.71
           I                                 *                           I
           I                                 *                           I
           I                                 *                           I
      21.03I                                 *                           I     21.03
           I                        *        *                           I
           I                        *        *                           I
           I                        *        *                           I
      18.36I                        **       *                           I     18.36
           I                        **       *                           I
           I                        **       *            *              I
           I                        ** *     *            *              I
      15.69I                        ****     *         * **        *     I     15.69
           I                        ****     *        T* ***       *     I
           I                 *      ****     *        T*****      **     I
           I              *  *      ****     *        T*****    T **     I
      13.01I              *  *     ******    **       T*****    T***     I     13.01
           I              * **     ******    **       T******  *T***     I
           I             ******    ******   ***       T****** S*T****    I
           I             ******    ******   ***  *   *T*******S*T****    I
      10.34I             ******    ******   ******   *T*******S*T****    I     10.34
           I             ******   *******   ******   *T*******S*T****    I
           I             *******  *******   ******* S*T*******S*T****    I
           I             *******S*********  ******* S*T*******S*T*****   I
       7.67I             *******S*********  ********S*T*******S*T*****   I      7.67
           I            ********S********* *********S*T*******S*T*****   I
           I            ********S*********S*********S*T*******S*T******  I
           I            ********S*********S*********S*T*******S*T******  I
       4.99I         *S*********S*********S*********S*T*******S*T*******SI      4.99
           I         *S*********S*********S*********S*T*******S*T*******SI
           I         *S*********S*********S*********S*T*******S*T*******SI
           I         *S*********S*********S*********S*T*******S*T*******SI
       2.32I        **S*********S*********S*********S*T*******S*T*******SI      2.32
           I        **S*********S*********S*********S*T*******S*T*******SI
           I        **S*********S*********S*********S*T*******S*T*******SI
           I       ***S*********S*********S*********S*T*******S*T*******SI
      -0.35I      ****S*********S*********S*********S*T*******S*T*******SI     -0.35
           I     *****S*********S*********S*********S*T*******S*T*******SI
           I     *****S*********S*********S*********S*T*******S*T*******SI
           I     *****S*********S*********S*********S*T*******S*T*******SI
      -3.03I    ******S*********S*********S*********S*T*******S*T*******SI     -3.03
           I    ******S*********S*********S*********S*T*******S*T*******SI
           I    ******S*********S*********S*********S*T*******S*T*******SI
           I   *******S*********S*********S*********S*T*******S*T*******SI
      -5.70I   *******S*********S*********S*********S*T*******S*T*******SI     -5.70
           I   *******S*********S*********S*********S*T*******S*T*******SI
           I  ********S*********S*********S*********S*T*******S*T*******SI
           I  ********S*********S*********S*********S*T*******S*T*******SI
      -8.37I**********S*********S*********S*********S*T*******S*T*******SI     -8.37
 ++++++++++I+++++++++++++++++++++++++++++++++++++++++++++++++++++++++++++I
            S=SEASONAL FREQUENCIES, T=TRADING DAY FREQUENCIES
        bps_permits 40660            PAGE  23, SERIES bps_permits_addi

  Peak probabilities for Tukey spectrum estimator
  Spectrum estimated from 2018.Jul to 2026.Jun.

                                          S1       S2       S3       S4       S5       S6       TD
                                        ------   ------   ------   ------   ------   ------   ------
  Model Residuals                        0.901*   0.530    0.257    0.846    0.688    0.501    0.974* 
  Original Series (Table A1 or B1)       0.497    0.314    0.758    0.152    0.658    0.433    0.776  
  Seasonally adjusted series (E2)        0.019    0.060    0.004    0.035    0.045    0.385    0.852  
  Modified Irregular (E3)                0.105    0.057    0.004    0.045    0.051    0.353    0.853  
  ----------
     ** - Peak Probability > 0.99,
      * - 0.90 < Peak Probability < 0.99


