  Reading input spec file from D:\Programming\Dynamic Paper-dlrhcs_replication\outputs\empirical\unemployment\raw_sa_pilot\x13_work\bps_permits_additive_level_36980_200401_202606.spc

1

               U. S. Department of Commerce, U. S. Census Bureau

              X-13ARIMA-SEATS monthly seasonal adjustment Method,
                          Release Version 1.1 Build 62


           This software application provides an enhanced version of
             Statistics Canada's X-11-ARIMA extension (Dagum, 1980)
                 of the X-11 variant of the Census Method II of
                      Shiskin, Young and Musgrave (1967).

            It also provides an ARIMA model-based method following
       Hillmer and Tiao (1982) and Burman (1980) that is very similar
       to the update of the method of SEATS (Gomez and Maravall, 1996)
                produced at the Bank of Spain by G. Caporello and
               A. Maravall for TSW (Caporello and Maravall, 2004).
          The present application includes additional enhancements.

         X-13ARIMA-SEATS includes an automatic ARIMA model selection procedure
          based largely on the procedure of Gomez and Maravall (1998)
            as implemented in TRAMO (1996) and subsequent revisions.

              Primary Programmers: Brian Monsell, Mark Otto and,
                 for the ARIMA model-based signal extraction,
                      Gianluca Caporello and Victor Gomez


     Series Title- bps_permits 36980
     Series Name- bps_permits_addi
     Jul 29, 2026  08.32.27 

        -Period covered-  1st month,2004 to  6th month,2026
        -Type of run - additive seasonal adjustment

        -Sigma limits for graduating extreme values are  1.5 and  2.5 .
        -3x3 moving average used in section 1 of each iteration, 
         3x5 moving average in section 2 of iterations B and C,
         moving average for final seasonal factors chosen by Global MSR.
        -Holiday adjustment factors applied directly to the final seasonally adjusted series
        -Spectral plots generated for selected series
        -Spectral plots generated for series starting in 2018.Jul

 FILE SAVE REQUESTS (* indicates file exists and will be overwritten)
  D:\Programming\Dynamic Paper-dlrhcs_replication\outputs\empirical\unemployment\raw_sa_pilot\x13_work\bps_permits_additive_level_36980_200401_202606.d10  final seasonal factors
  D:\Programming\Dynamic Paper-dlrhcs_replication\outputs\empirical\unemployment\raw_sa_pilot\x13_work\bps_permits_additive_level_36980_200401_202606.d11  final seasonally adjusted data
  D:\Programming\Dynamic Paper-dlrhcs_replication\outputs\empirical\unemployment\raw_sa_pilot\x13_work\bps_permits_additive_level_36980_200401_202606.out  program output file
  D:\Programming\Dynamic Paper-dlrhcs_replication\outputs\empirical\unemployment\raw_sa_pilot\x13_work\bps_permits_additive_level_36980_200401_202606.err  program error file
        bps_permits 36980            PAGE   1, SERIES bps_permits_addi

     Contents of spc file D:\Programming\Dynamic Paper-dlrhcs_replication\outputs\empirical\unemployment\raw_sa_pilot\x13_work\bps_permits_additive_level_36980_200401_202606.spc

 Line #
 ------
      1: series {
      2:   title = "bps_permits 36980"
      3:   start = 2004.1
      4:   period = 12
      5:   data = (
      6: 32
      7: 51
      8: 41
      9: 35
     10: 38
     11: 41
     12: 38
     13: 31
     14: 32
     15: 29
     16: 24
     17: 22
     18: 17
     19: 34
     20: 26
     21: 48
     22: 44
     23: 35
     24: 46
     25: 37
     26: 38
     27: 45
     28: 40
     29: 34
     30: 24
     31: 25
     32: 32
     33: 32
     34: 28
     35: 42
     36: 36
     37: 33
     38: 20
     39: 18
     40: 24
     41: 22
     42: 15
     43: 18
     44: 24
     45: 31
     46: 25
     47: 31
     48: 95
     49: 40
     50: 50
     51: 28
     52: 43
     53: 19
     54: 18
     55: 15
     56: 41
     57: 20
     58: 61
     59: 40
     60: 29
     61: 25
     62: 26
     63: 18
     64: 10
     65: 10
     66: 12
     67: 13
     68: 20
     69: 17
     70: 20
     71: 15
     72: 29
     73: 27
     74: 29
     75: 18
     76: 16
     77: 26
     78: 22
     79: 18
     80: 29
     81: 22
     82: 22
     83: 25
     84: 82
     85: 32
     86: 21
     87: 22
     88: 24
     89: 13
     90: 16
     91: 21
     92: 15
     93: 23
     94: 16
     95: 23
     96: 21
     97: 73
     98: 15
     99: 9
    100: 18
    101: 19
    102: 13
    103: 16
    104: 19
    105: 20
    106: 40
    107: 30
    108: 24
    109: 24
    110: 24
    111: 19
    112: 16
    113: 18
    114: 20
    115: 13
    116: 13
    117: 25
    118: 29
    119: 27
    120: 31
    121: 48
    122: 80
    123: 210
    124: 7
    125: 11
    126: 7
    127: 12
    128: 16
    129: 15
    130: 36
    131: 26
    132: 25
    133: 18
    134: 66
    135: 49
    136: 35
    137: 15
    138: 14
    139: 13
    140: 17
    141: 16
    142: 24
    143: 21
    144: 25
    145: 23
    146: 30
    147: 29
    148: 19
    149: 12
    150: 9
    151: 26
    152: 24
    153: 16
    154: 24
    155: 31
    156: 42
    157: 25
    158: 92
    159: 18
    160: 51
    161: 11
    162: 16
    163: 13
    164: 22
    165: 15
    166: 26
    167: 27
    168: 20
    169: 16
    170: 38
    171: 16
    172: 26
    173: 27
    174: 12
    175: 35
    176: 24
    177: 14
    178: 23
    179: 25
    180: 25
    181: 31
    182: 16
    183: 27
    184: 15
    185: 11
    186: 19
    187: 27
    188: 26
    189: 24
    190: 26
    191: 21
    192: 49
    193: 31
    194: 35
    195: 22
    196: 25
    197: 18
    198: 26
    199: 20
    200: 30
    201: 48
    202: 24
    203: 33
    204: 24
    205: 23
    206: 51
    207: 27
    208: 27
    209: 15
    210: 29
    211: 27
    212: 37
    213: 32
    214: 33
    215: 41
    216: 41
    217: 46
    218: 23
    219: 24
    220: 26
    221: 39
    222: 22
    223: 36
    224: 29
    225: 26
    226: 20
    227: 20
    228: 10
    229: 25
    230: 34
    231: 13
    232: 6
    233: 6
    234: 9
    235: 57
    236: 17
    237: 20
    238: 18
    239: 19
    240: 5
    241: 29
    242: 72
    243: 19
    244: 16
    245: 12
    246: 18
    247: 11
    248: 13
    249: 17
    250: 18
    251: 20
    252: 11
    253: 15
    254: 18
    255: 24
    256: 36
    257: 26
    258: 12
    259: 14
    260: 26
    261: 16
    262: 16
    263: 19
    264: 76
    265: 20
    266: 23
    267: 15
    268: 11
    269: 8
    270: 8
    271: 13
    272: 20
    273: 24
    274: 11
    275: 31
    276:   )
    277: }
    278: transform { function = none }
    279: regression { aictest = (td easter) }
    280: automdl {}
    281: x11 { mode = add save = (d10 d11) }
        bps_permits 36980            PAGE   2, SERIES bps_permits_addi

 A 1  Time series data (for the span analyzed)
  From  2004.Jan to 2026.Jun
  Observations        270
 -----------------------------------------------------------------------------
               Jan      Feb      Mar      Apr      May      Jun 
               Jul      Aug      Sep      Oct      Nov      Dec        TOTAL  
 -----------------------------------------------------------------------------
  2004          32.      51.      41.      35.      38.      41.
                38.      31.      32.      29.      24.      22.          414.
 
  2005          17.      34.      26.      48.      44.      35.
                46.      37.      38.      45.      40.      34.          444.
 
  2006          24.      25.      32.      32.      28.      42.
                36.      33.      20.      18.      24.      22.          336.
 
  2007          15.      18.      24.      31.      25.      31.
                95.      40.      50.      28.      43.      19.          419.
 
  2008          18.      15.      41.      20.      61.      40.
                29.      25.      26.      18.      10.      10.          313.
 
  2009          12.      13.      20.      17.      20.      15.
                29.      27.      29.      18.      16.      26.          242.
 
  2010          22.      18.      29.      22.      22.      25.
                82.      32.      21.      22.      24.      13.          332.
 
  2011          16.      21.      15.      23.      16.      23.
                21.      73.      15.       9.      18.      19.          269.
 
  2012          13.      16.      19.      20.      40.      30.
                24.      24.      24.      19.      16.      18.          263.
 
  2013          20.      13.      13.      25.      29.      27.
                31.      48.      80.     210.       7.      11.          514.
 
  2014           7.      12.      16.      15.      36.      26.
                25.      18.      66.      49.      35.      15.          320.
 
  2015          14.      13.      17.      16.      24.      21.
                25.      23.      30.      29.      19.      12.          243.
 
  2016           9.      26.      24.      16.      24.      31.
                42.      25.      92.      18.      51.      11.          369.
 
  2017          16.      13.      22.      15.      26.      27.
                20.      16.      38.      16.      26.      27.          262.
 
  2018          12.      35.      24.      14.      23.      25.
                25.      31.      16.      27.      15.      11.          258.
 
  2019          19.      27.      26.      24.      26.      21.
                49.      31.      35.      22.      25.      18.          323.
 
  2020          26.      20.      30.      48.      24.      33.
                24.      23.      51.      27.      27.      15.          348.
 
  2021          29.      27.      37.      32.      33.      41.
                41.      46.      23.      24.      26.      39.          398.
 
  2022          22.      36.      29.      26.      20.      20.
                10.      25.      34.      13.       6.       6.          247.
 
  2023           9.      57.      17.      20.      18.      19.
                 5.      29.      72.      19.      16.      12.          293.
 
  2024          18.      11.      13.      17.      18.      20.
                11.      15.      18.      24.      36.      26.          227.
 
  2025          12.      14.      26.      16.      16.      19.
                76.      20.      23.      15.      11.       8.          256.
 
  2026           8.      13.      20.      24.      11.      31.
                                                                          107.
 
  AVGE          17.      23.      24.      24.      27.      28.
                36.      31.      38.      32.      23.      18.

  Table Total-        7197.   Mean-        27.   Std. Dev.-        18.
                              Min -         5.        Max -       210.
        bps_permits 36980            PAGE   3, SERIES bps_permits_addi
                        Automatic ARIMA Model Selection

                    Procedure based closely on TRAMO method 
                         of Gomez and Maravall (2000)
              "Automatic Modeling Methods for Univariate Series",
                            A Course in Time Series
                  (Edited by D. Pena, G. C. Tiao, R. S. Tsay),
                         New York : J. Wiley and Sons


     Maximum order for regular ARMA parameters :   2
     Maximum order for seasonal ARMA parameters :   1
     Maximum order for regular differencing :   2
     Maximum order for seasonal differencing :   1

   Results of Unit Root Test for identifying orders of differencing:
     Regular difference order :   0
     Seasonal difference order :   0

  Automatic model choice : (2 0 1)
   Model changed to 
   ( 0, 1, 1) ( 0, 1, 1) without constant term


  Final Checks for Identified Model


  Checking for Unit Roots.
   No unit roots found.

  Checking for nonseasonal overdifferencing.
   Nonseasonal MA not within  0.001 of 1.0 - model passes test.

  Checking for insignificant ARMA coefficients.

  Final automatic model choice : (0 1 1)(0 1 1)
   End of automatic model selection procedure.

 Average absolute percentage error in within-sample forecasts:
  Last year:  35.52      Last-1 year:  40.88     Last-2 year:  60.69
  Last three years:   45.70

 Estimation converged in   20 ARMA iterations,   61 function evaluations.

 ARIMA Model:  (0 1 1)(0 1 1)
   Nonseasonal differences: 1
   Seasonal differences:    1
                                              Standard
 Parameter                    Estimate          Errors
 -----------------------------------------------------
 Nonseasonal MA                                    
   Lag  1                       0.9672         0.01640

 Seasonal MA                                       
   Lag 12                       0.9998         0.03484

 Variance                       0.29211E+03
 SE of Var                      0.25769E+02
 -----------------------------------------------------

 Likelihood Statistics
 ------------------------------------------------------------------
 Number of observations (nobs)                                  270
 Effective number of observations (nefobs)                      257
 Number of parameters estimated (np)                              3
 Log likelihood (L)                                      -1115.1859
 AIC                                                      2236.3718 
 AICC (F-corrected-AIC)                                   2236.4666 
 Hannan Quinn                                             2240.6535 
 BIC                                                      2247.0190 
 ------------------------------------------------------------------

 QS Statistic for regARIMA Model Residuals (full series):             0.07
                                                       (P-Value =     0.9658)

 QS Statistic for regARIMA Model Residuals (starting 2018.Jul):       0.01
                                                       (P-Value =     0.9968)
      10*LOG(SPECTRUM) of the regARIMA model residuals
      Spectrum estimated from 2018.Jul to 2026.Jun.
 ++++++++++I+++++++++++++++++++++++++++++++++++++++++++++++++++++++++++++I
      29.11I                 *                                           I     29.11
           I                 *                                           I
           I                 *                                           I
           I                 *                                           I
      27.95I                 *               *                           I     27.95
           I                 *               *                           I
           I                 *               *                           I
           I                 *               *                           I
      26.78I           *     *               *                           I     26.78
           I           *     *               *                           I
           I           *     *               *                           I
           I           *     *               *                           I
      25.62I           *     *               *                           I     25.62
           I           *     *               *                           I
           I      *    *     *               *                           I
           I      *    *     *               *                           I
      24.45I  *   *    *     *               *                           I     24.45
           I  *   *    *     *               *                    *      I
           I  *   *    *     *               *                    *   *  I
           I **   *    *     **              *                    *   *  I
      23.29I **   *    *     **              *                    *   *  I     23.29
           I **   *    *    ***         *    *                    *   *  I
           I **   *   S*    ***      ** *    *    *   T           *   *  I
           I **   *   S*    ***      ** **   *    *   T           *   *  I
      22.12I **   *   S*    ***      ** **  **    *   T           *   *  I     22.12
           I***  **   S*    ***      *****  **    *   T           *   *  I
           I***  **   S*    ***      *****  **    *   T           *   *  I
           I***  **   S*    ***      *****  **    **  T          **   *  I
      20.96I***  **   S*    ***      *****  **    **  T*         **   *  I     20.96
           I***  **   S*    ***      *****  **    **  T*      S  **   *  I
           I**** **   S*    ***      *****  **    **  T*     *S  **   *  I
           I**** **   S*    ***     ******  **    ** *T*     *S  **   *  I
      19.79I**** **   S*    ***     ******  **    ** *T*     *S  **   *  I     19.79
           I**** **   S*    ****    ******  **    ** *T*     *S  **   *  I
           I**** ***  S*    ****    ******S **    **S*T*     *S  **   *  I
           I********  S**   ****    ******S **    **S*T**    *S  **   *  I
      18.63I********  S**  *****    ******S **    **S*T**    *S  **   *  I     18.63
           I********  S**  *****   *******S***    **S*T**    *S  **  **  I
           I********  S**  *****   *******S***    **S*T**    *S  **  **  I
           I********  S**  *****S  *******S****   **S*T***   *S  **  **  I
      17.46I********  S**  *****S*********S****   **S*T***   *S  **  **  I     17.46
           I******** *S**  *****S*********S****   **S*T***   *S  **  **  I
           I******** *S**  *****S*********S****  ***S*T***   *S* **  *** I
           I**********S**  *****S*********S****  ***S*T***   *S* **  *** I
      16.30I**********S*********S*********S****  ***S*T***   *S*T*** *** I     16.30
           I**********S*********S*********S****  ***S*T***   *S*T*** *** I
           I**********S*********S*********S****  ***S*T**** **S*T*** *** I
           I**********S*********S*********S****  ***S*T**** **S*T*** *** I
      15.13I**********S*********S*********S****  ***S*T**** **S*T******* I     15.13
           I**********S*********S*********S****  ***S*T**** **S*T******* I
           I**********S*********S*********S****  ***S*T*******S*T*******SI
           I**********S*********S*********S****  ***S*T*******S*T*******SI
      13.96I**********S*********S*********S*********S*T*******S*T*******SI     13.96
 ++++++++++I+++++++++++++++++++++++++++++++++++++++++++++++++++++++++++++I
            S=SEASONAL FREQUENCIES, T=TRADING DAY FREQUENCIES


 FORECASTING
  Origin  2026.Jun
  Number        12

  Forecasts and Standard Errors
   ------------------------------
                         Standard
       Date   Forecast      Error
   ------------------------------
   2026.Jul      29.49     17.091
   2026.Aug      24.40     17.100
   2026.Sep      31.71     17.110
   2026.Oct      25.62     17.119
   2026.Nov      17.26     17.128
   2026.Dec      11.76     17.137
   2027.Jan      10.48     17.146
   2027.Feb      16.48     17.155
   2027.Mar      17.92     17.165
   2027.Apr      17.70     17.174
   2027.May      20.57     17.183
   2027.Jun      21.48     17.192
   ------------------------------

  Confidence intervals with coverage probability ( 0.95000
   ---------------------------------------
       Date      Lower  Forecast     Upper
   ---------------------------------------
   2026.Jul      -4.01     29.49     62.98
   2026.Aug      -9.12     24.40     57.91
   2026.Sep      -1.82     31.71     65.25
   2026.Oct      -7.93     25.62     59.17
   2026.Nov     -16.31     17.26     50.83
   2026.Dec     -21.83     11.76     45.35
   2027.Jan     -23.12     10.48     44.09
   2027.Feb     -17.14     16.48     50.11
   2027.Mar     -15.72     17.92     51.56
   2027.Apr     -15.96     17.70     51.36
   2027.May     -13.11     20.57     54.25
   2027.Jun     -12.21     21.48     55.18
   ---------------------------------------
        bps_permits 36980            PAGE   4, SERIES bps_permits_addi

 B 1  Original series (prior adjusted)
  From  2004.Jan to 2026.Jun
  Observations        270
 -----------------------------------------------------------------------------
               Jan      Feb      Mar      Apr      May      Jun 
               Jul      Aug      Sep      Oct      Nov      Dec        TOTAL  
 -----------------------------------------------------------------------------
  2004          32.      51.      41.      35.      38.      41.
                38.      31.      32.      29.      24.      22.          414.
 
  2005          17.      34.      26.      48.      44.      35.
                46.      37.      38.      45.      40.      34.          444.
 
  2006          24.      25.      32.      32.      28.      42.
                36.      33.      20.      18.      24.      22.          336.
 
  2007          15.      18.      24.      31.      25.      31.
                95.      40.      50.      28.      43.      19.          419.
 
  2008          18.      15.      41.      20.      61.      40.
                29.      25.      26.      18.      10.      10.          313.
 
  2009          12.      13.      20.      17.      20.      15.
                29.      27.      29.      18.      16.      26.          242.
 
  2010          22.      18.      29.      22.      22.      25.
                82.      32.      21.      22.      24.      13.          332.
 
  2011          16.      21.      15.      23.      16.      23.
                21.      73.      15.       9.      18.      19.          269.
 
  2012          13.      16.      19.      20.      40.      30.
                24.      24.      24.      19.      16.      18.          263.
 
  2013          20.      13.      13.      25.      29.      27.
                31.      48.      80.     210.       7.      11.          514.
 
  2014           7.      12.      16.      15.      36.      26.
                25.      18.      66.      49.      35.      15.          320.
 
  2015          14.      13.      17.      16.      24.      21.
                25.      23.      30.      29.      19.      12.          243.
 
  2016           9.      26.      24.      16.      24.      31.
                42.      25.      92.      18.      51.      11.          369.
 
  2017          16.      13.      22.      15.      26.      27.
                20.      16.      38.      16.      26.      27.          262.
 
  2018          12.      35.      24.      14.      23.      25.
                25.      31.      16.      27.      15.      11.          258.
 
  2019          19.      27.      26.      24.      26.      21.
                49.      31.      35.      22.      25.      18.          323.
 
  2020          26.      20.      30.      48.      24.      33.
                24.      23.      51.      27.      27.      15.          348.
 
  2021          29.      27.      37.      32.      33.      41.
                41.      46.      23.      24.      26.      39.          398.
 
  2022          22.      36.      29.      26.      20.      20.
                10.      25.      34.      13.       6.       6.          247.
 
  2023           9.      57.      17.      20.      18.      19.
                 5.      29.      72.      19.      16.      12.          293.
 
  2024          18.      11.      13.      17.      18.      20.
                11.      15.      18.      24.      36.      26.          227.
 
  2025          12.      14.      26.      16.      16.      19.
                76.      20.      23.      15.      11.       8.          256.
 
  2026           8.      13.      20.      24.      11.      31.
                                                                          107.
 
  AVGE          17.      23.      24.      24.      27.      28.
                36.      31.      38.      32.      23.      18.

  Table Total-        7197.   Mean-        27.   Std. Dev.-        18.
                              Min -         5.        Max -       210.

 B 1.A  Forecasts of (prior adjusted) original series
  From  2026.Jul to 2027.Jun
  Observations         12
 -----------------------------------------------------------------------------
               Jan      Feb      Mar      Apr      May      Jun 
               Jul      Aug      Sep      Oct      Nov      Dec        TOTAL  
 -----------------------------------------------------------------------------
  2026                                                          
                29.      24.      32.      26.      17.      12.          140.
 
  2027          10.      16.      18.      18.      21.      21.
                                                                          105.
 
        bps_permits 36980            PAGE   5, SERIES bps_permits_addi

 C 17  Final weights for irregular component
  From  2004.Jan to 2026.Jun
  Observations        270
  Lower sigma limit    1.50
  Upper sigma limit    2.50
 -----------------------------------------------------------------------------
               Jan      Feb      Mar      Apr      May      Jun 
               Jul      Aug      Sep      Oct      Nov      Dec         S.D.  
 -----------------------------------------------------------------------------
  2004         100.      90.     100.     100.     100.     100.
               100.     100.     100.     100.     100.     100.          556.
 
  2005         100.     100.     100.      57.     100.     100.
               100.     100.     100.     100.     100.     100.          556.
 
  2006         100.     100.     100.     100.     100.     100.
               100.     100.     100.     100.     100.     100.          556.
 
  2007         100.     100.     100.     100.     100.     100.
                 0.     100.      55.     100.      87.      81.          556.
 
  2008         100.      63.      95.      23.       0.      94.
               100.     100.     100.     100.     100.     100.          525.
 
  2009         100.     100.     100.     100.     100.     100.
               100.     100.     100.     100.     100.     100.          877.
 
  2010         100.     100.     100.     100.     100.     100.
                 0.     100.     100.     100.     100.     100.          864.
 
  2011         100.     100.     100.     100.     100.     100.
               100.       0.     100.     100.     100.     100.         1113.
 
  2012         100.     100.     100.     100.     100.     100.
               100.     100.     100.     100.     100.     100.         1198.
 
  2013         100.     100.     100.     100.     100.     100.
               100.     100.      88.       0.       0.      37.         1189.
 
  2014          60.     100.     100.     100.     100.     100.
               100.     100.      39.     100.     100.     100.         1051.
 
  2015         100.     100.     100.     100.     100.     100.
               100.     100.     100.     100.     100.     100.         1054.
 
  2016         100.     100.     100.     100.     100.     100.
               100.     100.       0.       0.      28.     100.          807.
 
  2017         100.     100.     100.     100.     100.     100.
               100.     100.     100.      90.     100.      55.          675.
 
  2018         100.      85.     100.     100.     100.     100.
               100.     100.       0.     100.     100.     100.          697.
 
  2019         100.     100.     100.     100.     100.     100.
                 0.     100.     100.     100.     100.     100.          615.
 
  2020         100.     100.     100.       0.     100.     100.
               100.     100.     100.     100.     100.     100.          576.
 
  2021         100.     100.     100.     100.     100.     100.
               100.     100.       0.     100.     100.       0.          513.
 
  2022         100.     100.     100.     100.     100.     100.
               100.     100.     100.     100.     100.     100.          633.
 
  2023         100.       0.     100.     100.     100.     100.
                 0.     100.       0.     100.     100.     100.          631.
 
  2024         100.     100.     100.     100.     100.     100.
               100.     100.       0.     100.       0.      69.          572.
 
  2025         100.     100.     100.     100.     100.     100.
                 0.     100.      90.     100.     100.     100.          553.
 
  2026         100.     100.     100.     100.     100.     100.
                                                                          553.
 
        bps_permits 36980            PAGE   6, SERIES bps_permits_addi

 D 8  Final unmodified SI ratios
  From  2004.Jan to 2026.Jun
  Observations        270
 -----------------------------------------------------------------------------
               Jan      Feb      Mar      Apr      May      Jun 
               Jul      Aug      Sep      Oct      Nov      Dec         AVGE  
 -----------------------------------------------------------------------------
  2004         -14.       8.       0.      -4.       2.       7.
                 6.       0.       3.       0.      -5.      -8.           -0.
 
  2005         -13.       2.      -7.      14.       8.      -2.
                 8.      -1.      -0.       7.       2.      -3.            1.
 
  2006         -12.     -10.      -1.       1.      -2.      14.
                 9.       7.      -5.      -6.       0.      -2.           -0.
 
  2007          -9.      -7.      -2.       3.      -4.       0.
                63.       7.      17.      -6.       9.     -15.            5.
 
  2008         -15.     -17.      10.      -9.      33.      14.
                 5.       2.       5.      -2.      -8.      -7.            1.
 
  2009          -5.      -4.       3.      -0.       2.      -4.
                 9.       6.       7.      -5.      -8.       2.            0.
 
  2010          -3.      -7.       4.      -2.      -2.       1.
                58.       9.      -2.      -1.       2.      -9.            4.
 
  2011          -5.       0.      -5.       4.      -2.       6.
                 5.      58.      -1.      -7.       1.       0.            5.
 
  2012          -8.      -6.      -5.      -4.      16.       7.
                 2.       3.       4.      -0.      -3.      -1.            0.
 
  2013          -0.      -9.     -12.      -3.      -3.      -8.
                -7.       9.      40.     170.     -32.     -26.           10.
 
  2014         -27.     -19.     -13.     -12.      11.       1.
                -0.      -8.      40.      22.       8.     -12.           -1.
 
  2015         -12.     -12.      -7.      -7.       3.       1.
                 6.       4.      12.      10.      -1.      -9.           -1.
 
  2016         -13.       2.      -1.     -11.      -5.       1.
                12.      -5.      62.     -11.      23.     -16.            3.
 
  2017         -10.     -11.      -1.      -6.       5.       7.
                -0.      -5.      17.      -6.       3.       4.           -0.
 
  2018         -12.      11.      -1.     -11.      -1.       1.
                 1.       8.      -7.       4.      -9.     -13.           -2.
 
  2019          -5.       3.       2.      -0.       1.      -4.
                24.       6.      10.      -4.      -1.      -8.            2.
 
  2020          -0.      -6.       4.      22.      -2.       6.
                -3.      -4.      23.      -1.      -2.     -15.            2.
 
  2021          -2.      -5.       3.      -3.      -2.       5.
                 5.      10.     -12.     -11.      -7.       7.           -1.
 
  2022          -8.       8.       3.       2.      -2.      -0.
                -8.       8.      18.      -2.      -9.      -9.            0.
 
  2023          -6.      41.      -0.       2.      -1.      -1.
               -16.       8.      51.      -2.      -4.      -7.            5.
 
  2024          -0.      -6.      -4.       1.       2.       4.
                -6.      -2.      -0.       5.      16.       5.            1.
 
  2025          -9.      -7.       6.      -4.      -3.       1.
                59.       4.       8.       0.      -4.      -8.            4.
 
  2026          -8.      -4.       1.       4.     -10.       9.
                                                                           -1.
 
  AVGE          -9.      -2.      -1.      -1.       2.       3.
                11.       6.      13.       7.      -1.      -7.

  Table Total-         441.   Mean-         2.   Std. Dev.-        16.
                              Min -       -32.        Max -       170.
        bps_permits 36980            PAGE   7, SERIES bps_permits_addi

 D 8.B  Final unmodified SI ratios, with labels for outliers and extreme values
  From  2004.Jan to 2026.Jun
  Observations        270
 ---------------------------------------------------------------------
               Jan       Feb       Mar       Apr       May       Jun  
               Jul       Aug       Sep       Oct       Nov       Dec  
 ---------------------------------------------------------------------
  2004        -14.        8.*       0.       -4.        2.        7.  
                6.        0.        3.        0.       -5.       -8.  
 
  2005        -13.        2.       -7.       14.*       8.       -2.  
                8.       -1.       -0.        7.        2.       -3.  
 
  2006        -12.      -10.       -1.        1.       -2.       14.  
                9.        7.       -5.       -6.        0.       -2.  
 
  2007         -9.       -7.       -2.        3.       -4.        0.  
               63.*       7.       17.*      -6.        9.*     -15.* 
 
  2008        -15.      -17.*      10.*      -9.*      33.*      14.* 
                5.        2.        5.       -2.       -8.       -7.  
 
  2009         -5.       -4.        3.       -0.        2.       -4.  
                9.        6.        7.       -5.       -8.        2.  
 
  2010         -3.       -7.        4.       -2.       -2.        1.  
               58.*       9.       -2.       -1.        2.       -9.  
 
  2011         -5.        0.       -5.        4.       -2.        6.  
                5.       58.*      -1.       -7.        1.        0.  
 
  2012         -8.       -6.       -5.       -4.       16.        7.  
                2.        3.        4.       -0.       -3.       -1.  
 
  2013         -0.       -9.      -12.       -3.       -3.       -8.  
               -7.        9.       40.*     170.*     -32.*     -26.* 
 
  2014        -27.*     -19.      -13.      -12.       11.        1.  
               -0.       -8.       40.*      22.        8.      -12.  
 
  2015        -12.      -12.       -7.       -7.        3.        1.  
                6.        4.       12.       10.       -1.       -9.  
 
  2016        -13.        2.       -1.      -11.       -5.        1.  
               12.       -5.       62.*     -11.*      23.*     -16.  
 
  2017        -10.      -11.       -1.       -6.        5.        7.  
               -0.       -5.       17.       -6.*       3.        4.* 
 
  2018        -12.       11.*      -1.      -11.       -1.        1.  
                1.        8.       -7.*       4.       -9.      -13.  
 
  2019         -5.        3.        2.       -0.        1.       -4.  
               24.*       6.       10.       -4.       -1.       -8.  
 
  2020         -0.       -6.        4.       22.*      -2.        6.  
               -3.       -4.*      23.       -1.       -2.      -15.  
 
  2021         -2.       -5.        3.       -3.       -2.        5.  
                5.       10.      -12.*     -11.       -7.        7.* 
 
  2022         -8.        8.        3.        2.       -2.       -0.  
               -8.        8.       18.       -2.       -9.       -9.  
 
  2023         -6.       41.*      -0.        2.       -1.       -1.  
              -16.*       8.       51.*      -2.       -4.       -7.  
 
  2024         -0.       -6.       -4.        1.        2.        4.  
               -6.       -2.       -0.*       5.       16.*       5.* 
 
  2025         -9.       -7.        6.       -4.       -3.        1.* 
               59.*       4.        8.*       0.       -4.       -8.  
 
  2026         -8.       -4.        1.        4.      -10.        9.  
                                                                      
 

  Key to symbols:
    *  : extreme value as determined by X-11 extreme value procedure
 
        bps_permits 36980            PAGE   8, SERIES bps_permits_addi

 D 9  Final replacement values for SI ratios
  From  2004.Jan to 2026.Jun
  Observations        270
 ---------------------------------------------------------------
               Jan      Feb      Mar      Apr      May      Jun 
               Jul      Aug      Sep      Oct      Nov      Dec 
 ---------------------------------------------------------------
  2004     ********       7. ******** ******** ******** ********
           ******** ******** ******** ******** ******** ********
 
  2005     ******** ******** ********       9. ******** ********
           ******** ******** ******** ******** ******** ********
 
  2006     ******** ******** ******** ******** ******** ********
           ******** ******** ******** ******** ******** ********
 
  2007     ******** ******** ******** ******** ******** ********
                13. ********      12. ********       8.     -13.
 
  2008     ********     -13.      10.      -0.       2.      13.
           ******** ******** ******** ******** ******** ********
 
  2009     ******** ******** ******** ******** ******** ********
           ******** ******** ******** ******** ******** ********
 
  2010     ******** ******** ******** ******** ******** ********
                 8. ******** ******** ******** ******** ********
 
  2011     ******** ******** ******** ******** ******** ********
           ********       6. ******** ******** ******** ********
 
  2012     ******** ******** ******** ******** ******** ********
           ******** ******** ******** ******** ******** ********
 
  2013     ******** ******** ******** ******** ******** ********
           ******** ********      38.      20.      12.     -10.
 
  2014         -19. ******** ******** ******** ******** ********
           ******** ********      26. ******** ******** ********
 
  2015     ******** ******** ******** ******** ******** ********
           ******** ******** ******** ******** ******** ********
 
  2016     ******** ******** ******** ******** ******** ********
           ******** ********      20.      11.      10. ********
 
  2017     ******** ******** ******** ******** ******** ********
           ******** ******** ********      -5. ********      -2.
 
  2018     ********       9. ******** ******** ******** ********
           ******** ********      14. ******** ******** ********
 
  2019     ******** ******** ******** ******** ******** ********
                 3. ******** ******** ******** ******** ********
 
  2020     ******** ******** ********      -1. ******** ********
           ********      -4. ******** ******** ******** ********
 
  2021     ******** ******** ******** ******** ******** ********
           ******** ********      15. ******** ********     -10.
 
  2022     ******** ******** ******** ******** ******** ********
           ******** ******** ******** ******** ******** ********
 
  2023     ********       0. ******** ******** ******** ********
                 1. ********      16. ******** ******** ********
 
  2024     ******** ******** ******** ******** ******** ********
           ******** ********      14. ********      -4.       2.
 
  2025     ******** ******** ******** ******** ********       2.
                 7. ********       9. ******** ******** ********
 
  2026     ******** ******** ******** ******** ******** ********
                                                                
 

 D 9.A  Moving seasonality ratio
 ---------------------------------------------------------------
               Jan      Feb      Mar      Apr      May      Jun 
 ---------------------------------------------------------------
   I          4.725    7.646    4.217    5.170    6.049    7.337
   S          0.945    1.105    1.026    1.013    0.705    0.945
 RATIO        4.998    6.922    4.111    5.103    8.578    7.767



 ---------------------------------------------------------------
               Jul      Aug      Sep      Oct      Nov      Dec 
 ---------------------------------------------------------------
   I          6.101    6.267    7.889    7.038    5.565    6.273
   S          0.809    0.993    1.420    1.669    1.079    0.893
 RATIO        7.538    6.313    5.554    4.218    5.158    7.022



        bps_permits 36980            PAGE   9, SERIES bps_permits_addi

 D 10  Final seasonal factors
  From  2004.Jan to 2026.Jun
  Observations        270
  Seasonal filter    3 x 5 moving average
 -----------------------------------------------------------------------------
               Jan      Feb      Mar      Apr      May      Jun 
               Jul      Aug      Sep      Oct      Nov      Dec         AVGE  
 -----------------------------------------------------------------------------
  2004         -12.      -1.      -3.       2.       2.       5.
                 9.       3.       1.      -1.       1.      -5.            0.
 
  2005         -12.      -2.      -2.       2.       1.       6.
                 8.       3.       2.      -1.       0.      -6.           -0.
 
  2006         -12.      -4.      -1.       2.       1.       5.
                 9.       4.       3.      -2.      -0.      -6.           -0.
 
  2007         -11.      -6.       1.       2.       1.       5.
                 9.       5.       3.      -3.      -1.      -6.           -0.
 
  2008          -9.      -7.       2.       1.      -0.       4.
                 8.       6.       4.      -3.      -1.      -5.           -0.
 
  2009          -8.      -7.       2.       0.       1.       5.
                 7.       6.       3.      -4.      -2.      -5.           -0.
 
  2010          -6.      -5.       1.      -0.       1.       3.
                 5.       6.       5.      -2.      -1.      -4.            0.
 
  2011          -6.      -6.      -2.      -2.       3.       2.
                 3.       5.       8.       2.       1.      -4.            0.
 
  2012          -6.      -7.      -5.      -3.       3.       1.
                 2.       4.      13.       6.       3.      -5.            0.
 
  2013          -9.      -9.      -7.      -5.       4.       1.
                 2.       2.      16.       9.       4.      -7.            0.
 
  2014         -10.      -9.      -7.      -7.       4.       1.
                 2.       1.      19.      11.       5.      -8.            0.
 
  2015         -11.      -8.      -6.      -8.       3.       1.
                 3.      -0.      20.      11.       5.     -10.           -0.
 
  2016         -12.      -6.      -4.      -8.       2.       2.
                 4.       0.      18.       8.       3.     -10.           -0.
 
  2017         -11.      -3.      -2.      -7.       1.       2.
                 4.       0.      16.       4.       1.     -10.           -0.
 
  2018          -8.      -2.      -0.      -6.       0.       3.
                 3.       2.      16.       0.      -1.     -10.           -0.
 
  2019          -6.      -1.       1.      -4.      -0.       3.
                 1.       3.      16.      -2.      -3.     -11.           -0.
 
  2020          -5.      -0.       2.      -2.      -1.       2.
                 0.       5.      16.      -3.      -4.     -10.           -0.
 
  2021          -4.      -0.       2.      -1.      -1.       2.
                -1.       5.      17.      -3.      -5.      -9.            0.
 
  2022          -4.      -1.       2.      -0.      -1.       2.
                -1.       5.      16.      -3.      -5.      -8.            0.
 
  2023          -5.      -2.       1.       0.      -2.       2.
                -1.       5.      15.      -1.      -5.      -7.            0.
 
  2024          -6.      -3.       1.       0.      -2.       3.
                 1.       4.      13.       0.      -5.      -6.            0.
 
  2025          -7.      -4.       1.       1.      -2.       3.
                 2.       3.      12.       2.      -4.      -5.            0.
 
  2026          -7.      -5.       1.       0.      -2.       4.
                                                                           -2.
 
  AVGE          -8.      -4.      -1.      -2.       1.       3.
                 4.       3.      12.       1.      -1.      -7.

  Table Total-          -9.   Mean-        -0.   Std. Dev.-         6.
                              Min -       -12.        Max -        20.

 D 10.A  Final seasonal component forecasts
  From  2026.Jul to 2027.Jun
  Observations         12
 -----------------------------------------------------------------------------
               Jan      Feb      Mar      Apr      May      Jun 
               Jul      Aug      Sep      Oct      Nov      Dec         AVGE  
 -----------------------------------------------------------------------------
  2026                                                          
                 2.       2.      12.       2.      -4.      -5.            2.
 
  2027          -8.      -5.       1.      -0.      -3.       5.
                                                                           -2.
 
        bps_permits 36980            PAGE  10, SERIES bps_permits_addi

 D 11  Final seasonally adjusted data
  From  2004.Jan to 2026.Jun
  Observations        270
 -----------------------------------------------------------------------------
               Jan      Feb      Mar      Apr      May      Jun 
               Jul      Aug      Sep      Oct      Nov      Dec        TOTAL  
 -----------------------------------------------------------------------------
  2004          44.      52.      44.      33.      36.      36.
                29.      28.      31.      30.      23.      27.          414.
 
  2005          29.      36.      28.      46.      43.      29.
                38.      34.      36.      46.      40.      40.          444.
 
  2006          36.      29.      33.      30.      27.      37.
                27.      29.      17.      20.      24.      28.          336.
 
  2007          26.      24.      23.      29.      24.      26.
                86.      35.      47.      31.      44.      25.          420.
 
  2008          27.      22.      39.      19.      61.      36.
                21.      19.      22.      21.      11.      15.          314.
 
  2009          20.      20.      18.      17.      19.      10.
                22.      21.      26.      22.      18.      31.          243.
 
  2010          28.      23.      28.      22.      21.      22.
                77.      26.      16.      24.      25.      17.          329.
 
  2011          22.      27.      17.      25.      13.      21.
                18.      68.       7.       7.      17.      23.          265.
 
  2012          19.      23.      24.      23.      37.      29.
                22.      20.      11.      13.      13.      23.          258.
 
  2013          29.      22.      20.      30.      25.      26.
                29.      46.      64.     201.       3.      18.          511.
 
  2014          17.      21.      23.      22.      32.      25.
                23.      17.      47.      38.      30.      23.          319.
 
  2015          25.      21.      23.      24.      21.      20.
                22.      23.      10.      18.      14.      22.          245.
 
  2016          21.      32.      28.      24.      22.      29.
                38.      25.      74.      10.      48.      21.          373.
 
  2017          27.      16.      24.      22.      25.      25.
                16.      16.      22.      12.      25.      37.          267.
 
  2018          20.      37.      24.      20.      23.      22.
                22.      29.       0.      27.      16.      21.          262.
 
  2019          25.      28.      25.      28.      26.      18.
                48.      28.      19.      24.      28.      29.          325.
 
  2020          31.      20.      28.      50.      25.      31.
                24.      18.      35.      30.      31.      25.          349.
 
  2021          33.      27.      35.      33.      34.      39.
                42.      41.       6.      27.      31.      48.          397.
 
  2022          26.      37.      27.      26.      21.      18.
                11.      20.      18.      16.      11.      14.          246.
 
  2023          14.      59.      16.      20.      20.      17.
                 6.      24.      57.      20.      21.      19.          291.
 
  2024          24.      14.      12.      17.      20.      17.
                10.      11.       5.      24.      41.      32.          226.
 
  2025          19.      18.      25.      15.      18.      16.
                74.      17.      11.      13.      15.      13.          255.
 
  2026          15.      18.      19.      24.      13.      27.
                                                                          116.
 
  AVGE          25.      27.      25.      26.      26.      25.
                32.      27.      26.      31.      24.      25.

  Table Total-        7206.   Mean-        27.   Std. Dev.-        16.
                              Min -         0.        Max -       201.
        bps_permits 36980            PAGE  11, SERIES bps_permits_addi

 D 12  Final trend cycle
  From  2004.Jan to 2026.Jun
  Observations        270
  Trend filter    23-term Henderson moving average
  I/C ratio        4.16
 -----------------------------------------------------------------------------
               Jan      Feb      Mar      Apr      May      Jun 
               Jul      Aug      Sep      Oct      Nov      Dec        TOTAL  
 -----------------------------------------------------------------------------
  2004          45.      43.      41.      38.      36.      34.
                32.      30.      29.      29.      29.      29.          416.
 
  2005          30.      32.      33.      34.      36.      37.
                38.      38.      38.      38.      38.      37.          429.
 
  2006          36.      35.      33.      31.      30.      28.
                27.      26.      25.      24.      24.      24.          342.
 
  2007          24.      25.      26.      27.      29.      31.
                32.      33.      34.      34.      34.      34.          362.
 
  2008          33.      32.      31.      29.      28.      26.
                25.      23.      21.      20.      18.      17.          303.
 
  2009          17.      17.      17.      17.      18.      19.
                20.      21.      22.      23.      24.      25.          238.
 
  2010          25.      25.      25.      25.      24.      24.
                23.      23.      22.      22.      22.      22.          282.
 
  2011          22.      21.      20.      19.      18.      17.
                16.      15.      15.      16.      17.      19.          214.
 
  2012          21.      23.      24.      24.      24.      24.
                22.      21.      20.      19.      19.      19.          260.
 
  2013          20.      21.      24.      28.      32.      35.
                38.      40.      41.      40.      39.      37.          395.
 
  2014          34.      31.      28.      26.      25.      25.
                25.      26.      27.      27.      27.      27.          328.
 
  2015          26.      25.      24.      22.      21.      20.
                19.      19.      19.      19.      20.      21.          254.
 
  2016          22.      24.      25.      27.      29.      30.
                30.      30.      30.      29.      28.      27.          331.
 
  2017          26.      24.      23.      22.      21.      20.
                20.      20.      21.      22.      23.      23.          265.
 
  2018          24.      25.      25.      25.      24.      24.
                24.      23.      23.      23.      23.      24.          287.
 
  2019          24.      24.      25.      25.      25.      25.
                25.      25.      25.      25.      26.      26.          299.
 
  2020          26.      26.      26.      27.      27.      27.
                27.      27.      28.      28.      29.      30.          327.
 
  2021          31.      33.      34.      35.      36.      36.
                36.      36.      35.      34.      33.      32.          410.
 
  2022          30.      28.      26.      24.      22.      20.
                18.      17.      16.      15.      14.      15.          245.
 
  2023          15.      16.      17.      18.      19.      20.
                21.      21.      21.      21.      20.      20.          230.
 
  2024          19.      17.      17.      16.      16.      16.
                16.      17.      18.      19.      20.      21.          212.
 
  2025          21.      21.      20.      20.      19.      17.
                16.      16.      15.      15.      15.      16.          210.
 
  2026          16.      17.      19.      20.      21.      22.
                                                                          115.
 
  AVGE          25.      25.      25.      25.      25.      25.
                25.      25.      25.      25.      25.      25.

  Table Total-        6754.   Mean-        25.   Std. Dev.-         6.
                              Min -        14.        Max -        45.
        bps_permits 36980            PAGE  12, SERIES bps_permits_addi

 D 13  Final irregular component
  From  2004.Jan to 2026.Jun
  Observations        270
 -----------------------------------------------------------------------------
               Jan      Feb      Mar      Apr      May      Jun 
               Jul      Aug      Sep      Oct      Nov      Dec         S.D.  
 -----------------------------------------------------------------------------
  2004          -1.       9.       3.      -6.       0.       1.
                -3.      -2.       2.       1.      -5.      -2.            4.
 
  2005          -1.       5.      -5.      12.       7.      -8.
                -0.      -4.      -2.       8.       2.       3.            6.
 
  2006          -0.      -6.      -0.      -2.      -3.       9.
                 1.       4.      -8.      -4.       0.       4.            4.
 
  2007           2.      -1.      -3.       2.      -5.      -5.
                54.       2.      13.      -3.      10.      -9.           17.
 
  2008          -6.     -10.       8.     -11.      33.       9.
                -4.      -3.       1.       2.      -7.      -2.           12.
 
  2009           3.       3.       1.      -0.       2.      -8.
                 2.       0.       4.      -1.      -6.       6.            4.
 
  2010           3.      -2.       4.      -2.      -4.      -1.
                53.       4.      -7.       2.       3.      -5.           16.
 
  2011           0.       6.      -3.       6.      -5.       4.
                 2.      53.      -8.      -8.       0.       4.           16.
 
  2012          -1.       1.       0.      -1.      12.       6.
                -0.      -1.      -9.      -6.      -5.       5.            5.
 
  2013           9.       0.      -4.       2.      -7.      -9.
                -9.       6.      23.     160.     -36.     -19.           48.
 
  2014         -17.      -9.      -4.      -4.       7.       1.
                -2.      -9.      20.      11.       3.      -3.            9.
 
  2015          -1.      -4.      -1.       2.      -0.       0.
                 3.       5.      -9.      -1.      -5.       1.            4.
 
  2016          -2.       8.       3.      -3.      -7.      -0.
                 8.      -5.      44.     -19.      20.      -6.           16.
 
  2017           1.      -8.       1.       1.       4.       5.
                -4.      -5.       1.     -10.       2.      14.            6.
 
  2018          -4.      12.      -1.      -5.      -2.      -2.
                -1.       6.     -23.       4.      -8.      -3.            8.
 
  2019           1.       3.       0.       4.       2.      -6.
                23.       3.      -7.      -2.       2.       3.            7.
 
  2020           5.      -6.       2.      24.      -2.       4.
                -3.      -9.       7.       2.       2.      -5.            8.
 
  2021           2.      -5.       1.      -2.      -1.       3.
                 6.       5.     -29.      -8.      -2.      17.           10.
 
  2022          -4.       9.       1.       2.      -1.      -2.
                -7.       3.       2.       1.      -3.      -1.            4.
 
  2023          -1.      43.      -2.       2.       1.      -4.
               -15.       3.      36.      -1.       1.      -1.           17.
 
  2024           6.      -4.      -5.       1.       4.       2.
                -6.      -7.     -14.       4.      21.      11.            9.
 
  2025          -2.      -3.       5.      -4.      -0.      -2.
                58.       1.      -4.      -2.       0.      -2.           17.
 
  2026          -1.       0.       0.       4.      -8.       5.
                                                                            4.
 
  S.D.           5.      11.       3.       7.       8.       5.
                22.      12.      17.      35.      11.       8.

  Table Total-         452.   Mean-         2.   Std. Dev.-        15.
                              Min -       -36.        Max -       160.
        bps_permits 36980            PAGE  13, SERIES bps_permits_addi

 D 16  Combined adjustment factors
  From  2004.Jan to 2026.Jun
  Observations        270
 -----------------------------------------------------------------------------
               Jan      Feb      Mar      Apr      May      Jun 
               Jul      Aug      Sep      Oct      Nov      Dec         AVGE  
 -----------------------------------------------------------------------------
  2004         -12.      -1.      -3.       2.       2.       5.
                 9.       3.       1.      -1.       1.      -5.            0.
 
  2005         -12.      -2.      -2.       2.       1.       6.
                 8.       3.       2.      -1.       0.      -6.           -0.
 
  2006         -12.      -4.      -1.       2.       1.       5.
                 9.       4.       3.      -2.      -0.      -6.           -0.
 
  2007         -11.      -6.       1.       2.       1.       5.
                 9.       5.       3.      -3.      -1.      -6.           -0.
 
  2008          -9.      -7.       2.       1.      -0.       4.
                 8.       6.       4.      -3.      -1.      -5.           -0.
 
  2009          -8.      -7.       2.       0.       1.       5.
                 7.       6.       3.      -4.      -2.      -5.           -0.
 
  2010          -6.      -5.       1.      -0.       1.       3.
                 5.       6.       5.      -2.      -1.      -4.            0.
 
  2011          -6.      -6.      -2.      -2.       3.       2.
                 3.       5.       8.       2.       1.      -4.            0.
 
  2012          -6.      -7.      -5.      -3.       3.       1.
                 2.       4.      13.       6.       3.      -5.            0.
 
  2013          -9.      -9.      -7.      -5.       4.       1.
                 2.       2.      16.       9.       4.      -7.            0.
 
  2014         -10.      -9.      -7.      -7.       4.       1.
                 2.       1.      19.      11.       5.      -8.            0.
 
  2015         -11.      -8.      -6.      -8.       3.       1.
                 3.      -0.      20.      11.       5.     -10.           -0.
 
  2016         -12.      -6.      -4.      -8.       2.       2.
                 4.       0.      18.       8.       3.     -10.           -0.
 
  2017         -11.      -3.      -2.      -7.       1.       2.
                 4.       0.      16.       4.       1.     -10.           -0.
 
  2018          -8.      -2.      -0.      -6.       0.       3.
                 3.       2.      16.       0.      -1.     -10.           -0.
 
  2019          -6.      -1.       1.      -4.      -0.       3.
                 1.       3.      16.      -2.      -3.     -11.           -0.
 
  2020          -5.      -0.       2.      -2.      -1.       2.
                 0.       5.      16.      -3.      -4.     -10.           -0.
 
  2021          -4.      -0.       2.      -1.      -1.       2.
                -1.       5.      17.      -3.      -5.      -9.            0.
 
  2022          -4.      -1.       2.      -0.      -1.       2.
                -1.       5.      16.      -3.      -5.      -8.            0.
 
  2023          -5.      -2.       1.       0.      -2.       2.
                -1.       5.      15.      -1.      -5.      -7.            0.
 
  2024          -6.      -3.       1.       0.      -2.       3.
                 1.       4.      13.       0.      -5.      -6.            0.
 
  2025          -7.      -4.       1.       1.      -2.       3.
                 2.       3.      12.       2.      -4.      -5.            0.
 
  2026          -7.      -5.       1.       0.      -2.       4.
                                                                           -2.
 
  AVGE          -8.      -4.      -1.      -2.       1.       3.
                 4.       3.      12.       1.      -1.      -7.

  Table Total-          -9.   Mean-        -0.   Std. Dev.-         6.
                              Min -       -12.        Max -        20.

 D 16.A  Combined adjustment component forecasts
  From  2026.Jul to 2027.Jun
  Observations         12
 -----------------------------------------------------------------------------
               Jan      Feb      Mar      Apr      May      Jun 
               Jul      Aug      Sep      Oct      Nov      Dec         AVGE  
 -----------------------------------------------------------------------------
  2026                                                          
                 2.       2.      12.       2.      -4.      -5.            2.
 
  2027          -8.      -5.       1.      -0.      -3.       5.
                                                                           -2.
 
        bps_permits 36980            PAGE  14, SERIES bps_permits_addi

 E 4  Differences of annual totals
  From          2004 to 2025
  Observations         22
 -----------------------------------
  Year       Unmodified     Modified
                  (D11)         (E2)
 -----------------------------------
  2004               0.           0.
 
  2005              -0.          -0.
 
  2006              -0.          -0.
 
  2007              -1.          -1.
 
  2008              -1.          -1.
 
  2009              -1.          -1.
 
  2010               3.           3.
 
  2011               4.           4.
 
  2012               5.           5.
 
  2013               3.           3.
 
  2014               1.           1.
 
  2015              -2.          -2.
 
  2016              -4.          -4.
 
  2017              -5.          -5.
 
  2018              -4.          -4.
 
  2019              -2.          -2.
 
  2020              -1.          -1.
 
  2021               1.           1.
 
  2022               1.           1.
 
  2023               2.           2.
 
  2024               1.           1.
 
  2025               1.           1.
 
        bps_permits 36980            PAGE  15, SERIES bps_permits_addi

 E 5  Month-to-month differences in the original series
  From  2004.Feb to 2026.Jun
  Observations        269
 -----------------------------------------------------------------------------
               Jan      Feb      Mar      Apr      May      Jun 
               Jul      Aug      Sep      Oct      Nov      Dec         AVGE  
 -----------------------------------------------------------------------------
  2004                   19.     -10.      -6.       3.       3.
                -3.      -7.       1.      -3.      -5.      -2.           -1.
 
  2005          -5.      17.      -8.      22.      -4.      -9.
                11.      -9.       1.       7.      -5.      -6.            1.
 
  2006         -10.       1.       7.       0.      -4.      14.
                -6.      -3.     -13.      -2.       6.      -2.           -1.
 
  2007          -7.       3.       6.       7.      -6.       6.
                64.     -55.      10.     -22.      15.     -24.           -0.
 
  2008          -1.      -3.      26.     -21.      41.     -21.
               -11.      -4.       1.      -8.      -8.       0.           -1.
 
  2009           2.       1.       7.      -3.       3.      -5.
                14.      -2.       2.     -11.      -2.      10.            1.
 
  2010          -4.      -4.      11.      -7.       0.       3.
                57.     -50.     -11.       1.       2.     -11.           -1.
 
  2011           3.       5.      -6.       8.      -7.       7.
                -2.      52.     -58.      -6.       9.       1.            1.
 
  2012          -6.       3.       3.       1.      20.     -10.
                -6.       0.       0.      -5.      -3.       2.           -0.
 
  2013           2.      -7.       0.      12.       4.      -2.
                 4.      17.      32.     130.    -203.       4.           -1.
 
  2014          -4.       5.       4.      -1.      21.     -10.
                -1.      -7.      48.     -17.     -14.     -20.            0.
 
  2015          -1.      -1.       4.      -1.       8.      -3.
                 4.      -2.       7.      -1.     -10.      -7.           -0.
 
  2016          -3.      17.      -2.      -8.       8.       7.
                11.     -17.      67.     -74.      33.     -40.           -0.
 
  2017           5.      -3.       9.      -7.      11.       1.
                -7.      -4.      22.     -22.      10.       1.            1.
 
  2018         -15.      23.     -11.     -10.       9.       2.
                 0.       6.     -15.      11.     -12.      -4.           -1.
 
  2019           8.       8.      -1.      -2.       2.      -5.
                28.     -18.       4.     -13.       3.      -7.            1.
 
  2020           8.      -6.      10.      18.     -24.       9.
                -9.      -1.      28.     -24.       0.     -12.           -0.
 
  2021          14.      -2.      10.      -5.       1.       8.
                 0.       5.     -23.       1.       2.      13.            2.
 
  2022         -17.      14.      -7.      -3.      -6.       0.
               -10.      15.       9.     -21.      -7.       0.           -3.
 
  2023           3.      48.     -40.       3.      -2.       1.
               -14.      24.      43.     -53.      -3.      -4.            1.
 
  2024           6.      -7.       2.       4.       1.       2.
                -9.       4.       3.       6.      12.     -10.            1.
 
  2025         -14.       2.      12.     -10.       0.       3.
                57.     -56.       3.      -8.      -4.      -3.           -1.
 
  2026           0.       5.       7.       4.     -13.      20.
                                                                            4.
 
  AVGE          -2.       6.       1.      -0.       3.       1.
                 8.      -5.       7.      -6.      -8.      -5.

  Table Total-          -1.   Mean-        -0.   Std. Dev.-        22.
                              Min -      -203.        Max -       130.
        bps_permits 36980            PAGE  16, SERIES bps_permits_addi

 E 6  Month-to-month differences in seasonally adjusted series (D11)
  From  2004.Feb to 2026.Jun
  Observations        269
 -----------------------------------------------------------------------------
               Jan      Feb      Mar      Apr      May      Jun 
               Jul      Aug      Sep      Oct      Nov      Dec         AVGE  
 -----------------------------------------------------------------------------
  2004                    8.      -9.     -11.       4.      -1.
                -6.      -1.       3.      -1.      -6.       4.           -2.
 
  2005           2.       7.      -9.      18.      -3.     -13.
                 8.      -4.       2.      10.      -6.       0.            1.
 
  2006          -4.      -7.       4.      -3.      -3.      10.
                -9.       2.     -12.       3.       4.       4.           -1.
 
  2007          -2.      -2.      -1.       7.      -5.       1.
                61.     -51.      11.     -16.      13.     -19.           -0.
 
  2008           2.      -5.      17.     -20.      42.     -25.
               -15.      -1.       3.      -1.     -10.       4.           -1.
 
  2009           4.      -0.      -2.      -1.       3.      -9.
                11.      -0.       4.      -4.      -4.      13.            1.
 
  2010          -3.      -5.       5.      -6.      -2.       2.
                54.     -50.     -11.       8.       1.      -8.           -1.
 
  2011           5.       5.     -10.       8.     -12.       8.
                -3.      50.     -61.       0.      10.       6.            1.
 
  2012          -4.       4.       1.      -1.      14.      -7.
                -7.      -2.      -8.       2.      -0.      10.            0.
 
  2013           5.      -7.      -2.      10.      -5.       1.
                 3.      16.      18.     137.    -198.      15.           -0.
 
  2014          -1.       4.       2.      -2.      11.      -7.
                -2.      -6.      30.      -9.      -8.      -6.            0.
 
  2015           2.      -4.       2.       1.      -3.      -1.
                 2.       1.     -13.       8.      -4.       8.           -0.
 
  2016          -1.      12.      -4.      -4.      -2.       7.
                 9.     -13.      49.     -63.      38.     -27.           -0.
 
  2017           6.     -11.       8.      -2.       2.      -0.
                -9.      -0.       6.     -10.      13.      12.            1.
 
  2018         -17.      17.     -13.      -4.       3.      -0.
                -0.       7.     -29.      27.     -11.       5.           -1.
 
  2019           4.       2.      -3.       4.      -2.      -8.
                29.     -20.      -9.       5.       4.       1.            1.
 
  2020           3.     -11.       8.      22.     -26.       6.
                -7.      -6.      16.      -4.       1.      -6.           -0.
 
  2021           8.      -6.       8.      -2.       1.       5.
                 3.      -1.     -35.      21.       4.      17.            2.
 
  2022         -22.      11.     -10.      -1.      -5.      -3.
                -7.       9.      -2.      -2.      -4.       3.           -3.
 
  2023           0.      45.     -43.       4.       0.      -3.
               -11.      19.      32.     -37.       1.      -3.            0.
 
  2024           5.     -10.      -2.       5.       3.      -3.
                -7.       0.      -6.      19.      17.      -9.            1.
 
  2025         -13.      -1.       7.     -10.       3.      -3.
                59.     -57.      -6.       3.       2.      -2.           -2.
 
  2026           2.       3.       1.       5.     -11.      14.
                                                                            2.
 
  AVGE          -1.       2.      -2.       1.       0.      -1.
                 7.      -5.      -1.       4.      -6.       1.

  Table Total-         -18.   Mean-        -0.   Std. Dev.-        21.
                              Min -      -198.        Max -       137.
        bps_permits 36980            PAGE  17, SERIES bps_permits_addi

 E 7  Month-to-month differences in final trend cycle (D12)
  From  2004.Feb to 2026.Jun
  Observations        269
 -----------------------------------------------------------------------------
               Jan      Feb      Mar      Apr      May      Jun 
               Jul      Aug      Sep      Oct      Nov      Dec         AVGE  
 -----------------------------------------------------------------------------
  2004                   -2.      -2.      -2.      -2.      -2.
                -2.      -2.      -1.      -1.       0.       1.           -1.
 
  2005           1.       1.       1.       1.       1.       1.
                 1.       0.       0.      -0.      -1.      -1.            1.
 
  2006          -1.      -1.      -1.      -2.      -2.      -2.
                -1.      -1.      -1.      -1.      -0.      -0.           -1.
 
  2007           0.       1.       1.       2.       2.       2.
                 1.       1.       1.       0.      -0.      -0.            1.
 
  2008          -1.      -1.      -1.      -1.      -2.      -2.
                -2.      -2.      -2.      -2.      -1.      -1.           -1.
 
  2009          -1.      -0.       0.       0.       1.       1.
                 1.       1.       1.       1.       1.       1.            1.
 
  2010           0.       0.      -0.      -0.      -1.      -1.
                -0.      -0.      -0.      -0.      -0.      -0.           -0.
 
  2011          -0.      -1.      -1.      -1.      -1.      -1.
                -1.      -1.      -0.       1.       1.       2.           -0.
 
  2012           2.       2.       1.       1.      -0.      -1.
                -1.      -1.      -1.      -1.      -1.       0.           -0.
 
  2013           1.       2.       3.       4.       4.       3.
                 3.       2.       1.      -0.      -1.      -2.            2.
 
  2014          -3.      -3.      -3.      -2.      -1.      -0.
                 1.       1.       1.       0.      -0.      -0.           -1.
 
  2015          -1.      -1.      -1.      -1.      -1.      -1.
                -1.      -0.       0.       0.       1.       1.           -1.
 
  2016           1.       2.       2.       2.       1.       1.
                 1.       0.      -0.      -1.      -1.      -1.            1.
 
  2017          -1.      -1.      -1.      -1.      -1.      -0.
                -0.       0.       1.       1.       1.       1.           -0.
 
  2018           1.       1.       0.      -0.      -0.      -0.
                -0.      -0.      -0.       0.       0.       0.            0.
 
  2019           0.       0.       0.       0.       0.       0.
                 0.       0.       0.       0.       0.       0.            0.
 
  2020           0.       0.       0.       0.       0.       0.
                 0.       0.       0.       1.       1.       1.            0.
 
  2021           1.       1.       1.       1.       1.       0.
                 0.      -0.      -1.      -1.      -1.      -2.            0.
 
  2022          -2.      -2.      -2.      -2.      -2.      -2.
                -2.      -2.      -1.      -1.      -0.       0.           -1.
 
  2023           1.       1.       1.       1.       1.       1.
                 1.       0.       0.      -0.      -1.      -1.            0.
 
  2024          -1.      -1.      -1.      -1.      -0.       0.
                 1.       1.       1.       1.       1.       1.            0.
 
  2025           0.      -0.      -0.      -1.      -1.      -1.
                -1.      -1.      -1.      -0.       0.       0.           -0.
 
  2026           1.       1.       1.       1.       1.       1.
                                                                            1.
 
  AVGE          -0.      -0.      -0.      -0.      -0.      -0.
                -0.      -0.      -0.      -0.      -0.      -0.

  Table Total-         -23.   Mean-        -0.   Std. Dev.-         1.
                              Min -        -3.        Max -         4.
        bps_permits 36980            PAGE  18, SERIES bps_permits_addi

 E 8  Month-to-month differences in original series adjusted for calendar factors (A18)
  From  2004.Feb to 2026.Jun
  Observations        269
 -----------------------------------------------------------------------------
               Jan      Feb      Mar      Apr      May      Jun 
               Jul      Aug      Sep      Oct      Nov      Dec         AVGE  
 -----------------------------------------------------------------------------
  2004                   19.     -10.      -6.       3.       3.
                -3.      -7.       1.      -3.      -5.      -2.           -1.
 
  2005          -5.      17.      -8.      22.      -4.      -9.
                11.      -9.       1.       7.      -5.      -6.            1.
 
  2006         -10.       1.       7.       0.      -4.      14.
                -6.      -3.     -13.      -2.       6.      -2.           -1.
 
  2007          -7.       3.       6.       7.      -6.       6.
                64.     -55.      10.     -22.      15.     -24.           -0.
 
  2008          -1.      -3.      26.     -21.      41.     -21.
               -11.      -4.       1.      -8.      -8.       0.           -1.
 
  2009           2.       1.       7.      -3.       3.      -5.
                14.      -2.       2.     -11.      -2.      10.            1.
 
  2010          -4.      -4.      11.      -7.       0.       3.
                57.     -50.     -11.       1.       2.     -11.           -1.
 
  2011           3.       5.      -6.       8.      -7.       7.
                -2.      52.     -58.      -6.       9.       1.            1.
 
  2012          -6.       3.       3.       1.      20.     -10.
                -6.       0.       0.      -5.      -3.       2.           -0.
 
  2013           2.      -7.       0.      12.       4.      -2.
                 4.      17.      32.     130.    -203.       4.           -1.
 
  2014          -4.       5.       4.      -1.      21.     -10.
                -1.      -7.      48.     -17.     -14.     -20.            0.
 
  2015          -1.      -1.       4.      -1.       8.      -3.
                 4.      -2.       7.      -1.     -10.      -7.           -0.
 
  2016          -3.      17.      -2.      -8.       8.       7.
                11.     -17.      67.     -74.      33.     -40.           -0.
 
  2017           5.      -3.       9.      -7.      11.       1.
                -7.      -4.      22.     -22.      10.       1.            1.
 
  2018         -15.      23.     -11.     -10.       9.       2.
                 0.       6.     -15.      11.     -12.      -4.           -1.
 
  2019           8.       8.      -1.      -2.       2.      -5.
                28.     -18.       4.     -13.       3.      -7.            1.
 
  2020           8.      -6.      10.      18.     -24.       9.
                -9.      -1.      28.     -24.       0.     -12.           -0.
 
  2021          14.      -2.      10.      -5.       1.       8.
                 0.       5.     -23.       1.       2.      13.            2.
 
  2022         -17.      14.      -7.      -3.      -6.       0.
               -10.      15.       9.     -21.      -7.       0.           -3.
 
  2023           3.      48.     -40.       3.      -2.       1.
               -14.      24.      43.     -53.      -3.      -4.            1.
 
  2024           6.      -7.       2.       4.       1.       2.
                -9.       4.       3.       6.      12.     -10.            1.
 
  2025         -14.       2.      12.     -10.       0.       3.
                57.     -56.       3.      -8.      -4.      -3.           -1.
 
  2026           0.       5.       7.       4.     -13.      20.
                                                                            4.
 
  AVGE          -2.       6.       1.      -0.       3.       1.
                 8.      -5.       7.      -6.      -8.      -5.

  Table Total-          -1.   Mean-        -0.   Std. Dev.-        22.
                              Min -      -203.        Max -       130.
        bps_permits 36980            PAGE  19, SERIES bps_permits_addi

 E 18  Final adjustment ratios
  From  2004.Jan to 2026.Jun
  Observations        270
 -----------------------------------------------------------------------------
               Jan      Feb      Mar      Apr      May      Jun 
               Jul      Aug      Sep      Oct      Nov      Dec         AVGE  
 -----------------------------------------------------------------------------
  2004       71.995   97.753   94.169  106.825  104.703  115.096
            128.860  110.633  103.465   97.822  102.198   80.363       101.157
 
  2005       57.794   93.799   93.833  104.576  103.291  119.370
            122.599  109.381  105.309   97.938  100.817   85.341        99.504
 
  2006       67.096   86.148   97.969  107.497  104.378  114.372
            131.520  112.546  117.277   91.489   99.669   79.289       100.771
 
  2007       58.418   74.634  104.776  105.229  102.516  121.214
            109.905  112.970  106.930   91.572   97.700   77.203        96.922
 
  2008       66.946   69.097  104.729  106.899   99.952  112.348
            141.156  128.299  116.406   83.778   88.980   64.936        98.627
 
  2009       60.727   66.119  112.464  101.697  103.205  143.130
            134.214  127.010  112.947   83.304   89.183   84.369       101.531
 
  2010       78.394   76.740  101.767   99.042  107.229  112.373
            107.097  121.778  133.911   92.532   95.414   76.472       100.229
 
  2011       73.147   77.566   87.881   93.073  122.433  109.031
            118.305  107.216  223.191  126.159  103.493   82.145       110.303
 
  2012       67.224   69.229   78.127   86.852  109.334  102.381
            108.012  121.415  211.963  144.217  122.189   77.696       108.220
 
  2013       70.073   60.416   65.059   82.970  116.572  102.929
            105.424  105.106  125.387  104.720  266.401   60.732       105.482
 
  2014       41.577   56.726   68.488   69.473  111.380  102.261
            108.316  105.051  141.220  128.814  117.290   64.217        92.901
 
  2015       55.046   60.869   73.090   66.078  114.573  105.533
            113.462   98.390  297.587  158.254  132.524   54.878       110.857
 
  2016       43.773   80.711   84.316   66.515  109.393  105.512
            109.704  100.084  124.536  172.208  106.353   52.356        96.288
 
  2017       59.893   80.193   91.327   66.790  104.894  109.336
            123.940  101.726  175.391  133.860  103.945   72.214       101.959
 
  2018       59.433   95.158   99.579   70.641  101.642  111.238
            113.447  105.395 5504.323  100.607   94.721   52.069       542.354
 
  2019       74.551   98.159  105.090   84.584   98.330  114.064
            102.795  110.285  187.786   92.650   89.794   63.112       101.767
 
  2020       83.253   98.408  106.634   95.248   96.810  107.069
            100.947  125.886  146.849   89.090   85.852   59.679        99.644
 
  2021       86.810   99.475  105.509   97.335   96.180  105.019
             97.527  112.248  373.833   89.377   83.545   80.434       118.941
 
  2022       83.598   96.210  106.444   99.814   94.239  110.976
             90.464  125.134  191.687   83.349   53.638   43.078        98.219
 
  2023       64.269   96.620  109.321  101.803   91.238  114.549
             85.551  118.496  126.846   95.280   75.207   64.409        95.299
 
  2024       74.741   80.024  109.557  102.687   90.141  114.767
            106.046  138.651  396.640  101.506   88.080   81.616       123.704
 
  2025       64.343   78.921  103.187  103.693   87.618  122.099
            102.130  117.458  216.609  113.607   71.779   59.622       103.422
 
  2026       52.716   73.310  104.285  100.778   82.928  115.401
                                                                        88.236
 
  AVGE       65.905   81.143   95.983   92.178  102.303  112.612
            111.883  114.325  420.004  107.824  103.126   68.920

  Table Total-       33027.   Mean-       122.   Std. Dev.-       331.
                              Min -        42.        Max -      5504.

 E 18.A  Final adjustment ratio forecasts
  From  2026.Jul to 2027.Jun
  Observations         12
 -----------------------------------------------------------------------------
               Jan      Feb      Mar      Apr      May      Jun 
               Jul      Aug      Sep      Oct      Nov      Dec         AVGE  
 -----------------------------------------------------------------------------
  2026                                                          
            109.025  110.475  158.240  109.538   80.964   69.855       106.350
 
  2027       58.022   76.880  106.783   99.987   88.856  127.218
                                                                        92.958
 

  QS statistic for seasonality:
  Original Series                                     0.00  (P-Value =     1.0000)
  Original Series (EV adj)                            0.00  (P-Value =     1.0000)
  Residuals                                           0.07  (P-Value =     0.9658)
  Seasonally Adjusted Series                          0.00  (P-Value =     1.0000)
  Seasonally Adjusted Series (EV adj)                 0.00  (P-Value =     1.0000)
  Irregular Series                                    0.00  (P-Value =     1.0000)
  Irregular Series (EV adj)                           0.00  (P-Value =     1.0000)

  QS statistic for seasonality (starting 2018.Jul):
  Original Series                                     0.03  (P-Value =     0.9827)
  Original Series (EV adj)                            0.03  (P-Value =     0.9827)
  Residuals                                           0.01  (P-Value =     0.9968)
  Seasonally Adjusted Series                          0.00  (P-Value =     1.0000)
  Seasonally Adjusted Series (EV adj)                 0.00  (P-Value =     1.0000)
  Irregular Series                                    0.00  (P-Value =     1.0000)
  Irregular Series (EV adj)                           0.00  (P-Value =     1.0000)


 WARNING: Series should not be a candidate for seasonal adjustment
          because the spectrum of the original series (Table A1 or B1)
          has no visually significant seasonal peaks.

          If this is a component series of an indirectly adjusted
          composite series, consider using type = trend or type = summary
          in the x11 spec.
        bps_permits 36980            PAGE  20, SERIES bps_permits_addi
 G 0  10*LOG(SPECTRUM) of the differenced Original Series
      (Table A1 or B1).  Spectrum estimated from 2018.Jul to 2026.Jun.
 ++++++++++I+++++++++++++++++++++++++++++++++++++++++++++++++++++++++++++I
      32.22I                                 *                           I     32.22
           I                                 *                           I
           I                                 *                           I
           I                                 *                           I
      30.03I                                 *                           I     30.03
           I                                 *                    *   *  I
           I                                 *                    *   *  I
           I                                 *                    *   *  I
      27.84I                                 *    *           S  **   *  I     27.84
           I                 *               *    *   T       S  **   *  I
           I                 *               *    *   T       S  **   *  I
           I                 *          *    *    *   T      *S  **   *  I
      25.65I                 *          **   *    *  *T      *S  **   *  I     25.65
           I                 *  S    *  **   *    ** *T      *S  **   *  I
           I                 *  S    *  **   *    ** *T*     *S  **  **  I
           I                 *  S    ** **   *    **S*T**    *S  **  **  I
      23.46I                 *  S    ** **  **    **S*T**    *S* **  **  I     23.46
           I                 ** S    ** **  **    **S*T***   *S*T**  *** I
           I                 ***S    *****  **    **S*T***   *S*T*** *** I
           I                 ***S*   *****  **   ***S*T***   *S*T*** *** I
      21.28I                 ***S*   *****  **   ***S*T***   *S*T******* I     21.28
           I           *    ****S*   *****  ***  ***S*T**** **S*T*******SI
           I           *    ****S*  ******S ***  ***S*T**** **S*T*******SI
           I           *    ****S*  ******S****  ***S*T**** **S*T*******SI
      19.09I           *    ****S*  ******S****  ***S*T*******S*T*******SI     19.09
           I           *    ****S*  ******S****  ***S*T*******S*T*******SI
           I          S*    ****S** ******S****  ***S*T*******S*T*******SI
           I          S*    ****S*********S*********S*T*******S*T*******SI
      16.90I          S**   ****S*********S*********S*T*******S*T*******SI     16.90
           I          S**   ****S*********S*********S*T*******S*T*******SI
           I          S**  *****S*********S*********S*T*******S*T*******SI
           I      *   S**  *****S*********S*********S*T*******S*T*******SI
      14.71I      *   S**  *****S*********S*********S*T*******S*T*******SI     14.71
           I      *   S*********S*********S*********S*T*******S*T*******SI
           I      *  *S*********S*********S*********S*T*******S*T*******SI
           I      *  *S*********S*********S*********S*T*******S*T*******SI
      12.52I      *  *S*********S*********S*********S*T*******S*T*******SI     12.52
           I     *** *S*********S*********S*********S*T*******S*T*******SI
           I     *****S*********S*********S*********S*T*******S*T*******SI
           I     *****S*********S*********S*********S*T*******S*T*******SI
      10.33I     *****S*********S*********S*********S*T*******S*T*******SI     10.33
           I     *****S*********S*********S*********S*T*******S*T*******SI
           I     *****S*********S*********S*********S*T*******S*T*******SI
           I     *****S*********S*********S*********S*T*******S*T*******SI
       8.15I     *****S*********S*********S*********S*T*******S*T*******SI      8.15
           I     *****S*********S*********S*********S*T*******S*T*******SI
           I    ******S*********S*********S*********S*T*******S*T*******SI
           I    ******S*********S*********S*********S*T*******S*T*******SI
       5.96I    ******S*********S*********S*********S*T*******S*T*******SI      5.96
           I    ******S*********S*********S*********S*T*******S*T*******SI
           I    ******S*********S*********S*********S*T*******S*T*******SI
           I*  *******S*********S*********S*********S*T*******S*T*******SI
       3.77I**********S*********S*********S*********S*T*******S*T*******SI      3.77
 ++++++++++I+++++++++++++++++++++++++++++++++++++++++++++++++++++++++++++I
            S=SEASONAL FREQUENCIES, T=TRADING DAY FREQUENCIES
        bps_permits 36980            PAGE  21, SERIES bps_permits_addi
 G 1  10*LOG(SPECTRUM) of the differenced seasonally adjusted 
      data (Table E2).  Spectrum estimated from 2018.Jul to 2026.Jun.
 ++++++++++I+++++++++++++++++++++++++++++++++++++++++++++++++++++++++++++I
      21.88I                                                         *   I     21.88
           I                                                         *   I
           I                                           *             *   I
           I                                           *             *   I
      20.27I                                           *             *   I     20.27
           I                                    *     T*             *   I
           I                                    *     T*    *        *   I
           I                                    *     T*   **        **  I
      18.65I                                    *     T*   **        **  I     18.65
           I                                    *     T** ***        **  I
           I                                   **     T******     *  **  I
           I                                   **     T******     *  **  I
      17.03I                        *          **     T******     *  **  I     17.03
           I                        *          **     T******     *  **  I
           I                       **          **     T*******    *  **  I
           I                       **          **     T*******    * ***  I
      15.42I                       **          **     T*******   ******  I     15.42
           I                  *    ** *     *  **     T*******   ******  I
           I                  *    *****    * ***     T*******   ******  I
           I                  *    *****   ******     T*******   ******  I
      13.80I                 **    *****   *******   *T*******   ******  I     13.80
           I                 **    *****   *******   *T*******   ******  I
           I              *  **    *****   *******   *T*******   ******  I
           I              *  **    ******  *******   *T*******S  ******* I
      12.18I              *  **    ****** S*******   *T*******S T******* I     12.18
           I      *       *  **    ****** S*******   *T*******S T******* I
           I      *       *  **    *******S*******   *T*******S*T******* I
           I      *       *  **    *******S*******  S*T*******S*T*******SI
      10.56I      **     **  **    *******S*******  S*T*******S*T*******SI     10.56
           I      **     **  **   ********S******** S*T*******S*T*******SI
           I     ***     **  **   ********S******** S*T*******S*T*******SI
           I    ****     ******   ********S*********S*T*******S*T*******SI
       8.95I   *****     *******  ********S*********S*T*******S*T*******SI      8.95
           I   *****     *******  ********S*********S*T*******S*T*******SI
           I   *****     *******  ********S*********S*T*******S*T*******SI
           I   *****     *******  ********S*********S*T*******S*T*******SI
       7.33I   *****     *******  ********S*********S*T*******S*T*******SI      7.33
           I   *****     ******* *********S*********S*T*******S*T*******SI
           I  ******     *******S*********S*********S*T*******S*T*******SI
           I  ******     *******S*********S*********S*T*******S*T*******SI
       5.71I  ******     *******S*********S*********S*T*******S*T*******SI      5.71
           I  *******    *******S*********S*********S*T*******S*T*******SI
           I  *******    *******S*********S*********S*T*******S*T*******SI
           I  *******   ********S*********S*********S*T*******S*T*******SI
       4.10I ********   ********S*********S*********S*T*******S*T*******SI      4.10
           I ********   ********S*********S*********S*T*******S*T*******SI
           I*********   ********S*********S*********S*T*******S*T*******SI
           I*********   ********S*********S*********S*T*******S*T*******SI
       2.48I*********   ********S*********S*********S*T*******S*T*******SI      2.48
           I*********   ********S*********S*********S*T*******S*T*******SI
           I**********  ********S*********S*********S*T*******S*T*******SI
           I********** *********S*********S*********S*T*******S*T*******SI
       0.86I**********S*********S*********S*********S*T*******S*T*******SI      0.86
 ++++++++++I+++++++++++++++++++++++++++++++++++++++++++++++++++++++++++++I
            S=SEASONAL FREQUENCIES, T=TRADING DAY FREQUENCIES
        bps_permits 36980            PAGE  22, SERIES bps_permits_addi
 G 2  10*LOG(SPECTRUM) of the Modified Irregular (Table E3).  
      Spectrum estimated from 2018.Jul to 2026.Jun.
 ++++++++++I+++++++++++++++++++++++++++++++++++++++++++++++++++++++++++++I
      16.92I                                                             I     16.92
           I              *                                              I
           I              *   *                        *                 I
           I              *   *     *                  *                 I
      15.20I              *   *     *                  *             *   I     15.20
           I              *  **     *          **     T*             *   I
           I              *  **    **          **     T*    *        *   I
           I              *  **    **          **     T*   **        *   I
      13.47I              *  **    ***         **     T*  ***        **  I     13.47
           I             **  **    ****        **     T*  ***        **  I
           I             **  **    ****        **     T******     *  **  I
           I             *** **    ****        **     T******     *  **  I
      11.75I             *** **    *****       **     T******     *  **  I     11.75
           I             ******    *****    * ***     T******     *  **  I
           I             ******    *****   ** ***     T*******    *  **  I
           I             ******    *****   ******     T*******    *  **  I
      10.02I             ******    *****   ******     T*******    *****  I     10.02
           I             ******    *****   ******     T*******    *****  I
           I             *******  ******* S*******    T*******   ******  I
           I             *******  ******* S*******   *T*******   ******  I
       8.29I             *******  ********S*******   *T*******   ******  I      8.29
           I       **    *******  ********S*******   *T*******   ******  I
           I       **   ********  ********S*******   *T*******S  ******  I
           I       **   ********  ********S*******   *T*******S  ******* I
       6.57I       **   ********S*********S*******   *T*******S  ******* I      6.57
           I       **   ********S*********S*******   *T*******S T******* I
           I       **   ********S*********S******** S*T*******S*T******* I
           I       **   ********S*********S******** S*T*******S*T*******SI
       4.84I      ****  ********S*********S*********S*T*******S*T*******SI      4.84
           I      **** *********S*********S*********S*T*******S*T*******SI
           I      **** *********S*********S*********S*T*******S*T*******SI
           I      ****S*********S*********S*********S*T*******S*T*******SI
       3.12I     *****S*********S*********S*********S*T*******S*T*******SI      3.12
           I    ******S*********S*********S*********S*T*******S*T*******SI
           I    ******S*********S*********S*********S*T*******S*T*******SI
           I    ******S*********S*********S*********S*T*******S*T*******SI
       1.39I    ******S*********S*********S*********S*T*******S*T*******SI      1.39
           I    ******S*********S*********S*********S*T*******S*T*******SI
           I   *******S*********S*********S*********S*T*******S*T*******SI
           I   *******S*********S*********S*********S*T*******S*T*******SI
      -0.33I   *******S*********S*********S*********S*T*******S*T*******SI     -0.33
           I   *******S*********S*********S*********S*T*******S*T*******SI
           I   *******S*********S*********S*********S*T*******S*T*******SI
           I   *******S*********S*********S*********S*T*******S*T*******SI
      -2.06I   *******S*********S*********S*********S*T*******S*T*******SI     -2.06
           I  ********S*********S*********S*********S*T*******S*T*******SI
           I  ********S*********S*********S*********S*T*******S*T*******SI
           I  ********S*********S*********S*********S*T*******S*T*******SI
      -3.79I  ********S*********S*********S*********S*T*******S*T*******SI     -3.79
           I  ********S*********S*********S*********S*T*******S*T*******SI
           I  ********S*********S*********S*********S*T*******S*T*******SI
           I *********S*********S*********S*********S*T*******S*T*******SI
      -5.51I**********S*********S*********S*********S*T*******S*T*******SI     -5.51
 ++++++++++I+++++++++++++++++++++++++++++++++++++++++++++++++++++++++++++I
            S=SEASONAL FREQUENCIES, T=TRADING DAY FREQUENCIES
        bps_permits 36980            PAGE  23, SERIES bps_permits_addi

  Peak probabilities for Tukey spectrum estimator
  Spectrum estimated from 2018.Jul to 2026.Jun.

                                          S1       S2       S3       S4       S5       S6       TD
                                        ------   ------   ------   ------   ------   ------   ------
  Model Residuals                        0.318    0.973*   0.750    0.246    0.281    0.643    0.265  
  Original Series (Table A1 or B1)       0.613    0.841    0.014    0.322    0.942*   0.236    0.629  
  Seasonally adjusted series (E2)        0.190    0.046    0.401    0.241    0.061    0.129    0.973* 
  Modified Irregular (E3)                0.137    0.041    0.367    0.306    0.075    0.140    0.978* 
  ----------
     ** - Peak Probability > 0.99,
      * - 0.90 < Peak Probability < 0.99


