  Reading input spec file from D:\Programming\Dynamic Paper-dlrhcs_replication\outputs\empirical\unemployment\raw_sa_pilot\x13_work\bps_permits_additive_level_45820_200401_202606.spc

1

               U. S. Department of Commerce, U. S. Census Bureau

              X-13ARIMA-SEATS monthly seasonal adjustment Method,
                          Release Version 1.1 Build 62


           This software application provides an enhanced version of
             Statistics Canada's X-11-ARIMA extension (Dagum, 1980)
                 of the X-11 variant of the Census Method II of
                      Shiskin, Young and Musgrave (1967).

            It also provides an ARIMA model-based method following
       Hillmer and Tiao (1982) and Burman (1980) that is very similar
       to the update of the method of SEATS (Gomez and Maravall, 1996)
                produced at the Bank of Spain by G. Caporello and
               A. Maravall for TSW (Caporello and Maravall, 2004).
          The present application includes additional enhancements.

         X-13ARIMA-SEATS includes an automatic ARIMA model selection procedure
          based largely on the procedure of Gomez and Maravall (1998)
            as implemented in TRAMO (1996) and subsequent revisions.

              Primary Programmers: Brian Monsell, Mark Otto and,
                 for the ARIMA model-based signal extraction,
                      Gianluca Caporello and Victor Gomez


     Series Title- bps_permits 45820
     Series Name- bps_permits_addi
     Jul 29, 2026  08.35.14 

        -Period covered-  1st month,2004 to  6th month,2026
        -Type of run - additive seasonal adjustment

        -Sigma limits for graduating extreme values are  1.5 and  2.5 .
        -3x3 moving average used in section 1 of each iteration, 
         3x5 moving average in section 2 of iterations B and C,
         moving average for final seasonal factors chosen by Global MSR.
        -Holiday adjustment factors applied directly to the final seasonally adjusted series
        -Spectral plots generated for selected series
        -Spectral plots generated for series starting in 2018.Jul

 FILE SAVE REQUESTS (* indicates file exists and will be overwritten)
  D:\Programming\Dynamic Paper-dlrhcs_replication\outputs\empirical\unemployment\raw_sa_pilot\x13_work\bps_permits_additive_level_45820_200401_202606.d10  final seasonal factors
  D:\Programming\Dynamic Paper-dlrhcs_replication\outputs\empirical\unemployment\raw_sa_pilot\x13_work\bps_permits_additive_level_45820_200401_202606.d11  final seasonally adjusted data
  D:\Programming\Dynamic Paper-dlrhcs_replication\outputs\empirical\unemployment\raw_sa_pilot\x13_work\bps_permits_additive_level_45820_200401_202606.out  program output file
  D:\Programming\Dynamic Paper-dlrhcs_replication\outputs\empirical\unemployment\raw_sa_pilot\x13_work\bps_permits_additive_level_45820_200401_202606.err  program error file
        bps_permits 45820            PAGE   1, SERIES bps_permits_addi

     Contents of spc file D:\Programming\Dynamic Paper-dlrhcs_replication\outputs\empirical\unemployment\raw_sa_pilot\x13_work\bps_permits_additive_level_45820_200401_202606.spc

 Line #
 ------
      1: series {
      2:   title = "bps_permits 45820"
      3:   start = 2004.1
      4:   period = 12
      5:   data = (
      6: 40
      7: 242
      8: 98
      9: 105
     10: 63
     11: 102
     12: 95
     13: 94
     14: 87
     15: 100
     16: 81
     17: 68
     18: 38
     19: 70
     20: 109
     21: 111
     22: 124
     23: 89
     24: 87
     25: 144
     26: 94
     27: 79
     28: 77
     29: 65
     30: 64
     31: 64
     32: 56
     33: 91
     34: 51
     35: 70
     36: 77
     37: 76
     38: 44
     39: 48
     40: 76
     41: 29
     42: 62
     43: 32
     44: 187
     45: 66
     46: 64
     47: 93
     48: 64
     49: 52
     50: 45
     51: 51
     52: 47
     53: 176
     54: 129
     55: 30
     56: 37
     57: 53
     58: 36
     59: 26
     60: 33
     61: 38
     62: 46
     63: 32
     64: 31
     65: 17
     66: 16
     67: 13
     68: 35
     69: 20
     70: 38
     71: 66
     72: 20
     73: 76
     74: 27
     75: 53
     76: 23
     77: 79
     78: 19
     79: 8
     80: 35
     81: 35
     82: 31
     83: 21
     84: 28
     85: 22
     86: 19
     87: 28
     88: 100
     89: 16
     90: 13
     91: 18
     92: 27
     93: 26
     94: 17
     95: 21
     96: 26
     97: 12
     98: 17
     99: 27
    100: 17
    101: 19
    102: 13
    103: 12
    104: 19
    105: 21
    106: 29
    107: 44
    108: 36
    109: 30
    110: 19
    111: 47
    112: 22
    113: 13
    114: 14
    115: 20
    116: 19
    117: 30
    118: 34
    119: 17
    120: 25
    121: 24
    122: 18
    123: 37
    124: 26
    125: 16
    126: 12
    127: 11
    128: 31
    129: 24
    130: 25
    131: 16
    132: 33
    133: 33
    134: 40
    135: 18
    136: 23
    137: 24
    138: 13
    139: 11
    140: 43
    141: 33
    142: 22
    143: 35
    144: 26
    145: 34
    146: 29
    147: 34
    148: 13
    149: 11
    150: 16
    151: 18
    152: 21
    153: 28
    154: 24
    155: 37
    156: 20
    157: 36
    158: 22
    159: 32
    160: 35
    161: 32
    162: 22
    163: 28
    164: 22
    165: 29
    166: 30
    167: 25
    168: 23
    169: 21
    170: 23
    171: 21
    172: 26
    173: 15
    174: 10
    175: 18
    176: 26
    177: 31
    178: 32
    179: 27
    180: 25
    181: 22
    182: 36
    183: 16
    184: 23
    185: 10
    186: 24
    187: 13
    188: 15
    189: 49
    190: 13
    191: 29
    192: 28
    193: 12
    194: 15
    195: 28
    196: 23
    197: 13
    198: 18
    199: 17
    200: 26
    201: 162
    202: 24
    203: 39
    204: 29
    205: 28
    206: 36
    207: 33
    208: 35
    209: 14
    210: 26
    211: 16
    212: 40
    213: 31
    214: 114
    215: 24
    216: 27
    217: 38
    218: 206
    219: 27
    220: 44
    221: 22
    222: 14
    223: 21
    224: 46
    225: 40
    226: 41
    227: 25
    228: 39
    229: 25
    230: 53
    231: 21
    232: 29
    233: 14
    234: 18
    235: 20
    236: 25
    237: 33
    238: 44
    239: 26
    240: 29
    241: 26
    242: 64
    243: 48
    244: 20
    245: 23
    246: 19
    247: 26
    248: 52
    249: 34
    250: 32
    251: 23
    252: 41
    253: 28
    254: 31
    255: 45
    256: 20
    257: 36
    258: 17
    259: 24
    260: 35
    261: 78
    262: 281
    263: 22
    264: 30
    265: 32
    266: 31
    267: 32
    268: 27
    269: 25
    270: 12
    271: 24
    272: 20
    273: 87
    274: 213
    275: 30
    276:   )
    277: }
    278: transform { function = none }
    279: regression { aictest = (td easter) }
    280: automdl {}
    281: x11 { mode = add save = (d10 d11) }
        bps_permits 45820            PAGE   2, SERIES bps_permits_addi

 A 1  Time series data (for the span analyzed)
  From  2004.Jan to 2026.Jun
  Observations        270
 -----------------------------------------------------------------------------
               Jan      Feb      Mar      Apr      May      Jun 
               Jul      Aug      Sep      Oct      Nov      Dec        TOTAL  
 -----------------------------------------------------------------------------
  2004          40.     242.      98.     105.      63.     102.
                95.      94.      87.     100.      81.      68.         1175.
 
  2005          38.      70.     109.     111.     124.      89.
                87.     144.      94.      79.      77.      65.         1087.
 
  2006          64.      64.      56.      91.      51.      70.
                77.      76.      44.      48.      76.      29.          746.
 
  2007          62.      32.     187.      66.      64.      93.
                64.      52.      45.      51.      47.     176.          939.
 
  2008         129.      30.      37.      53.      36.      26.
                33.      38.      46.      32.      31.      17.          508.
 
  2009          16.      13.      35.      20.      38.      66.
                20.      76.      27.      53.      23.      79.          466.
 
  2010          19.       8.      35.      35.      31.      21.
                28.      22.      19.      28.     100.      16.          362.
 
  2011          13.      18.      27.      26.      17.      21.
                26.      12.      17.      27.      17.      19.          240.
 
  2012          13.      12.      19.      21.      29.      44.
                36.      30.      19.      47.      22.      13.          305.
 
  2013          14.      20.      19.      30.      34.      17.
                25.      24.      18.      37.      26.      16.          280.
 
  2014          12.      11.      31.      24.      25.      16.
                33.      33.      40.      18.      23.      24.          290.
 
  2015          13.      11.      43.      33.      22.      35.
                26.      34.      29.      34.      13.      11.          304.
 
  2016          16.      18.      21.      28.      24.      37.
                20.      36.      22.      32.      35.      32.          321.
 
  2017          22.      28.      22.      29.      30.      25.
                23.      21.      23.      21.      26.      15.          285.
 
  2018          10.      18.      26.      31.      32.      27.
                25.      22.      36.      16.      23.      10.          276.
 
  2019          24.      13.      15.      49.      13.      29.
                28.      12.      15.      28.      23.      13.          262.
 
  2020          18.      17.      26.     162.      24.      39.
                29.      28.      36.      33.      35.      14.          461.
 
  2021          26.      16.      40.      31.     114.      24.
                27.      38.     206.      27.      44.      22.          615.
 
  2022          14.      21.      46.      40.      41.      25.
                39.      25.      53.      21.      29.      14.          368.
 
  2023          18.      20.      25.      33.      44.      26.
                29.      26.      64.      48.      20.      23.          376.
 
  2024          19.      26.      52.      34.      32.      23.
                41.      28.      31.      45.      20.      36.          387.
 
  2025          17.      24.      35.      78.     281.      22.
                30.      32.      31.      32.      27.      25.          634.
 
  2026          12.      24.      20.      87.     213.      30.
                                                                          386.
 
  AVGE          27.      33.      45.      53.      60.      39.
                38.      41.      46.      39.      37.      34.

  Table Total-       11073.   Mean-        41.   Std. Dev.-        37.
                              Min -         8.        Max -       281.
        bps_permits 45820            PAGE   3, SERIES bps_permits_addi
                        Automatic ARIMA Model Selection

                    Procedure based closely on TRAMO method 
                         of Gomez and Maravall (2000)
              "Automatic Modeling Methods for Univariate Series",
                            A Course in Time Series
                  (Edited by D. Pena, G. C. Tiao, R. S. Tsay),
                         New York : J. Wiley and Sons


     Maximum order for regular ARMA parameters :   2
     Maximum order for seasonal ARMA parameters :   1
     Maximum order for regular differencing :   2
     Maximum order for seasonal differencing :   1

   Results of Unit Root Test for identifying orders of differencing:
     Regular difference order :   0
     Seasonal difference order :   0

  Automatic model choice : (1 0 1)(1 0 0)
   Model changed to 
   ( 0, 1, 1) ( 0, 1, 1)


  Final Checks for Identified Model


  Checking for Unit Roots.
   No unit roots found.

  Checking for nonseasonal overdifferencing.
   Nonseasonal MA not within  0.001 of 1.0 - model passes test.

  Checking for insignificant ARMA coefficients.

  Final automatic model choice : (0 1 1)(0 1 1)
   End of automatic model selection procedure.

 Average absolute percentage error in within-sample forecasts:
  Last year:  89.14      Last-1 year:  55.65     Last-2 year:  53.57
  Last three years:   66.12

 Estimation converged in   11 ARMA iterations,   52 function evaluations.

 Regression Model
 ------------------------------------------------------------------------------
                             Parameter        Standard
 Variable                     Estimate           Error      t-value
 ------------------------------------------------------------------------------
 Constant                       0.0792         0.02177         3.64
 ------------------------------------------------------------------------------


 ARIMA Model:  (0 1 1)(0 1 1)
   Nonseasonal differences: 1
   Seasonal differences:    1
                                              Standard
 Parameter                    Estimate          Errors
 -----------------------------------------------------
 Nonseasonal MA                                    
   Lag  1                       0.9697         0.01686

 Seasonal MA                                       
   Lag 12                       0.7481         0.05020

 Variance                       0.10026E+04
 SE of Var                      0.88447E+02
 -----------------------------------------------------

 Likelihood Statistics
 ------------------------------------------------------------------
 Number of observations (nobs)                                  270
 Effective number of observations (nefobs)                      257
 Number of parameters estimated (np)                              4
 Log likelihood (L)                                      -1259.7061
 AIC                                                      2527.4123 
 AICC (F-corrected-AIC)                                   2527.5710 
 Hannan Quinn                                             2533.1213 
 BIC                                                      2541.6086 
 ------------------------------------------------------------------

 QS Statistic for regARIMA Model Residuals (full series):             0.18
                                                       (P-Value =     0.9138)

 QS Statistic for regARIMA Model Residuals (starting 2018.Jul):       1.89
                                                       (P-Value =     0.3885)
      10*LOG(SPECTRUM) of the regARIMA model residuals
      Spectrum estimated from 2018.Jul to 2026.Jun.
 ++++++++++I+++++++++++++++++++++++++++++++++++++++++++++++++++++++++++++I
      34.99I       *                                                     I     34.99
           I       **                                                    I
           I       **                                                *   I
           I       **                                         S      *   I
      34.11I       **                                         S      *   I     34.11
           I       **             *                           S      *   I
           I       **            **                           S      *   I
           I       **            **                    *      S      *   I
      33.23I       **            **               *    *     *S      *   I     33.23
           I       **            **    *          *   T*     *S      *   I
           I       **           S**    *        ***   T*     *S      **  I
           I  *    ***          S**    **       ****  T*     *S      **  I
      32.34I  *    ***          S**    **      *****  T*     *S      **  I     32.34
           I  *    ***S         S**    **      *****  T*     *S*    ***  I
           I  *    ***S        *S**    **      *****  T*     *S*    ***  I
           I  *    ***S        *S***   **      *****  T*     *S*    ***  I
      31.46I  *    ***S*       *S***   ***     *****  T*     *S*    ***  I     31.46
           I  *    ***S*       *S***   ***S    *****  T*     *S*    ***  I
           I  *    ***S*       *S***   ***S    *****S T*     *S*    ***  I
           I  *    ***S*       *S***  ****S*  ******S*T*     *S*T   ***  I
      30.58I  *    ***S*       *S***  ****S*  ******S*T*     *S*T   ***  I     30.58
           I  **   ***S**     **S***  ****S*  ******S*T*     *S*T   ***  I
           I  **  ****S**     **S***  ****S*  ******S*T*     *S*T  ***** I
           I  **  ****S**     **S***  ****S** ******S*T*     *S*T* ***** I
      29.70I ***  ****S***    **S***  ****S*********S*T*     *S*T* ***** I     29.70
           I ***  ****S****   **S**** ****S*********S*T*     *S*T******* I
           I ***  ****S****   **S**** ****S*********S*T*     *S*T*******SI
           I ***  ****S****   **S*********S*********S*T*     *S*T*******SI
      28.82I ***  ****S***** ***S*********S*********S*T*     *S*T*******SI     28.82
           I ***  ****S***** ***S*********S*********S*T*     *S*T*******SI
           I ***  ****S*********S*********S*********S*T*     *S*T*******SI
           I****  ****S*********S*********S*********S*T*     *S*T*******SI
      27.94I****  ****S*********S*********S*********S*T*    **S*T*******SI     27.94
           I***** ****S*********S*********S*********S*T*    **S*T*******SI
           I**********S*********S*********S*********S*T*    **S*T*******SI
           I**********S*********S*********S*********S*T*    **S*T*******SI
      27.06I**********S*********S*********S*********S*T**   **S*T*******SI     27.06
           I**********S*********S*********S*********S*T**   **S*T*******SI
           I**********S*********S*********S*********S*T**   **S*T*******SI
           I**********S*********S*********S*********S*T**   **S*T*******SI
      26.18I**********S*********S*********S*********S*T**   **S*T*******SI     26.18
           I**********S*********S*********S*********S*T**   **S*T*******SI
           I**********S*********S*********S*********S*T**   **S*T*******SI
           I**********S*********S*********S*********S*T**   **S*T*******SI
      25.29I**********S*********S*********S*********S*T**   **S*T*******SI     25.29
           I**********S*********S*********S*********S*T**   **S*T*******SI
           I**********S*********S*********S*********S*T**   **S*T*******SI
           I**********S*********S*********S*********S*T**  ***S*T*******SI
      24.41I**********S*********S*********S*********S*T**  ***S*T*******SI     24.41
           I**********S*********S*********S*********S*T*** ***S*T*******SI
           I**********S*********S*********S*********S*T*** ***S*T*******SI
           I**********S*********S*********S*********S*T*** ***S*T*******SI
      23.53I**********S*********S*********S*********S*T*******S*T*******SI     23.53
 ++++++++++I+++++++++++++++++++++++++++++++++++++++++++++++++++++++++++++I
            S=SEASONAL FREQUENCIES, T=TRADING DAY FREQUENCIES


 FORECASTING
  Origin  2026.Jun
  Number        12

  Forecasts and Standard Errors
   ------------------------------
                         Standard
       Date   Forecast      Error
   ------------------------------
   2026.Jul      51.10     31.787
   2026.Aug      47.99     31.809
   2026.Sep      70.73     31.831
   2026.Oct      54.33     31.854
   2026.Nov      46.87     31.877
   2026.Dec      44.17     31.900
   2027.Jan      37.58     31.923
   2027.Feb      43.31     31.947
   2027.Mar      53.61     31.970
   2027.Apr      83.50     31.994
   2027.May     152.23     32.018
   2027.Jun      49.16     32.043
   ------------------------------

  Confidence intervals with coverage probability ( 0.95000
   ---------------------------------------
       Date      Lower  Forecast     Upper
   ---------------------------------------
   2026.Jul     -11.20     51.10    113.40
   2026.Aug     -14.35     47.99    110.34
   2026.Sep       8.34     70.73    133.12
   2026.Oct      -8.11     54.33    116.76
   2026.Nov     -15.61     46.87    109.35
   2026.Dec     -18.35     44.17    106.69
   2027.Jan     -24.99     37.58    100.15
   2027.Feb     -19.31     43.31    105.92
   2027.Mar      -9.05     53.61    116.27
   2027.Apr      20.79     83.50    146.20
   2027.May      89.48    152.23    214.98
   2027.Jun     -13.65     49.16    111.96
   ---------------------------------------
        bps_permits 45820            PAGE   4, SERIES bps_permits_addi

 B 1  Original series (prior adjusted)
  From  2004.Jan to 2026.Jun
  Observations        270
 -----------------------------------------------------------------------------
               Jan      Feb      Mar      Apr      May      Jun 
               Jul      Aug      Sep      Oct      Nov      Dec        TOTAL  
 -----------------------------------------------------------------------------
  2004          40.     242.      98.     105.      63.     102.
                95.      94.      87.     100.      81.      68.         1175.
 
  2005          38.      70.     109.     111.     124.      89.
                87.     144.      94.      79.      77.      65.         1087.
 
  2006          64.      64.      56.      91.      51.      70.
                77.      76.      44.      48.      76.      29.          746.
 
  2007          62.      32.     187.      66.      64.      93.
                64.      52.      45.      51.      47.     176.          939.
 
  2008         129.      30.      37.      53.      36.      26.
                33.      38.      46.      32.      31.      17.          508.
 
  2009          16.      13.      35.      20.      38.      66.
                20.      76.      27.      53.      23.      79.          466.
 
  2010          19.       8.      35.      35.      31.      21.
                28.      22.      19.      28.     100.      16.          362.
 
  2011          13.      18.      27.      26.      17.      21.
                26.      12.      17.      27.      17.      19.          240.
 
  2012          13.      12.      19.      21.      29.      44.
                36.      30.      19.      47.      22.      13.          305.
 
  2013          14.      20.      19.      30.      34.      17.
                25.      24.      18.      37.      26.      16.          280.
 
  2014          12.      11.      31.      24.      25.      16.
                33.      33.      40.      18.      23.      24.          290.
 
  2015          13.      11.      43.      33.      22.      35.
                26.      34.      29.      34.      13.      11.          304.
 
  2016          16.      18.      21.      28.      24.      37.
                20.      36.      22.      32.      35.      32.          321.
 
  2017          22.      28.      22.      29.      30.      25.
                23.      21.      23.      21.      26.      15.          285.
 
  2018          10.      18.      26.      31.      32.      27.
                25.      22.      36.      16.      23.      10.          276.
 
  2019          24.      13.      15.      49.      13.      29.
                28.      12.      15.      28.      23.      13.          262.
 
  2020          18.      17.      26.     162.      24.      39.
                29.      28.      36.      33.      35.      14.          461.
 
  2021          26.      16.      40.      31.     114.      24.
                27.      38.     206.      27.      44.      22.          615.
 
  2022          14.      21.      46.      40.      41.      25.
                39.      25.      53.      21.      29.      14.          368.
 
  2023          18.      20.      25.      33.      44.      26.
                29.      26.      64.      48.      20.      23.          376.
 
  2024          19.      26.      52.      34.      32.      23.
                41.      28.      31.      45.      20.      36.          387.
 
  2025          17.      24.      35.      78.     281.      22.
                30.      32.      31.      32.      27.      25.          634.
 
  2026          12.      24.      20.      87.     213.      30.
                                                                          386.
 
  AVGE          27.      33.      45.      53.      60.      39.
                38.      41.      46.      39.      37.      34.

  Table Total-       11073.   Mean-        41.   Std. Dev.-        37.
                              Min -         8.        Max -       281.

 B 1.A  Forecasts of (prior adjusted) original series
  From  2026.Jul to 2027.Jun
  Observations         12
 -----------------------------------------------------------------------------
               Jan      Feb      Mar      Apr      May      Jun 
               Jul      Aug      Sep      Oct      Nov      Dec        TOTAL  
 -----------------------------------------------------------------------------
  2026                                                          
                51.      48.      71.      54.      47.      44.          315.
 
  2027          38.      43.      54.      83.     152.      49.
                                                                          419.
 
        bps_permits 45820            PAGE   5, SERIES bps_permits_addi

 C 17  Final weights for irregular component
  From  2004.Jan to 2026.Jun
  Observations        270
  Lower sigma limit    1.50
  Upper sigma limit    2.50
 -----------------------------------------------------------------------------
               Jan      Feb      Mar      Apr      May      Jun 
               Jul      Aug      Sep      Oct      Nov      Dec         S.D.  
 -----------------------------------------------------------------------------
  2004           0.       0.     100.     100.     100.     100.
               100.     100.     100.     100.     100.     100.         1653.
 
  2005          31.     100.     100.     100.      11.     100.
               100.      48.     100.     100.     100.     100.         1653.
 
  2006         100.     100.     100.     100.     100.     100.
               100.     100.     100.     100.     100.     100.         1653.
 
  2007         100.     100.       0.     100.     100.     100.
               100.      78.     100.     100.     100.       0.         1655.
 
  2008           0.     100.      83.     100.     100.      95.
               100.     100.      83.     100.     100.     100.         1417.
 
  2009         100.     100.     100.     100.     100.     100.
                80.      38.     100.     100.     100.       0.         1325.
 
  2010         100.     100.     100.     100.     100.     100.
               100.     100.     100.     100.       0.     100.         1151.
 
  2011         100.     100.     100.     100.     100.     100.
               100.     100.     100.     100.     100.     100.         1022.
 
  2012         100.     100.     100.     100.     100.      38.
               100.     100.     100.      93.     100.     100.          553.
 
  2013         100.     100.     100.     100.      81.      54.
               100.     100.     100.     100.     100.     100.          531.
 
  2014         100.     100.     100.     100.     100.       0.
               100.     100.       0.       0.     100.     100.          536.
 
  2015         100.     100.       0.     100.     100.     100.
               100.     100.     100.     100.      70.     100.          500.
 
  2016         100.     100.     100.     100.     100.     100.
                90.     100.      72.     100.     100.      76.          492.
 
  2017         100.     100.     100.     100.     100.     100.
               100.     100.     100.     100.     100.     100.          569.
 
  2018         100.     100.     100.     100.     100.     100.
               100.     100.     100.      87.     100.     100.          633.
 
  2019         100.     100.     100.     100.     100.     100.
               100.     100.     100.     100.     100.     100.         1247.
 
  2020         100.     100.     100.       0.     100.     100.
               100.     100.     100.     100.     100.     100.         1277.
 
  2021         100.     100.     100.      92.       0.      75.
                20.     100.       0.       9.     100.     100.         1298.
 
  2022         100.     100.     100.     100.     100.     100.
               100.     100.     100.     100.     100.     100.         1322.
 
  2023         100.     100.     100.     100.     100.     100.
               100.     100.     100.     100.     100.     100.         1388.
 
  2024         100.     100.      71.     100.      62.     100.
               100.     100.     100.     100.     100.     100.          958.
 
  2025         100.     100.     100.     100.       0.      60.
               100.     100.     100.     100.     100.     100.         1259.
 
  2026         100.     100.      93.     100.       0.     100.
                                                                         1259.
 
        bps_permits 45820            PAGE   6, SERIES bps_permits_addi

 D 8  Final unmodified SI ratios
  From  2004.Jan to 2026.Jun
  Observations        270
 -----------------------------------------------------------------------------
               Jan      Feb      Mar      Apr      May      Jun 
               Jul      Aug      Sep      Oct      Nov      Dec         AVGE  
 -----------------------------------------------------------------------------
  2004         -61.     144.       3.      13.     -26.      15.
                 9.       9.       2.      15.      -5.     -19.            8.
 
  2005         -51.     -20.      18.      20.      32.      -3.
                -4.      54.       6.      -6.      -5.     -14.            2.
 
  2006         -12.      -8.     -13.      25.     -12.       9.
                17.      17.     -14.     -10.      18.     -30.           -1.
 
  2007           3.     -28.     126.       5.       3.      33.
                 4.      -7.     -13.      -5.      -7.     124.           20.
 
  2008          80.     -16.      -6.      13.      -2.      -9.
                 0.       7.      17.       4.       3.     -11.            7.
 
  2009         -13.     -16.       4.     -12.       4.      31.
               -16.      39.     -10.      17.     -12.      46.            5.
 
  2010         -12.     -21.       8.       9.       7.      -2.
                 5.      -0.      -3.       6.      78.      -6.            6.
 
  2011          -9.      -4.       6.       5.      -3.       2.
                 8.      -6.      -1.       9.      -1.      -0.            0.
 
  2012          -8.     -10.      -4.      -3.       4.      18.
                 9.       3.      -8.      20.      -4.     -13.            0.
 
  2013         -11.      -4.      -5.       7.      11.      -6.
                 3.       2.      -5.      14.       3.      -7.            0.
 
  2014         -12.     -13.       6.      -1.      -0.      -9.
                 7.       7.      14.      -8.      -3.      -2.           -1.
 
  2015         -12.     -15.      17.       7.      -4.       9.
                 1.       9.       4.      10.     -11.     -12.            0.
 
  2016          -7.      -5.      -2.       4.      -0.      11.
                -7.       8.      -7.       2.       5.       2.            0.
 
  2017          -8.      -1.      -6.       3.       5.       2.
                 1.      -0.       2.      -0.       5.      -7.           -0.
 
  2018         -12.      -5.       2.       7.       8.       3.
                 1.      -2.      12.      -8.      -1.     -13.           -1.
 
  2019           1.     -10.      -7.      27.      -8.       9.
                 8.      -8.      -5.       7.       1.     -10.            0.
 
  2020          -7.      -9.      -1.     134.      -5.      10.
                -0.      -1.       7.       3.       5.     -16.           10.
 
  2021          -5.     -17.       5.      -6.      76.     -16.
               -15.      -5.     163.     -16.       2.     -19.           12.
 
  2022         -25.     -16.      11.       6.       9.      -6.
                 9.      -4.      24.      -7.       1.     -13.           -1.
 
  2023          -9.      -7.      -3.       4.      14.      -5.
                -3.      -7.      30.      13.     -15.     -12.           -0.
 
  2024         -16.      -7.      20.       3.       2.      -7.
                11.      -2.      -1.      12.     -15.      -1.           -0.
 
  2025         -22.     -16.      -6.      38.     242.     -16.
                -6.      -3.      -2.      -0.      -5.      -8.           16.
 
  2026         -22.     -12.     -18.      46.     169.     -17.
                                                                           24.
 
  AVGE         -11.      -5.       7.      15.      23.       2.
                 2.       5.      10.       3.       2.      -2.

  Table Total-        1154.   Mean-         4.   Std. Dev.-        30.
                              Min -       -61.        Max -       242.
        bps_permits 45820            PAGE   7, SERIES bps_permits_addi

 D 8.B  Final unmodified SI ratios, with labels for outliers and extreme values
  From  2004.Jan to 2026.Jun
  Observations        270
 ---------------------------------------------------------------------
               Jan       Feb       Mar       Apr       May       Jun  
               Jul       Aug       Sep       Oct       Nov       Dec  
 ---------------------------------------------------------------------
  2004        -61.*     144.*       3.       13.      -26.       15.  
                9.        9.        2.       15.       -5.      -19.  
 
  2005        -51.*     -20.       18.       20.       32.*      -3.  
               -4.       54.*       6.       -6.       -5.      -14.  
 
  2006        -12.       -8.      -13.       25.      -12.        9.  
               17.       17.      -14.      -10.       18.      -30.  
 
  2007          3.      -28.      126.*       5.        3.       33.  
                4.       -7.*     -13.       -5.       -7.      124.* 
 
  2008         80.*     -16.       -6.*      13.       -2.       -9.* 
                0.        7.       17.*       4.        3.      -11.  
 
  2009        -13.      -16.        4.      -12.        4.       31.  
              -16.*      39.*     -10.       17.      -12.       46.* 
 
  2010        -12.      -21.        8.        9.        7.       -2.  
                5.       -0.       -3.        6.       78.*      -6.  
 
  2011         -9.       -4.        6.        5.       -3.        2.  
                8.       -6.       -1.        9.       -1.       -0.  
 
  2012         -8.      -10.       -4.       -3.        4.       18.* 
                9.        3.       -8.       20.*      -4.      -13.  
 
  2013        -11.       -4.       -5.        7.       11.*      -6.* 
                3.        2.       -5.       14.        3.       -7.  
 
  2014        -12.      -13.        6.       -1.       -0.       -9.* 
                7.        7.       14.*      -8.*      -3.       -2.  
 
  2015        -12.      -15.       17.*       7.       -4.        9.  
                1.        9.        4.       10.      -11.*     -12.  
 
  2016         -7.       -5.       -2.        4.       -0.       11.  
               -7.*       8.       -7.*       2.        5.        2.* 
 
  2017         -8.       -1.       -6.        3.        5.        2.  
                1.       -0.        2.       -0.        5.       -7.  
 
  2018        -12.       -5.        2.        7.        8.        3.  
                1.       -2.       12.       -8.*      -1.      -13.  
 
  2019          1.      -10.       -7.       27.       -8.        9.  
                8.       -8.       -5.        7.        1.      -10.  
 
  2020         -7.       -9.       -1.      134.*      -5.       10.  
               -0.       -1.        7.        3.        5.      -16.  
 
  2021         -5.      -17.        5.       -6.*      76.*     -16.* 
              -15.*      -5.      163.*     -16.*       2.      -19.  
 
  2022        -25.      -16.       11.        6.        9.       -6.  
                9.       -4.       24.       -7.        1.      -13.  
 
  2023         -9.       -7.       -3.        4.       14.       -5.  
               -3.       -7.       30.       13.      -15.      -12.  
 
  2024        -16.       -7.       20.*       3.        2.*      -7.  
               11.       -2.       -1.       12.      -15.       -1.  
 
  2025        -22.      -16.       -6.       38.      242.*     -16.* 
               -6.       -3.       -2.       -0.       -5.       -8.  
 
  2026        -22.      -12.      -18.*      46.      169.*     -17.  
                                                                      
 

  Key to symbols:
    *  : extreme value as determined by X-11 extreme value procedure
 
        bps_permits 45820            PAGE   8, SERIES bps_permits_addi

 D 9  Final replacement values for SI ratios
  From  2004.Jan to 2026.Jun
  Observations        270
 ---------------------------------------------------------------
               Jan      Feb      Mar      Apr      May      Jun 
               Jul      Aug      Sep      Oct      Nov      Dec 
 ---------------------------------------------------------------
  2004          -4.       0. ******** ******** ******** ********
           ******** ******** ******** ******** ******** ********
 
  2005         -26. ******** ******** ********      -3. ********
           ********      37. ******** ******** ******** ********
 
  2006     ******** ******** ******** ******** ******** ********
           ******** ******** ******** ******** ******** ********
 
  2007     ******** ********       9. ******** ******** ********
           ********      -1. ******** ******** ********       5.
 
  2008           7. ********      -2. ******** ********      -8.
           ******** ********      13. ******** ******** ********
 
  2009     ******** ******** ******** ******** ******** ********
               -12.      22. ******** ******** ********      -2.
 
  2010     ******** ******** ******** ******** ******** ********
           ******** ******** ******** ********       2. ********
 
  2011     ******** ******** ******** ******** ******** ********
           ******** ******** ******** ******** ******** ********
 
  2012     ******** ******** ******** ******** ********      11.
           ******** ******** ********      20. ******** ********
 
  2013     ******** ******** ******** ********       9.      -1.
           ******** ******** ******** ******** ******** ********
 
  2014     ******** ******** ******** ******** ********       5.
           ******** ********      -2.       9. ******** ********
 
  2015     ******** ********       0. ******** ******** ********
           ******** ******** ******** ********      -8. ********
 
  2016     ******** ******** ******** ******** ******** ********
                -6. ********      -5. ******** ********      -0.
 
  2017     ******** ******** ******** ******** ******** ********
           ******** ******** ******** ******** ******** ********
 
  2018     ******** ******** ******** ******** ******** ********
           ******** ******** ********      -6. ******** ********
 
  2019     ******** ******** ******** ******** ******** ********
           ******** ******** ******** ******** ******** ********
 
  2020     ******** ******** ********      20. ******** ********
           ******** ******** ******** ******** ******** ********
 
  2021     ******** ******** ********      -4.      13.     -11.
                 9. ********      28.      13. ******** ********
 
  2022     ******** ******** ******** ******** ******** ********
           ******** ******** ******** ******** ******** ********
 
  2023     ******** ******** ******** ******** ******** ********
           ******** ******** ******** ******** ******** ********
 
  2024     ******** ********      15. ********       9. ********
           ******** ******** ******** ******** ******** ********
 
  2025     ******** ******** ******** ********      35.      -6.
           ******** ******** ******** ******** ******** ********
 
  2026     ******** ********     -17. ********      29. ********
                                                                
 

 D 9.A  Moving seasonality ratio
 ---------------------------------------------------------------
               Jan      Feb      Mar      Apr      May      Jun 
 ---------------------------------------------------------------
   I          8.183    7.354   10.141   10.884    9.028   11.725
   S          1.380    0.945    1.036    2.013    2.142    1.907
 RATIO        5.929    7.780    9.785    5.408    4.215    6.148



 ---------------------------------------------------------------
               Jul      Aug      Sep      Oct      Nov      Dec 
 ---------------------------------------------------------------
   I          8.931    8.088    9.388    8.653    8.041    8.760
   S          0.935    1.371    1.746    1.605    1.300    1.339
 RATIO        9.552    5.900    5.378    5.391    6.186    6.545



        bps_permits 45820            PAGE   9, SERIES bps_permits_addi

 D 10  Final seasonal factors
  From  2004.Jan to 2026.Jun
  Observations        270
  Seasonal filter    3 x 9 moving average
 -----------------------------------------------------------------------------
               Jan      Feb      Mar      Apr      May      Jun 
               Jul      Aug      Sep      Oct      Nov      Dec         AVGE  
 -----------------------------------------------------------------------------
  2004          -9.     -14.       4.      14.      -9.      11.
                 5.      15.      -2.       1.      -1.     -14.            0.
 
  2005          -8.     -14.       4.      13.      -7.      11.
                 4.      15.      -2.       1.      -1.     -13.            0.
 
  2006          -8.     -15.       4.      11.      -6.      11.
                 3.      13.      -3.       2.      -1.     -12.            0.
 
  2007          -8.     -14.       4.      10.      -4.      10.
                 4.      12.      -3.       4.      -1.     -11.            0.
 
  2008          -9.     -14.       3.       9.      -2.       9.
                 4.      10.      -3.       5.      -1.     -10.            0.
 
  2009          -8.     -14.       2.       7.      -0.       9.
                 4.       8.      -4.       6.      -1.      -9.            0.
 
  2010          -8.     -14.       2.       6.       1.       8.
                 4.       6.      -4.       7.      -1.      -7.            0.
 
  2011          -8.     -13.       2.       4.       2.       8.
                 3.       5.      -3.       9.      -2.      -6.            0.
 
  2012          -9.     -12.       2.       3.       2.       8.
                 2.       5.      -3.      10.      -2.      -6.            0.
 
  2013         -10.     -10.       1.       3.       2.       6.
                 2.       4.      -2.       9.      -1.      -6.           -0.
 
  2014         -10.      -9.       0.       4.       2.       6.
                 3.       3.      -1.       8.      -1.      -7.           -0.
 
  2015          -9.      -8.      -1.       6.       2.       5.
                 3.       2.      -0.       7.      -0.      -8.           -0.
 
  2016          -8.      -8.      -1.       7.       1.       5.
                 3.       1.       1.       7.       0.      -9.            0.
 
  2017          -9.      -9.      -0.       8.       2.       5.
                 3.       1.       4.       5.       1.     -10.           -0.
 
  2018          -9.      -9.       0.       8.       3.       3.
                 3.       0.       7.       4.       0.     -11.           -0.
 
  2019         -10.      -9.       1.       8.       4.       2.
                 3.      -1.      10.       4.      -0.     -11.           -0.
 
  2020         -10.      -9.       1.       9.       6.       1.
                 3.      -2.      11.       4.      -2.     -11.           -0.
 
  2021         -12.     -10.       1.      12.       8.      -1.
                 3.      -3.      11.       4.      -3.     -11.           -0.
 
  2022         -13.     -11.       0.      15.      11.      -3.
                 3.      -4.      12.       4.      -4.     -12.           -0.
 
  2023         -14.     -12.      -0.      18.      14.      -5.
                 3.      -4.      13.       4.      -5.     -11.            0.
 
  2024         -16.     -12.      -1.      19.      17.      -7.
                 3.      -4.      14.       5.      -6.     -11.            0.
 
  2025         -17.     -12.      -1.      20.      20.      -8.
                 3.      -4.      14.       4.      -8.     -10.           -0.
 
  2026         -18.     -12.      -2.      22.      22.      -9.
                                                                            1.
 
  AVGE         -10.     -12.       1.      10.       4.       4.
                 3.       4.       3.       5.      -2.     -10.

  Table Total-           5.   Mean-         0.   Std. Dev.-         8.
                              Min -       -18.        Max -        22.

 D 10.A  Final seasonal component forecasts
  From  2026.Jul to 2027.Jun
  Observations         12
 -----------------------------------------------------------------------------
               Jan      Feb      Mar      Apr      May      Jun 
               Jul      Aug      Sep      Oct      Nov      Dec         AVGE  
 -----------------------------------------------------------------------------
  2026                                                          
                 2.      -4.      13.       4.      -9.     -10.           -1.
 
  2027         -19.     -12.      -3.      25.      23.      -9.
                                                                            1.
 
        bps_permits 45820            PAGE  10, SERIES bps_permits_addi

 D 11  Final seasonally adjusted data
  From  2004.Jan to 2026.Jun
  Observations        270
 -----------------------------------------------------------------------------
               Jan      Feb      Mar      Apr      May      Jun 
               Jul      Aug      Sep      Oct      Nov      Dec        TOTAL  
 -----------------------------------------------------------------------------
  2004          49.     256.      94.      91.      72.      91.
                90.      79.      89.      99.      82.      82.         1175.
 
  2005          46.      84.     105.      98.     131.      78.
                83.     129.      96.      78.      78.      78.         1086.
 
  2006          72.      79.      52.      80.      57.      59.
                74.      63.      47.      46.      77.      41.          745.
 
  2007          70.      46.     183.      56.      68.      83.
                60.      40.      48.      47.      48.     187.          938.
 
  2008         138.      44.      34.      44.      38.      17.
                29.      28.      49.      27.      32.      27.          507.
 
  2009          24.      27.      33.      13.      38.      57.
                16.      68.      31.      47.      24.      88.          465.
 
  2010          27.      22.      33.      29.      30.      13.
                24.      16.      23.      21.     101.      23.          361.
 
  2011          21.      31.      25.      22.      15.      13.
                23.       7.      20.      18.      19.      25.          239.
 
  2012          22.      24.      17.      18.      27.      36.
                34.      25.      22.      37.      24.      19.          305.
 
  2013          24.      30.      18.      27.      32.      11.
                23.      20.      20.      28.      27.      22.          281.
 
  2014          22.      20.      31.      20.      23.      10.
                30.      30.      41.      10.      24.      31.          291.
 
  2015          22.      19.      44.      27.      20.      30.
                23.      32.      29.      27.      13.      19.          305.
 
  2016          24.      26.      22.      21.      23.      32.
                17.      35.      21.      25.      35.      41.          321.
 
  2017          31.      37.      22.      21.      28.      20.
                20.      20.      19.      16.      25.      25.          285.
 
  2018          19.      27.      26.      23.      29.      24.
                22.      22.      29.      12.      23.      21.          276.
 
  2019          34.      22.      14.      41.       9.      27.
                25.      13.       5.      24.      23.      24.          263.
 
  2020          28.      26.      25.     153.      18.      38.
                26.      30.      25.      29.      37.      25.          461.
 
  2021          38.      26.      39.      19.     106.      25.
                24.      41.     195.      23.      47.      33.          615.
 
  2022          27.      32.      46.      25.      30.      28.
                36.      29.      41.      17.      33.      26.          368.
 
  2023          32.      32.      25.      15.      30.      31.
                26.      30.      51.      44.      25.      34.          376.
 
  2024          35.      38.      53.      15.      15.      30.
                38.      32.      17.      40.      26.      47.          387.
 
  2025          34.      36.      36.      58.     261.      30.
                27.      36.      17.      28.      35.      35.          634.
 
  2026          30.      36.      22.      65.     191.      39.
                                                                          383.
 
  AVGE          38.      44.      43.      43.      56.      36.
                35.      37.      43.      34.      39.      43.

  Table Total-       11068.   Mean-        41.   Std. Dev.-        36.
                              Min -         5.        Max -       261.
        bps_permits 45820            PAGE  11, SERIES bps_permits_addi

 D 12  Final trend cycle
  From  2004.Jan to 2026.Jun
  Observations        270
  Trend filter    23-term Henderson moving average
  I/C ratio        6.46
 -----------------------------------------------------------------------------
               Jan      Feb      Mar      Apr      May      Jun 
               Jul      Aug      Sep      Oct      Nov      Dec        TOTAL  
 -----------------------------------------------------------------------------
  2004         100.      98.      95.      93.      91.      89.
                87.      86.      85.      85.      85.      86.         1080.
 
  2005          88.      89.      90.      91.      92.      92.
                92.      90.      88.      85.      82.      78.         1059.
 
  2006          75.      72.      69.      66.      64.      62.
                60.      59.      58.      57.      57.      58.          757.
 
  2007          59.      60.      61.      61.      61.      61.
                60.      59.      58.      56.      54.      52.          702.
 
  2008          49.      46.      43.      40.      38.      35.
                32.      30.      29.      28.      28.      28.          427.
 
  2009          29.      29.      31.      32.      34.      35.
                36.      37.      37.      36.      35.      33.          404.
 
  2010          31.      29.      27.      25.      24.      23.
                22.      22.      22.      22.      23.      23.          294.
 
  2011          23.      22.      22.      21.      20.      19.
                18.      17.      17.      18.      19.      20.          234.
 
  2012          21.      22.      23.      24.      25.      26.
                27.      27.      27.      27.      26.      26.          301.
 
  2013          25.      24.      24.      23.      23.      23.
                23.      23.      23.      23.      23.      23.          279.
 
  2014          23.      24.      24.      25.      25.      26.
                26.      26.      26.      26.      26.      25.          303.
 
  2015          25.      25.      25.      25.      25.      26.
                26.      25.      25.      25.      24.      23.          300.
 
  2016          23.      23.      23.      23.      24.      25.
                27.      28.      29.      30.      31.      31.          316.
 
  2017          30.      29.      28.      26.      24.      23.
                21.      21.      20.      21.      21.      22.          288.
 
  2018          23.      24.      24.      25.      25.      24.
                24.      23.      23.      23.      23.      23.          285.
 
  2019          23.      23.      23.      22.      21.      21.
                20.      20.      20.      21.      22.      23.          259.
 
  2020          25.      26.      28.      29.      29.      30.
                30.      30.      30.      30.      30.      30.          344.
 
  2021          31.      32.      34.      36.      38.      40.
                42.      44.      44.      44.      42.      41.          468.
 
  2022          38.      36.      34.      32.      31.      31.
                30.      30.      30.      29.      29.      28.          379.
 
  2023          27.      27.      27.      28.      29.      30.
                32.      33.      35.      36.      36.      36.          375.
 
  2024          35.      34.      32.      31.      30.      29.
                29.      30.      31.      33.      35.      37.          387.
 
  2025          39.      41.      41.      41.      40.      38.
                36.      34.      32.      31.      31.      32.          438.
 
  2026          34.      36.      40.      43.      45.      48.
                                                                          246.
 
  AVGE          38.      38.      38.      38.      37.      37.
                36.      36.      36.      36.      36.      35.

  Table Total-        9925.   Mean-        37.   Std. Dev.-        20.
                              Min -        17.        Max -       100.
        bps_permits 45820            PAGE  12, SERIES bps_permits_addi

 D 13  Final irregular component
  From  2004.Jan to 2026.Jun
  Observations        270
 -----------------------------------------------------------------------------
               Jan      Feb      Mar      Apr      May      Jun 
               Jul      Aug      Sep      Oct      Nov      Dec         S.D.  
 -----------------------------------------------------------------------------
  2004         -51.     158.      -1.      -2.     -19.       2.
                 3.      -7.       4.      14.      -4.      -4.           48.
 
  2005         -42.      -5.      15.       7.      39.     -14.
                -9.      39.       8.      -8.      -4.      -0.           21.
 
  2006          -3.       7.     -17.      14.      -7.      -3.
                13.       4.     -11.     -12.      20.     -17.           12.
 
  2007          11.     -14.     123.      -5.       7.      22.
                 0.     -19.     -10.      -9.      -6.     135.           54.
 
  2008          89.      -2.     -10.       4.       1.     -18.
                -3.      -2.      20.      -1.       4.      -1.           27.
 
  2009          -4.      -3.       2.     -19.       5.      22.
               -20.      31.      -6.      11.     -11.      54.           21.
 
  2010          -4.      -7.       6.       4.       6.     -10.
                 2.      -6.       1.      -2.      79.       0.           23.
 
  2011          -2.       9.       4.       1.      -4.      -5.
                 5.     -11.       3.       0.       0.       6.            5.
 
  2012           1.       2.      -6.      -6.       2.      10.
                 7.      -2.      -5.      11.      -2.      -7.            6.
 
  2013          -1.       6.      -6.       4.       9.     -12.
                -0.      -3.      -3.       5.       4.      -1.            5.
 
  2014          -2.      -4.       7.      -5.      -2.     -16.
                 4.       4.      15.     -16.      -2.       5.            9.
 
  2015          -3.      -6.      19.       2.      -5.       4.
                -3.       7.       4.       3.     -11.      -5.            7.
 
  2016           2.       3.      -1.      -2.      -1.       7.
                -9.       7.      -8.      -5.       4.      10.            6.
 
  2017           0.       7.      -5.      -5.       4.      -2.
                -1.      -1.      -1.      -5.       4.       2.            4.
 
  2018          -4.       3.       1.      -2.       5.      -1.
                -1.      -1.       5.     -11.      -1.      -3.            4.
 
  2019          10.      -1.      -9.      19.     -12.       6.
                 5.      -7.     -14.       4.       2.       1.            9.
 
  2020           4.       0.      -2.     124.     -11.       9.
                -4.       1.      -4.      -1.       7.      -5.           36.
 
  2021           7.      -6.       5.     -17.      67.     -15.
               -19.      -2.     151.     -21.       4.      -7.           49.
 
  2022         -12.      -4.      12.      -8.      -2.      -3.
                 5.      -1.      11.     -13.       4.      -2.            8.
 
  2023           5.       5.      -2.     -12.       1.       1.
                -6.      -3.      16.       8.     -11.      -1.            8.
 
  2024          -0.       5.      20.     -16.     -15.       0.
                 9.       2.     -14.       8.      -9.      10.           11.
 
  2025          -5.      -4.      -6.      17.     221.      -8.
                -9.       2.     -15.      -3.       4.       4.           64.
 
  2026          -3.      -0.     -18.      22.     146.      -9.
                                                                           61.
 
  S.D.          24.      33.      27.      28.      58.      11.
                 8.      12.      34.       9.      18.      32.

  Table Total-        1144.   Mean-         4.   Std. Dev.-        28.
                              Min -       -51.        Max -       221.
        bps_permits 45820            PAGE  13, SERIES bps_permits_addi

 D 16  Combined adjustment factors
  From  2004.Jan to 2026.Jun
  Observations        270
 -----------------------------------------------------------------------------
               Jan      Feb      Mar      Apr      May      Jun 
               Jul      Aug      Sep      Oct      Nov      Dec         AVGE  
 -----------------------------------------------------------------------------
  2004          -9.     -14.       4.      14.      -9.      11.
                 5.      15.      -2.       1.      -1.     -14.            0.
 
  2005          -8.     -14.       4.      13.      -7.      11.
                 4.      15.      -2.       1.      -1.     -13.            0.
 
  2006          -8.     -15.       4.      11.      -6.      11.
                 3.      13.      -3.       2.      -1.     -12.            0.
 
  2007          -8.     -14.       4.      10.      -4.      10.
                 4.      12.      -3.       4.      -1.     -11.            0.
 
  2008          -9.     -14.       3.       9.      -2.       9.
                 4.      10.      -3.       5.      -1.     -10.            0.
 
  2009          -8.     -14.       2.       7.      -0.       9.
                 4.       8.      -4.       6.      -1.      -9.            0.
 
  2010          -8.     -14.       2.       6.       1.       8.
                 4.       6.      -4.       7.      -1.      -7.            0.
 
  2011          -8.     -13.       2.       4.       2.       8.
                 3.       5.      -3.       9.      -2.      -6.            0.
 
  2012          -9.     -12.       2.       3.       2.       8.
                 2.       5.      -3.      10.      -2.      -6.            0.
 
  2013         -10.     -10.       1.       3.       2.       6.
                 2.       4.      -2.       9.      -1.      -6.           -0.
 
  2014         -10.      -9.       0.       4.       2.       6.
                 3.       3.      -1.       8.      -1.      -7.           -0.
 
  2015          -9.      -8.      -1.       6.       2.       5.
                 3.       2.      -0.       7.      -0.      -8.           -0.
 
  2016          -8.      -8.      -1.       7.       1.       5.
                 3.       1.       1.       7.       0.      -9.            0.
 
  2017          -9.      -9.      -0.       8.       2.       5.
                 3.       1.       4.       5.       1.     -10.           -0.
 
  2018          -9.      -9.       0.       8.       3.       3.
                 3.       0.       7.       4.       0.     -11.           -0.
 
  2019         -10.      -9.       1.       8.       4.       2.
                 3.      -1.      10.       4.      -0.     -11.           -0.
 
  2020         -10.      -9.       1.       9.       6.       1.
                 3.      -2.      11.       4.      -2.     -11.           -0.
 
  2021         -12.     -10.       1.      12.       8.      -1.
                 3.      -3.      11.       4.      -3.     -11.           -0.
 
  2022         -13.     -11.       0.      15.      11.      -3.
                 3.      -4.      12.       4.      -4.     -12.           -0.
 
  2023         -14.     -12.      -0.      18.      14.      -5.
                 3.      -4.      13.       4.      -5.     -11.            0.
 
  2024         -16.     -12.      -1.      19.      17.      -7.
                 3.      -4.      14.       5.      -6.     -11.            0.
 
  2025         -17.     -12.      -1.      20.      20.      -8.
                 3.      -4.      14.       4.      -8.     -10.           -0.
 
  2026         -18.     -12.      -2.      22.      22.      -9.
                                                                            1.
 
  AVGE         -10.     -12.       1.      10.       4.       4.
                 3.       4.       3.       5.      -2.     -10.

  Table Total-           5.   Mean-         0.   Std. Dev.-         8.
                              Min -       -18.        Max -        22.

 D 16.A  Combined adjustment component forecasts
  From  2026.Jul to 2027.Jun
  Observations         12
 -----------------------------------------------------------------------------
               Jan      Feb      Mar      Apr      May      Jun 
               Jul      Aug      Sep      Oct      Nov      Dec         AVGE  
 -----------------------------------------------------------------------------
  2026                                                          
                 2.      -4.      13.       4.      -9.     -10.           -1.
 
  2027         -19.     -12.      -3.      25.      23.      -9.
                                                                            1.
 
        bps_permits 45820            PAGE  14, SERIES bps_permits_addi

 E 4  Differences of annual totals
  From          2004 to 2025
  Observations         22
 -----------------------------------
  Year       Unmodified     Modified
                  (D11)         (E2)
 -----------------------------------
  2004               0.           0.
 
  2005               1.           1.
 
  2006               1.           1.
 
  2007               1.           1.
 
  2008               1.           1.
 
  2009               1.           1.
 
  2010               1.           1.
 
  2011               1.           1.
 
  2012               0.           0.
 
  2013              -1.          -1.
 
  2014              -1.          -1.
 
  2015              -1.          -1.
 
  2016               0.           0.
 
  2017              -0.          -0.
 
  2018              -0.          -0.
 
  2019              -1.          -1.
 
  2020              -0.          -0.
 
  2021              -0.          -0.
 
  2022              -0.          -0.
 
  2023               0.           0.
 
  2024               0.           0.
 
  2025              -0.          -0.
 
        bps_permits 45820            PAGE  15, SERIES bps_permits_addi

 E 5  Month-to-month differences in the original series
  From  2004.Feb to 2026.Jun
  Observations        269
 -----------------------------------------------------------------------------
               Jan      Feb      Mar      Apr      May      Jun 
               Jul      Aug      Sep      Oct      Nov      Dec         AVGE  
 -----------------------------------------------------------------------------
  2004                  202.    -144.       7.     -42.      39.
                -7.      -1.      -7.      13.     -19.     -13.            3.
 
  2005         -30.      32.      39.       2.      13.     -35.
                -2.      57.     -50.     -15.      -2.     -12.           -0.
 
  2006          -1.       0.      -8.      35.     -40.      19.
                 7.      -1.     -32.       4.      28.     -47.           -3.
 
  2007          33.     -30.     155.    -121.      -2.      29.
               -29.     -12.      -7.       6.      -4.     129.           12.
 
  2008         -47.     -99.       7.      16.     -17.     -10.
                 7.       5.       8.     -14.      -1.     -14.          -13.
 
  2009          -1.      -3.      22.     -15.      18.      28.
               -46.      56.     -49.      26.     -30.      56.            5.
 
  2010         -60.     -11.      27.       0.      -4.     -10.
                 7.      -6.      -3.       9.      72.     -84.           -5.
 
  2011          -3.       5.       9.      -1.      -9.       4.
                 5.     -14.       5.      10.     -10.       2.            0.
 
  2012          -6.      -1.       7.       2.       8.      15.
                -8.      -6.     -11.      28.     -25.      -9.           -0.
 
  2013           1.       6.      -1.      11.       4.     -17.
                 8.      -1.      -6.      19.     -11.     -10.            0.
 
  2014          -4.      -1.      20.      -7.       1.      -9.
                17.       0.       7.     -22.       5.       1.            1.
 
  2015         -11.      -2.      32.     -10.     -11.      13.
                -9.       8.      -5.       5.     -21.      -2.           -1.
 
  2016           5.       2.       3.       7.      -4.      13.
               -17.      16.     -14.      10.       3.      -3.            2.
 
  2017         -10.       6.      -6.       7.       1.      -5.
                -2.      -2.       2.      -2.       5.     -11.           -1.
 
  2018          -5.       8.       8.       5.       1.      -5.
                -2.      -3.      14.     -20.       7.     -13.           -0.
 
  2019          14.     -11.       2.      34.     -36.      16.
                -1.     -16.       3.      13.      -5.     -10.            0.
 
  2020           5.      -1.       9.     136.    -138.      15.
               -10.      -1.       8.      -3.       2.     -21.            0.
 
  2021          12.     -10.      24.      -9.      83.     -90.
                 3.      11.     168.    -179.      17.     -22.            1.
 
  2022          -8.       7.      25.      -6.       1.     -16.
                14.     -14.      28.     -32.       8.     -15.           -1.
 
  2023           4.       2.       5.       8.      11.     -18.
                 3.      -3.      38.     -16.     -28.       3.            1.
 
  2024          -4.       7.      26.     -18.      -2.      -9.
                18.     -13.       3.      14.     -25.      16.            1.
 
  2025         -19.       7.      11.      43.     203.    -259.
                 8.       2.      -1.       1.      -5.      -2.           -1.
 
  2026         -13.      12.      -4.      67.     126.    -183.
                                                                            1.
 
  AVGE          -7.       6.      12.       8.       7.     -21.
                -2.       3.       5.      -7.      -2.      -4.

  Table Total-         -10.   Mean-        -0.   Std. Dev.-        43.
                              Min -      -259.        Max -       203.
        bps_permits 45820            PAGE  16, SERIES bps_permits_addi

 E 6  Month-to-month differences in seasonally adjusted series (D11)
  From  2004.Feb to 2026.Jun
  Observations        269
 -----------------------------------------------------------------------------
               Jan      Feb      Mar      Apr      May      Jun 
               Jul      Aug      Sep      Oct      Nov      Dec         AVGE  
 -----------------------------------------------------------------------------
  2004                  207.    -161.      -3.     -19.      19.
                -1.     -12.      11.      10.     -18.       1.            3.
 
  2005         -36.      38.      21.      -7.      33.     -53.
                 5.      46.     -33.     -19.       0.       0.           -0.
 
  2006          -6.       6.     -26.      28.     -23.       3.
                14.     -11.     -16.      -1.      32.     -36.           -3.
 
  2007          30.     -24.     137.    -127.      12.      15.
               -23.     -20.       7.      -0.       1.     139.           12.
 
  2008         -49.     -93.     -10.      10.      -6.     -21.
                12.      -1.      21.     -22.       5.      -5.          -13.
 
  2009          -2.       3.       6.     -20.      26.      19.
               -41.      52.     -37.      16.     -23.      64.            5.
 
  2010         -61.      -5.      11.      -3.       0.     -17.
                12.      -9.       7.      -2.      80.     -78.           -5.
 
  2011          -2.      10.      -6.      -3.      -7.      -2.
                10.     -16.      14.      -2.       0.       7.            0.
 
  2012          -4.       2.      -6.       1.       9.      10.
                -3.      -9.      -3.      16.     -13.      -6.           -1.
 
  2013           5.       6.     -12.       9.       5.     -21.
                12.      -3.       0.       8.      -1.      -5.            0.
 
  2014          -0.      -2.      11.     -11.       3.     -13.
                20.       0.      11.     -31.      14.       7.            1.
 
  2015          -8.      -3.      25.     -17.      -7.       9.
                -7.       9.      -3.      -2.     -14.       6.           -1.
 
  2016           6.       2.      -4.      -1.       2.       9.
               -15.      17.     -14.       5.       9.       6.            2.
 
  2017         -10.       6.     -14.      -1.       7.      -8.
                -0.      -0.      -1.      -3.      10.      -1.           -1.
 
  2018          -6.       8.      -1.      -3.       6.      -6.
                -1.      -0.       7.     -17.      11.      -2.           -0.
 
  2019          13.     -11.      -8.      27.     -32.      17.
                -2.     -12.      -8.      19.      -1.       0.            0.
 
  2020           4.      -2.      -1.     128.    -135.      20.
               -12.       4.      -5.       4.       8.     -11.            0.
 
  2021          12.     -12.      13.     -20.      86.     -80.
                -2.      18.     154.    -172.      24.     -14.            1.
 
  2022          -6.       5.      14.     -21.       5.      -2.
                 8.      -7.      12.     -24.      16.      -7.           -1.
 
  2023           7.      -0.      -6.     -10.      15.       1.
                -5.       4.      21.      -7.     -19.      10.            1.
 
  2024           0.       4.      14.     -37.      -0.      15.
                 8.      -6.     -15.      23.     -14.      21.            1.
 
  2025         -13.       2.      -1.      22.     203.    -231.
                -3.       9.     -19.      11.       7.       1.           -1.
 
  2026          -5.       6.     -14.      43.     127.    -153.
                                                                            1.
 
  AVGE          -6.       7.      -1.      -1.      14.     -20.
                -1.       2.       5.      -9.       5.       4.

  Table Total-         -10.   Mean-        -0.   Std. Dev.-        41.
                              Min -      -231.        Max -       207.
        bps_permits 45820            PAGE  17, SERIES bps_permits_addi

 E 7  Month-to-month differences in final trend cycle (D12)
  From  2004.Feb to 2026.Jun
  Observations        269
 -----------------------------------------------------------------------------
               Jan      Feb      Mar      Apr      May      Jun 
               Jul      Aug      Sep      Oct      Nov      Dec         AVGE  
 -----------------------------------------------------------------------------
  2004                   -2.      -3.      -3.      -2.      -2.
                -2.      -1.      -1.      -0.       0.       1.           -1.
 
  2005           1.       1.       1.       1.       1.       0.
                -1.      -1.      -2.      -3.      -3.      -3.           -1.
 
  2006          -3.      -3.      -3.      -3.      -2.      -2.
                -2.      -1.      -1.      -1.       0.       1.           -2.
 
  2007           1.       1.       1.       0.       0.      -0.
                -1.      -1.      -1.      -2.      -2.      -2.           -1.
 
  2008          -3.      -3.      -3.      -3.      -3.      -3.
                -2.      -2.      -1.      -1.      -0.       0.           -2.
 
  2009           0.       1.       1.       1.       2.       1.
                 1.       1.       0.      -1.      -1.      -2.            0.
 
  2010          -2.      -2.      -2.      -2.      -1.      -1.
                -1.      -0.       0.       0.       0.       0.           -1.
 
  2011          -0.      -0.      -1.      -1.      -1.      -1.
                -1.      -0.      -0.       0.       1.       1.           -0.
 
  2012           1.       1.       1.       1.       1.       1.
                 1.       0.       0.      -0.      -0.      -1.            1.
 
  2013          -1.      -1.      -1.      -0.      -0.      -0.
                -0.       0.       0.       0.       0.       0.           -0.
 
  2014           0.       0.       0.       1.       0.       0.
                 0.       0.       0.      -0.      -0.      -0.            0.
 
  2015          -0.      -0.       0.       0.       0.       0.
                 0.      -0.      -0.      -1.      -1.      -1.           -0.
 
  2016          -0.      -0.       0.       0.       1.       1.
                 1.       1.       1.       1.       1.       0.            1.
 
  2017          -0.      -1.      -1.      -2.      -2.      -2.
                -1.      -1.      -0.       0.       1.       1.           -1.
 
  2018           1.       1.       0.       0.      -0.      -0.
                -0.      -0.      -0.      -0.       0.       0.            0.
 
  2019           0.      -0.      -0.      -1.      -1.      -1.
                -1.      -0.       0.       1.       1.       1.           -0.
 
  2020           2.       1.       1.       1.       1.       0.
                 0.      -0.       0.       0.       0.       0.            1.
 
  2021           1.       1.       2.       2.       2.       2.
                 2.       1.       0.      -0.      -1.      -2.            1.
 
  2022          -2.      -2.      -2.      -2.      -1.      -1.
                -0.      -0.      -0.      -1.      -1.      -1.           -1.
 
  2023          -1.      -0.       0.       0.       1.       1.
                 2.       2.       1.       1.       0.      -0.            1.
 
  2024          -1.      -1.      -1.      -1.      -1.      -1.
                -0.       1.       1.       2.       2.       2.            0.
 
  2025           2.       1.       1.      -0.      -1.      -2.
                -2.      -2.      -2.      -1.      -0.       1.           -0.
 
  2026           2.       3.       3.       3.       3.       2.
                                                                            3.
 
  AVGE          -0.      -0.      -0.      -0.      -0.      -0.
                -0.      -0.      -0.      -0.      -0.      -0.

  Table Total-         -52.   Mean-        -0.   Std. Dev.-         1.
                              Min -        -3.        Max -         3.
        bps_permits 45820            PAGE  18, SERIES bps_permits_addi

 E 8  Month-to-month differences in original series adjusted for calendar factors (A18)
  From  2004.Feb to 2026.Jun
  Observations        269
 -----------------------------------------------------------------------------
               Jan      Feb      Mar      Apr      May      Jun 
               Jul      Aug      Sep      Oct      Nov      Dec         AVGE  
 -----------------------------------------------------------------------------
  2004                  202.    -144.       7.     -42.      39.
                -7.      -1.      -7.      13.     -19.     -13.            3.
 
  2005         -30.      32.      39.       2.      13.     -35.
                -2.      57.     -50.     -15.      -2.     -12.           -0.
 
  2006          -1.       0.      -8.      35.     -40.      19.
                 7.      -1.     -32.       4.      28.     -47.           -3.
 
  2007          33.     -30.     155.    -121.      -2.      29.
               -29.     -12.      -7.       6.      -4.     129.           12.
 
  2008         -47.     -99.       7.      16.     -17.     -10.
                 7.       5.       8.     -14.      -1.     -14.          -13.
 
  2009          -1.      -3.      22.     -15.      18.      28.
               -46.      56.     -49.      26.     -30.      56.            5.
 
  2010         -60.     -11.      27.       0.      -4.     -10.
                 7.      -6.      -3.       9.      72.     -84.           -5.
 
  2011          -3.       5.       9.      -1.      -9.       4.
                 5.     -14.       5.      10.     -10.       2.            0.
 
  2012          -6.      -1.       7.       2.       8.      15.
                -8.      -6.     -11.      28.     -25.      -9.           -0.
 
  2013           1.       6.      -1.      11.       4.     -17.
                 8.      -1.      -6.      19.     -11.     -10.            0.
 
  2014          -4.      -1.      20.      -7.       1.      -9.
                17.       0.       7.     -22.       5.       1.            1.
 
  2015         -11.      -2.      32.     -10.     -11.      13.
                -9.       8.      -5.       5.     -21.      -2.           -1.
 
  2016           5.       2.       3.       7.      -4.      13.
               -17.      16.     -14.      10.       3.      -3.            2.
 
  2017         -10.       6.      -6.       7.       1.      -5.
                -2.      -2.       2.      -2.       5.     -11.           -1.
 
  2018          -5.       8.       8.       5.       1.      -5.
                -2.      -3.      14.     -20.       7.     -13.           -0.
 
  2019          14.     -11.       2.      34.     -36.      16.
                -1.     -16.       3.      13.      -5.     -10.            0.
 
  2020           5.      -1.       9.     136.    -138.      15.
               -10.      -1.       8.      -3.       2.     -21.            0.
 
  2021          12.     -10.      24.      -9.      83.     -90.
                 3.      11.     168.    -179.      17.     -22.            1.
 
  2022          -8.       7.      25.      -6.       1.     -16.
                14.     -14.      28.     -32.       8.     -15.           -1.
 
  2023           4.       2.       5.       8.      11.     -18.
                 3.      -3.      38.     -16.     -28.       3.            1.
 
  2024          -4.       7.      26.     -18.      -2.      -9.
                18.     -13.       3.      14.     -25.      16.            1.
 
  2025         -19.       7.      11.      43.     203.    -259.
                 8.       2.      -1.       1.      -5.      -2.           -1.
 
  2026         -13.      12.      -4.      67.     126.    -183.
                                                                            1.
 
  AVGE          -7.       6.      12.       8.       7.     -21.
                -2.       3.       5.      -7.      -2.      -4.

  Table Total-         -10.   Mean-        -0.   Std. Dev.-        43.
                              Min -      -259.        Max -       203.
        bps_permits 45820            PAGE  19, SERIES bps_permits_addi

 E 18  Final adjustment ratios
  From  2004.Jan to 2026.Jun
  Observations        270
 -----------------------------------------------------------------------------
               Jan      Feb      Mar      Apr      May      Jun 
               Jul      Aug      Sep      Oct      Nov      Dec         AVGE  
 -----------------------------------------------------------------------------
  2004       82.188   94.628  103.734  115.351   87.309  111.864
            105.219  119.527   97.369  100.542   99.298   82.563        99.966
 
  2005       82.458   83.084  103.351  112.820   94.343  113.748
            104.551  111.439   97.710  101.846   98.951   83.076        98.948
 
  2006       88.446   81.478  107.313  113.959   89.871  117.899
            104.504  121.474   94.511  105.432   98.555   71.022        99.539
 
  2007       88.091   68.989  102.066  117.850   93.612  111.832
            106.022  128.431   94.351  107.735   97.615   94.226       100.902
 
  2008       93.785   68.023  109.772  119.899   94.066  153.180
            112.467  135.543   93.638  117.112   96.982   63.676       104.845
 
  2009       66.054   48.471  106.942  156.161   99.167  115.241
            125.372  111.989   87.392  112.677   97.164   90.066       101.391
 
  2010       70.520   36.529  106.251  118.719  104.859  167.680
            114.800  141.221   83.184  134.504   98.774   69.264       103.859
 
  2011       62.696   58.101  106.741  118.330  110.768  160.947
            113.429  182.097   84.463  148.127   91.049   75.336       109.340
 
  2012       59.973   50.401  109.330  116.420  107.840  120.813
            106.313  120.648   88.176  125.652   90.854   69.691        97.176
 
  2013       59.327   66.666  105.573  112.451  107.610  156.545
            110.023  121.790   90.932  131.581   95.260   72.208       102.497
 
  2014       55.178   55.942  100.731  122.013  109.956  158.160
            109.429  109.357   96.547  178.647   96.359   78.495       105.901
 
  2015       58.709   57.937   98.451  123.098  108.433  118.588
            113.462  105.652   98.593  125.593   98.606   58.797        97.160
 
  2016       65.475   69.329   94.885  135.408  106.106  116.768
            116.460  104.184  105.487  125.582  100.830   78.726       101.603
 
  2017       71.560   76.037   97.817  136.657  105.782  122.699
            113.660  105.533  119.824  133.415  102.766   60.750       103.875
 
  2018       52.434   66.022  100.463  134.322  108.553  114.036
            111.752  100.319  125.779  137.069  101.722   48.655       100.094
 
  2019       71.297   58.306  106.198  119.486  137.674  108.394
            111.589   91.791  272.733  115.566   97.921   54.457       112.118
 
  2020       63.572   64.649  103.686  106.064  132.202  101.678
            111.246   92.275  142.252  113.543   95.592   55.666        98.535
 
  2021       69.283   61.744  102.191  162.341  108.030   94.773
            114.009   92.067  105.762  117.149   94.150   66.250        98.979
 
  2022       52.157   65.539  100.168  162.631  137.902   88.989
            109.393   86.483  128.898  125.182   88.280   54.900       100.044
 
  2023       55.752   62.835   98.476  214.537  146.764   84.189
            112.161   86.630  125.368  110.151   80.061   66.670       103.633
 
  2024       54.707   67.826   99.014  219.445  212.366   77.733
            107.863   87.476  180.605  111.381   76.355   76.367       114.261
 
  2025       49.296   65.807   97.660  134.198  107.536   73.620
            109.620   88.833  182.949  114.819   77.919   70.477        97.728
 
  2026       39.427   66.197   91.278  134.816  111.357   77.876
                                                                        86.825
 
  AVGE       65.756   64.980  102.265  135.086  114.005  115.967
            111.061  111.125  118.024  122.423   94.321   70.061

  Table Total-       27550.   Mean-       102.   Std. Dev.-        31.
                              Min -        37.        Max -       273.

 E 18.A  Final adjustment ratio forecasts
  From  2026.Jul to 2027.Jun
  Observations         12
 -----------------------------------------------------------------------------
               Jan      Feb      Mar      Apr      May      Jun 
               Jul      Aug      Sep      Oct      Nov      Dec         AVGE  
 -----------------------------------------------------------------------------
  2026                                                          
            104.134   92.209  122.239  108.134   83.958   81.996        98.778
 
  2027       66.375   77.954   94.586  143.144  117.762   84.416
                                                                        97.373
 

  QS statistic for seasonality:
  Original Series                                     3.97  (P-Value =     0.1373)
  Original Series (EV adj)                            3.97  (P-Value =     0.1373)
  Residuals                                           0.18  (P-Value =     0.9138)
  Seasonally Adjusted Series                          0.37  (P-Value =     0.8300)
  Seasonally Adjusted Series (EV adj)                 0.00  (P-Value =     1.0000)
  Irregular Series                                    3.04  (P-Value =     0.2187)
  Irregular Series (EV adj)                           0.00  (P-Value =     1.0000)

  QS statistic for seasonality (starting 2018.Jul):
  Original Series                                     6.89  (P-Value =     0.0319)
  Original Series (EV adj)                            6.89  (P-Value =     0.0319)
  Residuals                                           1.89  (P-Value =     0.3885)
  Seasonally Adjusted Series                          3.70  (P-Value =     0.1569)
  Seasonally Adjusted Series (EV adj)                 5.02  (P-Value =     0.0812)
  Irregular Series                                    7.07  (P-Value =     0.0291)
  Irregular Series (EV adj)                           1.54  (P-Value =     0.4636)
        bps_permits 45820            PAGE  20, SERIES bps_permits_addi


  Visually significant residual trading day peaks have been
  found in the spectral plot of the following series starting in 2018.Jul:

          Modified irregular component (Table E3) (1 Seasonal and 


 WARNING: Series should not be a candidate for seasonal adjustment
          because the spectrum of the original series (Table A1 or B1)
          has no visually significant seasonal peaks.

          If this is a component series of an indirectly adjusted
          composite series, consider using type = trend or type = summary
          in the x11 spec.
        bps_permits 45820            PAGE  21, SERIES bps_permits_addi
 G 0  10*LOG(SPECTRUM) of the differenced Original Series
      (Table A1 or B1).  Spectrum estimated from 2018.Jul to 2026.Jun.
 ++++++++++I+++++++++++++++++++++++++++++++++++++++++++++++++++++++++++++I
      42.25I                                                 *           I     42.25
           I                                                 *           I
           I                                                 *           I
           I                                                 *           I
      39.87I                                                 *          SI     39.87
           I                                                 *S         SI
           I                                                 *S      * *SI
           I                                          T      *S      ***SI
      37.49I                                          T*     *S*    ****SI     37.49
           I                    S        *S       **  T*     *S*T   ****SI
           I                   *S        *S*     ***S*T*     *S*T   ****SI
           I                   *S       **S*    ****S*T*     *S*T   ****SI
      35.10I                   *S*      **S*    ****S*T*     *S*T*  ****SI     35.10
           I                   *S*      **S**  *****S*T*     *S*T* *****SI
           I                   *S*      **S**  *****S*T*    **S*T* *****SI
           I                   *S**    ***S*********S*T*    **S*T*******SI
      32.72I                   *S**    ***S*********S*T*    **S*T*******SI     32.72
           I                   *S**    ***S*********S*T*    **S*T*******SI
           I                  **S***   ***S*********S*T*    **S*T*******SI
           I                  **S***  ****S*********S*T*    **S*T*******SI
      30.34I           *      **S*********S*********S*T**   **S*T*******SI     30.34
           I          S*      **S*********S*********S*T**   **S*T*******SI
           I          S**     **S*********S*********S*T**  ***S*T*******SI
           I         *S**     **S*********S*********S*T**  ***S*T*******SI
      27.96I         *S**     **S*********S*********S*T**  ***S*T*******SI     27.96
           I         *S**    ***S*********S*********S*T*******S*T*******SI
           I        **S***   ***S*********S*********S*T*******S*T*******SI
           I        **S***   ***S*********S*********S*T*******S*T*******SI
      25.58I        **S***   ***S*********S*********S*T*******S*T*******SI     25.58
           I        **S**** ****S*********S*********S*T*******S*T*******SI
           I        **S*********S*********S*********S*T*******S*T*******SI
           I        **S*********S*********S*********S*T*******S*T*******SI
      23.20I       ***S*********S*********S*********S*T*******S*T*******SI     23.20
           I       ***S*********S*********S*********S*T*******S*T*******SI
           I       ***S*********S*********S*********S*T*******S*T*******SI
           I       ***S*********S*********S*********S*T*******S*T*******SI
      20.81I       ***S*********S*********S*********S*T*******S*T*******SI     20.81
           I       ***S*********S*********S*********S*T*******S*T*******SI
           I      ****S*********S*********S*********S*T*******S*T*******SI
           I      ****S*********S*********S*********S*T*******S*T*******SI
      18.43I      ****S*********S*********S*********S*T*******S*T*******SI     18.43
           I      ****S*********S*********S*********S*T*******S*T*******SI
           I      ****S*********S*********S*********S*T*******S*T*******SI
           I     *****S*********S*********S*********S*T*******S*T*******SI
      16.05I     *****S*********S*********S*********S*T*******S*T*******SI     16.05
           I     *****S*********S*********S*********S*T*******S*T*******SI
           I     *****S*********S*********S*********S*T*******S*T*******SI
           I    ******S*********S*********S*********S*T*******S*T*******SI
      13.67I    ******S*********S*********S*********S*T*******S*T*******SI     13.67
           I    ******S*********S*********S*********S*T*******S*T*******SI
           I   *******S*********S*********S*********S*T*******S*T*******SI
           I   *******S*********S*********S*********S*T*******S*T*******SI
      11.29I**********S*********S*********S*********S*T*******S*T*******SI     11.29
 ++++++++++I+++++++++++++++++++++++++++++++++++++++++++++++++++++++++++++I
            S=SEASONAL FREQUENCIES, T=TRADING DAY FREQUENCIES
        bps_permits 45820            PAGE  22, SERIES bps_permits_addi
 G 1  10*LOG(SPECTRUM) of the differenced seasonally adjusted 
      data (Table E2).  Spectrum estimated from 2018.Jul to 2026.Jun.
 ++++++++++I+++++++++++++++++++++++++++++++++++++++++++++++++++++++++++++I
      31.51I                                                          *  I     31.51
           I                                                          *  I
           I                                      *                   *  I
           I                                      *                   *  I
      28.81I                                      *                   ** I     28.81
           I                                      *             T     ** I
           I                                      *             T     ** I
           I                           *          *             T     ** I
      26.12I                           *          *             T*    ** I     26.12
           I                           *          **  T    *    T*    **SI
           I                           *      *   **  T    *   *T*    **SI
           I                           *      *   **  T*   **  *T*    **SI
      23.42I                           **     *   **  T*   **  *T*   ***SI     23.42
           I                          ***     *   **  T*   ** S*T*   ***SI
           I                          ***     *  ***  T*   ** S*T*   ***SI
           I                          ***     ** *** *T*   ***S*T**  ***SI
      20.72I                      **  ***    *** ***S*T*  ****S*T**  ***SI     20.72
           I                      **  ****   *******S*T*  ****S*T** ****SI
           I                      ********   *******S*T*  ****S*T*******SI
           I                  *   ********   *******S*T** ****S*T*******SI
      18.03I                  *  *********   *******S*T*******S*T*******SI     18.03
           I                  ** *********S ********S*T*******S*T*******SI
           I        *         **S*********S*********S*T*******S*T*******SI
           I        *         **S*********S*********S*T*******S*T*******SI
      15.33I        *         **S*********S*********S*T*******S*T*******SI     15.33
           I        *         **S*********S*********S*T*******S*T*******SI
           I        *        ***S*********S*********S*T*******S*T*******SI
           I       **        ***S*********S*********S*T*******S*T*******SI
      12.64I       *** *     ***S*********S*********S*T*******S*T*******SI     12.64
           I       ***S*     ***S*********S*********S*T*******S*T*******SI
           I       ***S*     ***S*********S*********S*T*******S*T*******SI
           I       ***S**    ***S*********S*********S*T*******S*T*******SI
       9.94I       ***S**   ****S*********S*********S*T*******S*T*******SI      9.94
           I       ***S**   ****S*********S*********S*T*******S*T*******SI
           I       ***S**   ****S*********S*********S*T*******S*T*******SI
           I      ****S***  ****S*********S*********S*T*******S*T*******SI
       7.24I      ****S*** *****S*********S*********S*T*******S*T*******SI      7.24
           I      ****S*********S*********S*********S*T*******S*T*******SI
           I      ****S*********S*********S*********S*T*******S*T*******SI
           I     *****S*********S*********S*********S*T*******S*T*******SI
       4.55I     *****S*********S*********S*********S*T*******S*T*******SI      4.55
           I    ******S*********S*********S*********S*T*******S*T*******SI
           I    ******S*********S*********S*********S*T*******S*T*******SI
           I    ******S*********S*********S*********S*T*******S*T*******SI
       1.85I    ******S*********S*********S*********S*T*******S*T*******SI      1.85
           I   *******S*********S*********S*********S*T*******S*T*******SI
           I   *******S*********S*********S*********S*T*******S*T*******SI
           I   *******S*********S*********S*********S*T*******S*T*******SI
      -0.84I   *******S*********S*********S*********S*T*******S*T*******SI     -0.84
           I  ********S*********S*********S*********S*T*******S*T*******SI
           I  ********S*********S*********S*********S*T*******S*T*******SI
           I  ********S*********S*********S*********S*T*******S*T*******SI
      -3.54I**********S*********S*********S*********S*T*******S*T*******SI     -3.54
 ++++++++++I+++++++++++++++++++++++++++++++++++++++++++++++++++++++++++++I
            S=SEASONAL FREQUENCIES, T=TRADING DAY FREQUENCIES
        bps_permits 45820            PAGE  23, SERIES bps_permits_addi
 G 2  10*LOG(SPECTRUM) of the Modified Irregular (Table E3).  
      Spectrum estimated from 2018.Jul to 2026.Jun.
 ++++++++++I+++++++++++++++++++++++++++++++++++++++++++++++++++++++++++++I
      26.31I                                      *                      I     26.31
           I                                      *                      I
           I                                      *                      I
           I                                      *                   *  I
      25.07I                                      *                   *  I     25.07
           I                                      *                   *  I
           I                                      *                   *  I
           I                           *          *                   *  I
      23.83I                           *          *                   *  I     23.83
           I                           *          *                   *  I
           I                           *          *                   *  I
           I                           *          *             T     *  I
      22.59I                           *          *             T     ** I     22.59
           I                           *          *             T     ** I
           I                           *          *             T     ** I
           I                           **         *             T     ** I
      21.35I                           **     *   *             T     ** I     21.35
           I                          ***     *   **            T     ** I
           I                          ***     *   **  T         T     ** I
           I                          ***     *   **  T         T     ** I
      20.11I                          ***     *   **  T    *    T     ** I     20.11
           I                          ***     *   **  T    *    T*    **SI
           I                       *  ***     *   **  T    *    T*    **SI
           I                      **  ***     *   **  T*   *   *T*    **SI
      18.87I   *                  **  ***     *   **  T*   *   *T*    **SI     18.87
           I   *              *   **  ***     *   **  T*   **  *T*    **SI
           I   *              *   ** *****    *   **  T*   **  *T*    **SI
           I  **  *           **  ********    *   **  T*   **  *T*   ***SI
      17.63I  **  *           **  ********   **  ***  T*   **  *T*   ***SI     17.63
           I  **  *           **  ********   *** ***  T*   **  *T*   ***SI
           I  **  **          **  ********   *** ***S*T*   **  *T*   ***SI
           I  **  **          ** *********   *** ***S*T*   ** S*T*   ***SI
      16.39I  **  **          ** *********   *** ***S*T*  ****S*T*   ***SI     16.39
           I  **  **          **S*********   *** ***S*T*  ****S*T*   ***SI
           I  **  **   *      **S*********   *** ***S*T*  ****S*T*   ***SI
           I  **  **   *     ***S*********S  *******S*T*  ****S*T*   ***SI
      15.15I  **  **   *     ***S*********S  *******S*T*  ****S*T**  ***SI     15.15
           I  **  **   *     ***S*********S  *******S*T*  ****S*T**  ***SI
           I  **  **  S*     ***S*********S  *******S*T*  ****S*T**  ***SI
           I  ******  S*     ***S*********S ********S*T** ****S*T** ****SI
      13.91I  ******  S*     ***S*********S ********S*T*******S*T** ****SI     13.91
           I  ******  S*     ***S*********S*********S*T*******S*T*******SI
           I  ******  S*     ***S*********S*********S*T*******S*T*******SI
           I  ******* S*     ***S*********S*********S*T*******S*T*******SI
      12.66I  ******* S**   ****S*********S*********S*T*******S*T*******SI     12.66
           I  ********S**   ****S*********S*********S*T*******S*T*******SI
           I  ********S**   ****S*********S*********S*T*******S*T*******SI
           I *********S**   ****S*********S*********S*T*******S*T*******SI
      11.42I *********S**   ****S*********S*********S*T*******S*T*******SI     11.42
           I *********S**   ****S*********S*********S*T*******S*T*******SI
           I *********S*** *****S*********S*********S*T*******S*T*******SI
           I *********S*** *****S*********S*********S*T*******S*T*******SI
      10.18I**********S*********S*********S*********S*T*******S*T*******SI     10.18
 ++++++++++I+++++++++++++++++++++++++++++++++++++++++++++++++++++++++++++I
            S=SEASONAL FREQUENCIES, T=TRADING DAY FREQUENCIES
        bps_permits 45820            PAGE  24, SERIES bps_permits_addi

  Peak probabilities for Tukey spectrum estimator
  Spectrum estimated from 2018.Jul to 2026.Jun.

                                          S1       S2       S3       S4       S5       S6       TD
                                        ------   ------   ------   ------   ------   ------   ------
  Model Residuals                        0.213    0.361    0.117    0.348    0.220    0.428    0.447  
  Original Series (Table A1 or B1)       0.895    0.932*   0.822    0.152    0.663    0.547    0.631  
  Seasonally adjusted series (E2)        0.349    0.257    0.178    0.188    0.513    0.562    0.784  
  Modified Irregular (E3)                0.859    0.390    0.171    0.196    0.543    0.547    0.769  
  ----------
     ** - Peak Probability > 0.99,
      * - 0.90 < Peak Probability < 0.99


