  Reading input spec file from D:\Programming\Dynamic Paper-dlrhcs_replication\outputs\empirical\unemployment\raw_sa_pilot\x13_work\bps_permits_additive_level_29020_200401_202606.spc

1

               U. S. Department of Commerce, U. S. Census Bureau

              X-13ARIMA-SEATS monthly seasonal adjustment Method,
                          Release Version 1.1 Build 62


           This software application provides an enhanced version of
             Statistics Canada's X-11-ARIMA extension (Dagum, 1980)
                 of the X-11 variant of the Census Method II of
                      Shiskin, Young and Musgrave (1967).

            It also provides an ARIMA model-based method following
       Hillmer and Tiao (1982) and Burman (1980) that is very similar
       to the update of the method of SEATS (Gomez and Maravall, 1996)
                produced at the Bank of Spain by G. Caporello and
               A. Maravall for TSW (Caporello and Maravall, 2004).
          The present application includes additional enhancements.

         X-13ARIMA-SEATS includes an automatic ARIMA model selection procedure
          based largely on the procedure of Gomez and Maravall (1998)
            as implemented in TRAMO (1996) and subsequent revisions.

              Primary Programmers: Brian Monsell, Mark Otto and,
                 for the ARIMA model-based signal extraction,
                      Gianluca Caporello and Victor Gomez


     Series Title- bps_permits 29020
     Series Name- bps_permits_addi
     Jul 29, 2026  08.28.45 

        -Period covered-  1st month,2004 to  6th month,2026
        -Type of run - additive seasonal adjustment

        -Sigma limits for graduating extreme values are  1.5 and  2.5 .
        -3x3 moving average used in section 1 of each iteration, 
         3x5 moving average in section 2 of iterations B and C,
         moving average for final seasonal factors chosen by Global MSR.
        -Holiday adjustment factors applied directly to the final seasonally adjusted series
        -Spectral plots generated for selected series
        -Spectral plots generated for series starting in 2018.Jul

 FILE SAVE REQUESTS (* indicates file exists and will be overwritten)
  D:\Programming\Dynamic Paper-dlrhcs_replication\outputs\empirical\unemployment\raw_sa_pilot\x13_work\bps_permits_additive_level_29020_200401_202606.d10  final seasonal factors
  D:\Programming\Dynamic Paper-dlrhcs_replication\outputs\empirical\unemployment\raw_sa_pilot\x13_work\bps_permits_additive_level_29020_200401_202606.d11  final seasonally adjusted data
  D:\Programming\Dynamic Paper-dlrhcs_replication\outputs\empirical\unemployment\raw_sa_pilot\x13_work\bps_permits_additive_level_29020_200401_202606.out  program output file
  D:\Programming\Dynamic Paper-dlrhcs_replication\outputs\empirical\unemployment\raw_sa_pilot\x13_work\bps_permits_additive_level_29020_200401_202606.err  program error file
        bps_permits 29020            PAGE   1, SERIES bps_permits_addi

     Contents of spc file D:\Programming\Dynamic Paper-dlrhcs_replication\outputs\empirical\unemployment\raw_sa_pilot\x13_work\bps_permits_additive_level_29020_200401_202606.spc

 Line #
 ------
      1: series {
      2:   title = "bps_permits 29020"
      3:   start = 2004.1
      4:   period = 12
      5:   data = (
      6: 17
      7: 11
      8: 37
      9: 35
     10: 29
     11: 23
     12: 33
     13: 27
     14: 25
     15: 28
     16: 31
     17: 26
     18: 6
     19: 22
     20: 24
     21: 28
     22: 29
     23: 26
     24: 21
     25: 26
     26: 24
     27: 15
     28: 16
     29: 11
     30: 10
     31: 9
     32: 16
     33: 15
     34: 9
     35: 9
     36: 15
     37: 15
     38: 8
     39: 11
     40: 7
     41: 2
     42: 5
     43: 5
     44: 8
     45: 11
     46: 11
     47: 8
     48: 10
     49: 8
     50: 6
     51: 2
     52: 4
     53: 4
     54: 1
     55: 1
     56: 5
     57: 7
     58: 8
     59: 7
     60: 5
     61: 4
     62: 3
     63: 4
     64: 1
     65: 0
     66: 0
     67: 0
     68: 61
     69: 1
     70: 0
     71: 2
     72: 4
     73: 2
     74: 0
     75: 2
     76: 0
     77: 1
     78: 1
     79: 0
     80: 0
     81: 0
     82: 2
     83: 3
     84: 0
     85: 2
     86: 1
     87: 2
     88: 1
     89: 1
     90: 2
     91: 1
     92: 8
     93: 0
     94: 4
     95: 1
     96: 1
     97: 3
     98: 0
     99: 1
    100: 2
    101: 1
    102: 0
    103: 0
    104: 3
    105: 4
    106: 3
    107: 2
    108: 1
    109: 8
    110: 58
    111: 3
    112: 71
    113: 6
    114: 1
    115: 4
    116: 3
    117: 7
    118: 6
    119: 4
    120: 9
    121: 7
    122: 4
    123: 64
    124: 37
    125: 3
    126: 1
    127: 3
    128: 16
    129: 11
    130: 8
    131: 7
    132: 7
    133: 14
    134: 30
    135: 5
    136: 10
    137: 8
    138: 2
    139: 1
    140: 8
    141: 10
    142: 8
    143: 93
    144: 8
    145: 17
    146: 8
    147: 79
    148: 2
    149: 5
    150: 5
    151: 10
    152: 8
    153: 12
    154: 215
    155: 3
    156: 11
    157: 7
    158: 2
    159: 15
    160: 19
    161: 3
    162: 6
    163: 5
    164: 4
    165: 11
    166: 20
    167: 9
    168: 8
    169: 3
    170: 2
    171: 4
    172: 10
    173: 2
    174: 13
    175: 4
    176: 1
    177: 8
    178: 13
    179: 8
    180: 23
    181: 73
    182: 9
    183: 13
    184: 3
    185: 36
    186: 59
    187: 2
    188: 5
    189: 13
    190: 63
    191: 8
    192: 2
    193: 7
    194: 10
    195: 11
    196: 5
    197: 36
    198: 9
    199: 3
    200: 15
    201: 4
    202: 25
    203: 7
    204: 20
    205: 10
    206: 14
    207: 5
    208: 14
    209: 14
    210: 16
    211: 9
    212: 12
    213: 39
    214: 5
    215: 6
    216: 15
    217: 15
    218: 29
    219: 9
    220: 5
    221: 9
    222: 6
    223: 13
    224: 10
    225: 13
    226: 6
    227: 11
    228: 16
    229: 14
    230: 4
    231: 6
    232: 8
    233: 48
    234: 1
    235: 3
    236: 4
    237: 9
    238: 11
    239: 14
    240: 10
    241: 10
    242: 9
    243: 22
    244: 38
    245: 13
    246: 10
    247: 12
    248: 22
    249: 9
    250: 28
    251: 18
    252: 24
    253: 10
    254: 10
    255: 19
    256: 10
    257: 22
    258: 6
    259: 9
    260: 12
    261: 14
    262: 5
    263: 5
    264: 9
    265: 10
    266: 15
    267: 13
    268: 7
    269: 3
    270: 7
    271: 4
    272: 10
    273: 103
    274: 4
    275: 54
    276:   )
    277: }
    278: transform { function = none }
    279: regression { aictest = (td easter) }
    280: automdl {}
    281: x11 { mode = add save = (d10 d11) }
        bps_permits 29020            PAGE   2, SERIES bps_permits_addi

 A 1  Time series data (for the span analyzed)
  From  2004.Jan to 2026.Jun
  Observations        270
 -----------------------------------------------------------------------------
               Jan      Feb      Mar      Apr      May      Jun 
               Jul      Aug      Sep      Oct      Nov      Dec        TOTAL  
 -----------------------------------------------------------------------------
  2004          17.      11.      37.      35.      29.      23.
                33.      27.      25.      28.      31.      26.          322.
 
  2005           6.      22.      24.      28.      29.      26.
                21.      26.      24.      15.      16.      11.          248.
 
  2006          10.       9.      16.      15.       9.       9.
                15.      15.       8.      11.       7.       2.          126.
 
  2007           5.       5.       8.      11.      11.       8.
                10.       8.       6.       2.       4.       4.           82.
 
  2008           1.       1.       5.       7.       8.       7.
                 5.       4.       3.       4.       1.       0.           46.
 
  2009           0.       0.      61.       1.       0.       2.
                 4.       2.       0.       2.       0.       1.           73.
 
  2010           1.       0.       0.       0.       2.       3.
                 0.       2.       1.       2.       1.       1.           13.
 
  2011           2.       1.       8.       0.       4.       1.
                 1.       3.       0.       1.       2.       1.           24.
 
  2012           0.       0.       3.       4.       3.       2.
                 1.       8.      58.       3.      71.       6.          159.
 
  2013           1.       4.       3.       7.       6.       4.
                 9.       7.       4.      64.      37.       3.          149.
 
  2014           1.       3.      16.      11.       8.       7.
                 7.      14.      30.       5.      10.       8.          120.
 
  2015           2.       1.       8.      10.       8.      93.
                 8.      17.       8.      79.       2.       5.          241.
 
  2016           5.      10.       8.      12.     215.       3.
                11.       7.       2.      15.      19.       3.          310.
 
  2017           6.       5.       4.      11.      20.       9.
                 8.       3.       2.       4.      10.       2.           84.
 
  2018          13.       4.       1.       8.      13.       8.
                23.      73.       9.      13.       3.      36.          204.
 
  2019          59.       2.       5.      13.      63.       8.
                 2.       7.      10.      11.       5.      36.          221.
 
  2020           9.       3.      15.       4.      25.       7.
                20.      10.      14.       5.      14.      14.          140.
 
  2021          16.       9.      12.      39.       5.       6.
                15.      15.      29.       9.       5.       9.          169.
 
  2022           6.      13.      10.      13.       6.      11.
                16.      14.       4.       6.       8.      48.          155.
 
  2023           1.       3.       4.       9.      11.      14.
                10.      10.       9.      22.      38.      13.          144.
 
  2024          10.      12.      22.       9.      28.      18.
                24.      10.      10.      19.      10.      22.          194.
 
  2025           6.       9.      12.      14.       5.       5.
                 9.      10.      15.      13.       7.       3.          108.
 
  2026           7.       4.      10.     103.       4.      54.
                                                                          182.
 
  AVGE           8.       6.      13.      16.      22.      14.
                11.      13.      12.      15.      14.      12.

  Table Total-        3514.   Mean-        13.   Std. Dev.-        20.
                              Min -         0.        Max -       215.
        bps_permits 29020            PAGE   3, SERIES bps_permits_addi
                        Automatic ARIMA Model Selection

                    Procedure based closely on TRAMO method 
                         of Gomez and Maravall (2000)
              "Automatic Modeling Methods for Univariate Series",
                            A Course in Time Series
                  (Edited by D. Pena, G. C. Tiao, R. S. Tsay),
                         New York : J. Wiley and Sons


     Maximum order for regular ARMA parameters :   2
     Maximum order for seasonal ARMA parameters :   1
     Maximum order for regular differencing :   2
     Maximum order for seasonal differencing :   1

   Results of Unit Root Test for identifying orders of differencing:
     Regular difference order :   0
     Seasonal difference order :   0

  Automatic model choice : (1 0 1)


  Final Checks for Identified Model


  Checking for Unit Roots.
   Regular unit root found.
   ( 0, 1, 1) ( 0, 0, 0)
  Constant term removed from model

  Checking for nonseasonal overdifferencing.
   Nonseasonal MA not within  0.001 of 1.0 - model passes test.

  Checking for insignificant ARMA coefficients.

  Final automatic model choice : (0 1 1)
   End of automatic model selection procedure.

 Average absolute percentage error in within-sample forecasts:
  Last year: 102.09      Last-1 year:  72.37     Last-2 year:  31.81
  Last three years:   68.75

 Estimation converged in    2 ARMA iterations,    5 function evaluations.

 ARIMA Model:  (0 1 1)
   Nonseasonal differences: 1
                                              Standard
 Parameter                    Estimate          Errors
 -----------------------------------------------------
 Nonseasonal MA                                    
   Lag  1                       0.9353         0.02172

 Variance                       0.37671E+03
 SE of Var                      0.32482E+02
 -----------------------------------------------------

 Likelihood Statistics
 ------------------------------------------------------------------
 Number of observations (nobs)                                  270
 Effective number of observations (nefobs)                      269
 Number of parameters estimated (np)                              2
 Log likelihood (L)                                      -1180.5168
 AIC                                                      2365.0336 
 AICC (F-corrected-AIC)                                   2365.0788 
 Hannan Quinn                                             2367.9209 
 BIC                                                      2372.2231 
 ------------------------------------------------------------------

 QS Statistic for regARIMA Model Residuals (full series):             0.16
                                                       (P-Value =     0.9220)

 QS Statistic for regARIMA Model Residuals (starting 2018.Jul):       0.00
                                                       (P-Value =     1.0000)
      10*LOG(SPECTRUM) of the regARIMA model residuals
      Spectrum estimated from 2018.Jul to 2026.Jun.
 ++++++++++I+++++++++++++++++++++++++++++++++++++++++++++++++++++++++++++I
      29.31I                                                     *       I     29.31
           I                                                     *       I
           I                                                     *       I
           I                                                     *       I
      28.52I                                                     *       I     28.52
           I                                                     *       I
           I                                                     *       I
           I                      *                              *       I
      27.74I                      *                             T*       I     27.74
           I                      *                             T*       I
           I                      *       S                     T*       I
           I                      *       S*                    T*       I
      26.95I                      *       S*                    T*       I     26.95
           I    *                 *  *    S*                    T*       I
           I    *                 *  **   S*                    T*       I
           I    *                 *  **   S*                    T*       I
      26.16I    *                 *  **   S*                    T*       I     26.16
           I    *                 *  **   S*                    T*    *  I
           I    *                *** **  *S*                   *T*    *  I
           I    *                *** **  *S*                   *T*    *  I
      25.38I    *                ******  *S*                   *T**   *  I     25.38
           I    *                ******  *S*                   *T**  **  I
           I    *           *    ******* *S*              *    *T**  **  I
           I   ***          *    ******* *S*              *   S*T**  **  I
      24.59I   ***          *    *********S*              *   S*T**  **  I     24.59
           I   ***          *    *********S*              **  S*T**  **  I
           I   ***          *    *********S*              **  S*T**  **  I
           I   ***          *    *********S*              ** *S*T**  **  I
      23.81I   ***          *    *********S**             ** *S*T**  **  I     23.81
           I   ***         **    *********S**            *****S*T**  **  I
           I   ***         **    *********S**         T  *****S*T**  **  I
           I   ***         **    *********S**         T  *****S*T**  *** I
      23.02I   ***         **    *********S**    *    T  *****S*T******* I     23.02
           I   ****        **    *********S**    *    T  *****S*T******* I
           I   ****        ***   *********S**    **   T* *****S*T******* I
           I  *****        ***   *********S**    **   T* *****S*T******* I
      22.23I  *****        ***   *********S**    **  *T*******S*T******* I     22.23
           I  ******    ******   *********S**    **  *T*******S*T*******SI
           I  ******    ******   *********S**    **  *T*******S*T*******SI
           I  *******   ******   *********S**    **  *T*******S*T*******SI
      21.45I  *******   ******  S*********S**    **  *T*******S*T*******SI     21.45
           I ********  *******  S*********S**    ** S*T*******S*T*******SI
           I********** *******  S*********S**    ***S*T*******S*T*******SI
           I**********S*******  S*********S**    ***S*T*******S*T*******SI
      20.66I**********S*******  S*********S***  ****S*T*******S*T*******SI     20.66
           I**********S*******  S*********S***  ****S*T*******S*T*******SI
           I**********S*******  S*********S***  ****S*T*******S*T*******SI
           I**********S******** S*********S***  ****S*T*******S*T*******SI
      19.88I**********S******** S*********S***  ****S*T*******S*T*******SI     19.88
           I**********S*********S*********S***  ****S*T*******S*T*******SI
           I**********S*********S*********S***  ****S*T*******S*T*******SI
           I**********S*********S*********S***  ****S*T*******S*T*******SI
      19.09I**********S*********S*********S*********S*T*******S*T*******SI     19.09
 ++++++++++I+++++++++++++++++++++++++++++++++++++++++++++++++++++++++++++I
            S=SEASONAL FREQUENCIES, T=TRADING DAY FREQUENCIES


 FORECASTING
  Origin  2026.Jun
  Number        12

  Forecasts and Standard Errors
   ------------------------------
                         Standard
       Date   Forecast      Error
   ------------------------------
   2026.Jul      18.45     19.409
   2026.Aug      18.45     19.450
   2026.Sep      18.45     19.490
   2026.Oct      18.45     19.530
   2026.Nov      18.45     19.571
   2026.Dec      18.45     19.611
   2027.Jan      18.45     19.651
   2027.Feb      18.45     19.691
   2027.Mar      18.45     19.731
   2027.Apr      18.45     19.771
   2027.May      18.45     19.811
   2027.Jun      18.45     19.850
   ------------------------------

  Confidence intervals with coverage probability ( 0.95000
   ---------------------------------------
       Date      Lower  Forecast     Upper
   ---------------------------------------
   2026.Jul     -19.59     18.45     56.49
   2026.Aug     -19.67     18.45     56.57
   2026.Sep     -19.75     18.45     56.65
   2026.Oct     -19.83     18.45     56.73
   2026.Nov     -19.91     18.45     56.81
   2026.Dec     -19.99     18.45     56.89
   2027.Jan     -20.07     18.45     56.96
   2027.Feb     -20.14     18.45     57.04
   2027.Mar     -20.22     18.45     57.12
   2027.Apr     -20.30     18.45     57.20
   2027.May     -20.38     18.45     57.28
   2027.Jun     -20.46     18.45     57.35
   ---------------------------------------
        bps_permits 29020            PAGE   4, SERIES bps_permits_addi

 B 1  Original series (prior adjusted)
  From  2004.Jan to 2026.Jun
  Observations        270
 -----------------------------------------------------------------------------
               Jan      Feb      Mar      Apr      May      Jun 
               Jul      Aug      Sep      Oct      Nov      Dec        TOTAL  
 -----------------------------------------------------------------------------
  2004          17.      11.      37.      35.      29.      23.
                33.      27.      25.      28.      31.      26.          322.
 
  2005           6.      22.      24.      28.      29.      26.
                21.      26.      24.      15.      16.      11.          248.
 
  2006          10.       9.      16.      15.       9.       9.
                15.      15.       8.      11.       7.       2.          126.
 
  2007           5.       5.       8.      11.      11.       8.
                10.       8.       6.       2.       4.       4.           82.
 
  2008           1.       1.       5.       7.       8.       7.
                 5.       4.       3.       4.       1.       0.           46.
 
  2009           0.       0.      61.       1.       0.       2.
                 4.       2.       0.       2.       0.       1.           73.
 
  2010           1.       0.       0.       0.       2.       3.
                 0.       2.       1.       2.       1.       1.           13.
 
  2011           2.       1.       8.       0.       4.       1.
                 1.       3.       0.       1.       2.       1.           24.
 
  2012           0.       0.       3.       4.       3.       2.
                 1.       8.      58.       3.      71.       6.          159.
 
  2013           1.       4.       3.       7.       6.       4.
                 9.       7.       4.      64.      37.       3.          149.
 
  2014           1.       3.      16.      11.       8.       7.
                 7.      14.      30.       5.      10.       8.          120.
 
  2015           2.       1.       8.      10.       8.      93.
                 8.      17.       8.      79.       2.       5.          241.
 
  2016           5.      10.       8.      12.     215.       3.
                11.       7.       2.      15.      19.       3.          310.
 
  2017           6.       5.       4.      11.      20.       9.
                 8.       3.       2.       4.      10.       2.           84.
 
  2018          13.       4.       1.       8.      13.       8.
                23.      73.       9.      13.       3.      36.          204.
 
  2019          59.       2.       5.      13.      63.       8.
                 2.       7.      10.      11.       5.      36.          221.
 
  2020           9.       3.      15.       4.      25.       7.
                20.      10.      14.       5.      14.      14.          140.
 
  2021          16.       9.      12.      39.       5.       6.
                15.      15.      29.       9.       5.       9.          169.
 
  2022           6.      13.      10.      13.       6.      11.
                16.      14.       4.       6.       8.      48.          155.
 
  2023           1.       3.       4.       9.      11.      14.
                10.      10.       9.      22.      38.      13.          144.
 
  2024          10.      12.      22.       9.      28.      18.
                24.      10.      10.      19.      10.      22.          194.
 
  2025           6.       9.      12.      14.       5.       5.
                 9.      10.      15.      13.       7.       3.          108.
 
  2026           7.       4.      10.     103.       4.      54.
                                                                          182.
 
  AVGE           8.       6.      13.      16.      22.      14.
                11.      13.      12.      15.      14.      12.

  Table Total-        3514.   Mean-        13.   Std. Dev.-        20.
                              Min -         0.        Max -       215.

 B 1.A  Forecasts of (prior adjusted) original series
  From  2026.Jul to 2027.Jun
  Observations         12
 -----------------------------------------------------------------------------
               Jan      Feb      Mar      Apr      May      Jun 
               Jul      Aug      Sep      Oct      Nov      Dec        TOTAL  
 -----------------------------------------------------------------------------
  2026                                                          
                18.      18.      18.      18.      18.      18.          111.
 
  2027          18.      18.      18.      18.      18.      18.
                                                                          111.
 
        bps_permits 29020            PAGE   5, SERIES bps_permits_addi

 C 17  Final weights for irregular component
  From  2004.Jan to 2026.Jun
  Observations        270
  Lower sigma limit    1.50
  Upper sigma limit    2.50
 -----------------------------------------------------------------------------
               Jan      Feb      Mar      Apr      May      Jun 
               Jul      Aug      Sep      Oct      Nov      Dec         S.D.  
 -----------------------------------------------------------------------------
  2004         100.       0.       0.      95.     100.     100.
               100.     100.     100.     100.      28.      93.          235.
 
  2005           0.     100.     100.     100.     100.     100.
                 0.     100.      74.     100.     100.     100.          235.
 
  2006         100.     100.     100.     100.      59.     100.
               100.     100.     100.     100.     100.     100.          235.
 
  2007         100.     100.     100.     100.     100.     100.
               100.     100.     100.     100.     100.     100.          302.
 
  2008         100.     100.     100.     100.     100.     100.
               100.     100.     100.     100.     100.      96.          291.
 
  2009          33.      12.       0.       0.       0.     100.
               100.     100.     100.     100.     100.     100.          304.
 
  2010         100.     100.     100.     100.     100.     100.
               100.     100.     100.     100.     100.     100.          405.
 
  2011         100.     100.     100.     100.     100.     100.
               100.     100.     100.     100.     100.     100.          502.
 
  2012         100.     100.     100.     100.     100.     100.
               100.     100.       0.       0.       0.     100.          572.
 
  2013         100.     100.     100.     100.     100.     100.
               100.     100.     100.       0.      80.     100.         1039.
 
  2014         100.     100.     100.     100.     100.     100.
               100.     100.      97.     100.     100.     100.         1190.
 
  2015         100.     100.     100.     100.     100.       0.
               100.     100.     100.       0.     100.     100.         1151.
 
  2016         100.     100.     100.     100.       0.      39.
               100.     100.     100.     100.     100.     100.         1385.
 
  2017         100.     100.     100.     100.     100.     100.
               100.     100.     100.     100.     100.     100.         1390.
 
  2018         100.     100.     100.     100.     100.     100.
               100.       0.     100.     100.     100.     100.         1099.
 
  2019           0.     100.     100.     100.       0.     100.
               100.     100.     100.     100.     100.     100.         1052.
 
  2020         100.     100.     100.     100.     100.     100.
               100.     100.     100.     100.     100.     100.         1062.
 
  2021         100.     100.     100.       0.      57.     100.
               100.     100.       0.     100.     100.     100.          663.
 
  2022         100.     100.     100.     100.     100.     100.
               100.     100.     100.     100.     100.       0.          638.
 
  2023         100.     100.     100.     100.     100.     100.
               100.     100.     100.     100.       0.     100.          643.
 
  2024         100.     100.     100.      89.     100.     100.
               100.     100.     100.     100.     100.     100.          712.
 
  2025         100.     100.     100.     100.     100.     100.
               100.     100.     100.     100.     100.      91.          686.
 
  2026         100.      81.      15.       0.       0.       0.
                                                                          686.
 
        bps_permits 29020            PAGE   6, SERIES bps_permits_addi

 D 8  Final unmodified SI ratios
  From  2004.Jan to 2026.Jun
  Observations        270
 -----------------------------------------------------------------------------
               Jan      Feb      Mar      Apr      May      Jun 
               Jul      Aug      Sep      Oct      Nov      Dec         AVGE  
 -----------------------------------------------------------------------------
  2004          -9.     -15.      11.       9.       3.      -4.
                 6.       0.      -2.       1.       4.      -1.            0.
 
  2005         -21.      -4.      -2.       2.       4.       2.
                -2.       4.       4.      -4.      -1.      -5.           -2.
 
  2006          -5.      -4.       4.       3.      -2.      -1.
                 5.       5.      -1.       2.      -2.      -7.           -0.
 
  2007          -3.      -3.       0.       4.       4.       1.
                 3.       2.      -0.      -4.      -1.      -1.            0.
 
  2008          -4.      -3.       1.       3.       4.       3.
                 1.      -0.      -1.      -1.      -4.      -5.           -1.
 
  2009          -6.      -6.      55.      -5.      -5.      -3.
                -0.      -1.      -3.       0.      -1.       0.            2.
 
  2010           0.      -1.      -0.      -0.       1.       2.
                -1.       1.      -0.       0.      -1.      -1.            0.
 
  2011          -1.      -2.       5.      -3.       2.      -1.
                -1.       2.      -1.       0.       2.       0.            0.
 
  2012          -1.      -2.       0.       0.      -2.      -4.
                -7.      -0.      49.      -6.      62.      -3.            7.
 
  2013          -8.      -4.      -5.      -0.      -1.      -3.
                 1.      -1.      -5.      54.      27.      -8.            4.
 
  2014         -10.      -8.       5.      -0.      -3.      -4.
                -3.       4.      20.      -5.       1.      -1.           -0.
 
  2015          -7.      -8.      -1.       1.      -1.      84.
                -1.       8.      -1.      69.      -8.      -6.           11.
 
  2016          -7.      -2.      -5.      -1.     202.     -10.
                -2.      -6.     -10.       4.       9.      -7.           14.
 
  2017          -3.      -4.      -5.       3.      12.       2.
                 1.      -3.      -4.      -2.       4.      -4.           -0.
 
  2018           7.      -3.      -7.      -1.       3.      -3.
                11.      60.      -5.      -1.     -12.      22.            6.
 
  2019          45.     -11.      -7.       2.      53.      -2.
                -8.      -3.      -0.       0.      -6.      24.            7.
 
  2020          -4.     -10.       2.      -9.      12.      -6.
                 7.      -3.       1.      -8.       2.       2.           -1.
 
  2021           4.      -3.       0.      28.      -6.      -5.
                 5.       5.      19.      -1.      -5.      -1.            3.
 
  2022          -4.       3.      -0.       3.      -4.       1.
                 6.       5.      -5.      -2.       0.      41.            4.
 
  2023          -6.      -4.      -3.       1.       3.       5.
                -0.      -1.      -3.       9.      24.      -2.            2.
 
  2024          -6.      -4.       5.      -8.      11.       1.
                 7.      -6.      -6.       4.      -5.       9.            0.
 
  2025          -6.      -2.       2.       5.      -3.      -3.
                 1.       2.       6.       3.      -4.     -10.           -1.
 
  2026          -8.     -12.      -8.      84.     -16.      33.
                                                                           12.
 
  AVGE          -3.      -5.       2.       5.      12.       4.
                 1.       3.       2.       5.       4.       2.

  Table Total-         733.   Mean-         3.   Std. Dev.-        19.
                              Min -       -21.        Max -       202.
        bps_permits 29020            PAGE   7, SERIES bps_permits_addi

 D 8.B  Final unmodified SI ratios, with labels for outliers and extreme values
  From  2004.Jan to 2026.Jun
  Observations        270
 ---------------------------------------------------------------------
               Jan       Feb       Mar       Apr       May       Jun  
               Jul       Aug       Sep       Oct       Nov       Dec  
 ---------------------------------------------------------------------
  2004         -9.      -15.*      11.*       9.*       3.       -4.  
                6.        0.       -2.        1.        4.*      -1.* 
 
  2005        -21.*      -4.       -2.        2.        4.        2.  
               -2.*       4.        4.*      -4.       -1.       -5.  
 
  2006         -5.       -4.        4.        3.       -2.*      -1.  
                5.        5.       -1.        2.       -2.       -7.  
 
  2007         -3.       -3.        0.        4.        4.        1.  
                3.        2.       -0.       -4.       -1.       -1.  
 
  2008         -4.       -3.        1.        3.        4.        3.  
                1.       -0.       -1.       -1.       -4.       -5.* 
 
  2009         -6.*      -6.*      55.*      -5.*      -5.*      -3.  
               -0.       -1.       -3.        0.       -1.        0.  
 
  2010          0.       -1.       -0.       -0.        1.        2.  
               -1.        1.       -0.        0.       -1.       -1.  
 
  2011         -1.       -2.        5.       -3.        2.       -1.  
               -1.        2.       -1.        0.        2.        0.  
 
  2012         -1.       -2.        0.        0.       -2.       -4.  
               -7.       -0.       49.*      -6.*      62.*      -3.  
 
  2013         -8.       -4.       -5.       -0.       -1.       -3.  
                1.       -1.       -5.       54.*      27.*      -8.  
 
  2014        -10.       -8.        5.       -0.       -3.       -4.  
               -3.        4.       20.*      -5.        1.       -1.  
 
  2015         -7.       -8.       -1.        1.       -1.       84.* 
               -1.        8.       -1.       69.*      -8.       -6.  
 
  2016         -7.       -2.       -5.       -1.      202.*     -10.* 
               -2.       -6.      -10.        4.        9.       -7.  
 
  2017         -3.       -4.       -5.        3.       12.        2.  
                1.       -3.       -4.       -2.        4.       -4.  
 
  2018          7.       -3.       -7.       -1.        3.       -3.  
               11.       60.*      -5.       -1.      -12.       22.  
 
  2019         45.*     -11.       -7.        2.       53.*      -2.  
               -8.       -3.       -0.        0.       -6.       24.  
 
  2020         -4.      -10.        2.       -9.       12.       -6.  
                7.       -3.        1.       -8.        2.        2.  
 
  2021          4.       -3.        0.       28.*      -6.*      -5.  
                5.        5.       19.*      -1.       -5.       -1.  
 
  2022         -4.        3.       -0.        3.       -4.        1.  
                6.        5.       -5.       -2.        0.       41.* 
 
  2023         -6.       -4.       -3.        1.        3.        5.  
               -0.       -1.       -3.        9.       24.*      -2.  
 
  2024         -6.       -4.        5.       -8.*      11.        1.  
                7.       -6.       -6.        4.       -5.        9.  
 
  2025         -6.       -2.        2.        5.       -3.       -3.  
                1.        2.        6.        3.       -4.      -10.* 
 
  2026         -8.      -12.*      -8.*      84.*     -16.*      33.* 
                                                                      
 

  Key to symbols:
    *  : extreme value as determined by X-11 extreme value procedure
 
        bps_permits 29020            PAGE   8, SERIES bps_permits_addi

 D 9  Final replacement values for SI ratios
  From  2004.Jan to 2026.Jun
  Observations        270
 ---------------------------------------------------------------
               Jan      Feb      Mar      Apr      May      Jun 
               Jul      Aug      Sep      Oct      Nov      Dec 
 ---------------------------------------------------------------
  2004     ********      -4.       2.       8. ******** ********
           ******** ******** ******** ********       1.      -1.
 
  2005          -7. ******** ******** ******** ******** ********
                 4. ********       3. ******** ******** ********
 
  2006     ******** ******** ******** ********      -0. ********
           ******** ******** ******** ******** ******** ********
 
  2007     ******** ******** ******** ******** ******** ********
           ******** ******** ******** ******** ******** ********
 
  2008     ******** ******** ******** ******** ******** ********
           ******** ******** ******** ******** ********      -5.
 
  2009          -1.       1.       6.       4.       4. ********
           ******** ******** ******** ******** ******** ********
 
  2010     ******** ******** ******** ******** ******** ********
           ******** ******** ******** ******** ******** ********
 
  2011     ******** ******** ******** ******** ******** ********
           ******** ******** ******** ******** ******** ********
 
  2012     ******** ******** ******** ******** ******** ********
           ******** ********       8.      11.      12. ********
 
  2013     ******** ******** ******** ******** ******** ********
           ******** ******** ********       9.      23. ********
 
  2014     ******** ******** ******** ******** ******** ********
           ******** ********      20. ******** ******** ********
 
  2015     ******** ******** ******** ******** ********       9.
           ******** ******** ********       8. ******** ********
 
  2016     ******** ******** ******** ********      22.       7.
           ******** ******** ******** ******** ******** ********
 
  2017     ******** ******** ******** ******** ******** ********
           ******** ******** ******** ******** ******** ********
 
  2018     ******** ******** ******** ******** ******** ********
           ********       1. ******** ******** ******** ********
 
  2019           4. ******** ******** ********      12. ********
           ******** ******** ******** ******** ******** ********
 
  2020     ******** ******** ******** ******** ******** ********
           ******** ******** ******** ******** ******** ********
 
  2021     ******** ******** ********       0.      -1. ********
           ******** ********       0. ******** ******** ********
 
  2022     ******** ******** ******** ******** ******** ********
           ******** ******** ******** ******** ********       4.
 
  2023     ******** ******** ******** ******** ******** ********
           ******** ******** ******** ********      -1. ********
 
  2024     ******** ******** ********      -7. ******** ********
           ******** ******** ******** ******** ******** ********
 
  2025     ******** ******** ******** ******** ******** ********
           ******** ******** ******** ******** ********      -9.
 
  2026     ********     -10.       6.      10.      11.       8.
                                                                
 

 D 9.A  Moving seasonality ratio
 ---------------------------------------------------------------
               Jan      Feb      Mar      Apr      May      Jun 
 ---------------------------------------------------------------
   I          2.592    2.906    3.954    4.000    6.319    4.060
   S          0.878    0.560    0.795    0.638    0.940    0.592
 RATIO        2.953    5.190    4.971    6.272    6.721    6.863



 ---------------------------------------------------------------
               Jul      Aug      Sep      Oct      Nov      Dec 
 ---------------------------------------------------------------
   I          4.851    3.876    6.109    4.911    6.008    6.989
   S          0.850    0.494    0.784    0.875    1.197    1.201
 RATIO        5.708    7.845    7.790    5.613    5.021    5.821



        bps_permits 29020            PAGE   9, SERIES bps_permits_addi

 D 10  Final seasonal factors
  From  2004.Jan to 2026.Jun
  Observations        270
  Seasonal filter    3 x 5 moving average
 -----------------------------------------------------------------------------
               Jan      Feb      Mar      Apr      May      Jun 
               Jul      Aug      Sep      Oct      Nov      Dec         AVGE  
 -----------------------------------------------------------------------------
  2004          -6.      -4.       1.       5.       2.      -1.
                 5.       3.      -0.      -1.      -1.      -4.           -0.
 
  2005          -6.      -4.       1.       4.       3.      -0.
                 5.       3.      -0.      -1.      -1.      -4.           -0.
 
  2006          -5.      -4.       1.       4.       3.       0.
                 4.       2.      -0.      -1.      -2.      -4.           -0.
 
  2007          -4.      -3.       2.       4.       3.       0.
                 3.       2.      -1.      -1.      -2.      -3.           -0.
 
  2008          -3.      -2.       2.       3.       3.       1.
                 2.       1.      -1.      -1.      -2.      -3.           -0.
 
  2009          -2.      -2.       2.       2.       3.       0.
                 0.       1.      -1.       0.      -1.      -2.            0.
 
  2010          -2.      -1.       2.       1.       2.      -1.
                -1.       0.      -0.       2.       2.      -2.            0.
 
  2011          -2.      -2.       2.       0.       1.      -2.
                -2.       0.       1.       3.       5.      -2.            0.
 
  2012          -4.      -3.       1.      -0.      -0.      -2.
                -2.       1.       3.       4.       7.      -3.            0.
 
  2013          -5.      -4.       0.      -0.       0.      -1.
                -2.       1.       4.       5.       7.      -4.            0.
 
  2014          -6.      -5.      -1.      -0.       3.       1.
                -2.       1.       2.       4.       6.      -5.           -0.
 
  2015          -6.      -5.      -2.       0.       5.       2.
                -1.       1.       1.       3.       4.      -3.           -0.
 
  2016          -4.      -6.      -3.       1.       8.       3.
                 0.       0.      -2.       2.       0.       0.           -0.
 
  2017          -2.      -6.      -4.       0.      10.       2.
                 1.      -1.      -3.       0.      -2.       5.           -0.
 
  2018          -0.      -6.      -4.      -0.      10.      -0.
                 2.      -2.      -3.      -1.      -2.       7.            0.
 
  2019           1.      -6.      -3.      -1.       8.      -2.
                 3.      -1.      -2.      -2.      -3.       9.            0.
 
  2020           1.      -5.      -2.      -1.       5.      -2.
                 3.       0.      -2.      -2.      -3.       8.            0.
 
  2021          -1.      -4.      -1.      -1.       4.      -2.
                 4.       1.      -2.      -1.      -3.       6.           -0.
 
  2022          -3.      -4.      -0.      -1.       3.      -1.
                 4.       1.      -2.       1.      -2.       3.           -0.
 
  2023          -4.      -3.       1.       0.       3.       1.
                 4.       0.      -2.       2.      -2.       1.           -0.
 
  2024          -5.      -3.       2.       2.       3.       2.
                 3.      -1.      -2.       3.      -3.      -0.           -0.
 
  2025          -6.      -4.       2.       2.       4.       3.
                 2.      -2.      -2.       2.      -3.      -1.           -0.
 
  2026          -5.      -4.       3.       3.       5.       3.
                                                                            1.
 
  AVGE          -3.      -4.       0.       1.       4.       0.
                 2.       1.      -1.       1.       0.      -0.

  Table Total-           3.   Mean-         0.   Std. Dev.-         3.
                              Min -        -6.        Max -        10.

 D 10.A  Final seasonal component forecasts
  From  2026.Jul to 2027.Jun
  Observations         12
 -----------------------------------------------------------------------------
               Jan      Feb      Mar      Apr      May      Jun 
               Jul      Aug      Sep      Oct      Nov      Dec         AVGE  
 -----------------------------------------------------------------------------
  2026                                                          
                 2.      -2.      -1.       2.      -3.      -1.           -1.
 
  2027          -5.      -4.       3.       3.       4.       2.
                                                                            1.
 
        bps_permits 29020            PAGE  10, SERIES bps_permits_addi

 D 11  Final seasonally adjusted data
  From  2004.Jan to 2026.Jun
  Observations        270
 -----------------------------------------------------------------------------
               Jan      Feb      Mar      Apr      May      Jun 
               Jul      Aug      Sep      Oct      Nov      Dec        TOTAL  
 -----------------------------------------------------------------------------
  2004          23.      15.      36.      30.      27.      24.
                28.      24.      25.      29.      32.      30.          322.
 
  2005          12.      26.      23.      24.      26.      26.
                16.      23.      24.      16.      17.      15.          249.
 
  2006          15.      13.      15.      11.       6.       9.
                11.      13.       8.      12.       9.       6.          127.
 
  2007           9.       8.       6.       7.       8.       8.
                 7.       6.       7.       3.       6.       7.           83.
 
  2008           4.       3.       3.       4.       5.       6.
                 3.       3.       4.       5.       3.       3.           46.
 
  2009           2.       2.      59.      -1.      -3.       2.
                 4.       1.       1.       2.       1.       3.           72.
 
  2010           3.       1.      -2.      -1.       0.       4.
                 1.       2.       1.       0.      -1.       3.           10.
 
  2011           4.       3.       6.      -0.       3.       3.
                 3.       3.      -1.      -2.      -3.       3.           21.
 
  2012           4.       3.       2.       4.       3.       4.
                 3.       7.      55.      -1.      64.       9.          157.
 
  2013           6.       8.       3.       7.       6.       5.
                11.       6.       0.      59.      30.       7.          148.
 
  2014           7.       8.      17.      11.       5.       6.
                 9.      13.      28.       1.       4.      13.          121.
 
  2015           8.       6.      10.      10.       3.      91.
                 9.      16.       7.      76.      -2.       8.          243.
 
  2016           9.      16.      11.      11.     207.       0.
                11.       7.       4.      13.      19.       3.          311.
 
  2017           8.      11.       8.      11.      10.       7.
                 7.       4.       5.       4.      12.      -3.           84.
 
  2018          13.      10.       5.       8.       3.       8.
                21.      75.      12.      14.       5.      29.          204.
 
  2019          58.       8.       8.      14.      55.      10.
                -1.       8.      12.      13.       8.      27.          221.
 
  2020           8.       8.      17.       5.      20.       9.
                17.      10.      16.       7.      17.       6.          140.
 
  2021          17.      13.      13.      40.       1.       8.
                11.      14.      31.      10.       8.       3.          169.
 
  2022           9.      17.      10.      14.       3.      12.
                12.      13.       6.       5.      10.      45.          156.
 
  2023           5.       6.       3.       9.       8.      13.
                 6.      10.      11.      20.      40.      12.          145.
 
  2024          15.      15.      20.       7.      25.      16.
                21.      11.      12.      16.      13.      22.          195.
 
  2025          12.      13.      10.      12.       1.       2.
                 7.      12.      17.      11.      10.       4.          109.
 
  2026          12.       8.       7.     100.      -1.      51.
                                                                          179.
 
  AVGE          11.      10.      13.      15.      18.      14.
                10.      13.      13.      14.      14.      12.

  Table Total-        3511.   Mean-        13.   Std. Dev.-        19.
                              Min -        -3.        Max -       207.
        bps_permits 29020            PAGE  11, SERIES bps_permits_addi

 D 12  Final trend cycle
  From  2004.Jan to 2026.Jun
  Observations        270
  Trend filter    23-term Henderson moving average
  I/C ratio        6.11
 -----------------------------------------------------------------------------
               Jan      Feb      Mar      Apr      May      Jun 
               Jul      Aug      Sep      Oct      Nov      Dec        TOTAL  
 -----------------------------------------------------------------------------
  2004          26.      26.      26.      26.      26.      27.
                27.      27.      27.      27.      27.      27.          318.
 
  2005          27.      26.      26.      25.      25.      24.
                23.      22.      20.      19.      18.      16.          271.
 
  2006          15.      13.      12.      12.      11.      11.
                10.      10.       9.       9.       9.       9.          129.
 
  2007           8.       8.       8.       7.       7.       7.
                 7.       6.       6.       6.       5.       5.           80.
 
  2008           5.       4.       4.       4.       4.       4.
                 4.       4.       4.       5.       5.       5.           53.
 
  2009           6.       6.       6.       6.       5.       5.
                 4.       3.       2.       2.       1.       1.           47.
 
  2010           1.       1.       1.       1.       1.       1.
                 1.       1.       1.       2.       2.       2.           13.
 
  2011           3.       3.       3.       3.       2.       2.
                 2.       1.       1.       1.       1.       1.           21.
 
  2012           1.       2.       2.       4.       5.       6.
                 7.       9.       9.      10.      10.      10.           74.
 
  2013           9.       8.       7.       7.       6.       7.
                 7.       8.       9.      10.      11.      11.          101.
 
  2014          11.      11.      11.      11.      11.      10.
                10.      10.      10.      10.       9.       9.          124.
 
  2015           9.       9.       9.       9.       9.       9.
                 9.       9.       9.      10.      10.      11.          113.
 
  2016          11.      12.      13.      14.      14.      14.
                13.      13.      12.      11.      10.      10.          146.
 
  2017           9.       9.       9.       8.       8.       7.
                 7.       6.       6.       6.       6.       6.           88.
 
  2018           6.       7.       8.       9.      10.      11.
                12.      13.      14.      15.      15.      15.          134.
 
  2019          14.      13.      12.      11.      10.      10.
                10.      10.      10.      11.      12.      12.          135.
 
  2020          13.      13.      13.      13.      13.      13.
                13.      13.      13.      13.      12.      12.          153.
 
  2021          12.      12.      12.      12.      11.      11.
                10.      10.      10.      10.      10.      10.          129.
 
  2022          10.      10.      10.      10.      10.      10.
                10.       9.       9.       8.       8.       7.          111.
 
  2023           7.       7.       7.       7.       8.       9.
                10.      11.      12.      13.      14.      15.          123.
 
  2024          16.      16.      17.      17.      17.      17.
                17.      16.      16.      15.      15.      13.          192.
 
  2025          12.      11.      10.       9.       9.       8.
                 8.       8.       8.       9.      11.      13.          117.
 
  2026          15.      16.      18.      19.      21.      21.
                                                                          110.
 
  AVGE          11.      11.      11.      11.      11.      11.
                10.      10.      10.      10.      10.      10.

  Table Total-        2782.   Mean-        10.   Std. Dev.-         6.
                              Min -         1.        Max -        27.
        bps_permits 29020            PAGE  12, SERIES bps_permits_addi

 D 13  Final irregular component
  From  2004.Jan to 2026.Jun
  Observations        270
 -----------------------------------------------------------------------------
               Jan      Feb      Mar      Apr      May      Jun 
               Jul      Aug      Sep      Oct      Nov      Dec         S.D.  
 -----------------------------------------------------------------------------
  2004          -3.     -11.      10.       4.       0.      -3.
                 1.      -3.      -2.       2.       5.       3.            5.
 
  2005         -15.      -0.      -3.      -2.       2.       2.
                -7.       1.       4.      -3.      -0.      -1.            5.
 
  2006           1.      -1.       3.      -1.      -5.      -2.
                 1.       3.      -1.       3.      -0.      -3.            2.
 
  2007           1.      -0.      -1.       0.       1.       1.
                 0.      -0.       1.      -3.       1.       3.            1.
 
  2008          -1.      -1.      -1.       0.       1.       3.
                -1.      -1.      -0.       0.      -2.      -3.            1.
 
  2009          -4.      -4.      53.      -7.      -8.      -3.
                -0.      -2.      -2.       0.      -1.       2.           16.
 
  2010           2.       1.      -3.      -2.      -1.       3.
                 0.       1.       0.      -1.      -3.       0.            2.
 
  2011           2.       0.       4.      -3.       1.       1.
                 1.       2.      -2.      -3.      -4.       2.            2.
 
  2012           3.       1.      -1.       1.      -1.      -3.
                -5.      -2.      46.     -11.      54.      -1.           21.
 
  2013          -3.       0.      -5.       1.      -1.      -2.
                 4.      -3.      -9.      49.      19.      -4.           16.
 
  2014          -4.      -3.       6.       0.      -5.      -4.
                -2.       3.      18.      -9.      -6.       4.            7.
 
  2015          -1.      -3.       1.       1.      -7.      82.
                -1.       7.      -2.      66.     -12.      -2.           31.
 
  2016          -2.       3.      -2.      -2.     193.     -13.
                -3.      -6.      -8.       2.       8.      -7.           56.
 
  2017          -1.       2.      -1.       3.       2.      -0.
                 0.      -2.      -1.      -2.       6.      -9.            3.
 
  2018           7.       3.      -3.      -0.      -7.      -3.
                 9.      61.      -2.      -1.      -9.      14.           19.
 
  2019          44.      -5.      -4.       3.      45.       0.
               -11.      -2.       2.       2.      -4.      15.           19.
 
  2020          -4.      -5.       4.      -8.       7.      -3.
                 4.      -3.       3.      -6.       5.      -6.            5.
 
  2021           5.       1.       1.      29.     -10.      -3.
                 1.       4.      21.       0.      -2.      -7.           11.
 
  2022          -1.       7.      -0.       4.      -7.       2.
                 2.       4.      -3.      -3.       3.      38.           12.
 
  2023          -1.      -1.      -4.       1.      -0.       4.
                -4.      -1.      -1.       7.      26.      -3.            8.
 
  2024          -1.      -1.       4.      -9.       8.      -0.
                 5.      -6.      -5.       1.      -2.       9.            5.
 
  2025          -1.       2.      -1.       2.      -8.      -6.
                -1.       4.       8.       1.      -1.      -9.            5.
 
  2026          -2.      -8.     -11.      81.     -21.      30.
                                                                           37.
 
  S.D.          10.       4.      12.      18.      42.      19.
                 4.      13.      12.      18.      14.      10.

  Table Total-         730.   Mean-         3.   Std. Dev.-        18.
                              Min -       -21.        Max -       193.
        bps_permits 29020            PAGE  13, SERIES bps_permits_addi

 D 16  Combined adjustment factors
  From  2004.Jan to 2026.Jun
  Observations        270
 -----------------------------------------------------------------------------
               Jan      Feb      Mar      Apr      May      Jun 
               Jul      Aug      Sep      Oct      Nov      Dec         AVGE  
 -----------------------------------------------------------------------------
  2004          -6.      -4.       1.       5.       2.      -1.
                 5.       3.      -0.      -1.      -1.      -4.           -0.
 
  2005          -6.      -4.       1.       4.       3.      -0.
                 5.       3.      -0.      -1.      -1.      -4.           -0.
 
  2006          -5.      -4.       1.       4.       3.       0.
                 4.       2.      -0.      -1.      -2.      -4.           -0.
 
  2007          -4.      -3.       2.       4.       3.       0.
                 3.       2.      -1.      -1.      -2.      -3.           -0.
 
  2008          -3.      -2.       2.       3.       3.       1.
                 2.       1.      -1.      -1.      -2.      -3.           -0.
 
  2009          -2.      -2.       2.       2.       3.       0.
                 0.       1.      -1.       0.      -1.      -2.            0.
 
  2010          -2.      -1.       2.       1.       2.      -1.
                -1.       0.      -0.       2.       2.      -2.            0.
 
  2011          -2.      -2.       2.       0.       1.      -2.
                -2.       0.       1.       3.       5.      -2.            0.
 
  2012          -4.      -3.       1.      -0.      -0.      -2.
                -2.       1.       3.       4.       7.      -3.            0.
 
  2013          -5.      -4.       0.      -0.       0.      -1.
                -2.       1.       4.       5.       7.      -4.            0.
 
  2014          -6.      -5.      -1.      -0.       3.       1.
                -2.       1.       2.       4.       6.      -5.           -0.
 
  2015          -6.      -5.      -2.       0.       5.       2.
                -1.       1.       1.       3.       4.      -3.           -0.
 
  2016          -4.      -6.      -3.       1.       8.       3.
                 0.       0.      -2.       2.       0.       0.           -0.
 
  2017          -2.      -6.      -4.       0.      10.       2.
                 1.      -1.      -3.       0.      -2.       5.           -0.
 
  2018          -0.      -6.      -4.      -0.      10.      -0.
                 2.      -2.      -3.      -1.      -2.       7.            0.
 
  2019           1.      -6.      -3.      -1.       8.      -2.
                 3.      -1.      -2.      -2.      -3.       9.            0.
 
  2020           1.      -5.      -2.      -1.       5.      -2.
                 3.       0.      -2.      -2.      -3.       8.            0.
 
  2021          -1.      -4.      -1.      -1.       4.      -2.
                 4.       1.      -2.      -1.      -3.       6.           -0.
 
  2022          -3.      -4.      -0.      -1.       3.      -1.
                 4.       1.      -2.       1.      -2.       3.           -0.
 
  2023          -4.      -3.       1.       0.       3.       1.
                 4.       0.      -2.       2.      -2.       1.           -0.
 
  2024          -5.      -3.       2.       2.       3.       2.
                 3.      -1.      -2.       3.      -3.      -0.           -0.
 
  2025          -6.      -4.       2.       2.       4.       3.
                 2.      -2.      -2.       2.      -3.      -1.           -0.
 
  2026          -5.      -4.       3.       3.       5.       3.
                                                                            1.
 
  AVGE          -3.      -4.       0.       1.       4.       0.
                 2.       1.      -1.       1.       0.      -0.

  Table Total-           3.   Mean-         0.   Std. Dev.-         3.
                              Min -        -6.        Max -        10.

 D 16.A  Combined adjustment component forecasts
  From  2026.Jul to 2027.Jun
  Observations         12
 -----------------------------------------------------------------------------
               Jan      Feb      Mar      Apr      May      Jun 
               Jul      Aug      Sep      Oct      Nov      Dec         AVGE  
 -----------------------------------------------------------------------------
  2026                                                          
                 2.      -2.      -1.       2.      -3.      -1.           -1.
 
  2027          -5.      -4.       3.       3.       4.       2.
                                                                            1.
 
        bps_permits 29020            PAGE  14, SERIES bps_permits_addi

 E 4  Differences of annual totals
  From          2004 to 2025
  Observations         22
 -----------------------------------
  Year       Unmodified     Modified
                  (D11)         (E2)
 -----------------------------------
  2004              -0.          -0.
 
  2005              -1.          -1.
 
  2006              -1.          -1.
 
  2007              -1.          -1.
 
  2008              -0.          -0.
 
  2009               1.           1.
 
  2010               3.           3.
 
  2011               3.           3.
 
  2012               2.           2.
 
  2013               1.           1.
 
  2014              -1.          -1.
 
  2015              -2.          -2.
 
  2016              -1.          -1.
 
  2017              -0.          -0.
 
  2018               0.           0.
 
  2019               0.           0.
 
  2020               0.           0.
 
  2021              -0.          -0.
 
  2022              -1.          -1.
 
  2023              -1.          -1.
 
  2024              -1.          -1.
 
  2025              -1.          -1.
 
        bps_permits 29020            PAGE  15, SERIES bps_permits_addi

 E 5  Month-to-month differences in the original series
  From  2004.Feb to 2026.Jun
  Observations        269
 -----------------------------------------------------------------------------
               Jan      Feb      Mar      Apr      May      Jun 
               Jul      Aug      Sep      Oct      Nov      Dec         AVGE  
 -----------------------------------------------------------------------------
  2004                   -6.      26.      -2.      -6.      -6.
                10.      -6.      -2.       3.       3.      -5.            1.
 
  2005         -20.      16.       2.       4.       1.      -3.
                -5.       5.      -2.      -9.       1.      -5.           -1.
 
  2006          -1.      -1.       7.      -1.      -6.       0.
                 6.       0.      -7.       3.      -4.      -5.           -1.
 
  2007           3.       0.       3.       3.       0.      -3.
                 2.      -2.      -2.      -4.       2.       0.            0.
 
  2008          -3.       0.       4.       2.       1.      -1.
                -2.      -1.      -1.       1.      -3.      -1.           -0.
 
  2009           0.       0.      61.     -60.      -1.       2.
                 2.      -2.      -2.       2.      -2.       1.            0.
 
  2010           0.      -1.       0.       0.       2.       1.
                -3.       2.      -1.       1.      -1.       0.            0.
 
  2011           1.      -1.       7.      -8.       4.      -3.
                 0.       2.      -3.       1.       1.      -1.            0.
 
  2012          -1.       0.       3.       1.      -1.      -1.
                -1.       7.      50.     -55.      68.     -65.            0.
 
  2013          -5.       3.      -1.       4.      -1.      -2.
                 5.      -2.      -3.      60.     -27.     -34.           -0.
 
  2014          -2.       2.      13.      -5.      -3.      -1.
                 0.       7.      16.     -25.       5.      -2.            0.
 
  2015          -6.      -1.       7.       2.      -2.      85.
               -85.       9.      -9.      71.     -77.       3.           -0.
 
  2016           0.       5.      -2.       4.     203.    -212.
                 8.      -4.      -5.      13.       4.     -16.           -0.
 
  2017           3.      -1.      -1.       7.       9.     -11.
                -1.      -5.      -1.       2.       6.      -8.           -0.
 
  2018          11.      -9.      -3.       7.       5.      -5.
                15.      50.     -64.       4.     -10.      33.            3.
 
  2019          23.     -57.       3.       8.      50.     -55.
                -6.       5.       3.       1.      -6.      31.            0.
 
  2020         -27.      -6.      12.     -11.      21.     -18.
                13.     -10.       4.      -9.       9.       0.           -2.
 
  2021           2.      -7.       3.      27.     -34.       1.
                 9.       0.      14.     -20.      -4.       4.           -0.
 
  2022          -3.       7.      -3.       3.      -7.       5.
                 5.      -2.     -10.       2.       2.      40.            3.
 
  2023         -47.       2.       1.       5.       2.       3.
                -4.       0.      -1.      13.      16.     -25.           -3.
 
  2024          -3.       2.      10.     -13.      19.     -10.
                 6.     -14.       0.       9.      -9.      12.            1.
 
  2025         -16.       3.       3.       2.      -9.       0.
                 4.       1.       5.      -2.      -6.      -4.           -2.
 
  2026           4.      -3.       6.      93.     -99.      50.
                                                                            9.
 
  AVGE          -4.      -2.       7.       3.       6.      -8.
                -1.       2.      -1.       3.      -1.      -2.

  Table Total-          37.   Mean-         0.   Std. Dev.-        27.
                              Min -      -212.        Max -       203.
        bps_permits 29020            PAGE  16, SERIES bps_permits_addi

 E 6  Month-to-month differences in seasonally adjusted series (D11)
  From  2004.Feb to 2026.Jun
  Observations        269
 -----------------------------------------------------------------------------
               Jan      Feb      Mar      Apr      May      Jun 
               Jul      Aug      Sep      Oct      Nov      Dec         AVGE  
 -----------------------------------------------------------------------------
  2004                   -8.      21.      -6.      -4.      -3.
                 4.      -4.       1.       4.       3.      -2.            1.
 
  2005         -18.      14.      -3.       0.       3.      -0.
               -10.       7.       1.      -8.       1.      -3.           -1.
 
  2006           0.      -3.       2.      -4.      -5.       3.
                 2.       1.      -4.       4.      -4.      -3.           -1.
 
  2007           3.      -1.      -1.       1.       0.      -0.
                -0.      -1.       1.      -4.       3.       2.            0.
 
  2008          -4.      -1.      -0.       1.       1.       2.
                -3.      -1.       1.       1.      -2.      -0.           -0.
 
  2009          -1.      -0.      57.     -60.      -2.       4.
                 2.      -2.      -1.       1.      -1.       2.            0.
 
  2010          -0.      -1.      -3.       1.       1.       4.
                -3.       1.      -1.      -1.      -2.       4.           -0.
 
  2011           1.      -1.       4.      -7.       4.      -1.
                 0.      -0.      -4.      -1.      -1.       6.            0.
 
  2012           0.      -1.      -1.       2.      -1.       0.
                -1.       4.      48.     -56.      65.     -55.            0.
 
  2013          -3.       2.      -6.       5.      -2.      -1.
                 6.      -6.      -5.      59.     -29.     -23.           -0.
 
  2014           1.       1.       9.      -6.      -6.       1.
                 3.       4.      15.     -27.       3.       9.            0.
 
  2015          -5.      -2.       4.      -0.      -7.      88.
               -82.       8.      -9.      69.     -78.      10.           -0.
 
  2016           1.       6.      -4.       0.     196.    -207.
                10.      -4.      -3.      10.       5.     -16.           -0.
 
  2017           6.       3.      -3.       3.      -1.      -3.
                -0.      -3.       1.      -1.       8.     -14.           -0.
 
  2018          16.      -3.      -5.       3.      -5.       5.
                13.      53.     -62.       2.      -8.      23.            3.
 
  2019          29.     -51.       1.       6.      41.     -45.
               -11.       9.       4.       1.      -5.      19.           -0.
 
  2020         -19.      -0.       9.     -13.      15.     -10.
                 7.      -7.       6.      -9.      11.     -11.           -2.
 
  2021          11.      -4.      -0.      27.     -39.       7.
                 3.       3.      16.     -21.      -2.      -5.           -0.
 
  2022           6.       8.      -7.       4.     -11.       9.
                 0.       1.      -8.      -1.       5.      35.            4.
 
  2023         -40.       1.      -3.       6.      -1.       5.
                -7.       4.       1.       9.      20.     -28.           -3.
 
  2024           3.       0.       5.     -13.      18.      -9.
                 5.     -11.       1.       5.      -4.      10.            1.
 
  2025         -11.       1.      -3.       2.     -11.       2.
                 5.       5.       5.      -6.      -1.      -6.           -2.
 
  2026           9.      -4.      -1.      93.    -101.      52.
                                                                            8.
 
  AVGE          -1.      -2.       3.       2.       4.      -4.
                -3.       3.       0.       1.      -0.      -2.

  Table Total-          28.   Mean-         0.   Std. Dev.-        26.
                              Min -      -207.        Max -       196.
        bps_permits 29020            PAGE  17, SERIES bps_permits_addi

 E 7  Month-to-month differences in final trend cycle (D12)
  From  2004.Feb to 2026.Jun
  Observations        269
 -----------------------------------------------------------------------------
               Jan      Feb      Mar      Apr      May      Jun 
               Jul      Aug      Sep      Oct      Nov      Dec         AVGE  
 -----------------------------------------------------------------------------
  2004                    0.       0.       0.       0.       0.
                 0.       0.       0.      -0.      -0.      -0.            0.
 
  2005          -0.      -0.      -0.      -1.      -1.      -1.
                -1.      -1.      -1.      -1.      -2.      -2.           -1.
 
  2006          -1.      -1.      -1.      -1.      -1.      -0.
                -0.      -0.      -0.      -0.      -0.      -0.           -1.
 
  2007          -0.      -0.      -0.      -0.      -0.      -0.
                -0.      -0.      -0.      -0.      -0.      -0.           -0.
 
  2008          -0.      -0.      -0.      -0.      -0.      -0.
                -0.       0.       0.       0.       0.       0.            0.
 
  2009           0.       0.      -0.      -0.      -0.      -1.
                -1.      -1.      -1.      -1.      -0.      -0.           -0.
 
  2010          -0.      -0.      -0.      -0.      -0.       0.
                 0.       0.       0.       0.       0.       0.            0.
 
  2011           0.       0.       0.      -0.      -0.      -0.
                -0.      -0.      -0.      -0.      -0.       0.           -0.
 
  2012           0.       1.       1.       1.       1.       1.
                 1.       1.       1.       0.       0.      -0.            1.
 
  2013          -1.      -1.      -1.      -1.      -0.       0.
                 1.       1.       1.       1.       1.       0.            0.
 
  2014           0.      -0.      -0.      -0.      -0.      -0.
                -0.      -0.      -0.      -0.      -0.      -0.           -0.
 
  2015          -0.      -0.       0.       0.       0.       0.
                 0.      -0.      -0.       0.       0.       1.            0.
 
  2016           1.       1.       1.       1.       0.      -0.
                -0.      -1.      -1.      -1.      -1.      -1.           -0.
 
  2017          -0.      -0.      -0.      -0.      -0.      -1.
                -1.      -0.      -0.      -0.      -0.       0.           -0.
 
  2018           0.       1.       1.       1.       1.       1.
                 1.       1.       1.       1.       0.      -0.            1.
 
  2019          -1.      -1.      -1.      -1.      -1.      -0.
                -0.       0.       0.       1.       1.       1.           -0.
 
  2020           0.       0.       0.      -0.      -0.      -0.
                -0.      -0.       0.      -0.      -0.      -0.           -0.
 
  2021          -0.      -0.      -0.      -0.      -0.      -0.
                -0.      -0.      -0.      -0.      -0.       0.           -0.
 
  2022           0.       0.       0.       0.       0.      -0.
                -0.      -0.      -1.      -1.      -1.      -0.           -0.
 
  2023          -0.      -0.       0.       0.       1.       1.
                 1.       1.       1.       1.       1.       1.            1.
 
  2024           1.       0.       0.       0.       0.      -0.
                -0.      -0.      -0.      -1.      -1.      -1.           -0.
 
  2025          -1.      -1.      -1.      -1.      -1.      -1.
                -0.       0.       1.       1.       1.       2.           -0.
 
  2026           2.       2.       2.       1.       1.       1.
                                                                            1.
 
  AVGE          -0.      -0.      -0.      -0.      -0.      -0.
                -0.      -0.      -0.      -0.      -0.      -0.

  Table Total-          -4.   Mean-        -0.   Std. Dev.-         1.
                              Min -        -2.        Max -         2.
        bps_permits 29020            PAGE  18, SERIES bps_permits_addi

 E 8  Month-to-month differences in original series adjusted for calendar factors (A18)
  From  2004.Feb to 2026.Jun
  Observations        269
 -----------------------------------------------------------------------------
               Jan      Feb      Mar      Apr      May      Jun 
               Jul      Aug      Sep      Oct      Nov      Dec         AVGE  
 -----------------------------------------------------------------------------
  2004                   -6.      26.      -2.      -6.      -6.
                10.      -6.      -2.       3.       3.      -5.            1.
 
  2005         -20.      16.       2.       4.       1.      -3.
                -5.       5.      -2.      -9.       1.      -5.           -1.
 
  2006          -1.      -1.       7.      -1.      -6.       0.
                 6.       0.      -7.       3.      -4.      -5.           -1.
 
  2007           3.       0.       3.       3.       0.      -3.
                 2.      -2.      -2.      -4.       2.       0.            0.
 
  2008          -3.       0.       4.       2.       1.      -1.
                -2.      -1.      -1.       1.      -3.      -1.           -0.
 
  2009           0.       0.      61.     -60.      -1.       2.
                 2.      -2.      -2.       2.      -2.       1.            0.
 
  2010           0.      -1.       0.       0.       2.       1.
                -3.       2.      -1.       1.      -1.       0.            0.
 
  2011           1.      -1.       7.      -8.       4.      -3.
                 0.       2.      -3.       1.       1.      -1.            0.
 
  2012          -1.       0.       3.       1.      -1.      -1.
                -1.       7.      50.     -55.      68.     -65.            0.
 
  2013          -5.       3.      -1.       4.      -1.      -2.
                 5.      -2.      -3.      60.     -27.     -34.           -0.
 
  2014          -2.       2.      13.      -5.      -3.      -1.
                 0.       7.      16.     -25.       5.      -2.            0.
 
  2015          -6.      -1.       7.       2.      -2.      85.
               -85.       9.      -9.      71.     -77.       3.           -0.
 
  2016           0.       5.      -2.       4.     203.    -212.
                 8.      -4.      -5.      13.       4.     -16.           -0.
 
  2017           3.      -1.      -1.       7.       9.     -11.
                -1.      -5.      -1.       2.       6.      -8.           -0.
 
  2018          11.      -9.      -3.       7.       5.      -5.
                15.      50.     -64.       4.     -10.      33.            3.
 
  2019          23.     -57.       3.       8.      50.     -55.
                -6.       5.       3.       1.      -6.      31.            0.
 
  2020         -27.      -6.      12.     -11.      21.     -18.
                13.     -10.       4.      -9.       9.       0.           -2.
 
  2021           2.      -7.       3.      27.     -34.       1.
                 9.       0.      14.     -20.      -4.       4.           -0.
 
  2022          -3.       7.      -3.       3.      -7.       5.
                 5.      -2.     -10.       2.       2.      40.            3.
 
  2023         -47.       2.       1.       5.       2.       3.
                -4.       0.      -1.      13.      16.     -25.           -3.
 
  2024          -3.       2.      10.     -13.      19.     -10.
                 6.     -14.       0.       9.      -9.      12.            1.
 
  2025         -16.       3.       3.       2.      -9.       0.
                 4.       1.       5.      -2.      -6.      -4.           -2.
 
  2026           4.      -3.       6.      93.     -99.      50.
                                                                            9.
 
  AVGE          -4.      -2.       7.       3.       6.      -8.
                -1.       2.      -1.       3.      -1.      -2.

  Table Total-          37.   Mean-         0.   Std. Dev.-        27.
                              Min -      -212.        Max -       203.
        bps_permits 29020            PAGE  19, SERIES bps_permits_addi

 E 18  Final adjustment ratios
  From  2004.Jan to 2026.Jun
  Observations        270
 -----------------------------------------------------------------------------
               Jan      Feb      Mar      Apr      May      Jun 
               Jul      Aug      Sep      Oct      Nov      Dec         AVGE  
 -----------------------------------------------------------------------------
  2004       73.431   73.307  102.563  115.101  109.338   97.394
            117.708  113.011   99.521   97.411   96.966   87.508        98.605
 
  2005       50.544   84.881  103.879  118.914  110.225   99.104
            128.279  112.023   98.957   94.067   92.791   74.686        97.363
 
  2006       66.289   71.722  107.540  136.803  149.839  101.964
            134.592  118.683   94.812   90.018   81.186   35.493        99.078
 
  2007       55.746   62.974  123.794  146.857  138.020  106.412
            139.384  128.771   87.945   66.152   67.353   53.692        98.092
 
  2008       26.880   31.365  169.071  161.522  162.540  108.344
            148.392  141.868   73.951   81.286   35.821    0.000        95.087
 
  2009        0.000    0.000  103.986 -118.275   -0.000  105.329
            104.929  138.294    0.000  115.097    0.000   33.312        40.223
 
  2010       39.247    0.000   -0.000   -0.000 1215.644   79.348
              0.000  105.593   73.347 1173.283  -74.733   35.946       220.640
 
  2011       47.775   35.410  126.376   -0.000  116.049   37.472
             36.565  111.060   -0.000  -45.212  -62.342   31.410        36.214
 
  2012        0.000    0.000  158.944   93.297   87.883   54.751
             34.924  116.275  104.921 -257.353  110.408   67.891        47.662
 
  2013       16.093   48.180  110.190   94.093  106.226   86.303
             81.052  127.217  951.758  107.810  122.410   43.957       157.941
 
  2014       13.457   36.761   95.171   99.944  149.029  114.640
             81.107  109.832  107.512  999.212  264.231   62.987       177.823
 
  2015       24.757   15.801   79.954  102.300  303.752  102.174
             92.762  103.716  108.758  104.083 -110.926   60.333        82.289
 
  2016       53.397   64.258   71.310  104.909  103.696  654.715
            101.395  100.067   56.375  113.502  102.536  112.319       136.540
 
  2017       73.312   46.785   50.772  100.140  195.317  121.634
            113.336   73.328   42.023  107.078   85.517  -78.194        77.587
 
  2018       98.301   40.270   19.679   94.936  431.577   98.149
            107.790   97.962   73.435   94.045   55.946  125.321       111.451
 
  2019      101.341   26.291   60.104   92.123  114.812   79.606
           -194.707   88.506   80.848   83.684   64.096  132.116        60.735
 
  2020      107.326   36.504   86.062   81.238  127.203   74.174
            118.801  103.396   90.162   74.776   81.437  236.380       101.455
 
  2021       94.194   66.779   91.719   96.684  582.066   77.141
            134.226  103.856   94.210   92.094   65.279  297.021       149.606
 
  2022       69.354   78.447   99.913   93.794  200.372   93.017
            130.886  104.454   71.110  117.937   78.119  105.717       103.593
 
  2023       18.843   48.620  140.022  101.716  133.742  103.772
            161.916  100.727   82.494  108.532   94.138  106.161       100.057
 
  2024       66.405   78.538  107.906  122.417  111.822  110.574
            111.970   94.103   86.267  116.512   78.093   98.313        98.577
 
  2025       51.675   69.065  125.611  119.572  800.073  206.879
            124.744   84.726   90.409  123.526   70.049   82.630       162.413
 
  2026       57.224   48.658  138.836  102.837 -735.784  105.046
                                                                       -47.197
 
  AVGE       52.417   46.288   98.844   89.605  204.932  122.519
             91.366  108.067  116.764  166.252   63.562   82.045

  Table Total-       27953.   Mean-       104.   Std. Dev.-       158.
                              Min -      -736.        Max -      1216.

 E 18.A  Final adjustment ratio forecasts
  From  2026.Jul to 2027.Jun
  Observations         12
 -----------------------------------------------------------------------------
               Jan      Feb      Mar      Apr      May      Jun 
               Jul      Aug      Sep      Oct      Nov      Dec         AVGE  
 -----------------------------------------------------------------------------
  2026                                                          
            109.199   88.748   93.530  115.316   84.694   95.459        97.824
 
  2027       78.273   81.284  120.020  123.321  130.163  115.315
                                                                       108.063
 
        bps_permits 29020            PAGE  20, SERIES bps_permits_addi

 E 18.B  Total adjustment factors
  From  2004.Jan to 2026.Jun
  Observations        270
 -----------------------------------------------------------------------------
               Jan      Feb      Mar      Apr      May      Jun 
               Jul      Aug      Sep      Oct      Nov      Dec         AVGE  
 -----------------------------------------------------------------------------
  2004          -6.      -4.       1.       5.       2.      -1.
                 5.       3.      -0.      -1.      -1.      -4.           -0.
 
  2005          -6.      -4.       1.       4.       3.      -0.
                 5.       3.      -0.      -1.      -1.      -4.           -0.
 
  2006          -5.      -4.       1.       4.       3.       0.
                 4.       2.      -0.      -1.      -2.      -4.           -0.
 
  2007          -4.      -3.       2.       4.       3.       0.
                 3.       2.      -1.      -1.      -2.      -3.           -0.
 
  2008          -3.      -2.       2.       3.       3.       1.
                 2.       1.      -1.      -1.      -2.      -3.           -0.
 
  2009          -2.      -2.       2.       2.       3.       0.
                 0.       1.      -1.       0.      -1.      -2.            0.
 
  2010          -2.      -1.       2.       1.       2.      -1.
                -1.       0.      -0.       2.       2.      -2.            0.
 
  2011          -2.      -2.       2.       0.       1.      -2.
                -2.       0.       1.       3.       5.      -2.            0.
 
  2012          -4.      -3.       1.      -0.      -0.      -2.
                -2.       1.       3.       4.       7.      -3.            0.
 
  2013          -5.      -4.       0.      -0.       0.      -1.
                -2.       1.       4.       5.       7.      -4.            0.
 
  2014          -6.      -5.      -1.      -0.       3.       1.
                -2.       1.       2.       4.       6.      -5.           -0.
 
  2015          -6.      -5.      -2.       0.       5.       2.
                -1.       1.       1.       3.       4.      -3.           -0.
 
  2016          -4.      -6.      -3.       1.       8.       3.
                 0.       0.      -2.       2.       0.       0.           -0.
 
  2017          -2.      -6.      -4.       0.      10.       2.
                 1.      -1.      -3.       0.      -2.       5.           -0.
 
  2018          -0.      -6.      -4.      -0.      10.      -0.
                 2.      -2.      -3.      -1.      -2.       7.            0.
 
  2019           1.      -6.      -3.      -1.       8.      -2.
                 3.      -1.      -2.      -2.      -3.       9.            0.
 
  2020           1.      -5.      -2.      -1.       5.      -2.
                 3.       0.      -2.      -2.      -3.       8.            0.
 
  2021          -1.      -4.      -1.      -1.       4.      -2.
                 4.       1.      -2.      -1.      -3.       6.           -0.
 
  2022          -3.      -4.      -0.      -1.       3.      -1.
                 4.       1.      -2.       1.      -2.       3.           -0.
 
  2023          -4.      -3.       1.       0.       3.       1.
                 4.       0.      -2.       2.      -2.       1.           -0.
 
  2024          -5.      -3.       2.       2.       3.       2.
                 3.      -1.      -2.       3.      -3.      -0.           -0.
 
  2025          -6.      -4.       2.       2.       4.       3.
                 2.      -2.      -2.       2.      -3.      -1.           -0.
 
  2026          -5.      -4.       3.       3.       5.       3.
                                                                            1.
 
  AVGE          -3.      -4.       0.       1.       4.       0.
                 2.       1.      -1.       1.       0.      -0.

  Table Total-           3.   Mean-         0.   Std. Dev.-         3.
                              Min -        -6.        Max -        10.

 E 18.C  Total adjustment factor forecasts
  From  2026.Jul to 2027.Jun
  Observations         12
 -----------------------------------------------------------------------------
               Jan      Feb      Mar      Apr      May      Jun 
               Jul      Aug      Sep      Oct      Nov      Dec         AVGE  
 -----------------------------------------------------------------------------
  2026                                                          
                 2.      -2.      -1.       2.      -3.      -1.           -1.
 
  2027          -5.      -4.       3.       3.       4.       2.
                                                                            1.
 

  QS statistic for seasonality:
  Original Series                                     0.00  (P-Value =     1.0000)
  Original Series (EV adj)                            0.00  (P-Value =     1.0000)
  Residuals                                           0.16  (P-Value =     0.9220)
  Seasonally Adjusted Series                          0.00  (P-Value =     1.0000)
  Seasonally Adjusted Series (EV adj)                 0.00  (P-Value =     1.0000)
  Irregular Series                                    0.00  (P-Value =     1.0000)
  Irregular Series (EV adj)                           0.00  (P-Value =     1.0000)

  QS statistic for seasonality (starting 2018.Jul):
  Original Series                                     0.19  (P-Value =     0.9079)
  Original Series (EV adj)                            0.19  (P-Value =     0.9079)
  Residuals                                           0.00  (P-Value =     1.0000)
  Seasonally Adjusted Series                          0.00  (P-Value =     1.0000)
  Seasonally Adjusted Series (EV adj)                 0.00  (P-Value =     1.0000)
  Irregular Series                                    0.00  (P-Value =     1.0000)
  Irregular Series (EV adj)                           0.00  (P-Value =     1.0000)


 WARNING: Series should not be a candidate for seasonal adjustment
          because the spectrum of the original series (Table A1 or B1)
          has no visually significant seasonal peaks.

          If this is a component series of an indirectly adjusted
          composite series, consider using type = trend or type = summary
          in the x11 spec.
        bps_permits 29020            PAGE  21, SERIES bps_permits_addi
 G 0  10*LOG(SPECTRUM) of the differenced Original Series
      (Table A1 or B1).  Spectrum estimated from 2018.Jul to 2026.Jun.
 ++++++++++I+++++++++++++++++++++++++++++++++++++++++++++++++++++++++++++I
      34.72I                                                     *       I     34.72
           I                                                     *       I
           I                                                     *       I
           I                                                     *       I
      32.94I                                                    T*       I     32.94
           I                                                    T*       I
           I                                                    T*       I
           I                                                   *T*       I
      31.15I                                                   *T*    *  I     31.15
           I                              S                    *T**   *  I
           I                              S*              *   S*T**  **  I
           I                              S*              *   S*T**  **  I
      29.37I                              S*              **  S*T**  **  I     29.37
           I                              S*              **  S*T**  **  I
           I                      *       S*          T  *** *S*T**  **  I
           I                      *   *  *S*          T  *****S*T*** **  I
      27.59I                      *  **  *S**     *   T* *****S*T******* I     27.59
           I                      *  **  *S**    **  *T*******S*T******* I
           I                      ** *****S**    **  *T*******S*T******* I
           I                      ********S**    ***S*T*******S*T*******SI
      25.81I                      ********S***   ***S*T*******S*T*******SI     25.81
           I                      ********S***  ****S*T*******S*T*******SI
           I                     *********S***  ****S*T*******S*T*******SI
           I                     *********S**** ****S*T*******S*T*******SI
      24.03I                     *********S*********S*T*******S*T*******SI     24.03
           I                     *********S*********S*T*******S*T*******SI
           I                     *********S*********S*T*******S*T*******SI
           I                     *********S*********S*T*******S*T*******SI
      22.24I                     *********S*********S*T*******S*T*******SI     22.24
           I                     *********S*********S*T*******S*T*******SI
           I                     *********S*********S*T*******S*T*******SI
           I                     *********S*********S*T*******S*T*******SI
      20.46I                *    *********S*********S*T*******S*T*******SI     20.46
           I                *   S*********S*********S*T*******S*T*******SI
           I                *   S*********S*********S*T*******S*T*******SI
           I                *   S*********S*********S*T*******S*T*******SI
      18.68I               ***  S*********S*********S*T*******S*T*******SI     18.68
           I               ***  S*********S*********S*T*******S*T*******SI
           I               *** *S*********S*********S*T*******S*T*******SI
           I               *****S*********S*********S*T*******S*T*******SI
      16.90I               *****S*********S*********S*T*******S*T*******SI     16.90
           I               *****S*********S*********S*T*******S*T*******SI
           I              ******S*********S*********S*T*******S*T*******SI
           I              ******S*********S*********S*T*******S*T*******SI
      15.12I   *          ******S*********S*********S*T*******S*T*******SI     15.12
           I   **        *******S*********S*********S*T*******S*T*******SI
           I   **      *********S*********S*********S*T*******S*T*******SI
           I  ***      *********S*********S*********S*T*******S*T*******SI
      13.33I  ****    S*********S*********S*********S*T*******S*T*******SI     13.33
           I  *****   S*********S*********S*********S*T*******S*T*******SI
           I  ****** *S*********S*********S*********S*T*******S*T*******SI
           I *********S*********S*********S*********S*T*******S*T*******SI
      11.55I**********S*********S*********S*********S*T*******S*T*******SI     11.55
 ++++++++++I+++++++++++++++++++++++++++++++++++++++++++++++++++++++++++++I
            S=SEASONAL FREQUENCIES, T=TRADING DAY FREQUENCIES
        bps_permits 29020            PAGE  22, SERIES bps_permits_addi
 G 1  10*LOG(SPECTRUM) of the differenced seasonally adjusted 
      data (Table E2).  Spectrum estimated from 2018.Jul to 2026.Jun.
 ++++++++++I+++++++++++++++++++++++++++++++++++++++++++++++++++++++++++++I
      26.22I                                                         *   I     26.22
           I                                                         *   I
           I                                                     *   *   I
           I                                                     *   *   I
      24.32I                                                     *   *   I     24.32
           I                                                     *  **   I
           I                                                     *  **   I
           I                                                     *  **   I
      22.41I                                           *        T*  **   I     22.41
           I                                           *        T** **   I
           I                                           *    *   T** **   I
           I                                           *    *   T*****   I
      20.51I                                          T*    *   T*****   I     20.51
           I                                          T*    *   T*****   I
           I                                          T*    *   T*****   I
           I                               *          T*   **   T******  I
      18.61I                           *   *          T*   **   T******  I     18.61
           I                          **   *       *  T*   *** *T******  I
           I                          **   *       *  T*   *** *T******  I
           I                      *   **   **      *  T*   ***S*T******  I
      16.71I                      *   **   **     **S*T*   ***S*T******  I     16.71
           I                      **  **   **     **S*T*   ***S*T******  I
           I                      **  **   **     **S*T**  ***S*T******  I
           I                      **  **   **     **S*T**  ***S*T******* I
      14.81I                 *    **  **   **     **S*T** ****S*T******* I     14.81
           I                 **   **  **   **     **S*T** ****S*T*******SI
           I                 **   **  **  S**    ***S*T*******S*T*******SI
           I              *****   **  **  S***   ***S*T*******S*T*******SI
      12.91I              *****   ******* S***   ***S*T*******S*T*******SI     12.91
           I              *****   ******* S***  ****S*T*******S*T*******SI
           I              *****  ******** S*********S*T*******S*T*******SI
           I             ******* *********S*********S*T*******S*T*******SI
      11.00I    *        ******* *********S*********S*T*******S*T*******SI     11.00
           I    *        ******* *********S*********S*T*******S*T*******SI
           I    *       ********S*********S*********S*T*******S*T*******SI
           I    *       ********S*********S*********S*T*******S*T*******SI
       9.10I    *       ********S*********S*********S*T*******S*T*******SI      9.10
           I    *       ********S*********S*********S*T*******S*T*******SI
           I    *      *********S*********S*********S*T*******S*T*******SI
           I    **     *********S*********S*********S*T*******S*T*******SI
       7.20I    **     *********S*********S*********S*T*******S*T*******SI      7.20
           I   ***     *********S*********S*********S*T*******S*T*******SI
           I   ***     *********S*********S*********S*T*******S*T*******SI
           I   ***     *********S*********S*********S*T*******S*T*******SI
       5.30I   ***    S*********S*********S*********S*T*******S*T*******SI      5.30
           I   ***    S*********S*********S*********S*T*******S*T*******SI
           I   ***    S*********S*********S*********S*T*******S*T*******SI
           I  ****    S*********S*********S*********S*T*******S*T*******SI
       3.40I  *****   S*********S*********S*********S*T*******S*T*******SI      3.40
           I  *****  *S*********S*********S*********S*T*******S*T*******SI
           I*******  *S*********S*********S*********S*T*******S*T*******SI
           I*******  *S*********S*********S*********S*T*******S*T*******SI
       1.49I**********S*********S*********S*********S*T*******S*T*******SI      1.49
 ++++++++++I+++++++++++++++++++++++++++++++++++++++++++++++++++++++++++++I
            S=SEASONAL FREQUENCIES, T=TRADING DAY FREQUENCIES
        bps_permits 29020            PAGE  23, SERIES bps_permits_addi
 G 2  10*LOG(SPECTRUM) of the Modified Irregular (Table E3).  
      Spectrum estimated from 2018.Jul to 2026.Jun.
 ++++++++++I+++++++++++++++++++++++++++++++++++++++++++++++++++++++++++++I
      19.56I                                                     *       I     19.56
           I                                                     *   *   I
           I                                                     *   *   I
           I                                                     *   *   I
      18.52I                                                     *  **   I     18.52
           I                                                     *  **   I
           I                                           *         *  **   I
           I                                           *         *  **   I
      17.47I                           *               *         *  **   I     17.47
           I                           *               *         *  **   I
           I                 *         *               *         *  **   I
           I                 *        **               *         *  **   I
      16.42I              *  *        **               *    *   T*  **   I     16.42
           I              ** *     *  **               *    *   T*  **   I
           I              ** *    **  **               *    *   T*  **   I
           I              ****    **  **   *           *    *   T** **   I
      15.38I              ****    **  **   *          T*    *   T** **   I     15.38
           I              ****    **  **   *          T*    *   T*****   I
           I              ****    **  **   *          T*    *   T*****   I
           I              *****   **  **   *          T*    *   T*****   I
      14.33I              *****   **  **   *          T*    *   T*****   I     14.33
           I              *****   **  **   *          T*    *   T*****   I
           I             ******   **  **   *          T*    **  T*****   I
           I             ******   **  **   *          T*    **  T*****   I
      13.29I             ******   **  **   *          T*   ***  T*****   I     13.29
           I             ******   **  **   *          T*   ***  T*****   I
           I             ******   **  **   *          T*   *** *T*****   I
           I             ******   **  **   **         T*   *** *T******  I
      12.24I            *******   ******   **     *   T*   *** *T******  I     12.24
           I            *******   ******   **     ** *T*   ***S*T******  I
           I           ********   ******* S**     ** *T**  ***S*T******  I
           I           ********   ******* S**     **S*T**  ***S*T******  I
      11.19I           ********   ******* S**     **S*T**  ***S*T******  I     11.19
           I           ********  ******** S**     **S*T**  ***S*T******  I
           I           ********* ******** S**     **S*T**  ***S*T******  I
           I           ********* ******** S**    ***S*T**  ***S*T******  I
      10.15I      *   S********* *********S**    ***S*T** ****S*T******  I     10.15
           I     **   S********* *********S**    ***S*T** ****S*T******  I
           I     **   S********* *********S**    ***S*T** ****S*T******  I
           I    ***   S*********S*********S**    ***S*T*******S*T******  I
       9.10I    ***   S*********S*********S**    ***S*T*******S*T******  I      9.10
           I   *****  S*********S*********S**    ***S*T*******S*T******* I
           I   ***** *S*********S*********S***   ***S*T*******S*T******* I
           I   ***** *S*********S*********S***  ****S*T*******S*T******* I
       8.06I   *******S*********S*********S***  ****S*T*******S*T******* I      8.06
           I  ********S*********S*********S***  ****S*T*******S*T*******SI
           I  ********S*********S*********S***  ****S*T*******S*T*******SI
           I  ********S*********S*********S***  ****S*T*******S*T*******SI
       7.01I  ********S*********S*********S*********S*T*******S*T*******SI      7.01
           I  ********S*********S*********S*********S*T*******S*T*******SI
           I *********S*********S*********S*********S*T*******S*T*******SI
           I *********S*********S*********S*********S*T*******S*T*******SI
       5.96I**********S*********S*********S*********S*T*******S*T*******SI      5.96
 ++++++++++I+++++++++++++++++++++++++++++++++++++++++++++++++++++++++++++I
            S=SEASONAL FREQUENCIES, T=TRADING DAY FREQUENCIES
        bps_permits 29020            PAGE  24, SERIES bps_permits_addi

  Peak probabilities for Tukey spectrum estimator
  Spectrum estimated from 2018.Jul to 2026.Jun.

                                          S1       S2       S3       S4       S5       S6       TD
                                        ------   ------   ------   ------   ------   ------   ------
  Model Residuals                        0.985*   0.826    0.931*   0.444    0.773    0.730    0.704  
  Original Series (Table A1 or B1)       0.778    0.301    0.947*   0.516    0.335    0.307    0.671  
  Seasonally adjusted series (E2)        0.416    0.059    0.477    0.240    0.011    0.057    0.814  
  Modified Irregular (E3)                0.393    0.086    0.542    0.190    0.023    0.041    0.830  
  ----------
     ** - Peak Probability > 0.99,
      * - 0.90 < Peak Probability < 0.99


