  Reading input spec file from D:\Programming\Dynamic Paper-dlrhcs_replication\outputs\empirical\unemployment\raw_sa_pilot\x13_work\bps_permits_additive_level_10420_200401_202606.spc

1

               U. S. Department of Commerce, U. S. Census Bureau

              X-13ARIMA-SEATS monthly seasonal adjustment Method,
                          Release Version 1.1 Build 62


           This software application provides an enhanced version of
             Statistics Canada's X-11-ARIMA extension (Dagum, 1980)
                 of the X-11 variant of the Census Method II of
                      Shiskin, Young and Musgrave (1967).

            It also provides an ARIMA model-based method following
       Hillmer and Tiao (1982) and Burman (1980) that is very similar
       to the update of the method of SEATS (Gomez and Maravall, 1996)
                produced at the Bank of Spain by G. Caporello and
               A. Maravall for TSW (Caporello and Maravall, 2004).
          The present application includes additional enhancements.

         X-13ARIMA-SEATS includes an automatic ARIMA model selection procedure
          based largely on the procedure of Gomez and Maravall (1998)
            as implemented in TRAMO (1996) and subsequent revisions.

              Primary Programmers: Brian Monsell, Mark Otto and,
                 for the ARIMA model-based signal extraction,
                      Gianluca Caporello and Victor Gomez


     Series Title- bps_permits 10420
     Series Name- bps_permits_addi
     Jul 29, 2026  08.22.08 

        -Period covered-  1st month,2004 to  6th month,2026
        -Type of run - additive seasonal adjustment

        -Sigma limits for graduating extreme values are  1.5 and  2.5 .
        -3x3 moving average used in section 1 of each iteration, 
         3x5 moving average in section 2 of iterations B and C,
         moving average for final seasonal factors chosen by Global MSR.
        -Holiday adjustment factors applied directly to the final seasonally adjusted series
        -Spectral plots generated for selected series
        -Spectral plots generated for series starting in 2018.Jul

 FILE SAVE REQUESTS (* indicates file exists and will be overwritten)
  D:\Programming\Dynamic Paper-dlrhcs_replication\outputs\empirical\unemployment\raw_sa_pilot\x13_work\bps_permits_additive_level_10420_200401_202606.d10  final seasonal factors
  D:\Programming\Dynamic Paper-dlrhcs_replication\outputs\empirical\unemployment\raw_sa_pilot\x13_work\bps_permits_additive_level_10420_200401_202606.d11  final seasonally adjusted data
  D:\Programming\Dynamic Paper-dlrhcs_replication\outputs\empirical\unemployment\raw_sa_pilot\x13_work\bps_permits_additive_level_10420_200401_202606.out  program output file
  D:\Programming\Dynamic Paper-dlrhcs_replication\outputs\empirical\unemployment\raw_sa_pilot\x13_work\bps_permits_additive_level_10420_200401_202606.err  program error file
        bps_permits 10420            PAGE   1, SERIES bps_permits_addi

     Contents of spc file D:\Programming\Dynamic Paper-dlrhcs_replication\outputs\empirical\unemployment\raw_sa_pilot\x13_work\bps_permits_additive_level_10420_200401_202606.spc

 Line #
 ------
      1: series {
      2:   title = "bps_permits 10420"
      3:   start = 2004.1
      4:   period = 12
      5:   data = (
      6: 126
      7: 174
      8: 266
      9: 299
     10: 313
     11: 285
     12: 280
     13: 274
     14: 273
     15: 282
     16: 263
     17: 168
     18: 97
     19: 134
     20: 154
     21: 189
     22: 176
     23: 220
     24: 166
     25: 184
     26: 181
     27: 191
     28: 120
     29: 92
     30: 109
     31: 110
     32: 174
     33: 135
     34: 164
     35: 171
     36: 115
     37: 143
     38: 92
     39: 112
     40: 109
     41: 74
     42: 74
     43: 61
     44: 129
     45: 114
     46: 112
     47: 111
     48: 84
     49: 88
     50: 90
     51: 85
     52: 70
     53: 50
     54: 93
     55: 35
     56: 62
     57: 71
     58: 74
     59: 76
     60: 66
     61: 78
     62: 63
     63: 60
     64: 32
     65: 31
     66: 23
     67: 24
     68: 36
     69: 91
     70: 41
     71: 50
     72: 52
     73: 46
     74: 44
     75: 45
     76: 40
     77: 20
     78: 21
     79: 27
     80: 43
     81: 47
     82: 36
     83: 43
     84: 53
     85: 57
     86: 52
     87: 60
     88: 35
     89: 26
     90: 16
     91: 29
     92: 46
     93: 53
     94: 91
     95: 68
     96: 51
     97: 51
     98: 26
     99: 29
    100: 26
    101: 16
    102: 13
    103: 23
    104: 34
    105: 40
    106: 44
    107: 45
    108: 37
    109: 72
    110: 41
    111: 38
    112: 41
    113: 36
    114: 26
    115: 33
    116: 45
    117: 43
    118: 43
    119: 46
    120: 53
    121: 47
    122: 37
    123: 44
    124: 21
    125: 29
    126: 26
    127: 21
    128: 41
    129: 52
    130: 39
    131: 51
    132: 47
    133: 53
    134: 45
    135: 43
    136: 38
    137: 21
    138: 14
    139: 17
    140: 27
    141: 47
    142: 36
    143: 57
    144: 54
    145: 50
    146: 43
    147: 43
    148: 34
    149: 34
    150: 28
    151: 33
    152: 54
    153: 54
    154: 53
    155: 80
    156: 57
    157: 57
    158: 45
    159: 45
    160: 55
    161: 48
    162: 59
    163: 47
    164: 50
    165: 41
    166: 62
    167: 11
    168: 53
    169: 54
    170: 53
    171: 54
    172: 50
    173: 43
    174: 49
    175: 36
    176: 143
    177: 51
    178: 71
    179: 79
    180: 70
    181: 62
    182: 64
    183: 47
    184: 54
    185: 20
    186: 35
    187: 27
    188: 38
    189: 49
    190: 53
    191: 54
    192: 59
    193: 44
    194: 69
    195: 50
    196: 38
    197: 30
    198: 38
    199: 40
    200: 51
    201: 44
    202: 38
    203: 61
    204: 52
    205: 57
    206: 62
    207: 53
    208: 52
    209: 45
    210: 45
    211: 45
    212: 64
    213: 78
    214: 63
    215: 45
    216: 42
    217: 52
    218: 62
    219: 67
    220: 61
    221: 126
    222: 69
    223: 56
    224: 81
    225: 107
    226: 142
    227: 103
    228: 84
    229: 75
    230: 86
    231: 1408
    232: 646
    233: 46
    234: 56
    235: 69
    236: 95
    237: 90
    238: 105
    239: 129
    240: 65
    241: 79
    242: 86
    243: 92
    244: 64
    245: 97
    246: 83
    247: 66
    248: 197
    249: 58
    250: 103
    251: 128
    252: 62
    253: 117
    254: 88
    255: 71
    256: 51
    257: 191
    258: 56
    259: 38
    260: 79
    261: 145
    262: 83
    263: 72
    264: 62
    265: 54
    266: 51
    267: 47
    268: 58
    269: 75
    270: 50
    271: 42
    272: 61
    273: 62
    274: 60
    275: 73
    276:   )
    277: }
    278: transform { function = none }
    279: regression { aictest = (td easter) }
    280: automdl {}
    281: x11 { mode = add save = (d10 d11) }
        bps_permits 10420            PAGE   2, SERIES bps_permits_addi

 A 1  Time series data (for the span analyzed)
  From  2004.Jan to 2026.Jun
  Observations        270
 -----------------------------------------------------------------------------
               Jan      Feb      Mar      Apr      May      Jun 
               Jul      Aug      Sep      Oct      Nov      Dec        TOTAL  
 -----------------------------------------------------------------------------
  2004         126.     174.     266.     299.     313.     285.
               280.     274.     273.     282.     263.     168.         3003.
 
  2005          97.     134.     154.     189.     176.     220.
               166.     184.     181.     191.     120.      92.         1904.
 
  2006         109.     110.     174.     135.     164.     171.
               115.     143.      92.     112.     109.      74.         1508.
 
  2007          74.      61.     129.     114.     112.     111.
                84.      88.      90.      85.      70.      50.         1068.
 
  2008          93.      35.      62.      71.      74.      76.
                66.      78.      63.      60.      32.      31.          741.
 
  2009          23.      24.      36.      91.      41.      50.
                52.      46.      44.      45.      40.      20.          512.
 
  2010          21.      27.      43.      47.      36.      43.
                53.      57.      52.      60.      35.      26.          500.
 
  2011          16.      29.      46.      53.      91.      68.
                51.      51.      26.      29.      26.      16.          502.
 
  2012          13.      23.      34.      40.      44.      45.
                37.      72.      41.      38.      41.      36.          464.
 
  2013          26.      33.      45.      43.      43.      46.
                53.      47.      37.      44.      21.      29.          467.
 
  2014          26.      21.      41.      52.      39.      51.
                47.      53.      45.      43.      38.      21.          477.
 
  2015          14.      17.      27.      47.      36.      57.
                54.      50.      43.      43.      34.      34.          456.
 
  2016          28.      33.      54.      54.      53.      80.
                57.      57.      45.      45.      55.      48.          609.
 
  2017          59.      47.      50.      41.      62.      11.
                53.      54.      53.      54.      50.      43.          577.
 
  2018          49.      36.     143.      51.      71.      79.
                70.      62.      64.      47.      54.      20.          746.
 
  2019          35.      27.      38.      49.      53.      54.
                59.      44.      69.      50.      38.      30.          546.
 
  2020          38.      40.      51.      44.      38.      61.
                52.      57.      62.      53.      52.      45.          593.
 
  2021          45.      45.      64.      78.      63.      45.
                42.      52.      62.      67.      61.     126.          750.
 
  2022          69.      56.      81.     107.     142.     103.
                84.      75.      86.    1408.     646.      46.         2903.
 
  2023          56.      69.      95.      90.     105.     129.
                65.      79.      86.      92.      64.      97.         1027.
 
  2024          83.      66.     197.      58.     103.     128.
                62.     117.      88.      71.      51.     191.         1215.
 
  2025          56.      38.      79.     145.      83.      72.
                62.      54.      51.      47.      58.      75.          820.
 
  2026          50.      42.      61.      62.      60.      73.
                                                                          348.
 
  AVGE          52.      52.      86.      85.      87.      89.
                76.      82.      75.     135.      89.      60.

  Table Total-       21736.   Mean-        81.   Std. Dev.-       104.
                              Min -        11.        Max -      1408.
        bps_permits 10420            PAGE   3, SERIES bps_permits_addi
                        Automatic ARIMA Model Selection

                    Procedure based closely on TRAMO method 
                         of Gomez and Maravall (2000)
              "Automatic Modeling Methods for Univariate Series",
                            A Course in Time Series
                  (Edited by D. Pena, G. C. Tiao, R. S. Tsay),
                         New York : J. Wiley and Sons


     Maximum order for regular ARMA parameters :   2
     Maximum order for seasonal ARMA parameters :   1
     Maximum order for regular differencing :   2
     Maximum order for seasonal differencing :   1

   Results of Unit Root Test for identifying orders of differencing:
     Regular difference order :   0
     Seasonal difference order :   0

  Automatic model choice : (1 0 2)


  Final Checks for Identified Model


  Checking for Unit Roots.
   Regular unit root found.
   ( 0, 1, 2) ( 0, 0, 0)
  Constant term removed from model

  Checking for nonseasonal overdifferencing.
   Nonseasonal MA not within  0.001 of 1.0 - model passes test.

  Checking for insignificant ARMA coefficients.

  Final automatic model choice : (0 1 2)
   End of automatic model selection procedure.

 Average absolute percentage error in within-sample forecasts:
  Last year:  75.51      Last-1 year:  74.44     Last-2 year:  95.42
  Last three years:   81.79

 Estimation converged in    2 ARMA iterations,    7 function evaluations.

 ARIMA Model:  (0 1 2)
   Nonseasonal differences: 1
                                              Standard
 Parameter                    Estimate          Errors
 -----------------------------------------------------
 Nonseasonal MA                                    
   Lag  1                       0.5001         0.05617
   Lag  2                       0.3843         0.05590

 Variance                       0.76520E+04
 SE of Var                      0.65980E+03
 -----------------------------------------------------

 Likelihood Statistics
 ------------------------------------------------------------------
 Number of observations (nobs)                                  270
 Effective number of observations (nefobs)                      269
 Number of parameters estimated (np)                              3
 Log likelihood (L)                                      -1585.1896
 AIC                                                      3176.3792 
 AICC (F-corrected-AIC)                                   3176.4698 
 Hannan Quinn                                             3180.7101 
 BIC                                                      3187.1633 
 ------------------------------------------------------------------

 QS Statistic for regARIMA Model Residuals (full series):             0.11
                                                       (P-Value =     0.9470)

 QS Statistic for regARIMA Model Residuals (starting 2018.Jul):       0.00
                                                       (P-Value =     1.0000)
      10*LOG(SPECTRUM) of the regARIMA model residuals
      Spectrum estimated from 2018.Jul to 2026.Jun.
 ++++++++++I+++++++++++++++++++++++++++++++++++++++++++++++++++++++++++++I
      45.50I                                                  S          I     45.50
           I                                                  S          I
           I                                                  S          I
           I                                                  S          I
      45.00I                                                  S*         I     45.00
           I                                                  S*         I
           I                                     *     *      S*        SI
           I                                     *     *      S*    *   SI
      44.50I                                     *     *      S*    *   SI     44.50
           I                    S  *    *        *     *      S*    *   SI
           I                   *S  *    *        *     *      S*    *   SI
           I                   *S  **   *       **     *      S*    *   SI
      44.00I                   *S  **   *   *   **     *      S*    *   SI     44.00
           I                   *S  **   *   **  **     *     *S*    *   SI
           I                   *S  **   *   **  **    T*     *S*    *   SI
           I                   *S  **   *   **  **    T*     *S*    *   SI
      43.49I                   *S* **  **   **  **    T*     *S*    *   SI     43.49
           I                   *S****  **   **  **    T*   ***S*    *   SI
           I                   *S****  **   **  **    T*   ***S*    *   SI
           I              **   *S****  **   **  **    T**  ***S*    *   SI
      42.99I             ***   *S****  **   **  **    T**  ***S*    *   SI     42.99
           I             ***  **S****  ***  **  **    T** ****S*    *   SI
           I    *       ****  **S****  ***  **  **    T** ****S*    *  *SI
           I    *       ***** **S***** ***  *******   T** ****S*   **  *SI
      42.49I   **  *    ***** **S***** ***  *******   T** ****S*   **  *SI     42.49
           I   **  *    ***** **S***** ***  *******   T*******S*   **  *SI
           I   ******   ********S********* ********   T*******S*   *** *SI
           I   ******   ********S********* ********   T*******S*   *** *SI
      41.99I   ******  *********S********* ********   T*******S*   *** *SI     41.99
           I   ******  *********S********* ********   T*******S*   *** *SI
           I   ******  *********S********* ********   T*******S*   *** *SI
           I   ******  *********S*********S********  *T*******S*   *** *SI
      41.49I   *******S*********S*********S********  *T*******S*T  *** *SI     41.49
           I   *******S*********S*********S********  *T*******S*T  *** *SI
           I   *******S*********S*********S********  *T*******S*T  *****SI
           I   *******S*********S*********S********  *T*******S*T  *****SI
      40.99I   *******S*********S*********S********  *T*******S*T  *****SI     40.99
           I  ********S*********S*********S********* *T*******S*T  *****SI
           I  ********S*********S*********S*********S*T*******S*T  *****SI
           I  ********S*********S*********S*********S*T*******S*T  *****SI
      40.49I  ********S*********S*********S*********S*T*******S*T  *****SI     40.49
           I  ********S*********S*********S*********S*T*******S*T  *****SI
           I  ********S*********S*********S*********S*T*******S*T  *****SI
           I  ********S*********S*********S*********S*T*******S*T  *****SI
      39.99I  ********S*********S*********S*********S*T*******S*T  *****SI     39.99
           I  ********S*********S*********S*********S*T*******S*T ******SI
           I  ********S*********S*********S*********S*T*******S*T ******SI
           I  ********S*********S*********S*********S*T*******S*T ******SI
      39.48I *********S*********S*********S*********S*T*******S*T ******SI     39.48
           I *********S*********S*********S*********S*T*******S*T*******SI
           I *********S*********S*********S*********S*T*******S*T*******SI
           I *********S*********S*********S*********S*T*******S*T*******SI
      38.98I**********S*********S*********S*********S*T*******S*T*******SI     38.98
 ++++++++++I+++++++++++++++++++++++++++++++++++++++++++++++++++++++++++++I
            S=SEASONAL FREQUENCIES, T=TRADING DAY FREQUENCIES


 FORECASTING
  Origin  2026.Jun
  Number        12

  Forecasts and Standard Errors
   ------------------------------
                         Standard
       Date   Forecast      Error
   ------------------------------
   2026.Jul      75.11     87.476
   2026.Aug      73.76     97.798
   2026.Sep      73.76     98.319
   2026.Oct      73.76     98.838
   2026.Nov      73.76     99.354
   2026.Dec      73.76     99.867
   2027.Jan      73.76    100.378
   2027.Feb      73.76    100.886
   2027.Mar      73.76    101.392
   2027.Apr      73.76    101.895
   2027.May      73.76    102.396
   2027.Jun      73.76    102.894
   ------------------------------

  Confidence intervals with coverage probability ( 0.95000
   ---------------------------------------
       Date      Lower  Forecast     Upper
   ---------------------------------------
   2026.Jul     -96.34     75.11    246.56
   2026.Aug    -117.92     73.76    265.44
   2026.Sep    -118.94     73.76    266.47
   2026.Oct    -119.95     73.76    267.48
   2026.Nov    -120.97     73.76    268.49
   2026.Dec    -121.97     73.76    269.50
   2027.Jan    -122.97     73.76    270.50
   2027.Feb    -123.97     73.76    271.50
   2027.Mar    -124.96     73.76    272.49
   2027.Apr    -125.95     73.76    273.48
   2027.May    -126.93     73.76    274.46
   2027.Jun    -127.90     73.76    275.43
   ---------------------------------------
        bps_permits 10420            PAGE   4, SERIES bps_permits_addi

 B 1  Original series (prior adjusted)
  From  2004.Jan to 2026.Jun
  Observations        270
 -----------------------------------------------------------------------------
               Jan      Feb      Mar      Apr      May      Jun 
               Jul      Aug      Sep      Oct      Nov      Dec        TOTAL  
 -----------------------------------------------------------------------------
  2004         126.     174.     266.     299.     313.     285.
               280.     274.     273.     282.     263.     168.         3003.
 
  2005          97.     134.     154.     189.     176.     220.
               166.     184.     181.     191.     120.      92.         1904.
 
  2006         109.     110.     174.     135.     164.     171.
               115.     143.      92.     112.     109.      74.         1508.
 
  2007          74.      61.     129.     114.     112.     111.
                84.      88.      90.      85.      70.      50.         1068.
 
  2008          93.      35.      62.      71.      74.      76.
                66.      78.      63.      60.      32.      31.          741.
 
  2009          23.      24.      36.      91.      41.      50.
                52.      46.      44.      45.      40.      20.          512.
 
  2010          21.      27.      43.      47.      36.      43.
                53.      57.      52.      60.      35.      26.          500.
 
  2011          16.      29.      46.      53.      91.      68.
                51.      51.      26.      29.      26.      16.          502.
 
  2012          13.      23.      34.      40.      44.      45.
                37.      72.      41.      38.      41.      36.          464.
 
  2013          26.      33.      45.      43.      43.      46.
                53.      47.      37.      44.      21.      29.          467.
 
  2014          26.      21.      41.      52.      39.      51.
                47.      53.      45.      43.      38.      21.          477.
 
  2015          14.      17.      27.      47.      36.      57.
                54.      50.      43.      43.      34.      34.          456.
 
  2016          28.      33.      54.      54.      53.      80.
                57.      57.      45.      45.      55.      48.          609.
 
  2017          59.      47.      50.      41.      62.      11.
                53.      54.      53.      54.      50.      43.          577.
 
  2018          49.      36.     143.      51.      71.      79.
                70.      62.      64.      47.      54.      20.          746.
 
  2019          35.      27.      38.      49.      53.      54.
                59.      44.      69.      50.      38.      30.          546.
 
  2020          38.      40.      51.      44.      38.      61.
                52.      57.      62.      53.      52.      45.          593.
 
  2021          45.      45.      64.      78.      63.      45.
                42.      52.      62.      67.      61.     126.          750.
 
  2022          69.      56.      81.     107.     142.     103.
                84.      75.      86.    1408.     646.      46.         2903.
 
  2023          56.      69.      95.      90.     105.     129.
                65.      79.      86.      92.      64.      97.         1027.
 
  2024          83.      66.     197.      58.     103.     128.
                62.     117.      88.      71.      51.     191.         1215.
 
  2025          56.      38.      79.     145.      83.      72.
                62.      54.      51.      47.      58.      75.          820.
 
  2026          50.      42.      61.      62.      60.      73.
                                                                          348.
 
  AVGE          52.      52.      86.      85.      87.      89.
                76.      82.      75.     135.      89.      60.

  Table Total-       21736.   Mean-        81.   Std. Dev.-       104.
                              Min -        11.        Max -      1408.

 B 1.A  Forecasts of (prior adjusted) original series
  From  2026.Jul to 2027.Jun
  Observations         12
 -----------------------------------------------------------------------------
               Jan      Feb      Mar      Apr      May      Jun 
               Jul      Aug      Sep      Oct      Nov      Dec        TOTAL  
 -----------------------------------------------------------------------------
  2026                                                          
                75.      74.      74.      74.      74.      74.          444.
 
  2027          74.      74.      74.      74.      74.      74.
                                                                          443.
 
        bps_permits 10420            PAGE   5, SERIES bps_permits_addi

 C 17  Final weights for irregular component
  From  2004.Jan to 2026.Jun
  Observations        270
  Lower sigma limit    1.50
  Upper sigma limit    2.50
 -----------------------------------------------------------------------------
               Jan      Feb      Mar      Apr      May      Jun 
               Jul      Aug      Sep      Oct      Nov      Dec         S.D.  
 -----------------------------------------------------------------------------
  2004           0.     100.     100.     100.     100.     100.
               100.     100.     100.     100.       0.     100.         1273.
 
  2005           0.     100.      15.     100.     100.      48.
               100.     100.     100.     100.      73.     100.         1273.
 
  2006         100.     100.     100.       0.     100.     100.
               100.     100.      42.     100.     100.     100.         1273.
 
  2007         100.     100.     100.     100.     100.     100.
               100.     100.     100.     100.     100.     100.         1102.
 
  2008           0.     100.     100.     100.     100.     100.
               100.     100.     100.     100.     100.     100.          871.
 
  2009         100.     100.       0.       0.       0.     100.
               100.     100.     100.     100.     100.     100.          612.
 
  2010         100.     100.     100.     100.      40.     100.
               100.     100.     100.     100.     100.     100.          594.
 
  2011         100.     100.     100.     100.       0.      93.
               100.     100.     100.     100.     100.     100.          587.
 
  2012         100.     100.     100.     100.     100.     100.
                17.       0.     100.      42.     100.     100.          471.
 
  2013         100.     100.     100.     100.     100.     100.
               100.     100.     100.     100.       0.     100.          440.
 
  2014         100.     100.     100.     100.     100.     100.
               100.     100.     100.     100.     100.     100.          470.
 
  2015         100.     100.     100.     100.     100.     100.
               100.     100.     100.     100.     100.     100.          541.
 
  2016         100.     100.     100.     100.     100.      19.
               100.     100.     100.     100.     100.     100.          701.
 
  2017         100.     100.     100.     100.      12.       0.
               100.     100.     100.     100.     100.     100.          885.
 
  2018         100.      43.       0.      37.     100.     100.
               100.     100.     100.     100.     100.      80.         1025.
 
  2019         100.     100.     100.     100.     100.     100.
                87.     100.     100.     100.      74.      70.         1166.
 
  2020         100.     100.     100.     100.     100.     100.
               100.     100.     100.     100.     100.     100.         7663.
 
  2021         100.     100.     100.     100.     100.     100.
               100.     100.     100.     100.     100.     100.         8059.
 
  2022         100.     100.     100.     100.     100.     100.
               100.       0.       0.       0.       0.       0.         8212.
 
  2023          27.     100.     100.     100.     100.     100.
               100.     100.     100.     100.     100.     100.         8260.
 
  2024         100.     100.     100.     100.     100.     100.
               100.     100.     100.     100.     100.     100.         8269.
 
  2025         100.     100.     100.     100.     100.     100.
               100.     100.     100.     100.     100.     100.         7888.
 
  2026         100.     100.     100.     100.     100.     100.
                                                                         7888.
 
        bps_permits 10420            PAGE   6, SERIES bps_permits_addi

 D 8  Final unmodified SI ratios
  From  2004.Jan to 2026.Jun
  Observations        270
 -----------------------------------------------------------------------------
               Jan      Feb      Mar      Apr      May      Jun 
               Jul      Aug      Sep      Oct      Nov      Dec         AVGE  
 -----------------------------------------------------------------------------
  2004        -104.     -68.      13.      36.      44.      15.
                13.      13.      20.      38.      31.     -48.            0.
 
  2005        -103.     -51.     -19.      23.      13.      56.
                 1.      20.      21.      35.     -32.     -58.           -8.
 
  2006         -41.     -40.      24.     -13.      22.      38.
                -9.      27.     -19.       3.       1.     -34.           -3.
 
  2007         -34.     -45.      27.      17.      20.      24.
                 0.       6.       9.       5.      -7.     -23.            0.
 
  2008          25.     -27.       4.      14.      17.      17.
                 6.      18.       6.       6.     -19.     -17.            4.
 
  2009         -24.     -23.     -11.      46.      -2.       9.
                12.       7.       4.       4.      -2.     -23.           -0.
 
  2010         -22.     -14.       4.      10.      -0.       5.
                12.      13.       5.      12.     -11.     -18.           -0.
 
  2011         -27.     -14.       2.       6.      44.      22.
                 9.      13.      -7.      -2.      -4.     -14.            2.
 
  2012         -19.     -10.       0.       6.       9.       9.
                -0.      33.      -0.      -5.      -4.     -10.            1.
 
  2013         -19.     -11.       3.       3.       4.       8.
                15.       9.      -2.       5.     -18.     -11.           -1.
 
  2014         -14.     -19.       1.      12.      -1.      11.
                 6.      12.       4.       3.       1.     -13.            0.
 
  2015         -18.     -14.      -6.      12.      -2.      16.
                12.       8.       1.       2.      -7.      -8.           -0.
 
  2016         -16.     -13.       6.       4.       2.      29.
                 8.       8.      -5.      -7.      -0.     -10.            0.
 
  2017           1.      -8.      -0.      -4.      20.     -31.
                 9.       7.       3.       2.      -4.     -13.           -2.
 
  2018          -9.     -25.      79.     -15.       4.      13.
                 7.       3.       8.      -5.       7.     -24.            4.
 
  2019          -6.     -13.      -3.       6.       8.       6.
                10.      -6.      20.       2.     -10.     -17.           -0.
 
  2020          -7.      -5.       4.      -7.     -17.       5.
                -3.       7.      19.      16.      16.       3.            3.
 
  2021          -7.     -19.     -10.      -2.     -16.     -25.
               -15.       7.      26.      31.      18.      67.            4.
 
  2022         -10.     -40.     -28.     -13.       4.     -65.
              -129.    -190.    -224.    1075.     321.    -241.           38.
 
  2023        -175.    -110.     -47.     -32.      -7.      24.
               -29.       2.      27.      42.       9.      25.          -23.
 
  2024         -12.     -48.      72.     -69.     -18.      19.
               -33.      31.       6.      -8.     -28.     108.            2.
 
  2025         -34.     -56.     -16.      54.      -0.      -3.
                -5.      -5.      -5.      -9.      -1.      16.           -5.
 
  2026          -8.     -14.       7.       7.       2.       9.
                                                                            1.
 
  AVGE         -30.     -30.       5.       4.       7.       9.
                -5.       2.      -4.      57.      12.     -17.

  Table Total-         192.   Mean-         1.   Std. Dev.-        77.
                              Min -      -241.        Max -      1075.
        bps_permits 10420            PAGE   7, SERIES bps_permits_addi

 D 8.B  Final unmodified SI ratios, with labels for outliers and extreme values
  From  2004.Jan to 2026.Jun
  Observations        270
 ---------------------------------------------------------------------
               Jan       Feb       Mar       Apr       May       Jun  
               Jul       Aug       Sep       Oct       Nov       Dec  
 ---------------------------------------------------------------------
  2004       -104.*     -68.       13.       36.       44.       15.  
               13.       13.       20.       38.       31.*     -48.  
 
  2005       -103.*     -51.      -19.*      23.       13.       56.* 
                1.       20.       21.       35.      -32.*     -58.  
 
  2006        -41.      -40.       24.      -13.*      22.       38.  
               -9.       27.      -19.*       3.        1.      -34.  
 
  2007        -34.      -45.       27.       17.       20.       24.  
                0.        6.        9.        5.       -7.      -23.  
 
  2008         25.*     -27.        4.       14.       17.       17.  
                6.       18.        6.        6.      -19.      -17.  
 
  2009        -24.      -23.      -11.*      46.*      -2.*       9.  
               12.        7.        4.        4.       -2.      -23.  
 
  2010        -22.      -14.        4.       10.       -0.*       5.  
               12.       13.        5.       12.      -11.      -18.  
 
  2011        -27.      -14.        2.        6.       44.*      22.* 
                9.       13.       -7.       -2.       -4.      -14.  
 
  2012        -19.      -10.        0.        6.        9.        9.  
               -0.*      33.*      -0.       -5.*      -4.      -10.  
 
  2013        -19.      -11.        3.        3.        4.        8.  
               15.        9.       -2.        5.      -18.*     -11.  
 
  2014        -14.      -19.        1.       12.       -1.       11.  
                6.       12.        4.        3.        1.      -13.  
 
  2015        -18.      -14.       -6.       12.       -2.       16.  
               12.        8.        1.        2.       -7.       -8.  
 
  2016        -16.      -13.        6.        4.        2.       29.* 
                8.        8.       -5.       -7.       -0.      -10.  
 
  2017          1.       -8.       -0.       -4.       20.*     -31.* 
                9.        7.        3.        2.       -4.      -13.  
 
  2018         -9.      -25.*      79.*     -15.*       4.       13.  
                7.        3.        8.       -5.        7.      -24.* 
 
  2019         -6.      -13.       -3.        6.        8.        6.  
               10.*      -6.       20.        2.      -10.*     -17.* 
 
  2020         -7.       -5.        4.       -7.      -17.        5.  
               -3.        7.       19.       16.       16.        3.  
 
  2021         -7.      -19.      -10.       -2.      -16.      -25.  
              -15.        7.       26.       31.       18.       67.  
 
  2022        -10.      -40.      -28.      -13.        4.      -65.  
             -129.     -190.*    -224.*    1075.*     321.*    -241.* 
 
  2023       -175.*    -110.      -47.      -32.       -7.       24.  
              -29.        2.       27.       42.        9.       25.  
 
  2024        -12.      -48.       72.      -69.      -18.       19.  
              -33.       31.        6.       -8.      -28.      108.  
 
  2025        -34.      -56.      -16.       54.       -0.       -3.  
               -5.       -5.       -5.       -9.       -1.       16.  
 
  2026         -8.      -14.        7.        7.        2.        9.  
                                                                      
 

  Key to symbols:
    *  : extreme value as determined by X-11 extreme value procedure
 
        bps_permits 10420            PAGE   8, SERIES bps_permits_addi

 D 9  Final replacement values for SI ratios
  From  2004.Jan to 2026.Jun
  Observations        270
 ---------------------------------------------------------------
               Jan      Feb      Mar      Apr      May      Jun 
               Jul      Aug      Sep      Oct      Nov      Dec 
 ---------------------------------------------------------------
  2004         -59. ******** ******** ******** ******** ********
           ******** ******** ******** ********     -10. ********
 
  2005         -53. ********       7. ******** ********      43.
           ******** ******** ******** ********     -26. ********
 
  2006     ******** ******** ********      19. ******** ********
           ******** ********      -4. ******** ******** ********
 
  2007     ******** ******** ******** ******** ******** ********
           ******** ******** ******** ******** ******** ********
 
  2008         -27. ******** ******** ******** ******** ********
           ******** ******** ******** ******** ******** ********
 
  2009     ******** ********       9.      12.      15. ********
           ******** ******** ******** ******** ******** ********
 
  2010     ******** ******** ******** ********       7. ********
           ******** ******** ******** ******** ******** ********
 
  2011     ******** ******** ******** ********      12.      21.
           ******** ******** ******** ******** ******** ********
 
  2012     ******** ******** ******** ******** ******** ********
                 9.      12. ********       1. ******** ********
 
  2013     ******** ******** ******** ******** ******** ********
           ******** ******** ******** ********      -5. ********
 
  2014     ******** ******** ******** ******** ******** ********
           ******** ******** ******** ******** ******** ********
 
  2015     ******** ******** ******** ******** ******** ********
           ******** ******** ******** ******** ******** ********
 
  2016     ******** ******** ******** ******** ********      16.
           ******** ******** ******** ******** ******** ********
 
  2017     ******** ******** ******** ********       1.      10.
           ******** ******** ******** ******** ******** ********
 
  2018     ********     -13.       8.      -1. ******** ********
           ******** ******** ******** ******** ********     -20.
 
  2019     ******** ******** ******** ******** ******** ********
                 7. ******** ******** ********      -4.     -10.
 
  2020     ******** ******** ******** ******** ******** ********
           ******** ******** ******** ******** ******** ********
 
  2021     ******** ******** ******** ******** ******** ********
           ******** ******** ******** ******** ******** ********
 
  2022     ******** ******** ******** ******** ******** ********
           ********      44.      79.      89.      72.      91.
 
  2023         -41. ******** ******** ******** ******** ********
           ******** ******** ******** ******** ******** ********
 
  2024     ******** ******** ******** ******** ******** ********
           ******** ******** ******** ******** ******** ********
 
  2025     ******** ******** ******** ******** ******** ********
           ******** ******** ******** ******** ******** ********
 
  2026     ******** ******** ******** ******** ******** ********
                                                                
 

 D 9.A  Moving seasonality ratio
 ---------------------------------------------------------------
               Jan      Feb      Mar      Apr      May      Jun 
 ---------------------------------------------------------------
   I          8.624   14.305   18.406   15.205    7.723   14.025
   S          2.589    3.715    2.800    2.492    1.866    3.005
 RATIO        3.331    3.851    6.574    6.102    4.138    4.667



 ---------------------------------------------------------------
               Jul      Aug      Sep      Oct      Nov      Dec 
 ---------------------------------------------------------------
   I         17.143   12.505   11.065   13.831   17.050   19.887
   S          2.967    1.446    2.390    2.807    2.130    5.315
 RATIO        5.777    8.650    4.630    4.927    8.003    3.742



        bps_permits 10420            PAGE   9, SERIES bps_permits_addi

 D 10  Final seasonal factors
  From  2004.Jan to 2026.Jun
  Observations        270
  Seasonal filter    3 x 5 moving average
 -----------------------------------------------------------------------------
               Jan      Feb      Mar      Apr      May      Jun 
               Jul      Aug      Sep      Oct      Nov      Dec         AVGE  
 -----------------------------------------------------------------------------
  2004         -48.     -51.      16.      25.      26.      31.
                 2.      18.      12.      22.     -11.     -43.           -0.
 
  2005         -46.     -49.      16.      24.      25.      30.
                 2.      17.      11.      20.     -11.     -41.           -0.
 
  2006         -42.     -45.      16.      21.      22.      28.
                 2.      16.       9.      16.     -11.     -36.           -0.
 
  2007         -36.     -38.      14.      18.      20.      24.
                 3.      15.       7.      11.     -10.     -30.           -0.
 
  2008         -31.     -31.      12.      15.      17.      20.
                 5.      13.       4.       7.      -9.     -25.           -0.
 
  2009         -27.     -24.       9.      12.      15.      16.
                 7.      12.       3.       5.      -8.     -20.            0.
 
  2010         -24.     -19.       6.      10.      12.      13.
                10.      11.       1.       4.      -7.     -17.           -0.
 
  2011         -22.     -15.       3.       8.      10.      11.
                10.      11.       0.       4.      -6.     -15.            0.
 
  2012         -21.     -14.       2.       8.       7.      12.
                11.      11.      -0.       3.      -5.     -13.            0.
 
  2013         -19.     -14.       1.       8.       5.      12.
                10.      11.      -1.       2.      -4.     -12.           -0.
 
  2014         -17.     -13.       1.       7.       3.      13.
                10.      10.      -0.       1.      -3.     -11.           -0.
 
  2015         -14.     -13.       1.       6.       2.      13.
                10.       8.       1.       0.      -2.     -11.           -0.
 
  2016         -11.     -13.       1.       4.       1.      13.
                 9.       7.       3.      -1.      -2.     -12.           -0.
 
  2017          -9.     -12.       2.       2.       1.      12.
                 7.       5.       5.      -0.      -0.     -12.            0.
 
  2018          -7.     -11.       2.       0.      -1.       8.
                 4.       3.       9.       3.       2.      -5.            1.
 
  2019          -6.     -12.      -0.      -2.      -3.      -2.
                -8.       5.      18.      12.      10.       8.            2.
 
  2020          -8.     -21.      -6.      -4.      -4.      -9.
               -22.       7.      26.      24.      17.      23.            2.
 
  2021         -11.     -32.      -7.     -12.      -6.     -12.
               -36.      13.      32.      32.      20.      40.            2.
 
  2022         -17.     -45.      -8.     -15.      -7.     -10.
               -40.      15.      31.      33.      18.      51.            0.
 
  2023         -19.     -51.      -4.     -16.      -7.      -7.
               -41.      17.      27.      28.      13.      55.           -0.
 
  2024         -22.     -53.      -2.     -10.      -4.       1.
               -31.      13.      18.      18.       5.      47.           -2.
 
  2025         -19.     -45.       5.      -6.      -3.       7.
               -21.      10.      10.       8.      -3.      40.           -2.
 
  2026         -17.     -35.       7.       1.      -1.       9.
                                                                           -6.
 
  AVGE         -21.     -29.       4.       5.       6.      10.
                -4.      11.      10.      12.      -0.      -2.

  Table Total-         -12.   Mean-        -0.   Std. Dev.-        19.
                              Min -       -53.        Max -        55.

 D 10.A  Final seasonal component forecasts
  From  2026.Jul to 2027.Jun
  Observations         12
 -----------------------------------------------------------------------------
               Jan      Feb      Mar      Apr      May      Jun 
               Jul      Aug      Sep      Oct      Nov      Dec         AVGE  
 -----------------------------------------------------------------------------
  2026                                                          
               -14.       7.       3.      -0.      -9.      37.            4.
 
  2027         -15.     -28.       8.       8.      -1.       6.
                                                                           -4.
 
        bps_permits 10420            PAGE  10, SERIES bps_permits_addi

 D 11  Final seasonally adjusted data
  From  2004.Jan to 2026.Jun
  Observations        270
 -----------------------------------------------------------------------------
               Jan      Feb      Mar      Apr      May      Jun 
               Jul      Aug      Sep      Oct      Nov      Dec        TOTAL  
 -----------------------------------------------------------------------------
  2004         174.     225.     250.     274.     287.     254.
               278.     256.     261.     260.     274.     211.         3005.
 
  2005         143.     183.     138.     165.     151.     190.
               164.     167.     170.     171.     131.     133.         1906.
 
  2006         151.     155.     158.     114.     142.     143.
               113.     127.      83.      96.     120.     110.         1511.
 
  2007         110.      99.     115.      96.      92.      87.
                81.      73.      83.      74.      80.      80.         1070.
 
  2008         124.      66.      50.      56.      57.      56.
                61.      65.      59.      53.      41.      56.          742.
 
  2009          50.      48.      27.      79.      26.      34.
                45.      34.      41.      40.      48.      40.          512.
 
  2010          45.      46.      37.      37.      24.      30.
                43.      46.      51.      56.      42.      43.          500.
 
  2011          38.      44.      43.      45.      81.      57.
                41.      40.      26.      25.      32.      31.          501.
 
  2012          34.      37.      32.      32.      37.      33.
                26.      61.      41.      35.      46.      49.          464.
 
  2013          45.      47.      44.      35.      38.      34.
                43.      36.      38.      42.      25.      41.          467.
 
  2014          43.      34.      40.      45.      36.      38.
                37.      43.      45.      42.      41.      32.          478.
 
  2015          28.      30.      26.      41.      34.      44.
                44.      42.      42.      43.      36.      45.          457.
 
  2016          39.      46.      53.      50.      52.      67.
                48.      50.      42.      46.      57.      60.          610.
 
  2017          68.      59.      48.      39.      61.      -1.
                46.      49.      48.      54.      50.      55.          576.
 
  2018          56.      47.     141.      51.      72.      71.
                66.      59.      55.      44.      52.      25.          738.
 
  2019          41.      39.      38.      51.      56.      56.
                67.      39.      51.      38.      28.      22.          525.
 
  2020          46.      61.      57.      48.      42.      70.
                74.      50.      36.      29.      35.      22.          571.
 
  2021          56.      77.      71.      90.      69.      57.
                78.      39.      30.      35.      41.      86.          730.
 
  2022          86.     101.      89.     122.     149.     113.
               124.      60.      55.    1375.     628.      -5.         2897.
 
  2023          75.     120.      99.     106.     112.     136.
               106.      62.      59.      64.      51.      42.         1031.
 
  2024         105.     119.     199.      68.     107.     127.
                93.     104.      70.      53.      46.     144.         1234.
 
  2025          75.      83.      74.     151.      86.      65.
                83.      44.      41.      39.      61.      35.          838.
 
  2026          67.      77.      54.      61.      61.      64.
                                                                          384.
 
  AVGE          74.      80.      82.      81.      81.      79.
                80.      70.      65.     123.      89.      62.

  Table Total-       21748.   Mean-        81.   Std. Dev.-       101.
                              Min -        -5.        Max -      1375.
        bps_permits 10420            PAGE  11, SERIES bps_permits_addi

 D 12  Final trend cycle
  From  2004.Jan to 2026.Jun
  Observations        270
  Trend filter    13-term Henderson moving average
  I/C ratio        2.02
 -----------------------------------------------------------------------------
               Jan      Feb      Mar      Apr      May      Jun 
               Jul      Aug      Sep      Oct      Nov      Dec        TOTAL  
 -----------------------------------------------------------------------------
  2004         229.     240.     251.     261.     268.     272.
               272.     267.     258.     247.     232.     215.         3011.
 
  2005         196.     181.     170.     164.     163.     165.
               167.     167.     163.     157.     152.     148.         1992.
 
  2006         148.     149.     150.     149.     143.     134.
               124.     116.     110.     108.     107.     108.         1546.
 
  2007         109.     107.     104.      98.      92.      87.
                82.      79.      79.      79.      77.      75.         1068.
 
  2008          70.      64.      59.      57.      57.      58.
                59.      59.      57.      54.      52.      50.          695.
 
  2009          49.      48.      46.      44.      42.      40.
                39.      39.      40.      42.      43.      44.          516.
 
  2010          43.      41.      38.      36.      35.      37.
                41.      45.      47.      48.      47.      44.          503.
 
  2011          42.      43.      45.      47.      48.      46.
                42.      37.      33.      30.      29.      30.          473.
 
  2012          32.      34.      34.      34.      34.      35.
                37.      39.      41.      43.      45.      46.          454.
 
  2013          46.      44.      42.      40.      38.      37.
                37.      38.      39.      40.      40.      40.          481.
 
  2014          40.      40.      40.      39.      39.      40.
                41.      42.      42.      41.      38.      34.          475.
 
  2015          31.      30.      32.      35.      38.      41.
                42.      43.      42.      41.      41.      42.          459.
 
  2016          44.      46.      49.      51.      51.      51.
                49.      48.      49.      52.      55.      58.          603.
 
  2017          59.      56.      51.      46.      43.      42.
                44.      47.      49.      51.      53.      55.          594.
 
  2018          58.      62.      65.      68.      69.      68.
                65.      60.      54.      48.      43.      39.          700.
 
  2019          38.      40.      44.      49.      53.      55.
                54.      50.      44.      39.      38.      40.          543.
 
  2020          44.      48.      53.      57.      59.      59.
                56.      49.      42.      36.      35.      41.          577.
 
  2021          52.      64.      73.      77.      75.      66.
                55.      45.      42.      44.      53.      66.          713.
 
  2022          82.      94.     100.     106.     122.     155.
               208.     270.     325.     353.     344.     298.         2458.
 
  2023         232.     171.     129.     108.     101.     100.
                94.      80.      64.      56.      61.      76.         1271.
 
  2024          96.     113.     123.     126.     121.     109.
                95.      85.      79.      76.      75.      81.         1177.
 
  2025          89.      97.     101.      99.      91.      81.
                69.      55.      47.      45.      48.      53.          874.
 
  2026          57.      61.      63.      64.      66.      69.
                                                                          380.
 
  AVGE          82.      81.      81.      81.      80.      80.
                80.      80.      79.      79.      78.      77.

  Table Total-       21563.   Mean-        80.   Std. Dev.-        62.
                              Min -        29.        Max -       353.
        bps_permits 10420            PAGE  12, SERIES bps_permits_addi

 D 13  Final irregular component
  From  2004.Jan to 2026.Jun
  Observations        270
 -----------------------------------------------------------------------------
               Jan      Feb      Mar      Apr      May      Jun 
               Jul      Aug      Sep      Oct      Nov      Dec         S.D.  
 -----------------------------------------------------------------------------
  2004         -54.     -14.      -1.      13.      19.     -18.
                 6.     -11.       3.      13.      42.      -3.           23.
 
  2005         -53.       3.     -32.       1.     -12.      25.
                -3.       0.       7.      14.     -20.     -16.           22.
 
  2006           3.       6.       8.     -35.      -1.       9.
               -11.      11.     -27.     -11.      13.       2.           15.
 
  2007           1.      -9.      11.      -3.       0.      -0.
                -1.      -7.       5.      -5.       3.       6.            5.
 
  2008          54.       1.     -10.      -1.       1.      -2.
                 2.       6.       2.      -1.     -10.       6.           16.
 
  2009           1.       0.     -19.      34.     -16.      -6.
                 6.      -6.       1.      -2.       5.      -4.           13.
 
  2010           2.       5.      -1.       1.     -12.      -7.
                 3.       1.       3.       8.      -4.      -1.            5.
 
  2011          -4.       2.      -2.      -2.      33.      10.
                -2.       2.      -7.      -5.       3.       0.           11.
 
  2012           1.       3.      -2.      -2.       2.      -2.
               -10.      23.       1.      -8.       0.       3.            8.
 
  2013          -1.       2.       2.      -4.       0.      -4.
                 5.      -2.      -2.       2.     -15.       1.            5.
 
  2014           3.      -6.       1.       6.      -3.      -2.
                -4.       2.       3.       1.       4.      -2.            3.
 
  2015          -4.      -0.      -6.       7.      -4.       3.
                 2.      -1.       0.       2.      -5.       4.            4.
 
  2016          -4.      -0.       4.      -1.       0.      17.
                -1.       3.      -6.      -6.       2.       2.            6.
 
  2017          10.       3.      -3.      -7.      18.     -43.
                 2.       3.      -1.       4.      -3.      -0.           14.
 
  2018          -2.     -15.      76.     -18.       2.       3.
                 1.      -1.       0.      -4.       9.     -14.           23.
 
  2019           3.      -1.      -6.       2.       3.       1.
                13.     -11.       8.      -2.     -11.     -18.            8.
 
  2020           3.      13.       5.      -8.     -17.      11.
                18.       0.      -6.      -6.       0.     -19.           11.
 
  2021           4.      13.      -2.      13.      -5.      -9.
                23.      -6.     -11.      -9.     -12.      20.           12.
 
  2022           4.       7.     -11.      16.      27.     -42.
               -84.    -210.    -270.    1022.     284.    -303.          335.
 
  2023        -157.     -51.     -30.      -2.      10.      36.
                12.     -18.      -5.       8.     -10.     -34.           51.
 
  2024           9.       6.      76.     -58.     -14.      19.
                -2.      19.      -9.     -23.     -30.      63.           36.
 
  2025         -14.     -14.     -26.      53.      -6.     -16.
                15.     -11.      -6.      -6.      12.     -17.           20.
 
  2026          10.      16.      -9.      -4.      -5.      -5.
                                                                            9.
 
  S.D.          38.      13.      26.      21.      13.      18.
                20.      46.      58.     218.      62.      67.

  Table Total-         185.   Mean-         1.   Std. Dev.-        73.
                              Min -      -303.        Max -      1022.
        bps_permits 10420            PAGE  13, SERIES bps_permits_addi

 D 16  Combined adjustment factors
  From  2004.Jan to 2026.Jun
  Observations        270
 -----------------------------------------------------------------------------
               Jan      Feb      Mar      Apr      May      Jun 
               Jul      Aug      Sep      Oct      Nov      Dec         AVGE  
 -----------------------------------------------------------------------------
  2004         -48.     -51.      16.      25.      26.      31.
                 2.      18.      12.      22.     -11.     -43.           -0.
 
  2005         -46.     -49.      16.      24.      25.      30.
                 2.      17.      11.      20.     -11.     -41.           -0.
 
  2006         -42.     -45.      16.      21.      22.      28.
                 2.      16.       9.      16.     -11.     -36.           -0.
 
  2007         -36.     -38.      14.      18.      20.      24.
                 3.      15.       7.      11.     -10.     -30.           -0.
 
  2008         -31.     -31.      12.      15.      17.      20.
                 5.      13.       4.       7.      -9.     -25.           -0.
 
  2009         -27.     -24.       9.      12.      15.      16.
                 7.      12.       3.       5.      -8.     -20.            0.
 
  2010         -24.     -19.       6.      10.      12.      13.
                10.      11.       1.       4.      -7.     -17.           -0.
 
  2011         -22.     -15.       3.       8.      10.      11.
                10.      11.       0.       4.      -6.     -15.            0.
 
  2012         -21.     -14.       2.       8.       7.      12.
                11.      11.      -0.       3.      -5.     -13.            0.
 
  2013         -19.     -14.       1.       8.       5.      12.
                10.      11.      -1.       2.      -4.     -12.           -0.
 
  2014         -17.     -13.       1.       7.       3.      13.
                10.      10.      -0.       1.      -3.     -11.           -0.
 
  2015         -14.     -13.       1.       6.       2.      13.
                10.       8.       1.       0.      -2.     -11.           -0.
 
  2016         -11.     -13.       1.       4.       1.      13.
                 9.       7.       3.      -1.      -2.     -12.           -0.
 
  2017          -9.     -12.       2.       2.       1.      12.
                 7.       5.       5.      -0.      -0.     -12.            0.
 
  2018          -7.     -11.       2.       0.      -1.       8.
                 4.       3.       9.       3.       2.      -5.            1.
 
  2019          -6.     -12.      -0.      -2.      -3.      -2.
                -8.       5.      18.      12.      10.       8.            2.
 
  2020          -8.     -21.      -6.      -4.      -4.      -9.
               -22.       7.      26.      24.      17.      23.            2.
 
  2021         -11.     -32.      -7.     -12.      -6.     -12.
               -36.      13.      32.      32.      20.      40.            2.
 
  2022         -17.     -45.      -8.     -15.      -7.     -10.
               -40.      15.      31.      33.      18.      51.            0.
 
  2023         -19.     -51.      -4.     -16.      -7.      -7.
               -41.      17.      27.      28.      13.      55.           -0.
 
  2024         -22.     -53.      -2.     -10.      -4.       1.
               -31.      13.      18.      18.       5.      47.           -2.
 
  2025         -19.     -45.       5.      -6.      -3.       7.
               -21.      10.      10.       8.      -3.      40.           -2.
 
  2026         -17.     -35.       7.       1.      -1.       9.
                                                                           -6.
 
  AVGE         -21.     -29.       4.       5.       6.      10.
                -4.      11.      10.      12.      -0.      -2.

  Table Total-         -12.   Mean-        -0.   Std. Dev.-        19.
                              Min -       -53.        Max -        55.

 D 16.A  Combined adjustment component forecasts
  From  2026.Jul to 2027.Jun
  Observations         12
 -----------------------------------------------------------------------------
               Jan      Feb      Mar      Apr      May      Jun 
               Jul      Aug      Sep      Oct      Nov      Dec         AVGE  
 -----------------------------------------------------------------------------
  2026                                                          
               -14.       7.       3.      -0.      -9.      37.            4.
 
  2027         -15.     -28.       8.       8.      -1.       6.
                                                                           -4.
 
        bps_permits 10420            PAGE  14, SERIES bps_permits_addi

 E 4  Differences of annual totals
  From          2004 to 2025
  Observations         22
 -----------------------------------
  Year       Unmodified     Modified
                  (D11)         (E2)
 -----------------------------------
  2004              -2.          -2.
 
  2005              -2.          -2.
 
  2006              -3.          -3.
 
  2007              -2.          -2.
 
  2008              -1.          -1.
 
  2009               0.           0.
 
  2010              -0.          -0.
 
  2011               1.           1.
 
  2012               0.           0.
 
  2013              -0.          -0.
 
  2014              -1.          -1.
 
  2015              -1.          -1.
 
  2016              -1.          -1.
 
  2017               1.           1.
 
  2018               8.           8.
 
  2019              21.          21.
 
  2020              22.          22.
 
  2021              20.          20.
 
  2022               6.           6.
 
  2023              -4.          -4.
 
  2024             -19.         -19.
 
  2025             -18.         -18.
 
        bps_permits 10420            PAGE  15, SERIES bps_permits_addi

 E 5  Month-to-month differences in the original series
  From  2004.Feb to 2026.Jun
  Observations        269
 -----------------------------------------------------------------------------
               Jan      Feb      Mar      Apr      May      Jun 
               Jul      Aug      Sep      Oct      Nov      Dec         AVGE  
 -----------------------------------------------------------------------------
  2004                   48.      92.      33.      14.     -28.
                -5.      -6.      -1.       9.     -19.     -95.            4.
 
  2005         -71.      37.      20.      35.     -13.      44.
               -54.      18.      -3.      10.     -71.     -28.           -6.
 
  2006          17.       1.      64.     -39.      29.       7.
               -56.      28.     -51.      20.      -3.     -35.           -1.
 
  2007           0.     -13.      68.     -15.      -2.      -1.
               -27.       4.       2.      -5.     -15.     -20.           -2.
 
  2008          43.     -58.      27.       9.       3.       2.
               -10.      12.     -15.      -3.     -28.      -1.           -2.
 
  2009          -8.       1.      12.      55.     -50.       9.
                 2.      -6.      -2.       1.      -5.     -20.           -1.
 
  2010           1.       6.      16.       4.     -11.       7.
                10.       4.      -5.       8.     -25.      -9.            1.
 
  2011         -10.      13.      17.       7.      38.     -23.
               -17.       0.     -25.       3.      -3.     -10.           -1.
 
  2012          -3.      10.      11.       6.       4.       1.
                -8.      35.     -31.      -3.       3.      -5.            2.
 
  2013         -10.       7.      12.      -2.       0.       3.
                 7.      -6.     -10.       7.     -23.       8.           -1.
 
  2014          -3.      -5.      20.      11.     -13.      12.
                -4.       6.      -8.      -2.      -5.     -17.           -1.
 
  2015          -7.       3.      10.      20.     -11.      21.
                -3.      -4.      -7.       0.      -9.       0.            1.
 
  2016          -6.       5.      21.       0.      -1.      27.
               -23.       0.     -12.       0.      10.      -7.            1.
 
  2017          11.     -12.       3.      -9.      21.     -51.
                42.       1.      -1.       1.      -4.      -7.           -0.
 
  2018           6.     -13.     107.     -92.      20.       8.
                -9.      -8.       2.     -17.       7.     -34.           -2.
 
  2019          15.      -8.      11.      11.       4.       1.
                 5.     -15.      25.     -19.     -12.      -8.            1.
 
  2020           8.       2.      11.      -7.      -6.      23.
                -9.       5.       5.      -9.      -1.      -7.            1.
 
  2021           0.       0.      19.      14.     -15.     -18.
                -3.      10.      10.       5.      -6.      65.            7.
 
  2022         -57.     -13.      25.      26.      35.     -39.
               -19.      -9.      11.    1322.    -762.    -600.           -7.
 
  2023          10.      13.      26.      -5.      15.      24.
               -64.      14.       7.       6.     -28.      33.            4.
 
  2024         -14.     -17.     131.    -139.      45.      25.
               -66.      55.     -29.     -17.     -20.     140.            8.
 
  2025        -135.     -18.      41.      66.     -62.     -11.
               -10.      -8.      -3.      -4.      11.      17.          -10.
 
  2026         -25.      -8.      19.       1.      -2.      13.
                                                                           -0.
 
  AVGE         -11.      -1.      34.      -0.       2.       2.
               -15.       6.      -6.      60.     -46.     -29.

  Table Total-         -53.   Mean-        -0.   Std. Dev.-       104.
                              Min -      -762.        Max -      1322.
        bps_permits 10420            PAGE  16, SERIES bps_permits_addi

 E 6  Month-to-month differences in seasonally adjusted series (D11)
  From  2004.Feb to 2026.Jun
  Observations        269
 -----------------------------------------------------------------------------
               Jan      Feb      Mar      Apr      May      Jun 
               Jul      Aug      Sep      Oct      Nov      Dec         AVGE  
 -----------------------------------------------------------------------------
  2004                   51.      24.      24.      13.     -33.
                24.     -22.       5.      -2.      14.     -63.            3.
 
  2005         -68.      40.     -46.      27.     -14.      39.
               -26.       3.       3.       1.     -39.       1.           -7.
 
  2006          18.       4.       4.     -45.      28.       1.
               -30.      14.     -44.      13.      24.     -10.           -2.
 
  2007          -0.     -11.      16.     -19.      -3.      -6.
                -6.      -8.      11.      -9.       6.      -0.           -2.
 
  2008          43.     -58.     -16.       6.       1.      -2.
                 6.       3.      -6.      -6.     -12.      14.           -2.
 
  2009          -6.      -1.     -21.      51.     -52.       8.
                10.     -11.       8.      -2.       8.      -9.           -1.
 
  2010           6.       1.      -8.      -0.     -13.       6.
                13.       2.       5.       5.     -13.       1.            0.
 
  2011          -5.       6.      -1.       2.      37.     -25.
               -16.      -1.     -14.      -1.       7.      -1.           -1.
 
  2012           3.       3.      -5.       0.       5.      -4.
                -7.      35.     -20.      -7.      11.       4.            2.
 
  2013          -4.       2.      -3.      -9.       3.      -5.
                 9.      -6.       1.       4.     -17.      16.           -1.
 
  2014           2.      -8.       6.       5.      -9.       2.
                -1.       7.       2.      -3.      -1.     -10.           -1.
 
  2015          -4.       2.      -5.      15.      -7.      10.
                 0.      -3.       1.       1.      -6.       9.            1.
 
  2016          -6.       7.       7.      -3.       2.      16.
               -19.       2.      -8.       3.      11.       3.            1.
 
  2017           8.      -9.     -11.      -9.      22.     -62.
                47.       4.      -2.       7.      -4.       4.           -0.
 
  2018           2.      -9.      94.     -91.      21.      -0.
                -6.      -7.      -4.     -10.       8.     -26.           -2.
 
  2019          16.      -2.      -1.      13.       5.      -0.
                12.     -28.      12.     -14.     -10.      -5.           -0.
 
  2020          24.      15.      -3.      -9.      -6.      27.
                 4.     -24.     -13.      -7.       6.     -13.            0.
 
  2021          34.      21.      -6.      19.     -21.     -12.
                21.     -38.      -9.       5.       6.      45.            5.
 
  2022          -0.      16.     -12.      33.      27.     -36.
                11.     -64.      -5.    1320.    -747.    -634.           -8.
 
  2023          81.      45.     -22.       7.       6.      24.
               -30.     -43.      -3.       4.     -13.      -9.            4.
 
  2024          62.      14.      81.    -131.      39.      20.
               -35.      11.     -34.     -17.      -7.      98.            8.
 
  2025         -68.       7.      -8.      77.     -66.     -20.
                18.     -39.      -3.      -2.      21.     -25.           -9.
 
  2026          32.      10.     -23.       7.       1.       2.
                                                                            5.
 
  AVGE           8.       6.       2.      -1.       1.      -2.
                -0.     -10.      -5.      58.     -34.     -28.

  Table Total-        -111.   Mean-        -0.   Std. Dev.-       103.
                              Min -      -747.        Max -      1320.
        bps_permits 10420            PAGE  17, SERIES bps_permits_addi

 E 7  Month-to-month differences in final trend cycle (D12)
  From  2004.Feb to 2026.Jun
  Observations        269
 -----------------------------------------------------------------------------
               Jan      Feb      Mar      Apr      May      Jun 
               Jul      Aug      Sep      Oct      Nov      Dec         AVGE  
 -----------------------------------------------------------------------------
  2004                   11.      11.      10.       7.       4.
                -0.      -5.      -8.     -11.     -15.     -18.           -1.
 
  2005         -18.     -16.     -11.      -6.      -1.       2.
                 2.      -0.      -4.      -6.      -5.      -3.           -6.
 
  2006          -0.       1.       1.      -1.      -6.      -9.
               -10.      -8.      -5.      -3.      -0.       1.           -3.
 
  2007           0.      -1.      -4.      -5.      -6.      -6.
                -5.      -3.      -1.      -0.      -1.      -3.           -3.
 
  2008          -5.      -6.      -5.      -3.      -0.       1.
                 1.      -0.      -2.      -3.      -3.      -2.           -2.
 
  2009          -1.      -1.      -1.      -2.      -2.      -2.
                -1.      -0.       1.       1.       2.       1.           -0.
 
  2010          -1.      -2.      -3.      -2.      -1.       2.
                 4.       4.       3.       1.      -1.      -2.            0.
 
  2011          -2.       0.       2.       2.       1.      -2.
                -4.      -5.      -5.      -3.      -1.       1.           -1.
 
  2012           2.       1.       0.       0.       0.       1.
                 1.       2.       2.       2.       2.       1.            1.
 
  2013          -0.      -2.      -2.      -2.      -2.      -1.
                 0.       1.       1.       0.       0.       0.           -1.
 
  2014           0.      -0.      -0.      -0.      -0.       1.
                 1.       1.       0.      -1.      -3.      -4.           -0.
 
  2015          -3.      -1.       1.       3.       3.       3.
                 2.       0.      -1.      -1.      -0.       1.            1.
 
  2016           2.       2.       3.       2.       1.      -1.
                -2.      -1.       1.       3.       4.       3.            1.
 
  2017           0.      -3.      -5.      -5.      -3.      -0.
                 2.       3.       2.       2.       2.       2.           -0.
 
  2018           3.       4.       4.       3.       1.      -1.
                -3.      -5.      -6.      -6.      -5.      -3.           -1.
 
  2019          -1.       2.       4.       5.       4.       2.
                -1.      -4.      -6.      -4.      -1.       2.            0.
 
  2020           3.       4.       5.       4.       2.      -0.
                -3.      -6.      -8.      -6.      -1.       6.            0.
 
  2021          11.      12.       9.       4.      -3.      -9.
               -11.      -9.      -4.       3.       9.      13.            2.
 
  2022          16.      12.       6.       6.      16.      33.
                52.      62.      55.      28.      -9.     -46.           19.
 
  2023         -66.     -62.     -42.     -21.      -6.      -2.
                -6.     -13.     -16.      -8.       5.      15.          -18.
 
  2024          20.      17.      10.       3.      -5.     -12.
               -14.     -10.      -6.      -3.      -0.       6.            0.
 
  2025           8.       7.       4.      -2.      -7.     -10.
               -12.     -13.      -9.      -2.       3.       5.           -2.
 
  2026           5.       4.       2.       2.       2.       3.
                                                                            3.
 
  AVGE          -1.      -1.      -0.      -0.      -0.      -0.
                -0.      -1.      -1.      -1.      -1.      -1.

  Table Total-        -160.   Mean-        -1.   Std. Dev.-        11.
                              Min -       -66.        Max -        62.
        bps_permits 10420            PAGE  18, SERIES bps_permits_addi

 E 8  Month-to-month differences in original series adjusted for calendar factors (A18)
  From  2004.Feb to 2026.Jun
  Observations        269
 -----------------------------------------------------------------------------
               Jan      Feb      Mar      Apr      May      Jun 
               Jul      Aug      Sep      Oct      Nov      Dec         AVGE  
 -----------------------------------------------------------------------------
  2004                   48.      92.      33.      14.     -28.
                -5.      -6.      -1.       9.     -19.     -95.            4.
 
  2005         -71.      37.      20.      35.     -13.      44.
               -54.      18.      -3.      10.     -71.     -28.           -6.
 
  2006          17.       1.      64.     -39.      29.       7.
               -56.      28.     -51.      20.      -3.     -35.           -1.
 
  2007           0.     -13.      68.     -15.      -2.      -1.
               -27.       4.       2.      -5.     -15.     -20.           -2.
 
  2008          43.     -58.      27.       9.       3.       2.
               -10.      12.     -15.      -3.     -28.      -1.           -2.
 
  2009          -8.       1.      12.      55.     -50.       9.
                 2.      -6.      -2.       1.      -5.     -20.           -1.
 
  2010           1.       6.      16.       4.     -11.       7.
                10.       4.      -5.       8.     -25.      -9.            1.
 
  2011         -10.      13.      17.       7.      38.     -23.
               -17.       0.     -25.       3.      -3.     -10.           -1.
 
  2012          -3.      10.      11.       6.       4.       1.
                -8.      35.     -31.      -3.       3.      -5.            2.
 
  2013         -10.       7.      12.      -2.       0.       3.
                 7.      -6.     -10.       7.     -23.       8.           -1.
 
  2014          -3.      -5.      20.      11.     -13.      12.
                -4.       6.      -8.      -2.      -5.     -17.           -1.
 
  2015          -7.       3.      10.      20.     -11.      21.
                -3.      -4.      -7.       0.      -9.       0.            1.
 
  2016          -6.       5.      21.       0.      -1.      27.
               -23.       0.     -12.       0.      10.      -7.            1.
 
  2017          11.     -12.       3.      -9.      21.     -51.
                42.       1.      -1.       1.      -4.      -7.           -0.
 
  2018           6.     -13.     107.     -92.      20.       8.
                -9.      -8.       2.     -17.       7.     -34.           -2.
 
  2019          15.      -8.      11.      11.       4.       1.
                 5.     -15.      25.     -19.     -12.      -8.            1.
 
  2020           8.       2.      11.      -7.      -6.      23.
                -9.       5.       5.      -9.      -1.      -7.            1.
 
  2021           0.       0.      19.      14.     -15.     -18.
                -3.      10.      10.       5.      -6.      65.            7.
 
  2022         -57.     -13.      25.      26.      35.     -39.
               -19.      -9.      11.    1322.    -762.    -600.           -7.
 
  2023          10.      13.      26.      -5.      15.      24.
               -64.      14.       7.       6.     -28.      33.            4.
 
  2024         -14.     -17.     131.    -139.      45.      25.
               -66.      55.     -29.     -17.     -20.     140.            8.
 
  2025        -135.     -18.      41.      66.     -62.     -11.
               -10.      -8.      -3.      -4.      11.      17.          -10.
 
  2026         -25.      -8.      19.       1.      -2.      13.
                                                                           -0.
 
  AVGE         -11.      -1.      34.      -0.       2.       2.
               -15.       6.      -6.      60.     -46.     -29.

  Table Total-         -53.   Mean-        -0.   Std. Dev.-       104.
                              Min -      -762.        Max -      1322.
        bps_permits 10420            PAGE  19, SERIES bps_permits_addi

 E 18  Final adjustment ratios
  From  2004.Jan to 2026.Jun
  Observations        270
 -----------------------------------------------------------------------------
               Jan      Feb      Mar      Apr      May      Jun 
               Jul      Aug      Sep      Oct      Nov      Dec         AVGE  
 -----------------------------------------------------------------------------
  2004       72.279   77.167  106.593  109.117  108.874  112.133
            100.656  107.097  104.524  108.663   96.023   79.556        98.557
 
  2005       67.776   73.034  111.796  114.607  116.529  115.637
            101.164  110.335  106.369  111.800   91.305   69.415        99.147
 
  2006       72.324   71.144  109.871  118.929  115.800  119.724
            101.808  112.653  110.920  116.396   90.543   67.186       100.608
 
  2007       67.297   61.808  112.405  119.256  121.188  128.089
            103.577  120.758  107.822  114.908   86.995   62.300       100.534
 
  2008       75.210   53.370  124.729  126.878  128.853  136.346
            107.702  120.649  107.480  113.504   77.724   55.845       102.357
 
  2009       46.417   49.933  132.581  115.872  155.546  145.068
            115.834  136.653  106.249  112.797   83.101   50.539       104.216
 
  2010       46.532   58.819  114.705  127.044  151.827  142.531
            121.893  124.639  102.644  107.952   82.820   60.600       103.501
 
  2011       42.181   65.580  107.302  118.974  111.801  120.097
            125.463  128.953  101.332  116.067   81.494   51.666        97.576
 
  2012       38.699   62.280  105.902  124.241  119.296  135.211
            140.197  117.780   99.059  109.072   90.028   73.137       101.242
 
  2013       57.866   70.795  102.254  121.890  112.486  136.627
            123.731  128.876   98.575  104.688   84.408   71.423       101.135
 
  2014       60.992   60.989  101.453  115.430  108.034  133.461
            127.480  122.042   99.086  102.214   91.706   65.906        99.066
 
  2015       50.214   56.014  104.517  113.899  104.552  128.852
            121.409  120.476  101.579  100.145   93.270   74.832        97.480
 
  2016       71.098   71.798  102.303  108.650  102.909  118.987
            118.763  113.000  106.008   98.618   96.452   79.982        99.047
 
  2017       86.341   79.751  104.261  106.163  101.637 ********
            115.892  109.530  111.204   99.126   99.916   78.877       -22.623
 
  2018       87.214   76.641  101.157  100.883   99.089  110.612
            106.502  105.229  117.317  106.454  104.484   79.125        99.559
 
  2019       85.538   69.227   99.955   96.935   94.909   96.846
             87.541  112.780  134.438  132.923  137.466  134.194       106.896
 
  2020       82.470   65.720   88.793   90.874   89.426   87.345
             70.667  115.119  171.740  181.099  147.866  200.967       116.007
 
  2021       79.715   58.443   89.936   86.694   90.723   78.987
             54.071  132.418  204.386  192.286  150.150  146.561       113.698
 
  2022       80.644   55.309   91.162   87.685   95.069   91.187
             67.854  125.143  155.561  102.391  102.798 -862.047        16.063
 
  2023       74.377   57.371   96.400   85.273   93.983   94.976
             61.577  126.578  145.046  144.787  126.455  230.866       111.474
 
  2024       79.425   55.584   98.782   85.326   96.100  100.458
             66.761  112.548  126.012  135.141  111.823  132.912       100.073
 
  2025       74.259   46.016  106.301   95.817   96.907  110.131
             74.384  122.496  124.003  120.313   95.863  211.635       106.510
 
  2026       74.384   54.373  113.391  102.236   97.845  114.649
                                                                        92.813
 
  AVGE       68.402   63.094  105.502  107.507  109.277   51.904
            100.679  119.352  120.062  119.607  101.031   55.249

  Table Total-       25182.   Mean-        93.   Std. Dev.-       111.
                              Min -     -1364.        Max -       231.

 E 18.A  Final adjustment ratio forecasts
  From  2026.Jul to 2027.Jun
  Observations         12
 -----------------------------------------------------------------------------
               Jan      Feb      Mar      Apr      May      Jun 
               Jul      Aug      Sep      Oct      Nov      Dec         AVGE  
 -----------------------------------------------------------------------------
  2026                                                          
             84.603  110.549  104.537   99.373   89.176  198.771       114.501
 
  2027       83.003   72.518  112.307  111.746   98.986  109.515
                                                                        98.012
 

  QS statistic for seasonality:
  Original Series                                     0.02  (P-Value =     0.9881)
  Original Series (EV adj)                            0.02  (P-Value =     0.9881)
  Residuals                                           0.11  (P-Value =     0.9470)
  Seasonally Adjusted Series                          0.00  (P-Value =     1.0000)
  Seasonally Adjusted Series (EV adj)                 0.00  (P-Value =     1.0000)
  Irregular Series                                    0.00  (P-Value =     1.0000)
  Irregular Series (EV adj)                           0.00  (P-Value =     1.0000)

  QS statistic for seasonality (starting 2018.Jul):
  Original Series                                     0.00  (P-Value =     1.0000)
  Original Series (EV adj)                            0.00  (P-Value =     1.0000)
  Residuals                                           0.00  (P-Value =     1.0000)
  Seasonally Adjusted Series                          0.00  (P-Value =     1.0000)
  Seasonally Adjusted Series (EV adj)                 0.00  (P-Value =     1.0000)
  Irregular Series                                    0.00  (P-Value =     1.0000)
  Irregular Series (EV adj)                           0.00  (P-Value =     1.0000)


 WARNING: Series should not be a candidate for seasonal adjustment
          because the spectrum of the original series (Table A1 or B1)
          has no visually significant seasonal peaks.

          If this is a component series of an indirectly adjusted
          composite series, consider using type = trend or type = summary
          in the x11 spec.
        bps_permits 10420            PAGE  20, SERIES bps_permits_addi
 G 0  10*LOG(SPECTRUM) of the differenced Original Series
      (Table A1 or B1).  Spectrum estimated from 2018.Jul to 2026.Jun.
 ++++++++++I+++++++++++++++++++++++++++++++++++++++++++++++++++++++++++++I
      48.26I                                     *                       I     48.26
           I                            *       **                       I
           I                            *   **  **     *      S          I
           I                        *   *   **  **     *      S*         I
      46.32I                    S  **  **   **  **    T*      S*         I     46.32
           I                    S  **  ***  *******   T**  * *S*         I
           I                   *S***** *** ********   T** ****S*    *   SI
           I                   *S*********S********   T*******S*    *   SI
      44.39I                   *S*********S********  *T*******S*    *   SI     44.39
           I                  **S*********S*********S*T*******S*   **   SI
           I                  **S*********S*********S*T*******S*   **  *SI
           I                ****S*********S*********S*T*******S*T  *** *SI
      42.46I               *****S*********S*********S*T*******S*T  *** *SI     42.46
           I             *******S*********S*********S*T*******S*T  *****SI
           I             *******S*********S*********S*T*******S*T  *****SI
           I            ********S*********S*********S*T*******S*T ******SI
      40.53I            ********S*********S*********S*T*******S*T*******SI     40.53
           I            ********S*********S*********S*T*******S*T*******SI
           I            ********S*********S*********S*T*******S*T*******SI
           I           *********S*********S*********S*T*******S*T*******SI
      38.59I           *********S*********S*********S*T*******S*T*******SI     38.59
           I         *S*********S*********S*********S*T*******S*T*******SI
           I         *S*********S*********S*********S*T*******S*T*******SI
           I        **S*********S*********S*********S*T*******S*T*******SI
      36.66I        **S*********S*********S*********S*T*******S*T*******SI     36.66
           I        **S*********S*********S*********S*T*******S*T*******SI
           I       ***S*********S*********S*********S*T*******S*T*******SI
           I       ***S*********S*********S*********S*T*******S*T*******SI
      34.73I      ****S*********S*********S*********S*T*******S*T*******SI     34.73
           I     *****S*********S*********S*********S*T*******S*T*******SI
           I     *****S*********S*********S*********S*T*******S*T*******SI
           I     *****S*********S*********S*********S*T*******S*T*******SI
      32.80I     *****S*********S*********S*********S*T*******S*T*******SI     32.80
           I    ******S*********S*********S*********S*T*******S*T*******SI
           I    ******S*********S*********S*********S*T*******S*T*******SI
           I    ******S*********S*********S*********S*T*******S*T*******SI
      30.86I    ******S*********S*********S*********S*T*******S*T*******SI     30.86
           I    ******S*********S*********S*********S*T*******S*T*******SI
           I    ******S*********S*********S*********S*T*******S*T*******SI
           I    ******S*********S*********S*********S*T*******S*T*******SI
      28.93I    ******S*********S*********S*********S*T*******S*T*******SI     28.93
           I   *******S*********S*********S*********S*T*******S*T*******SI
           I   *******S*********S*********S*********S*T*******S*T*******SI
           I   *******S*********S*********S*********S*T*******S*T*******SI
      27.00I   *******S*********S*********S*********S*T*******S*T*******SI     27.00
           I   *******S*********S*********S*********S*T*******S*T*******SI
           I   *******S*********S*********S*********S*T*******S*T*******SI
           I  ********S*********S*********S*********S*T*******S*T*******SI
      25.07I  ********S*********S*********S*********S*T*******S*T*******SI     25.07
           I  ********S*********S*********S*********S*T*******S*T*******SI
           I  ********S*********S*********S*********S*T*******S*T*******SI
           I *********S*********S*********S*********S*T*******S*T*******SI
      23.13I**********S*********S*********S*********S*T*******S*T*******SI     23.13
 ++++++++++I+++++++++++++++++++++++++++++++++++++++++++++++++++++++++++++I
            S=SEASONAL FREQUENCIES, T=TRADING DAY FREQUENCIES
        bps_permits 10420            PAGE  21, SERIES bps_permits_addi
 G 1  10*LOG(SPECTRUM) of the differenced seasonally adjusted 
      data (Table E2).  Spectrum estimated from 2018.Jul to 2026.Jun.
 ++++++++++I+++++++++++++++++++++++++++++++++++++++++++++++++++++++++++++I
      38.80I                                                       *     I     38.80
           I                                                       *     I
           I                                                       *     I
           I                                                       *     I
      37.39I                                  *                    *     I     37.39
           I             *                    *                    *     I
           I             *                    *   *               **     I
           I             *                    *   *               **     I
      35.98I             *                    *   *               ***    I     35.98
           I             *                    *   *               ***    I
           I             **                   *   **              ***    I
           I             **                   *   **              ***    I
      34.57I             **        *          *   **              ***    I     34.57
           I             ****      *          *   **              ***    I
           I             ****      *   *      *   **              ***    I
           I             ****      *   *     ***  **              ***    I
      33.16I       *     *****     *   *     *** ***              ***    I     33.16
           I       *    ******     *   *     *** ***              ****   I
           I       *    ******     *   *     *** ***     *  *     ****   I
           I       *    ******     *   *     *******     *  *     ****   I
      31.75I       *    ******     *   *     *******     *  *     ****   I     31.75
           I      **    ******     *   *     *******    **  **   *****   I
           I      **    ******     *   *     *******    **  **   ******  I
           I      ***   *******    **  *     *******    **  **   ******  I
      30.34I     ****   *******   ***  *     *******    **  **   *******SI     30.34
           I     ****   *******   ***  *     *******    ** ***   *******SI
           I    *****   *******   ***  **    *******    ******   *******SI
           I    *****   *******   *** ***    *******    ******   *******SI
      28.92I    *****  ********   *** ***    *******S   ******   *******SI     28.92
           I    *****  ********   *** ***    *******S   ******  T*******SI
           I    *****  ********   *******    *******S   ******S T*******SI
           I    ****** *********  *******    *******S   ******S T*******SI
      27.51I    ****** *********  *******    *******S   ******S*T*******SI     27.51
           I    ******S********* ********   ********S   ******S*T*******SI
           I   *******S*********S********   ********S   ******S*T*******SI
           I   *******S*********S********   ********S  *******S*T*******SI
      26.10I   *******S*********S********   ********S* *******S*T*******SI     26.10
           I   *******S*********S********   ********S* *******S*T*******SI
           I   *******S*********S********   ********S* *******S*T*******SI
           I   *******S*********S********   ********S*T*******S*T*******SI
      24.69I   *******S*********S*********  ********S*T*******S*T*******SI     24.69
           I   *******S*********S*********  ********S*T*******S*T*******SI
           I   *******S*********S********* *********S*T*******S*T*******SI
           I   *******S*********S********* *********S*T*******S*T*******SI
      23.28I  ********S*********S*********S*********S*T*******S*T*******SI     23.28
           I  ********S*********S*********S*********S*T*******S*T*******SI
           I  ********S*********S*********S*********S*T*******S*T*******SI
           I  ********S*********S*********S*********S*T*******S*T*******SI
      21.87I  ********S*********S*********S*********S*T*******S*T*******SI     21.87
           I  ********S*********S*********S*********S*T*******S*T*******SI
           I *********S*********S*********S*********S*T*******S*T*******SI
           I *********S*********S*********S*********S*T*******S*T*******SI
      20.46I**********S*********S*********S*********S*T*******S*T*******SI     20.46
 ++++++++++I+++++++++++++++++++++++++++++++++++++++++++++++++++++++++++++I
            S=SEASONAL FREQUENCIES, T=TRADING DAY FREQUENCIES
        bps_permits 10420            PAGE  22, SERIES bps_permits_addi
 G 2  10*LOG(SPECTRUM) of the Modified Irregular (Table E3).  
      Spectrum estimated from 2018.Jul to 2026.Jun.
 ++++++++++I+++++++++++++++++++++++++++++++++++++++++++++++++++++++++++++I
      34.38I                       *                                     I     34.38
           I                       *                                     I
           I                       *          *                          I
           I                       *          *                          I
      33.33I                       *          *                          I     33.33
           I                       *          *                          I
           I                       *          *   *                *     I
           I                       *   *      *   *                *     I
      32.28I                       *   *      *   *                *     I     32.28
           I               *       *   *      *   *                *     I
           I               *       *   *      *   *                *     I
           I               *       *   *      *   *                *     I
      31.22I              **       *   *      *   *                *     I     31.22
           I              **       *   *      *   *                *     I
           I              ****     *   *      *   *               **     I
           I              *****    *   *      *   *               **     I
      30.17I   *          *****    *   *      *   *               **     I     30.17
           I   *          *****    *   *      *   **              **     I
           I   *          *****    *   *      *   **              ***    I
           I   *          *****    *   *     ***  **              ***    I
      29.12I  **         ******   **   *     ***  **              ***    I     29.12
           I  **         ******   **   *     ***  **              ***    I
           I  **         ******   ***  *     ***  **              ***    I
           I  **         ******   ***  *     ***  **              ***    I
      28.06I  **         ******   *** **     *** ***              ***    I     28.06
           I  **         ******   *** **     *** ***              ***    I
           I  *** *     ********  *** **     *** ***              ***    I
           I  *****     ********  *** **     *******              ****   I
      27.01I  *****     ********  *** **     *******              ****   I     27.01
           I  *****     ********  *** ***    *******     *        ****   I
           I  *****     ********  *** ***    *******     *  *     ****   I
           I  *****     ********  *******    *******    **  *     ****   I
      25.96I  *****     ********  *******    *******    **  *     ****   I     25.96
           I  ******   *********  *******    *******    **  **    ****   I
           I *******   ********* ********    *******    **  **    *****  I
           I *******   *********S********    *******    **  **   ******  I
      24.90I *******   *********S********    *******    ******   ******  I     24.90
           I *******   *********S********    *******    ******   ******  I
           I *******   *********S********    *******    ******   ******  I
           I********   *********S********   ********    ******   ******* I
      23.85I********   *********S********   ********S   ******   *******SI     23.85
           I********  S*********S********   ********S   ******   *******SI
           I********* S*********S********   ********S   ******S  *******SI
           I********* S*********S********   ********S   ******S  *******SI
      22.80I**********S*********S********   ********S   ******S  *******SI     22.80
           I**********S*********S********   ********S   ******S T*******SI
           I**********S*********S*********  ********S   ******S T*******SI
           I**********S*********S*********  ********S  *******S*T*******SI
      21.74I**********S*********S*********  ********S  *******S*T*******SI     21.74
           I**********S*********S********* *********S* *******S*T*******SI
           I**********S*********S********* *********S* *******S*T*******SI
           I**********S*********S********* *********S* *******S*T*******SI
      20.69I**********S*********S*********S*********S*T*******S*T*******SI     20.69
 ++++++++++I+++++++++++++++++++++++++++++++++++++++++++++++++++++++++++++I
            S=SEASONAL FREQUENCIES, T=TRADING DAY FREQUENCIES
        bps_permits 10420            PAGE  23, SERIES bps_permits_addi

  Peak probabilities for Tukey spectrum estimator
  Spectrum estimated from 2018.Jul to 2026.Jun.

                                          S1       S2       S3       S4       S5       S6       TD
                                        ------   ------   ------   ------   ------   ------   ------
  Model Residuals                        0.929*   0.948*   0.459    0.926*   0.699    0.162    0.407  
  Original Series (Table A1 or B1)       0.357    0.687    0.299    0.198    0.666    0.722    0.686  
  Seasonally adjusted series (E2)        0.016    0.081    0.181    0.278    0.301    0.641    0.021  
  Modified Irregular (E3)                0.232    0.091    0.197    0.259    0.312    0.638    0.026  
  ----------
     ** - Peak Probability > 0.99,
      * - 0.90 < Peak Probability < 0.99


