  Reading input spec file from D:\Programming\Dynamic Paper-dlrhcs_replication\outputs\empirical\unemployment\raw_sa_pilot\x13_work\bps_permits_additive_level_33540_200401_202606.spc

1

               U. S. Department of Commerce, U. S. Census Bureau

              X-13ARIMA-SEATS monthly seasonal adjustment Method,
                          Release Version 1.1 Build 62


           This software application provides an enhanced version of
             Statistics Canada's X-11-ARIMA extension (Dagum, 1980)
                 of the X-11 variant of the Census Method II of
                      Shiskin, Young and Musgrave (1967).

            It also provides an ARIMA model-based method following
       Hillmer and Tiao (1982) and Burman (1980) that is very similar
       to the update of the method of SEATS (Gomez and Maravall, 1996)
                produced at the Bank of Spain by G. Caporello and
               A. Maravall for TSW (Caporello and Maravall, 2004).
          The present application includes additional enhancements.

         X-13ARIMA-SEATS includes an automatic ARIMA model selection procedure
          based largely on the procedure of Gomez and Maravall (1998)
            as implemented in TRAMO (1996) and subsequent revisions.

              Primary Programmers: Brian Monsell, Mark Otto and,
                 for the ARIMA model-based signal extraction,
                      Gianluca Caporello and Victor Gomez


     Series Title- bps_permits 33540
     Series Name- bps_permits_addi
     Jul 29, 2026  08.31.24 

        -Period covered-  1st month,2004 to  6th month,2026
        -Type of run - additive seasonal adjustment

        -Sigma limits for graduating extreme values are  1.5 and  2.5 .
        -3x3 moving average used in section 1 of each iteration, 
         3x5 moving average in section 2 of iterations B and C,
         moving average for final seasonal factors chosen by Global MSR.
        -Holiday adjustment factors applied directly to the final seasonally adjusted series
        -Spectral plots generated for selected series
        -Spectral plots generated for series starting in 2018.Jul

 FILE SAVE REQUESTS (* indicates file exists and will be overwritten)
  D:\Programming\Dynamic Paper-dlrhcs_replication\outputs\empirical\unemployment\raw_sa_pilot\x13_work\bps_permits_additive_level_33540_200401_202606.d10  final seasonal factors
  D:\Programming\Dynamic Paper-dlrhcs_replication\outputs\empirical\unemployment\raw_sa_pilot\x13_work\bps_permits_additive_level_33540_200401_202606.d11  final seasonally adjusted data
  D:\Programming\Dynamic Paper-dlrhcs_replication\outputs\empirical\unemployment\raw_sa_pilot\x13_work\bps_permits_additive_level_33540_200401_202606.out  program output file
  D:\Programming\Dynamic Paper-dlrhcs_replication\outputs\empirical\unemployment\raw_sa_pilot\x13_work\bps_permits_additive_level_33540_200401_202606.err  program error file
        bps_permits 33540            PAGE   1, SERIES bps_permits_addi

     Contents of spc file D:\Programming\Dynamic Paper-dlrhcs_replication\outputs\empirical\unemployment\raw_sa_pilot\x13_work\bps_permits_additive_level_33540_200401_202606.spc

 Line #
 ------
      1: series {
      2:   title = "bps_permits 33540"
      3:   start = 2004.1
      4:   period = 12
      5:   data = (
      6: 23
      7: 21
      8: 29
      9: 82
     10: 25
     11: 57
     12: 61
     13: 83
     14: 90
     15: 29
     16: 89
     17: 70
     18: 113
     19: 42
     20: 87
     21: 36
     22: 40
     23: 62
     24: 47
     25: 39
     26: 27
     27: 41
     28: 5
     29: 17
     30: 20
     31: 27
     32: 41
     33: 44
     34: 26
     35: 55
     36: 78
     37: 50
     38: 31
     39: 57
     40: 57
     41: 31
     42: 34
     43: 84
     44: 68
     45: 50
     46: 68
     47: 74
     48: 52
     49: 44
     50: 82
     51: 48
     52: 36
     53: 25
     54: 13
     55: 56
     56: 57
     57: 42
     58: 72
     59: 40
     60: 40
     61: 25
     62: 35
     63: 42
     64: 9
     65: 7
     66: 8
     67: 11
     68: 20
     69: 21
     70: 27
     71: 31
     72: 29
     73: 25
     74: 7
     75: 32
     76: 9
     77: 5
     78: 36
     79: 13
     80: 27
     81: 27
     82: 38
     83: 18
     84: 17
     85: 30
     86: 47
     87: 60
     88: 44
     89: 11
     90: 8
     91: 4
     92: 36
     93: 7
     94: 14
     95: 140
     96: 25
     97: 15
     98: 54
     99: 229
    100: 18
    101: 13
    102: 19
    103: 8
    104: 15
    105: 55
    106: 39
    107: 32
    108: 28
    109: 22
    110: 70
    111: 61
    112: 46
    113: 9
    114: 27
    115: 45
    116: 78
    117: 34
    118: 40
    119: 23
    120: 49
    121: 34
    122: 21
    123: 48
    124: 20
    125: 11
    126: 7
    127: 8
    128: 39
    129: 69
    130: 62
    131: 69
    132: 20
    133: 58
    134: 33
    135: 98
    136: 43
    137: 29
    138: 4
    139: 110
    140: 45
    141: 44
    142: 49
    143: 56
    144: 64
    145: 42
    146: 19
    147: 82
    148: 45
    149: 17
    150: 12
    151: 31
    152: 23
    153: 38
    154: 52
    155: 90
    156: 32
    157: 145
    158: 312
    159: 96
    160: 70
    161: 23
    162: 15
    163: 36
    164: 77
    165: 124
    166: 158
    167: 128
    168: 113
    169: 71
    170: 103
    171: 44
    172: 90
    173: 13
    174: 23
    175: 62
    176: 51
    177: 45
    178: 46
    179: 58
    180: 89
    181: 44
    182: 86
    183: 123
    184: 31
    185: 27
    186: 23
    187: 9
    188: 113
    189: 48
    190: 43
    191: 67
    192: 74
    193: 58
    194: 117
    195: 38
    196: 38
    197: 27
    198: 40
    199: 28
    200: 38
    201: 36
    202: 24
    203: 66
    204: 146
    205: 91
    206: 93
    207: 62
    208: 30
    209: 128
    210: 18
    211: 23
    212: 152
    213: 65
    214: 51
    215: 444
    216: 172
    217: 122
    218: 125
    219: 264
    220: 108
    221: 37
    222: 70
    223: 77
    224: 96
    225: 56
    226: 184
    227: 65
    228: 123
    229: 81
    230: 153
    231: 124
    232: 22
    233: 7
    234: 23
    235: 240
    236: 230
    237: 55
    238: 40
    239: 50
    240: 47
    241: 70
    242: 33
    243: 54
    244: 21
    245: 7
    246: 32
    247: 51
    248: 17
    249: 37
    250: 65
    251: 101
    252: 142
    253: 93
    254: 33
    255: 54
    256: 112
    257: 34
    258: 71
    259: 17
    260: 140
    261: 53
    262: 31
    263: 30
    264: 66
    265: 295
    266: 87
    267: 88
    268: 21
    269: 18
    270: 27
    271: 13
    272: 73
    273: 38
    274: 172
    275: 26
    276:   )
    277: }
    278: transform { function = none }
    279: regression { aictest = (td easter) }
    280: automdl {}
    281: x11 { mode = add save = (d10 d11) }
        bps_permits 33540            PAGE   2, SERIES bps_permits_addi

 A 1  Time series data (for the span analyzed)
  From  2004.Jan to 2026.Jun
  Observations        270
 -----------------------------------------------------------------------------
               Jan      Feb      Mar      Apr      May      Jun 
               Jul      Aug      Sep      Oct      Nov      Dec        TOTAL  
 -----------------------------------------------------------------------------
  2004          23.      21.      29.      82.      25.      57.
                61.      83.      90.      29.      89.      70.          659.
 
  2005         113.      42.      87.      36.      40.      62.
                47.      39.      27.      41.       5.      17.          556.
 
  2006          20.      27.      41.      44.      26.      55.
                78.      50.      31.      57.      57.      31.          517.
 
  2007          34.      84.      68.      50.      68.      74.
                52.      44.      82.      48.      36.      25.          665.
 
  2008          13.      56.      57.      42.      72.      40.
                40.      25.      35.      42.       9.       7.          438.
 
  2009           8.      11.      20.      21.      27.      31.
                29.      25.       7.      32.       9.       5.          225.
 
  2010          36.      13.      27.      27.      38.      18.
                17.      30.      47.      60.      44.      11.          368.
 
  2011           8.       4.      36.       7.      14.     140.
                25.      15.      54.     229.      18.      13.          563.
 
  2012          19.       8.      15.      55.      39.      32.
                28.      22.      70.      61.      46.       9.          404.
 
  2013          27.      45.      78.      34.      40.      23.
                49.      34.      21.      48.      20.      11.          430.
 
  2014           7.       8.      39.      69.      62.      69.
                20.      58.      33.      98.      43.      29.          535.
 
  2015           4.     110.      45.      44.      49.      56.
                64.      42.      19.      82.      45.      17.          577.
 
  2016          12.      31.      23.      38.      52.      90.
                32.     145.     312.      96.      70.      23.          924.
 
  2017          15.      36.      77.     124.     158.     128.
               113.      71.     103.      44.      90.      13.          972.
 
  2018          23.      62.      51.      45.      46.      58.
                89.      44.      86.     123.      31.      27.          685.
 
  2019          23.       9.     113.      48.      43.      67.
                74.      58.     117.      38.      38.      27.          655.
 
  2020          40.      28.      38.      36.      24.      66.
               146.      91.      93.      62.      30.     128.          782.
 
  2021          18.      23.     152.      65.      51.     444.
               172.     122.     125.     264.     108.      37.         1581.
 
  2022          70.      77.      96.      56.     184.      65.
               123.      81.     153.     124.      22.       7.         1058.
 
  2023          23.     240.     230.      55.      40.      50.
                47.      70.      33.      54.      21.       7.          870.
 
  2024          32.      51.      17.      37.      65.     101.
               142.      93.      33.      54.     112.      34.          771.
 
  2025          71.      17.     140.      53.      31.      30.
                66.     295.      87.      88.      21.      18.          917.
 
  2026          27.      13.      73.      38.     172.      26.
                                                                          349.
 
  AVGE          29.      44.      67.      48.      59.      77.
                69.      70.      75.      81.      44.      26.

  Table Total-       15501.   Mean-        57.   Std. Dev.-        53.
                              Min -         4.        Max -       444.
        bps_permits 33540            PAGE   3, SERIES bps_permits_addi
                        Automatic ARIMA Model Selection

                    Procedure based closely on TRAMO method 
                         of Gomez and Maravall (2000)
              "Automatic Modeling Methods for Univariate Series",
                            A Course in Time Series
                  (Edited by D. Pena, G. C. Tiao, R. S. Tsay),
                         New York : J. Wiley and Sons


     Maximum order for regular ARMA parameters :   2
     Maximum order for seasonal ARMA parameters :   1
     Maximum order for regular differencing :   2
     Maximum order for seasonal differencing :   1

   Results of Unit Root Test for identifying orders of differencing:
     Regular difference order :   0
     Seasonal difference order :   0

  Automatic model choice : (1 0 1)(1 0 1)
   Model changed to 
   ( 0, 1, 1) ( 0, 1, 1) without constant term


  Final Checks for Identified Model


  Checking for Unit Roots.
   No unit roots found.

  Checking for nonseasonal overdifferencing.
   Nonseasonal MA not within  0.001 of 1.0 - model passes test.

  Checking for insignificant ARMA coefficients.

  Final automatic model choice : (0 1 1)(0 1 1)
   End of automatic model selection procedure.

 Average absolute percentage error in within-sample forecasts:
  Last year:  88.86      Last-1 year:  87.50     Last-2 year: 266.92
  Last three years:  147.76

 Estimation converged in   61 ARMA iterations,  184 function evaluations.

 ARIMA Model:  (0 1 1)(0 1 1)
   Nonseasonal differences: 1
   Seasonal differences:    1
                                              Standard
 Parameter                    Estimate          Errors
 -----------------------------------------------------
 Nonseasonal MA                                    
   Lag  1                       0.8766         0.02865

 Seasonal MA                                       
   Lag 12                       0.9974         0.03098

 Variance                       0.23332E+04
 SE of Var                      0.20583E+03
 -----------------------------------------------------

 Likelihood Statistics
 ------------------------------------------------------------------
 Number of observations (nobs)                                  270
 Effective number of observations (nefobs)                      257
 Number of parameters estimated (np)                              3
 Log likelihood (L)                                      -1380.4596
 AIC                                                      2766.9191 
 AICC (F-corrected-AIC)                                   2767.0140 
 Hannan Quinn                                             2771.2009 
 BIC                                                      2777.5664 
 ------------------------------------------------------------------

 QS Statistic for regARIMA Model Residuals (full series):             0.00
                                                       (P-Value =     1.0000)

 QS Statistic for regARIMA Model Residuals (starting 2018.Jul):       0.00
                                                       (P-Value =     1.0000)
      10*LOG(SPECTRUM) of the regARIMA model residuals
      Spectrum estimated from 2018.Jul to 2026.Jun.
 ++++++++++I+++++++++++++++++++++++++++++++++++++++++++++++++++++++++++++I
      42.29I                       *                                     I     42.29
           I                       *                                     I
           I                       *                                     I
           I                       *                                     I
      41.15I                       *                                     I     41.15
           I                       *                                     I
           I                       *                                     I
           I                       *                                     I
      40.01I                       *                                     I     40.01
           I                       *                                     I
           I                       **                                    I
           I            *          **                *                   I
      38.88I            *          **    *      *    *           *       I     38.88
           I       *    *   *      **   **      *    *           *       I
           I       *    *   *      **   **      *    *   *       *       I
           I   *   *    *   *      **   **      *    *   *       *       I
      37.74I  **   *    *   *      **   **      *    *   *       *       I     37.74
           I  **   *    *   *      **   **     **   S*   *       *       I
           I  **   *    *   *      **   **     **   S*   *      T** *    I
           I  **   *    *   **    ***   **  ** **   S*   *      T** *    I
      36.60I  **   *    *   **    ***   **  ** **   S*   *      T****    I     36.60
           I  **  **    *   **    ***   **  ** **   S*   *      T****    I
           I  **  **    *   **    ***   **  *****   S*   *      T****    I
           I  **  **   **   **    ***   **S *****   S*   *      T****    I
      35.47I  **  **   **   **    ***   **S******   S*   *      T****    I     35.47
           I  **  **   **   **    ***   **S******   S*   *      T*****   I
           I  **  **   **   **    ***   **S*******  S*   *      T*****   I
           I  **  **   **   **    ***   **S*******  S*   *      T*****   I
      34.33I  **  **   **   **   ****  ***S*******  S*   *      T*****   I     34.33
           I  **  **   **   **   ***** ***S*******  S*   *      T*****   I
           I  **  **   **   **   ***** ***S*******  S*T ***    *T*****   I
           I  *** **   *** ***   ***** ***S*******  S*T ***    *T*****   I
      33.19I  *** **   *** ****  ***** ***S******* *S*T ***    *T*****   I     33.19
           I  *******  *** **** S***** ***S******* *S*T ***    *T*****   I
           I ********  *** **** S*********S******* *S*T ***    *T*****   I
           I ********  *** **** S*********S*********S*T ***    *T*****   I
      32.05I ********  *** *****S*********S*********S*T ***    *T*****   I     32.05
           I ********  *********S*********S*********S*T ***    *T*****   I
           I ********  *********S*********S*********S*T****    *T*****   I
           I ******** S*********S*********S*********S*T****   S*T*****   I
      30.92I********* S*********S*********S*********S*T****   S*T******  I     30.92
           I********* S*********S*********S*********S*T****   S*T******  I
           I**********S*********S*********S*********S*T****   S*T******  I
           I**********S*********S*********S*********S*T****   S*T******  I
      29.78I**********S*********S*********S*********S*T*****  S*T******  I     29.78
           I**********S*********S*********S*********S*T*****  S*T******  I
           I**********S*********S*********S*********S*T***** *S*T******  I
           I**********S*********S*********S*********S*T***** *S*T******  I
      28.64I**********S*********S*********S*********S*T***** *S*T******  I     28.64
           I**********S*********S*********S*********S*T*******S*T******* I
           I**********S*********S*********S*********S*T*******S*T******* I
           I**********S*********S*********S*********S*T*******S*T******* I
      27.51I**********S*********S*********S*********S*T*******S*T*******SI     27.51
 ++++++++++I+++++++++++++++++++++++++++++++++++++++++++++++++++++++++++++I
            S=SEASONAL FREQUENCIES, T=TRADING DAY FREQUENCIES


 FORECASTING
  Origin  2026.Jun
  Number        12

  Forecasts and Standard Errors
   ------------------------------
                         Standard
       Date   Forecast      Error
   ------------------------------
   2026.Jul      79.60     48.303
   2026.Aug      80.65     48.669
   2026.Sep      86.14     49.033
   2026.Oct      91.41     49.394
   2026.Nov      54.59     49.752
   2026.Dec      36.50     50.108
   2027.Jan      40.04     50.461
   2027.Feb      55.26     50.812
   2027.Mar      78.58     51.161
   2027.Apr      59.17     51.507
   2027.May      70.49     51.850
   2027.Jun      88.57     52.192
   ------------------------------

  Confidence intervals with coverage probability ( 0.95000
   ---------------------------------------
       Date      Lower  Forecast     Upper
   ---------------------------------------
   2026.Jul     -15.07     79.60    174.27
   2026.Aug     -14.74     80.65    176.04
   2026.Sep      -9.96     86.14    182.24
   2026.Oct      -5.40     91.41    188.22
   2026.Nov     -42.92     54.59    152.10
   2026.Dec     -61.71     36.50    134.71
   2027.Jan     -58.86     40.04    138.95
   2027.Feb     -44.33     55.26    154.85
   2027.Mar     -21.70     78.58    178.85
   2027.Apr     -41.78     59.17    160.12
   2027.May     -31.14     70.49    172.11
   2027.Jun     -13.72     88.57    190.86
   ---------------------------------------
        bps_permits 33540            PAGE   4, SERIES bps_permits_addi

 B 1  Original series (prior adjusted)
  From  2004.Jan to 2026.Jun
  Observations        270
 -----------------------------------------------------------------------------
               Jan      Feb      Mar      Apr      May      Jun 
               Jul      Aug      Sep      Oct      Nov      Dec        TOTAL  
 -----------------------------------------------------------------------------
  2004          23.      21.      29.      82.      25.      57.
                61.      83.      90.      29.      89.      70.          659.
 
  2005         113.      42.      87.      36.      40.      62.
                47.      39.      27.      41.       5.      17.          556.
 
  2006          20.      27.      41.      44.      26.      55.
                78.      50.      31.      57.      57.      31.          517.
 
  2007          34.      84.      68.      50.      68.      74.
                52.      44.      82.      48.      36.      25.          665.
 
  2008          13.      56.      57.      42.      72.      40.
                40.      25.      35.      42.       9.       7.          438.
 
  2009           8.      11.      20.      21.      27.      31.
                29.      25.       7.      32.       9.       5.          225.
 
  2010          36.      13.      27.      27.      38.      18.
                17.      30.      47.      60.      44.      11.          368.
 
  2011           8.       4.      36.       7.      14.     140.
                25.      15.      54.     229.      18.      13.          563.
 
  2012          19.       8.      15.      55.      39.      32.
                28.      22.      70.      61.      46.       9.          404.
 
  2013          27.      45.      78.      34.      40.      23.
                49.      34.      21.      48.      20.      11.          430.
 
  2014           7.       8.      39.      69.      62.      69.
                20.      58.      33.      98.      43.      29.          535.
 
  2015           4.     110.      45.      44.      49.      56.
                64.      42.      19.      82.      45.      17.          577.
 
  2016          12.      31.      23.      38.      52.      90.
                32.     145.     312.      96.      70.      23.          924.
 
  2017          15.      36.      77.     124.     158.     128.
               113.      71.     103.      44.      90.      13.          972.
 
  2018          23.      62.      51.      45.      46.      58.
                89.      44.      86.     123.      31.      27.          685.
 
  2019          23.       9.     113.      48.      43.      67.
                74.      58.     117.      38.      38.      27.          655.
 
  2020          40.      28.      38.      36.      24.      66.
               146.      91.      93.      62.      30.     128.          782.
 
  2021          18.      23.     152.      65.      51.     444.
               172.     122.     125.     264.     108.      37.         1581.
 
  2022          70.      77.      96.      56.     184.      65.
               123.      81.     153.     124.      22.       7.         1058.
 
  2023          23.     240.     230.      55.      40.      50.
                47.      70.      33.      54.      21.       7.          870.
 
  2024          32.      51.      17.      37.      65.     101.
               142.      93.      33.      54.     112.      34.          771.
 
  2025          71.      17.     140.      53.      31.      30.
                66.     295.      87.      88.      21.      18.          917.
 
  2026          27.      13.      73.      38.     172.      26.
                                                                          349.
 
  AVGE          29.      44.      67.      48.      59.      77.
                69.      70.      75.      81.      44.      26.

  Table Total-       15501.   Mean-        57.   Std. Dev.-        53.
                              Min -         4.        Max -       444.

 B 1.A  Forecasts of (prior adjusted) original series
  From  2026.Jul to 2027.Jun
  Observations         12
 -----------------------------------------------------------------------------
               Jan      Feb      Mar      Apr      May      Jun 
               Jul      Aug      Sep      Oct      Nov      Dec        TOTAL  
 -----------------------------------------------------------------------------
  2026                                                          
                80.      81.      86.      91.      55.      36.          429.
 
  2027          40.      55.      79.      59.      70.      89.
                                                                          392.
 
        bps_permits 33540            PAGE   5, SERIES bps_permits_addi

 C 17  Final weights for irregular component
  From  2004.Jan to 2026.Jun
  Observations        270
  Lower sigma limit    1.50
  Upper sigma limit    2.50
 -----------------------------------------------------------------------------
               Jan      Feb      Mar      Apr      May      Jun 
               Jul      Aug      Sep      Oct      Nov      Dec         S.D.  
 -----------------------------------------------------------------------------
  2004         100.     100.     100.       0.     100.     100.
               100.     100.     100.       0.     100.     100.         1147.
 
  2005           0.       0.     100.      78.     100.     100.
               100.     100.     100.     100.     100.     100.         1147.
 
  2006         100.     100.     100.     100.     100.     100.
                19.     100.      62.     100.     100.     100.         1147.
 
  2007         100.      22.     100.     100.     100.     100.
               100.     100.       0.     100.     100.     100.         1113.
 
  2008          73.     100.     100.     100.       0.     100.
               100.     100.     100.     100.     100.     100.         1072.
 
  2009         100.     100.     100.     100.     100.     100.
               100.     100.     100.     100.     100.     100.         1282.
 
  2010          65.     100.     100.     100.     100.     100.
               100.     100.     100.     100.     100.     100.         1337.
 
  2011         100.     100.     100.      79.      73.       0.
               100.       0.     100.       0.      19.     100.         1429.
 
  2012         100.     100.     100.      99.     100.     100.
               100.     100.      53.     100.     100.     100.         1581.
 
  2013         100.     100.      80.     100.     100.     100.
               100.     100.     100.     100.     100.     100.         1910.
 
  2014         100.     100.     100.     100.     100.     100.
                68.     100.     100.     100.     100.     100.         2186.
 
  2015         100.       0.     100.     100.     100.     100.
               100.     100.     100.     100.     100.     100.         2529.
 
  2016         100.     100.     100.     100.     100.     100.
                 0.      71.       0.     100.     100.     100.         2641.
 
  2017         100.     100.     100.     100.       1.     100.
               100.     100.     100.     100.      99.     100.         2684.
 
  2018         100.     100.     100.     100.     100.     100.
               100.     100.     100.      47.     100.     100.         2969.
 
  2019         100.     100.     100.     100.     100.     100.
               100.     100.     100.     100.     100.     100.         3282.
 
  2020         100.     100.     100.     100.     100.     100.
               100.     100.     100.     100.     100.       0.         3506.
 
  2021         100.     100.     100.     100.     100.       0.
               100.     100.     100.       0.     100.     100.         3745.
 
  2022         100.     100.     100.     100.       0.     100.
               100.     100.     100.     100.     100.     100.         4049.
 
  2023         100.       0.       0.     100.     100.     100.
               100.     100.     100.     100.     100.     100.         3825.
 
  2024         100.     100.       0.     100.     100.     100.
               100.     100.      93.     100.      98.     100.         3306.
 
  2025         100.     100.     100.     100.     100.     100.
               100.       0.     100.     100.     100.     100.         3171.
 
  2026         100.     100.     100.     100.       0.     100.
                                                                         3171.
 
        bps_permits 33540            PAGE   6, SERIES bps_permits_addi

 D 8  Final unmodified SI ratios
  From  2004.Jan to 2026.Jun
  Observations        270
 -----------------------------------------------------------------------------
               Jan      Feb      Mar      Apr      May      Jun 
               Jul      Aug      Sep      Oct      Nov      Dec         AVGE  
 -----------------------------------------------------------------------------
  2004           4.      -4.      -3.      44.     -20.       5.
                 1.      16.      16.     -49.       8.     -11.            1.
 
  2005          35.     -31.      20.     -24.     -13.      16.
                 7.       4.      -4.      12.     -22.     -10.           -1.
 
  2006          -8.      -3.       9.       9.     -12.      14.
                34.       4.     -18.       6.       4.     -23.            1.
 
  2007         -21.      28.      12.      -6.      13.      20.
                 0.      -6.      33.       1.     -10.     -19.            4.
 
  2008         -30.      14.      16.       2.      34.       4.
                 7.      -6.       7.      17.     -14.     -15.            3.
 
  2009         -13.      -9.       1.       2.       8.      13.
                11.       6.     -12.      13.     -11.     -16.           -1.
 
  2010          14.     -10.       2.       1.      11.     -10.
               -12.       1.      18.      31.      16.     -16.            4.
 
  2011         -19.     -23.       9.     -21.     -16.     108.
                -9.     -21.      16.     191.     -20.     -24.           14.
 
  2012         -17.     -26.     -17.      24.       9.       1.
                -4.     -12.      34.      22.       5.     -34.           -1.
 
  2013         -17.       1.      35.      -7.       2.     -11.
                18.       6.      -5.      22.      -7.     -19.            2.
 
  2014         -26.     -28.      -0.      27.      17.      22.
               -28.      10.     -15.      50.      -5.     -19.            0.
 
  2015         -43.      64.       1.       2.       9.      17.
                26.       4.     -19.      44.       6.     -24.            7.
 
  2016         -31.     -16.     -29.     -19.     -10.      24.
               -38.      72.     237.      19.      -9.     -57.           12.
 
  2017         -66.     -46.      -5.      41.      75.      46.
                32.      -7.      28.     -27.      23.     -50.            4.
 
  2018         -37.       5.      -3.      -8.      -5.       8.
                40.      -6.      34.      69.     -25.     -31.            3.
 
  2019         -36.     -50.      55.      -9.     -12.      13.
                21.       6.      65.     -13.     -13.     -24.            0.
 
  2020         -12.     -25.     -16.     -19.     -31.      11.
                90.      34.      35.       3.     -32.      63.            8.
 
  2021         -52.     -52.      71.     -23.     -44.     342.
                66.      13.      15.     156.       3.     -63.           36.
 
  2022         -25.     -13.      10.     -26.     104.     -13.
                46.       4.      75.      46.     -56.     -69.            7.
 
  2023         -50.     172.     167.      -2.     -11.       4.
                 5.      30.      -5.      15.     -21.     -40.           22.
 
  2024         -21.      -8.     -48.     -32.      -8.      26.
                65.      16.     -44.     -22.      37.     -38.           -6.
 
  2025           1.     -50.      75.     -10.     -30.     -29.
                 9.     241.      35.      37.     -28.     -29.           18.
 
  2026         -19.     -32.      28.      -9.     123.     -25.
                                                                           11.
 
  AVGE         -21.      -6.      17.      -3.       8.      26.
                18.      19.      24.      29.      -8.     -26.

  Table Total-        1712.   Mean-         6.   Std. Dev.-        47.
                              Min -       -69.        Max -       342.
        bps_permits 33540            PAGE   7, SERIES bps_permits_addi

 D 8.B  Final unmodified SI ratios, with labels for outliers and extreme values
  From  2004.Jan to 2026.Jun
  Observations        270
 ---------------------------------------------------------------------
               Jan       Feb       Mar       Apr       May       Jun  
               Jul       Aug       Sep       Oct       Nov       Dec  
 ---------------------------------------------------------------------
  2004          4.       -4.       -3.       44.*     -20.        5.  
                1.       16.       16.      -49.*       8.      -11.  
 
  2005         35.*     -31.*      20.      -24.*     -13.       16.  
                7.        4.       -4.       12.      -22.      -10.  
 
  2006         -8.       -3.        9.        9.      -12.       14.  
               34.*       4.      -18.*       6.        4.      -23.  
 
  2007        -21.       28.*      12.       -6.       13.       20.  
                0.       -6.       33.*       1.      -10.      -19.  
 
  2008        -30.*      14.       16.        2.       34.*       4.  
                7.       -6.        7.       17.      -14.      -15.  
 
  2009        -13.       -9.        1.        2.        8.       13.  
               11.        6.      -12.       13.      -11.      -16.  
 
  2010         14.*     -10.        2.        1.       11.      -10.  
              -12.        1.       18.       31.       16.      -16.  
 
  2011        -19.      -23.        9.      -21.*     -16.*     108.* 
               -9.      -21.*      16.      191.*     -20.*     -24.  
 
  2012        -17.      -26.      -17.       24.*       9.        1.  
               -4.      -12.       34.*      22.        5.      -34.  
 
  2013        -17.        1.       35.*      -7.        2.      -11.  
               18.        6.       -5.       22.       -7.      -19.  
 
  2014        -26.      -28.       -0.       27.       17.       22.  
              -28.*      10.      -15.       50.       -5.      -19.  
 
  2015        -43.       64.*       1.        2.        9.       17.  
               26.        4.      -19.       44.        6.      -24.  
 
  2016        -31.      -16.      -29.      -19.      -10.       24.  
              -38.*      72.*     237.*      19.       -9.      -57.  
 
  2017        -66.      -46.       -5.       41.       75.*      46.  
               32.       -7.       28.      -27.       23.*     -50.  
 
  2018        -37.        5.       -3.       -8.       -5.        8.  
               40.       -6.       34.       69.*     -25.      -31.  
 
  2019        -36.      -50.       55.       -9.      -12.       13.  
               21.        6.       65.      -13.      -13.      -24.  
 
  2020        -12.      -25.      -16.      -19.      -31.       11.  
               90.       34.       35.        3.      -32.       63.* 
 
  2021        -52.      -52.       71.      -23.      -44.      342.* 
               66.       13.       15.      156.*       3.      -63.  
 
  2022        -25.      -13.       10.      -26.      104.*     -13.  
               46.        4.       75.       46.      -56.      -69.  
 
  2023        -50.      172.*     167.*      -2.      -11.        4.  
                5.       30.       -5.       15.      -21.      -40.  
 
  2024        -21.       -8.      -48.*     -32.       -8.       26.  
               65.       16.      -44.*     -22.       37.*     -38.  
 
  2025          1.      -50.       75.      -10.      -30.      -29.  
                9.      241.*      35.       37.      -28.      -29.  
 
  2026        -19.      -32.       28.       -9.      123.*     -25.  
                                                                      
 

  Key to symbols:
    *  : extreme value as determined by X-11 extreme value procedure
 
        bps_permits 33540            PAGE   8, SERIES bps_permits_addi

 D 9  Final replacement values for SI ratios
  From  2004.Jan to 2026.Jun
  Observations        270
 ---------------------------------------------------------------
               Jan      Feb      Mar      Apr      May      Jun 
               Jul      Aug      Sep      Oct      Nov      Dec 
 ---------------------------------------------------------------
  2004     ******** ******** ********      -3. ******** ********
           ******** ******** ********       6. ******** ********
 
  2005         -10.      -0. ********     -20. ******** ********
           ******** ******** ******** ******** ******** ********
 
  2006     ******** ******** ******** ******** ******** ********
                13. ********      -9. ******** ******** ********
 
  2007     ********       8. ******** ******** ******** ********
           ******** ********       4. ******** ******** ********
 
  2008         -25. ******** ******** ********       6. ********
           ******** ******** ******** ******** ******** ********
 
  2009     ******** ******** ******** ******** ******** ********
           ******** ******** ******** ******** ******** ********
 
  2010           5. ******** ******** ******** ******** ********
           ******** ******** ******** ******** ******** ********
 
  2011     ******** ******** ********     -16.      -9.       9.
           ********      15. ********      41.       7. ********
 
  2012     ******** ******** ********      24. ******** ********
           ******** ********      19. ******** ******** ********
 
  2013     ******** ********      28. ******** ******** ********
           ******** ******** ******** ******** ******** ********
 
  2014     ******** ******** ******** ******** ******** ********
               -15. ******** ******** ******** ******** ********
 
  2015     ********     -15. ******** ******** ******** ********
           ******** ******** ******** ******** ******** ********
 
  2016     ******** ******** ******** ******** ******** ********
                35.      58.      34. ******** ******** ********
 
  2017     ******** ******** ******** ********      10. ********
           ******** ******** ******** ********      23. ********
 
  2018     ******** ******** ******** ******** ******** ********
           ******** ******** ********      37. ******** ********
 
  2019     ******** ******** ******** ******** ******** ********
           ******** ******** ******** ******** ******** ********
 
  2020     ******** ******** ******** ******** ******** ********
           ******** ******** ******** ******** ********     -42.
 
  2021     ******** ******** ******** ******** ********      36.
           ******** ******** ********      32. ******** ********
 
  2022     ******** ******** ******** ********      -8. ********
           ******** ******** ******** ******** ******** ********
 
  2023     ********       4.      67. ******** ******** ********
           ******** ******** ******** ******** ******** ********
 
  2024     ******** ********      41. ******** ******** ********
           ******** ********     -41. ********      36. ********
 
  2025     ******** ******** ******** ******** ******** ********
           ********      37. ******** ******** ******** ********
 
  2026     ******** ******** ******** ********      -6. ********
                                                                
 

 D 9.A  Moving seasonality ratio
 ---------------------------------------------------------------
               Jan      Feb      Mar      Apr      May      Jun 
 ---------------------------------------------------------------
   I         17.437   20.265   32.752   20.150   12.807   17.772
   S          3.045    3.178    5.027    2.927    2.610    2.883
 RATIO        5.727    6.376    6.515    6.883    4.906    6.164



 ---------------------------------------------------------------
               Jul      Aug      Sep      Oct      Nov      Dec 
 ---------------------------------------------------------------
   I         22.999   17.325   23.690   23.540   25.106   11.565
   S          4.322    2.410    4.528    2.691    2.351    2.413
 RATIO        5.322    7.190    5.232    8.746   10.681    4.794



        bps_permits 33540            PAGE   9, SERIES bps_permits_addi

 D 10  Final seasonal factors
  From  2004.Jan to 2026.Jun
  Observations        270
  Seasonal filter    3 x 5 moving average
 -----------------------------------------------------------------------------
               Jan      Feb      Mar      Apr      May      Jun 
               Jul      Aug      Sep      Oct      Nov      Dec         AVGE  
 -----------------------------------------------------------------------------
  2004          -7.      -1.       9.      -5.     -10.      13.
                 6.       6.       2.       7.      -4.     -16.            0.
 
  2005          -9.       0.      10.      -4.      -8.      13.
                 6.       5.       2.       8.      -5.     -16.           -0.
 
  2006         -13.       1.      10.      -4.      -4.      13.
                 6.       3.       1.       8.      -8.     -16.           -0.
 
  2007         -14.       1.      10.      -1.       0.      11.
                 5.       1.       1.      11.      -7.     -17.            0.
 
  2008         -14.      -1.       9.      -1.       4.       9.
                 3.       1.       2.      15.      -5.     -18.            0.
 
  2009         -13.      -4.       6.       0.       5.       6.
                -0.       1.       6.      20.      -2.     -19.            0.
 
  2010         -13.      -9.       5.      -0.       5.       3.
                -1.       2.       8.      24.      -0.     -20.            0.
 
  2011         -13.     -14.       4.       3.       5.       2.
                -2.       3.       8.      28.       2.     -22.            0.
 
  2012         -17.     -16.       4.       4.       5.       3.
                -0.       4.       5.      32.       2.     -22.            0.
 
  2013         -22.     -18.       1.       5.       5.       7.
                 4.       8.       3.      34.       1.     -25.            0.
 
  2014         -29.     -19.      -1.       6.       5.      12.
                12.      11.       3.      30.       1.     -29.            0.
 
  2015         -35.     -20.      -5.       7.       4.      18.
                18.      13.       7.      26.      -0.     -33.            0.
 
  2016         -40.     -22.      -2.       6.       2.      21.
                24.      12.      15.      19.      -1.     -35.            0.
 
  2017         -39.     -24.      -2.       2.      -3.      22.
                33.      13.      27.      13.      -5.     -38.           -0.
 
  2018         -40.     -28.       8.      -2.      -9.      22.
                41.      12.      34.       7.      -8.     -40.           -0.
 
  2019         -36.     -29.      15.      -8.     -16.      18.
                49.      12.      40.      10.     -15.     -43.           -0.
 
  2020         -36.     -29.      27.     -12.     -19.      15.
                49.      12.      39.      14.     -19.     -45.           -0.
 
  2021         -33.     -24.      32.     -18.     -21.      12.
                51.      16.      33.      17.     -21.     -48.           -0.
 
  2022         -32.     -23.      42.     -18.     -20.       9.
                46.      19.      23.      17.     -17.     -49.           -0.
 
  2023         -28.     -21.      44.     -18.     -17.       3.
                41.      20.      16.      19.     -15.     -47.           -0.
 
  2024         -25.     -21.      47.     -16.     -15.      -2.
                31.      22.      12.      19.     -11.     -41.            0.
 
  2025         -20.     -22.      42.     -15.     -12.      -6.
                29.      25.       9.      17.      -7.     -36.            0.
 
  2026         -18.     -25.      40.     -14.     -13.      -7.
                                                                           -6.
 
  AVGE         -24.     -16.      15.      -4.      -6.       9.
                21.      10.      13.      18.      -7.     -31.

  Table Total-         -31.   Mean-        -0.   Std. Dev.-        20.
                              Min -       -49.        Max -        51.

 D 10.A  Final seasonal component forecasts
  From  2026.Jul to 2027.Jun
  Observations         12
 -----------------------------------------------------------------------------
               Jan      Feb      Mar      Apr      May      Jun 
               Jul      Aug      Sep      Oct      Nov      Dec         AVGE  
 -----------------------------------------------------------------------------
  2026                                                          
                29.      26.       5.      15.      -3.     -33.            7.
 
  2027         -15.     -28.      38.     -14.     -13.     -10.
                                                                           -7.
 
        bps_permits 33540            PAGE  10, SERIES bps_permits_addi

 D 11  Final seasonally adjusted data
  From  2004.Jan to 2026.Jun
  Observations        270
 -----------------------------------------------------------------------------
               Jan      Feb      Mar      Apr      May      Jun 
               Jul      Aug      Sep      Oct      Nov      Dec        TOTAL  
 -----------------------------------------------------------------------------
  2004          30.      22.      20.      87.      35.      44.
                55.      77.      88.      22.      93.      86.          659.
 
  2005         122.      42.      77.      40.      48.      49.
                41.      34.      25.      33.      10.      33.          556.
 
  2006          33.      26.      31.      48.      30.      42.
                72.      47.      30.      49.      65.      47.          519.
 
  2007          48.      83.      58.      51.      68.      63.
                47.      43.      81.      37.      43.      42.          664.
 
  2008          27.      57.      48.      43.      68.      31.
                37.      24.      33.      27.      14.      25.          435.
 
  2009          21.      15.      14.      21.      22.      25.
                29.      24.       1.      12.      11.      24.          220.
 
  2010          49.      22.      22.      27.      33.      15.
                18.      28.      39.      36.      44.      31.          365.
 
  2011          21.      18.      32.       4.       9.     138.
                27.      12.      46.     201.      16.      35.          560.
 
  2012          36.      24.      11.      51.      34.      29.
                28.      18.      65.      29.      44.      31.          401.
 
  2013          49.      63.      77.      29.      35.      16.
                45.      26.      18.      14.      19.      36.          427.
 
  2014          36.      27.      40.      63.      57.      57.
                 8.      47.      30.      68.      42.      58.          534.
 
  2015          39.     130.      50.      37.      45.      38.
                46.      29.      12.      56.      45.      50.          576.
 
  2016          52.      53.      25.      32.      50.      69.
                 8.     133.     297.      77.      71.      58.          923.
 
  2017          54.      60.      79.     122.     161.     106.
                80.      58.      76.      31.      95.      51.          973.
 
  2018          63.      90.      43.      47.      55.      36.
                48.      32.      52.     116.      39.      67.          688.
 
  2019          59.      38.      98.      56.      59.      49.
                25.      46.      77.      28.      53.      70.          659.
 
  2020          76.      57.      11.      48.      43.      51.
                97.      79.      54.      48.      49.     173.          786.
 
  2021          51.      47.     120.      83.      72.     432.
               121.     106.      92.     247.     129.      85.         1586.
 
  2022         102.     100.      54.      74.     204.      56.
                77.      62.     130.     107.      39.      56.         1062.
 
  2023          51.     261.     186.      73.      57.      47.
                 6.      50.      17.      35.      36.      54.          871.
 
  2024          57.      72.     -30.      53.      80.     103.
               111.      71.      21.      35.     123.      75.          769.
 
  2025          91.      39.      98.      68.      43.      36.
                37.     270.      78.      71.      28.      54.          914.
 
  2026          45.      38.      33.      52.     185.      33.
                                                                          387.
 
  AVGE          53.      60.      52.      53.      65.      68.
                48.      60.      62.      63.      50.      56.

  Table Total-       15532.   Mean-        58.   Std. Dev.-        49.
                              Min -       -30.        Max -       432.
        bps_permits 33540            PAGE  11, SERIES bps_permits_addi

 D 12  Final trend cycle
  From  2004.Jan to 2026.Jun
  Observations        270
  Trend filter    23-term Henderson moving average
  I/C ratio        4.37
 -----------------------------------------------------------------------------
               Jan      Feb      Mar      Apr      May      Jun 
               Jul      Aug      Sep      Oct      Nov      Dec        TOTAL  
 -----------------------------------------------------------------------------
  2004          18.      25.      31.      38.      45.      52.
                60.      67.      74.      79.      81.      81.          651.
 
  2005          78.      73.      67.      60.      53.      46.
                39.      34.      31.      28.      27.      27.          564.
 
  2006          28.      30.      33.      35.      38.      41.
                44.      46.      48.      50.      52.      54.          500.
 
  2007          56.      57.      57.      57.      56.      54.
                52.      50.      48.      46.      45.      44.          620.
 
  2008          43.      43.      42.      41.      39.      37.
                34.      31.      28.      25.      23.      21.          404.
 
  2009          21.      20.      20.      19.      19.      19.
                19.      19.      19.      20.      20.      21.          234.
 
  2010          22.      23.      24.      25.      27.      28.
                29.      30.      30.      30.      29.      28.          325.
 
  2011          27.      26.      26.      27.      29.      31.
                34.      37.      39.      40.      39.      38.          393.
 
  2012          36.      34.      32.      30.      29.      30.
                31.      33.      36.      39.      42.      44.          417.
 
  2013          45.      45.      44.      41.      38.      34.
                30.      27.      25.      25.      27.      30.          410.
 
  2014          33.      37.      40.      43.      45.      47.
                47.      48.      48.      48.      48.      47.          531.
 
  2015          47.      46.      44.      43.      41.      40.
                39.      39.      38.      38.      39.      40.          493.
 
  2016          42.      46.      51.      57.      62.      67.
                71.      74.      76.      78.      79.      80.          783.
 
  2017          80.      81.      82.      82.      83.      82.
                81.      79.      75.      71.      67.      63.          926.
 
  2018          59.      57.      54.      53.      51.      49.
                49.      50.      51.      54.      56.      58.          642.
 
  2019          60.      60.      59.      57.      55.      54.
                53.      52.      52.      51.      51.      51.          654.
 
  2020          51.      52.      54.      55.      55.      56.
                57.      57.      58.      60.      62.      65.          682.
 
  2021          69.      74.      80.      88.      95.     102.
               108.     111.     111.     109.     105.     100.         1152.
 
  2022          95.      90.      85.      82.      79.      78.
                77.      77.      78.      78.      78.      76.          974.
 
  2023          73.      69.      64.      58.      52.      46.
                42.      38.      37.      37.      41.      46.          603.
 
  2024          53.      60.      66.      71.      74.      75.
                76.      77.      76.      76.      74.      72.          849.
 
  2025          70.      68.      65.      63.      61.      59.
                56.      54.      52.      51.      49.      48.          698.
 
  2026          46.      45.      45.      46.      48.      51.
                                                                          280.
 
  AVGE          50.      50.      51.      51.      51.      51.
                51.      51.      51.      51.      52.      52.

  Table Total-       13786.   Mean-        51.   Std. Dev.-        20.
                              Min -        18.        Max -       111.
        bps_permits 33540            PAGE  12, SERIES bps_permits_addi

 D 13  Final irregular component
  From  2004.Jan to 2026.Jun
  Observations        270
 -----------------------------------------------------------------------------
               Jan      Feb      Mar      Apr      May      Jun 
               Jul      Aug      Sep      Oct      Nov      Dec         S.D.  
 -----------------------------------------------------------------------------
  2004          12.      -3.     -12.      49.      -9.      -8.
                -5.      10.      15.     -57.      12.       5.           23.
 
  2005          44.     -32.      10.     -20.      -4.       4.
                 2.      -0.      -6.       5.     -17.       6.           18.
 
  2006           4.      -5.      -2.      12.      -8.       1.
                28.       2.     -18.      -1.      12.      -7.           11.
 
  2007          -8.      26.       1.      -5.      12.       9.
                -5.      -7.      34.      -9.      -2.      -2.           14.
 
  2008         -16.      14.       6.       3.      30.      -6.
                 3.      -6.       6.       2.      -8.       3.           11.
 
  2009           1.      -5.      -6.       1.       3.       6.
                10.       6.     -18.      -7.     -10.       3.            8.
 
  2010          27.      -1.      -2.       2.       7.     -14.
               -11.      -2.       9.       6.      15.       3.           11.
 
  2011          -6.      -9.       6.     -23.     -20.     107.
                -7.     -25.       7.     161.     -23.      -3.           58.
 
  2012          -0.     -10.     -21.      21.       5.      -1.
                -3.     -16.      29.     -10.       2.     -12.           14.
 
  2013           4.      18.      33.     -13.      -3.     -17.
                16.      -0.      -7.     -11.      -8.       6.           14.
 
  2014           3.     -10.      -0.      20.      12.      10.
               -39.      -1.     -17.      20.      -5.      10.           16.
 
  2015          -8.      84.       5.      -5.       4.      -1.
                 7.     -10.     -26.      18.       7.      10.           27.
 
  2016          10.       7.     -26.     -24.     -13.       1.
               -64.      59.     220.      -1.      -8.     -22.           70.
 
  2017         -26.     -21.      -3.      40.      78.      24.
                -1.     -21.       1.     -40.      29.     -12.           32.
 
  2018           3.      34.     -11.      -6.       5.     -13.
                -1.     -17.       0.      62.     -18.       8.           22.
 
  2019          -1.     -22.      40.      -1.       3.      -5.
               -28.      -6.      26.     -23.       3.      19.           19.
 
  2020          24.       5.     -43.      -6.     -12.      -5.
                40.      22.      -4.     -12.     -13.     108.           37.
 
  2021         -18.     -26.      40.      -5.     -24.     330.
                13.      -4.     -19.     138.      24.     -15.          105.
 
  2022           8.      11.     -31.      -8.     125.     -22.
                -0.     -15.      52.      28.     -39.     -20.           44.
 
  2023         -23.     192.     122.      15.       6.       1.
               -35.      11.     -20.      -2.      -5.       7.           67.
 
  2024           4.      12.     -96.     -18.       6.      28.
                35.      -6.     -56.     -41.      49.       3.           40.
 
  2025          21.     -29.      33.       5.     -18.     -23.
               -19.     216.      25.      20.     -21.       6.           66.
 
  2026          -1.      -7.     -12.       6.     137.     -17.
                                                                           57.
 
  S.D.          16.      47.      39.      18.      44.      73.
                24.      49.      53.      52.      19.      25.

  Table Total-        1746.   Mean-         6.   Std. Dev.-        42.
                              Min -       -96.        Max -       330.
        bps_permits 33540            PAGE  13, SERIES bps_permits_addi

 D 16  Combined adjustment factors
  From  2004.Jan to 2026.Jun
  Observations        270
 -----------------------------------------------------------------------------
               Jan      Feb      Mar      Apr      May      Jun 
               Jul      Aug      Sep      Oct      Nov      Dec         AVGE  
 -----------------------------------------------------------------------------
  2004          -7.      -1.       9.      -5.     -10.      13.
                 6.       6.       2.       7.      -4.     -16.            0.
 
  2005          -9.       0.      10.      -4.      -8.      13.
                 6.       5.       2.       8.      -5.     -16.           -0.
 
  2006         -13.       1.      10.      -4.      -4.      13.
                 6.       3.       1.       8.      -8.     -16.           -0.
 
  2007         -14.       1.      10.      -1.       0.      11.
                 5.       1.       1.      11.      -7.     -17.            0.
 
  2008         -14.      -1.       9.      -1.       4.       9.
                 3.       1.       2.      15.      -5.     -18.            0.
 
  2009         -13.      -4.       6.       0.       5.       6.
                -0.       1.       6.      20.      -2.     -19.            0.
 
  2010         -13.      -9.       5.      -0.       5.       3.
                -1.       2.       8.      24.      -0.     -20.            0.
 
  2011         -13.     -14.       4.       3.       5.       2.
                -2.       3.       8.      28.       2.     -22.            0.
 
  2012         -17.     -16.       4.       4.       5.       3.
                -0.       4.       5.      32.       2.     -22.            0.
 
  2013         -22.     -18.       1.       5.       5.       7.
                 4.       8.       3.      34.       1.     -25.            0.
 
  2014         -29.     -19.      -1.       6.       5.      12.
                12.      11.       3.      30.       1.     -29.            0.
 
  2015         -35.     -20.      -5.       7.       4.      18.
                18.      13.       7.      26.      -0.     -33.            0.
 
  2016         -40.     -22.      -2.       6.       2.      21.
                24.      12.      15.      19.      -1.     -35.            0.
 
  2017         -39.     -24.      -2.       2.      -3.      22.
                33.      13.      27.      13.      -5.     -38.           -0.
 
  2018         -40.     -28.       8.      -2.      -9.      22.
                41.      12.      34.       7.      -8.     -40.           -0.
 
  2019         -36.     -29.      15.      -8.     -16.      18.
                49.      12.      40.      10.     -15.     -43.           -0.
 
  2020         -36.     -29.      27.     -12.     -19.      15.
                49.      12.      39.      14.     -19.     -45.           -0.
 
  2021         -33.     -24.      32.     -18.     -21.      12.
                51.      16.      33.      17.     -21.     -48.           -0.
 
  2022         -32.     -23.      42.     -18.     -20.       9.
                46.      19.      23.      17.     -17.     -49.           -0.
 
  2023         -28.     -21.      44.     -18.     -17.       3.
                41.      20.      16.      19.     -15.     -47.           -0.
 
  2024         -25.     -21.      47.     -16.     -15.      -2.
                31.      22.      12.      19.     -11.     -41.            0.
 
  2025         -20.     -22.      42.     -15.     -12.      -6.
                29.      25.       9.      17.      -7.     -36.            0.
 
  2026         -18.     -25.      40.     -14.     -13.      -7.
                                                                           -6.
 
  AVGE         -24.     -16.      15.      -4.      -6.       9.
                21.      10.      13.      18.      -7.     -31.

  Table Total-         -31.   Mean-        -0.   Std. Dev.-        20.
                              Min -       -49.        Max -        51.

 D 16.A  Combined adjustment component forecasts
  From  2026.Jul to 2027.Jun
  Observations         12
 -----------------------------------------------------------------------------
               Jan      Feb      Mar      Apr      May      Jun 
               Jul      Aug      Sep      Oct      Nov      Dec         AVGE  
 -----------------------------------------------------------------------------
  2026                                                          
                29.      26.       5.      15.      -3.     -33.            7.
 
  2027         -15.     -28.      38.     -14.     -13.     -10.
                                                                           -7.
 
        bps_permits 33540            PAGE  14, SERIES bps_permits_addi

 E 4  Differences of annual totals
  From          2004 to 2025
  Observations         22
 -----------------------------------
  Year       Unmodified     Modified
                  (D11)         (E2)
 -----------------------------------
  2004               0.           0.
 
  2005              -0.          -0.
 
  2006              -2.          -2.
 
  2007               1.           1.
 
  2008               3.           3.
 
  2009               5.           5.
 
  2010               3.           3.
 
  2011               3.           3.
 
  2012               3.           3.
 
  2013               3.           3.
 
  2014               1.           1.
 
  2015               1.           1.
 
  2016               1.           1.
 
  2017              -1.          -1.
 
  2018              -3.          -3.
 
  2019              -4.          -4.
 
  2020              -4.          -4.
 
  2021              -5.          -5.
 
  2022              -4.          -4.
 
  2023              -1.          -1.
 
  2024               2.           2.
 
  2025               3.           3.
 
        bps_permits 33540            PAGE  15, SERIES bps_permits_addi

 E 5  Month-to-month differences in the original series
  From  2004.Feb to 2026.Jun
  Observations        269
 -----------------------------------------------------------------------------
               Jan      Feb      Mar      Apr      May      Jun 
               Jul      Aug      Sep      Oct      Nov      Dec         AVGE  
 -----------------------------------------------------------------------------
  2004                   -2.       8.      53.     -57.      32.
                 4.      22.       7.     -61.      60.     -19.            4.
 
  2005          43.     -71.      45.     -51.       4.      22.
               -15.      -8.     -12.      14.     -36.      12.           -4.
 
  2006           3.       7.      14.       3.     -18.      29.
                23.     -28.     -19.      26.       0.     -26.            1.
 
  2007           3.      50.     -16.     -18.      18.       6.
               -22.      -8.      38.     -34.     -12.     -11.           -0.
 
  2008         -12.      43.       1.     -15.      30.     -32.
                 0.     -15.      10.       7.     -33.      -2.           -1.
 
  2009           1.       3.       9.       1.       6.       4.
                -2.      -4.     -18.      25.     -23.      -4.           -0.
 
  2010          31.     -23.      14.       0.      11.     -20.
                -1.      13.      17.      13.     -16.     -33.            1.
 
  2011          -3.      -4.      32.     -29.       7.     126.
              -115.     -10.      39.     175.    -211.      -5.            0.
 
  2012           6.     -11.       7.      40.     -16.      -7.
                -4.      -6.      48.      -9.     -15.     -37.           -0.
 
  2013          18.      18.      33.     -44.       6.     -17.
                26.     -15.     -13.      27.     -28.      -9.            0.
 
  2014          -4.       1.      31.      30.      -7.       7.
               -49.      38.     -25.      65.     -55.     -14.            2.
 
  2015         -25.     106.     -65.      -1.       5.       7.
                 8.     -22.     -23.      63.     -37.     -28.           -1.
 
  2016          -5.      19.      -8.      15.      14.      38.
               -58.     113.     167.    -216.     -26.     -47.            1.
 
  2017          -8.      21.      41.      47.      34.     -30.
               -15.     -42.      32.     -59.      46.     -77.           -1.
 
  2018          10.      39.     -11.      -6.       1.      12.
                31.     -45.      42.      37.     -92.      -4.            1.
 
  2019          -4.     -14.     104.     -65.      -5.      24.
                 7.     -16.      59.     -79.       0.     -11.            0.
 
  2020          13.     -12.      10.      -2.     -12.      42.
                80.     -55.       2.     -31.     -32.      98.            8.
 
  2021        -110.       5.     129.     -87.     -14.     393.
              -272.     -50.       3.     139.    -156.     -71.           -8.
 
  2022          33.       7.      19.     -40.     128.    -119.
                58.     -42.      72.     -29.    -102.     -15.           -2.
 
  2023          16.     217.     -10.    -175.     -15.      10.
                -3.      23.     -37.      21.     -33.     -14.            0.
 
  2024          25.      19.     -34.      20.      28.      36.
                41.     -49.     -60.      21.      58.     -78.            2.
 
  2025          37.     -54.     123.     -87.     -22.      -1.
                36.     229.    -208.       1.     -67.      -3.           -1.
 
  2026           9.     -14.      60.     -35.     134.    -146.
                                                                            1.
 
  AVGE           4.      15.      23.     -19.      11.      18.
               -11.       1.       6.       5.     -37.     -18.

  Table Total-           3.   Mean-         0.   Std. Dev.-        62.
                              Min -      -272.        Max -       393.
        bps_permits 33540            PAGE  16, SERIES bps_permits_addi

 E 6  Month-to-month differences in seasonally adjusted series (D11)
  From  2004.Feb to 2026.Jun
  Observations        269
 -----------------------------------------------------------------------------
               Jan      Feb      Mar      Apr      May      Jun 
               Jul      Aug      Sep      Oct      Nov      Dec         AVGE  
 -----------------------------------------------------------------------------
  2004                   -8.      -2.      67.     -51.       8.
                11.      22.      11.     -67.      72.      -8.            5.
 
  2005          37.     -81.      36.     -37.       8.       1.
                -8.      -7.      -9.       9.     -23.      23.           -4.
 
  2006          -0.      -7.       5.      17.     -17.      12.
                30.     -24.     -17.      18.      16.     -17.            1.
 
  2007           0.      35.     -25.      -7.      17.      -5.
               -16.      -3.      38.     -44.       6.      -1.           -0.
 
  2008         -15.      29.      -9.      -4.      25.     -38.
                 6.     -13.       9.      -6.     -13.      10.           -1.
 
  2009          -3.      -6.      -2.       7.       1.       3.
                 4.      -5.     -23.      11.      -2.      13.           -0.
 
  2010          25.     -27.      -0.       5.       6.     -19.
                 3.      10.      11.      -3.       8.     -13.            1.
 
  2011         -10.      -4.      15.     -28.       5.     129.
              -111.     -15.      34.     155.    -185.      19.            0.
 
  2012           1.     -12.     -14.      40.     -17.      -5.
                -1.     -10.      48.     -36.      15.     -12.           -0.
 
  2013          17.      14.      14.     -48.       6.     -19.
                29.     -19.      -9.      -4.       5.      17.            0.
 
  2014           0.      -9.      13.      23.      -6.      -0.
               -48.      38.     -17.      38.     -26.      16.            2.
 
  2015         -19.      91.     -80.     -13.       7.      -6.
                 7.     -17.     -17.      44.     -11.       5.           -1.
 
  2016           2.       1.     -28.       7.      17.      19.
               -61.     125.     164.    -220.      -6.     -13.            1.
 
  2017          -3.       5.      19.      43.      39.     -54.
               -26.     -23.      19.     -45.      64.     -45.           -1.
 
  2018          12.      28.     -47.       4.       9.     -19.
                11.     -16.      20.      64.     -77.      28.            1.
 
  2019          -8.     -21.      61.     -42.       3.     -10.
               -24.      21.      31.     -49.      25.      17.            0.
 
  2020           6.     -19.     -46.      37.      -5.       8.
                46.     -17.     -25.      -6.       1.     124.            9.
 
  2021        -122.      -3.      73.     -38.     -11.     361.
              -311.     -15.     -14.     155.    -118.     -44.           -7.
 
  2022          17.      -2.     -46.      20.     131.    -149.
                21.     -15.      68.     -24.     -67.      17.           -2.
 
  2023          -5.     210.     -75.    -113.     -15.     -11.
               -40.      43.     -33.      19.       0.      18.           -0.
 
  2024           3.      15.    -102.      83.      27.      23.
                 8.     -40.     -50.      14.      89.     -48.            2.
 
  2025          17.     -53.      59.     -30.     -25.      -8.
                 2.     233.    -193.      -7.     -42.      25.           -2.
 
  2026          -9.      -7.      -5.      19.     133.    -152.
                                                                           -3.
 
  AVGE          -3.       7.      -8.       1.      12.       3.
               -21.      12.       2.       1.     -12.       6.

  Table Total-           3.   Mean-         0.   Std. Dev.-        59.
                              Min -      -311.        Max -       361.
        bps_permits 33540            PAGE  17, SERIES bps_permits_addi

 E 7  Month-to-month differences in final trend cycle (D12)
  From  2004.Feb to 2026.Jun
  Observations        269
 -----------------------------------------------------------------------------
               Jan      Feb      Mar      Apr      May      Jun 
               Jul      Aug      Sep      Oct      Nov      Dec         AVGE  
 -----------------------------------------------------------------------------
  2004                    7.       7.       7.       7.       7.
                 8.       8.       7.       5.       2.      -0.            6.
 
  2005          -3.      -5.      -6.      -7.      -7.      -7.
                -6.      -5.      -4.      -2.      -1.       0.           -4.
 
  2006           1.       2.       2.       3.       3.       3.
                 2.       2.       2.       2.       2.       2.            2.
 
  2007           2.       1.       0.      -0.      -1.      -2.
                -2.      -2.      -2.      -2.      -1.      -1.           -1.
 
  2008          -1.      -1.      -1.      -1.      -2.      -2.
                -3.      -3.      -3.      -3.      -2.      -1.           -2.
 
  2009          -1.      -0.      -0.      -0.      -0.      -0.
                -0.       0.       0.       0.       1.       1.           -0.
 
  2010           1.       1.       1.       1.       1.       1.
                 1.       1.       0.      -0.      -1.      -1.            1.
 
  2011          -1.      -1.      -0.       1.       2.       2.
                 3.       3.       2.       1.      -0.      -1.            1.
 
  2012          -2.      -2.      -2.      -2.      -1.       0.
                 1.       2.       3.       3.       3.       2.            0.
 
  2013           1.      -0.      -1.      -2.      -4.      -4.
                -4.      -3.      -2.       0.       2.       3.           -1.
 
  2014           4.       4.       3.       3.       2.       1.
                 1.       0.      -0.      -0.      -0.      -0.            1.
 
  2015          -1.      -1.      -1.      -2.      -2.      -1.
                -1.      -0.      -0.      -0.       0.       1.           -1.
 
  2016           2.       4.       5.       6.       6.       5.
                 4.       3.       2.       2.       1.       1.            3.
 
  2017           1.       1.       1.       1.       0.      -0.
                -1.      -2.      -3.      -4.      -4.      -4.           -1.
 
  2018          -3.      -3.      -2.      -2.      -2.      -1.
                -1.       1.       2.       2.       3.       2.           -0.
 
  2019           1.       0.      -1.      -2.      -2.      -1.
                -1.      -1.      -1.      -1.      -0.       0.           -1.
 
  2020           1.       1.       1.       1.       1.       1.
                 1.       1.       1.       1.       2.       3.            1.
 
  2021           4.       5.       6.       7.       8.       7.
                 5.       3.       1.      -2.      -4.      -5.            3.
 
  2022          -6.      -5.      -4.      -3.      -2.      -1.
                -1.       0.       1.       0.      -0.      -2.           -2.
 
  2023          -3.      -4.      -5.      -6.      -6.      -5.
                -4.      -3.      -2.       1.       3.       6.           -2.
 
  2024           7.       7.       6.       5.       3.       2.
                 1.       0.      -0.      -1.      -1.      -2.            2.
 
  2025          -2.      -2.      -2.      -2.      -2.      -2.
                -2.      -2.      -2.      -1.      -2.      -2.           -2.
 
  2026          -2.      -1.      -0.       1.       2.       3.
                                                                            0.
 
  AVGE           0.       0.       0.       0.       0.       0.
                 0.       0.       0.       0.       0.       0.

  Table Total-          32.   Mean-         0.   Std. Dev.-         3.
                              Min -        -7.        Max -         8.
        bps_permits 33540            PAGE  18, SERIES bps_permits_addi

 E 8  Month-to-month differences in original series adjusted for calendar factors (A18)
  From  2004.Feb to 2026.Jun
  Observations        269
 -----------------------------------------------------------------------------
               Jan      Feb      Mar      Apr      May      Jun 
               Jul      Aug      Sep      Oct      Nov      Dec         AVGE  
 -----------------------------------------------------------------------------
  2004                   -2.       8.      53.     -57.      32.
                 4.      22.       7.     -61.      60.     -19.            4.
 
  2005          43.     -71.      45.     -51.       4.      22.
               -15.      -8.     -12.      14.     -36.      12.           -4.
 
  2006           3.       7.      14.       3.     -18.      29.
                23.     -28.     -19.      26.       0.     -26.            1.
 
  2007           3.      50.     -16.     -18.      18.       6.
               -22.      -8.      38.     -34.     -12.     -11.           -0.
 
  2008         -12.      43.       1.     -15.      30.     -32.
                 0.     -15.      10.       7.     -33.      -2.           -1.
 
  2009           1.       3.       9.       1.       6.       4.
                -2.      -4.     -18.      25.     -23.      -4.           -0.
 
  2010          31.     -23.      14.       0.      11.     -20.
                -1.      13.      17.      13.     -16.     -33.            1.
 
  2011          -3.      -4.      32.     -29.       7.     126.
              -115.     -10.      39.     175.    -211.      -5.            0.
 
  2012           6.     -11.       7.      40.     -16.      -7.
                -4.      -6.      48.      -9.     -15.     -37.           -0.
 
  2013          18.      18.      33.     -44.       6.     -17.
                26.     -15.     -13.      27.     -28.      -9.            0.
 
  2014          -4.       1.      31.      30.      -7.       7.
               -49.      38.     -25.      65.     -55.     -14.            2.
 
  2015         -25.     106.     -65.      -1.       5.       7.
                 8.     -22.     -23.      63.     -37.     -28.           -1.
 
  2016          -5.      19.      -8.      15.      14.      38.
               -58.     113.     167.    -216.     -26.     -47.            1.
 
  2017          -8.      21.      41.      47.      34.     -30.
               -15.     -42.      32.     -59.      46.     -77.           -1.
 
  2018          10.      39.     -11.      -6.       1.      12.
                31.     -45.      42.      37.     -92.      -4.            1.
 
  2019          -4.     -14.     104.     -65.      -5.      24.
                 7.     -16.      59.     -79.       0.     -11.            0.
 
  2020          13.     -12.      10.      -2.     -12.      42.
                80.     -55.       2.     -31.     -32.      98.            8.
 
  2021        -110.       5.     129.     -87.     -14.     393.
              -272.     -50.       3.     139.    -156.     -71.           -8.
 
  2022          33.       7.      19.     -40.     128.    -119.
                58.     -42.      72.     -29.    -102.     -15.           -2.
 
  2023          16.     217.     -10.    -175.     -15.      10.
                -3.      23.     -37.      21.     -33.     -14.            0.
 
  2024          25.      19.     -34.      20.      28.      36.
                41.     -49.     -60.      21.      58.     -78.            2.
 
  2025          37.     -54.     123.     -87.     -22.      -1.
                36.     229.    -208.       1.     -67.      -3.           -1.
 
  2026           9.     -14.      60.     -35.     134.    -146.
                                                                            1.
 
  AVGE           4.      15.      23.     -19.      11.      18.
               -11.       1.       6.       5.     -37.     -18.

  Table Total-           3.   Mean-         0.   Std. Dev.-        62.
                              Min -      -272.        Max -       393.
        bps_permits 33540            PAGE  19, SERIES bps_permits_addi

 E 18  Final adjustment ratios
  From  2004.Jan to 2026.Jun
  Observations        270
 -----------------------------------------------------------------------------
               Jan      Feb      Mar      Apr      May      Jun 
               Jul      Aug      Sep      Oct      Nov      Dec         AVGE  
 -----------------------------------------------------------------------------
  2004       76.128   96.175  147.056   94.757   70.456  130.119
            111.310  107.778  101.728  132.900   95.336   81.722       103.789
 
  2005       92.315  100.925  112.522   89.223   82.697  126.099
            114.402  113.552  108.381  122.487   48.292   51.573        96.872
 
  2006       61.288  105.072  133.880   92.292   86.101  131.527
            108.734  105.515  102.585  117.153   88.264   65.433        99.820
 
  2007       71.482  101.801  117.274   97.163  100.004  117.481
            111.634  102.064  100.769  128.822   84.127   59.677        99.358
 
  2008       47.920   98.985  119.192   96.633  105.111  130.266
            108.333  102.552  105.710  154.011   62.763   28.555        96.669
 
  2009       37.798   71.137  145.978  101.284  121.937  122.923
             99.771  102.846  624.240  256.628   84.413   20.920       149.156
 
  2010       73.358   58.863  123.085   99.735  113.773  122.887
             95.250  107.381  120.352  165.107   99.646   35.105       101.212
 
  2011       37.641   22.701  111.977  173.205  149.839  101.233
             92.910  124.057  117.276  113.919  111.337   37.437        99.461
 
  2012       52.752   32.714  139.644  107.723  114.224  111.106
             99.124  123.798  107.077  209.892  105.282   28.601       102.661
 
  2013       55.187   71.665  101.625  117.713  114.468  139.874
            107.945  129.553  118.874  341.257  106.395   30.382       119.578
 
  2014       19.227   29.279   97.726  109.568  108.771  121.849
            235.949  123.642  108.875  144.282  101.779   50.119       104.255
 
  2015       10.343   84.838   90.658  118.529  110.033  145.643
            139.945  147.317  158.258  146.390   98.972   34.012       107.078
 
  2016       23.122   58.563   91.677  117.946  104.668  131.060
            418.463  109.268  105.138  125.180   98.625   39.671       118.615
 
  2017       27.529   60.441   97.904  101.536   98.277  120.437
            140.584  123.475  135.338  142.119   94.282   25.712        97.303
 
  2018       36.724   68.764  117.775   96.099   82.963  159.549
            186.780  137.070  166.237  105.943   79.931   40.566       106.534
 
  2019       39.001   23.808  114.726   85.705   73.208  137.229
            293.459  125.850  151.533  134.219   71.504   38.586       107.402
 
  2020       52.823   49.025  348.535   74.974   55.345  129.171
            151.127  114.781  171.582  129.687   61.027   73.898       117.665
 
  2021       35.375   48.471  126.402   78.703   71.276  102.668
            142.181  114.981  135.218  106.841   83.620   43.308        90.754
 
  2022       68.557   76.702  177.027   75.871   90.046  116.935
            159.784  130.135  117.372  116.200   55.914   12.484        99.752
 
  2023       45.242   92.064  123.807   75.526   69.669  107.329
            749.850  140.900  198.719  153.441   58.889   12.989       152.369
 
  2024       56.324   70.926  -56.215   70.391   81.487   97.916
            128.020  131.833  160.270  155.936   90.863   45.399        86.096
 
  2025       77.670   43.797  142.807   77.933   71.364   84.005
            176.081  109.117  111.869  124.395   73.952   33.610        93.883
 
  2026       60.116   34.132  218.334   72.775   92.992   78.576
                                                                        92.821
 
  AVGE       50.344   65.254  127.974   96.751   94.292  120.256
            180.529  119.430  151.246  151.219   84.328   40.444

  Table Total-       28760.   Mean-       107.   Std. Dev.-        72.
                              Min -       -56.        Max -       750.

 E 18.A  Final adjustment ratio forecasts
  From  2026.Jul to 2027.Jun
  Observations         12
 -----------------------------------------------------------------------------
               Jan      Feb      Mar      Apr      May      Jun 
               Jul      Aug      Sep      Oct      Nov      Dec         AVGE  
 -----------------------------------------------------------------------------
  2026                                                          
            156.712  147.836  106.473  120.224   95.131   52.840       113.203
 
  2027       72.512   66.341  191.313   80.562   83.972   90.281
                                                                        97.497
 

  QS statistic for seasonality:
  Original Series                                     0.00  (P-Value =     1.0000)
  Original Series (EV adj)                            0.00  (P-Value =     1.0000)
  Residuals                                           0.00  (P-Value =     1.0000)
  Seasonally Adjusted Series                          0.00  (P-Value =     1.0000)
  Seasonally Adjusted Series (EV adj)                 0.00  (P-Value =     1.0000)
  Irregular Series                                    0.00  (P-Value =     1.0000)
  Irregular Series (EV adj)                           0.00  (P-Value =     1.0000)

  QS statistic for seasonality (starting 2018.Jul):
  Original Series                                     0.00  (P-Value =     1.0000)
  Original Series (EV adj)                            0.00  (P-Value =     1.0000)
  Residuals                                           0.00  (P-Value =     1.0000)
  Seasonally Adjusted Series                          0.00  (P-Value =     1.0000)
  Seasonally Adjusted Series (EV adj)                 0.00  (P-Value =     1.0000)
  Irregular Series                                    0.00  (P-Value =     1.0000)
  Irregular Series (EV adj)                           0.00  (P-Value =     1.0000)


 WARNING: Series should not be a candidate for seasonal adjustment
          because the spectrum of the original series (Table A1 or B1)
          has no visually significant seasonal peaks.

          If this is a component series of an indirectly adjusted
          composite series, consider using type = trend or type = summary
          in the x11 spec.
        bps_permits 33540            PAGE  20, SERIES bps_permits_addi
 G 0  10*LOG(SPECTRUM) of the differenced Original Series
      (Table A1 or B1).  Spectrum estimated from 2018.Jul to 2026.Jun.
 ++++++++++I+++++++++++++++++++++++++++++++++++++++++++++++++++++++++++++I
      43.85I                                         *                   I     43.85
           I                                         *           *       I
           I                             *           *   *       **      I
           I                       *     *          S*   *       **      I
      41.96I                       *     *      *   S*   *      T** *    I     41.96
           I                       *     *     **   S*   *     *T****    I
           I                       *     *     **   S*   *     *T*****   I
           I                       **    *S    **   S*   *     *T*****   I
      40.08I                       **    *S    **   S*   *    S*T*****   I     40.08
           I                       **    *S** ***   S*   *    S*T*****   I
           I                       **   **S******   S*   *    S*T*****   I
           I                       **   **S*******  S*   **   S*T*****   I
      38.20I                      ***   **S*******  S*  ***   S*T*****   I     38.20
           I                      ***   **S******* *S*T ***   S*T*****   I
           I                *     ***   **S******* *S*T ***   S*T*****   I
           I                *     ***   **S******* *S*T ***  *S*T*****   I
      36.32I           *    *     ***   **S*********S*T ***  *S*T*****   I     36.32
           I           *    *     ****  **S*********S*T****  *S*T******  I
           I           *    *    ***** ***S*********S*T***** *S*T******  I
           I           *    **   ***** ***S*********S*T*******S*T******  I
      34.43I           *    **   *********S*********S*T*******S*T******  I     34.43
           I           *    **   *********S*********S*T*******S*T******  I
           I          S*    **  S*********S*********S*T*******S*T******  I
           I          S**  ***  S*********S*********S*T*******S*T******  I
      32.55I          S**  **** S*********S*********S*T*******S*T******* I     32.55
           I          S**  *****S*********S*********S*T*******S*T******* I
           I          S**  *****S*********S*********S*T*******S*T*******SI
           I          S**  *****S*********S*********S*T*******S*T*******SI
      30.67I         *S**  *****S*********S*********S*T*******S*T*******SI     30.67
           I         *S*********S*********S*********S*T*******S*T*******SI
           I         *S*********S*********S*********S*T*******S*T*******SI
           I        **S*********S*********S*********S*T*******S*T*******SI
      28.78I        **S*********S*********S*********S*T*******S*T*******SI     28.78
           I        **S*********S*********S*********S*T*******S*T*******SI
           I        **S*********S*********S*********S*T*******S*T*******SI
           I       ***S*********S*********S*********S*T*******S*T*******SI
      26.90I       ***S*********S*********S*********S*T*******S*T*******SI     26.90
           I       ***S*********S*********S*********S*T*******S*T*******SI
           I       ***S*********S*********S*********S*T*******S*T*******SI
           I      ****S*********S*********S*********S*T*******S*T*******SI
      25.02I      ****S*********S*********S*********S*T*******S*T*******SI     25.02
           I      ****S*********S*********S*********S*T*******S*T*******SI
           I    ******S*********S*********S*********S*T*******S*T*******SI
           I    ******S*********S*********S*********S*T*******S*T*******SI
      23.14I   *******S*********S*********S*********S*T*******S*T*******SI     23.14
           I   *******S*********S*********S*********S*T*******S*T*******SI
           I   *******S*********S*********S*********S*T*******S*T*******SI
           I   *******S*********S*********S*********S*T*******S*T*******SI
      21.25I  ********S*********S*********S*********S*T*******S*T*******SI     21.25
           I  ********S*********S*********S*********S*T*******S*T*******SI
           I  ********S*********S*********S*********S*T*******S*T*******SI
           I *********S*********S*********S*********S*T*******S*T*******SI
      19.37I**********S*********S*********S*********S*T*******S*T*******SI     19.37
 ++++++++++I+++++++++++++++++++++++++++++++++++++++++++++++++++++++++++++I
            S=SEASONAL FREQUENCIES, T=TRADING DAY FREQUENCIES
        bps_permits 33540            PAGE  21, SERIES bps_permits_addi
 G 1  10*LOG(SPECTRUM) of the differenced seasonally adjusted 
      data (Table E2).  Spectrum estimated from 2018.Jul to 2026.Jun.
 ++++++++++I+++++++++++++++++++++++++++++++++++++++++++++++++++++++++++++I
      40.11I                                 *                           I     40.11
           I                                 *                           I
           I                                 *                           I
           I                                 *                           I
      37.83I                                 *           *               I     37.83
           I                                 *           *               I
           I                                 *           *               I
           I                                 *           *               I
      35.55I                                 *           **              I     35.55
           I                           *     *           **              I
           I                           *     *           **          *   I
           I                           *     *          ***          *   I
      33.27I                       *   *     *          ***         **   I     33.27
           I                       *   *     *          ***         **   I
           I                       *   *     *          ***         **   I
           I                       **  *     *          ****        **   I
      30.99I                       **  *     *          ****      ****   I     30.99
           I                       **  *     *          ****     *****   I
           I                **     ** **     *          ****     *****   I
           I                **     ** **    ***         ****     *****   I
      28.71I                **     ** **    ***        ******    *****   I     28.71
           I                **     *****    ***        ******   T*****   I
           I                **     ******   ***    *   ******   T******  I
           I                **     ******   ***    *S T*******  T******  I
      26.43I               ***     ******   ***   **S*T*******S*T******  I     26.43
           I               ****    ******   ***   **S*T*******S*T******  I
           I              *****   *******   ****  **S*T*******S*T******  I
           I             ******   *******   **** ***S*T*******S*T******  I
      24.14I             ******   *******  *********S*T*******S*T******* I     24.14
           I             ******   ******** *********S*T*******S*T******* I
           I             *******  ******** *********S*T*******S*T*******SI
           I   *   *     ******* *********S*********S*T*******S*T*******SI
      21.86I   *   *    ******** *********S*********S*T*******S*T*******SI     21.86
           I   *   **   ********S*********S*********S*T*******S*T*******SI
           I   *   **   ********S*********S*********S*T*******S*T*******SI
           I   *   **   ********S*********S*********S*T*******S*T*******SI
      19.58I   *   **   ********S*********S*********S*T*******S*T*******SI     19.58
           I   *   **   ********S*********S*********S*T*******S*T*******SI
           I   *   **  *********S*********S*********S*T*******S*T*******SI
           I   **  **  *********S*********S*********S*T*******S*T*******SI
      17.30I   ** **** *********S*********S*********S*T*******S*T*******SI     17.30
           I   ** ****S*********S*********S*********S*T*******S*T*******SI
           I   ** ****S*********S*********S*********S*T*******S*T*******SI
           I  ********S*********S*********S*********S*T*******S*T*******SI
      15.02I  ********S*********S*********S*********S*T*******S*T*******SI     15.02
           I  ********S*********S*********S*********S*T*******S*T*******SI
           I  ********S*********S*********S*********S*T*******S*T*******SI
           I  ********S*********S*********S*********S*T*******S*T*******SI
      12.74I  ********S*********S*********S*********S*T*******S*T*******SI     12.74
           I  ********S*********S*********S*********S*T*******S*T*******SI
           I *********S*********S*********S*********S*T*******S*T*******SI
           I *********S*********S*********S*********S*T*******S*T*******SI
      10.46I**********S*********S*********S*********S*T*******S*T*******SI     10.46
 ++++++++++I+++++++++++++++++++++++++++++++++++++++++++++++++++++++++++++I
            S=SEASONAL FREQUENCIES, T=TRADING DAY FREQUENCIES
        bps_permits 33540            PAGE  22, SERIES bps_permits_addi
 G 2  10*LOG(SPECTRUM) of the Modified Irregular (Table E3).  
      Spectrum estimated from 2018.Jul to 2026.Jun.
 ++++++++++I+++++++++++++++++++++++++++++++++++++++++++++++++++++++++++++I
      36.10I                                 *                           I     36.10
           I                                 *                           I
           I                                 *                           I
           I                                 *                           I
      34.47I                                 *                           I     34.47
           I                                 *                           I
           I                                 *                           I
           I                                 *                           I
      32.85I                       *         *                           I     32.85
           I                       *   *     *                           I
           I                       *   *     *           *               I
           I                       *   *     *           *               I
      31.22I                 *     *   *     *           *               I     31.22
           I                **     *   *     *           **              I
           I               ***     *   *     *           **              I
           I               ***     *   *     *           **              I
      29.60I               ***     **  *     *           **              I     29.60
           I               ***     **  *     *           **              I
           I               ***     **  *     *           **          *   I
           I               ****    ** **     *          ***          *   I
      27.98I               ****    ** **     *          ***          *   I     27.98
           I              *****    ** **     *          ***          *   I
           I            * *****    ** **     *          ***         **   I
           I            *******    ** **     *          ***         **   I
      26.35I            *******    ** **     *          ***         **   I     26.35
           I            *******    *****    ***         ****      * **   I
           I            *******    ******   ***         ****      * **   I
           I            *******    ******   ***         ****      ****   I
      24.73I            *******    ******   ***         ****     *****   I     24.73
           I            *******    ******   ***        *****     *****   I
           I            *******   *******   ***        *****     *****   I
           I           ********   *******   ***        *****     *****   I
      23.10I           *********  *******   ***    *   ******    *****   I     23.10
           I           *********  *******   ***   **   ******    *****   I
           I           *********  *******   ***   **   ******   T******  I
           I           *********  *******  ****   **  T******   T******  I
      21.48I           *********  ******** *****  **S T*******  T******  I     21.48
           I           *********  ******** *****  **S*T*******  T******  I
           I           *********S********* ***** ***S*T*******S*T******  I
           I       *   *********S*********S***** ***S*T*******S*T******  I
      19.86I       *   *********S*********S*********S*T*******S*T******  I     19.86
           I       *  S*********S*********S*********S*T*******S*T******  I
           I       ** S*********S*********S*********S*T*******S*T******  I
           I  *    ** S*********S*********S*********S*T*******S*T******  I
      18.23I  *    ***S*********S*********S*********S*T*******S*T******* I     18.23
           I  *    ***S*********S*********S*********S*T*******S*T******* I
           I **   ****S*********S*********S*********S*T*******S*T******* I
           I **   ****S*********S*********S*********S*T*******S*T*******SI
      16.61I ***  ****S*********S*********S*********S*T*******S*T*******SI     16.61
           I****  ****S*********S*********S*********S*T*******S*T*******SI
           I****  ****S*********S*********S*********S*T*******S*T*******SI
           I****  ****S*********S*********S*********S*T*******S*T*******SI
      14.98I**********S*********S*********S*********S*T*******S*T*******SI     14.98
 ++++++++++I+++++++++++++++++++++++++++++++++++++++++++++++++++++++++++++I
            S=SEASONAL FREQUENCIES, T=TRADING DAY FREQUENCIES
        bps_permits 33540            PAGE  23, SERIES bps_permits_addi

  Peak probabilities for Tukey spectrum estimator
  Spectrum estimated from 2018.Jul to 2026.Jun.

                                          S1       S2       S3       S4       S5       S6       TD
                                        ------   ------   ------   ------   ------   ------   ------
  Model Residuals                        0.866    0.633    0.249    0.271    0.239    0.474    0.221  
  Original Series (Table A1 or B1)       0.765    0.694    0.540    0.469    0.707    0.235    0.083  
  Seasonally adjusted series (E2)        0.543    0.003    0.001    0.786    0.159    0.094    0.273  
  Modified Irregular (E3)                0.554    0.001    0.002    0.762    0.132    0.113    0.276  
  ----------
     ** - Peak Probability > 0.99,
      * - 0.90 < Peak Probability < 0.99


