  Reading input spec file from D:\Programming\Dynamic Paper-dlrhcs_replication\outputs\empirical\unemployment\raw_sa_pilot\x13_work\bps_permits_additive_level_48660_200401_202606.spc

1

               U. S. Department of Commerce, U. S. Census Bureau

              X-13ARIMA-SEATS monthly seasonal adjustment Method,
                          Release Version 1.1 Build 62


           This software application provides an enhanced version of
             Statistics Canada's X-11-ARIMA extension (Dagum, 1980)
                 of the X-11 variant of the Census Method II of
                      Shiskin, Young and Musgrave (1967).

            It also provides an ARIMA model-based method following
       Hillmer and Tiao (1982) and Burman (1980) that is very similar
       to the update of the method of SEATS (Gomez and Maravall, 1996)
                produced at the Bank of Spain by G. Caporello and
               A. Maravall for TSW (Caporello and Maravall, 2004).
          The present application includes additional enhancements.

         X-13ARIMA-SEATS includes an automatic ARIMA model selection procedure
          based largely on the procedure of Gomez and Maravall (1998)
            as implemented in TRAMO (1996) and subsequent revisions.

              Primary Programmers: Brian Monsell, Mark Otto and,
                 for the ARIMA model-based signal extraction,
                      Gianluca Caporello and Victor Gomez


     Series Title- bps_permits 48660
     Series Name- bps_permits_addi
     Jul 29, 2026  08.35.47 

        -Period covered-  1st month,2004 to  6th month,2026
        -Type of run - additive seasonal adjustment

        -Sigma limits for graduating extreme values are  1.5 and  2.5 .
        -3x3 moving average used in section 1 of each iteration, 
         3x5 moving average in section 2 of iterations B and C,
         moving average for final seasonal factors chosen by Global MSR.
        -Holiday adjustment factors applied directly to the final seasonally adjusted series
        -Spectral plots generated for selected series
        -Spectral plots generated for series starting in 2018.Jul

 FILE SAVE REQUESTS (* indicates file exists and will be overwritten)
  D:\Programming\Dynamic Paper-dlrhcs_replication\outputs\empirical\unemployment\raw_sa_pilot\x13_work\bps_permits_additive_level_48660_200401_202606.d10  final seasonal factors
  D:\Programming\Dynamic Paper-dlrhcs_replication\outputs\empirical\unemployment\raw_sa_pilot\x13_work\bps_permits_additive_level_48660_200401_202606.d11  final seasonally adjusted data
  D:\Programming\Dynamic Paper-dlrhcs_replication\outputs\empirical\unemployment\raw_sa_pilot\x13_work\bps_permits_additive_level_48660_200401_202606.out  program output file
  D:\Programming\Dynamic Paper-dlrhcs_replication\outputs\empirical\unemployment\raw_sa_pilot\x13_work\bps_permits_additive_level_48660_200401_202606.err  program error file
        bps_permits 48660            PAGE   1, SERIES bps_permits_addi

     Contents of spc file D:\Programming\Dynamic Paper-dlrhcs_replication\outputs\empirical\unemployment\raw_sa_pilot\x13_work\bps_permits_additive_level_48660_200401_202606.spc

 Line #
 ------
      1: series {
      2:   title = "bps_permits 48660"
      3:   start = 2004.1
      4:   period = 12
      5:   data = (
      6: 28
      7: 20
      8: 28
      9: 28
     10: 32
     11: 35
     12: 19
     13: 15
     14: 24
     15: 18
     16: 16
     17: 23
     18: 32
     19: 27
     20: 189
     21: 31
     22: 23
     23: 65
     24: 14
     25: 20
     26: 15
     27: 12
     28: 20
     29: 22
     30: 50
     31: 21
     32: 22
     33: 20
     34: 18
     35: 26
     36: 16
     37: 34
     38: 17
     39: 13
     40: 14
     41: 17
     42: 15
     43: 94
     44: 27
     45: 19
     46: 14
     47: 9
     48: 212
     49: 145
     50: 9
     51: 23
     52: 8
     53: 9
     54: 9
     55: 14
     56: 12
     57: 41
     58: 12
     59: 48
     60: 8
     61: 8
     62: 9
     63: 8
     64: 5
     65: 11
     66: 25
     67: 18
     68: 9
     69: 13
     70: 9
     71: 13
     72: 16
     73: 24
     74: 17
     75: 15
     76: 20
     77: 15
     78: 18
     79: 8
     80: 16
     81: 19
     82: 24
     83: 9
     84: 13
     85: 6
     86: 15
     87: 10
     88: 11
     89: 13
     90: 6
     91: 12
     92: 5
     93: 12
     94: 13
     95: 15
     96: 39
     97: 13
     98: 9
     99: 14
    100: 10
    101: 2
    102: 12
    103: 13
    104: 5
    105: 9
    106: 12
    107: 15
    108: 15
    109: 6
    110: 8
    111: 16
    112: 5
    113: 14
    114: 15
    115: 5
    116: 7
    117: 18
    118: 19
    119: 7
    120: 17
    121: 12
    122: 44
    123: 19
    124: 7
    125: 7
    126: 9
    127: 17
    128: 6
    129: 14
    130: 13
    131: 14
    132: 6
    133: 13
    134: 13
    135: 13
    136: 5
    137: 4
    138: 0
    139: 0
    140: 1
    141: 0
    142: 1
    143: 0
    144: 0
    145: 0
    146: 0
    147: 0
    148: 0
    149: 0
    150: 0
    151: 0
    152: 0
    153: 0
    154: 0
    155: 0
    156: 0
    157: 1
    158: 0
    159: 0
    160: 0
    161: 0
    162: 0
    163: 0
    164: 0
    165: 0
    166: 1
    167: 0
    168: 0
    169: 0
    170: 0
    171: 0
    172: 0
    173: 0
    174: 0
    175: 0
    176: 0
    177: 0
    178: 0
    179: 0
    180: 1
    181: 0
    182: 6
    183: 0
    184: 0
    185: 0
    186: 0
    187: 1
    188: 3
    189: 0
    190: 0
    191: 0
    192: 0
    193: 1
    194: 2
    195: 4
    196: 0
    197: 1
    198: 0
    199: 1
    200: 0
    201: 0
    202: 6
    203: 0
    204: 0
    205: 0
    206: 1
    207: 3
    208: 5
    209: 0
    210: 1
    211: 1
    212: 2
    213: 6
    214: 4
    215: 0
    216: 1
    217: 1
    218: 0
    219: 0
    220: 0
    221: 1
    222: 18
    223: 16
    224: 24
    225: 13
    226: 20
    227: 14
    228: 11
    229: 10
    230: 10
    231: 7
    232: 9
    233: 219
    234: 18
    235: 12
    236: 17
    237: 36
    238: 20
    239: 43
    240: 31
    241: 18
    242: 11
    243: 13
    244: 65
    245: 15
    246: 29
    247: 26
    248: 20
    249: 26
    250: 32
    251: 19
    252: 28
    253: 27
    254: 27
    255: 30
    256: 22
    257: 26
    258: 13
    259: 17
    260: 22
    261: 23
    262: 26
    263: 10
    264: 11
    265: 24
    266: 12
    267: 13
    268: 15
    269: 15
    270: 18
    271: 23
    272: 22
    273: 11
    274: 15
    275: 15
    276:   )
    277: }
    278: transform { function = none }
    279: regression { aictest = (td easter) }
    280: automdl {}
    281: x11 { mode = add save = (d10 d11) }
        bps_permits 48660            PAGE   2, SERIES bps_permits_addi

 A 1  Time series data (for the span analyzed)
  From  2004.Jan to 2026.Jun
  Observations        270
 -----------------------------------------------------------------------------
               Jan      Feb      Mar      Apr      May      Jun 
               Jul      Aug      Sep      Oct      Nov      Dec        TOTAL  
 -----------------------------------------------------------------------------
  2004          28.      20.      28.      28.      32.      35.
                19.      15.      24.      18.      16.      23.          286.
 
  2005          32.      27.     189.      31.      23.      65.
                14.      20.      15.      12.      20.      22.          470.
 
  2006          50.      21.      22.      20.      18.      26.
                16.      34.      17.      13.      14.      17.          268.
 
  2007          15.      94.      27.      19.      14.       9.
               212.     145.       9.      23.       8.       9.          584.
 
  2008           9.      14.      12.      41.      12.      48.
                 8.       8.       9.       8.       5.      11.          185.
 
  2009          25.      18.       9.      13.       9.      13.
                16.      24.      17.      15.      20.      15.          194.
 
  2010          18.       8.      16.      19.      24.       9.
                13.       6.      15.      10.      11.      13.          162.
 
  2011           6.      12.       5.      12.      13.      15.
                39.      13.       9.      14.      10.       2.          150.
 
  2012          12.      13.       5.       9.      12.      15.
                15.       6.       8.      16.       5.      14.          130.
 
  2013          15.       5.       7.      18.      19.       7.
                17.      12.      44.      19.       7.       7.          177.
 
  2014           9.      17.       6.      14.      13.      14.
                 6.      13.      13.      13.       5.       4.          127.
 
  2015           0.       0.       1.       0.       1.       0.
                 0.       0.       0.       0.       0.       0.            2.
 
  2016           0.       0.       0.       0.       0.       0.
                 0.       1.       0.       0.       0.       0.            1.
 
  2017           0.       0.       0.       0.       1.       0.
                 0.       0.       0.       0.       0.       0.            1.
 
  2018           0.       0.       0.       0.       0.       0.
                 1.       0.       6.       0.       0.       0.            7.
 
  2019           0.       1.       3.       0.       0.       0.
                 0.       1.       2.       4.       0.       1.           12.
 
  2020           0.       1.       0.       0.       6.       0.
                 0.       0.       1.       3.       5.       0.           16.
 
  2021           1.       1.       2.       6.       4.       0.
                 1.       1.       0.       0.       0.       1.           17.
 
  2022          18.      16.      24.      13.      20.      14.
                11.      10.      10.       7.       9.     219.          371.
 
  2023          18.      12.      17.      36.      20.      43.
                31.      18.      11.      13.      65.      15.          299.
 
  2024          29.      26.      20.      26.      32.      19.
                28.      27.      27.      30.      22.      26.          312.
 
  2025          13.      17.      22.      23.      26.      10.
                11.      24.      12.      13.      15.      15.          201.
 
  2026          18.      23.      22.      11.      15.      15.
                                                                          104.
 
  AVGE          14.      15.      19.      15.      14.      16.
                21.      17.      11.      11.      11.      19.

  Table Total-        4076.   Mean-        15.   Std. Dev.-        25.
                              Min -         0.        Max -       219.
        bps_permits 48660            PAGE   3, SERIES bps_permits_addi
                        Automatic ARIMA Model Selection

                    Procedure based closely on TRAMO method 
                         of Gomez and Maravall (2000)
              "Automatic Modeling Methods for Univariate Series",
                            A Course in Time Series
                  (Edited by D. Pena, G. C. Tiao, R. S. Tsay),
                         New York : J. Wiley and Sons


     Maximum order for regular ARMA parameters :   2
     Maximum order for seasonal ARMA parameters :   1
     Maximum order for regular differencing :   2
     Maximum order for seasonal differencing :   1

   Results of Unit Root Test for identifying orders of differencing:
     Regular difference order :   0
     Seasonal difference order :   0

  Automatic model choice : (1 0 1)


  Final Checks for Identified Model


  Checking for Unit Roots.
   Regular unit root found.
   ( 0, 1, 1) ( 0, 0, 0)
  Constant term removed from model

  Checking for nonseasonal overdifferencing.
   Nonseasonal MA not within  0.001 of 1.0 - model passes test.

  Checking for insignificant ARMA coefficients.

  Final automatic model choice : (0 1 1)
   End of automatic model selection procedure.

 Average absolute percentage error in within-sample forecasts:
  Last year:  52.34      Last-1 year:  32.32     Last-2 year:  45.76
  Last three years:   43.47

 Estimation converged in    3 ARMA iterations,    7 function evaluations.

 ARIMA Model:  (0 1 1)
   Nonseasonal differences: 1
                                              Standard
 Parameter                    Estimate          Errors
 -----------------------------------------------------
 Nonseasonal MA                                    
   Lag  1                       0.9106         0.02564

 Variance                       0.54946E+03
 SE of Var                      0.47377E+02
 -----------------------------------------------------

 Likelihood Statistics
 ------------------------------------------------------------------
 Number of observations (nobs)                                  270
 Effective number of observations (nefobs)                      269
 Number of parameters estimated (np)                              2
 Log likelihood (L)                                      -1231.1289
 AIC                                                      2466.2579 
 AICC (F-corrected-AIC)                                   2466.3030 
 Hannan Quinn                                             2469.1452 
 BIC                                                      2473.4473 
 ------------------------------------------------------------------

 QS Statistic for regARIMA Model Residuals (full series):             0.00
                                                       (P-Value =     1.0000)

 QS Statistic for regARIMA Model Residuals (starting 2018.Jul):       0.00
                                                       (P-Value =     1.0000)
      10*LOG(SPECTRUM) of the regARIMA model residuals
      Spectrum estimated from 2018.Jul to 2026.Jun.
 ++++++++++I+++++++++++++++++++++++++++++++++++++++++++++++++++++++++++++I
      30.65I                      *                                      I     30.65
           I  *                   *                                      I
           I  *                   *                                      I
           I  *                   *                                      I
      29.99I  *                   *           *                   *      I     29.99
           I  *                   *           *                   **     I
           I  *                   *           *                   **     I
           I  *                   *           *                   **     I
      29.32I  *                   *           *                   **     I     29.32
           I  *                  ***          **                  **     I
           I  *                  ***          **                  **     I
           I  *                  ***          **                  **     I
      28.66I  *                  ***         ***       * *        ***    I     28.66
           I  *                  ***         ***       * *        ***    I
           I  *                  ***         ***       * *        ***    I
           I  *                  ***         ***       ***        ****   I
      27.99I  *                  ***       * ****     T***        ****   I     27.99
           I  *        *        S***       * ****     T***        ****   I
           I  *        *       *S***      S*******    T***        ****   I
           I  *        **      *S****     S*******    T***        ****   I
      27.33I  *        **     **S****     S*******    T***       *****   I     27.33
           I  **       **     **S****     S*******    T***       *****   I
           I ***       **     **S****     S*******    T***       *****   I
           I ***       **     **S****     S*******    T***       *****   I
      26.66I ***       **     **S*****    S*******    T***       *****   I     26.66
           I ***       ***    **S*****    S********   T****      ******  I
           I ***       ***    **S*****    S********   T****      ******  I
           I ***       ****  ***S*****    S********   T****      ******  I
      25.99I ***       ****  ***S*****    S********   T****     T******  I     25.99
           I ***       ****  ***S*****    S********   T****     T******  I
           I ***       ***** ***S*****    S********   T****     T******  I
           I ***       *********S*****    S********  *T****     T******  I
      25.33I****       *********S******  *S********  *T****    *T******  I     25.33
           I****      S*********S******  *S********  *T****    *T******  I
           I****      S*********S******  *S********  *T****    *T******  I
           I****      S*********S******  *S********  *T****    *T******  I
      24.66I****      S*********S******  *S********* *T****    *T******  I     24.66
           I****      S*********S******  *S*********S*T****    *T******  I
           I****      S*********S******  *S*********S*T****    *T******  I
           I*****     S*********S******  *S*********S*T****    *T******* I
      24.00I*****     S*********S******* *S*********S*T****   S*T******* I     24.00
           I***** *   S*********S*********S*********S*T****   S*T******* I
           I*******   S*********S*********S*********S*T****   S*T******* I
           I*******   S*********S*********S*********S*T****   S*T******* I
      23.33I*******   S*********S*********S*********S*T*****  S*T*******SI     23.33
           I********  S*********S*********S*********S*T*****  S*T*******SI
           I********  S*********S*********S*********S*T*****  S*T*******SI
           I********  S*********S*********S*********S*T*****  S*T*******SI
      22.67I******** *S*********S*********S*********S*T*****  S*T*******SI     22.67
           I******** *S*********S*********S*********S*T*****  S*T*******SI
           I******** *S*********S*********S*********S*T***** *S*T*******SI
           I**********S*********S*********S*********S*T***** *S*T*******SI
      22.00I**********S*********S*********S*********S*T*******S*T*******SI     22.00
 ++++++++++I+++++++++++++++++++++++++++++++++++++++++++++++++++++++++++++I
            S=SEASONAL FREQUENCIES, T=TRADING DAY FREQUENCIES


 FORECASTING
  Origin  2026.Jun
  Number        12

  Forecasts and Standard Errors
   ------------------------------
                         Standard
       Date   Forecast      Error
   ------------------------------
   2026.Jul      18.38     23.440
   2026.Aug      18.38     23.534
   2026.Sep      18.38     23.627
   2026.Oct      18.38     23.720
   2026.Nov      18.38     23.812
   2026.Dec      18.38     23.904
   2027.Jan      18.38     23.996
   2027.Feb      18.38     24.087
   2027.Mar      18.38     24.178
   2027.Apr      18.38     24.269
   2027.May      18.38     24.359
   2027.Jun      18.38     24.449
   ------------------------------

  Confidence intervals with coverage probability ( 0.95000
   ---------------------------------------
       Date      Lower  Forecast     Upper
   ---------------------------------------
   2026.Jul     -27.56     18.38     64.32
   2026.Aug     -27.75     18.38     64.51
   2026.Sep     -27.93     18.38     64.69
   2026.Oct     -28.11     18.38     64.87
   2026.Nov     -28.29     18.38     65.05
   2026.Dec     -28.47     18.38     65.23
   2027.Jan     -28.65     18.38     65.41
   2027.Feb     -28.83     18.38     65.59
   2027.Mar     -29.01     18.38     65.77
   2027.Apr     -29.19     18.38     65.95
   2027.May     -29.36     18.38     66.12
   2027.Jun     -29.54     18.38     66.30
   ---------------------------------------
        bps_permits 48660            PAGE   4, SERIES bps_permits_addi

 B 1  Original series (prior adjusted)
  From  2004.Jan to 2026.Jun
  Observations        270
 -----------------------------------------------------------------------------
               Jan      Feb      Mar      Apr      May      Jun 
               Jul      Aug      Sep      Oct      Nov      Dec        TOTAL  
 -----------------------------------------------------------------------------
  2004          28.      20.      28.      28.      32.      35.
                19.      15.      24.      18.      16.      23.          286.
 
  2005          32.      27.     189.      31.      23.      65.
                14.      20.      15.      12.      20.      22.          470.
 
  2006          50.      21.      22.      20.      18.      26.
                16.      34.      17.      13.      14.      17.          268.
 
  2007          15.      94.      27.      19.      14.       9.
               212.     145.       9.      23.       8.       9.          584.
 
  2008           9.      14.      12.      41.      12.      48.
                 8.       8.       9.       8.       5.      11.          185.
 
  2009          25.      18.       9.      13.       9.      13.
                16.      24.      17.      15.      20.      15.          194.
 
  2010          18.       8.      16.      19.      24.       9.
                13.       6.      15.      10.      11.      13.          162.
 
  2011           6.      12.       5.      12.      13.      15.
                39.      13.       9.      14.      10.       2.          150.
 
  2012          12.      13.       5.       9.      12.      15.
                15.       6.       8.      16.       5.      14.          130.
 
  2013          15.       5.       7.      18.      19.       7.
                17.      12.      44.      19.       7.       7.          177.
 
  2014           9.      17.       6.      14.      13.      14.
                 6.      13.      13.      13.       5.       4.          127.
 
  2015           0.       0.       1.       0.       1.       0.
                 0.       0.       0.       0.       0.       0.            2.
 
  2016           0.       0.       0.       0.       0.       0.
                 0.       1.       0.       0.       0.       0.            1.
 
  2017           0.       0.       0.       0.       1.       0.
                 0.       0.       0.       0.       0.       0.            1.
 
  2018           0.       0.       0.       0.       0.       0.
                 1.       0.       6.       0.       0.       0.            7.
 
  2019           0.       1.       3.       0.       0.       0.
                 0.       1.       2.       4.       0.       1.           12.
 
  2020           0.       1.       0.       0.       6.       0.
                 0.       0.       1.       3.       5.       0.           16.
 
  2021           1.       1.       2.       6.       4.       0.
                 1.       1.       0.       0.       0.       1.           17.
 
  2022          18.      16.      24.      13.      20.      14.
                11.      10.      10.       7.       9.     219.          371.
 
  2023          18.      12.      17.      36.      20.      43.
                31.      18.      11.      13.      65.      15.          299.
 
  2024          29.      26.      20.      26.      32.      19.
                28.      27.      27.      30.      22.      26.          312.
 
  2025          13.      17.      22.      23.      26.      10.
                11.      24.      12.      13.      15.      15.          201.
 
  2026          18.      23.      22.      11.      15.      15.
                                                                          104.
 
  AVGE          14.      15.      19.      15.      14.      16.
                21.      17.      11.      11.      11.      19.

  Table Total-        4076.   Mean-        15.   Std. Dev.-        25.
                              Min -         0.        Max -       219.

 B 1.A  Forecasts of (prior adjusted) original series
  From  2026.Jul to 2027.Jun
  Observations         12
 -----------------------------------------------------------------------------
               Jan      Feb      Mar      Apr      May      Jun 
               Jul      Aug      Sep      Oct      Nov      Dec        TOTAL  
 -----------------------------------------------------------------------------
  2026                                                          
                18.      18.      18.      18.      18.      18.          110.
 
  2027          18.      18.      18.      18.      18.      18.
                                                                          110.
 
        bps_permits 48660            PAGE   5, SERIES bps_permits_addi

 C 17  Final weights for irregular component
  From  2004.Jan to 2026.Jun
  Observations        270
  Lower sigma limit    1.50
  Upper sigma limit    2.50
 -----------------------------------------------------------------------------
               Jan      Feb      Mar      Apr      May      Jun 
               Jul      Aug      Sep      Oct      Nov      Dec         S.D.  
 -----------------------------------------------------------------------------
  2004         100.     100.     100.     100.     100.     100.
               100.     100.     100.     100.     100.     100.         1917.
 
  2005         100.     100.       0.     100.     100.     100.
               100.     100.     100.     100.     100.     100.         1917.
 
  2006         100.     100.     100.     100.     100.     100.
               100.     100.     100.     100.     100.     100.         1917.
 
  2007         100.       0.     100.     100.     100.       0.
                 0.       0.       0.     100.     100.     100.         1896.
 
  2008         100.     100.     100.     100.     100.     100.
               100.     100.     100.     100.     100.     100.         1873.
 
  2009         100.     100.     100.     100.     100.     100.
               100.     100.     100.     100.     100.     100.         1861.
 
  2010         100.      98.     100.     100.      16.      64.
               100.     100.     100.     100.     100.     100.          535.
 
  2011         100.     100.     100.     100.     100.     100.
                 0.     100.     100.     100.     100.     100.          433.
 
  2012         100.     100.     100.     100.     100.     100.
               100.     100.     100.     100.     100.     100.          413.
 
  2013         100.       0.     100.     100.     100.       0.
               100.     100.       0.     100.     100.     100.          306.
 
  2014         100.      89.     100.     100.     100.     100.
                23.     100.     100.     100.     100.     100.          283.
 
  2015         100.     100.     100.     100.     100.     100.
               100.     100.     100.     100.     100.     100.          252.
 
  2016         100.     100.     100.     100.     100.     100.
               100.     100.     100.     100.     100.     100.          141.
 
  2017         100.     100.     100.     100.     100.     100.
               100.     100.     100.     100.     100.     100.           99.
 
  2018         100.     100.     100.     100.     100.     100.
               100.     100.       0.     100.     100.     100.          108.
 
  2019         100.     100.     100.     100.     100.     100.
               100.     100.     100.     100.     100.     100.          177.
 
  2020         100.     100.     100.     100.     100.     100.
               100.     100.     100.     100.     100.     100.          707.
 
  2021         100.     100.     100.     100.     100.     100.
               100.     100.     100.     100.     100.     100.         1146.
 
  2022         100.     100.     100.     100.     100.     100.
               100.     100.     100.       0.       0.       0.         1157.
 
  2023           0.       0.     100.     100.     100.     100.
               100.     100.     100.     100.       0.     100.         1179.
 
  2024         100.     100.     100.     100.     100.     100.
               100.     100.     100.     100.     100.     100.         1176.
 
  2025         100.     100.     100.     100.     100.     100.
               100.     100.     100.     100.     100.     100.         1122.
 
  2026         100.     100.     100.     100.     100.     100.
                                                                         1122.
 
        bps_permits 48660            PAGE   6, SERIES bps_permits_addi

 D 8  Final unmodified SI ratios
  From  2004.Jan to 2026.Jun
  Observations        270
 -----------------------------------------------------------------------------
               Jan      Feb      Mar      Apr      May      Jun 
               Jul      Aug      Sep      Oct      Nov      Dec         AVGE  
 -----------------------------------------------------------------------------
  2004           7.      -3.       3.       2.       6.       9.
                -6.      -9.       0.      -6.      -9.      -3.           -1.
 
  2005           5.      -3.     156.      -3.     -10.      36.
               -11.      -1.      -6.     -11.      -6.      -7.           12.
 
  2006          20.      -8.      -3.      -1.       0.      10.
                 0.      17.      -2.      -7.      -8.      -5.            1.
 
  2007          -6.      72.       3.     -10.     -23.     -36.
               161.      94.     -37.     -14.     -19.     -10.           14.
 
  2008          -8.      -4.      -9.      19.      -9.      31.
                -4.      -1.       1.      -2.      -9.      -7.           -0.
 
  2009           6.       0.      -6.       1.      -1.       3.
                 4.       9.      -1.      -4.       0.      -4.            1.
 
  2010           0.      -8.       1.       6.      12.      -3.
                 2.      -5.       4.      -1.      -0.       2.            1.
 
  2011          -4.       2.      -5.       1.       1.       2.
                26.       1.      -3.       3.      -0.      -8.            1.
 
  2012           2.       3.      -5.      -1.       2.       5.
                 5.      -4.      -2.       5.      -7.       1.            0.
 
  2013           1.     -10.      -8.       3.       4.      -8.
                 2.      -2.      30.       6.      -5.      -5.            1.
 
  2014          -3.       5.      -6.       2.       1.       2.
                -6.       2.       2.       4.      -2.      -1.           -0.
 
  2015          -3.      -2.       0.      -0.       1.       1.
                 1.       1.       1.       0.      -0.      -1.           -0.
 
  2016          -1.      -1.      -0.      -0.       0.       0.
                 0.       1.       0.      -0.      -0.      -0.           -0.
 
  2017          -0.      -0.      -0.      -0.       1.      -0.
                -0.       0.       0.       0.      -0.      -0.           -0.
 
  2018          -0.       0.       0.      -0.      -0.      -0.
                 1.      -0.       6.       0.      -0.      -0.            0.
 
  2019          -1.       0.       2.      -0.      -0.      -0.
                -1.      -0.       0.       2.      -2.      -0.           -0.
 
  2020          -0.       1.       0.      -0.       5.      -2.
                -3.      -3.      -2.       0.       3.      -1.           -0.
 
  2021           1.       1.       2.       5.       2.      -3.
                -3.      -3.      -3.      -2.      -3.      -4.           -1.
 
  2022          10.       4.       9.      -3.       4.      -1.
                -5.     -10.     -16.     -26.     -30.     178.            9.
 
  2023         -22.     -25.     -16.       5.     -10.      13.
                 3.      -7.     -10.      -5.      48.      -2.           -2.
 
  2024          10.       4.      -3.       1.       6.      -8.
                -0.      -2.      -1.       3.      -2.       5.            1.
 
  2025          -6.      -2.       3.       4.       7.      -8.
                -6.       9.      -3.      -2.      -1.      -2.           -1.
 
  2026           0.       6.       5.      -5.      -1.      -1.
                                                                            1.
 
  AVGE           0.       1.       5.       1.      -0.       2.
                 7.       4.      -2.      -3.      -2.       6.

  Table Total-         440.   Mean-         2.   Std. Dev.-        21.
                              Min -       -37.        Max -       178.
        bps_permits 48660            PAGE   7, SERIES bps_permits_addi

 D 8.B  Final unmodified SI ratios, with labels for outliers and extreme values
  From  2004.Jan to 2026.Jun
  Observations        270
 ---------------------------------------------------------------------
               Jan       Feb       Mar       Apr       May       Jun  
               Jul       Aug       Sep       Oct       Nov       Dec  
 ---------------------------------------------------------------------
  2004          7.       -3.        3.        2.        6.        9.  
               -6.       -9.        0.       -6.       -9.       -3.  
 
  2005          5.       -3.      156.*      -3.      -10.       36.  
              -11.       -1.       -6.      -11.       -6.       -7.  
 
  2006         20.       -8.       -3.       -1.        0.       10.  
                0.       17.       -2.       -7.       -8.       -5.  
 
  2007         -6.       72.*       3.      -10.      -23.      -36.* 
              161.*      94.*     -37.*     -14.      -19.      -10.  
 
  2008         -8.       -4.       -9.       19.       -9.       31.  
               -4.       -1.        1.       -2.       -9.       -7.  
 
  2009          6.        0.       -6.        1.       -1.        3.  
                4.        9.       -1.       -4.        0.       -4.  
 
  2010          0.       -8.*       1.        6.       12.*      -3.* 
                2.       -5.        4.       -1.       -0.        2.  
 
  2011         -4.        2.       -5.        1.        1.        2.  
               26.*       1.       -3.        3.       -0.       -8.  
 
  2012          2.        3.       -5.       -1.        2.        5.  
                5.       -4.       -2.        5.       -7.        1.  
 
  2013          1.      -10.*      -8.        3.        4.       -8.* 
                2.       -2.       30.*       6.       -5.       -5.  
 
  2014         -3.        5.*      -6.        2.        1.        2.  
               -6.*       2.        2.        4.       -2.       -1.  
 
  2015         -3.       -2.        0.       -0.        1.        1.  
                1.        1.        1.        0.       -0.       -1.  
 
  2016         -1.       -1.       -0.       -0.        0.        0.  
                0.        1.        0.       -0.       -0.       -0.  
 
  2017         -0.       -0.       -0.       -0.        1.       -0.  
               -0.        0.        0.        0.       -0.       -0.  
 
  2018         -0.        0.        0.       -0.       -0.       -0.  
                1.       -0.        6.*       0.       -0.       -0.  
 
  2019         -1.        0.        2.       -0.       -0.       -0.  
               -1.       -0.        0.        2.       -2.       -0.  
 
  2020         -0.        1.        0.       -0.        5.       -2.  
               -3.       -3.       -2.        0.        3.       -1.  
 
  2021          1.        1.        2.        5.        2.       -3.  
               -3.       -3.       -3.       -2.       -3.       -4.  
 
  2022         10.        4.        9.       -3.        4.       -1.  
               -5.      -10.      -16.      -26.*     -30.*     178.* 
 
  2023        -22.*     -25.*     -16.        5.      -10.       13.  
                3.       -7.      -10.       -5.       48.*      -2.  
 
  2024         10.        4.       -3.        1.        6.       -8.  
               -0.       -2.       -1.        3.       -2.        5.  
 
  2025         -6.       -2.        3.        4.        7.       -8.  
               -6.        9.       -3.       -2.       -1.       -2.  
 
  2026          0.        6.        5.       -5.       -1.       -1.  
                                                                      
 

  Key to symbols:
    *  : extreme value as determined by X-11 extreme value procedure
 
        bps_permits 48660            PAGE   8, SERIES bps_permits_addi

 D 9  Final replacement values for SI ratios
  From  2004.Jan to 2026.Jun
  Observations        270
 ---------------------------------------------------------------
               Jan      Feb      Mar      Apr      May      Jun 
               Jul      Aug      Sep      Oct      Nov      Dec 
 ---------------------------------------------------------------
  2004     ******** ******** ******** ******** ******** ********
           ******** ******** ******** ******** ******** ********
 
  2005     ******** ********      14. ******** ******** ********
           ******** ******** ******** ******** ******** ********
 
  2006     ******** ******** ******** ******** ******** ********
           ******** ******** ******** ******** ******** ********
 
  2007     ********       1. ******** ******** ********      30.
                14.      21.      13. ******** ******** ********
 
  2008     ******** ******** ******** ******** ******** ********
           ******** ******** ******** ******** ******** ********
 
  2009     ******** ******** ******** ******** ******** ********
           ******** ******** ******** ******** ******** ********
 
  2010     ********      -8. ******** ********       1.       1.
           ******** ******** ******** ******** ******** ********
 
  2011     ******** ******** ******** ******** ******** ********
                 4. ******** ******** ******** ******** ********
 
  2012     ******** ******** ******** ******** ******** ********
           ******** ******** ******** ******** ******** ********
 
  2013     ********      -0. ******** ******** ********       2.
           ******** ********       2. ******** ******** ********
 
  2014     ********       5. ******** ******** ******** ********
                -1. ******** ******** ******** ******** ********
 
  2015     ******** ******** ******** ******** ******** ********
           ******** ******** ******** ******** ******** ********
 
  2016     ******** ******** ******** ******** ******** ********
           ******** ******** ******** ******** ******** ********
 
  2017     ******** ******** ******** ******** ******** ********
           ******** ******** ******** ******** ******** ********
 
  2018     ******** ******** ******** ******** ******** ********
           ******** ********       0. ******** ******** ********
 
  2019     ******** ******** ******** ******** ******** ********
           ******** ******** ******** ******** ******** ********
 
  2020     ******** ******** ******** ******** ******** ********
           ******** ******** ******** ******** ******** ********
 
  2021     ******** ******** ******** ******** ******** ********
           ******** ******** ******** ******** ******** ********
 
  2022     ******** ******** ******** ******** ******** ********
           ******** ******** ********       3.       9.       8.
 
  2023          11.       8. ******** ******** ******** ********
           ******** ******** ******** ********       4. ********
 
  2024     ******** ******** ******** ******** ******** ********
           ******** ******** ******** ******** ******** ********
 
  2025     ******** ******** ******** ******** ******** ********
           ******** ******** ******** ******** ******** ********
 
  2026     ******** ******** ******** ******** ******** ********
                                                                
 

 D 9.A  Moving seasonality ratio
 ---------------------------------------------------------------
               Jan      Feb      Mar      Apr      May      Jun 
 ---------------------------------------------------------------
   I          5.419    3.786    6.320    5.620    6.201    7.513
   S          1.005    0.570    1.068    0.728    0.696    1.459
 RATIO        5.394    6.647    5.916    7.724    8.911    5.148



 ---------------------------------------------------------------
               Jul      Aug      Sep      Oct      Nov      Dec 
 ---------------------------------------------------------------
   I          4.405    6.014    4.286    3.634    4.422    4.633
   S          0.775    0.910    0.673    0.842    0.679    0.589
 RATIO        5.685    6.608    6.371    4.317    6.513    7.871



        bps_permits 48660            PAGE   9, SERIES bps_permits_addi

 D 10  Final seasonal factors
  From  2004.Jan to 2026.Jun
  Observations        270
  Seasonal filter    3 x 5 moving average
 -----------------------------------------------------------------------------
               Jan      Feb      Mar      Apr      May      Jun 
               Jul      Aug      Sep      Oct      Nov      Dec         AVGE  
 -----------------------------------------------------------------------------
  2004           8.      -4.       4.      -2.      -5.      20.
                -2.       5.      -0.      -9.      -9.      -5.            0.
 
  2005           6.      -4.       3.      -1.      -6.      21.
                -2.       6.       1.      -9.      -9.      -6.            0.
 
  2006           4.      -3.       2.      -0.      -8.      22.
                -0.       7.       1.      -8.      -9.      -6.            0.
 
  2007           3.      -3.      -0.       2.      -7.      20.
                 1.       8.       2.      -7.      -9.      -6.            0.
 
  2008           1.      -3.      -2.       2.      -7.      17.
                 3.       7.       2.      -6.      -7.      -6.            0.
 
  2009          -0.      -2.      -3.       4.      -5.      12.
                 3.       4.       2.      -3.      -6.      -5.            0.
 
  2010          -1.      -1.      -4.       4.      -2.       8.
                 3.       1.       1.      -1.      -4.      -4.            0.
 
  2011          -0.      -0.      -4.       3.       1.       5.
                 3.      -1.       0.       2.      -3.      -3.            0.
 
  2012          -0.       0.      -5.       2.       2.       3.
                 3.      -1.       0.       3.      -3.      -3.            0.
 
  2013          -1.       1.      -4.       1.       2.       2.
                 2.      -1.       0.       3.      -3.      -2.            0.
 
  2014          -1.       1.      -4.       1.       2.       2.
                 1.      -0.       1.       3.      -3.      -2.            0.
 
  2015          -1.       1.      -3.       1.       1.       1.
                 1.       0.       1.       2.      -2.      -1.            0.
 
  2016          -1.       0.      -1.       0.       1.       1.
                 0.       0.       1.       1.      -1.      -1.           -0.
 
  2017          -1.      -0.      -0.       0.       1.       0.
                -0.       0.       0.       0.      -0.      -0.           -0.
 
  2018          -1.      -0.       1.       0.       1.      -0.
                -0.      -0.      -0.       0.      -0.      -1.           -0.
 
  2019           0.       1.       1.       0.       2.      -1.
                -1.      -2.      -2.       0.       0.      -0.           -0.
 
  2020           2.       1.       1.       1.       1.      -0.
                -2.      -3.      -4.      -0.       1.      -0.           -0.
 
  2021           4.       3.       0.       1.       1.      -0.
                -2.      -4.      -6.      -0.       2.       1.           -0.
 
  2022           5.       3.      -1.       2.       1.      -0.
                -2.      -4.      -7.      -0.       2.       1.           -0.
 
  2023           5.       4.      -1.       1.       1.      -1.
                -2.      -3.      -7.      -0.       2.       1.            0.
 
  2024           4.       3.      -1.       1.       1.      -1.
                -1.      -1.      -6.      -1.       1.       1.            0.
 
  2025           3.       3.      -0.       0.       1.      -2.
                -1.      -0.      -4.      -1.       1.       1.            0.
 
  2026           1.       3.       1.       0.       2.      -3.
                                                                            1.
 
  AVGE           2.       0.      -1.       1.      -1.       5.
                 0.       1.      -1.      -1.      -3.      -2.

  Table Total-          13.   Mean-         0.   Std. Dev.-         4.
                              Min -        -9.        Max -        22.

 D 10.A  Final seasonal component forecasts
  From  2026.Jul to 2027.Jun
  Observations         12
 -----------------------------------------------------------------------------
               Jan      Feb      Mar      Apr      May      Jun 
               Jul      Aug      Sep      Oct      Nov      Dec         AVGE  
 -----------------------------------------------------------------------------
  2026                                                          
                -1.       1.      -3.      -1.      -0.       0.           -0.
 
  2027          -0.       2.       2.      -0.       3.      -4.
                                                                            0.
 
        bps_permits 48660            PAGE  10, SERIES bps_permits_addi

 D 11  Final seasonally adjusted data
  From  2004.Jan to 2026.Jun
  Observations        270
 -----------------------------------------------------------------------------
               Jan      Feb      Mar      Apr      May      Jun 
               Jul      Aug      Sep      Oct      Nov      Dec        TOTAL  
 -----------------------------------------------------------------------------
  2004          20.      24.      24.      30.      37.      15.
                21.      10.      24.      27.      25.      28.          285.
 
  2005          26.      31.     186.      32.      29.      44.
                16.      14.      14.      21.      29.      28.          469.
 
  2006          46.      24.      20.      20.      26.       4.
                16.      27.      16.      21.      23.      23.          267.
 
  2007          12.      97.      27.      17.      21.     -11.
               211.     137.       7.      30.      17.      15.          582.
 
  2008           8.      17.      14.      39.      19.      31.
                 5.       1.       7.      14.      12.      17.          183.
 
  2009          25.      20.      12.       9.      14.       1.
                13.      20.      15.      18.      26.      20.          193.
 
  2010          19.       9.      20.      15.      26.       1.
                10.       5.      14.      11.      15.      17.          161.
 
  2011           6.      12.       9.       9.      12.      10.
                36.      14.       9.      12.      13.       5.          149.
 
  2012          12.      13.      10.       7.      10.      12.
                12.       7.       8.      13.       8.      17.          129.
 
  2013          16.       4.      11.      17.      17.       5.
                15.      13.      44.      16.      10.       9.          177.
 
  2014          10.      16.      10.      13.      11.      12.
                 5.      13.      12.      10.       8.       6.          127.
 
  2015           1.      -1.       4.      -1.      -0.      -1.
                -1.      -0.      -1.      -2.       2.       1.            2.
 
  2016           1.      -0.       1.      -0.      -1.      -1.
                -0.       1.      -1.      -1.       1.       1.            1.
 
  2017           1.       0.       0.      -0.       0.      -0.
                 0.      -0.      -0.      -0.       0.       0.            1.
 
  2018           1.       0.      -1.      -0.      -1.       0.
                 1.       0.       6.      -0.       0.       1.            8.
 
  2019          -0.       0.       2.      -0.      -2.       1.
                 1.       3.       4.       4.      -0.       1.           13.
 
  2020          -2.      -0.      -1.      -1.       5.       0.
                 2.       3.       5.       3.       4.       0.           18.
 
  2021          -3.      -2.       2.       5.       3.       0.
                 3.       5.       6.       0.      -2.       0.           17.
 
  2022          13.      13.      25.      11.      19.      14.
                13.      14.      17.       7.       7.     218.          371.
 
  2023          13.       8.      18.      35.      19.      44.
                33.      21.      18.      13.      63.      14.          298.
 
  2024          25.      23.      21.      25.      31.      20.
                29.      28.      33.      31.      21.      25.          312.
 
  2025          10.      14.      22.      23.      25.      12.
                12.      24.      16.      14.      14.      14.          200.
 
  2026          17.      20.      21.      11.      13.      18.
                                                                          101.
 
  AVGE          12.      15.      20.      14.      14.      10.
                21.      16.      12.      12.      13.      21.

  Table Total-        4063.   Mean-        15.   Std. Dev.-        25.
                              Min -       -11.        Max -       218.
        bps_permits 48660            PAGE  11, SERIES bps_permits_addi

 D 12  Final trend cycle
  From  2004.Jan to 2026.Jun
  Observations        270
  Trend filter    13-term Henderson moving average
  I/C ratio        3.14
 -----------------------------------------------------------------------------
               Jan      Feb      Mar      Apr      May      Jun 
               Jul      Aug      Sep      Oct      Nov      Dec        TOTAL  
 -----------------------------------------------------------------------------
  2004          24.      25.      26.      26.      25.      23.
                21.      20.      20.      22.      25.      28.          286.
 
  2005          31.      33.      35.      35.      32.      28.
                23.      20.      19.      22.      26.      29.          334.
 
  2006          31.      29.      25.      21.      18.      16.
                17.      18.      20.      21.      21.      21.          257.
 
  2007          20.      20.      22.      28.      38.      48.
                54.      55.      49.      37.      25.      16.          412.
 
  2008          14.      16.      20.      23.      22.      19.
                14.      10.       8.      10.      14.      17.          186.
 
  2009          19.      17.      15.      12.      10.      10.
                12.      15.      18.      20.      20.      20.          186.
 
  2010          19.      17.      16.      14.      12.      10.
                 9.       9.      10.      12.      13.      13.          153.
 
  2011          12.      11.      10.      10.      11.      12.
                12.      12.      12.      11.      11.      10.          135.
 
  2012          10.      10.      10.      10.      10.      10.
                10.      10.      10.      11.      12.      13.          126.
 
  2013          14.      15.      15.      15.      15.      15.
                15.      15.      14.      13.      12.      12.          170.
 
  2014          11.      12.      12.      12.      12.      12.
                12.      12.      11.      10.       8.       5.          128.
 
  2015           3.       2.       1.      -0.      -0.      -1.
                -1.      -1.      -1.      -0.       0.       1.            3.
 
  2016           1.       1.       0.      -0.      -0.      -0.
                -0.      -0.      -0.       0.       0.       0.            1.
 
  2017           1.       0.       0.       0.       0.      -0.
                -0.      -0.      -0.       0.       0.       0.            1.
 
  2018           0.      -0.      -0.      -0.      -0.       0.
                 0.       1.       1.       0.       0.       0.            2.
 
  2019           0.       0.       0.      -0.       0.       1.
                 2.       2.       3.       2.       1.       0.           12.
 
  2020          -0.      -1.      -0.       0.       1.       2.
                 3.       3.       3.       3.       2.       1.           17.
 
  2021           0.       0.       1.       2.       3.       3.
                 3.       3.       2.       2.       3.       5.           26.
 
  2022           9.      13.      16.      17.      15.      14.
                15.      18.      25.      33.      40.      43.          259.
 
  2023          42.      38.      34.      31.      30.      29.
                27.      24.      21.      18.      17.      17.          328.
 
  2024          20.      22.      24.      25.      26.      27.
                29.      29.      29.      27.      24.      21.          301.
 
  2025          19.      18.      18.      19.      19.      19.
                18.      16.      15.      15.      16.      16.          209.
 
  2026          17.      17.      17.      16.      16.      17.
                                                                           99.
 
  AVGE          14.      14.      14.      14.      14.      14.
                13.      13.      13.      13.      13.      13.

  Table Total-        3631.   Mean-        13.   Std. Dev.-        11.
                              Min -        -1.        Max -        55.
        bps_permits 48660            PAGE  12, SERIES bps_permits_addi

 D 13  Final irregular component
  From  2004.Jan to 2026.Jun
  Observations        270
 -----------------------------------------------------------------------------
               Jan      Feb      Mar      Apr      May      Jun 
               Jul      Aug      Sep      Oct      Nov      Dec         S.D.  
 -----------------------------------------------------------------------------
  2004          -4.      -2.      -3.       4.      12.      -8.
                 1.     -10.       4.       5.      -0.       0.            6.
 
  2005          -5.      -2.     151.      -3.      -4.      16.
                -7.      -5.      -5.      -2.       4.      -2.           44.
 
  2006          15.      -5.      -5.      -0.       8.     -12.
                -1.       9.      -4.       1.       2.       3.            7.
 
  2007          -8.      78.       5.     -11.     -16.     -59.
               157.      83.     -42.      -7.      -9.      -2.           60.
 
  2008          -6.       1.      -6.      16.      -3.      13.
                -8.      -9.      -2.       4.      -2.      -0.            7.
 
  2009           7.       3.      -2.      -3.       4.      -9.
                 1.       5.      -2.      -1.       5.      -0.            4.
 
  2010           0.      -8.       4.       2.      14.      -9.
                 1.      -5.       4.      -1.       2.       4.            6.
 
  2011          -6.       2.      -1.      -2.       1.      -1.
                24.       2.      -3.       1.       2.      -6.            7.
 
  2012           2.       2.      -1.      -3.       0.       2.
                 2.      -3.      -2.       2.      -4.       4.            3.
 
  2013           2.     -11.      -4.       2.       2.     -11.
                -0.      -2.      30.       3.      -2.      -2.           10.
 
  2014          -1.       4.      -2.       1.      -1.       0.
                -7.       1.       1.       1.       0.       1.            3.
 
  2015          -2.      -2.       3.      -1.       0.      -1.
                 0.       1.      -0.      -2.       1.       0.            1.
 
  2016           0.      -1.       1.      -0.      -1.      -0.
                 0.       1.      -0.      -1.       1.       0.            1.
 
  2017           0.      -0.      -0.      -0.       0.      -0.
                 0.      -0.      -0.      -1.       0.       0.            0.
 
  2018           0.       0.      -0.      -0.      -1.       0.
                 1.      -0.       6.      -1.      -0.       0.            2.
 
  2019          -1.       0.       2.      -0.      -2.       0.
                -0.       0.       1.       1.      -2.       1.            1.
 
  2020          -1.       0.      -1.      -1.       4.      -2.
                -1.      -0.       2.       0.       2.      -1.            2.
 
  2021          -3.      -2.       1.       3.       0.      -3.
                -0.       3.       4.      -2.      -5.      -5.            3.
 
  2022           4.      -0.       9.      -5.       3.       0.
                -2.      -4.      -9.     -26.     -33.     175.           52.
 
  2023         -29.     -29.     -16.       4.     -11.      15.
                 5.      -3.      -3.      -4.      46.      -4.           20.
 
  2024           5.       1.      -2.       0.       5.      -7.
                 1.      -1.       4.       4.      -3.       4.            4.
 
  2025          -9.      -4.       4.       4.       5.      -6.
                -6.       8.       1.      -2.      -1.      -2.            5.
 
  2026           0.       4.       5.      -6.      -3.       2.
                                                                            4.
 
  S.D.           8.      18.      32.       5.       6.      14.
                34.      18.      11.       6.      13.      37.

  Table Total-         432.   Mean-         2.   Std. Dev.-        20.
                              Min -       -59.        Max -       175.
        bps_permits 48660            PAGE  13, SERIES bps_permits_addi

 D 16  Combined adjustment factors
  From  2004.Jan to 2026.Jun
  Observations        270
 -----------------------------------------------------------------------------
               Jan      Feb      Mar      Apr      May      Jun 
               Jul      Aug      Sep      Oct      Nov      Dec         AVGE  
 -----------------------------------------------------------------------------
  2004           8.      -4.       4.      -2.      -5.      20.
                -2.       5.      -0.      -9.      -9.      -5.            0.
 
  2005           6.      -4.       3.      -1.      -6.      21.
                -2.       6.       1.      -9.      -9.      -6.            0.
 
  2006           4.      -3.       2.      -0.      -8.      22.
                -0.       7.       1.      -8.      -9.      -6.            0.
 
  2007           3.      -3.      -0.       2.      -7.      20.
                 1.       8.       2.      -7.      -9.      -6.            0.
 
  2008           1.      -3.      -2.       2.      -7.      17.
                 3.       7.       2.      -6.      -7.      -6.            0.
 
  2009          -0.      -2.      -3.       4.      -5.      12.
                 3.       4.       2.      -3.      -6.      -5.            0.
 
  2010          -1.      -1.      -4.       4.      -2.       8.
                 3.       1.       1.      -1.      -4.      -4.            0.
 
  2011          -0.      -0.      -4.       3.       1.       5.
                 3.      -1.       0.       2.      -3.      -3.            0.
 
  2012          -0.       0.      -5.       2.       2.       3.
                 3.      -1.       0.       3.      -3.      -3.            0.
 
  2013          -1.       1.      -4.       1.       2.       2.
                 2.      -1.       0.       3.      -3.      -2.            0.
 
  2014          -1.       1.      -4.       1.       2.       2.
                 1.      -0.       1.       3.      -3.      -2.            0.
 
  2015          -1.       1.      -3.       1.       1.       1.
                 1.       0.       1.       2.      -2.      -1.            0.
 
  2016          -1.       0.      -1.       0.       1.       1.
                 0.       0.       1.       1.      -1.      -1.           -0.
 
  2017          -1.      -0.      -0.       0.       1.       0.
                -0.       0.       0.       0.      -0.      -0.           -0.
 
  2018          -1.      -0.       1.       0.       1.      -0.
                -0.      -0.      -0.       0.      -0.      -1.           -0.
 
  2019           0.       1.       1.       0.       2.      -1.
                -1.      -2.      -2.       0.       0.      -0.           -0.
 
  2020           2.       1.       1.       1.       1.      -0.
                -2.      -3.      -4.      -0.       1.      -0.           -0.
 
  2021           4.       3.       0.       1.       1.      -0.
                -2.      -4.      -6.      -0.       2.       1.           -0.
 
  2022           5.       3.      -1.       2.       1.      -0.
                -2.      -4.      -7.      -0.       2.       1.           -0.
 
  2023           5.       4.      -1.       1.       1.      -1.
                -2.      -3.      -7.      -0.       2.       1.            0.
 
  2024           4.       3.      -1.       1.       1.      -1.
                -1.      -1.      -6.      -1.       1.       1.            0.
 
  2025           3.       3.      -0.       0.       1.      -2.
                -1.      -0.      -4.      -1.       1.       1.            0.
 
  2026           1.       3.       1.       0.       2.      -3.
                                                                            1.
 
  AVGE           2.       0.      -1.       1.      -1.       5.
                 0.       1.      -1.      -1.      -3.      -2.

  Table Total-          13.   Mean-         0.   Std. Dev.-         4.
                              Min -        -9.        Max -        22.

 D 16.A  Combined adjustment component forecasts
  From  2026.Jul to 2027.Jun
  Observations         12
 -----------------------------------------------------------------------------
               Jan      Feb      Mar      Apr      May      Jun 
               Jul      Aug      Sep      Oct      Nov      Dec         AVGE  
 -----------------------------------------------------------------------------
  2026                                                          
                -1.       1.      -3.      -1.      -0.       0.           -0.
 
  2027          -0.       2.       2.      -0.       3.      -4.
                                                                            0.
 
        bps_permits 48660            PAGE  14, SERIES bps_permits_addi

 E 4  Differences of annual totals
  From          2004 to 2025
  Observations         22
 -----------------------------------
  Year       Unmodified     Modified
                  (D11)         (E2)
 -----------------------------------
  2004               1.           1.
 
  2005               1.           1.
 
  2006               1.           1.
 
  2007               2.           2.
 
  2008               2.           2.
 
  2009               1.           1.
 
  2010               1.           1.
 
  2011               1.           1.
 
  2012               1.           1.
 
  2013               0.           0.
 
  2014               0.           0.
 
  2015               0.           0.
 
  2016              -0.          -0.
 
  2017              -0.          -0.
 
  2018              -1.          -1.
 
  2019              -1.          -1.
 
  2020              -2.          -2.
 
  2021              -0.          -0.
 
  2022              -0.          -0.
 
  2023               1.           1.
 
  2024               0.           0.
 
  2025               1.           1.
 
        bps_permits 48660            PAGE  15, SERIES bps_permits_addi

 E 5  Month-to-month differences in the original series
  From  2004.Feb to 2026.Jun
  Observations        269
 -----------------------------------------------------------------------------
               Jan      Feb      Mar      Apr      May      Jun 
               Jul      Aug      Sep      Oct      Nov      Dec         AVGE  
 -----------------------------------------------------------------------------
  2004                   -8.       8.       0.       4.       3.
               -16.      -4.       9.      -6.      -2.       7.           -0.
 
  2005           9.      -5.     162.    -158.      -8.      42.
               -51.       6.      -5.      -3.       8.       2.           -0.
 
  2006          28.     -29.       1.      -2.      -2.       8.
               -10.      18.     -17.      -4.       1.       3.           -0.
 
  2007          -2.      79.     -67.      -8.      -5.      -5.
               203.     -67.    -136.      14.     -15.       1.           -1.
 
  2008           0.       5.      -2.      29.     -29.      36.
               -40.       0.       1.      -1.      -3.       6.            0.
 
  2009          14.      -7.      -9.       4.      -4.       4.
                 3.       8.      -7.      -2.       5.      -5.            0.
 
  2010           3.     -10.       8.       3.       5.     -15.
                 4.      -7.       9.      -5.       1.       2.           -0.
 
  2011          -7.       6.      -7.       7.       1.       2.
                24.     -26.      -4.       5.      -4.      -8.           -1.
 
  2012          10.       1.      -8.       4.       3.       3.
                 0.      -9.       2.       8.     -11.       9.            1.
 
  2013           1.     -10.       2.      11.       1.     -12.
                10.      -5.      32.     -25.     -12.       0.           -1.
 
  2014           2.       8.     -11.       8.      -1.       1.
                -8.       7.       0.       0.      -8.      -1.           -0.
 
  2015          -4.       0.       1.      -1.       1.      -1.
                 0.       0.       0.       0.       0.       0.           -0.
 
  2016           0.       0.       0.       0.       0.       0.
                 0.       1.      -1.       0.       0.       0.            0.
 
  2017           0.       0.       0.       0.       1.      -1.
                 0.       0.       0.       0.       0.       0.            0.
 
  2018           0.       0.       0.       0.       0.       0.
                 1.      -1.       6.      -6.       0.       0.            0.
 
  2019           0.       1.       2.      -3.       0.       0.
                 0.       1.       1.       2.      -4.       1.            0.
 
  2020          -1.       1.      -1.       0.       6.      -6.
                 0.       0.       1.       2.       2.      -5.           -0.
 
  2021           1.       0.       1.       4.      -2.      -4.
                 1.       0.      -1.       0.       0.       1.            0.
 
  2022          17.      -2.       8.     -11.       7.      -6.
                -3.      -1.       0.      -3.       2.     210.           18.
 
  2023        -201.      -6.       5.      19.     -16.      23.
               -12.     -13.      -7.       2.      52.     -50.          -17.
 
  2024          14.      -3.      -6.       6.       6.     -13.
                 9.      -1.       0.       3.      -8.       4.            1.
 
  2025         -13.       4.       5.       1.       3.     -16.
                 1.      13.     -12.       1.       2.       0.           -1.
 
  2026           3.       5.      -1.     -11.       4.       0.
                                                                            0.
 
  AVGE          -6.       1.       4.      -4.      -1.       2.
                 5.      -4.      -6.      -1.       0.       8.

  Table Total-         -13.   Mean-        -0.   Std. Dev.-        30.
                              Min -      -201.        Max -       210.
        bps_permits 48660            PAGE  16, SERIES bps_permits_addi

 E 6  Month-to-month differences in seasonally adjusted series (D11)
  From  2004.Feb to 2026.Jun
  Observations        269
 -----------------------------------------------------------------------------
               Jan      Feb      Mar      Apr      May      Jun 
               Jul      Aug      Sep      Oct      Nov      Dec         AVGE  
 -----------------------------------------------------------------------------
  2004                    4.      -0.       7.       6.     -22.
                 7.     -12.      14.       3.      -2.       4.            1.
 
  2005          -3.       5.     155.    -153.      -3.      15.
               -28.      -1.      -0.       6.       9.      -2.           -0.
 
  2006          18.     -21.      -4.       0.       5.     -22.
                12.      11.     -11.       6.       2.      -0.           -0.
 
  2007         -11.      85.     -70.     -10.       4.     -32.
               222.     -74.    -130.      23.     -14.      -2.           -1.
 
  2008          -7.       9.      -3.      25.     -20.      12.
               -26.      -5.       6.       7.      -2.       4.            0.
 
  2009           9.      -5.      -8.      -3.       4.     -13.
                12.       7.      -4.       3.       7.      -6.            0.
 
  2010          -1.     -10.      11.      -4.      10.     -25.
                 9.      -5.      10.      -3.       4.       2.           -0.
 
  2011         -11.       6.      -3.      -1.       3.      -2.
                26.     -23.      -5.       4.       1.      -8.           -1.
 
  2012           8.       0.      -3.      -2.       3.       2.
                -0.      -5.       1.       5.      -5.       9.            1.
 
  2013          -1.     -12.       7.       5.       0.     -13.
                10.      -2.      31.     -28.      -6.      -1.           -1.
 
  2014           1.       6.      -6.       3.      -2.       1.
                -8.       9.      -1.      -2.      -3.      -2.           -0.
 
  2015          -5.      -2.       4.      -4.       0.      -1.
                 0.       1.      -1.      -1.       4.      -1.           -0.
 
  2016           0.      -1.       1.      -2.      -0.       0.
                 0.       1.      -1.      -0.       2.      -0.           -0.
 
  2017           0.      -1.       0.      -0.       0.      -0.
                 0.      -0.       0.      -0.       1.       0.           -0.
 
  2018           0.      -1.      -1.       0.      -1.       2.
                 1.      -1.       6.      -7.       1.       0.            0.
 
  2019          -1.       1.       1.      -2.      -1.       3.
                 0.       2.       1.      -0.      -4.       2.            0.
 
  2020          -3.       1.      -1.       0.       6.      -4.
                 1.       2.       2.      -2.       1.      -4.           -0.
 
  2021          -3.       1.       3.       3.      -2.      -3.
                 3.       3.       0.      -6.      -2.       2.            0.
 
  2022          12.      -0.      12.     -14.       8.      -5.
                -1.       1.       3.      -9.      -0.     211.           18.
 
  2023        -206.      -4.      10.      16.     -16.      25.
               -11.     -12.      -4.      -4.      50.     -49.          -17.
 
  2024          11.      -2.      -1.       4.       6.     -11.
                 9.      -1.       4.      -2.     -10.       4.            1.
 
  2025         -15.       4.       9.       0.       2.     -12.
                -0.      12.      -8.      -2.       1.      -0.           -1.
 
  2026           3.       4.       1.     -11.       2.       5.
                                                                            1.
 
  AVGE          -9.       3.       5.      -6.       1.      -4.
                11.      -4.      -4.      -0.       2.       7.

  Table Total-          -2.   Mean-        -0.   Std. Dev.-        30.
                              Min -      -206.        Max -       222.
        bps_permits 48660            PAGE  17, SERIES bps_permits_addi

 E 7  Month-to-month differences in final trend cycle (D12)
  From  2004.Feb to 2026.Jun
  Observations        269
 -----------------------------------------------------------------------------
               Jan      Feb      Mar      Apr      May      Jun 
               Jul      Aug      Sep      Oct      Nov      Dec         AVGE  
 -----------------------------------------------------------------------------
  2004                    2.       1.      -0.      -1.      -2.
                -2.      -1.       0.       2.       3.       3.            0.
 
  2005           3.       3.       2.       0.      -2.      -4.
                -5.      -3.      -0.       3.       4.       4.            0.
 
  2006           1.      -2.      -4.      -4.      -3.      -1.
                 1.       1.       1.       1.       1.      -0.           -1.
 
  2007          -1.       0.       3.       6.      10.      10.
                 7.       1.      -6.     -11.     -12.      -9.           -0.
 
  2008          -3.       2.       4.       3.      -1.      -3.
                -5.      -4.      -1.       2.       4.       3.            0.
 
  2009           2.      -1.      -3.      -3.      -2.      -0.
                 2.       3.       3.       2.       1.      -0.            0.
 
  2010          -1.      -1.      -2.      -2.      -2.      -2.
                -1.       0.       1.       2.       1.      -0.           -1.
 
  2011          -1.      -1.      -1.       0.       1.       1.
                 1.      -0.      -0.      -1.      -0.      -0.           -0.
 
  2012          -0.      -0.       0.       0.       0.      -0.
                -0.      -0.       0.       1.       1.       1.            0.
 
  2013           1.       1.       0.       0.       0.       0.
                -0.      -1.      -1.      -1.      -1.      -1.           -0.
 
  2014          -0.       0.       0.       0.       0.      -0.
                -0.      -0.      -1.      -1.      -2.      -2.           -1.
 
  2015          -2.      -2.      -1.      -1.      -0.      -0.
                -0.       0.       0.       0.       0.       0.           -0.
 
  2016           0.      -0.      -0.      -0.      -0.      -0.
                -0.       0.       0.       0.       0.       0.           -0.
 
  2017           0.      -0.      -0.      -0.      -0.      -0.
                -0.      -0.       0.       0.       0.       0.           -0.
 
  2018          -0.      -0.      -0.      -0.       0.       0.
                 0.       0.      -0.      -0.      -0.      -0.            0.
 
  2019          -0.      -0.      -0.      -0.       0.       1.
                 1.       1.       0.      -0.      -1.      -1.            0.
 
  2020          -1.      -0.       0.       1.       1.       1.
                 1.       1.       0.      -1.      -1.      -1.            0.
 
  2021          -1.      -0.       0.       1.       1.       1.
                -0.      -1.      -1.      -0.       1.       3.            0.
 
  2022           4.       4.       3.       1.      -1.      -1.
                 1.       4.       7.       8.       7.       3.            3.
 
  2023          -1.      -4.      -4.      -3.      -1.      -1.
                -2.      -3.      -4.      -3.      -1.       1.           -2.
 
  2024           2.       2.       2.       1.       1.       1.
                 1.       1.      -1.      -2.      -3.      -3.            0.
 
  2025          -2.      -1.       0.       1.       0.      -0.
                -1.      -1.      -1.      -0.       0.       0.           -0.
 
  2026           0.       0.      -0.      -0.      -0.       0.
                                                                            0.
 
  AVGE          -0.       0.       0.       0.      -0.      -0.
                -0.      -0.      -0.      -0.       0.       0.

  Table Total-          -7.   Mean-        -0.   Std. Dev.-         2.
                              Min -       -12.        Max -        10.
        bps_permits 48660            PAGE  18, SERIES bps_permits_addi

 E 8  Month-to-month differences in original series adjusted for calendar factors (A18)
  From  2004.Feb to 2026.Jun
  Observations        269
 -----------------------------------------------------------------------------
               Jan      Feb      Mar      Apr      May      Jun 
               Jul      Aug      Sep      Oct      Nov      Dec         AVGE  
 -----------------------------------------------------------------------------
  2004                   -8.       8.       0.       4.       3.
               -16.      -4.       9.      -6.      -2.       7.           -0.
 
  2005           9.      -5.     162.    -158.      -8.      42.
               -51.       6.      -5.      -3.       8.       2.           -0.
 
  2006          28.     -29.       1.      -2.      -2.       8.
               -10.      18.     -17.      -4.       1.       3.           -0.
 
  2007          -2.      79.     -67.      -8.      -5.      -5.
               203.     -67.    -136.      14.     -15.       1.           -1.
 
  2008           0.       5.      -2.      29.     -29.      36.
               -40.       0.       1.      -1.      -3.       6.            0.
 
  2009          14.      -7.      -9.       4.      -4.       4.
                 3.       8.      -7.      -2.       5.      -5.            0.
 
  2010           3.     -10.       8.       3.       5.     -15.
                 4.      -7.       9.      -5.       1.       2.           -0.
 
  2011          -7.       6.      -7.       7.       1.       2.
                24.     -26.      -4.       5.      -4.      -8.           -1.
 
  2012          10.       1.      -8.       4.       3.       3.
                 0.      -9.       2.       8.     -11.       9.            1.
 
  2013           1.     -10.       2.      11.       1.     -12.
                10.      -5.      32.     -25.     -12.       0.           -1.
 
  2014           2.       8.     -11.       8.      -1.       1.
                -8.       7.       0.       0.      -8.      -1.           -0.
 
  2015          -4.       0.       1.      -1.       1.      -1.
                 0.       0.       0.       0.       0.       0.           -0.
 
  2016           0.       0.       0.       0.       0.       0.
                 0.       1.      -1.       0.       0.       0.            0.
 
  2017           0.       0.       0.       0.       1.      -1.
                 0.       0.       0.       0.       0.       0.            0.
 
  2018           0.       0.       0.       0.       0.       0.
                 1.      -1.       6.      -6.       0.       0.            0.
 
  2019           0.       1.       2.      -3.       0.       0.
                 0.       1.       1.       2.      -4.       1.            0.
 
  2020          -1.       1.      -1.       0.       6.      -6.
                 0.       0.       1.       2.       2.      -5.           -0.
 
  2021           1.       0.       1.       4.      -2.      -4.
                 1.       0.      -1.       0.       0.       1.            0.
 
  2022          17.      -2.       8.     -11.       7.      -6.
                -3.      -1.       0.      -3.       2.     210.           18.
 
  2023        -201.      -6.       5.      19.     -16.      23.
               -12.     -13.      -7.       2.      52.     -50.          -17.
 
  2024          14.      -3.      -6.       6.       6.     -13.
                 9.      -1.       0.       3.      -8.       4.            1.
 
  2025         -13.       4.       5.       1.       3.     -16.
                 1.      13.     -12.       1.       2.       0.           -1.
 
  2026           3.       5.      -1.     -11.       4.       0.
                                                                            0.
 
  AVGE          -6.       1.       4.      -4.      -1.       2.
                 5.      -4.      -6.      -1.       0.       8.

  Table Total-         -13.   Mean-        -0.   Std. Dev.-        30.
                              Min -      -201.        Max -       210.
        bps_permits 48660            PAGE  19, SERIES bps_permits_addi

 E 18  Final adjustment ratios
  From  2004.Jan to 2026.Jun
  Observations        270
 -----------------------------------------------------------------------------
               Jan      Feb      Mar      Apr      May      Jun 
               Jul      Aug      Sep      Oct      Nov      Dec         AVGE  
 -----------------------------------------------------------------------------
  2004      140.130   83.959  118.513   92.699   87.663  236.149
             88.443  150.473   99.951   67.229   64.131   80.739       109.173
 
  2005      124.301   88.170  101.797   95.852   79.743  148.853
             89.104  138.033  105.410   58.432   68.059   79.443        98.100
 
  2006      109.890   87.045  108.778   97.865   70.341  658.609
             97.582  126.382  109.174   61.038   59.650   73.185       138.295
 
  2007      127.189   96.708   98.477  109.417   65.259  -82.645
            100.372  105.459  126.110   76.150   48.423   60.810        77.644
 
  2008      115.765   84.102   85.928  106.024   62.744  152.956
            145.965 1228.437  134.986   57.710   40.742   65.691       190.087
 
  2009       99.024   89.269   73.157  142.051   66.469 1674.632
            123.540  122.067  111.912   81.763   77.995   76.348       228.186
 
  2010       95.939   87.495   80.287  123.132   92.555 1081.602
            132.283  133.125  105.848   92.542   72.933   76.508       181.187
 
  2011       96.624   96.349   52.826  135.445  105.890  143.262
            107.439   94.628  101.157  112.770   76.483   41.615        97.041
 
  2012       96.660  103.759   51.794  121.875  116.028  120.086
            122.743   87.132  103.169  121.445   62.853   83.867        99.284
 
  2013       93.427  124.168   61.177  107.231  110.302  149.287
            114.283   92.585  100.957  120.625   69.154   76.418       101.635
 
  2014       88.262  106.217   60.695  106.350  114.704  114.656
            131.664   97.970  104.371  127.377   65.342   68.029        98.803
 
  2015        0.000   -0.000   27.169   -0.000 -336.202   -0.000
             -0.000   -0.000   -0.000   -0.000    0.000    0.000       -25.753
 
  2016        0.000   -0.000    0.000   -0.000   -0.000   -0.000
             -0.000  175.358   -0.000   -0.000    0.000    0.000        14.613
 
  2017        0.000    0.000    0.000   -0.000  461.241   -0.000
              0.000   -0.000   -0.000   -0.000    0.000    0.000        38.437
 
  2018        0.000    0.000   -0.000   -0.000   -0.000    0.000
             71.426    0.000   93.485   -0.000    0.000    0.000        13.743
 
  2019       -0.000  239.636  186.271   -0.000   -0.000    0.000
              0.000   36.317   50.809  106.297   -0.000   71.589        57.577
 
  2020       -0.000 -222.859   -0.000   -0.000  130.291    0.000
              0.000    0.000   20.284   98.290  127.552    0.000        12.797
 
  2021      -33.419  -65.266  110.491  123.732  149.846    0.000
             34.914   18.546    0.000    0.000   -0.000  242.436        48.440
 
  2022      139.555  124.265   95.219  115.091  105.891   99.312
             85.672   71.002   60.283   93.709  129.123  100.345       101.622
 
  2023      143.477  142.367   93.465  103.812  107.445   97.745
             94.553   84.951   62.747   97.111  103.098  109.705       103.373
 
  2024      118.139  115.391   93.476  104.211  103.181   93.890
             95.454   94.856   82.968   97.699  105.974  103.892       100.761
 
  2025      132.229  123.730   97.839  101.359  105.663   81.423
             91.943   99.601   74.721   95.773  103.798  106.065       101.179
 
  2026      107.713  112.550  102.364  101.903  114.050   82.707
                                                                       103.548
 
  AVGE       78.039   70.307   73.901   82.089   83.178  210.979
             78.517  134.406   74.925   71.180   57.969   68.940

  Table Total-       24456.   Mean-        91.   Std. Dev.-       153.
                              Min -      -336.        Max -      1675.

 E 18.A  Final adjustment ratio forecasts
  From  2026.Jul to 2027.Jun
  Observations         12
 -----------------------------------------------------------------------------
               Jan      Feb      Mar      Apr      May      Jun 
               Jul      Aug      Sep      Oct      Nov      Dec         AVGE  
 -----------------------------------------------------------------------------
  2026                                                          
             95.785  106.164   86.826   96.858   98.248  102.551        97.738
 
  2027       99.838  112.582  112.930   99.748  116.725   81.950
                                                                       103.962
 
        bps_permits 48660            PAGE  20, SERIES bps_permits_addi

 E 18.B  Total adjustment factors
  From  2004.Jan to 2026.Jun
  Observations        270
 -----------------------------------------------------------------------------
               Jan      Feb      Mar      Apr      May      Jun 
               Jul      Aug      Sep      Oct      Nov      Dec         AVGE  
 -----------------------------------------------------------------------------
  2004           8.      -4.       4.      -2.      -5.      20.
                -2.       5.      -0.      -9.      -9.      -5.            0.
 
  2005           6.      -4.       3.      -1.      -6.      21.
                -2.       6.       1.      -9.      -9.      -6.            0.
 
  2006           4.      -3.       2.      -0.      -8.      22.
                -0.       7.       1.      -8.      -9.      -6.            0.
 
  2007           3.      -3.      -0.       2.      -7.      20.
                 1.       8.       2.      -7.      -9.      -6.            0.
 
  2008           1.      -3.      -2.       2.      -7.      17.
                 3.       7.       2.      -6.      -7.      -6.            0.
 
  2009          -0.      -2.      -3.       4.      -5.      12.
                 3.       4.       2.      -3.      -6.      -5.            0.
 
  2010          -1.      -1.      -4.       4.      -2.       8.
                 3.       1.       1.      -1.      -4.      -4.            0.
 
  2011          -0.      -0.      -4.       3.       1.       5.
                 3.      -1.       0.       2.      -3.      -3.            0.
 
  2012          -0.       0.      -5.       2.       2.       3.
                 3.      -1.       0.       3.      -3.      -3.            0.
 
  2013          -1.       1.      -4.       1.       2.       2.
                 2.      -1.       0.       3.      -3.      -2.            0.
 
  2014          -1.       1.      -4.       1.       2.       2.
                 1.      -0.       1.       3.      -3.      -2.            0.
 
  2015          -1.       1.      -3.       1.       1.       1.
                 1.       0.       1.       2.      -2.      -1.            0.
 
  2016          -1.       0.      -1.       0.       1.       1.
                 0.       0.       1.       1.      -1.      -1.           -0.
 
  2017          -1.      -0.      -0.       0.       1.       0.
                -0.       0.       0.       0.      -0.      -0.           -0.
 
  2018          -1.      -0.       1.       0.       1.      -0.
                -0.      -0.      -0.       0.      -0.      -1.           -0.
 
  2019           0.       1.       1.       0.       2.      -1.
                -1.      -2.      -2.       0.       0.      -0.           -0.
 
  2020           2.       1.       1.       1.       1.      -0.
                -2.      -3.      -4.      -0.       1.      -0.           -0.
 
  2021           4.       3.       0.       1.       1.      -0.
                -2.      -4.      -6.      -0.       2.       1.           -0.
 
  2022           5.       3.      -1.       2.       1.      -0.
                -2.      -4.      -7.      -0.       2.       1.           -0.
 
  2023           5.       4.      -1.       1.       1.      -1.
                -2.      -3.      -7.      -0.       2.       1.            0.
 
  2024           4.       3.      -1.       1.       1.      -1.
                -1.      -1.      -6.      -1.       1.       1.            0.
 
  2025           3.       3.      -0.       0.       1.      -2.
                -1.      -0.      -4.      -1.       1.       1.            0.
 
  2026           1.       3.       1.       0.       2.      -3.
                                                                            1.
 
  AVGE           2.       0.      -1.       1.      -1.       5.
                 0.       1.      -1.      -1.      -3.      -2.

  Table Total-          13.   Mean-         0.   Std. Dev.-         4.
                              Min -        -9.        Max -        22.

 E 18.C  Total adjustment factor forecasts
  From  2026.Jul to 2027.Jun
  Observations         12
 -----------------------------------------------------------------------------
               Jan      Feb      Mar      Apr      May      Jun 
               Jul      Aug      Sep      Oct      Nov      Dec         AVGE  
 -----------------------------------------------------------------------------
  2026                                                          
                -1.       1.      -3.      -1.      -0.       0.           -0.
 
  2027          -0.       2.       2.      -0.       3.      -4.
                                                                            0.
 

  QS statistic for seasonality:
  Original Series                                     0.00  (P-Value =     1.0000)
  Original Series (EV adj)                            0.00  (P-Value =     1.0000)
  Residuals                                           0.00  (P-Value =     1.0000)
  Seasonally Adjusted Series                          0.00  (P-Value =     1.0000)
  Seasonally Adjusted Series (EV adj)                 0.00  (P-Value =     1.0000)
  Irregular Series                                    0.00  (P-Value =     1.0000)
  Irregular Series (EV adj)                           0.00  (P-Value =     1.0000)

  QS statistic for seasonality (starting 2018.Jul):
  Original Series                                     0.00  (P-Value =     1.0000)
  Original Series (EV adj)                            0.00  (P-Value =     1.0000)
  Residuals                                           0.00  (P-Value =     1.0000)
  Seasonally Adjusted Series                          0.00  (P-Value =     1.0000)
  Seasonally Adjusted Series (EV adj)                 0.00  (P-Value =     1.0000)
  Irregular Series                                    0.00  (P-Value =     1.0000)
  Irregular Series (EV adj)                           0.00  (P-Value =     1.0000)


 WARNING: Series should not be a candidate for seasonal adjustment
          because the spectrum of the original series (Table A1 or B1)
          has no visually significant seasonal peaks.

          If this is a component series of an indirectly adjusted
          composite series, consider using type = trend or type = summary
          in the x11 spec.
        bps_permits 48660            PAGE  21, SERIES bps_permits_addi
 G 0  10*LOG(SPECTRUM) of the differenced Original Series
      (Table A1 or B1).  Spectrum estimated from 2018.Jul to 2026.Jun.
 ++++++++++I+++++++++++++++++++++++++++++++++++++++++++++++++++++++++++++I
      35.53I                                                      *      I     35.53
           I                                                      **     I
           I                                                      **     I
           I                                                      ***    I
      33.52I                                             *        ****   I     33.52
           I                                  *        ***        ****   I
           I                                  **      T***       *****   I
           I                                 ****     T***       ******  I
      31.50I                                 *****    T****     T******  I     31.50
           I                                 *****    T****     T******  I
           I                      *        ********   T****    *T******  I
           I                      *       S********  *T****    *T******* I
      29.49I                     ***      S********  *T****    *T******* I     29.49
           I                     ****     S*********S*T****   S*T*******SI
           I                     ****     S*********S*T*****  S*T*******SI
           I                     *****   *S*********S*T*****  S*T*******SI
      27.47I                    S*****   *S*********S*T***** *S*T*******SI     27.47
           I                    S*****   *S*********S*T*******S*T*******SI
           I                   *S******  *S*********S*T*******S*T*******SI
           I                  **S*********S*********S*T*******S*T*******SI
      25.46I                  **S*********S*********S*T*******S*T*******SI     25.46
           I                 ***S*********S*********S*T*******S*T*******SI
           I                 ***S*********S*********S*T*******S*T*******SI
           I                 ***S*********S*********S*T*******S*T*******SI
      23.45I            *   ****S*********S*********S*T*******S*T*******SI     23.45
           I            **  ****S*********S*********S*T*******S*T*******SI
           I            ********S*********S*********S*T*******S*T*******SI
           I           *********S*********S*********S*T*******S*T*******SI
      21.43I           *********S*********S*********S*T*******S*T*******SI     21.43
           I           *********S*********S*********S*T*******S*T*******SI
           I           *********S*********S*********S*T*******S*T*******SI
           I           *********S*********S*********S*T*******S*T*******SI
      19.42I          S*********S*********S*********S*T*******S*T*******SI     19.42
           I          S*********S*********S*********S*T*******S*T*******SI
           I          S*********S*********S*********S*T*******S*T*******SI
           I          S*********S*********S*********S*T*******S*T*******SI
      17.40I          S*********S*********S*********S*T*******S*T*******SI     17.40
           I          S*********S*********S*********S*T*******S*T*******SI
           I         *S*********S*********S*********S*T*******S*T*******SI
           I         *S*********S*********S*********S*T*******S*T*******SI
      15.39I         *S*********S*********S*********S*T*******S*T*******SI     15.39
           I         *S*********S*********S*********S*T*******S*T*******SI
           I        **S*********S*********S*********S*T*******S*T*******SI
           I        **S*********S*********S*********S*T*******S*T*******SI
      13.38I       ***S*********S*********S*********S*T*******S*T*******SI     13.38
           I      ****S*********S*********S*********S*T*******S*T*******SI
           I    ******S*********S*********S*********S*T*******S*T*******SI
           I    ******S*********S*********S*********S*T*******S*T*******SI
      11.36I   *******S*********S*********S*********S*T*******S*T*******SI     11.36
           I   *******S*********S*********S*********S*T*******S*T*******SI
           I  ********S*********S*********S*********S*T*******S*T*******SI
           I  ********S*********S*********S*********S*T*******S*T*******SI
       9.35I**********S*********S*********S*********S*T*******S*T*******SI      9.35
 ++++++++++I+++++++++++++++++++++++++++++++++++++++++++++++++++++++++++++I
            S=SEASONAL FREQUENCIES, T=TRADING DAY FREQUENCIES
        bps_permits 48660            PAGE  22, SERIES bps_permits_addi
 G 1  10*LOG(SPECTRUM) of the differenced seasonally adjusted 
      data (Table E2).  Spectrum estimated from 2018.Jul to 2026.Jun.
 ++++++++++I+++++++++++++++++++++++++++++++++++++++++++++++++++++++++++++I
      25.68I                                               *             I     25.68
           I                                               *             I
           I                                               *             I
           I                                               *             I
      24.19I                                               *             I     24.19
           I                                               *             I
           I                                               *      **     I
           I                                               *      **     I
      22.71I                                               *      **     I     22.71
           I                                               *      **     I
           I                                               *      ***    I
           I                                               *      ***    I
      21.22I                                               *      ***    I     21.22
           I                *                              **     ****   I
           I                *                              **     ****   I
           I                *                *             **     ****   I
      19.74I                *      *         *             **     ****   I     19.74
           I                *      *         *             **     ****   I
           I                *      *         *             **     ****   I
           I                *     **         *            ***     ****   I
      18.26I                **    **         *            ***     ****   I     18.26
           I                **    **         *    *       ***     ****   I
           I                **    **         *    *       ***     ****   I
           I               ***    **         *    *       ***     ****   I
      16.77I               ***    **         *    *       ***     ****   I     16.77
           I              ****    **         *    *       ***     ****   I
           I             *****    **         *    *       ***     ****   I
           I             *****    **         *    *       ***     ****   I
      15.29I             *****    **         *    *       ***     ****   I     15.29
           I             *****    **         *    *      *****    ****   I
           I             *****    **         *    *      *****    ****   I
           I             *****    **   *     *   **    * *****   ******  I
      13.80I             *****    **   *    **   **    *******   ******  I     13.80
           I             *****    **   *    **   **   T*******   ******  I
           I       *     *****    ***  *    **   **   T*******   ******  I
           I       *     ******   ***  *    **   ***  T*******   ******  I
      12.32I      **    *******  ****  *    **   ***  T*******   ******  I     12.32
           I      **    *******  **** **    **   ***  T*******   ******  I
           I      **    *******  **** ***   **   *** *T*******S  ******  I
           I      **    *******  ********   ***  *** *T*******S  ******  I
      10.83I      **    *******  ********   ***  ***S*T*******S T******  I     10.83
           I     ****   *******  ********   ***  ***S*T*******S*T******  I
           I   ******   ********S********   ***  ***S*T*******S*T******* I
           I   ******   ********S********   *** ****S*T*******S*T******* I
       9.35I   ******   ********S********   *** ****S*T*******S*T******* I      9.35
           I   ******   ********S********   *** ****S*T*******S*T*******SI
           I  *******  *********S********   ********S*T*******S*T*******SI
           I  *******  *********S********  *********S*T*******S*T*******SI
       7.87I  ******** *********S********* *********S*T*******S*T*******SI      7.87
           I  ********S*********S********* *********S*T*******S*T*******SI
           I  ********S*********S********* *********S*T*******S*T*******SI
           I *********S*********S*********S*********S*T*******S*T*******SI
       6.38I**********S*********S*********S*********S*T*******S*T*******SI      6.38
 ++++++++++I+++++++++++++++++++++++++++++++++++++++++++++++++++++++++++++I
            S=SEASONAL FREQUENCIES, T=TRADING DAY FREQUENCIES
        bps_permits 48660            PAGE  23, SERIES bps_permits_addi
 G 2  10*LOG(SPECTRUM) of the Modified Irregular (Table E3).  
      Spectrum estimated from 2018.Jul to 2026.Jun.
 ++++++++++I+++++++++++++++++++++++++++++++++++++++++++++++++++++++++++++I
      20.44I                                               *             I     20.44
           I                                               *             I
           I                                               *             I
           I                                               *             I
      19.08I                                               *             I     19.08
           I                                               *             I
           I                                               *             I
           I                       *                       *             I
      17.72I                *      *                       *             I     17.72
           I                *     **                       *       *     I
           I                *     **                       *      **     I
           I                *     **         *             *      **     I
      16.36I                *     **         *             *      **     I     16.36
           I                **    **         *             *      **     I
           I                **    **         *             *      **     I
           I                **    **         *             **     ****   I
      15.00I                **    **         *             **     ****   I     15.00
           I               ***    **         *             **     ****   I
           I               ***    **         *             **     ****   I
           I               ***    **         *    *        **     ****   I
      13.64I               ***    **         *    *        **     ****   I     13.64
           I               ***    **         *    *       ***     ****   I
           I               ***    **         *    *       ***     ****   I
           I               ***    **   *     *    *       ***     ****   I
      12.29I               ****   **   *     *    *       ***     ****   I     12.29
           I               ****   **   *     *    *       ***     ****   I
           I               ****   **   *     *    *       ***     ****   I
           I               ****   ***  *     *    *       ***     ****   I
      10.93I               ****   *** **     *    *       ***     ****   I     10.93
           I               ****   *** **     *    *       ***     ****   I
           I               ****  **** **    **    *       ***     ****   I
           I               ****  **** **    **    *       ***     ****   I
       9.57I               ****  *******    **    *    *  ****    ****   I      9.57
           I              ****** ********   **   **    * *****    ****   I
           I              ****** ********   **   **    * *****    ****   I
           I              ****** ********   **   **   T* *****    ****   I
       8.21I              ******S********   **   ***  T*******    *****  I      8.21
           I              ******S********   ***  ***  T*******   ******  I
           I   *          ******S********   ***  ***  T*******   ******  I
           I  **          ******S********   ***  ***  T*******   ******  I
       6.85I  **          ******S********   ***  ***  T*******   ******  I      6.85
           I  **          ******S********   ***  ***  T*******   ******  I
           I  **          ******S********   ***  *** *T*******   ******  I
           I  **          ******S*********  ***  ***S*T*******S  ******  I
       5.49I  **    **   *******S********* ****  ***S*T*******S  ******  I      5.49
           I  **    **   *******S********* **** ****S*T*******S  ******  I
           I  ***   **S  *******S********* *********S*T*******S T******  I
           I  ***   **S  *******S*********S*********S*T*******S*T******  I
       4.13I ****  ***S ********S*********S*********S*T*******S*T******  I      4.13
           I ****  ***S*********S*********S*********S*T*******S*T******* I
           I ****  ***S*********S*********S*********S*T*******S*T******* I
           I**********S*********S*********S*********S*T*******S*T******* I
       2.77I**********S*********S*********S*********S*T*******S*T*******SI      2.77
 ++++++++++I+++++++++++++++++++++++++++++++++++++++++++++++++++++++++++++I
            S=SEASONAL FREQUENCIES, T=TRADING DAY FREQUENCIES
        bps_permits 48660            PAGE  24, SERIES bps_permits_addi

  Peak probabilities for Tukey spectrum estimator
  Spectrum estimated from 2018.Jul to 2026.Jun.

                                          S1       S2       S3       S4       S5       S6       TD
                                        ------   ------   ------   ------   ------   ------   ------
  Model Residuals                        0.048    0.454    0.690    0.182    0.198    0.478    0.968* 
  Original Series (Table A1 or B1)       0.448    0.429    0.624    0.208    0.547    0.411    0.614  
  Seasonally adjusted series (E2)        0.005    0.004    0.005    0.105    0.001    0.104    0.775  
  Modified Irregular (E3)                0.436    0.004    0.005    0.101    0.001    0.106    0.770  
  ----------
     ** - Peak Probability > 0.99,
      * - 0.90 < Peak Probability < 0.99


