  Reading input spec file from D:\Programming\Dynamic Paper-dlrhcs_replication\outputs\empirical\unemployment\raw_sa_pilot\x13_work\bps_permits_additive_level_34620_200401_202606.spc

1

               U. S. Department of Commerce, U. S. Census Bureau

              X-13ARIMA-SEATS monthly seasonal adjustment Method,
                          Release Version 1.1 Build 62


           This software application provides an enhanced version of
             Statistics Canada's X-11-ARIMA extension (Dagum, 1980)
                 of the X-11 variant of the Census Method II of
                      Shiskin, Young and Musgrave (1967).

            It also provides an ARIMA model-based method following
       Hillmer and Tiao (1982) and Burman (1980) that is very similar
       to the update of the method of SEATS (Gomez and Maravall, 1996)
                produced at the Bank of Spain by G. Caporello and
               A. Maravall for TSW (Caporello and Maravall, 2004).
          The present application includes additional enhancements.

         X-13ARIMA-SEATS includes an automatic ARIMA model selection procedure
          based largely on the procedure of Gomez and Maravall (1998)
            as implemented in TRAMO (1996) and subsequent revisions.

              Primary Programmers: Brian Monsell, Mark Otto and,
                 for the ARIMA model-based signal extraction,
                      Gianluca Caporello and Victor Gomez


     Series Title- bps_permits 34620
     Series Name- bps_permits_addi
     Jul 29, 2026  08.31.55 

        -Period covered-  1st month,2004 to  6th month,2026
        -Type of run - additive seasonal adjustment

        -Sigma limits for graduating extreme values are  1.5 and  2.5 .
        -3x3 moving average used in section 1 of each iteration, 
         3x5 moving average in section 2 of iterations B and C,
         moving average for final seasonal factors chosen by Global MSR.
        -Holiday adjustment factors applied directly to the final seasonally adjusted series
        -Spectral plots generated for selected series
        -Spectral plots generated for series starting in 2018.Jul

 FILE SAVE REQUESTS (* indicates file exists and will be overwritten)
  D:\Programming\Dynamic Paper-dlrhcs_replication\outputs\empirical\unemployment\raw_sa_pilot\x13_work\bps_permits_additive_level_34620_200401_202606.d10  final seasonal factors
  D:\Programming\Dynamic Paper-dlrhcs_replication\outputs\empirical\unemployment\raw_sa_pilot\x13_work\bps_permits_additive_level_34620_200401_202606.d11  final seasonally adjusted data
  D:\Programming\Dynamic Paper-dlrhcs_replication\outputs\empirical\unemployment\raw_sa_pilot\x13_work\bps_permits_additive_level_34620_200401_202606.out  program output file
  D:\Programming\Dynamic Paper-dlrhcs_replication\outputs\empirical\unemployment\raw_sa_pilot\x13_work\bps_permits_additive_level_34620_200401_202606.err  program error file
        bps_permits 34620            PAGE   1, SERIES bps_permits_addi

     Contents of spc file D:\Programming\Dynamic Paper-dlrhcs_replication\outputs\empirical\unemployment\raw_sa_pilot\x13_work\bps_permits_additive_level_34620_200401_202606.spc

 Line #
 ------
      1: series {
      2:   title = "bps_permits 34620"
      3:   start = 2004.1
      4:   period = 12
      5:   data = (
      6: 11
      7: 12
      8: 23
      9: 22
     10: 40
     11: 47
     12: 21
     13: 45
     14: 20
     15: 22
     16: 18
     17: 65
     18: 5
     19: 11
     20: 22
     21: 19
     22: 14
     23: 26
     24: 12
     25: 13
     26: 9
     27: 56
     28: 16
     29: 11
     30: 12
     31: 18
     32: 13
     33: 12
     34: 24
     35: 10
     36: 5
     37: 8
     38: 10
     39: 46
     40: 4
     41: 4
     42: 11
     43: 3
     44: 2
     45: 11
     46: 11
     47: 12
     48: 23
     49: 7
     50: 3
     51: 11
     52: 6
     53: 3
     54: 5
     55: 2
     56: 3
     57: 9
     58: 3
     59: 4
     60: 10
     61: 14
     62: 6
     63: 7
     64: 1
     65: 1
     66: 1
     67: 0
     68: 4
     69: 3
     70: 3
     71: 5
     72: 3
     73: 2
     74: 5
     75: 2
     76: 1
     77: 1
     78: 1
     79: 2
     80: 6
     81: 3
     82: 5
     83: 3
     84: 4
     85: 3
     86: 5
     87: 7
     88: 2
     89: 1
     90: 2
     91: 1
     92: 1
     93: 12
     94: 14
     95: 19
     96: 1
     97: 5
     98: 6
     99: 6
    100: 4
    101: 1
    102: 4
    103: 0
    104: 5
    105: 10
    106: 7
    107: 5
    108: 7
    109: 10
    110: 5
    111: 9
    112: 7
    113: 4
    114: 2
    115: 2
    116: 7
    117: 4
    118: 5
    119: 18
    120: 2
    121: 4
    122: 4
    123: 231
    124: 0
    125: 22
    126: 4
    127: 2
    128: 4
    129: 5
    130: 46
    131: 1
    132: 2
    133: 5
    134: 4
    135: 1
    136: 1
    137: 1
    138: 0
    139: 0
    140: 0
    141: 1
    142: 1
    143: 0
    144: 1
    145: 0
    146: 2
    147: 0
    148: 1
    149: 1
    150: 1
    151: 10
    152: 3
    153: 0
    154: 0
    155: 2
    156: 1
    157: 7
    158: 0
    159: 0
    160: 2
    161: 0
    162: 1
    163: 0
    164: 1
    165: 0
    166: 0
    167: 2
    168: 0
    169: 8
    170: 2
    171: 0
    172: 1
    173: 1
    174: 0
    175: 0
    176: 0
    177: 3
    178: 3
    179: 0
    180: 0
    181: 4
    182: 2
    183: 0
    184: 0
    185: 15
    186: 0
    187: 0
    188: 13
    189: 3
    190: 1
    191: 0
    192: 1
    193: 3
    194: 0
    195: 1
    196: 1
    197: 0
    198: 1
    199: 0
    200: 2
    201: 2
    202: 3
    203: 55
    204: 0
    205: 3
    206: 5
    207: 9
    208: 0
    209: 4
    210: 0
    211: 0
    212: 7
    213: 3
    214: 1
    215: 2
    216: 1
    217: 3
    218: 1
    219: 0
    220: 7
    221: 0
    222: 13
    223: 26
    224: 21
    225: 41
    226: 12
    227: 10
    228: 36
    229: 12
    230: 18
    231: 7
    232: 5
    233: 2
    234: 3
    235: 7
    236: 6
    237: 11
    238: 10
    239: 10
    240: 8
    241: 6
    242: 10
    243: 9
    244: 10
    245: 21
    246: 4
    247: 82
    248: 6
    249: 7
    250: 12
    251: 6
    252: 7
    253: 8
    254: 8
    255: 14
    256: 9
    257: 9
    258: 8
    259: 9
    260: 9
    261: 15
    262: 7
    263: 215
    264: 10
    265: 17
    266: 11
    267: 7
    268: 5
    269: 6
    270: 8
    271: 9
    272: 5
    273: 26
    274: 11
    275: 4
    276:   )
    277: }
    278: transform { function = none }
    279: regression { aictest = (td easter) }
    280: automdl {}
    281: x11 { mode = add save = (d10 d11) }
        bps_permits 34620            PAGE   2, SERIES bps_permits_addi

 A 1  Time series data (for the span analyzed)
  From  2004.Jan to 2026.Jun
  Observations        270
 -----------------------------------------------------------------------------
               Jan      Feb      Mar      Apr      May      Jun 
               Jul      Aug      Sep      Oct      Nov      Dec        TOTAL  
 -----------------------------------------------------------------------------
  2004          11.      12.      23.      22.      40.      47.
                21.      45.      20.      22.      18.      65.          346.
 
  2005           5.      11.      22.      19.      14.      26.
                12.      13.       9.      56.      16.      11.          214.
 
  2006          12.      18.      13.      12.      24.      10.
                 5.       8.      10.      46.       4.       4.          166.
 
  2007          11.       3.       2.      11.      11.      12.
                23.       7.       3.      11.       6.       3.          103.
 
  2008           5.       2.       3.       9.       3.       4.
                10.      14.       6.       7.       1.       1.           65.
 
  2009           1.       0.       4.       3.       3.       5.
                 3.       2.       5.       2.       1.       1.           30.
 
  2010           1.       2.       6.       3.       5.       3.
                 4.       3.       5.       7.       2.       1.           42.
 
  2011           2.       1.       1.      12.      14.      19.
                 1.       5.       6.       6.       4.       1.           72.
 
  2012           4.       0.       5.      10.       7.       5.
                 7.      10.       5.       9.       7.       4.           73.
 
  2013           2.       2.       7.       4.       5.      18.
                 2.       4.       4.     231.       0.      22.          301.
 
  2014           4.       2.       4.       5.      46.       1.
                 2.       5.       4.       1.       1.       1.           76.
 
  2015           0.       0.       0.       1.       1.       0.
                 1.       0.       2.       0.       1.       1.            7.
 
  2016           1.      10.       3.       0.       0.       2.
                 1.       7.       0.       0.       2.       0.           26.
 
  2017           1.       0.       1.       0.       0.       2.
                 0.       8.       2.       0.       1.       1.           16.
 
  2018           0.       0.       0.       3.       3.       0.
                 0.       4.       2.       0.       0.      15.           27.
 
  2019           0.       0.      13.       3.       1.       0.
                 1.       3.       0.       1.       1.       0.           23.
 
  2020           1.       0.       2.       2.       3.      55.
                 0.       3.       5.       9.       0.       4.           84.
 
  2021           0.       0.       7.       3.       1.       2.
                 1.       3.       1.       0.       7.       0.           25.
 
  2022          13.      26.      21.      41.      12.      10.
                36.      12.      18.       7.       5.       2.          203.
 
  2023           3.       7.       6.      11.      10.      10.
                 8.       6.      10.       9.      10.      21.          111.
 
  2024           4.      82.       6.       7.      12.       6.
                 7.       8.       8.      14.       9.       9.          172.
 
  2025           8.       9.       9.      15.       7.     215.
                10.      17.      11.       7.       5.       6.          319.
 
  2026           8.       9.       5.      26.      11.       4.
                                                                           63.
 
  AVGE           4.       9.       7.      10.      10.      20.
                 7.       9.       6.      20.       5.       8.

  Table Total-        2564.   Mean-         9.   Std. Dev.-        21.
                              Min -         0.        Max -       231.
        bps_permits 34620            PAGE   3, SERIES bps_permits_addi
                        Automatic ARIMA Model Selection

                    Procedure based closely on TRAMO method 
                         of Gomez and Maravall (2000)
              "Automatic Modeling Methods for Univariate Series",
                            A Course in Time Series
                  (Edited by D. Pena, G. C. Tiao, R. S. Tsay),
                         New York : J. Wiley and Sons


     Maximum order for regular ARMA parameters :   2
     Maximum order for seasonal ARMA parameters :   1
     Maximum order for regular differencing :   2
     Maximum order for seasonal differencing :   1

   Results of Unit Root Test for identifying orders of differencing:
     Regular difference order :   0
     Seasonal difference order :   0

  Automatic model choice : (1 0 1)


  Final Checks for Identified Model


  Checking for Unit Roots.
   Regular unit root found.
   ( 0, 1, 1) ( 0, 0, 0)
  Constant term removed from model

  Checking for nonseasonal overdifferencing.
   Nonseasonal MA not within  0.001 of 1.0 - model passes test.

  Checking for insignificant ARMA coefficients.

  Final automatic model choice : (0 1 1)
   End of automatic model selection procedure.

 Average absolute percentage error in within-sample forecasts:
  Last year: 207.31      Last-1 year:  50.23     Last-2 year:  43.81
  Last three years:  100.45

 Estimation converged in    1 ARMA iterations,    3 function evaluations.

 ARIMA Model:  (0 1 1)
   Nonseasonal differences: 1
                                              Standard
 Parameter                    Estimate          Errors
 -----------------------------------------------------
 Nonseasonal MA                                    
   Lag  1                       0.9398         0.02064

 Variance                       0.45062E+03
 SE of Var                      0.38855E+02
 -----------------------------------------------------

 Likelihood Statistics
 ------------------------------------------------------------------
 Number of observations (nobs)                                  270
 Effective number of observations (nefobs)                      269
 Number of parameters estimated (np)                              2
 Log likelihood (L)                                      -1204.6455
 AIC                                                      2413.2909 
 AICC (F-corrected-AIC)                                   2413.3360 
 Hannan Quinn                                             2416.1782 
 BIC                                                      2420.4803 
 ------------------------------------------------------------------

 QS Statistic for regARIMA Model Residuals (full series):             0.00
                                                       (P-Value =     1.0000)

 QS Statistic for regARIMA Model Residuals (starting 2018.Jul):       0.00
                                                       (P-Value =     1.0000)
      10*LOG(SPECTRUM) of the regARIMA model residuals
      Spectrum estimated from 2018.Jul to 2026.Jun.
 ++++++++++I+++++++++++++++++++++++++++++++++++++++++++++++++++++++++++++I
      31.47I       *                                                     I     31.47
           I       *                                                    SI
           I      **                              *      *              SI
           I      **       *                      *      *              SI
      30.31I      **       *                      *      *              SI     30.31
           I      **       *                      *      *              SI
           I      **      **                      *      *       *     *SI
           I      **      **                      *     ***      *     *SI
      29.15I      **      **       *             **     ***      *     *SI     29.15
           I      **      **       *             **     ***      *     *SI
           I      **      **      **             **     ***     T*     *SI
           I      ***     **      **      S      **     ****    T**    *SI
      27.99I      ***     **      **      S      **     ****    T**    *SI     27.99
           I      ***     **      **      S*     **     ****    T**    *SI
           I     ****     ***     **      S*     **     ****    T**    *SI
           I     *****S   ***     **     *S*    ****    *****   T**   **SI
      26.82I     *****S  ****     **     *S*    ****    *****  *T**   **SI     26.82
           I     *****S* ****     ***    *S**  *****    *****  *T**   **SI
           I     *****S* ****     ***   **S**  *****    ******S*T***  **SI
           I     *****S* ****    ****  ***S*********    ******S*T***  **SI
      25.66I     *****S******    **** ****S*********    ******S*T*** ***SI     25.66
           I     *****S*******   *********S*********    ******S*T*******SI
           I     *****S*******   *********S*********    ******S*T*******SI
           I    ******S*******   *********S*********   *******S*T*******SI
      24.50I    ******S********  *********S*********   *******S*T*******SI     24.50
           I    ******S*********S*********S*********   *******S*T*******SI
           I    ******S*********S*********S*********   *******S*T*******SI
           I    ******S*********S*********S*********S  *******S*T*******SI
      23.34I    ******S*********S*********S*********S  *******S*T*******SI     23.34
           I    ******S*********S*********S*********S  *******S*T*******SI
           I    ******S*********S*********S*********S T*******S*T*******SI
           I    ******S*********S*********S*********S*T*******S*T*******SI
      22.18I   *******S*********S*********S*********S*T*******S*T*******SI     22.18
           I   *******S*********S*********S*********S*T*******S*T*******SI
           I   *******S*********S*********S*********S*T*******S*T*******SI
           I   *******S*********S*********S*********S*T*******S*T*******SI
      21.02I   *******S*********S*********S*********S*T*******S*T*******SI     21.02
           I   *******S*********S*********S*********S*T*******S*T*******SI
           I   *******S*********S*********S*********S*T*******S*T*******SI
           I   *******S*********S*********S*********S*T*******S*T*******SI
      19.86I   *******S*********S*********S*********S*T*******S*T*******SI     19.86
           I   *******S*********S*********S*********S*T*******S*T*******SI
           I   *******S*********S*********S*********S*T*******S*T*******SI
           I  ********S*********S*********S*********S*T*******S*T*******SI
      18.70I  ********S*********S*********S*********S*T*******S*T*******SI     18.70
           I  ********S*********S*********S*********S*T*******S*T*******SI
           I  ********S*********S*********S*********S*T*******S*T*******SI
           I  ********S*********S*********S*********S*T*******S*T*******SI
      17.54I  ********S*********S*********S*********S*T*******S*T*******SI     17.54
           I  ********S*********S*********S*********S*T*******S*T*******SI
           I *********S*********S*********S*********S*T*******S*T*******SI
           I *********S*********S*********S*********S*T*******S*T*******SI
      16.38I**********S*********S*********S*********S*T*******S*T*******SI     16.38
 ++++++++++I+++++++++++++++++++++++++++++++++++++++++++++++++++++++++++++I
            S=SEASONAL FREQUENCIES, T=TRADING DAY FREQUENCIES


 FORECASTING
  Origin  2026.Jun
  Number        12

  Forecasts and Standard Errors
   ------------------------------
                         Standard
       Date   Forecast      Error
   ------------------------------
   2026.Jul      16.25     21.228
   2026.Aug      16.25     21.266
   2026.Sep      16.25     21.305
   2026.Oct      16.25     21.343
   2026.Nov      16.25     21.381
   2026.Dec      16.25     21.419
   2027.Jan      16.25     21.458
   2027.Feb      16.25     21.496
   2027.Mar      16.25     21.534
   2027.Apr      16.25     21.572
   2027.May      16.25     21.609
   2027.Jun      16.25     21.647
   ------------------------------

  Confidence intervals with coverage probability ( 0.95000
   ---------------------------------------
       Date      Lower  Forecast     Upper
   ---------------------------------------
   2026.Jul     -25.35     16.25     57.86
   2026.Aug     -25.43     16.25     57.94
   2026.Sep     -25.50     16.25     58.01
   2026.Oct     -25.58     16.25     58.09
   2026.Nov     -25.65     16.25     58.16
   2026.Dec     -25.73     16.25     58.24
   2027.Jan     -25.80     16.25     58.31
   2027.Feb     -25.88     16.25     58.39
   2027.Mar     -25.95     16.25     58.46
   2027.Apr     -26.02     16.25     58.53
   2027.May     -26.10     16.25     58.61
   2027.Jun     -26.17     16.25     58.68
   ---------------------------------------
        bps_permits 34620            PAGE   4, SERIES bps_permits_addi

 B 1  Original series (prior adjusted)
  From  2004.Jan to 2026.Jun
  Observations        270
 -----------------------------------------------------------------------------
               Jan      Feb      Mar      Apr      May      Jun 
               Jul      Aug      Sep      Oct      Nov      Dec        TOTAL  
 -----------------------------------------------------------------------------
  2004          11.      12.      23.      22.      40.      47.
                21.      45.      20.      22.      18.      65.          346.
 
  2005           5.      11.      22.      19.      14.      26.
                12.      13.       9.      56.      16.      11.          214.
 
  2006          12.      18.      13.      12.      24.      10.
                 5.       8.      10.      46.       4.       4.          166.
 
  2007          11.       3.       2.      11.      11.      12.
                23.       7.       3.      11.       6.       3.          103.
 
  2008           5.       2.       3.       9.       3.       4.
                10.      14.       6.       7.       1.       1.           65.
 
  2009           1.       0.       4.       3.       3.       5.
                 3.       2.       5.       2.       1.       1.           30.
 
  2010           1.       2.       6.       3.       5.       3.
                 4.       3.       5.       7.       2.       1.           42.
 
  2011           2.       1.       1.      12.      14.      19.
                 1.       5.       6.       6.       4.       1.           72.
 
  2012           4.       0.       5.      10.       7.       5.
                 7.      10.       5.       9.       7.       4.           73.
 
  2013           2.       2.       7.       4.       5.      18.
                 2.       4.       4.     231.       0.      22.          301.
 
  2014           4.       2.       4.       5.      46.       1.
                 2.       5.       4.       1.       1.       1.           76.
 
  2015           0.       0.       0.       1.       1.       0.
                 1.       0.       2.       0.       1.       1.            7.
 
  2016           1.      10.       3.       0.       0.       2.
                 1.       7.       0.       0.       2.       0.           26.
 
  2017           1.       0.       1.       0.       0.       2.
                 0.       8.       2.       0.       1.       1.           16.
 
  2018           0.       0.       0.       3.       3.       0.
                 0.       4.       2.       0.       0.      15.           27.
 
  2019           0.       0.      13.       3.       1.       0.
                 1.       3.       0.       1.       1.       0.           23.
 
  2020           1.       0.       2.       2.       3.      55.
                 0.       3.       5.       9.       0.       4.           84.
 
  2021           0.       0.       7.       3.       1.       2.
                 1.       3.       1.       0.       7.       0.           25.
 
  2022          13.      26.      21.      41.      12.      10.
                36.      12.      18.       7.       5.       2.          203.
 
  2023           3.       7.       6.      11.      10.      10.
                 8.       6.      10.       9.      10.      21.          111.
 
  2024           4.      82.       6.       7.      12.       6.
                 7.       8.       8.      14.       9.       9.          172.
 
  2025           8.       9.       9.      15.       7.     215.
                10.      17.      11.       7.       5.       6.          319.
 
  2026           8.       9.       5.      26.      11.       4.
                                                                           63.
 
  AVGE           4.       9.       7.      10.      10.      20.
                 7.       9.       6.      20.       5.       8.

  Table Total-        2564.   Mean-         9.   Std. Dev.-        21.
                              Min -         0.        Max -       231.

 B 1.A  Forecasts of (prior adjusted) original series
  From  2026.Jul to 2027.Jun
  Observations         12
 -----------------------------------------------------------------------------
               Jan      Feb      Mar      Apr      May      Jun 
               Jul      Aug      Sep      Oct      Nov      Dec        TOTAL  
 -----------------------------------------------------------------------------
  2026                                                          
                16.      16.      16.      16.      16.      16.           98.
 
  2027          16.      16.      16.      16.      16.      16.
                                                                           98.
 
        bps_permits 34620            PAGE   5, SERIES bps_permits_addi

 C 17  Final weights for irregular component
  From  2004.Jan to 2026.Jun
  Observations        270
  Lower sigma limit    1.50
  Upper sigma limit    2.50
 -----------------------------------------------------------------------------
               Jan      Feb      Mar      Apr      May      Jun 
               Jul      Aug      Sep      Oct      Nov      Dec         S.D.  
 -----------------------------------------------------------------------------
  2004         100.     100.     100.     100.     100.     100.
               100.       0.     100.      60.     100.       0.          517.
 
  2005           0.     100.     100.     100.     100.     100.
               100.     100.     100.       0.     100.     100.          517.
 
  2006         100.     100.     100.     100.     100.     100.
               100.     100.     100.       0.     100.     100.          517.
 
  2007         100.     100.     100.     100.     100.     100.
                 0.     100.     100.     100.     100.     100.          424.
 
  2008         100.     100.     100.     100.     100.     100.
               100.       0.     100.     100.     100.     100.          345.
 
  2009         100.     100.     100.     100.     100.     100.
               100.     100.     100.     100.     100.     100.          327.
 
  2010         100.     100.     100.     100.     100.     100.
               100.     100.     100.     100.     100.     100.          273.
 
  2011         100.     100.     100.     100.     100.     100.
               100.     100.     100.     100.     100.     100.          934.
 
  2012         100.     100.     100.     100.     100.     100.
               100.     100.     100.     100.     100.     100.         1068.
 
  2013         100.     100.     100.     100.     100.     100.
                95.       0.       0.       0.       0.     100.         1069.
 
  2014         100.     100.     100.     100.       0.     100.
               100.     100.     100.     100.     100.     100.         1067.
 
  2015         100.     100.     100.     100.     100.     100.
               100.     100.     100.     100.     100.     100.         1061.
 
  2016         100.     100.     100.     100.     100.     100.
               100.     100.     100.     100.     100.     100.          576.
 
  2017         100.     100.     100.     100.     100.     100.
               100.     100.     100.     100.     100.     100.          274.
 
  2018         100.     100.     100.     100.     100.     100.
               100.     100.     100.     100.     100.       0.          326.
 
  2019         100.     100.      36.     100.     100.     100.
               100.     100.     100.     100.     100.     100.          340.
 
  2020         100.     100.     100.     100.     100.       0.
                 5.     100.     100.     100.     100.     100.          483.
 
  2021         100.     100.     100.     100.     100.     100.
               100.     100.     100.     100.     100.      69.          470.
 
  2022         100.     100.     100.       0.      61.      11.
                21.     100.     100.     100.     100.     100.          493.
 
  2023         100.     100.     100.     100.     100.     100.
               100.     100.     100.     100.     100.     100.          911.
 
  2024         100.       0.     100.     100.     100.     100.
               100.     100.     100.     100.     100.     100.          929.
 
  2025         100.     100.     100.       0.       0.       0.
                 0.     100.     100.     100.     100.     100.          890.
 
  2026         100.     100.     100.     100.     100.     100.
                                                                          890.
 
        bps_permits 34620            PAGE   6, SERIES bps_permits_addi

 D 8  Final unmodified SI ratios
  From  2004.Jan to 2026.Jun
  Observations        270
 -----------------------------------------------------------------------------
               Jan      Feb      Mar      Apr      May      Jun 
               Jul      Aug      Sep      Oct      Nov      Dec         AVGE  
 -----------------------------------------------------------------------------
  2004          -2.      -5.       1.      -4.      10.      15.
               -10.      16.      -6.      -1.      -3.      45.            5.
 
  2005         -14.      -7.       4.       2.      -2.      10.
                -4.      -2.      -6.      41.       1.      -4.            1.
 
  2006          -4.       3.      -2.      -2.      12.      -1.
                -5.      -1.       1.      37.      -4.      -4.            2.
 
  2007           4.      -4.      -5.       3.       3.       4.
                15.      -0.      -4.       5.      -0.      -3.            2.
 
  2008          -1.      -3.      -2.       5.      -2.      -1.
                 5.       9.       1.       3.      -3.      -2.            1.
 
  2009          -2.      -3.       1.       1.       1.       3.
                 1.      -0.       3.      -1.      -2.      -3.           -0.
 
  2010          -3.      -2.       2.       0.       3.       1.
                 1.      -0.       1.       3.      -2.      -3.            0.
 
  2011          -2.      -4.      -6.       3.       4.      10.
                -7.      -0.       3.       4.       1.      -3.            0.
 
  2012          -1.      -6.      -2.       2.      -1.      -2.
                 1.       5.       2.       6.       4.      -0.            1.
 
  2013          -4.      -5.      -1.      -5.      -6.       3.
               -19.     -23.     -28.     198.     -30.      -2.            7.
 
  2014         -13.     -10.      -5.      -2.      40.      -4.
                -1.       5.       6.       3.       2.       1.            2.
 
  2015          -2.      -3.      -3.      -2.      -1.      -1.
                 1.       1.       4.       1.       1.      -1.           -0.
 
  2016          -3.       6.      -1.      -3.      -2.       0.
                -0.       6.      -2.      -1.       1.      -1.           -0.
 
  2017           0.      -0.       1.      -1.      -1.       0.
                -2.       6.      -0.      -2.      -0.      -0.            0.
 
  2018          -1.      -1.      -1.       2.       2.      -1.
                -1.       3.       1.      -1.      -1.      13.            1.
 
  2019          -3.      -3.      10.       1.      -1.      -1.
                 0.       2.      -1.      -0.      -1.      -2.            0.
 
  2020          -0.      -1.       1.      -0.      -0.      50.
                -6.      -3.      -2.       3.      -5.      -0.            3.
 
  2021          -3.      -2.       6.       2.       1.       2.
                 1.       2.      -1.      -5.      -1.     -11.           -1.
 
  2022          -2.       9.       2.      21.      -8.      -9.
                18.      -4.       4.      -4.      -4.      -5.            1.
 
  2023          -3.       1.       0.       5.       4.       4.
                 1.      -2.      -0.      -4.      -5.       5.            1.
 
  2024         -11.      70.      -3.       1.       8.       3.
                 2.       1.      -2.       2.      -4.      -4.            5.
 
  2025          -6.      -8.     -13.     -13.     -25.     182.
               -20.      -7.      -7.      -6.      -6.      -5.            5.
 
  2026          -4.      -3.      -6.      18.       5.      -2.
                                                                            1.
 
  AVGE          -3.       1.      -1.       1.       2.      12.
                -1.       1.      -2.      13.      -3.       0.

  Table Total-         434.   Mean-         2.   Std. Dev.-        19.
                              Min -       -30.        Max -       198.
        bps_permits 34620            PAGE   7, SERIES bps_permits_addi

 D 8.B  Final unmodified SI ratios, with labels for outliers and extreme values
  From  2004.Jan to 2026.Jun
  Observations        270
 ---------------------------------------------------------------------
               Jan       Feb       Mar       Apr       May       Jun  
               Jul       Aug       Sep       Oct       Nov       Dec  
 ---------------------------------------------------------------------
  2004         -2.       -5.        1.       -4.       10.       15.  
              -10.       16.*      -6.       -1.*      -3.       45.* 
 
  2005        -14.*      -7.        4.        2.       -2.       10.  
               -4.       -2.       -6.       41.*       1.       -4.  
 
  2006         -4.        3.       -2.       -2.       12.       -1.  
               -5.       -1.        1.       37.*      -4.       -4.  
 
  2007          4.       -4.       -5.        3.        3.        4.  
               15.*      -0.       -4.        5.       -0.       -3.  
 
  2008         -1.       -3.       -2.        5.       -2.       -1.  
                5.        9.*       1.        3.       -3.       -2.  
 
  2009         -2.       -3.        1.        1.        1.        3.  
                1.       -0.        3.       -1.       -2.       -3.  
 
  2010         -3.       -2.        2.        0.        3.        1.  
                1.       -0.        1.        3.       -2.       -3.  
 
  2011         -2.       -4.       -6.        3.        4.       10.  
               -7.       -0.        3.        4.        1.       -3.  
 
  2012         -1.       -6.       -2.        2.       -1.       -2.  
                1.        5.        2.        6.        4.       -0.  
 
  2013         -4.       -5.       -1.       -5.       -6.        3.  
              -19.*     -23.*     -28.*     198.*     -30.*      -2.  
 
  2014        -13.      -10.       -5.       -2.       40.*      -4.  
               -1.        5.        6.        3.        2.        1.  
 
  2015         -2.       -3.       -3.       -2.       -1.       -1.  
                1.        1.        4.        1.        1.       -1.  
 
  2016         -3.        6.       -1.       -3.       -2.        0.  
               -0.        6.       -2.       -1.        1.       -1.  
 
  2017          0.       -0.        1.       -1.       -1.        0.  
               -2.        6.       -0.       -2.       -0.       -0.  
 
  2018         -1.       -1.       -1.        2.        2.       -1.  
               -1.        3.        1.       -1.       -1.       13.* 
 
  2019         -3.       -3.       10.*       1.       -1.       -1.  
                0.        2.       -1.       -0.       -1.       -2.  
 
  2020         -0.       -1.        1.       -0.       -0.       50.* 
               -6.*      -3.       -2.        3.       -5.       -0.  
 
  2021         -3.       -2.        6.        2.        1.        2.  
                1.        2.       -1.       -5.       -1.      -11.* 
 
  2022         -2.        9.        2.       21.*      -8.*      -9.* 
               18.*      -4.        4.       -4.       -4.       -5.  
 
  2023         -3.        1.        0.        5.        4.        4.  
                1.       -2.       -0.       -4.       -5.        5.  
 
  2024        -11.       70.*      -3.        1.        8.        3.  
                2.        1.       -2.        2.       -4.       -4.  
 
  2025         -6.       -8.      -13.      -13.*     -25.*     182.* 
              -20.*      -7.       -7.       -6.       -6.       -5.  
 
  2026         -4.       -3.       -6.       18.        5.       -2.  
                                                                      
 

  Key to symbols:
    *  : extreme value as determined by X-11 extreme value procedure
 
        bps_permits 34620            PAGE   8, SERIES bps_permits_addi

 D 9  Final replacement values for SI ratios
  From  2004.Jan to 2026.Jun
  Observations        270
 ---------------------------------------------------------------
               Jan      Feb      Mar      Apr      May      Jun 
               Jul      Aug      Sep      Oct      Nov      Dec 
 ---------------------------------------------------------------
  2004     ******** ******** ******** ******** ******** ********
           ********      -1. ********       3. ********       0.
 
  2005           2. ******** ******** ******** ******** ********
           ******** ******** ********       8. ******** ********
 
  2006     ******** ******** ******** ******** ******** ********
           ******** ******** ********       7. ******** ********
 
  2007     ******** ******** ******** ******** ******** ********
                -0. ******** ******** ******** ******** ********
 
  2008     ******** ******** ******** ******** ******** ********
           ********      -0. ******** ******** ******** ********
 
  2009     ******** ******** ******** ******** ******** ********
           ******** ******** ******** ******** ******** ********
 
  2010     ******** ******** ******** ******** ******** ********
           ******** ******** ******** ******** ******** ********
 
  2011     ******** ******** ******** ******** ******** ********
           ******** ******** ******** ******** ******** ********
 
  2012     ******** ******** ******** ******** ******** ********
           ******** ******** ******** ******** ******** ********
 
  2013     ******** ******** ******** ******** ******** ********
               -18.       9.      13.      15.      12. ********
 
  2014     ******** ******** ******** ********       3. ********
           ******** ******** ******** ******** ******** ********
 
  2015     ******** ******** ******** ******** ******** ********
           ******** ******** ******** ******** ******** ********
 
  2016     ******** ******** ******** ******** ******** ********
           ******** ******** ******** ******** ******** ********
 
  2017     ******** ******** ******** ******** ******** ********
           ******** ******** ******** ******** ******** ********
 
  2018     ******** ******** ******** ******** ******** ********
           ******** ******** ******** ******** ********       0.
 
  2019     ******** ********       6. ******** ******** ********
           ******** ******** ******** ******** ******** ********
 
  2020     ******** ******** ******** ******** ********       3.
                 6. ******** ******** ******** ******** ********
 
  2021     ******** ******** ******** ******** ******** ********
           ******** ******** ******** ******** ********      -9.
 
  2022     ******** ******** ********       4.      -4.       1.
                 9. ******** ******** ******** ******** ********
 
  2023     ******** ******** ******** ******** ******** ********
           ******** ******** ******** ******** ******** ********
 
  2024     ********       4. ******** ******** ******** ********
           ******** ******** ******** ******** ******** ********
 
  2025     ******** ******** ********      10.      13.      13.
                16. ******** ******** ******** ******** ********
 
  2026     ******** ******** ******** ******** ******** ********
                                                                
 

 D 9.A  Moving seasonality ratio
 ---------------------------------------------------------------
               Jan      Feb      Mar      Apr      May      Jun 
 ---------------------------------------------------------------
   I          3.671    4.650    3.868    2.994    4.901    5.310
   S          0.543    0.596    0.778    0.765    0.859    0.710
 RATIO        6.755    7.801    4.971    3.916    5.705    7.481



 ---------------------------------------------------------------
               Jul      Aug      Sep      Oct      Nov      Dec 
 ---------------------------------------------------------------
   I          5.825    3.113    3.457    3.526    2.994    2.702
   S          0.940    0.738    0.745    0.634    0.644    0.447
 RATIO        6.200    4.219    4.638    5.559    4.647    6.038



        bps_permits 34620            PAGE   9, SERIES bps_permits_addi

 D 10  Final seasonal factors
  From  2004.Jan to 2026.Jun
  Observations        270
  Seasonal filter    3 x 9 moving average
 -----------------------------------------------------------------------------
               Jan      Feb      Mar      Apr      May      Jun 
               Jul      Aug      Sep      Oct      Nov      Dec         AVGE  
 -----------------------------------------------------------------------------
  2004          -0.      -4.      -0.       0.       5.       7.
                -4.      -1.      -3.       5.      -2.      -3.            0.
 
  2005          -0.      -3.      -0.       0.       4.       6.
                -3.      -1.      -2.       5.      -2.      -3.            0.
 
  2006          -1.      -3.      -0.       1.       4.       5.
                -3.      -1.      -2.       4.      -2.      -3.            0.
 
  2007          -1.      -3.      -0.       1.       3.       5.
                -2.      -1.      -1.       4.      -2.      -3.            0.
 
  2008          -1.      -3.      -1.       1.       3.       4.
                -2.       0.      -0.       4.      -1.      -3.            0.
 
  2009          -2.      -4.      -1.       1.       2.       3.
                -3.       1.       1.       5.       0.      -2.            0.
 
  2010          -2.      -4.      -2.       1.       1.       2.
                -2.       2.       2.       5.       1.      -2.            0.
 
  2011          -3.      -4.      -2.       0.       1.       1.
                -2.       2.       3.       4.       1.      -2.            0.
 
  2012          -3.      -4.      -2.      -0.       0.       1.
                -2.       3.       3.       4.       2.      -2.            0.
 
  2013          -3.      -3.      -2.      -1.      -0.       1.
                -2.       3.       3.       3.       2.      -1.            0.
 
  2014          -3.      -3.      -2.      -1.      -0.       1.
                -3.       4.       3.       3.       2.      -1.           -0.
 
  2015          -3.      -3.      -1.      -1.      -0.       0.
                -2.       4.       3.       3.       2.      -1.           -0.
 
  2016          -3.      -3.      -1.      -1.      -1.       0.
                -2.       4.       2.       2.       1.      -1.           -0.
 
  2017          -3.      -2.      -0.      -1.      -1.       0.
                -0.       3.       2.       1.       0.      -1.           -0.
 
  2018          -3.      -1.       0.      -0.      -0.       1.
                 1.       2.       1.      -0.      -1.      -2.           -0.
 
  2019          -3.       0.       1.       1.      -0.       1.
                 2.       1.       0.      -1.      -2.      -2.           -0.
 
  2020          -3.       0.       0.       1.       1.       2.
                 2.       1.      -0.      -1.      -2.      -2.           -0.
 
  2021          -3.       0.      -0.       3.       2.       2.
                 3.       0.      -1.      -2.      -3.      -2.           -0.
 
  2022          -4.      -1.      -1.       4.       3.       3.
                 5.      -1.      -1.      -2.      -4.      -3.           -0.
 
  2023          -4.      -1.      -1.       5.       4.       3.
                 6.      -1.      -1.      -2.      -4.      -3.           -0.
 
  2024          -5.      -1.      -2.       6.       4.       4.
                 6.      -1.      -1.      -3.      -4.      -4.           -0.
 
  2025          -5.      -1.      -3.       6.       5.       4.
                 7.      -1.      -1.      -3.      -5.      -4.            0.
 
  2026          -6.      -1.      -4.       7.       6.       5.
                                                                            1.
 
  AVGE          -3.      -2.      -1.       2.       2.       3.
                -0.       1.       0.       2.      -1.      -2.

  Table Total-           5.   Mean-         0.   Std. Dev.-         3.
                              Min -        -6.        Max -         7.

 D 10.A  Final seasonal component forecasts
  From  2026.Jul to 2027.Jun
  Observations         12
 -----------------------------------------------------------------------------
               Jan      Feb      Mar      Apr      May      Jun 
               Jul      Aug      Sep      Oct      Nov      Dec         AVGE  
 -----------------------------------------------------------------------------
  2026                                                          
                 7.      -1.      -2.      -3.      -5.      -4.           -1.
 
  2027          -6.      -2.      -4.       8.       7.       5.
                                                                            1.
 
        bps_permits 34620            PAGE  10, SERIES bps_permits_addi

 D 11  Final seasonally adjusted data
  From  2004.Jan to 2026.Jun
  Observations        270
 -----------------------------------------------------------------------------
               Jan      Feb      Mar      Apr      May      Jun 
               Jul      Aug      Sep      Oct      Nov      Dec        TOTAL  
 -----------------------------------------------------------------------------
  2004          11.      16.      23.      22.      35.      40.
                25.      46.      23.      17.      20.      68.          346.
 
  2005           5.      14.      22.      19.      10.      20.
                15.      14.      11.      51.      18.      14.          214.
 
  2006          13.      21.      13.      11.      20.       5.
                 8.       9.      12.      42.       6.       7.          166.
 
  2007          12.       6.       2.      10.       8.       7.
                25.       8.       4.       7.       8.       6.          102.
 
  2008           6.       5.       4.       8.       0.      -0.
                12.      14.       6.       3.       2.       4.           64.
 
  2009           3.       4.       5.       2.       1.       2.
                 6.       1.       4.      -3.       1.       3.           28.
 
  2010           3.       6.       8.       2.       4.       1.
                 6.       1.       3.       2.       1.       3.           41.
 
  2011           5.       5.       3.      12.      13.      18.
                 3.       3.       3.       2.       3.       3.           72.
 
  2012           7.       4.       7.      10.       7.       4.
                 9.       7.       2.       5.       5.       6.           73.
 
  2013           5.       5.       9.       5.       5.      17.
                 4.       1.       1.     228.      -2.      23.          301.
 
  2014           7.       5.       6.       6.      46.       0.
                 5.       1.       1.      -2.      -1.       2.           76.
 
  2015           3.       3.       1.       2.       1.      -0.
                 3.      -4.      -1.      -3.      -1.       2.            7.
 
  2016           4.      13.       4.       1.       1.       2.
                 3.       3.      -2.      -2.       1.       1.           27.
 
  2017           4.       2.       1.       1.       1.       2.
                 0.       5.       0.      -1.       1.       2.           18.
 
  2018           3.       1.      -0.       3.       3.      -1.
                -1.       2.       1.       0.       1.      17.           29.
 
  2019           3.      -0.      12.       2.       1.      -1.
                -1.       2.      -0.       2.       3.       2.           24.
 
  2020           4.      -0.       2.       1.       2.      53.
                -2.       2.       5.      10.       2.       6.           84.
 
  2021           3.      -0.       7.       0.      -1.      -0.
                -2.       3.       2.       2.      10.       2.           25.
 
  2022          17.      27.      22.      37.       9.       7.
                31.      13.      19.       9.       9.       5.          204.
 
  2023           7.       8.       7.       6.       6.       7.
                 2.       7.      11.      11.      14.      24.          111.
 
  2024           9.      83.       8.       1.       8.       2.
                 1.       9.       9.      17.      13.      13.          172.
 
  2025          13.      10.      12.       9.       2.     211.
                 3.      18.      12.      10.      10.      10.          319.
 
  2026          14.      10.       9.      19.       5.      -1.
                                                                           56.
 
  AVGE           7.      11.       8.       8.       8.      17.
                 7.       7.       6.      19.       6.      10.

  Table Total-        2559.   Mean-         9.   Std. Dev.-        21.
                              Min -        -4.        Max -       228.
        bps_permits 34620            PAGE  11, SERIES bps_permits_addi

 D 12  Final trend cycle
  From  2004.Jan to 2026.Jun
  Observations        270
  Trend filter    13-term Henderson moving average
  I/C ratio        3.06
 -----------------------------------------------------------------------------
               Jan      Feb      Mar      Apr      May      Jun 
               Jul      Aug      Sep      Oct      Nov      Dec        TOTAL  
 -----------------------------------------------------------------------------
  2004          14.      18.      22.      26.      30.      31.
                31.      28.      25.      23.      21.      20.          290.
 
  2005          20.      19.      18.      17.      16.      15.
                15.      15.      15.      15.      16.      16.          197.
 
  2006          16.      16.      15.      14.      12.      11.
                10.       9.       9.       9.       9.       8.          138.
 
  2007           7.       7.       7.       7.       8.       8.
                 8.       7.       7.       6.       6.       6.           85.
 
  2008           6.       5.       5.       4.       4.       5.
                 5.       5.       5.       4.       3.       3.           55.
 
  2009           3.       3.       3.       3.       3.       3.
                 2.       2.       1.       1.       2.       3.           29.
 
  2010           4.       5.       5.       5.       4.       3.
                 3.       2.       2.       2.       2.       3.           40.
 
  2011           4.       6.       8.      10.      11.      10.
                 8.       5.       3.       2.       2.       4.           73.
 
  2012           5.       6.       7.       7.       7.       7.
                 6.       6.       5.       5.       5.       5.           71.
 
  2013           5.       5.       5.       6.       8.      13.
                21.      29.      35.      37.      33.      25.          224.
 
  2014          17.      10.       6.       4.       4.       4.
                 3.       1.       0.       0.       0.       1.           50.
 
  2015           2.       2.       2.       2.       1.       0.
                -0.      -1.      -2.      -1.       1.       3.            9.
 
  2016           4.       5.       5.       4.       3.       2.
                 1.       0.       0.       0.       0.       1.           25.
 
  2017           2.       2.       2.       1.       1.       1.
                 1.       1.       1.       1.       1.       1.           17.
 
  2018           1.       2.       2.       2.       1.       1.
                 1.       1.       1.       1.       2.       2.           15.
 
  2019           3.       3.       3.       2.       1.       1.
                 0.       0.       1.       2.       2.       2.           20.
 
  2020           2.       1.       2.       2.       3.       4.
                 5.       6.       6.       6.       5.       5.           48.
 
  2021           4.       3.       2.       1.       0.      -0.
                -0.       0.       1.       4.       8.      12.           35.
 
  2022          16.      19.      20.      20.      19.      18.
                17.      16.      14.      11.       9.       7.          188.
 
  2023           7.       7.       6.       6.       6.       5.
                 6.       8.      10.      13.      15.      16.          104.
 
  2024          15.      12.       9.       6.       4.       4.
                 5.       7.      10.      12.      12.      12.          108.
 
  2025          13.      16.      22.      28.      34.      35.
                32.      25.      18.      12.      10.      10.          254.
 
  2026          11.      11.      10.       9.       8.       8.
                                                                           58.
 
  AVGE           8.       8.       8.       8.       8.       8.
                 8.       8.       8.       8.       7.       7.

  Table Total-        2132.   Mean-         8.   Std. Dev.-         8.
                              Min -        -2.        Max -        37.
        bps_permits 34620            PAGE  12, SERIES bps_permits_addi

 D 13  Final irregular component
  From  2004.Jan to 2026.Jun
  Observations        270
 -----------------------------------------------------------------------------
               Jan      Feb      Mar      Apr      May      Jun 
               Jul      Aug      Sep      Oct      Nov      Dec         S.D.  
 -----------------------------------------------------------------------------
  2004          -3.      -3.       1.      -5.       5.       9.
                -6.      18.      -2.      -5.      -1.      47.           15.
 
  2005         -14.      -5.       4.       1.      -6.       5.
                -0.      -1.      -4.      36.       2.      -2.           12.
 
  2006          -3.       5.      -2.      -2.       8.      -6.
                -2.      -0.       3.      33.      -3.      -2.           10.
 
  2007           4.      -1.      -5.       3.      -0.      -1.
                18.       0.      -3.       0.       1.      -1.            6.
 
  2008           0.       0.      -1.       4.      -4.      -5.
                 7.       9.       1.      -2.      -2.       1.            4.
 
  2009          -0.       0.       2.      -1.      -2.      -1.
                 3.      -1.       2.      -4.      -1.       1.            2.
 
  2010          -1.       1.       3.      -2.      -0.      -2.
                 4.      -1.       0.      -0.      -1.       1.            2.
 
  2011           1.      -1.      -5.       2.       3.       8.
                -5.      -3.      -0.      -0.       0.      -1.            3.
 
  2012           2.      -2.       0.       3.      -0.      -3.
                 3.       1.      -3.       0.       0.       0.            2.
 
  2013          -0.      -0.       3.      -1.      -3.       4.
               -17.     -29.     -34.     191.     -35.      -2.           58.
 
  2014         -10.      -4.       0.       2.      42.      -4.
                 2.      -0.       1.      -2.      -1.       1.           13.
 
  2015           1.       1.      -1.      -0.       0.      -1.
                 4.      -3.       1.      -2.      -1.      -1.            2.
 
  2016          -0.       8.      -1.      -3.      -2.       0.
                 2.       3.      -3.      -2.       0.       0.            3.
 
  2017           3.       0.      -1.      -1.      -1.       0.
                -1.       4.      -1.      -2.      -0.       1.            2.
 
  2018           1.      -1.      -2.       1.       2.      -2.
                -1.       1.       0.      -1.      -1.      14.            4.
 
  2019          -0.      -3.       9.      -0.      -0.      -1.
                -1.       1.      -1.       1.       1.      -0.            3.
 
  2020           2.      -2.       0.      -2.      -1.      49.
                -8.      -4.      -1.       5.      -3.       1.           14.
 
  2021          -1.      -3.       5.      -1.      -1.       0.
                -2.       3.       0.      -2.       2.     -10.            4.
 
  2022           1.       8.       2.      17.     -10.     -11.
                14.      -3.       5.      -2.      -1.      -3.            8.
 
  2023           0.       1.       1.      -0.       1.       1.
                -4.      -1.       1.      -2.      -1.       9.            3.
 
  2024          -6.      70.      -1.      -5.       4.      -2.
                -4.       2.      -1.       5.       1.       1.           21.
 
  2025           0.      -6.     -10.     -20.     -32.     176.
               -29.      -7.      -6.      -2.      -0.       0.           53.
 
  2026           3.      -1.      -2.      10.      -3.      -9.
                                                                            6.
 
  S.D.           4.      15.       4.       6.      12.      38.
                 9.       8.       8.      42.       8.      11.

  Table Total-         426.   Mean-         2.   Std. Dev.-        18.
                              Min -       -35.        Max -       191.
        bps_permits 34620            PAGE  13, SERIES bps_permits_addi

 D 16  Combined adjustment factors
  From  2004.Jan to 2026.Jun
  Observations        270
 -----------------------------------------------------------------------------
               Jan      Feb      Mar      Apr      May      Jun 
               Jul      Aug      Sep      Oct      Nov      Dec         AVGE  
 -----------------------------------------------------------------------------
  2004          -0.      -4.      -0.       0.       5.       7.
                -4.      -1.      -3.       5.      -2.      -3.            0.
 
  2005          -0.      -3.      -0.       0.       4.       6.
                -3.      -1.      -2.       5.      -2.      -3.            0.
 
  2006          -1.      -3.      -0.       1.       4.       5.
                -3.      -1.      -2.       4.      -2.      -3.            0.
 
  2007          -1.      -3.      -0.       1.       3.       5.
                -2.      -1.      -1.       4.      -2.      -3.            0.
 
  2008          -1.      -3.      -1.       1.       3.       4.
                -2.       0.      -0.       4.      -1.      -3.            0.
 
  2009          -2.      -4.      -1.       1.       2.       3.
                -3.       1.       1.       5.       0.      -2.            0.
 
  2010          -2.      -4.      -2.       1.       1.       2.
                -2.       2.       2.       5.       1.      -2.            0.
 
  2011          -3.      -4.      -2.       0.       1.       1.
                -2.       2.       3.       4.       1.      -2.            0.
 
  2012          -3.      -4.      -2.      -0.       0.       1.
                -2.       3.       3.       4.       2.      -2.            0.
 
  2013          -3.      -3.      -2.      -1.      -0.       1.
                -2.       3.       3.       3.       2.      -1.            0.
 
  2014          -3.      -3.      -2.      -1.      -0.       1.
                -3.       4.       3.       3.       2.      -1.           -0.
 
  2015          -3.      -3.      -1.      -1.      -0.       0.
                -2.       4.       3.       3.       2.      -1.           -0.
 
  2016          -3.      -3.      -1.      -1.      -1.       0.
                -2.       4.       2.       2.       1.      -1.           -0.
 
  2017          -3.      -2.      -0.      -1.      -1.       0.
                -0.       3.       2.       1.       0.      -1.           -0.
 
  2018          -3.      -1.       0.      -0.      -0.       1.
                 1.       2.       1.      -0.      -1.      -2.           -0.
 
  2019          -3.       0.       1.       1.      -0.       1.
                 2.       1.       0.      -1.      -2.      -2.           -0.
 
  2020          -3.       0.       0.       1.       1.       2.
                 2.       1.      -0.      -1.      -2.      -2.           -0.
 
  2021          -3.       0.      -0.       3.       2.       2.
                 3.       0.      -1.      -2.      -3.      -2.           -0.
 
  2022          -4.      -1.      -1.       4.       3.       3.
                 5.      -1.      -1.      -2.      -4.      -3.           -0.
 
  2023          -4.      -1.      -1.       5.       4.       3.
                 6.      -1.      -1.      -2.      -4.      -3.           -0.
 
  2024          -5.      -1.      -2.       6.       4.       4.
                 6.      -1.      -1.      -3.      -4.      -4.           -0.
 
  2025          -5.      -1.      -3.       6.       5.       4.
                 7.      -1.      -1.      -3.      -5.      -4.            0.
 
  2026          -6.      -1.      -4.       7.       6.       5.
                                                                            1.
 
  AVGE          -3.      -2.      -1.       2.       2.       3.
                -0.       1.       0.       2.      -1.      -2.

  Table Total-           5.   Mean-         0.   Std. Dev.-         3.
                              Min -        -6.        Max -         7.

 D 16.A  Combined adjustment component forecasts
  From  2026.Jul to 2027.Jun
  Observations         12
 -----------------------------------------------------------------------------
               Jan      Feb      Mar      Apr      May      Jun 
               Jul      Aug      Sep      Oct      Nov      Dec         AVGE  
 -----------------------------------------------------------------------------
  2026                                                          
                 7.      -1.      -2.      -3.      -5.      -4.           -1.
 
  2027          -6.      -2.      -4.       8.       7.       5.
                                                                            1.
 
        bps_permits 34620            PAGE  14, SERIES bps_permits_addi

 E 4  Differences of annual totals
  From          2004 to 2025
  Observations         22
 -----------------------------------
  Year       Unmodified     Modified
                  (D11)         (E2)
 -----------------------------------
  2004               0.           0.
 
  2005               0.           0.
 
  2006               0.           0.
 
  2007               1.           1.
 
  2008               1.           1.
 
  2009               2.           2.
 
  2010               1.           1.
 
  2011               0.           0.
 
  2012               0.           0.
 
  2013               0.           0.
 
  2014              -0.          -0.
 
  2015              -0.          -0.
 
  2016              -1.          -1.
 
  2017              -2.          -2.
 
  2018              -2.          -2.
 
  2019              -1.          -1.
 
  2020              -0.          -0.
 
  2021              -0.          -0.
 
  2022              -1.          -1.
 
  2023              -0.          -0.
 
  2024              -0.          -0.
 
  2025               0.           0.
 
        bps_permits 34620            PAGE  15, SERIES bps_permits_addi

 E 5  Month-to-month differences in the original series
  From  2004.Feb to 2026.Jun
  Observations        269
 -----------------------------------------------------------------------------
               Jan      Feb      Mar      Apr      May      Jun 
               Jul      Aug      Sep      Oct      Nov      Dec         AVGE  
 -----------------------------------------------------------------------------
  2004                    1.      11.      -1.      18.       7.
               -26.      24.     -25.       2.      -4.      47.            5.
 
  2005         -60.       6.      11.      -3.      -5.      12.
               -14.       1.      -4.      47.     -40.      -5.           -4.
 
  2006           1.       6.      -5.      -1.      12.     -14.
                -5.       3.       2.      36.     -42.       0.           -1.
 
  2007           7.      -8.      -1.       9.       0.       1.
                11.     -16.      -4.       8.      -5.      -3.           -0.
 
  2008           2.      -3.       1.       6.      -6.       1.
                 6.       4.      -8.       1.      -6.       0.           -0.
 
  2009           0.      -1.       4.      -1.       0.       2.
                -2.      -1.       3.      -3.      -1.       0.            0.
 
  2010           0.       1.       4.      -3.       2.      -2.
                 1.      -1.       2.       2.      -5.      -1.            0.
 
  2011           1.      -1.       0.      11.       2.       5.
               -18.       4.       1.       0.      -2.      -3.            0.
 
  2012           3.      -4.       5.       5.      -3.      -2.
                 2.       3.      -5.       4.      -2.      -3.            0.
 
  2013          -2.       0.       5.      -3.       1.      13.
               -16.       2.       0.     227.    -231.      22.            2.
 
  2014         -18.      -2.       2.       1.      41.     -45.
                 1.       3.      -1.      -3.       0.       0.           -2.
 
  2015          -1.       0.       0.       1.       0.      -1.
                 1.      -1.       2.      -2.       1.       0.            0.
 
  2016           0.       9.      -7.      -3.       0.       2.
                -1.       6.      -7.       0.       2.      -2.           -0.
 
  2017           1.      -1.       1.      -1.       0.       2.
                -2.       8.      -6.      -2.       1.       0.            0.
 
  2018          -1.       0.       0.       3.       0.      -3.
                 0.       4.      -2.      -2.       0.      15.            1.
 
  2019         -15.       0.      13.     -10.      -2.      -1.
                 1.       2.      -3.       1.       0.      -1.           -1.
 
  2020           1.      -1.       2.       0.       1.      52.
               -55.       3.       2.       4.      -9.       4.            0.
 
  2021          -4.       0.       7.      -4.      -2.       1.
                -1.       2.      -2.      -1.       7.      -7.           -0.
 
  2022          13.      13.      -5.      20.     -29.      -2.
                26.     -24.       6.     -11.      -2.      -3.            0.
 
  2023           1.       4.      -1.       5.      -1.       0.
                -2.      -2.       4.      -1.       1.      11.            2.
 
  2024         -17.      78.     -76.       1.       5.      -6.
                 1.       1.       0.       6.      -5.       0.           -1.
 
  2025          -1.       1.       0.       6.      -8.     208.
              -205.       7.      -6.      -4.      -2.       1.           -0.
 
  2026           2.       1.      -4.      21.     -15.      -7.
                                                                           -0.
 
  AVGE          -4.       4.      -1.       3.       0.      10.
               -13.       1.      -2.      14.     -16.       3.

  Table Total-          -7.   Mean-        -0.   Std. Dev.-        30.
                              Min -      -231.        Max -       227.
        bps_permits 34620            PAGE  16, SERIES bps_permits_addi

 E 6  Month-to-month differences in seasonally adjusted series (D11)
  From  2004.Feb to 2026.Jun
  Observations        269
 -----------------------------------------------------------------------------
               Jan      Feb      Mar      Apr      May      Jun 
               Jul      Aug      Sep      Oct      Nov      Dec         AVGE  
 -----------------------------------------------------------------------------
  2004                    4.       8.      -1.      14.       5.
               -16.      21.     -23.      -6.       3.      48.            5.
 
  2005         -62.       9.       8.      -4.      -9.      10.
                -5.      -1.      -3.      40.     -34.      -4.           -4.
 
  2006          -1.       9.      -8.      -2.       9.     -15.
                 3.       1.       3.      30.     -36.       1.           -1.
 
  2007           5.      -6.      -4.       8.      -3.      -0.
                18.     -18.      -3.       3.       1.      -2.           -0.
 
  2008           0.      -1.      -2.       4.      -8.      -0.
                12.       2.      -8.      -4.      -1.       2.           -0.
 
  2009          -1.       1.       2.      -3.      -1.       1.
                 3.      -4.       3.      -7.       4.       3.           -0.
 
  2010          -0.       3.       2.      -6.       2.      -3.
                 5.      -5.       1.      -0.      -1.       2.           -0.
 
  2011           2.      -0.      -2.       9.       2.       5.
               -15.      -0.       0.      -1.       1.       0.           -0.
 
  2012           4.      -3.       3.       3.      -3.      -3.
                 5.      -2.      -5.       4.      -0.       0.            0.
 
  2013          -0.      -0.       4.      -4.       0.      12.
               -13.      -4.       0.     227.    -230.      25.            1.
 
  2014         -16.      -2.       1.      -0.      40.     -46.
                 5.      -4.      -0.      -3.       1.       3.           -2.
 
  2015           1.      -0.      -2.       0.      -0.      -2.
                 4.      -7.       3.      -2.       2.       3.           -0.
 
  2016           2.       9.      -9.      -3.      -0.       1.
                 1.       0.      -5.       0.       3.       0.           -0.
 
  2017           3.      -2.      -1.      -1.      -0.       1.
                -1.       4.      -5.      -1.       2.       2.            0.
 
  2018           0.      -2.      -1.       3.       0.      -4.
                -0.       2.      -1.      -1.       0.      16.            1.
 
  2019         -14.      -3.      13.     -10.      -1.      -2.
                 0.       2.      -2.       3.       1.      -1.           -1.
 
  2020           2.      -4.       2.      -1.       2.      51.
               -56.       5.       3.       5.      -8.       3.            0.
 
  2021          -2.      -3.       7.      -7.      -1.       1.
                -2.       5.      -1.       0.       8.      -8.           -0.
 
  2022          15.      10.      -5.      15.     -28.      -2.
                24.     -19.       6.     -10.      -0.      -4.            0.
 
  2023           2.       1.      -0.      -1.       0.       0.
                -4.       5.       4.       0.       3.      10.            2.
 
  2024         -16.      74.     -75.      -7.       6.      -6.
                -1.       8.       0.       8.      -3.      -1.           -1.
 
  2025           0.      -3.       2.      -3.      -7.     209.
              -207.      15.      -6.      -2.      -0.       0.           -0.
 
  2026           4.      -3.      -2.      10.     -14.      -6.
                                                                           -2.
 
  AVGE          -3.       4.      -3.       0.      -0.       9.
               -11.       0.      -2.      13.     -13.       5.

  Table Total-         -12.   Mean-        -0.   Std. Dev.-        29.
                              Min -      -230.        Max -       227.
        bps_permits 34620            PAGE  17, SERIES bps_permits_addi

 E 7  Month-to-month differences in final trend cycle (D12)
  From  2004.Feb to 2026.Jun
  Observations        269
 -----------------------------------------------------------------------------
               Jan      Feb      Mar      Apr      May      Jun 
               Jul      Aug      Sep      Oct      Nov      Dec         AVGE  
 -----------------------------------------------------------------------------
  2004                    4.       4.       4.       3.       2.
                -1.      -2.      -3.      -3.      -1.      -1.            1.
 
  2005          -1.      -1.      -1.      -1.      -1.      -1.
                -0.      -0.       0.       0.       0.       0.           -0.
 
  2006           0.      -0.      -1.      -1.      -1.      -1.
                -1.      -1.      -0.      -0.      -0.      -1.           -1.
 
  2007          -1.      -0.       0.       0.       0.       0.
                -0.      -0.      -0.      -0.      -0.      -0.           -0.
 
  2008          -0.      -1.      -1.      -0.       0.       0.
                 0.       0.      -0.      -1.      -1.      -0.           -0.
 
  2009          -0.       0.      -0.      -0.      -0.      -0.
                -0.      -1.      -1.      -0.       0.       1.           -0.
 
  2010           1.       1.       0.      -0.      -1.      -1.
                -1.      -0.      -0.      -0.      -0.       0.           -0.
 
  2011           1.       2.       2.       2.       1.      -1.
                -2.      -3.      -2.      -1.       0.       1.            0.
 
  2012           1.       1.       1.       1.       0.      -0.
                -1.      -1.      -1.      -0.       0.       0.            0.
 
  2013           0.       0.      -0.       0.       2.       5.
                 8.       8.       6.       1.      -4.      -8.            2.
 
  2014          -9.      -7.      -4.      -1.      -0.      -0.
                -1.      -1.      -1.      -0.       0.       1.           -2.
 
  2015           1.       0.       0.      -0.      -1.      -1.
                -1.      -1.      -0.       1.       2.       2.            0.
 
  2016           2.       1.      -0.      -1.      -1.      -1.
                -1.      -0.      -0.      -0.       0.       1.           -0.
 
  2017           1.       0.      -0.      -0.      -0.       0.
                 0.      -0.      -0.      -0.      -0.       0.            0.
 
  2018           0.       0.       0.      -0.      -0.      -0.
                -0.      -0.       0.       0.       1.       1.            0.
 
  2019           1.       0.      -0.      -1.      -1.      -1.
                -0.       0.       1.       1.       0.      -0.           -0.
 
  2020          -0.      -0.       0.       1.       1.       1.
                 1.       1.       0.      -0.      -1.      -1.            0.
 
  2021          -1.      -1.      -1.      -1.      -1.      -1.
                -0.       0.       1.       3.       4.       4.            1.
 
  2022           4.       3.       1.      -0.      -1.      -1.
                -1.      -1.      -2.      -2.      -2.      -2.           -0.
 
  2023          -1.      -0.      -0.      -0.      -0.      -0.
                 1.       2.       2.       3.       2.       1.            1.
 
  2024          -1.      -2.      -3.      -3.      -2.      -0.
                 1.       2.       3.       2.       0.      -0.           -0.
 
  2025           1.       3.       6.       7.       5.       1.
                -3.      -6.      -7.      -6.      -3.      -0.           -0.
 
  2026           1.       0.      -1.      -1.      -1.       0.
                                                                           -0.
 
  AVGE           0.       0.       0.       0.       0.       0.
                -0.      -0.      -0.      -0.      -0.       0.

  Table Total-          -6.   Mean-        -0.   Std. Dev.-         2.
                              Min -        -9.        Max -         8.
        bps_permits 34620            PAGE  18, SERIES bps_permits_addi

 E 8  Month-to-month differences in original series adjusted for calendar factors (A18)
  From  2004.Feb to 2026.Jun
  Observations        269
 -----------------------------------------------------------------------------
               Jan      Feb      Mar      Apr      May      Jun 
               Jul      Aug      Sep      Oct      Nov      Dec         AVGE  
 -----------------------------------------------------------------------------
  2004                    1.      11.      -1.      18.       7.
               -26.      24.     -25.       2.      -4.      47.            5.
 
  2005         -60.       6.      11.      -3.      -5.      12.
               -14.       1.      -4.      47.     -40.      -5.           -4.
 
  2006           1.       6.      -5.      -1.      12.     -14.
                -5.       3.       2.      36.     -42.       0.           -1.
 
  2007           7.      -8.      -1.       9.       0.       1.
                11.     -16.      -4.       8.      -5.      -3.           -0.
 
  2008           2.      -3.       1.       6.      -6.       1.
                 6.       4.      -8.       1.      -6.       0.           -0.
 
  2009           0.      -1.       4.      -1.       0.       2.
                -2.      -1.       3.      -3.      -1.       0.            0.
 
  2010           0.       1.       4.      -3.       2.      -2.
                 1.      -1.       2.       2.      -5.      -1.            0.
 
  2011           1.      -1.       0.      11.       2.       5.
               -18.       4.       1.       0.      -2.      -3.            0.
 
  2012           3.      -4.       5.       5.      -3.      -2.
                 2.       3.      -5.       4.      -2.      -3.            0.
 
  2013          -2.       0.       5.      -3.       1.      13.
               -16.       2.       0.     227.    -231.      22.            2.
 
  2014         -18.      -2.       2.       1.      41.     -45.
                 1.       3.      -1.      -3.       0.       0.           -2.
 
  2015          -1.       0.       0.       1.       0.      -1.
                 1.      -1.       2.      -2.       1.       0.            0.
 
  2016           0.       9.      -7.      -3.       0.       2.
                -1.       6.      -7.       0.       2.      -2.           -0.
 
  2017           1.      -1.       1.      -1.       0.       2.
                -2.       8.      -6.      -2.       1.       0.            0.
 
  2018          -1.       0.       0.       3.       0.      -3.
                 0.       4.      -2.      -2.       0.      15.            1.
 
  2019         -15.       0.      13.     -10.      -2.      -1.
                 1.       2.      -3.       1.       0.      -1.           -1.
 
  2020           1.      -1.       2.       0.       1.      52.
               -55.       3.       2.       4.      -9.       4.            0.
 
  2021          -4.       0.       7.      -4.      -2.       1.
                -1.       2.      -2.      -1.       7.      -7.           -0.
 
  2022          13.      13.      -5.      20.     -29.      -2.
                26.     -24.       6.     -11.      -2.      -3.            0.
 
  2023           1.       4.      -1.       5.      -1.       0.
                -2.      -2.       4.      -1.       1.      11.            2.
 
  2024         -17.      78.     -76.       1.       5.      -6.
                 1.       1.       0.       6.      -5.       0.           -1.
 
  2025          -1.       1.       0.       6.      -8.     208.
              -205.       7.      -6.      -4.      -2.       1.           -0.
 
  2026           2.       1.      -4.      21.     -15.      -7.
                                                                           -0.
 
  AVGE          -4.       4.      -1.       3.       0.      10.
               -13.       1.      -2.      14.     -16.       3.

  Table Total-          -7.   Mean-        -0.   Std. Dev.-        30.
                              Min -      -231.        Max -       227.
        bps_permits 34620            PAGE  19, SERIES bps_permits_addi

 E 18  Final adjustment ratios
  From  2004.Jan to 2026.Jun
  Observations        270
 -----------------------------------------------------------------------------
               Jan      Feb      Mar      Apr      May      Jun 
               Jul      Aug      Sep      Oct      Nov      Dec         AVGE  
 -----------------------------------------------------------------------------
  2004       96.694   77.226   99.820  101.043  113.125  116.055
             84.846   97.771   87.028  128.670   90.356   96.227        99.072
 
  2005       91.604   76.379   99.691  102.486  141.256  128.140
             80.493   93.551   79.205  108.758   89.136   80.986        97.641
 
  2006       94.439   84.551   99.066  105.285  118.836  211.810
             66.613   90.945   85.382  109.986   68.473   60.580        99.664
 
  2007       92.746   47.322   83.217  108.220  146.303  167.231
             91.054   92.807   71.909  158.848   79.924   54.251        99.486
 
  2008       84.026   37.021   79.585  112.960  854.605 ********
             80.423  100.362   97.485  276.631   61.074   28.438      -358.885
 
  2009       38.977    0.000   75.847  144.602  312.236  223.425
             54.478  188.278  130.073  -71.702  132.471   30.045       104.894
 
  2010       31.747   33.864   77.281  133.138  131.656  256.971
             62.293  228.752  190.218  321.577  212.839   31.772       142.676
 
  2011       40.475   20.295   32.710  102.862  105.908  107.139
             33.052  184.894  199.521  331.117  149.889   35.592       111.954
 
  2012       56.170    0.000   72.488   98.900  102.066  131.876
             77.620  139.859  269.339  166.263  130.188   71.615       109.699
 
  2013       37.725   38.506   79.932   88.722   99.886  105.739
             45.992  677.045  466.503  101.399   -0.000   94.259       152.976
 
  2014       55.370   39.499   70.902   88.937   99.861  542.506
             42.462  430.314  380.104  -53.712 -110.719   47.604       136.094
 
  2015        0.000    0.000    0.000   59.216   75.706   -0.000
             29.861   -0.000 -305.938   -0.000 -140.648   53.030       -19.064
 
  2016       24.180   78.606   80.287    0.000    0.000  115.848
             34.588  221.823   -0.000   -0.000  299.766    0.000        71.258
 
  2017       24.279    0.000   87.369    0.000    0.000  109.024
              0.000  164.311  813.933   -0.000  147.538   41.144       115.633
 
  2018        0.000    0.000   -0.000   99.108   87.586   -0.000
             -0.000  229.012  228.543    0.000    0.000   89.975        61.185
 
  2019        0.000   -0.000  105.483  127.500   97.132   -0.000
           -141.156  197.715   -0.000   47.136   37.796    0.000        39.301
 
  2020       26.857   -0.000  126.534  390.592  142.417  103.112
             -0.000  132.498   97.513   86.015    0.000   69.193        97.894
 
  2021        0.000   -0.000   96.480 1163.926  -99.253 ********
            -41.617  106.415   65.829    0.000   70.680    0.000        11.393
 
  2022       77.389   97.589   95.916  110.677  132.980  141.328
            115.159   95.497   95.385   77.568   58.606   41.275        94.947
 
  2023       41.475   90.347   80.758  182.165  156.724  151.973
            341.196   86.763   90.669   79.688   71.297   86.300       121.613
 
  2024       45.902   99.003   75.533  488.287  156.476  312.328
           1013.876   87.637   87.168   83.846   67.538   70.716       215.692
 
  2025       60.967   91.517   76.112  173.188  367.942  102.136
            321.290   93.223   89.940   69.605   52.052   60.997       129.914
 
  2026       59.008   87.893   57.565  137.056  222.100 -450.646
                                                                        18.830
 
  AVGE       46.958   43.462   76.199  179.081  155.024 -207.347
            108.751  169.976  150.900   91.895   71.284   52.000

  Table Total-       20933.   Mean-        78.   Std. Dev.-       415.
                              Min -     -6119.        Max -      1164.

 E 18.A  Final adjustment ratio forecasts
  From  2026.Jul to 2027.Jun
  Observations         12
 -----------------------------------------------------------------------------
               Jan      Feb      Mar      Apr      May      Jun 
               Jul      Aug      Sep      Oct      Nov      Dec         AVGE  
 -----------------------------------------------------------------------------
  2026                                                          
            180.399   93.343   91.434   83.742   76.975   81.323       101.203
 
  2027       73.501   89.878   78.884  186.389  173.149  148.031
                                                                       124.972
 
        bps_permits 34620            PAGE  20, SERIES bps_permits_addi

 E 18.B  Total adjustment factors
  From  2004.Jan to 2026.Jun
  Observations        270
 -----------------------------------------------------------------------------
               Jan      Feb      Mar      Apr      May      Jun 
               Jul      Aug      Sep      Oct      Nov      Dec         AVGE  
 -----------------------------------------------------------------------------
  2004          -0.      -4.      -0.       0.       5.       7.
                -4.      -1.      -3.       5.      -2.      -3.            0.
 
  2005          -0.      -3.      -0.       0.       4.       6.
                -3.      -1.      -2.       5.      -2.      -3.            0.
 
  2006          -1.      -3.      -0.       1.       4.       5.
                -3.      -1.      -2.       4.      -2.      -3.            0.
 
  2007          -1.      -3.      -0.       1.       3.       5.
                -2.      -1.      -1.       4.      -2.      -3.            0.
 
  2008          -1.      -3.      -1.       1.       3.       4.
                -2.       0.      -0.       4.      -1.      -3.            0.
 
  2009          -2.      -4.      -1.       1.       2.       3.
                -3.       1.       1.       5.       0.      -2.            0.
 
  2010          -2.      -4.      -2.       1.       1.       2.
                -2.       2.       2.       5.       1.      -2.            0.
 
  2011          -3.      -4.      -2.       0.       1.       1.
                -2.       2.       3.       4.       1.      -2.            0.
 
  2012          -3.      -4.      -2.      -0.       0.       1.
                -2.       3.       3.       4.       2.      -2.            0.
 
  2013          -3.      -3.      -2.      -1.      -0.       1.
                -2.       3.       3.       3.       2.      -1.            0.
 
  2014          -3.      -3.      -2.      -1.      -0.       1.
                -3.       4.       3.       3.       2.      -1.           -0.
 
  2015          -3.      -3.      -1.      -1.      -0.       0.
                -2.       4.       3.       3.       2.      -1.           -0.
 
  2016          -3.      -3.      -1.      -1.      -1.       0.
                -2.       4.       2.       2.       1.      -1.           -0.
 
  2017          -3.      -2.      -0.      -1.      -1.       0.
                -0.       3.       2.       1.       0.      -1.           -0.
 
  2018          -3.      -1.       0.      -0.      -0.       1.
                 1.       2.       1.      -0.      -1.      -2.           -0.
 
  2019          -3.       0.       1.       1.      -0.       1.
                 2.       1.       0.      -1.      -2.      -2.           -0.
 
  2020          -3.       0.       0.       1.       1.       2.
                 2.       1.      -0.      -1.      -2.      -2.           -0.
 
  2021          -3.       0.      -0.       3.       2.       2.
                 3.       0.      -1.      -2.      -3.      -2.           -0.
 
  2022          -4.      -1.      -1.       4.       3.       3.
                 5.      -1.      -1.      -2.      -4.      -3.           -0.
 
  2023          -4.      -1.      -1.       5.       4.       3.
                 6.      -1.      -1.      -2.      -4.      -3.           -0.
 
  2024          -5.      -1.      -2.       6.       4.       4.
                 6.      -1.      -1.      -3.      -4.      -4.           -0.
 
  2025          -5.      -1.      -3.       6.       5.       4.
                 7.      -1.      -1.      -3.      -5.      -4.            0.
 
  2026          -6.      -1.      -4.       7.       6.       5.
                                                                            1.
 
  AVGE          -3.      -2.      -1.       2.       2.       3.
                -0.       1.       0.       2.      -1.      -2.

  Table Total-           5.   Mean-         0.   Std. Dev.-         3.
                              Min -        -6.        Max -         7.

 E 18.C  Total adjustment factor forecasts
  From  2026.Jul to 2027.Jun
  Observations         12
 -----------------------------------------------------------------------------
               Jan      Feb      Mar      Apr      May      Jun 
               Jul      Aug      Sep      Oct      Nov      Dec         AVGE  
 -----------------------------------------------------------------------------
  2026                                                          
                 7.      -1.      -2.      -3.      -5.      -4.           -1.
 
  2027          -6.      -2.      -4.       8.       7.       5.
                                                                            1.
 

  QS statistic for seasonality:
  Original Series                                     0.02  (P-Value =     0.9880)
  Original Series (EV adj)                            0.02  (P-Value =     0.9880)
  Residuals                                           0.00  (P-Value =     1.0000)
  Seasonally Adjusted Series                          0.00  (P-Value =     1.0000)
  Seasonally Adjusted Series (EV adj)                 0.00  (P-Value =     1.0000)
  Irregular Series                                    0.00  (P-Value =     1.0000)
  Irregular Series (EV adj)                           0.00  (P-Value =     1.0000)

  QS statistic for seasonality (starting 2018.Jul):
  Original Series                                     0.00  (P-Value =     1.0000)
  Original Series (EV adj)                            0.00  (P-Value =     1.0000)
  Residuals                                           0.00  (P-Value =     1.0000)
  Seasonally Adjusted Series                          0.00  (P-Value =     1.0000)
  Seasonally Adjusted Series (EV adj)                 0.00  (P-Value =     1.0000)
  Irregular Series                                    0.00  (P-Value =     1.0000)
  Irregular Series (EV adj)                           0.00  (P-Value =     1.0000)


 WARNING: Series should not be a candidate for seasonal adjustment
          because the spectrum of the original series (Table A1 or B1)
          has no visually significant seasonal peaks.

          If this is a component series of an indirectly adjusted
          composite series, consider using type = trend or type = summary
          in the x11 spec.
        bps_permits 34620            PAGE  21, SERIES bps_permits_addi
 G 0  10*LOG(SPECTRUM) of the differenced Original Series
      (Table A1 or B1).  Spectrum estimated from 2018.Jul to 2026.Jun.
 ++++++++++I+++++++++++++++++++++++++++++++++++++++++++++++++++++++++++++I
      37.26I                                                            SI     37.26
           I                                                            SI
           I                                                            SI
           I                                             *       *     *SI
      34.85I                                      *      *       *     *SI     34.85
           I                                      *     ***     T*     *SI
           I                                      *     ***     T**    *SI
           I                                     **     ****    T**   **SI
      32.43I                                     **     *****  *T**   **SI     32.43
           I                                     ***    ******S*T**   **SI
           I                              S*     ***    ******S*T*** ***SI
           I                              S*    ****    ******S*T*******SI
      30.02I                       *      S**   ****   *******S*T*******SI     30.02
           I                      **     *S*********   *******S*T*******SI
           I                      **     *S*********S  *******S*T*******SI
           I                      **    **S*********S  *******S*T*******SI
      27.60I               *      ***   **S*********S*T*******S*T*******SI     27.60
           I              **      ***  ***S*********S*T*******S*T*******SI
           I              **     *********S*********S*T*******S*T*******SI
           I              **     *********S*********S*T*******S*T*******SI
      25.19I              ***    *********S*********S*T*******S*T*******SI     25.19
           I              ***    *********S*********S*T*******S*T*******SI
           I             ****   S*********S*********S*T*******S*T*******SI
           I             *****  S*********S*********S*T*******S*T*******SI
      22.77I             *******S*********S*********S*T*******S*T*******SI     22.77
           I            ********S*********S*********S*T*******S*T*******SI
           I          S*********S*********S*********S*T*******S*T*******SI
           I       *  S*********S*********S*********S*T*******S*T*******SI
      20.35I      ** *S*********S*********S*********S*T*******S*T*******SI     20.35
           I      ****S*********S*********S*********S*T*******S*T*******SI
           I      ****S*********S*********S*********S*T*******S*T*******SI
           I      ****S*********S*********S*********S*T*******S*T*******SI
      17.94I      ****S*********S*********S*********S*T*******S*T*******SI     17.94
           I      ****S*********S*********S*********S*T*******S*T*******SI
           I      ****S*********S*********S*********S*T*******S*T*******SI
           I     *****S*********S*********S*********S*T*******S*T*******SI
      15.52I     *****S*********S*********S*********S*T*******S*T*******SI     15.52
           I     *****S*********S*********S*********S*T*******S*T*******SI
           I     *****S*********S*********S*********S*T*******S*T*******SI
           I     *****S*********S*********S*********S*T*******S*T*******SI
      13.11I     *****S*********S*********S*********S*T*******S*T*******SI     13.11
           I     *****S*********S*********S*********S*T*******S*T*******SI
           I    ******S*********S*********S*********S*T*******S*T*******SI
           I    ******S*********S*********S*********S*T*******S*T*******SI
      10.69I    ******S*********S*********S*********S*T*******S*T*******SI     10.69
           I    ******S*********S*********S*********S*T*******S*T*******SI
           I    ******S*********S*********S*********S*T*******S*T*******SI
           I   *******S*********S*********S*********S*T*******S*T*******SI
       8.28I   *******S*********S*********S*********S*T*******S*T*******SI      8.28
           I   *******S*********S*********S*********S*T*******S*T*******SI
           I  ********S*********S*********S*********S*T*******S*T*******SI
           I  ********S*********S*********S*********S*T*******S*T*******SI
       5.86I**********S*********S*********S*********S*T*******S*T*******SI      5.86
 ++++++++++I+++++++++++++++++++++++++++++++++++++++++++++++++++++++++++++I
            S=SEASONAL FREQUENCIES, T=TRADING DAY FREQUENCIES
        bps_permits 34620            PAGE  22, SERIES bps_permits_addi
 G 1  10*LOG(SPECTRUM) of the differenced seasonally adjusted 
      data (Table E2).  Spectrum estimated from 2018.Jul to 2026.Jun.
 ++++++++++I+++++++++++++++++++++++++++++++++++++++++++++++++++++++++++++I
      22.24I                                                *            I     22.24
           I                                            *   *            I
           I                                            *   *            I
           I                                            *   *            I
      20.78I                                           **   *            I     20.78
           I                                           **  **        *   I
           I                                           **  **        *   I
           I                                           **  **        *   I
      19.33I                                           **  **        *   I     19.33
           I                                           **  **        *   I
           I              *                            **  **        **  I
           I              *       *                    **  ***       **  I
      17.87I             **       *               *    **  ***       **  I     17.87
           I             **       *               *    *******       **  I
           I             **       **              *    *******       **  I
           I             ***      **              *    *******       **  I
      16.42I             ***      **              *    *******   *   **  I     16.42
           I             ***      **              *    *******S T*   **  I
           I             ***      **             **    *******S*T*  ***  I
           I            ****   *  **             **    *******S*T*  ***  I
      14.96I       *    ****  ** ***    *        **    *******S*T*  ***  I     14.96
           I      **    ****  **S***    *    *   **   T*******S*T** ***  I
           I      **    ***** **S***   **    *   ***  T*******S*T** ***  I
           I      **    ********S***   **    *   ***  T*******S*T******* I
      13.51I      **    ********S***   **   **   ***  T*******S*T******* I     13.51
           I      **    ********S***   **   ***  ***  T*******S*T******* I
           I      **    ********S***   **   *** ****  T*******S*T******* I
           I      **    ********S****  **   *** ****  T*******S*T*******SI
      12.05I      **    ********S****  ***  ********S*T*******S*T*******SI     12.05
           I      **    ********S**** ****  ********S*T*******S*T*******SI
           I      **    ********S**** **** *********S*T*******S*T*******SI
           I   *  **   *********S**** ****S*********S*T*******S*T*******SI
      10.60I   * ***   *********S*********S*********S*T*******S*T*******SI     10.60
           I   *****   *********S*********S*********S*T*******S*T*******SI
           I   *****   *********S*********S*********S*T*******S*T*******SI
           I   ******  *********S*********S*********S*T*******S*T*******SI
       9.14I   ******  *********S*********S*********S*T*******S*T*******SI      9.14
           I   ******  *********S*********S*********S*T*******S*T*******SI
           I   ******  *********S*********S*********S*T*******S*T*******SI
           I   ****** S*********S*********S*********S*T*******S*T*******SI
       7.69I  ******* S*********S*********S*********S*T*******S*T*******SI      7.69
           I  ********S*********S*********S*********S*T*******S*T*******SI
           I  ********S*********S*********S*********S*T*******S*T*******SI
           I  ********S*********S*********S*********S*T*******S*T*******SI
       6.23I  ********S*********S*********S*********S*T*******S*T*******SI      6.23
           I  ********S*********S*********S*********S*T*******S*T*******SI
           I  ********S*********S*********S*********S*T*******S*T*******SI
           I  ********S*********S*********S*********S*T*******S*T*******SI
       4.78I  ********S*********S*********S*********S*T*******S*T*******SI      4.78
           I *********S*********S*********S*********S*T*******S*T*******SI
           I *********S*********S*********S*********S*T*******S*T*******SI
           I *********S*********S*********S*********S*T*******S*T*******SI
       3.32I**********S*********S*********S*********S*T*******S*T*******SI      3.32
 ++++++++++I+++++++++++++++++++++++++++++++++++++++++++++++++++++++++++++I
            S=SEASONAL FREQUENCIES, T=TRADING DAY FREQUENCIES
        bps_permits 34620            PAGE  23, SERIES bps_permits_addi
 G 2  10*LOG(SPECTRUM) of the Modified Irregular (Table E3).  
      Spectrum estimated from 2018.Jul to 2026.Jun.
 ++++++++++I+++++++++++++++++++++++++++++++++++++++++++++++++++++++++++++I
      18.17I                      *                                      I     18.17
           I                      *                                      I
           I                      *                                      I
           I                      *                                      I
      17.20I                      *                                      I     17.20
           I                      *                    *                 I
           I                      *                    *                 I
           I                      *                    **                I
      16.22I                      *                    **   *            I     16.22
           I                      *                    **   *            I
           I                      *                    **   *            I
           I                      **                   **   *            I
      15.25I                      **                   **   *            I     15.25
           I                      **                   **  **            I
           I                      **                   **  **            I
           I                      **              *    **  **        *   I
      14.28I                  *   **              *    **  **        *   I     14.28
           I                  *  ***              *    **  **        *   I
           I                  *  ***              *    **  **        *   I
           I                  *  ***              *    **  **        *   I
      13.30I                  ** ***              *    **  **        *   I     13.30
           I               * *** ***              *    *******       *   I
           I               * *** ***   *          *    *******       *   I
           I              ** *** ***   *          *    *******       **  I
      12.33I              ** ***S***   *          *    *******       **  I     12.33
           I              ******S***   **         *    *******       **  I
           I              ******S***   **    *    *    *******       **  I
           I              ******S**** ***    *   **    *******       **  I
      11.36I              ******S**** ***    *   **    *******       **  I     11.36
           I              ******S**** ***    *   **    *******       **  I
           I              ******S**** ***    *   **   T*******       **  I
           I              ******S********   **   ***  T*******S      **  I
      10.38I              ******S********   **   ***  T*******S      **  I     10.38
           I              ******S*********  ***  ***  T*******S  *   **  I
           I              ******S*********  ***  ***  T*******S T*   **  I
           I              ******S*********  ***  ***  T*******S*T*   **  I
       9.41I             *******S*********  ***  ***  T*******S*T*  ***  I      9.41
           I        *    *******S********* ****  ***  T*******S*T*  ***  I
           I        **   *******S*********S****  ***  T*******S*T*  ***  I
           I       ***   *******S*********S**** ****  T*******S*T*  ***  I
       8.43I      ****   *******S*********S*********  T*******S*T** ***  I      8.43
           I      ****   *******S*********S*********S*T*******S*T** ***  I
           I      ****S  *******S*********S*********S*T*******S*T** ***  I
           I     *****S  *******S*********S*********S*T*******S*T******  I
       7.46I     *****S ********S*********S*********S*T*******S*T******  I      7.46
           I    ******S ********S*********S*********S*T*******S*T******* I
           I    ******S*********S*********S*********S*T*******S*T******* I
           I    ******S*********S*********S*********S*T*******S*T******* I
       6.49I   *******S*********S*********S*********S*T*******S*T******* I      6.49
           I   *******S*********S*********S*********S*T*******S*T******* I
           I  ********S*********S*********S*********S*T*******S*T******* I
           I  ********S*********S*********S*********S*T*******S*T*******SI
       5.51I**********S*********S*********S*********S*T*******S*T*******SI      5.51
 ++++++++++I+++++++++++++++++++++++++++++++++++++++++++++++++++++++++++++I
            S=SEASONAL FREQUENCIES, T=TRADING DAY FREQUENCIES
        bps_permits 34620            PAGE  24, SERIES bps_permits_addi

  Peak probabilities for Tukey spectrum estimator
  Spectrum estimated from 2018.Jul to 2026.Jun.

                                          S1       S2       S3       S4       S5       S6       TD
                                        ------   ------   ------   ------   ------   ------   ------
  Model Residuals                        0.915*   0.595    0.109    0.386    0.898    0.829    0.873  
  Original Series (Table A1 or B1)       0.369    0.135    0.708    0.277    0.417    0.727    0.090  
  Seasonally adjusted series (E2)        0.117    0.102    0.315    0.205    0.142    0.289    0.724  
  Modified Irregular (E3)                0.717    0.097    0.310    0.232    0.191    0.229    0.751  
  ----------
     ** - Peak Probability > 0.99,
      * - 0.90 < Peak Probability < 0.99


