  Reading input spec file from D:\Programming\Dynamic Paper-dlrhcs_replication\outputs\empirical\unemployment\raw_sa_pilot\x13_work\bps_permits_additive_level_25860_200401_202606.spc

1

               U. S. Department of Commerce, U. S. Census Bureau

              X-13ARIMA-SEATS monthly seasonal adjustment Method,
                          Release Version 1.1 Build 62


           This software application provides an enhanced version of
             Statistics Canada's X-11-ARIMA extension (Dagum, 1980)
                 of the X-11 variant of the Census Method II of
                      Shiskin, Young and Musgrave (1967).

            It also provides an ARIMA model-based method following
       Hillmer and Tiao (1982) and Burman (1980) that is very similar
       to the update of the method of SEATS (Gomez and Maravall, 1996)
                produced at the Bank of Spain by G. Caporello and
               A. Maravall for TSW (Caporello and Maravall, 2004).
          The present application includes additional enhancements.

         X-13ARIMA-SEATS includes an automatic ARIMA model selection procedure
          based largely on the procedure of Gomez and Maravall (1998)
            as implemented in TRAMO (1996) and subsequent revisions.

              Primary Programmers: Brian Monsell, Mark Otto and,
                 for the ARIMA model-based signal extraction,
                      Gianluca Caporello and Victor Gomez


     Series Title- bps_permits 25860
     Series Name- bps_permits_addi
     Jul 29, 2026  08.27.45 

        -Period covered-  1st month,2004 to  6th month,2026
        -Type of run - additive seasonal adjustment

        -Sigma limits for graduating extreme values are  1.5 and  2.5 .
        -3x3 moving average used in section 1 of each iteration, 
         3x5 moving average in section 2 of iterations B and C,
         moving average for final seasonal factors chosen by Global MSR.
        -Holiday adjustment factors applied directly to the final seasonally adjusted series
        -Spectral plots generated for selected series
        -Spectral plots generated for series starting in 2018.Jul

 FILE SAVE REQUESTS (* indicates file exists and will be overwritten)
  D:\Programming\Dynamic Paper-dlrhcs_replication\outputs\empirical\unemployment\raw_sa_pilot\x13_work\bps_permits_additive_level_25860_200401_202606.d10  final seasonal factors
  D:\Programming\Dynamic Paper-dlrhcs_replication\outputs\empirical\unemployment\raw_sa_pilot\x13_work\bps_permits_additive_level_25860_200401_202606.d11  final seasonally adjusted data
  D:\Programming\Dynamic Paper-dlrhcs_replication\outputs\empirical\unemployment\raw_sa_pilot\x13_work\bps_permits_additive_level_25860_200401_202606.out  program output file
  D:\Programming\Dynamic Paper-dlrhcs_replication\outputs\empirical\unemployment\raw_sa_pilot\x13_work\bps_permits_additive_level_25860_200401_202606.err  program error file
        bps_permits 25860            PAGE   1, SERIES bps_permits_addi

     Contents of spc file D:\Programming\Dynamic Paper-dlrhcs_replication\outputs\empirical\unemployment\raw_sa_pilot\x13_work\bps_permits_additive_level_25860_200401_202606.spc

 Line #
 ------
      1: series {
      2:   title = "bps_permits 25860"
      3:   start = 2004.1
      4:   period = 12
      5:   data = (
      6: 272
      7: 108
      8: 166
      9: 137
     10: 194
     11: 148
     12: 147
     13: 137
     14: 111
     15: 151
     16: 115
     17: 175
     18: 108
     19: 109
     20: 140
     21: 170
     22: 131
     23: 172
     24: 114
     25: 147
     26: 146
     27: 122
     28: 106
     29: 91
     30: 146
     31: 110
     32: 157
     33: 139
     34: 147
     35: 137
     36: 118
     37: 129
     38: 105
     39: 120
     40: 90
     41: 86
     42: 186
     43: 125
     44: 169
     45: 154
     46: 183
     47: 149
     48: 112
     49: 142
     50: 106
     51: 129
     52: 113
     53: 66
     54: 94
     55: 94
     56: 70
     57: 104
     58: 88
     59: 91
     60: 83
     61: 67
     62: 65
     63: 68
     64: 45
     65: 42
     66: 39
     67: 52
     68: 39
     69: 56
     70: 48
     71: 70
     72: 55
     73: 49
     74: 52
     75: 69
     76: 40
     77: 34
     78: 45
     79: 34
     80: 104
     81: 52
     82: 43
     83: 39
     84: 37
     85: 35
     86: 25
     87: 33
     88: 30
     89: 25
     90: 36
     91: 33
     92: 40
     93: 24
     94: 67
     95: 36
     96: 22
     97: 25
     98: 24
     99: 21
    100: 24
    101: 22
    102: 17
    103: 36
    104: 30
    105: 67
    106: 25
    107: 20
    108: 26
    109: 29
    110: 23
    111: 29
    112: 26
    113: 25
    114: 22
    115: 30
    116: 44
    117: 33
    118: 29
    119: 24
    120: 30
    121: 38
    122: 55
    123: 37
    124: 36
    125: 41
    126: 35
    127: 31
    128: 33
    129: 106
    130: 62
    131: 33
    132: 41
    133: 44
    134: 46
    135: 43
    136: 34
    137: 83
    138: 1
    139: 2
    140: 1
    141: 1
    142: 1
    143: 1
    144: 21
    145: 1
    146: 1
    147: 1
    148: 1
    149: 1
    150: 0
    151: 0
    152: 1
    153: 7
    154: 8
    155: 0
    156: 9
    157: 8
    158: 8
    159: 9
    160: 8
    161: 8
    162: 10
    163: 7
    164: 7
    165: 1
    166: 8
    167: 6
    168: 0
    169: 6
    170: 1
    171: 0
    172: 0
    173: 1
    174: 6
    175: 6
    176: 6
    177: 6
    178: 5
    179: 6
    180: 6
    181: 6
    182: 5
    183: 6
    184: 6
    185: 6
    186: 6
    187: 6
    188: 6
    189: 5
    190: 8
    191: 6
    192: 11
    193: 11
    194: 7
    195: 8
    196: 6
    197: 6
    198: 6
    199: 5
    200: 6
    201: 6
    202: 11
    203: 11
    204: 6
    205: 7
    206: 7
    207: 8
    208: 11
    209: 6
    210: 7
    211: 6
    212: 11
    213: 10
    214: 7
    215: 14
    216: 8
    217: 14
    218: 9
    219: 8
    220: 9
    221: 11
    222: 99
    223: 142
    224: 182
    225: 338
    226: 335
    227: 202
    228: 176
    229: 364
    230: 183
    231: 208
    232: 270
    233: 111
    234: 125
    235: 202
    236: 219
    237: 226
    238: 368
    239: 170
    240: 186
    241: 209
    242: 97
    243: 279
    244: 143
    245: 165
    246: 200
    247: 250
    248: 322
    249: 266
    250: 280
    251: 243
    252: 185
    253: 242
    254: 160
    255: 188
    256: 251
    257: 181
    258: 257
    259: 295
    260: 276
    261: 275
    262: 257
    263: 251
    264: 318
    265: 201
    266: 231
    267: 201
    268: 257
    269: 214
    270: 266
    271: 420
    272: 320
    273: 361
    274: 259
    275: 427
    276:   )
    277: }
    278: transform { function = none }
    279: regression { aictest = (td easter) }
    280: automdl {}
    281: x11 { mode = add save = (d10 d11) }
        bps_permits 25860            PAGE   2, SERIES bps_permits_addi

 A 1  Time series data (for the span analyzed)
  From  2004.Jan to 2026.Jun
  Observations        270
 -----------------------------------------------------------------------------
               Jan      Feb      Mar      Apr      May      Jun 
               Jul      Aug      Sep      Oct      Nov      Dec        TOTAL  
 -----------------------------------------------------------------------------
  2004         272.     108.     166.     137.     194.     148.
               147.     137.     111.     151.     115.     175.         1861.
 
  2005         108.     109.     140.     170.     131.     172.
               114.     147.     146.     122.     106.      91.         1556.
 
  2006         146.     110.     157.     139.     147.     137.
               118.     129.     105.     120.      90.      86.         1484.
 
  2007         186.     125.     169.     154.     183.     149.
               112.     142.     106.     129.     113.      66.         1634.
 
  2008          94.      94.      70.     104.      88.      91.
                83.      67.      65.      68.      45.      42.          911.
 
  2009          39.      52.      39.      56.      48.      70.
                55.      49.      52.      69.      40.      34.          603.
 
  2010          45.      34.     104.      52.      43.      39.
                37.      35.      25.      33.      30.      25.          502.
 
  2011          36.      33.      40.      24.      67.      36.
                22.      25.      24.      21.      24.      22.          374.
 
  2012          17.      36.      30.      67.      25.      20.
                26.      29.      23.      29.      26.      25.          353.
 
  2013          22.      30.      44.      33.      29.      24.
                30.      38.      55.      37.      36.      41.          419.
 
  2014          35.      31.      33.     106.      62.      33.
                41.      44.      46.      43.      34.      83.          591.
 
  2015           1.       2.       1.       1.       1.       1.
                21.       1.       1.       1.       1.       1.           33.
 
  2016           0.       0.       1.       7.       8.       0.
                 9.       8.       8.       9.       8.       8.           66.
 
  2017          10.       7.       7.       1.       8.       6.
                 0.       6.       1.       0.       0.       1.           47.
 
  2018           6.       6.       6.       6.       5.       6.
                 6.       6.       5.       6.       6.       6.           70.
 
  2019           6.       6.       6.       5.       8.       6.
                11.      11.       7.       8.       6.       6.           86.
 
  2020           6.       5.       6.       6.      11.      11.
                 6.       7.       7.       8.      11.       6.           90.
 
  2021           7.       6.      11.      10.       7.      14.
                 8.      14.       9.       8.       9.      11.          114.
 
  2022          99.     142.     182.     338.     335.     202.
               176.     364.     183.     208.     270.     111.         2610.
 
  2023         125.     202.     219.     226.     368.     170.
               186.     209.      97.     279.     143.     165.         2389.
 
  2024         200.     250.     322.     266.     280.     243.
               185.     242.     160.     188.     251.     181.         2768.
 
  2025         257.     295.     276.     275.     257.     251.
               318.     201.     231.     201.     257.     214.         3033.
 
  2026         266.     420.     320.     361.     259.     427.
                                                                         2053.
 
  AVGE          86.      91.     102.     111.     111.      98.
                78.      87.      67.      79.      74.      64.

  Table Total-       23647.   Mean-        88.   Std. Dev.-        95.
                              Min -         0.        Max -       427.
        bps_permits 25860            PAGE   3, SERIES bps_permits_addi
                        Automatic ARIMA Model Selection

                    Procedure based closely on TRAMO method 
                         of Gomez and Maravall (2000)
              "Automatic Modeling Methods for Univariate Series",
                            A Course in Time Series
                  (Edited by D. Pena, G. C. Tiao, R. S. Tsay),
                         New York : J. Wiley and Sons


     Maximum order for regular ARMA parameters :   2
     Maximum order for seasonal ARMA parameters :   1
     Maximum order for regular differencing :   2
     Maximum order for seasonal differencing :   1

   Results of Unit Root Test for identifying orders of differencing:
     Regular difference order :   1
     Seasonal difference order :   0

     Mean is not significant.

  Automatic model choice : (2 1 2)(1 0 0)
     Deleted Easter regressor(s) due to insignificant t-value.


  Final Checks for Identified Model


  Checking for Unit Roots.
   No unit roots found.

  Checking for nonseasonal overdifferencing.
   Nonseasonal MA not within  0.001 of 1.0 - model passes test.

  Checking for insignificant ARMA coefficients.

  Final automatic model choice : (2 1 2)(1 0 0)
   End of automatic model selection procedure.

 Average absolute percentage error in within-sample forecasts:
  Last year:  16.51      Last-1 year:  16.28     Last-2 year:  27.18
  Last three years:   19.99

 Estimation converged in   19 ARMA iterations,  139 function evaluations.

 Regression Model
 ------------------------------------------------------------------------------
                             Parameter        Standard
 Variable                     Estimate           Error      t-value
 ------------------------------------------------------------------------------
 Leap Year                     -5.3150        13.39344        -0.40

 1-Coefficient Trading Day
   Weekday                      1.6400         0.76770         2.14
 **Sat/Sun (derived)           -4.0999         1.91924        -2.14
 ------------------------------------------------------------------------------
 **For the one coefficient trading-day effect, the derived
   parameter estimate is obtained indirectly as minus -2.5 times
   the directly estimated parameter that defines the effect.


 Chi-squared Tests for Groups of Regressors
 ------------------------------------------------------------------------------
 Regression Effect                  df      Chi-Square      P-Value
 ------------------------------------------------------------------------------
 Combined Trading Day and Leap Year Regressors
                                     2            4.74         0.09


 F Tests for Trading Day Regressors 
 -----------------------------------------------------------------------
 Regression Effect                     df         F-statistic    P-Value
 -----------------------------------------------------------------------
 1-Coefficient Trading Day           1, 267            4.53         0.03


 ARIMA Model:  (2 1 2)(1 0 0)
   Nonseasonal differences: 1
                                              Standard
 Parameter                    Estimate          Errors
 -----------------------------------------------------
 Nonseasonal AR                                    
   Lag  1                      -1.2659         0.09343
   Lag  2                      -0.4173         0.09066

 Seasonal AR                                       
   Lag 12                       0.3201         0.06443

 Nonseasonal MA                                    
   Lag  1                      -0.7028         0.09737
   Lag  2                       0.2581         0.09600

 Variance                       0.13260E+04
 SE of Var                      0.11434E+03
 -----------------------------------------------------

 Likelihood Statistics
 ------------------------------------------------------------------
 Number of observations (nobs)                                  270
 Effective number of observations (nefobs)                      269
 Number of parameters estimated (np)                              8
 Log likelihood (L)                                      -1349.8463
 AIC                                                      2715.6927 
 AICC (F-corrected-AIC)                                   2716.2465 
 Hannan Quinn                                             2727.2418 
 BIC                                                      2744.4504 
 ------------------------------------------------------------------

 QS Statistic for regARIMA Model Residuals (full series):             0.00
                                                       (P-Value =     1.0000)

 QS Statistic for regARIMA Model Residuals (starting 2018.Jul):       2.92
                                                       (P-Value =     0.2321)


  At least one visually significant residual seasonal peaks has been
  found in the spectral plot of the following series starting in 2018.Jul:

          regARIMA model residuals (1 Seasonal peak(s))

      10*LOG(SPECTRUM) of the regARIMA model residuals
      Spectrum estimated from 2018.Jul to 2026.Jun.
 ++++++++++I+++++++++++++++++++++++++++++++++++++++++++++++++++++++++++++I
      39.31I          S                                                  I     39.31
           I          S                                                  I
           I          S                                                  I
           I          S                                                  I
      38.29I          S                        *                         I     38.29
           I          S                        *                         I
           I          S                        *   *                     I
           I      *   S                        *   *                     I
      37.27I      *   S          *             *   *                     I     37.27
           I      *   S*         *             *   *               *     I
           I      *   S*         *             *   *               *     I
           I      *   S*         *             *   *               *     I
      36.25I      *   S*         *             *   *               *     I     36.25
           I     **   S*        S*             *   *               *     I
           I    ***   S*        S*         *   *   *      *        *     I
           I    ***   S*     *  S*         *  ***  *    ***        *     I
      35.23I    ***   S*     *  S*         *  ***  *S   ****       *     I     35.23
           I    ***   S*     *  S*         *  ***  *S   ****       *     I
           I   *****  S*     ** S*         ** *** **S   ****       *     I
           I   *****  S*    ****S*         ** *** **S   ****       *     I
      34.21I   *****  S*    ****S*     *   ** *** **S   ****   *T  *     I     34.21
           I   *****  S*    ****S*     *   ** *** **S   ****   *T **     I
           I   ***** *S*    ****S*     *   ****** **S  *****   *T **    SI
           I   ***** *S*    ****S*     *   *********S  *****   *T **    SI
      33.19I   ***** *S*    ****S**    *  S*********S  *****   *T ***   SI     33.19
           I   ***** *S*    ****S**    *  S*********S* ******  *T ***   SI
           I   *******S*    ****S**    *  S*********S* ******  *T****   SI
           I   *******S*    ****S**    ** S*********S* ****** S*T****   SI
      32.18I   *******S*    ****S**    ** S*********S*T****** S*T****   SI     32.18
           I   *******S*    ****S**    ** S*********S*T****** S*T****   SI
           I   *******S*   *****S**    ***S*********S*T*******S*T****   SI
           I   *******S*   *****S**   ****S*********S*T*******S*T****   SI
      31.16I   *******S**  *****S**   ****S*********S*T*******S*T****   SI     31.16
           I   *******S**  *****S**   ****S*********S*T*******S*T****  *SI
           I   *******S**  *****S**   ****S*********S*T*******S*T****  *SI
           I   *******S**  *****S**   ****S*********S*T*******S*T****  *SI
      30.14I  ********S**  *****S**   ****S*********S*T*******S*T****  *SI     30.14
           I  ********S**  *****S**   ****S*********S*T*******S*T****  *SI
           I  ********S**  *****S**   ****S*********S*T*******S*T****  *SI
           I  ********S** ******S***  ****S*********S*T*******S*T***** *SI
      29.12I  ********S*********S***  ****S*********S*T*******S*T***** *SI     29.12
           I  ********S*********S***  ****S*********S*T*******S*T*******SI
           I  ********S*********S*** *****S*********S*T*******S*T*******SI
           I  ********S*********S*** *****S*********S*T*******S*T*******SI
      28.10I  ********S*********S*** *****S*********S*T*******S*T*******SI     28.10
           I  ********S*********S*********S*********S*T*******S*T*******SI
           I  ********S*********S*********S*********S*T*******S*T*******SI
           I  ********S*********S*********S*********S*T*******S*T*******SI
      27.08I *********S*********S*********S*********S*T*******S*T*******SI     27.08
           I *********S*********S*********S*********S*T*******S*T*******SI
           I *********S*********S*********S*********S*T*******S*T*******SI
           I *********S*********S*********S*********S*T*******S*T*******SI
      26.06I**********S*********S*********S*********S*T*******S*T*******SI     26.06
 ++++++++++I+++++++++++++++++++++++++++++++++++++++++++++++++++++++++++++I
            S=SEASONAL FREQUENCIES, T=TRADING DAY FREQUENCIES


 FORECASTING
  Origin  2026.Jun
  Number        12

  Forecasts and Standard Errors
   ------------------------------
                         Standard
       Date   Forecast      Error
   ------------------------------
   2026.Jul     380.31     36.428
   2026.Aug     324.44     39.765
   2026.Sep     382.30     43.337
   2026.Oct     319.88     49.585
   2026.Nov     384.03     51.785
   2026.Dec     338.28     56.967
   2027.Jan     371.58     59.374
   2027.Feb     409.46     63.230
   2027.Mar     394.32     65.720
   2027.Apr     396.32     68.885
   2027.May     362.07     71.473
   2027.Jun     419.50     74.188
   ------------------------------

  Confidence intervals with coverage probability ( 0.95000
   ---------------------------------------
       Date      Lower  Forecast     Upper
   ---------------------------------------
   2026.Jul     308.91    380.31    451.71
   2026.Aug     246.50    324.44    402.37
   2026.Sep     297.36    382.30    467.24
   2026.Oct     222.69    319.88    417.06
   2026.Nov     282.53    384.03    485.52
   2026.Dec     226.63    338.28    449.93
   2027.Jan     255.21    371.58    487.95
   2027.Feb     285.53    409.46    533.38
   2027.Mar     265.51    394.32    523.12
   2027.Apr     261.31    396.32    531.33
   2027.May     221.98    362.07    502.15
   2027.Jun     274.09    419.50    564.90
   ---------------------------------------
        bps_permits 25860            PAGE   4, SERIES bps_permits_addi

 A 6  RegARIMA trading day component
  From  2004.Jan to 2026.Jun
  Observations        270
 -----------------------------------------------------------------------------
               Jan      Feb      Mar      Apr      May      Jun 
               Jul      Aug      Sep      Oct      Nov      Dec         AVGE  
 -----------------------------------------------------------------------------
  2004          -1.      -8.       5.       3.      -7.       3.
                -1.      -1.       3.      -7.       3.       5.           -0.
 
  2005          -7.       1.       5.      -2.      -1.       3.
                -7.       5.       3.      -7.       3.      -1.           -0.
 
  2006          -1.       1.       5.      -8.       5.       3.
                -7.       5.      -2.      -1.       3.      -7.           -0.
 
  2007           5.       1.      -1.      -2.       5.      -2.
                -1.       5.      -8.       5.       3.      -7.            0.
 
  2008           5.      -2.      -7.       3.      -1.      -2.
                 5.      -7.       3.       5.      -8.       5.           -0.
 
  2009          -1.       1.      -1.       3.      -7.       3.
                 5.      -7.       3.      -1.      -2.       5.            0.
 
  2010          -7.       1.       5.       3.      -7.       3.
                -1.      -1.       3.      -7.       3.       5.            0.
 
  2011          -7.       1.       5.      -2.      -1.       3.
                -7.       5.       3.      -7.       3.      -1.           -0.
 
  2012          -1.      -2.      -1.      -2.       5.      -2.
                -1.       5.      -8.       5.       3.      -7.           -1.
 
  2013           5.       1.      -7.       3.       5.      -8.
                 5.      -1.      -2.       5.      -2.      -1.            0.
 
  2014           5.       1.      -7.       3.      -1.      -2.
                 5.      -7.       3.       5.      -8.       5.            0.
 
  2015          -1.       1.      -1.       3.      -7.       3.
                 5.      -7.       3.      -1.      -2.       5.            0.
 
  2016          -7.      -2.       5.      -2.      -1.       3.
                -7.       5.       3.      -7.       3.      -1.           -1.
 
  2017          -1.       1.       5.      -8.       5.       3.
                -7.       5.      -2.      -1.       3.      -7.           -0.
 
  2018           5.       1.      -1.      -2.       5.      -2.
                -1.       5.      -8.       5.       3.      -7.            0.
 
  2019           5.       1.      -7.       3.       5.      -8.
                 5.      -1.      -2.       5.      -2.      -1.            0.
 
  2020           5.      -8.      -1.       3.      -7.       3.
                 5.      -7.       3.      -1.      -2.       5.           -0.
 
  2021          -7.       1.       5.       3.      -7.       3.
                -1.      -1.       3.      -7.       3.       5.            0.
 
  2022          -7.       1.       5.      -2.      -1.       3.
                -7.       5.       3.      -7.       3.      -1.           -0.
 
  2023          -1.       1.       5.      -8.       5.       3.
                -7.       5.      -2.      -1.       3.      -7.           -0.
 
  2024           5.      -2.      -7.       3.       5.      -8.
                 5.      -1.      -2.       5.      -2.      -1.           -0.
 
  2025           5.       1.      -7.       3.      -1.      -2.
                 5.      -7.       3.       5.      -8.       5.            0.
 
  2026          -1.       1.      -1.       3.      -7.       3.
                                                                           -0.
 
  AVGE          -0.      -0.       0.       0.      -0.       0.
                -0.       0.       0.      -0.       0.      -0.

  Table Total-          -3.   Mean-        -0.   Std. Dev.-         4.
                              Min -        -8.        Max -         5.

 A 6.A  RegARIMA trading day component forecasts
  From  2026.Jul to 2027.Jun
  Observations         12
 -----------------------------------------------------------------------------
               Jan      Feb      Mar      Apr      May      Jun 
               Jul      Aug      Sep      Oct      Nov      Dec         AVGE  
 -----------------------------------------------------------------------------
  2026                                                          
                 5.      -7.       3.      -1.      -2.       5.            1.
 
  2027          -7.       1.       5.       3.      -7.       3.
                                                                           -0.
 
        bps_permits 25860            PAGE   5, SERIES bps_permits_addi
  
 B 1  Original series (prior adjusted)
      (adjusted for regARIMA factors)
  From  2004.Jan to 2026.Jun
  Observations        270
 -----------------------------------------------------------------------------
               Jan      Feb      Mar      Apr      May      Jun 
               Jul      Aug      Sep      Oct      Nov      Dec        TOTAL  
 -----------------------------------------------------------------------------
  2004         273.     116.     161.     134.     201.     145.
               148.     138.     108.     158.     112.     170.         1862.
 
  2005         115.     108.     135.     172.     132.     169.
               121.     142.     143.     129.     103.      92.         1559.
 
  2006         147.     109.     152.     147.     142.     134.
               125.     124.     107.     121.      87.      93.         1487.
 
  2007         181.     124.     170.     156.     178.     151.
               113.     137.     114.     124.     110.      73.         1631.
 
  2008          89.      96.      77.     101.      89.      93.
                78.      74.      62.      63.      53.      37.          912.
 
  2009          40.      51.      40.      53.      55.      67.
                50.      56.      49.      70.      42.      29.          600.
 
  2010          52.      33.      99.      49.      50.      36.
                38.      36.      22.      40.      27.      20.          499.
 
  2011          43.      32.      35.      26.      68.      33.
                29.      20.      21.      28.      21.      23.          377.
 
  2012          18.      38.      31.      69.      20.      22.
                27.      24.      31.      24.      23.      32.          359.
 
  2013          17.      29.      51.      30.      24.      32.
                25.      39.      57.      32.      38.      42.          416.
 
  2014          30.      30.      40.     103.      63.      35.
                36.      51.      43.      38.      42.      78.          588.
 
  2015           2.       1.       2.      -2.       8.      -2.
                16.       8.      -2.       2.       3.      -4.           30.
 
  2016           7.       2.      -4.       9.       9.      -3.
                16.       3.       5.      16.       5.       9.           72.
 
  2017          11.       6.       2.       9.       3.       3.
                 7.       1.       3.       1.      -3.       8.           50.
 
  2018           1.       5.       7.       8.       0.       8.
                 7.       1.      13.       1.       3.      13.           67.
 
  2019           1.       5.      13.       2.       3.      14.
                 6.      12.       9.       3.       8.       7.           83.
 
  2020           1.      13.       7.       3.      18.       8.
                 1.      14.       4.       9.      13.       1.           91.
 
  2021          14.       5.       6.       7.      14.      11.
                 9.      15.       6.      15.       6.       6.          111.
 
  2022         106.     141.     177.     340.     336.     199.
               183.     359.     180.     215.     267.     112.         2613.
 
  2023         126.     201.     214.     234.     363.     167.
               193.     204.      99.     280.     140.     172.         2392.
 
  2024         195.     252.     329.     263.     275.     251.
               180.     243.     162.     183.     253.     182.         2769.
 
  2025         252.     294.     283.     272.     258.     253.
               313.     208.     228.     196.     265.     209.         3030.
 
  2026         267.     419.     321.     358.     266.     424.
                                                                         2053.
 
  AVGE          86.      92.     102.     111.     112.      98.
                78.      87.      67.      79.      74.      64.

  Table Total-       23650.   Mean-        88.   Std. Dev.-        95.
                              Min -        -4.        Max -       424.

 B 1.A  Forecasts of (prior adjusted) original series
  From  2026.Jul to 2027.Jun
  Observations         12
 -----------------------------------------------------------------------------
               Jan      Feb      Mar      Apr      May      Jun 
               Jul      Aug      Sep      Oct      Nov      Dec        TOTAL  
 -----------------------------------------------------------------------------
  2026                                                          
               375.     331.     379.     321.     386.     333.         2126.
 
  2027         378.     408.     389.     393.     369.     416.
                                                                         2354.
 
        bps_permits 25860            PAGE   6, SERIES bps_permits_addi

 C 17  Final weights for irregular component
  From  2004.Jan to 2026.Jun
  Observations        270
  Lower sigma limit    1.50
  Upper sigma limit    2.50
 -----------------------------------------------------------------------------
               Jan      Feb      Mar      Apr      May      Jun 
               Jul      Aug      Sep      Oct      Nov      Dec         S.D.  
 -----------------------------------------------------------------------------
  2004           0.      45.     100.      41.       0.     100.
               100.     100.      35.     100.     100.       0.         1351.
 
  2005          15.     100.     100.      43.     100.     100.
               100.     100.     100.     100.     100.     100.         1351.
 
  2006         100.     100.     100.     100.     100.     100.
               100.     100.     100.     100.     100.     100.         1351.
 
  2007           0.     100.     100.     100.      57.     100.
                82.     100.     100.     100.     100.     100.         1011.
 
  2008         100.      93.       0.     100.     100.     100.
               100.     100.     100.     100.     100.     100.          791.
 
  2009         100.     100.      63.     100.     100.     100.
               100.     100.     100.     100.     100.     100.          786.
 
  2010         100.       0.       0.     100.     100.     100.
               100.     100.     100.     100.     100.     100.          700.
 
  2011          46.     100.     100.     100.       0.     100.
               100.     100.     100.     100.     100.     100.          728.
 
  2012         100.     100.     100.       0.      82.     100.
               100.     100.     100.     100.     100.     100.          724.
 
  2013         100.     100.       0.     100.     100.     100.
               100.     100.       0.     100.     100.     100.          742.
 
  2014         100.     100.     100.       0.     100.     100.
               100.     100.     100.     100.     100.       0.          717.
 
  2015           0.     100.     100.      91.     100.     100.
               100.     100.     100.     100.     100.     100.          678.
 
  2016         100.     100.     100.     100.     100.     100.
               100.     100.     100.     100.     100.     100.          550.
 
  2017         100.     100.     100.     100.     100.     100.
               100.     100.     100.     100.     100.     100.          586.
 
  2018         100.     100.     100.     100.      88.     100.
               100.     100.     100.     100.     100.       0.          548.
 
  2019         100.     100.     100.     100.      57.     100.
               100.     100.     100.     100.     100.      51.          849.
 
  2020         100.     100.     100.     100.     100.     100.
               100.     100.     100.     100.     100.     100.         1864.
 
  2021         100.     100.     100.     100.     100.     100.
               100.     100.     100.     100.     100.     100.         2349.
 
  2022         100.     100.     100.       0.      33.      64.
                 0.       0.     100.     100.      31.     100.         2593.
 
  2023         100.     100.     100.     100.       0.     100.
               100.     100.      56.       0.       0.     100.         2793.
 
  2024         100.     100.      60.     100.     100.     100.
               100.     100.     100.     100.     100.     100.         3313.
 
  2025         100.     100.     100.     100.     100.     100.
                43.     100.     100.     100.     100.     100.         3160.
 
  2026         100.       0.     100.     100.       0.     100.
                                                                         3160.
 
        bps_permits 25860            PAGE   7, SERIES bps_permits_addi

 D 8  Final unmodified SI ratios
  From  2004.Jan to 2026.Jun
  Observations        270
 -----------------------------------------------------------------------------
               Jan      Feb      Mar      Apr      May      Jun 
               Jul      Aug      Sep      Oct      Nov      Dec         AVGE  
 -----------------------------------------------------------------------------
  2004         114.     -36.      15.      -6.      65.      11.
                13.      -0.     -33.      16.     -28.      33.           14.
 
  2005         -18.     -22.       8.      46.       3.      37.
               -14.       6.       7.      -6.     -30.     -40.           -2.
 
  2006          16.     -21.      23.      20.      17.      11.
                 4.       6.     -10.       3.     -34.     -33.            0.
 
  2007          49.     -15.      27.      13.      37.      14.
               -20.       8.     -11.       4.      -5.     -35.            6.
 
  2008         -11.       3.     -12.      16.       7.      15.
                 2.       1.      -7.      -1.      -6.     -18.           -1.
 
  2009         -10.       4.      -5.       8.       7.      16.
                -3.       0.      -7.      15.     -11.     -23.           -1.
 
  2010           1.     -16.      52.       5.       9.      -2.
                 3.       2.     -11.       7.      -6.     -12.            3.
 
  2011          12.       1.       5.      -3.      39.       5.
                 1.      -6.      -4.       3.      -4.      -3.            4.
 
  2012          -9.      11.       4.      43.      -6.      -3.
                 1.      -2.       5.      -2.      -3.       5.            4.
 
  2013          -9.       2.      24.       3.      -4.       3.
                -6.       6.      24.      -3.       3.       6.            4.
 
  2014          -8.     -12.      -5.      56.      16.     -11.
                -8.       8.       3.       1.       8.      50.            8.
 
  2015         -19.     -13.      -6.      -7.       4.      -6.
                13.       5.      -4.       1.       3.      -5.           -3.
 
  2016           4.      -2.      -9.       4.       3.      -8.
                10.      -3.      -2.       8.      -4.      -0.            0.
 
  2017           2.      -2.      -5.       4.      -1.      -0.
                 5.      -0.       2.      -1.      -6.       4.           -0.
 
  2018          -4.      -1.       2.       3.      -5.       4.
                 2.      -4.       9.      -3.      -1.       9.            1.
 
  2019          -2.       0.       7.      -4.      -3.       7.
                -1.       4.      -0.      -8.      -3.      -4.           -1.
 
  2020          -8.       7.       3.       2.      19.       9.
                 0.       8.      -9.     -10.     -10.     -22.           -1.
 
  2021          -4.      -4.       7.      15.      24.      19.
                11.      11.      -8.     -14.     -42.     -67.           -4.
 
  2022           2.       4.       8.     145.     121.     -29.
               -54.     120.     -54.      -9.      57.     -85.           19.
 
  2023         -59.      23.      39.      58.     185.     -13.
                11.      18.     -94.      77.     -73.     -50.           10.
 
  2024         -34.      19.      95.      32.      49.      29.
               -40.      23.     -63.     -50.      12.     -67.            0.
 
  2025           1.      45.      37.      31.      20.      14.
                70.     -40.     -24.     -60.       5.     -56.            4.
 
  2026          -8.     130.      15.      32.     -79.      63.
                                                                           26.
 
  AVGE          -0.       5.      14.      22.      23.       8.
                 0.       8.     -13.      -1.      -8.     -19.

  Table Total-         918.   Mean-         3.   Std. Dev.-        32.
                              Min -       -94.        Max -       185.
        bps_permits 25860            PAGE   8, SERIES bps_permits_addi

 D 8.B  Final unmodified SI ratios, with labels for outliers and extreme values
  From  2004.Jan to 2026.Jun
  Observations        270
 ---------------------------------------------------------------------
               Jan       Feb       Mar       Apr       May       Jun  
               Jul       Aug       Sep       Oct       Nov       Dec  
 ---------------------------------------------------------------------
  2004        114.*     -36.*      15.       -6.*      65.*      11.  
               13.       -0.      -33.*      16.      -28.       33.* 
 
  2005        -18.*     -22.        8.       46.*       3.       37.  
              -14.        6.        7.       -6.      -30.      -40.  
 
  2006         16.      -21.       23.       20.       17.       11.  
                4.        6.      -10.        3.      -34.      -33.  
 
  2007         49.*     -15.       27.       13.       37.*      14.  
              -20.*       8.      -11.        4.       -5.      -35.  
 
  2008        -11.        3.*     -12.*      16.        7.       15.  
                2.        1.       -7.       -1.       -6.      -18.  
 
  2009        -10.        4.       -5.*       8.        7.       16.  
               -3.        0.       -7.       15.      -11.      -23.  
 
  2010          1.      -16.*      52.*       5.        9.       -2.  
                3.        2.      -11.        7.       -6.      -12.  
 
  2011         12.*       1.        5.       -3.       39.*       5.  
                1.       -6.       -4.        3.       -4.       -3.  
 
  2012         -9.       11.        4.       43.*      -6.*      -3.  
                1.       -2.        5.       -2.       -3.        5.  
 
  2013         -9.        2.       24.*       3.       -4.        3.  
               -6.        6.       24.*      -3.        3.        6.  
 
  2014         -8.      -12.       -5.       56.*      16.      -11.  
               -8.        8.        3.        1.        8.       50.* 
 
  2015        -19.*     -13.       -6.       -7.*       4.       -6.  
               13.        5.       -4.        1.        3.       -5.  
 
  2016          4.       -2.       -9.        4.        3.       -8.  
               10.       -3.       -2.        8.       -4.       -0.  
 
  2017          2.       -2.       -5.        4.       -1.       -0.  
                5.       -0.        2.       -1.       -6.        4.  
 
  2018         -4.       -1.        2.        3.       -5.*       4.  
                2.       -4.        9.       -3.       -1.        9.* 
 
  2019         -2.        0.        7.       -4.       -3.*       7.  
               -1.        4.       -0.       -8.       -3.       -4.* 
 
  2020         -8.        7.        3.        2.       19.        9.  
                0.        8.       -9.      -10.      -10.      -22.  
 
  2021         -4.       -4.        7.       15.       24.       19.  
               11.       11.       -8.      -14.      -42.      -67.  
 
  2022          2.        4.        8.      145.*     121.*     -29.* 
              -54.*     120.*     -54.       -9.       57.*     -85.  
 
  2023        -59.       23.       39.       58.      185.*     -13.  
               11.       18.      -94.*      77.*     -73.*     -50.  
 
  2024        -34.       19.       95.*      32.       49.       29.  
              -40.       23.      -63.      -50.       12.      -67.  
 
  2025          1.       45.       37.       31.       20.       14.  
               70.*     -40.      -24.      -60.        5.      -56.  
 
  2026         -8.      130.*      15.       32.      -79.*      63.  
                                                                      
 

  Key to symbols:
    *  : extreme value as determined by X-11 extreme value procedure
 
        bps_permits 25860            PAGE   9, SERIES bps_permits_addi

 D 9  Final replacement values for SI ratios
  From  2004.Jan to 2026.Jun
  Observations        270
 ---------------------------------------------------------------
               Jan      Feb      Mar      Apr      May      Jun 
               Jul      Aug      Sep      Oct      Nov      Dec 
 ---------------------------------------------------------------
  2004          26.     -21. ********      11.      19. ********
           ******** ********     -14. ******** ********     -33.
 
  2005           9. ******** ********      30. ******** ********
           ******** ******** ******** ******** ******** ********
 
  2006     ******** ******** ******** ******** ******** ********
           ******** ******** ******** ******** ******** ********
 
  2007           6. ******** ******** ********      29. ********
               -17. ******** ******** ******** ******** ********
 
  2008     ********       2.      10. ******** ******** ********
           ******** ******** ******** ******** ******** ********
 
  2009     ******** ********       0. ******** ******** ********
           ******** ******** ******** ******** ******** ********
 
  2010     ********       2.       8. ******** ******** ********
           ******** ******** ******** ******** ******** ********
 
  2011           4. ******** ******** ********       7. ********
           ******** ******** ******** ******** ******** ********
 
  2012     ******** ******** ********       7.      -4. ********
           ******** ******** ******** ******** ******** ********
 
  2013     ******** ********      -0. ******** ******** ********
           ******** ********       5. ******** ******** ********
 
  2014     ******** ******** ********       7. ******** ********
           ******** ******** ******** ******** ********       5.
 
  2015          -1. ******** ********      -6. ******** ********
           ******** ******** ******** ******** ******** ********
 
  2016     ******** ******** ******** ******** ******** ********
           ******** ******** ******** ******** ******** ********
 
  2017     ******** ******** ******** ******** ******** ********
           ******** ******** ******** ******** ******** ********
 
  2018     ******** ******** ******** ********      -4. ********
           ******** ******** ******** ******** ********      -9.
 
  2019     ******** ******** ******** ********       4. ********
           ******** ******** ******** ******** ********     -12.
 
  2020     ******** ******** ******** ******** ******** ********
           ******** ******** ******** ******** ******** ********
 
  2021     ******** ******** ******** ******** ******** ********
           ******** ******** ******** ******** ******** ********
 
  2022     ******** ******** ********      40.      83.     -12.
                12.      19. ******** ********      17. ********
 
  2023     ******** ******** ******** ********      60. ********
           ******** ********     -70.     -34.      -3. ********
 
  2024     ******** ********      70. ******** ******** ********
           ******** ******** ******** ******** ******** ********
 
  2025     ******** ******** ******** ******** ******** ********
                33. ******** ******** ******** ******** ********
 
  2026     ********      46. ******** ********      23. ********
                                                                
 

 D 9.A  Moving seasonality ratio
 ---------------------------------------------------------------
               Jan      Feb      Mar      Apr      May      Jun 
 ---------------------------------------------------------------
   I         11.566    6.501   10.511    8.696   12.350   13.191
   S          2.314    3.149    3.037    2.697    2.960    2.729
 RATIO        4.999    2.065    3.461    3.224    4.172    4.833



 ---------------------------------------------------------------
               Jul      Aug      Sep      Oct      Nov      Dec 
 ---------------------------------------------------------------
   I         14.648    6.974   10.081    6.827   11.466   10.254
   S          1.428    1.133    3.359    2.618    2.622    5.149
 RATIO       10.260    6.153    3.001    2.607    4.373    1.991



        bps_permits 25860            PAGE  10, SERIES bps_permits_addi

 D 10  Final seasonal factors
  From  2004.Jan to 2026.Jun
  Observations        270
  Seasonal filter    3 x 5 moving average
 -----------------------------------------------------------------------------
               Jan      Feb      Mar      Apr      May      Jun 
               Jul      Aug      Sep      Oct      Nov      Dec         AVGE  
 -----------------------------------------------------------------------------
  2004          15.     -21.      17.      19.      15.      18.
                -2.       4.      -7.       4.     -27.     -36.            0.
 
  2005          13.     -19.      17.      19.      15.      18.
                -3.       4.      -7.       4.     -25.     -34.            0.
 
  2006           8.     -15.      16.      18.      15.      18.
                -4.       4.      -7.       3.     -21.     -32.            0.
 
  2007           4.     -10.      15.      16.      14.      15.
                -4.       4.      -8.       4.     -17.     -28.            0.
 
  2008           0.      -5.      13.      13.      13.      13.
                -4.       3.      -8.       4.     -12.     -24.            0.
 
  2009          -2.      -1.      10.       9.      10.       9.
                -2.       1.      -8.       5.      -8.     -17.            1.
 
  2010          -4.       3.       7.       6.       7.       6.
                -1.      -0.      -5.       4.      -6.     -11.            0.
 
  2011          -5.       3.       4.       5.       5.       3.
                -1.       0.      -3.       3.      -4.      -5.            0.
 
  2012          -5.       1.       2.       3.       4.      -0.
                -1.       1.      -1.       2.      -1.      -1.            0.
 
  2013          -5.      -1.      -0.       3.       4.      -3.
                -0.       2.       1.       1.       1.       1.            0.
 
  2014          -4.      -3.      -3.       2.       4.      -4.
                 2.       3.       1.       1.       1.       2.            0.
 
  2015          -3.      -5.      -4.       2.       4.      -4.
                 3.       2.       1.       1.       1.       1.           -0.
 
  2016          -2.      -5.      -4.       2.       3.      -3.
                 4.       2.       1.       1.      -0.      -1.           -0.
 
  2017          -1.      -3.      -3.       1.       3.      -1.
                 5.       1.       1.      -1.      -2.      -5.           -0.
 
  2018          -2.      -1.      -0.       2.       5.       4.
                 5.       2.       0.      -3.      -7.     -12.           -1.
 
  2019          -3.      -0.       2.       5.      12.       5.
                 5.       5.      -4.      -6.      -9.     -24.           -1.
 
  2020          -8.       1.       6.      12.      24.       5.
                 6.       9.     -13.     -10.     -10.     -37.           -1.
 
  2021         -14.       5.      14.      21.      37.       5.
                 5.      13.     -27.     -16.      -7.     -49.           -1.
 
  2022         -19.      10.      23.      29.      44.       6.
                 5.      12.     -37.     -24.      -5.     -57.           -1.
 
  2023         -21.      17.      30.      35.      48.      10.
                 4.       6.     -43.     -34.      -0.     -62.           -1.
 
  2024         -20.      26.      34.      37.      43.      18.
                 4.      -4.     -43.     -43.       3.     -61.           -0.
 
  2025         -17.      33.      36.      36.      35.      29.
                 2.     -13.     -40.     -51.       5.     -58.           -0.
 
  2026         -12.      37.      34.      34.      26.      38.
                                                                           26.
 
  AVGE          -5.       2.      12.      14.      17.       9.
                 1.       3.     -12.      -7.      -7.     -25.

  Table Total-         115.   Mean-         0.   Std. Dev.-        17.
                              Min -       -62.        Max -        48.

 D 10.A  Final seasonal component forecasts
  From  2026.Jul to 2027.Jun
  Observations         12
 -----------------------------------------------------------------------------
               Jan      Feb      Mar      Apr      May      Jun 
               Jul      Aug      Sep      Oct      Nov      Dec         AVGE  
 -----------------------------------------------------------------------------
  2026                                                          
                 1.     -17.     -37.     -55.       5.     -56.          -27.
 
  2027          -7.      39.      32.      32.      22.      43.
                                                                           27.
 
        bps_permits 25860            PAGE  11, SERIES bps_permits_addi
  
 D 11  Final seasonally adjusted data
       (also adjusted for trading day)
  From  2004.Jan to 2026.Jun
  Observations        270
 -----------------------------------------------------------------------------
               Jan      Feb      Mar      Apr      May      Jun 
               Jul      Aug      Sep      Oct      Nov      Dec        TOTAL  
 -----------------------------------------------------------------------------
  2004         258.     137.     144.     115.     185.     126.
               150.     133.     114.     153.     139.     206.         1861.
 
  2005         102.     126.     118.     154.     116.     151.
               123.     138.     150.     125.     127.     126.         1556.
 
  2006         139.     124.     136.     129.     127.     116.
               129.     120.     114.     118.     108.     125.         1483.
 
  2007         177.     134.     155.     140.     164.     136.
               117.     133.     122.     120.     127.     101.         1626.
 
  2008          89.     102.      64.      88.      76.      81.
                82.      71.      70.      59.      65.      61.          907.
 
  2009          42.      51.      30.      43.      44.      58.
                52.      55.      57.      65.      51.      46.          594.
 
  2010          55.      30.      92.      42.      43.      29.
                39.      36.      27.      35.      32.      31.          493.
 
  2011          47.      28.      31.      22.      63.      30.
                30.      20.      24.      24.      24.      28.          371.
 
  2012          22.      37.      29.      66.      16.      23.
                28.      23.      32.      22.      24.      33.          355.
 
  2013          22.      30.      51.      27.      20.      35.
                25.      37.      57.      31.      37.      40.          413.
 
  2014          34.      33.      42.     101.      59.      39.
                34.      48.      42.      37.      41.      76.          587.
 
  2015           5.       5.       6.      -5.       4.       2.
                13.       5.      -3.       1.       3.      -5.           31.
 
  2016           8.       7.       0.       8.       6.      -0.
                11.       1.       4.      15.       5.      10.           76.
 
  2017          12.       9.       5.       8.      -0.       3.
                 2.      -0.       2.       2.      -1.      12.           54.
 
  2018           3.       6.       7.       7.      -4.       5.
                 2.      -1.      13.       4.       9.      24.           75.
 
  2019           4.       5.      11.      -4.      -9.       9.
                 1.       7.      13.       9.      17.      30.           93.
 
  2020           9.      12.       0.     -10.      -6.       2.
                -5.       5.      17.      19.      23.      38.          104.
 
  2021          27.       0.      -8.     -14.     -23.       6.
                 4.       2.      32.      30.      13.      55.          124.
 
  2022         125.     131.     154.     311.     291.     193.
               178.     347.     217.     239.     272.     169.         2626.
 
  2023         146.     183.     184.     199.     316.     156.
               189.     198.     142.     314.     140.     233.         2401.
 
  2024         215.     227.     294.     225.     232.     233.
               176.     247.     205.     227.     251.     243.         2775.
 
  2025         269.     261.     247.     236.     223.     224.
               311.     220.     268.     247.     260.     267.         3033.
 
  2026         279.     382.     286.     324.     239.     385.
                                                                         1896.
 
  AVGE          91.      90.      90.      96.      95.      89.
                77.      84.      78.      86.      80.      89.

  Table Total-       23534.   Mean-        87.   Std. Dev.-        92.
                              Min -       -23.        Max -       385.
        bps_permits 25860            PAGE  12, SERIES bps_permits_addi

 D 12  Final trend cycle
  From  2004.Jan to 2026.Jun
  Observations        270
  Trend filter    13-term Henderson moving average
  I/C ratio        2.98
 -----------------------------------------------------------------------------
               Jan      Feb      Mar      Apr      May      Jun 
               Jul      Aug      Sep      Oct      Nov      Dec        TOTAL  
 -----------------------------------------------------------------------------
  2004         157.     151.     145.     140.     137.     135.
               137.     139.     141.     141.     140.     136.         1699.
 
  2005         132.     129.     127.     127.     130.     133.
               136.     136.     135.     133.     131.     130.         1580.
 
  2006         130.     130.     130.     129.     127.     124.
               121.     118.     116.     116.     118.     124.         1483.
 
  2007         131.     139.     144.     146.     143.     139.
               134.     129.     124.     119.     114.     107.         1568.
 
  2008         100.      93.      88.      85.      82.      79.
                76.      73.      69.      65.      60.      55.          925.
 
  2009          49.      46.      44.      44.      46.      50.
                54.      56.      57.      56.      55.      53.          611.
 
  2010          51.      49.      46.      43.      40.      37.
                35.      33.      33.      33.      33.      33.          466.
 
  2011          32.      31.      30.      29.      28.      27.
                26.      25.      24.      24.      25.      27.          328.
 
  2012          28.      29.      28.      27.      26.      25.
                25.      25.      26.      26.      27.      27.          318.
 
  2013          27.      26.      26.      26.      27.      29.
                31.      33.      35.      36.      36.      36.          368.
 
  2014          38.      40.      43.      46.      46.      46.
                45.      43.      41.      39.      35.      28.          492.
 
  2015          20.      12.       6.       3.       2.       3.
                 4.       3.       2.       1.       1.       2.           60.
 
  2016           3.       4.       5.       5.       5.       5.
                 5.       6.       7.       8.       9.      10.           71.
 
  2017          10.       9.       7.       5.       4.       2.
                 1.       1.       1.       2.       4.       5.           51.
 
  2018           6.       6.       5.       4.       3.       2.
                 3.       4.       5.       7.       7.       7.           60.
 
  2019           6.       5.       3.       2.       2.       3.
                 5.       7.      11.      14.      15.      15.           88.
 
  2020          12.       7.       2.      -3.      -5.      -4.
                 0.       7.      15.      22.      25.      24.          102.
 
  2021          17.       7.      -3.     -10.     -10.      -6.
                 0.       7.      15.      26.      43.      67.          154.
 
  2022          99.     135.     170.     200.     221.     234.
               241.     241.     234.     220.     205.     191.         2390.
 
  2023         181.     177.     177.     180.     183.     183.
               182.     184.     189.     198.     209.     220.         2263.
 
  2024         230.     237.     238.     235.     229.     222.
               217.     216.     221.     231.     242.     251.         2769.
 
  2025         254.     252.     247.     241.     237.     237.
               240.     245.     250.     255.     261.     267.         2986.
 
  2026         277.     290.     306.     325.     343.     360.
                                                                         1901.
 
  AVGE          86.      87.      88.      88.      89.      90.
                78.      79.      80.      81.      82.      82.

  Table Total-       22731.   Mean-        84.   Std. Dev.-        87.
                              Min -       -10.        Max -       360.
        bps_permits 25860            PAGE  13, SERIES bps_permits_addi

 D 13  Final irregular component
  From  2004.Jan to 2026.Jun
  Observations        270
 -----------------------------------------------------------------------------
               Jan      Feb      Mar      Apr      May      Jun 
               Jul      Aug      Sep      Oct      Nov      Dec         S.D.  
 -----------------------------------------------------------------------------
  2004         101.     -15.      -2.     -26.      49.      -9.
                13.      -6.     -27.      12.      -1.      70.           40.
 
  2005         -30.      -2.      -9.      27.     -14.      17.
               -13.       2.      15.      -8.      -4.      -4.           15.
 
  2006           8.      -6.       6.       0.       1.      -8.
                 8.       2.      -2.       2.     -11.       1.            6.
 
  2007          46.      -5.      11.      -5.      21.      -2.
               -17.       5.      -2.       1.      13.      -6.           16.
 
  2008         -11.       9.     -24.       3.      -6.       1.
                 6.      -2.       0.      -6.       5.       6.            9.
 
  2009          -7.       6.     -14.      -0.      -2.       8.
                -2.      -2.      -1.       9.      -4.      -7.            6.
 
  2010           4.     -19.      47.      -1.       3.      -8.
                 4.       3.      -6.       2.      -1.      -2.           15.
 
  2011          15.      -3.       1.      -7.      35.       3.
                 3.      -5.      -1.       1.      -1.       1.           12.
 
  2012          -6.       8.       1.      39.     -10.      -2.
                 3.      -2.       6.      -4.      -3.       6.           12.
 
  2013          -5.       3.      25.       1.      -7.       7.
                -6.       4.      22.      -4.       2.       4.           10.
 
  2014          -4.      -7.      -1.      55.      13.      -7.
               -10.       5.       0.      -2.       6.      48.           22.
 
  2015         -15.      -6.       0.      -8.       2.      -1.
                 9.       2.      -6.      -0.       2.      -6.            6.
 
  2016           5.       3.      -5.       3.       1.      -5.
                 6.      -4.      -3.       7.      -4.       0.            4.
 
  2017           3.       0.      -2.       3.      -4.       1.
                 1.      -1.       1.      -1.      -5.       7.            3.
 
  2018          -3.      -0.       2.       3.      -7.       3.
                -1.      -5.       7.      -2.       2.      17.            6.
 
  2019          -2.       0.       7.      -6.     -11.       6.
                -3.      -1.       2.      -5.       2.      16.            7.
 
  2020          -3.       5.      -1.      -7.      -2.       6.
                -5.      -2.       2.      -3.      -2.      14.            6.
 
  2021          10.      -7.      -5.      -5.     -13.      12.
                 4.      -5.      17.       4.     -30.     -12.           13.
 
  2022          25.      -4.     -16.     111.      71.     -41.
               -63.     106.     -17.      18.      67.     -22.           58.
 
  2023         -35.       6.       6.      19.     133.     -26.
                 7.      15.     -47.     115.     -69.      14.           58.
 
  2024         -15.     -10.      56.     -10.       4.      11.
               -41.      31.     -16.      -5.       9.      -9.           24.
 
  2025          15.       9.      -0.      -5.     -14.     -13.
                72.     -25.      18.      -8.      -1.      -0.           24.
 
  2026           2.      91.     -20.      -1.    -104.      26.
                                                                           58.
 
  S.D.          27.      20.      18.      29.      41.      14.
                23.      24.      15.      25.      22.      20.

  Table Total-         803.   Mean-         3.   Std. Dev.-        24.
                              Min -      -104.        Max -       133.
        bps_permits 25860            PAGE  14, SERIES bps_permits_addi
  
 D 16  Combined adjustment factors
       (includes seasonal, trading day factors)
  From  2004.Jan to 2026.Jun
  Observations        270
 -----------------------------------------------------------------------------
               Jan      Feb      Mar      Apr      May      Jun 
               Jul      Aug      Sep      Oct      Nov      Dec         AVGE  
 -----------------------------------------------------------------------------
  2004          14.     -29.      22.      22.       9.      22.
                -3.       4.      -3.      -2.     -24.     -31.            0.
 
  2005           6.     -17.      22.      16.      15.      21.
                -9.       9.      -4.      -3.     -21.     -35.           -0.
 
  2006           7.     -14.      21.      10.      20.      21.
               -11.       9.      -9.       2.     -18.     -39.            0.
 
  2007           9.      -9.      14.      14.      19.      13.
                -5.       9.     -16.       9.     -14.     -35.            1.
 
  2008           5.      -8.       6.      16.      12.      10.
                 1.      -4.      -5.       9.     -20.     -19.            0.
 
  2009          -3.       1.       9.      13.       4.      12.
                 3.      -6.      -5.       4.     -11.     -12.            1.
 
  2010         -10.       4.      12.      10.       0.      10.
                -2.      -1.      -2.      -2.      -2.      -6.            1.
 
  2011         -11.       5.       9.       2.       4.       6.
                -8.       5.       0.      -3.      -0.      -6.            0.
 
  2012          -5.      -1.       1.       1.       9.      -3.
                -2.       6.      -9.       7.       2.      -8.           -0.
 
  2013           0.       0.      -7.       6.       9.     -11.
                 5.       1.      -2.       6.      -1.       1.            1.
 
  2014           1.      -2.      -9.       5.       3.      -6.
                 7.      -4.       4.       6.      -7.       7.            0.
 
  2015          -4.      -3.      -5.       6.      -3.      -1.
                 8.      -4.       4.       0.      -2.       6.            0.
 
  2016          -8.      -7.       1.      -1.       2.       0.
                -2.       7.       4.      -6.       3.      -2.           -1.
 
  2017          -2.      -2.       2.      -7.       8.       3.
                -2.       6.      -1.      -2.       1.     -11.           -1.
 
  2018           3.      -0.      -1.      -1.       9.       1.
                 4.       7.      -8.       2.      -3.     -18.           -0.
 
  2019           2.       1.      -5.       9.      17.      -3.
                10.       4.      -6.      -1.     -11.     -24.           -1.
 
  2020          -3.      -7.       6.      16.      17.       9.
                11.       2.     -10.     -11.     -12.     -32.           -1.
 
  2021         -20.       6.      19.      24.      30.       8.
                 4.      12.     -23.     -22.      -4.     -44.           -1.
 
  2022         -26.      11.      28.      27.      44.       9.
                -2.      17.     -34.     -31.      -2.     -58.           -1.
 
  2023         -21.      19.      35.      27.      52.      14.
                -3.      11.     -45.     -35.       3.     -68.           -1.
 
  2024         -15.      23.      28.      41.      48.      10.
                 9.      -5.     -45.     -39.       0.     -62.           -1.
 
  2025         -12.      34.      29.      39.      34.      27.
                 7.     -19.     -37.     -46.      -3.     -53.            0.
 
  2026         -13.      38.      34.      37.      20.      42.
                                                                           26.
 
  AVGE          -5.       2.      12.      14.      17.       9.
                 1.       3.     -11.      -7.      -7.     -25.

  Table Total-         113.   Mean-         0.   Std. Dev.-        18.
                              Min -       -68.        Max -        52.

 D 16.A  Combined adjustment component forecasts
  From  2026.Jul to 2027.Jun
  Observations         12
 -----------------------------------------------------------------------------
               Jan      Feb      Mar      Apr      May      Jun 
               Jul      Aug      Sep      Oct      Nov      Dec         AVGE  
 -----------------------------------------------------------------------------
  2026                                                          
                 6.     -23.     -34.     -56.       2.     -52.          -26.
 
  2027         -13.      40.      37.      35.      15.      46.
                                                                           27.
 
        bps_permits 25860            PAGE  15, SERIES bps_permits_addi
  
 D 18  Combined calendar adjustment factors
       (includes trading day factors)
  From  2004.Jan to 2026.Jun
  Observations        270
 -----------------------------------------------------------------------------
               Jan      Feb      Mar      Apr      May      Jun 
               Jul      Aug      Sep      Oct      Nov      Dec         AVGE  
 -----------------------------------------------------------------------------
  2004          -1.      -8.       5.       3.      -7.       3.
                -1.      -1.       3.      -7.       3.       5.           -0.
 
  2005          -7.       1.       5.      -2.      -1.       3.
                -7.       5.       3.      -7.       3.      -1.           -0.
 
  2006          -1.       1.       5.      -8.       5.       3.
                -7.       5.      -2.      -1.       3.      -7.           -0.
 
  2007           5.       1.      -1.      -2.       5.      -2.
                -1.       5.      -8.       5.       3.      -7.            0.
 
  2008           5.      -2.      -7.       3.      -1.      -2.
                 5.      -7.       3.       5.      -8.       5.           -0.
 
  2009          -1.       1.      -1.       3.      -7.       3.
                 5.      -7.       3.      -1.      -2.       5.            0.
 
  2010          -7.       1.       5.       3.      -7.       3.
                -1.      -1.       3.      -7.       3.       5.            0.
 
  2011          -7.       1.       5.      -2.      -1.       3.
                -7.       5.       3.      -7.       3.      -1.           -0.
 
  2012          -1.      -2.      -1.      -2.       5.      -2.
                -1.       5.      -8.       5.       3.      -7.           -1.
 
  2013           5.       1.      -7.       3.       5.      -8.
                 5.      -1.      -2.       5.      -2.      -1.            0.
 
  2014           5.       1.      -7.       3.      -1.      -2.
                 5.      -7.       3.       5.      -8.       5.            0.
 
  2015          -1.       1.      -1.       3.      -7.       3.
                 5.      -7.       3.      -1.      -2.       5.            0.
 
  2016          -7.      -2.       5.      -2.      -1.       3.
                -7.       5.       3.      -7.       3.      -1.           -1.
 
  2017          -1.       1.       5.      -8.       5.       3.
                -7.       5.      -2.      -1.       3.      -7.           -0.
 
  2018           5.       1.      -1.      -2.       5.      -2.
                -1.       5.      -8.       5.       3.      -7.            0.
 
  2019           5.       1.      -7.       3.       5.      -8.
                 5.      -1.      -2.       5.      -2.      -1.            0.
 
  2020           5.      -8.      -1.       3.      -7.       3.
                 5.      -7.       3.      -1.      -2.       5.           -0.
 
  2021          -7.       1.       5.       3.      -7.       3.
                -1.      -1.       3.      -7.       3.       5.            0.
 
  2022          -7.       1.       5.      -2.      -1.       3.
                -7.       5.       3.      -7.       3.      -1.           -0.
 
  2023          -1.       1.       5.      -8.       5.       3.
                -7.       5.      -2.      -1.       3.      -7.           -0.
 
  2024           5.      -2.      -7.       3.       5.      -8.
                 5.      -1.      -2.       5.      -2.      -1.           -0.
 
  2025           5.       1.      -7.       3.      -1.      -2.
                 5.      -7.       3.       5.      -8.       5.            0.
 
  2026          -1.       1.      -1.       3.      -7.       3.
                                                                           -0.
 
  AVGE          -0.      -0.       0.       0.      -0.       0.
                -0.       0.       0.      -0.       0.      -0.

  Table Total-          -3.   Mean-        -0.   Std. Dev.-         4.
                              Min -        -8.        Max -         5.

 D 18.A  Combined calendar adjustment component forecasts
  From  2026.Jul to 2027.Jun
  Observations         12
 -----------------------------------------------------------------------------
               Jan      Feb      Mar      Apr      May      Jun 
               Jul      Aug      Sep      Oct      Nov      Dec         AVGE  
 -----------------------------------------------------------------------------
  2026                                                          
                 5.      -7.       3.      -1.      -2.       5.            1.
 
  2027          -7.       1.       5.       3.      -7.       3.
                                                                           -0.
 
        bps_permits 25860            PAGE  16, SERIES bps_permits_addi

 E 4  Differences of annual totals
  From          2004 to 2025
  Observations         22
 -----------------------------------
  Year       Unmodified     Modified
                  (D11)         (E2)
 -----------------------------------
  2004               0.           0.
 
  2005              -0.          -0.
 
  2006               1.           1.
 
  2007               8.           8.
 
  2008               4.           4.
 
  2009               9.           9.
 
  2010               9.           9.
 
  2011               3.           3.
 
  2012              -2.          -2.
 
  2013               6.           6.
 
  2014               4.           4.
 
  2015               2.           2.
 
  2016             -10.         -10.
 
  2017              -7.          -7.
 
  2018              -5.          -5.
 
  2019              -7.          -7.
 
  2020             -14.         -14.
 
  2021             -10.         -10.
 
  2022             -16.         -16.
 
  2023             -12.         -12.
 
  2024              -7.          -7.
 
  2025               0.           0.
 
        bps_permits 25860            PAGE  17, SERIES bps_permits_addi

 E 5  Month-to-month differences in the original series
  From  2004.Feb to 2026.Jun
  Observations        269
 -----------------------------------------------------------------------------
               Jan      Feb      Mar      Apr      May      Jun 
               Jul      Aug      Sep      Oct      Nov      Dec         AVGE  
 -----------------------------------------------------------------------------
  2004                 -164.      58.     -29.      57.     -46.
                -1.     -10.     -26.      40.     -36.      60.           -9.
 
  2005         -67.       1.      31.      30.     -39.      41.
               -58.      33.      -1.     -24.     -16.     -15.           -7.
 
  2006          55.     -36.      47.     -18.       8.     -10.
               -19.      11.     -24.      15.     -30.      -4.           -0.
 
  2007         100.     -61.      44.     -15.      29.     -34.
               -37.      30.     -36.      23.     -16.     -47.           -2.
 
  2008          28.       0.     -24.      34.     -16.       3.
                -8.     -16.      -2.       3.     -23.      -3.           -2.
 
  2009          -3.      13.     -13.      17.      -8.      22.
               -15.      -6.       3.      17.     -29.      -6.           -1.
 
  2010          11.     -11.      70.     -52.      -9.      -4.
                -2.      -2.     -10.       8.      -3.      -5.           -1.
 
  2011          11.      -3.       7.     -16.      43.     -31.
               -14.       3.      -1.      -3.       3.      -2.           -0.
 
  2012          -5.      19.      -6.      37.     -42.      -5.
                 6.       3.      -6.       6.      -3.      -1.            0.
 
  2013          -3.       8.      14.     -11.      -4.      -5.
                 6.       8.      17.     -18.      -1.       5.            1.
 
  2014          -6.      -4.       2.      73.     -44.     -29.
                 8.       3.       2.      -3.      -9.      49.            4.
 
  2015         -82.       1.      -1.       0.       0.       0.
                20.     -20.       0.       0.       0.       0.           -7.
 
  2016          -1.       0.       1.       6.       1.      -8.
                 9.      -1.       0.       1.      -1.       0.            1.
 
  2017           2.      -3.       0.      -6.       7.      -2.
                -6.       6.      -5.      -1.       0.       1.           -1.
 
  2018           5.       0.       0.       0.      -1.       1.
                 0.       0.      -1.       1.       0.       0.            0.
 
  2019           0.       0.       0.      -1.       3.      -2.
                 5.       0.      -4.       1.      -2.       0.            0.
 
  2020           0.      -1.       1.       0.       5.       0.
                -5.       1.       0.       1.       3.      -5.            0.
 
  2021           1.      -1.       5.      -1.      -3.       7.
                -6.       6.      -5.      -1.       1.       2.            0.
 
  2022          88.      43.      40.     156.      -3.    -133.
               -26.     188.    -181.      25.      62.    -159.            8.
 
  2023          14.      77.      17.       7.     142.    -198.
                16.      23.    -112.     182.    -136.      22.            5.
 
  2024          35.      50.      72.     -56.      14.     -37.
               -58.      57.     -82.      28.      63.     -70.            1.
 
  2025          76.      38.     -19.      -1.     -18.      -6.
                67.    -117.      30.     -30.      56.     -43.            3.
 
  2026          52.     154.    -100.      41.    -102.     168.
                                                                           36.
 
  AVGE          14.       5.      11.       8.       1.     -13.
                -5.       9.     -20.      12.      -5.     -10.

  Table Total-         155.   Mean-         1.   Std. Dev.-        46.
                              Min -      -198.        Max -       188.
        bps_permits 25860            PAGE  18, SERIES bps_permits_addi

 E 6  Month-to-month differences in seasonally adjusted series (D11)
  From  2004.Feb to 2026.Jun
  Observations        269
 -----------------------------------------------------------------------------
               Jan      Feb      Mar      Apr      May      Jun 
               Jul      Aug      Sep      Oct      Nov      Dec         AVGE  
 -----------------------------------------------------------------------------
  2004                 -121.       7.     -29.      71.     -59.
                24.     -16.     -19.      39.     -14.      67.           -5.
 
  2005        -104.      25.      -9.      36.     -37.      34.
               -28.      15.      12.     -25.       3.      -1.           -7.
 
  2006          13.     -15.      12.      -6.      -2.     -11.
                13.      -9.      -6.       3.     -10.      17.           -0.
 
  2007          53.     -43.      21.     -15.      24.     -28.
               -20.      17.     -12.      -1.       6.     -26.           -2.
 
  2008         -12.      13.     -38.      24.     -12.       5.
                 1.     -11.      -1.     -11.       7.      -4.           -3.
 
  2009         -19.       9.     -22.      14.       1.      14.
                -6.       3.       2.       8.     -14.      -4.           -1.
 
  2010           9.     -26.      63.     -50.       0.     -13.
                10.      -3.      -9.       8.      -3.      -1.           -1.
 
  2011          16.     -19.       3.     -10.      42.     -33.
                -1.     -10.       4.       1.      -0.       4.           -0.
 
  2012          -5.      15.      -8.      37.     -50.       7.
                 5.      -5.       9.     -10.       1.       9.            0.
 
  2013         -11.       8.      21.     -24.      -7.      15.
               -10.      11.      20.     -26.       6.       3.            1.
 
  2014          -6.      -1.      10.      58.     -41.     -20.
                -5.      13.      -6.      -4.       4.      35.            3.
 
  2015         -71.       0.       1.     -11.       9.      -2.
                11.      -8.      -9.       4.       2.      -7.           -7.
 
  2016          13.      -1.      -7.       8.      -2.      -6.
                11.     -10.       2.      11.     -10.       5.            1.
 
  2017           2.      -3.      -4.       3.      -8.       3.
                -2.      -2.       3.      -1.      -3.      13.            0.
 
  2018          -9.       3.       1.      -0.     -11.       9.
                -3.      -3.      14.      -8.       5.      15.            1.
 
  2019         -20.       0.       6.     -14.      -6.      18.
                -7.       5.       6.      -4.       8.      13.            0.
 
  2020         -21.       3.     -11.     -10.       3.       8.
                -7.      10.      12.       2.       5.      15.            1.
 
  2021         -11.     -27.      -8.      -6.      -9.      29.
                -2.      -2.      30.      -2.     -17.      42.            1.
 
  2022          69.       6.      23.     157.     -20.     -99.
               -15.     169.    -130.      22.      34.    -103.           10.
 
  2023         -23.      37.       1.      15.     116.    -159.
                33.       9.     -56.     171.    -174.      93.            5.
 
  2024         -18.      11.      68.     -69.       7.       0.
               -57.      71.     -41.      21.      24.      -8.            1.
 
  2025          26.      -8.     -14.     -11.     -13.       1.
                87.     -91.      48.     -21.      13.       7.            2.
 
  2026          12.     103.     -95.      38.     -85.     146.
                                                                           20.
 
  AVGE          -5.      -1.       1.       6.      -1.      -6.
                 1.       7.      -6.       8.      -6.       8.

  Table Total-         127.   Mean-         0.   Std. Dev.-        39.
                              Min -      -174.        Max -       171.
        bps_permits 25860            PAGE  19, SERIES bps_permits_addi

 E 7  Month-to-month differences in final trend cycle (D12)
  From  2004.Feb to 2026.Jun
  Observations        269
 -----------------------------------------------------------------------------
               Jan      Feb      Mar      Apr      May      Jun 
               Jul      Aug      Sep      Oct      Nov      Dec         AVGE  
 -----------------------------------------------------------------------------
  2004                   -5.      -6.      -5.      -4.      -1.
                 1.       3.       2.       0.      -2.      -4.           -2.
 
  2005          -4.      -3.      -2.       1.       3.       3.
                 2.       0.      -1.      -2.      -2.      -1.           -0.
 
  2006          -0.      -0.      -0.      -1.      -2.      -3.
                -3.      -3.      -2.       0.       2.       5.           -1.
 
  2007           8.       8.       5.       1.      -2.      -5.
                -5.      -5.      -5.      -5.      -6.      -7.           -1.
 
  2008          -7.      -7.      -5.      -3.      -3.      -3.
                -3.      -3.      -4.      -4.      -5.      -6.           -4.
 
  2009          -5.      -4.      -2.       0.       2.       4.
                 4.       2.       1.      -1.      -1.      -2.           -0.
 
  2010          -2.      -3.      -3.      -3.      -3.      -3.
                -2.      -1.      -1.       0.       0.      -0.           -2.
 
  2011          -1.      -1.      -1.      -1.      -1.      -1.
                -1.      -1.      -1.      -0.       1.       2.           -1.
 
  2012           2.       1.      -1.      -1.      -1.      -1.
                -0.       0.       1.       1.       0.      -0.           -0.
 
  2013          -0.      -0.      -0.       0.       1.       2.
                 2.       2.       2.       1.      -0.       0.            1.
 
  2014           2.       3.       3.       2.       1.      -0.
                -1.      -2.      -2.      -2.      -4.      -7.           -1.
 
  2015          -9.      -8.      -6.      -3.      -0.       1.
                 1.      -0.      -1.      -1.      -0.       1.           -2.
 
  2016           1.       1.       1.       0.      -0.      -0.
                 0.       1.       1.       1.       1.       1.            1.
 
  2017          -0.      -1.      -2.      -2.      -2.      -1.
                -1.      -0.       0.       1.       1.       1.           -0.
 
  2018           1.       0.      -1.      -1.      -1.      -0.
                 1.       1.       1.       1.       1.      -0.            0.
 
  2019          -1.      -1.      -1.      -1.      -0.       1.
                 2.       3.       3.       3.       2.      -1.            1.
 
  2020          -3.      -5.      -5.      -4.      -2.       1.
                 4.       7.       8.       7.       4.      -1.            1.
 
  2021          -7.     -10.     -10.      -7.      -1.       5.
                 6.       7.       8.      11.      16.      24.            4.
 
  2022          32.      36.      35.      30.      21.      13.
                 7.       0.      -8.     -13.     -15.     -14.           10.
 
  2023         -10.      -4.       1.       3.       3.      -0.
                -1.       2.       6.       9.      11.      11.            2.
 
  2024          10.       7.       2.      -3.      -6.      -7.
                -5.      -1.       5.      10.      11.       9.            3.
 
  2025           3.      -2.      -5.      -6.      -4.      -0.
                 3.       5.       6.       5.       5.       6.            1.
 
  2026           9.      14.      16.      19.      18.      16.
                                                                           15.
 
  AVGE           1.       1.       1.       1.       1.       1.
                 0.       1.       1.       1.       1.       1.

  Table Total-         203.   Mean-         1.   Std. Dev.-         7.
                              Min -       -15.        Max -        36.
        bps_permits 25860            PAGE  20, SERIES bps_permits_addi

 E 8  Month-to-month differences in original series adjusted for calendar factors (A18)
  From  2004.Feb to 2026.Jun
  Observations        269
 -----------------------------------------------------------------------------
               Jan      Feb      Mar      Apr      May      Jun 
               Jul      Aug      Sep      Oct      Nov      Dec         AVGE  
 -----------------------------------------------------------------------------
  2004                 -157.      45.     -27.      67.     -56.
                 3.     -10.     -30.      50.     -46.      58.           -9.
 
  2005         -56.      -7.      27.      37.     -41.      37.
               -48.      22.       1.     -14.     -26.     -11.           -7.
 
  2006          55.     -38.      43.      -5.      -5.      -8.
                -9.      -0.     -17.      13.     -34.       6.            0.
 
  2007          89.     -57.      46.     -13.      22.     -27.
               -39.      24.     -23.      10.     -14.     -37.           -2.
 
  2008          17.       7.     -20.      24.     -12.       5.
               -15.      -5.     -12.       1.     -10.     -16.           -3.
 
  2009           3.      11.     -11.      13.       2.      12.
               -17.       5.      -7.      21.     -27.     -13.           -1.
 
  2010          22.     -19.      66.     -50.       1.     -14.
                 2.      -2.     -14.      18.     -13.      -7.           -1.
 
  2011          22.     -11.       3.      -9.      41.     -35.
                -4.      -8.       1.       7.      -7.       2.            0.
 
  2012          -5.      21.      -8.      39.     -49.       2.
                 4.      -3.       7.      -7.      -1.       9.            1.
 
  2013         -14.      12.      22.     -21.      -6.       8.
                -7.      14.      19.     -25.       6.       3.            1.
 
  2014         -12.      -0.      10.      63.     -40.     -27.
                 1.      14.      -8.      -5.       4.      36.            3.
 
  2015         -76.      -1.       1.      -4.      10.     -10.
                18.      -9.     -10.       4.       2.      -7.           -7.
 
  2016          10.      -4.      -6.      13.      -1.     -12.
                19.     -12.       2.      11.     -11.       4.            1.
 
  2017           2.      -5.      -4.       7.      -6.      -0.
                 4.      -5.       2.      -3.      -4.      11.           -0.
 
  2018          -6.       4.       2.       2.      -8.       8.
                -2.      -6.      12.     -12.       2.      10.            0.
 
  2019         -11.       4.       8.     -11.       1.      11.
                -8.       6.      -2.      -6.       5.      -2.           -0.
 
  2020          -6.      12.      -6.      -4.      15.     -10.
                -7.      12.     -10.       5.       5.     -12.           -0.
 
  2021          12.      -9.       1.       1.       7.      -3.
                -2.       6.      -9.       9.      -9.       0.            0.
 
  2022          99.      35.      36.     163.      -5.    -137.
               -16.     177.    -179.      35.      52.    -155.            9.
 
  2023          14.      75.      13.      20.     129.    -196.
                26.      12.    -105.     180.    -140.      32.            5.
 
  2024          24.      57.      76.     -66.      12.     -24.
               -71.      63.     -80.      21.      70.     -72.            1.
 
  2025          70.      42.     -11.     -11.     -14.      -4.
                60.    -106.      20.     -32.      69.     -56.            2.
 
  2026          58.     152.     -98.      37.     -92.     158.
                                                                           36.
 
  AVGE          14.       5.      10.       9.       1.     -14.
                -5.       9.     -20.      13.      -6.     -10.

  Table Total-         151.   Mean-         1.   Std. Dev.-        45.
                              Min -      -196.        Max -       180.
        bps_permits 25860            PAGE  21, SERIES bps_permits_addi

 E 18  Final adjustment ratios
  From  2004.Jan to 2026.Jun
  Observations        270
 -----------------------------------------------------------------------------
               Jan      Feb      Mar      Apr      May      Jun 
               Jul      Aug      Sep      Oct      Nov      Dec         AVGE  
 -----------------------------------------------------------------------------
  2004      105.470   79.011  115.356  119.354  104.667  117.202
             98.079  102.623   97.105   98.397   82.744   85.098       100.425
 
  2005      106.045   86.211  118.831  110.444  112.468  113.968
             92.588  106.711   97.624   97.766   83.223   72.177        99.838
 
  2006      105.296   88.844  115.745  107.573  115.481  118.104
             91.699  107.683   91.982  102.101   83.614   68.902        99.752
 
  2007      104.857   93.307  109.175  109.775  111.462  109.474
             96.101  106.459   87.075  107.140   89.278   65.337        99.120
 
  2008      105.564   92.423  110.038  118.416  115.892  112.763
            101.215   94.357   93.193  115.805   68.915   68.931        99.792
 
  2009       92.766  101.566  131.451  128.895  108.897  120.479
            105.887   89.457   91.998  106.205   78.736   73.396       102.478
 
  2010       81.180  113.661  112.493  122.628  100.721  132.556
             94.491   97.106   92.018   93.920   92.566   80.275       101.135
 
  2011       76.347  116.706  128.345  111.027  105.860  119.472
             74.480  124.871  101.939   85.874   98.808   79.147       101.906
 
  2012       76.115   97.190  103.703  100.973  155.290   88.116
             93.171  126.857   71.932  129.974  109.598   76.478       102.450
 
  2013      101.653  100.905   86.327  122.214  144.290   67.950
            119.239  103.727   96.631  118.318   96.113  101.437       104.900
 
  2014      102.617   94.100   77.687  105.436  104.695   83.772
            118.860   92.099  110.273  115.263   83.254  108.862        99.743
 
  2015       20.776   37.658   16.167  -21.239   24.916   45.352
            161.136   19.729  -29.098  132.182   39.517  -20.790        35.525
 
  2016        0.000    0.000  709.781   88.106  136.162   -0.000
             81.229  615.249  219.670   59.919  157.255   77.529       178.742
 
  2017       81.642   78.943  149.887   12.669 ********  179.313
              0.000 ********   40.072    0.000   -0.000    8.040     -6378.089
 
  2018      183.645   97.744   83.918   88.221 -111.602  121.904
            300.149 -485.163   39.170  140.565   64.715   24.535        45.650
 
  2019      133.835  123.256   57.095 -139.115  -86.148   68.456
            853.809  163.063   52.911   89.876   35.291   19.738       114.339
 
  2020       67.254   42.599 1306.175  -62.816 -177.776  492.937
           -116.095  153.735   41.664   42.619   47.238   15.801       154.445
 
  2021       25.583 3841.802 -139.452  -69.541  -30.067  246.539
            196.216  720.043   27.896   26.431   68.293   19.974       411.143
 
  2022       79.499  108.639  118.160  108.621  114.976  104.765
             99.070  104.907   84.326   87.179   99.215   65.579        97.911
 
  2023       85.342  110.225  119.168  113.427  116.618  108.805
             98.408  105.329   68.202   88.959  102.066   70.705        98.938
 
  2024       92.918  110.356  109.445  118.089  120.467  104.393
            105.145   98.034   77.885   82.982  100.105   74.583        99.534
 
  2025       95.480  112.970  111.856  116.726  115.394  112.036
            102.183   91.336   86.251   81.329   98.805   80.127       100.374
 
  2026       95.390  110.035  111.736  111.369  108.146  110.836
                                                                       107.919
 
  AVGE       87.794  253.833  172.308   74.837 ********  125.182
            134.866 -196.777   79.124   91.037   80.880   59.812

  Table Total-      -46512.   Mean-      -172.   Std. Dev.-      4298.
                              Min -    -70020.        Max -      3842.

 E 18.A  Final adjustment ratio forecasts
  From  2026.Jul to 2027.Jun
  Observations         12
 -----------------------------------------------------------------------------
               Jan      Feb      Mar      Apr      May      Jun 
               Jul      Aug      Sep      Oct      Nov      Dec         AVGE  
 -----------------------------------------------------------------------------
  2026                                                          
            101.467   93.358   91.891   85.158  100.561   86.775        93.202
 
  2027       96.512  110.977  110.358  109.706  104.448  112.319
                                                                       107.387
 
        bps_permits 25860            PAGE  22, SERIES bps_permits_addi

 E 18.B  Total adjustment factors
  From  2004.Jan to 2026.Jun
  Observations        270
 -----------------------------------------------------------------------------
               Jan      Feb      Mar      Apr      May      Jun 
               Jul      Aug      Sep      Oct      Nov      Dec         AVGE  
 -----------------------------------------------------------------------------
  2004          14.     -29.      22.      22.       9.      22.
                -3.       4.      -3.      -2.     -24.     -31.            0.
 
  2005           6.     -17.      22.      16.      15.      21.
                -9.       9.      -4.      -3.     -21.     -35.           -0.
 
  2006           7.     -14.      21.      10.      20.      21.
               -11.       9.      -9.       2.     -18.     -39.            0.
 
  2007           9.      -9.      14.      14.      19.      13.
                -5.       9.     -16.       9.     -14.     -35.            1.
 
  2008           5.      -8.       6.      16.      12.      10.
                 1.      -4.      -5.       9.     -20.     -19.            0.
 
  2009          -3.       1.       9.      13.       4.      12.
                 3.      -6.      -5.       4.     -11.     -12.            1.
 
  2010         -10.       4.      12.      10.       0.      10.
                -2.      -1.      -2.      -2.      -2.      -6.            1.
 
  2011         -11.       5.       9.       2.       4.       6.
                -8.       5.       0.      -3.      -0.      -6.            0.
 
  2012          -5.      -1.       1.       1.       9.      -3.
                -2.       6.      -9.       7.       2.      -8.           -0.
 
  2013           0.       0.      -7.       6.       9.     -11.
                 5.       1.      -2.       6.      -1.       1.            1.
 
  2014           1.      -2.      -9.       5.       3.      -6.
                 7.      -4.       4.       6.      -7.       7.            0.
 
  2015          -4.      -3.      -5.       6.      -3.      -1.
                 8.      -4.       4.       0.      -2.       6.            0.
 
  2016          -8.      -7.       1.      -1.       2.       0.
                -2.       7.       4.      -6.       3.      -2.           -1.
 
  2017          -2.      -2.       2.      -7.       8.       3.
                -2.       6.      -1.      -2.       1.     -11.           -1.
 
  2018           3.      -0.      -1.      -1.       9.       1.
                 4.       7.      -8.       2.      -3.     -18.           -0.
 
  2019           2.       1.      -5.       9.      17.      -3.
                10.       4.      -6.      -1.     -11.     -24.           -1.
 
  2020          -3.      -7.       6.      16.      17.       9.
                11.       2.     -10.     -11.     -12.     -32.           -1.
 
  2021         -20.       6.      19.      24.      30.       8.
                 4.      12.     -23.     -22.      -4.     -44.           -1.
 
  2022         -26.      11.      28.      27.      44.       9.
                -2.      17.     -34.     -31.      -2.     -58.           -1.
 
  2023         -21.      19.      35.      27.      52.      14.
                -3.      11.     -45.     -35.       3.     -68.           -1.
 
  2024         -15.      23.      28.      41.      48.      10.
                 9.      -5.     -45.     -39.       0.     -62.           -1.
 
  2025         -12.      34.      29.      39.      34.      27.
                 7.     -19.     -37.     -46.      -3.     -53.            0.
 
  2026         -13.      38.      34.      37.      20.      42.
                                                                           26.
 
  AVGE          -5.       2.      12.      14.      17.       9.
                 1.       3.     -11.      -7.      -7.     -25.

  Table Total-         113.   Mean-         0.   Std. Dev.-        18.
                              Min -       -68.        Max -        52.

 E 18.C  Total adjustment factor forecasts
  From  2026.Jul to 2027.Jun
  Observations         12
 -----------------------------------------------------------------------------
               Jan      Feb      Mar      Apr      May      Jun 
               Jul      Aug      Sep      Oct      Nov      Dec         AVGE  
 -----------------------------------------------------------------------------
  2026                                                          
                 6.     -23.     -34.     -56.       2.     -52.          -26.
 
  2027         -13.      40.      37.      35.      15.      46.
                                                                           27.
 
        bps_permits 25860            PAGE  23, SERIES bps_permits_addi

 F 4.  Additive Day of the Week Trading Day Component Factors


      Day of Week Component for regARIMA Trading Day Factors:

                                       months starting on:
                     Mon      Tue      Wed      Thu      Fri      Sat      Sun
 31-day months         5.       5.       5.      -1.      -7.      -7.      -1.
 30-day months         3.       3.       3.       3.      -2.      -8.      -2.
 Leap year Feb.        2. ********       2.       2.       2.      -4.      -4.

  QS statistic for seasonality:
  Original Series                                     7.14  (P-Value =     0.0282)
  Original Series (EV adj)                            7.66  (P-Value =     0.0217)
  Residuals                                           0.00  (P-Value =     1.0000)
  Seasonally Adjusted Series                          0.00  (P-Value =     1.0000)
  Seasonally Adjusted Series (EV adj)                 0.00  (P-Value =     1.0000)
  Irregular Series                                    0.00  (P-Value =     1.0000)
  Irregular Series (EV adj)                           0.00  (P-Value =     1.0000)

  QS statistic for seasonality (starting 2018.Jul):
  Original Series                                     3.84  (P-Value =     0.1466)
  Original Series (EV adj)                            3.96  (P-Value =     0.1383)
  Residuals                                           2.92  (P-Value =     0.2321)
  Seasonally Adjusted Series                          0.00  (P-Value =     1.0000)
  Seasonally Adjusted Series (EV adj)                 0.00  (P-Value =     1.0000)
  Irregular Series                                    0.20  (P-Value =     0.9032)
  Irregular Series (EV adj)                           0.00  (P-Value =     1.0000)
        bps_permits 25860            PAGE  24, SERIES bps_permits_addi


  Visually significant residual trading day peaks have been
  found in the spectral plot of the following series starting in 2018.Jul:

          differenced prior adjusted series (Table B1) (1 Trading Day peak(s))

        bps_permits 25860            PAGE  25, SERIES bps_permits_addi
 G 0  10*LOG(SPECTRUM) of the differenced Prior Adjusted Series
      (Table B1).  Spectrum estimated from 2018.Jul to 2026.Jun.
 ++++++++++I+++++++++++++++++++++++++++++++++++++++++++++++++++++++++++++I
      44.50I                                                             I     44.50
           I                                        S                    I
           I                                        S                    I
           I                                        S                    I
      42.94I                                        S                    I     42.94
           I                                        S                    I
           I                                        S           T        I
           I                                        S           T        I
      41.37I                                        S           T        I     41.37
           I                                       *S      **   T        I
           I                                       *S      **   T        I
           I                                       *S*     **   T        I
      39.81I                                       *S*     **   T        I     39.81
           I                                       *S*     **  *T        I
           I                                       *S*     **  *T        I
           I                                       *S*    ***  *T* *     I
      38.25I                     *                 *S*  * ***  *T* **    I     38.25
           I                     *                 *S*  ****** *T* **    I
           I                     *                 *S*  ****** *T* **    I
           I                     *              * **S*T*******S*T* **    I
      36.68I                     *              ****S*T*******S*T****    I     36.68
           I           *         *         *   *****S*T*******S*T****    I
           I          S*         *         **  *****S*T*******S*T****    I
           I          S*        S*         **  *****S*T*******S*T****    I
      35.12I          S*        S*        S**  *****S*T*******S*T****    I     35.12
           I          S*        S*       *S*********S*T*******S*T****    I
           I          S*        S*      **S*********S*T*******S*T****    I
           I          S*        S*      **S*********S*T*******S*T****    I
      33.55I          S*     ** S*      **S*********S*T*******S*T****    I     33.55
           I          S*     ** S*      **S*********S*T*******S*T*****   I
           I          S*     ***S*      **S*********S*T*******S*T*****   I
           I          S*     ***S**    ***S*********S*T*******S*T*****   I
      31.99I          S*     ***S**    ***S*********S*T*******S*T*****   I     31.99
           I          S*     ***S**    ***S*********S*T*******S*T*****   I
           I         *S*     ***S**    ***S*********S*T*******S*T*****   I
           I         *S*     ***S**    ***S*********S*T*******S*T*****   I
      30.43I         *S*     ***S**    ***S*********S*T*******S*T*****   I     30.43
           I       ***S*     ***S**    ***S*********S*T*******S*T******  I
           I    * ****S*     ***S**   ****S*********S*T*******S*T******  I
           I    ******S*     ***S**   ****S*********S*T*******S*T******  I
      28.86I   *******S*     ***S***  ****S*********S*T*******S*T******  I     28.86
           I   *******S**   ****S***  ****S*********S*T*******S*T******* I
           I   *******S**   ****S*** *****S*********S*T*******S*T*******SI
           I   *******S**   ****S*** *****S*********S*T*******S*T*******SI
      27.30I   *******S**   ****S*********S*********S*T*******S*T*******SI     27.30
           I   *******S**   ****S*********S*********S*T*******S*T*******SI
           I  ********S**   ****S*********S*********S*T*******S*T*******SI
           I  ********S**   ****S*********S*********S*T*******S*T*******SI
      25.73I  ********S**   ****S*********S*********S*T*******S*T*******SI     25.73
           I  ********S**  *****S*********S*********S*T*******S*T*******SI
           I  ********S*** *****S*********S*********S*T*******S*T*******SI
           I *********S*** *****S*********S*********S*T*******S*T*******SI
      24.17I**********S*********S*********S*********S*T*******S*T*******SI     24.17
 ++++++++++I+++++++++++++++++++++++++++++++++++++++++++++++++++++++++++++I
            S=SEASONAL FREQUENCIES, T=TRADING DAY FREQUENCIES
        bps_permits 25860            PAGE  26, SERIES bps_permits_addi
 G 1  10*LOG(SPECTRUM) of the differenced seasonally adjusted 
      data (Table E2).  Spectrum estimated from 2018.Jul to 2026.Jun.
 ++++++++++I+++++++++++++++++++++++++++++++++++++++++++++++++++++++++++++I
      36.60I                                             *               I     36.60
           I                                             *               I
           I                                      *      *               I
           I                                      *      *               I
      35.38I                                      *      *           *   I     35.38
           I                                      *     **           *   I
           I                                     **     **           *   I
           I                                     **     **           *   I
      34.15I                                     **     **           *   I     34.15
           I                                     **     **           *   I
           I                                     **     ***      **  *   I
           I                                     **     *****    **  *   I
      32.93I                                     **     *****    **  *   I     32.93
           I                                     ***    *****    **  *   I
           I                                *    ***    *****    **  *   I
           I                                *    ***    *****    **  *   I
      31.71I                                *    ***    *****    **  *   I     31.71
           I                                *    ***    *****    **  *   I
           I                                *    ***    *****    ** **   I
           I                      *         *    ***    *****    ** **   I
      30.49I                      *    *    *   ****    *****    ** ***  I     30.49
           I       *              *    *    *   ****S  *******   ******  I
           I      **              *    *   ***  ****S  *******   ******  I
           I      **              *   **   ***  ****S  *******   ******  I
      29.27I    * **              *   **   ***  ****S  *******   ******  I     29.27
           I    * **              *   **   ***  ****S* *******   ******  I
           I    ****              *   **   ***  ****S*T*******   ******  I
           I    ****              *   **   ***  ****S*T*******  T******  I
      28.04I   *****    *         *   **   *********S*T*******  T******  I     28.04
           I   *****    *         *   **   *********S*T*******  T******  I
           I   *****    **        *   **   *********S*T*******  T******  I
           I   *****    **        *   ***  *********S*T*******S T******  I
      26.82I   *****    **        **  *** S*********S*T*******S*T******  I     26.82
           I   *****    **   *   ***  *** S*********S*T*******S*T******  I
           I   *****    **   *   ***  *** S*********S*T*******S*T******  I
           I   *****    **   *   *** *****S*********S*T*******S*T******* I
      25.60I   *****    **   *   *** *****S*********S*T*******S*T******* I     25.60
           I   *****    **   *   *** *****S*********S*T*******S*T******* I
           I   ******   **   *   *** *****S*********S*T*******S*T******* I
           I  *******   **   *   *********S*********S*T*******S*T*******SI
      24.38I  *******   **  **   *********S*********S*T*******S*T*******SI     24.38
           I  *******   **  **   *********S*********S*T*******S*T*******SI
           I  *******   **  ***  *********S*********S*T*******S*T*******SI
           I  *******   **  ***  *********S*********S*T*******S*T*******SI
      23.15I  *******   **  ***  *********S*********S*T*******S*T*******SI     23.15
           I ********   *** *** S*********S*********S*T*******S*T*******SI
           I ********  **** *** S*********S*********S*T*******S*T*******SI
           I*********  ******** S*********S*********S*T*******S*T*******SI
      21.93I*********  *********S*********S*********S*T*******S*T*******SI     21.93
           I*********  *********S*********S*********S*T*******S*T*******SI
           I********** *********S*********S*********S*T*******S*T*******SI
           I********** *********S*********S*********S*T*******S*T*******SI
      20.71I**********S*********S*********S*********S*T*******S*T*******SI     20.71
 ++++++++++I+++++++++++++++++++++++++++++++++++++++++++++++++++++++++++++I
            S=SEASONAL FREQUENCIES, T=TRADING DAY FREQUENCIES
        bps_permits 25860            PAGE  27, SERIES bps_permits_addi
 G 2  10*LOG(SPECTRUM) of the Modified Irregular (Table E3).  
      Spectrum estimated from 2018.Jul to 2026.Jun.
 ++++++++++I+++++++++++++++++++++++++++++++++++++++++++++++++++++++++++++I
      31.51I                                      *                      I     31.51
           I                                      *      *               I
           I                                      *      *               I
           I                      *              **      *               I
      29.77I                      *              **     **               I     29.77
           I                      *              **     **           *   I
           I                      *         *    **     **           *   I
           I                      *    *    *    **     **           *   I
      28.04I                      *   **    *    **     ***       *  *   I     28.04
           I                      *   **    *    ***    *** *     *  *   I
           I                      *   **    *    ***    *****    **  *   I
           I                      *   **   **    ***    *****    **  *   I
      26.30I                      *   **   ***  ****    *****    **  *   I     26.30
           I                      **  **   ***  ****    *****    **  *   I
           I                      **  **   ***  ****    *****    **  *   I
           I                     ***  **   ***  ****S  ******    ** **   I
      24.57I                 *   *** ****  ***  ****S  *******   ** **   I     24.57
           I                 *   *** ****  *********S  *******   ******  I
           I             *   *   ******** S*********S*T*******   ******  I
           I             ** **   *********S*********S*T*******   ******  I
      22.83I             ** **   *********S*********S*T*******   ******  I     22.83
           I             ** ***  *********S*********S*T*******   ******  I
           I        *    ******  *********S*********S*T*******  T******  I
           I        *    ****** S*********S*********S*T*******S T******  I
      21.10I        *    *******S*********S*********S*T*******S T******  I     21.10
           I        *    *******S*********S*********S*T*******S*T******  I
           I       **   ********S*********S*********S*T*******S*T******  I
           I       **   ********S*********S*********S*T*******S*T******  I
      19.36I       **   ********S*********S*********S*T*******S*T******* I     19.36
           I       ***  ********S*********S*********S*T*******S*T******* I
           I       ***  ********S*********S*********S*T*******S*T******* I
           I       ***  ********S*********S*********S*T*******S*T*******SI
      17.63I       ***  ********S*********S*********S*T*******S*T*******SI     17.63
           I      **** *********S*********S*********S*T*******S*T*******SI
           I      ****S*********S*********S*********S*T*******S*T*******SI
           I    ******S*********S*********S*********S*T*******S*T*******SI
      15.89I    ******S*********S*********S*********S*T*******S*T*******SI     15.89
           I    ******S*********S*********S*********S*T*******S*T*******SI
           I    ******S*********S*********S*********S*T*******S*T*******SI
           I   *******S*********S*********S*********S*T*******S*T*******SI
      14.16I   *******S*********S*********S*********S*T*******S*T*******SI     14.16
           I   *******S*********S*********S*********S*T*******S*T*******SI
           I   *******S*********S*********S*********S*T*******S*T*******SI
           I   *******S*********S*********S*********S*T*******S*T*******SI
      12.43I   *******S*********S*********S*********S*T*******S*T*******SI     12.43
           I   *******S*********S*********S*********S*T*******S*T*******SI
           I  ********S*********S*********S*********S*T*******S*T*******SI
           I  ********S*********S*********S*********S*T*******S*T*******SI
      10.69I  ********S*********S*********S*********S*T*******S*T*******SI     10.69
           I  ********S*********S*********S*********S*T*******S*T*******SI
           I  ********S*********S*********S*********S*T*******S*T*******SI
           I *********S*********S*********S*********S*T*******S*T*******SI
       8.96I**********S*********S*********S*********S*T*******S*T*******SI      8.96
 ++++++++++I+++++++++++++++++++++++++++++++++++++++++++++++++++++++++++++I
            S=SEASONAL FREQUENCIES, T=TRADING DAY FREQUENCIES
        bps_permits 25860            PAGE  28, SERIES bps_permits_addi

  Peak probabilities for Tukey spectrum estimator
  Spectrum estimated from 2018.Jul to 2026.Jun.

                                          S1       S2       S3       S4       S5       S6       TD
                                        ------   ------   ------   ------   ------   ------   ------
  Model Residuals                        0.908*   0.869    0.319    0.273    0.961*   0.190    0.505  
  Prior Adjusted Series (Table B1)       0.961*   0.254    0.509    0.802    0.087    0.336    0.045  
  Seasonally adjusted series (E2)        0.061    0.011    0.376    0.071    0.099    0.195    0.015  
  Modified Irregular (E3)                0.014    0.016    0.321    0.080    0.091    0.188    0.015  
  ----------
     ** - Peak Probability > 0.99,
      * - 0.90 < Peak Probability < 0.99


