  Reading input spec file from D:\Programming\Dynamic Paper-dlrhcs_replication\outputs\empirical\unemployment\raw_sa_pilot\x13_work\bps_permits_additive_level_12580_200401_202606.spc

1

               U. S. Department of Commerce, U. S. Census Bureau

              X-13ARIMA-SEATS monthly seasonal adjustment Method,
                          Release Version 1.1 Build 62


           This software application provides an enhanced version of
             Statistics Canada's X-11-ARIMA extension (Dagum, 1980)
                 of the X-11 variant of the Census Method II of
                      Shiskin, Young and Musgrave (1967).

            It also provides an ARIMA model-based method following
       Hillmer and Tiao (1982) and Burman (1980) that is very similar
       to the update of the method of SEATS (Gomez and Maravall, 1996)
                produced at the Bank of Spain by G. Caporello and
               A. Maravall for TSW (Caporello and Maravall, 2004).
          The present application includes additional enhancements.

         X-13ARIMA-SEATS includes an automatic ARIMA model selection procedure
          based largely on the procedure of Gomez and Maravall (1998)
            as implemented in TRAMO (1996) and subsequent revisions.

              Primary Programmers: Brian Monsell, Mark Otto and,
                 for the ARIMA model-based signal extraction,
                      Gianluca Caporello and Victor Gomez


     Series Title- bps_permits 12580
     Series Name- bps_permits_addi
     Jul 29, 2026  08.22.49 

        -Period covered-  1st month,2004 to  6th month,2026
        -Type of run - additive seasonal adjustment

        -Sigma limits for graduating extreme values are  1.5 and  2.5 .
        -3x3 moving average used in section 1 of each iteration, 
         3x5 moving average in section 2 of iterations B and C,
         moving average for final seasonal factors chosen by Global MSR.
        -Holiday adjustment factors applied directly to the final seasonally adjusted series
        -Spectral plots generated for selected series
        -Spectral plots generated for series starting in 2018.Jul

 FILE SAVE REQUESTS (* indicates file exists and will be overwritten)
  D:\Programming\Dynamic Paper-dlrhcs_replication\outputs\empirical\unemployment\raw_sa_pilot\x13_work\bps_permits_additive_level_12580_200401_202606.d10  final seasonal factors
  D:\Programming\Dynamic Paper-dlrhcs_replication\outputs\empirical\unemployment\raw_sa_pilot\x13_work\bps_permits_additive_level_12580_200401_202606.d11  final seasonally adjusted data
  D:\Programming\Dynamic Paper-dlrhcs_replication\outputs\empirical\unemployment\raw_sa_pilot\x13_work\bps_permits_additive_level_12580_200401_202606.out  program output file
  D:\Programming\Dynamic Paper-dlrhcs_replication\outputs\empirical\unemployment\raw_sa_pilot\x13_work\bps_permits_additive_level_12580_200401_202606.err  program error file
        bps_permits 12580            PAGE   1, SERIES bps_permits_addi

     Contents of spc file D:\Programming\Dynamic Paper-dlrhcs_replication\outputs\empirical\unemployment\raw_sa_pilot\x13_work\bps_permits_additive_level_12580_200401_202606.spc

 Line #
 ------
      1: series {
      2:   title = "bps_permits 12580"
      3:   start = 2004.1
      4:   period = 12
      5:   data = (
      6: 539
      7: 576
      8: 826
      9: 871
     10: 726
     11: 1294
     12: 794
     13: 1068
     14: 651
     15: 873
     16: 1121
     17: 890
     18: 540
     19: 814
     20: 746
     21: 858
     22: 820
     23: 957
     24: 993
     25: 834
     26: 663
     27: 920
     28: 819
     29: 780
     30: 638
     31: 800
     32: 939
     33: 790
     34: 567
     35: 911
     36: 578
     37: 630
     38: 577
     39: 542
     40: 520
     41: 763
     42: 544
     43: 541
     44: 657
     45: 426
     46: 580
     47: 638
     48: 756
     49: 630
     50: 355
     51: 404
     52: 321
     53: 616
     54: 636
     55: 280
     56: 316
     57: 398
     58: 328
     59: 526
     60: 763
     61: 419
     62: 439
     63: 268
     64: 202
     65: 214
     66: 233
     67: 160
     68: 212
     69: 275
     70: 337
     71: 442
     72: 346
     73: 364
     74: 392
     75: 289
     76: 305
     77: 731
     78: 362
     79: 259
     80: 852
     81: 432
     82: 437
     83: 445
     84: 437
     85: 537
     86: 333
     87: 377
     88: 333
     89: 287
     90: 369
     91: 316
     92: 394
     93: 304
     94: 341
     95: 260
     96: 346
     97: 635
     98: 304
     99: 317
    100: 345
    101: 857
    102: 353
    103: 379
    104: 591
    105: 411
    106: 574
    107: 577
    108: 521
    109: 441
    110: 780
    111: 548
    112: 704
    113: 462
    114: 607
    115: 461
    116: 742
    117: 512
    118: 663
    119: 908
    120: 666
    121: 824
    122: 914
    123: 494
    124: 389
    125: 466
    126: 469
    127: 298
    128: 442
    129: 547
    130: 514
    131: 666
    132: 660
    133: 591
    134: 938
    135: 581
    136: 463
    137: 650
    138: 381
    139: 460
    140: 464
    141: 666
    142: 753
    143: 993
    144: 528
    145: 1126
    146: 378
    147: 472
    148: 369
    149: 425
    150: 407
    151: 447
    152: 514
    153: 598
    154: 738
    155: 751
    156: 416
    157: 483
    158: 391
    159: 388
    160: 309
    161: 453
    162: 475
    163: 424
    164: 548
    165: 536
    166: 685
    167: 591
    168: 430
    169: 836
    170: 1027
    171: 363
    172: 396
    173: 390
    174: 722
    175: 532
    176: 890
    177: 785
    178: 590
    179: 591
    180: 1006
    181: 1239
    182: 1007
    183: 537
    184: 655
    185: 667
    186: 686
    187: 190
    188: 861
    189: 776
    190: 1073
    191: 585
    192: 549
    193: 574
    194: 826
    195: 543
    196: 563
    197: 618
    198: 545
    199: 458
    200: 1001
    201: 443
    202: 662
    203: 555
    204: 594
    205: 1014
    206: 591
    207: 874
    208: 711
    209: 678
    210: 449
    211: 474
    212: 600
    213: 459
    214: 535
    215: 573
    216: 559
    217: 911
    218: 836
    219: 494
    220: 457
    221: 594
    222: 772
    223: 767
    224: 623
    225: 1001
    226: 480
    227: 892
    228: 387
    229: 212
    230: 187
    231: 441
    232: 609
    233: 470
    234: 912
    235: 514
    236: 508
    237: 280
    238: 908
    239: 541
    240: 369
    241: 499
    242: 387
    243: 460
    244: 493
    245: 505
    246: 398
    247: 362
    248: 617
    249: 510
    250: 546
    251: 673
    252: 593
    253: 431
    254: 862
    255: 523
    256: 402
    257: 632
    258: 708
    259: 772
    260: 427
    261: 680
    262: 644
    263: 387
    264: 389
    265: 378
    266: 316
    267: 620
    268: 658
    269: 308
    270: 582
    271: 333
    272: 287
    273: 796
    274: 460
    275: 407
    276:   )
    277: }
    278: transform { function = none }
    279: regression { aictest = (td easter) }
    280: automdl {}
    281: x11 { mode = add save = (d10 d11) }
        bps_permits 12580            PAGE   2, SERIES bps_permits_addi

 A 1  Time series data (for the span analyzed)
  From  2004.Jan to 2026.Jun
  Observations        270
 -----------------------------------------------------------------------------
               Jan      Feb      Mar      Apr      May      Jun 
               Jul      Aug      Sep      Oct      Nov      Dec        TOTAL  
 -----------------------------------------------------------------------------
  2004         539.     576.     826.     871.     726.    1294.
               794.    1068.     651.     873.    1121.     890.        10229.
 
  2005         540.     814.     746.     858.     820.     957.
               993.     834.     663.     920.     819.     780.         9744.
 
  2006         638.     800.     939.     790.     567.     911.
               578.     630.     577.     542.     520.     763.         8255.
 
  2007         544.     541.     657.     426.     580.     638.
               756.     630.     355.     404.     321.     616.         6468.
 
  2008         636.     280.     316.     398.     328.     526.
               763.     419.     439.     268.     202.     214.         4789.
 
  2009         233.     160.     212.     275.     337.     442.
               346.     364.     392.     289.     305.     731.         4086.
 
  2010         362.     259.     852.     432.     437.     445.
               437.     537.     333.     377.     333.     287.         5091.
 
  2011         369.     316.     394.     304.     341.     260.
               346.     635.     304.     317.     345.     857.         4788.
 
  2012         353.     379.     591.     411.     574.     577.
               521.     441.     780.     548.     704.     462.         6341.
 
  2013         607.     461.     742.     512.     663.     908.
               666.     824.     914.     494.     389.     466.         7646.
 
  2014         469.     298.     442.     547.     514.     666.
               660.     591.     938.     581.     463.     650.         6819.
 
  2015         381.     460.     464.     666.     753.     993.
               528.    1126.     378.     472.     369.     425.         7015.
 
  2016         407.     447.     514.     598.     738.     751.
               416.     483.     391.     388.     309.     453.         5895.
 
  2017         475.     424.     548.     536.     685.     591.
               430.     836.    1027.     363.     396.     390.         6701.
 
  2018         722.     532.     890.     785.     590.     591.
              1006.    1239.    1007.     537.     655.     667.         9221.
 
  2019         686.     190.     861.     776.    1073.     585.
               549.     574.     826.     543.     563.     618.         7844.
 
  2020         545.     458.    1001.     443.     662.     555.
               594.    1014.     591.     874.     711.     678.         8126.
 
  2021         449.     474.     600.     459.     535.     573.
               559.     911.     836.     494.     457.     594.         6941.
 
  2022         772.     767.     623.    1001.     480.     892.
               387.     212.     187.     441.     609.     470.         6841.
 
  2023         912.     514.     508.     280.     908.     541.
               369.     499.     387.     460.     493.     505.         6376.
 
  2024         398.     362.     617.     510.     546.     673.
               593.     431.     862.     523.     402.     632.         6549.
 
  2025         708.     772.     427.     680.     644.     387.
               389.     378.     316.     620.     658.     308.         6287.
 
  2026         582.     333.     287.     796.     460.     407.
                                                                         2865.
 
  AVGE         536.     462.     611.     581.     607.     659.
               576.     667.     598.     515.     507.     566.

  Table Total-      154917.   Mean-       574.   Std. Dev.-       214.
                              Min -       160.        Max -      1294.
        bps_permits 12580            PAGE   3, SERIES bps_permits_addi
                        Automatic ARIMA Model Selection

                    Procedure based closely on TRAMO method 
                         of Gomez and Maravall (2000)
              "Automatic Modeling Methods for Univariate Series",
                            A Course in Time Series
                  (Edited by D. Pena, G. C. Tiao, R. S. Tsay),
                         New York : J. Wiley and Sons


     Maximum order for regular ARMA parameters :   2
     Maximum order for seasonal ARMA parameters :   1
     Maximum order for regular differencing :   2
     Maximum order for seasonal differencing :   1

   Results of Unit Root Test for identifying orders of differencing:
     Regular difference order :   0
     Seasonal difference order :   0

  Automatic model choice : (1 0 1)(1 0 1)


  Final Checks for Identified Model


  Checking for Unit Roots.
   No unit roots found.
   Nonseasonal MA not within  0.001 of 1.0 - model passes test.

  Checking for insignificant ARMA coefficients.

  Final automatic model choice : (1 0 1)(1 0 1)
   End of automatic model selection procedure.

 Average absolute percentage error in within-sample forecasts:
  Last year:  46.12      Last-1 year:  25.63     Last-2 year:  24.22
  Last three years:   31.99

 Estimation converged in   35 ARMA iterations,  194 function evaluations.

 Regression Model
 ------------------------------------------------------------------------------
                             Parameter        Standard
 Variable                     Estimate           Error      t-value
 ------------------------------------------------------------------------------
 Constant                     585.0668        77.88102         7.51
 ------------------------------------------------------------------------------


 ARIMA Model:  (1 0 1)(1 0 1)
                                              Standard
 Parameter                    Estimate          Errors
 -----------------------------------------------------
 Nonseasonal AR                                    
   Lag  1                       0.9506         0.02739

 Seasonal AR                                       
   Lag 12                       0.8544         0.04745

 Nonseasonal MA                                    
   Lag  1                       0.7725         0.05577

 Seasonal MA                                       
   Lag 12                       0.7358         0.06080

 Variance                       0.32703E+05
 SE of Var                      0.28146E+04
 -----------------------------------------------------

 Likelihood Statistics
 ------------------------------------------------------------------
 Number of observations (nobs)                                  270
 Effective number of observations (nefobs)                      270
 Number of parameters estimated (np)                              6
 Log likelihood (L)                                      -1787.5201
 AIC                                                      3587.0402 
 AICC (F-corrected-AIC)                                   3587.3596 
 Hannan Quinn                                             3595.7100 
 BIC                                                      3608.6307 
 ------------------------------------------------------------------

 QS Statistic for regARIMA Model Residuals (full series):             0.00
                                                       (P-Value =     1.0000)

 QS Statistic for regARIMA Model Residuals (starting 2018.Jul):       0.00
                                                       (P-Value =     1.0000)
      10*LOG(SPECTRUM) of the regARIMA model residuals
      Spectrum estimated from 2018.Jul to 2026.Jun.
 ++++++++++I+++++++++++++++++++++++++++++++++++++++++++++++++++++++++++++I
      52.76I              *                                              I     52.76
           I              *                                              I
           I              *                                              I
           I              *                                              I
      51.68I              *                                              I     51.68
           I              *                                              I
           I              *                                              I
           I              *                     *                *       I
      50.60I              *           *         *                *       I     50.60
           I              *           *         *                *    *  I
           I              *           *         *                *    *  I
           I              *           *         *                *    *  I
      49.52I             **           *         *                *    *  I     49.52
           I             **           *         *                *    *  I
           I             **           *         *                *    *  I
           I             **           *         *                *    *  I
      48.44I             **           *         *                *    *  I     48.44
           I             **       **  *         *                *    *  I
           I        *    **       **  *         *                *    *  I
           I        *    **       **  *    *    **               *    *  I
      47.35I        *    **       **  *    *    **               *    *  I     47.35
           I       **    **       **  *    *    **               *    *  I
           I       ***   **       ** **    *    **               **   *  I
           I       ***   **       ** **    *    **      **       **   *  I
      46.27I       ***   **       ** **    *    **      **       **  **  I     46.27
           I       ***   ***      ** **    *    **      **       **  **  I
           I       ***   ***      ** **    *    **      **       **  **  I
           I      ****   *** **   ******   *    **      **   *   **  **  I
      45.19I      ****   *** **   ******   *    **      **  **   **  **  I     45.19
           I      ****   *** **   ******  S*    **     **** **  T**  **  I
           I      ****   *** **   ******  S*    **     **** **  T**  **  I
           I      ****S *******   ******  S*   ***     **** **  T**  **  I
      44.11I     *****S *******   ******  S*   ***     *******  T**  **  I     44.11
           I     *****S *******   ******  S*   ***    T*******S T**  *** I
           I     *****S *******  *******  S*   ****   T*******S T**  *** I
           I    ******S *******  *******  S*   ****   T*******S T**  *** I
      43.03I    ******S********  *******  S**  ****  *T*******S*T**  *** I     43.03
           I    ******S********* *******  S**  ****  *T*******S*T**  *** I
           I   *******S********* *******  S**  ****  *T*******S*T*** *** I
           I   *******S********* *******  S**  *****S*T*******S*T******* I
      41.95I   *******S********* *********S**  *****S*T*******S*T*******SI     41.95
           I   *******S*********S*********S**  *****S*T*******S*T*******SI
           I   *******S*********S*********S**  *****S*T*******S*T*******SI
           I   *******S*********S*********S** ******S*T*******S*T*******SI
      40.87I  ********S*********S*********S*********S*T*******S*T*******SI     40.87
           I  ********S*********S*********S*********S*T*******S*T*******SI
           I  ********S*********S*********S*********S*T*******S*T*******SI
           I  ********S*********S*********S*********S*T*******S*T*******SI
      39.78I  ********S*********S*********S*********S*T*******S*T*******SI     39.78
           I  ********S*********S*********S*********S*T*******S*T*******SI
           I *********S*********S*********S*********S*T*******S*T*******SI
           I *********S*********S*********S*********S*T*******S*T*******SI
      38.70I**********S*********S*********S*********S*T*******S*T*******SI     38.70
 ++++++++++I+++++++++++++++++++++++++++++++++++++++++++++++++++++++++++++I
            S=SEASONAL FREQUENCIES, T=TRADING DAY FREQUENCIES


 FORECASTING
  Origin  2026.Jun
  Number        12

  Forecasts and Standard Errors
   ------------------------------
                         Standard
       Date   Forecast      Error
   ------------------------------
   2026.Jul     453.29    181.079
   2026.Aug     477.29    184.011
   2026.Sep     489.61    186.638
   2026.Oct     490.82    188.996
   2026.Nov     493.80    191.119
   2026.Dec     478.40    193.031
   2027.Jan     535.23    194.756
   2027.Feb     482.55    196.316
   2027.Mar     491.13    197.727
   2027.Apr     555.77    199.005
   2027.May     540.29    200.164
   2027.Jun     513.49    201.216
   ------------------------------

  Confidence intervals with coverage probability ( 0.95000
   ---------------------------------------
       Date      Lower  Forecast     Upper
   ---------------------------------------
   2026.Jul      98.38    453.29    808.20
   2026.Aug     116.64    477.29    837.95
   2026.Sep     123.81    489.61    855.42
   2026.Oct     120.39    490.82    861.24
   2026.Nov     119.22    493.80    868.39
   2026.Dec     100.06    478.40    856.73
   2027.Jan     153.51    535.23    916.94
   2027.Feb      97.78    482.55    867.33
   2027.Mar     103.60    491.13    878.67
   2027.Apr     165.72    555.77    945.81
   2027.May     147.98    540.29    932.61
   2027.Jun     119.11    513.49    907.86
   ---------------------------------------
        bps_permits 12580            PAGE   4, SERIES bps_permits_addi

 B 1  Original series (prior adjusted)
  From  2004.Jan to 2026.Jun
  Observations        270
 -----------------------------------------------------------------------------
               Jan      Feb      Mar      Apr      May      Jun 
               Jul      Aug      Sep      Oct      Nov      Dec        TOTAL  
 -----------------------------------------------------------------------------
  2004         539.     576.     826.     871.     726.    1294.
               794.    1068.     651.     873.    1121.     890.        10229.
 
  2005         540.     814.     746.     858.     820.     957.
               993.     834.     663.     920.     819.     780.         9744.
 
  2006         638.     800.     939.     790.     567.     911.
               578.     630.     577.     542.     520.     763.         8255.
 
  2007         544.     541.     657.     426.     580.     638.
               756.     630.     355.     404.     321.     616.         6468.
 
  2008         636.     280.     316.     398.     328.     526.
               763.     419.     439.     268.     202.     214.         4789.
 
  2009         233.     160.     212.     275.     337.     442.
               346.     364.     392.     289.     305.     731.         4086.
 
  2010         362.     259.     852.     432.     437.     445.
               437.     537.     333.     377.     333.     287.         5091.
 
  2011         369.     316.     394.     304.     341.     260.
               346.     635.     304.     317.     345.     857.         4788.
 
  2012         353.     379.     591.     411.     574.     577.
               521.     441.     780.     548.     704.     462.         6341.
 
  2013         607.     461.     742.     512.     663.     908.
               666.     824.     914.     494.     389.     466.         7646.
 
  2014         469.     298.     442.     547.     514.     666.
               660.     591.     938.     581.     463.     650.         6819.
 
  2015         381.     460.     464.     666.     753.     993.
               528.    1126.     378.     472.     369.     425.         7015.
 
  2016         407.     447.     514.     598.     738.     751.
               416.     483.     391.     388.     309.     453.         5895.
 
  2017         475.     424.     548.     536.     685.     591.
               430.     836.    1027.     363.     396.     390.         6701.
 
  2018         722.     532.     890.     785.     590.     591.
              1006.    1239.    1007.     537.     655.     667.         9221.
 
  2019         686.     190.     861.     776.    1073.     585.
               549.     574.     826.     543.     563.     618.         7844.
 
  2020         545.     458.    1001.     443.     662.     555.
               594.    1014.     591.     874.     711.     678.         8126.
 
  2021         449.     474.     600.     459.     535.     573.
               559.     911.     836.     494.     457.     594.         6941.
 
  2022         772.     767.     623.    1001.     480.     892.
               387.     212.     187.     441.     609.     470.         6841.
 
  2023         912.     514.     508.     280.     908.     541.
               369.     499.     387.     460.     493.     505.         6376.
 
  2024         398.     362.     617.     510.     546.     673.
               593.     431.     862.     523.     402.     632.         6549.
 
  2025         708.     772.     427.     680.     644.     387.
               389.     378.     316.     620.     658.     308.         6287.
 
  2026         582.     333.     287.     796.     460.     407.
                                                                         2865.
 
  AVGE         536.     462.     611.     581.     607.     659.
               576.     667.     598.     515.     507.     566.

  Table Total-      154917.   Mean-       574.   Std. Dev.-       214.
                              Min -       160.        Max -      1294.

 B 1.A  Forecasts of (prior adjusted) original series
  From  2026.Jul to 2027.Jun
  Observations         12
 -----------------------------------------------------------------------------
               Jan      Feb      Mar      Apr      May      Jun 
               Jul      Aug      Sep      Oct      Nov      Dec        TOTAL  
 -----------------------------------------------------------------------------
  2026                                                          
               453.     477.     490.     491.     494.     478.         2883.
 
  2027         535.     483.     491.     556.     540.     513.
                                                                         3118.
 
        bps_permits 12580            PAGE   5, SERIES bps_permits_addi

 C 17  Final weights for irregular component
  From  2004.Jan to 2026.Jun
  Observations        270
  Lower sigma limit    1.50
  Upper sigma limit    2.50
 -----------------------------------------------------------------------------
               Jan      Feb      Mar      Apr      May      Jun 
               Jul      Aug      Sep      Oct      Nov      Dec         S.D.  
 -----------------------------------------------------------------------------
  2004         100.     100.     100.     100.     100.       0.
                76.      82.     100.     100.       0.     100.         8008.
 
  2005          91.     100.     100.     100.     100.     100.
               100.     100.     100.     100.     100.     100.         8008.
 
  2006         100.     100.      70.     100.     100.     100.
                28.     100.     100.     100.     100.     100.         8008.
 
  2007         100.     100.     100.      47.     100.     100.
               100.     100.     100.     100.     100.     100.         8325.
 
  2008           0.     100.      97.     100.     100.     100.
                 0.     100.      91.     100.     100.      80.         7951.
 
  2009         100.     100.     100.     100.     100.     100.
               100.     100.     100.     100.     100.       0.         7960.
 
  2010         100.     100.       0.     100.     100.     100.
               100.     100.     100.     100.     100.     100.         8601.
 
  2011         100.     100.     100.     100.     100.      86.
               100.      49.      76.     100.     100.       0.         8675.
 
  2012         100.     100.     100.     100.     100.     100.
               100.       0.     100.     100.      30.      85.         8772.
 
  2013         100.     100.     100.     100.     100.     100.
               100.     100.      74.     100.     100.     100.         9412.
 
  2014         100.     100.     100.     100.     100.     100.
               100.     100.       8.     100.     100.     100.         9564.
 
  2015         100.     100.     100.     100.     100.      44.
               100.       0.       0.     100.     100.     100.         9933.
 
  2016         100.     100.     100.     100.     100.     100.
               100.     100.      85.     100.     100.     100.        11563.
 
  2017         100.     100.     100.     100.     100.     100.
               100.     100.       0.     100.     100.     100.        12475.
 
  2018         100.     100.     100.     100.      50.     100.
                39.      99.     100.     100.     100.     100.        13309.
 
  2019         100.       0.     100.     100.      20.     100.
               100.      24.     100.     100.     100.     100.        13792.
 
  2020         100.     100.      77.     100.     100.     100.
               100.     100.     100.      83.     100.     100.        15522.
 
  2021         100.     100.     100.     100.     100.     100.
               100.     100.     100.     100.     100.     100.        16024.
 
  2022         100.     100.     100.      12.     100.      37.
               100.      67.     100.     100.     100.     100.        16142.
 
  2023           9.     100.     100.      66.      10.     100.
               100.     100.     100.     100.     100.     100.        15574.
 
  2024         100.     100.     100.     100.     100.     100.
               100.     100.      34.     100.      85.     100.        15124.
 
  2025         100.     100.     100.     100.     100.     100.
               100.     100.     100.     100.     100.     100.        14468.
 
  2026         100.     100.     100.      71.     100.     100.
                                                                        14468.
 
        bps_permits 12580            PAGE   6, SERIES bps_permits_addi

 D 8  Final unmodified SI ratios
  From  2004.Jan to 2026.Jun
  Observations        270
 -----------------------------------------------------------------------------
               Jan      Feb      Mar      Apr      May      Jun 
               Jul      Aug      Sep      Oct      Nov      Dec         AVGE  
 -----------------------------------------------------------------------------
  2004        -185.    -172.      61.      88.     -73.     479.
               -32.     236.    -182.      42.     296.      72.           53.
 
  2005        -272.       4.     -65.      44.       2.     133.
               163.      -1.    -175.      83.     -13.     -43.          -12.
 
  2006        -170.      11.     173.      49.    -148.     221.
               -90.     -20.     -58.     -83.     -99.     146.           -6.
 
  2007         -71.     -70.      53.    -167.       1.      76.
               214.     109.    -144.     -73.    -134.     181.           -2.
 
  2008         218.    -124.     -77.      13.     -49.     157.
               405.      74.     108.     -48.    -100.     -75.           42.
 
  2009         -45.    -111.     -58.       1.      53.     145.
                33.      34.      45.     -75.     -74.     339.           24.
 
  2010         -42.    -153.     436.      15.      22.      35.
                33.     139.     -59.      -8.     -44.     -82.           24.
 
  2011           9.     -35.      51.     -31.      11.     -68.
                15.     295.     -50.     -57.     -51.     437.           44.
 
  2012         -90.     -87.     105.     -93.      53.      40.
               -31.    -125.     200.     -46.      96.    -161.          -11.
 
  2013         -30.    -189.      83.    -153.      -3.     246.
                14.     186.     296.    -101.    -181.     -81.            7.
 
  2014         -57.    -213.     -60.      45.       4.     144.
               123.      38.     370.      -1.    -130.      49.           26.
 
  2015        -225.    -148.    -144.      60.     151.     396.
               -62.     544.    -196.     -96.    -193.    -130.           -3.
 
  2016        -139.     -90.     -12.      84.     236.     260.
               -65.       8.     -80.     -83.    -165.     -28.           -6.
 
  2017         -16.     -78.      36.      17.     161.      64.
              -103.     294.     473.    -206.    -191.    -218.           19.
 
  2018          88.    -130.     197.      62.    -160.    -181.
               218.     442.     207.    -260.    -135.    -111.           20.
 
  2019         -77.    -556.     133.      66.     380.     -95.
              -118.     -81.     183.     -91.     -64.      -5.          -27.
 
  2020         -77.    -166.     370.    -199.       8.    -110.
               -81.     334.     -87.     208.      63.      51.           26.
 
  2021        -159.    -118.      20.    -117.     -44.     -17.
               -47.     286.     192.    -166.    -212.     -74.          -38.
 
  2022         115.     131.      15.     425.     -63.     380.
               -98.    -251.    -262.      -2.     163.      15.           47.
 
  2023         446.      38.      24.    -208.     420.      57.
              -108.      29.     -77.      -0.      35.      44.           58.
 
  2024         -70.    -117.     123.      -1.      16.     124.
                27.    -151.     268.     -79.    -202.      32.           -3.
 
  2025         117.     193.    -138.     131.     111.    -128.
              -109.    -104.    -152.     163.     207.    -140.           13.
 
  2026         133.    -118.    -168.     336.      -6.     -66.
                                                                           19.
 
  AVGE         -26.    -100.      50.      20.      47.     100.
                14.     105.      37.     -44.     -51.      10.

  Table Total-        3653.   Mean-        14.   Std. Dev.-       165.
                              Min -      -556.        Max -       544.
        bps_permits 12580            PAGE   7, SERIES bps_permits_addi

 D 8.B  Final unmodified SI ratios, with labels for outliers and extreme values
  From  2004.Jan to 2026.Jun
  Observations        270
 ---------------------------------------------------------------------
               Jan       Feb       Mar       Apr       May       Jun  
               Jul       Aug       Sep       Oct       Nov       Dec  
 ---------------------------------------------------------------------
  2004       -185.     -172.       61.       88.      -73.      479.* 
              -32.*     236.*    -182.       42.      296.*      72.  
 
  2005       -272.*       4.      -65.       44.        2.      133.  
              163.       -1.     -175.       83.      -13.      -43.  
 
  2006       -170.       11.      173.*      49.     -148.      221.  
              -90.*     -20.      -58.      -83.      -99.      146.  
 
  2007        -71.      -70.       53.     -167.*       1.       76.  
              214.      109.     -144.      -73.     -134.      181.  
 
  2008        218.*    -124.      -77.*      13.      -49.      157.  
              405.*      74.      108.*     -48.     -100.      -75.* 
 
  2009        -45.     -111.      -58.        1.       53.      145.  
               33.       34.       45.      -75.      -74.      339.* 
 
  2010        -42.     -153.      436.*      15.       22.       35.  
               33.      139.      -59.       -8.      -44.      -82.  
 
  2011          9.      -35.       51.      -31.       11.      -68.* 
               15.      295.*     -50.*     -57.      -51.      437.* 
 
  2012        -90.      -87.      105.      -93.       53.       40.  
              -31.     -125.*     200.      -46.       96.*    -161.* 
 
  2013        -30.     -189.       83.     -153.       -3.      246.  
               14.      186.      296.*    -101.     -181.      -81.  
 
  2014        -57.     -213.      -60.       45.        4.      144.  
              123.       38.      370.*      -1.     -130.       49.  
 
  2015       -225.     -148.     -144.       60.      151.      396.* 
              -62.      544.*    -196.*     -96.     -193.     -130.  
 
  2016       -139.      -90.      -12.       84.      236.      260.  
              -65.        8.      -80.*     -83.     -165.      -28.  
 
  2017        -16.      -78.       36.       17.      161.       64.  
             -103.      294.      473.*    -206.     -191.     -218.  
 
  2018         88.     -130.      197.       62.     -160.*    -181.  
              218.*     442.*     207.     -260.     -135.     -111.  
 
  2019        -77.     -556.*     133.       66.      380.*     -95.  
             -118.      -81.*     183.      -91.      -64.       -5.  
 
  2020        -77.     -166.      370.*    -199.        8.     -110.  
              -81.      334.      -87.      208.*      63.       51.  
 
  2021       -159.     -118.       20.     -117.      -44.      -17.  
              -47.      286.      192.     -166.     -212.      -74.  
 
  2022        115.      131.       15.      425.*     -63.      380.* 
              -98.     -251.*    -262.       -2.      163.       15.  
 
  2023        446.*      38.       24.     -208.*     420.*      57.  
             -108.       29.      -77.       -0.       35.       44.  
 
  2024        -70.     -117.      123.       -1.       16.      124.  
               27.     -151.      268.*     -79.     -202.*      32.  
 
  2025        117.      193.     -138.      131.      111.     -128.  
             -109.     -104.     -152.      163.      207.     -140.  
 
  2026        133.     -118.     -168.      336.*      -6.      -66.  
                                                                      
 

  Key to symbols:
    *  : extreme value as determined by X-11 extreme value procedure
 
        bps_permits 12580            PAGE   8, SERIES bps_permits_addi

 D 9  Final replacement values for SI ratios
  From  2004.Jan to 2026.Jun
  Observations        270
 ---------------------------------------------------------------
               Jan      Feb      Mar      Apr      May      Jun 
               Jul      Aug      Sep      Oct      Nov      Dec 
 ---------------------------------------------------------------
  2004     ******** ******** ******** ******** ********     202.
                 2.     212. ******** ********     -34. ********
 
  2005        -261. ******** ******** ******** ******** ********
           ******** ******** ******** ******** ******** ********
 
  2006     ******** ********     130. ******** ******** ********
                39. ******** ******** ******** ******** ********
 
  2007     ******** ******** ********     -78. ******** ********
           ******** ******** ******** ******** ******** ********
 
  2008         -63. ********     -74. ******** ******** ********
               103. ********      96. ******** ********     -48.
 
  2009     ******** ******** ******** ******** ******** ********
           ******** ******** ******** ******** ********      60.
 
  2010     ******** ********      64. ******** ******** ********
           ******** ******** ******** ******** ******** ********
 
  2011     ******** ******** ******** ******** ********     -47.
           ********     206.     -14. ******** ********       9.
 
  2012     ******** ******** ******** ******** ******** ********
           ********     115. ******** ********     -39.    -139.
 
  2013     ******** ******** ******** ******** ******** ********
           ******** ********     253. ******** ******** ********
 
  2014     ******** ******** ******** ******** ******** ********
           ******** ********     157. ******** ******** ********
 
  2015     ******** ******** ******** ******** ********     281.
           ********     151.     129. ******** ******** ********
 
  2016     ******** ******** ******** ******** ******** ********
           ******** ********     -51. ******** ******** ********
 
  2017     ******** ******** ******** ******** ******** ********
           ******** ********     112. ******** ******** ********
 
  2018     ******** ******** ******** ********     -27. ********
                46.     441. ******** ******** ******** ********
 
  2019     ********    -124. ******** ********     124. ********
           ********     158. ******** ******** ******** ********
 
  2020     ******** ********     307. ******** ******** ********
           ******** ******** ********     163. ******** ********
 
  2021     ******** ******** ******** ******** ******** ********
           ******** ******** ******** ******** ******** ********
 
  2022     ******** ******** ********      87. ********     165.
           ********    -153. ******** ******** ******** ********
 
  2023         106. ******** ********    -111.      81. ********
           ******** ******** ******** ******** ******** ********
 
  2024     ******** ******** ******** ******** ******** ********
           ******** ********      53. ********    -166. ********
 
  2025     ******** ******** ******** ******** ******** ********
           ******** ******** ******** ******** ******** ********
 
  2026     ******** ******** ********     261. ******** ********
                                                                
 

 D 9.A  Moving seasonality ratio
 ---------------------------------------------------------------
               Jan      Feb      Mar      Apr      May      Jun 
 ---------------------------------------------------------------
   I         92.404   96.868  107.574   85.890   90.229  108.332
   S         19.119   16.035   18.064   16.732   15.215   16.751
 RATIO        4.833    6.041    5.955    5.133    5.930    6.467



 ---------------------------------------------------------------
               Jul      Aug      Sep      Oct      Nov      Dec 
 ---------------------------------------------------------------
   I         83.611  131.952  148.687   95.651   99.887  116.179
   S         11.941   27.011   28.156   18.641   16.249   15.944
 RATIO        7.002    4.885    5.281    5.131    6.147    7.287



        bps_permits 12580            PAGE   9, SERIES bps_permits_addi

 D 10  Final seasonal factors
  From  2004.Jan to 2026.Jun
  Observations        270
  Seasonal filter    3 x 5 moving average
 -----------------------------------------------------------------------------
               Jan      Feb      Mar      Apr      May      Jun 
               Jul      Aug      Sep      Oct      Nov      Dec         AVGE  
 -----------------------------------------------------------------------------
  2004        -185.     -54.      44.      40.     -62.     169.
                90.      71.    -139.       2.     -60.      78.           -0.
 
  2005        -170.     -59.      37.      32.     -58.     164.
                97.      72.    -124.      -5.     -67.      75.           -1.
 
  2006        -147.     -61.      21.      18.     -45.     155.
               106.      62.     -94.     -21.     -76.      70.           -1.
 
  2007        -116.     -71.      14.       9.     -35.     144.
                99.      59.     -55.     -37.     -84.      58.           -1.
 
  2008         -79.     -81.       9.      -4.     -15.     116.
                91.      72.     -29.     -50.     -86.      45.           -1.
 
  2009         -53.     -94.      16.     -13.      -1.      88.
                65.      98.       5.     -52.     -77.      12.           -1.
 
  2010         -41.    -103.      24.     -31.      16.      73.
                41.     122.      42.     -51.     -73.     -20.           -0.
 
  2011         -42.    -116.      38.     -41.      19.      76.
                25.     130.      84.     -47.     -75.     -45.            1.
 
  2012         -54.    -128.      33.     -46.      27.      99.
                19.     139.     115.     -50.     -94.     -52.            1.
 
  2013         -78.    -139.      15.     -32.      49.     137.
                14.     127.     133.     -53.    -116.     -59.           -0.
 
  2014         -96.    -143.      -8.     -14.      81.     177.
                -2.     127.     136.     -73.    -145.     -70.           -3.
 
  2015         -92.    -142.      -9.      17.     102.     171.
                -9.     142.     123.     -99.    -162.     -80.           -3.
 
  2016         -78.    -130.       8.      41.     116.     128.
               -29.     178.     114.    -128.    -165.     -90.           -3.
 
  2017         -59.    -119.      61.      41.     113.      55.
               -47.     213.      97.    -128.    -139.     -81.            1.
 
  2018         -51.    -115.     106.      12.      92.      -5.
               -63.     251.      99.    -123.    -120.     -76.            1.
 
  2019         -35.    -104.     139.     -12.      50.     -44.
               -64.     250.      76.     -96.     -82.     -53.            2.
 
  2020         -29.     -82.     129.     -31.      24.     -38.
               -71.     213.      49.     -70.     -50.     -32.            1.
 
  2021         -22.     -59.     116.     -42.      10.      -0.
               -71.     135.      -2.     -37.     -23.      -5.            0.
 
  2022          -8.     -24.      73.     -37.      17.      30.
               -72.      59.     -32.     -18.      -9.      -4.           -2.
 
  2023          25.       0.      29.       4.      18.      40.
               -63.     -10.     -58.      -6.       8.     -10.           -2.
 
  2024          54.      16.     -16.      47.      32.      23.
               -62.     -52.     -59.       7.      23.     -20.           -0.
 
  2025          67.       3.     -35.      84.      38.       4.
               -54.     -72.     -56.      20.      27.     -21.            0.
 
  2026          69.      -2.     -53.     103.      44.     -19.
                                                                           24.
 
  AVGE         -53.     -79.      34.       6.      27.      76.
                 2.     108.      19.     -51.     -75.     -17.

  Table Total-          -1.   Mean-        -0.   Std. Dev.-        82.
                              Min -      -185.        Max -       251.

 D 10.A  Final seasonal component forecasts
  From  2026.Jul to 2027.Jun
  Observations         12
 -----------------------------------------------------------------------------
               Jan      Feb      Mar      Apr      May      Jun 
               Jul      Aug      Sep      Oct      Nov      Dec         AVGE  
 -----------------------------------------------------------------------------
  2026                                                          
               -47.     -71.     -40.      23.      16.     -28.          -24.
 
  2027          73.       1.     -69.     127.      43.     -34.
                                                                           23.
 
        bps_permits 12580            PAGE  10, SERIES bps_permits_addi

 D 11  Final seasonally adjusted data
  From  2004.Jan to 2026.Jun
  Observations        270
 -----------------------------------------------------------------------------
               Jan      Feb      Mar      Apr      May      Jun 
               Jul      Aug      Sep      Oct      Nov      Dec        TOTAL  
 -----------------------------------------------------------------------------
  2004         724.     630.     782.     831.     788.    1125.
               704.     997.     790.     871.    1181.     812.        10233.
 
  2005         710.     873.     709.     826.     878.     793.
               896.     762.     787.     925.     886.     705.         9750.
 
  2006         785.     861.     918.     772.     612.     756.
               472.     568.     671.     563.     596.     693.         8266.
 
  2007         660.     612.     643.     417.     615.     494.
               657.     571.     410.     441.     405.     558.         6484.
 
  2008         715.     361.     307.     402.     343.     410.
               672.     347.     468.     318.     288.     169.         4799.
 
  2009         286.     254.     196.     288.     338.     354.
               281.     266.     387.     341.     382.     719.         4093.
 
  2010         403.     362.     828.     463.     421.     372.
               396.     415.     291.     428.     406.     307.         5093.
 
  2011         411.     432.     356.     345.     322.     184.
               321.     505.     220.     364.     420.     902.         4781.
 
  2012         407.     507.     558.     457.     547.     478.
               502.     302.     665.     598.     798.     514.         6332.
 
  2013         685.     600.     727.     544.     614.     771.
               652.     697.     781.     547.     505.     525.         7649.
 
  2014         565.     441.     450.     561.     433.     489.
               662.     464.     802.     654.     608.     720.         6849.
 
  2015         473.     602.     473.     649.     651.     822.
               537.     984.     255.     571.     531.     505.         7051.
 
  2016         485.     577.     506.     557.     622.     623.
               445.     305.     277.     516.     474.     543.         5929.
 
  2017         534.     543.     487.     495.     572.     536.
               477.     623.     930.     491.     535.     471.         6694.
 
  2018         773.     647.     784.     773.     498.     596.
              1069.     988.     908.     660.     775.     743.         9214.
 
  2019         721.     294.     722.     788.    1023.     629.
               613.     324.     750.     639.     645.     671.         7818.
 
  2020         574.     540.     872.     474.     638.     593.
               665.     801.     542.     944.     761.     710.         8115.
 
  2021         471.     533.     484.     501.     525.     573.
               630.     776.     838.     531.     480.     599.         6940.
 
  2022         780.     791.     550.    1038.     463.     862.
               459.     153.     219.     459.     618.     474.         6868.
 
  2023         887.     514.     479.     276.     890.     501.
               432.     509.     445.     466.     485.     515.         6399.
 
  2024         344.     346.     633.     463.     514.     650.
               655.     483.     921.     516.     379.     652.         6554.
 
  2025         641.     769.     462.     596.     606.     383.
               443.     450.     372.     600.     631.     329.         6281.
 
  2026         513.     335.     340.     693.     416.     426.
                                                                         2724.
 
  AVGE         589.     540.     577.     574.     580.     583.
               574.     559.     579.     565.     581.     583.

  Table Total-      154918.   Mean-       574.   Std. Dev.-       192.
                              Min -       153.        Max -      1181.
        bps_permits 12580            PAGE  11, SERIES bps_permits_addi

 D 12  Final trend cycle
  From  2004.Jan to 2026.Jun
  Observations        270
  Trend filter    23-term Henderson moving average
  I/C ratio        5.16
 -----------------------------------------------------------------------------
               Jan      Feb      Mar      Apr      May      Jun 
               Jul      Aug      Sep      Oct      Nov      Dec        TOTAL  
 -----------------------------------------------------------------------------
  2004         728.     751.     765.     783.     799.     814.
               825.     832.     834.     833.     828.     821.         9611.
 
  2005         815.     811.     811.     812.     815.     821.
               826.     832.     836.     837.     834.     826.         9878.
 
  2006         813.     793.     769.     742.     714.     688.
               665.     646.     632.     623.     618.     617.         8321.
 
  2007         616.     613.     606.     595.     580.     563.
               542.     520.     498.     475.     453.     433.         6497.
 
  2008         416.     403.     393.     385.     379.     372.
               361.     348.     333.     317.     302.     287.         4295.
 
  2009         275.     268.     267.     272.     282.     296.
               313.     331.     349.     366.     382.     395.         3797.
 
  2010         406.     413.     416.     416.     412.     406.
               400.     395.     390.     385.     380.     374.         4792.
 
  2011         365.     356.     346.     335.     327.     324.
               326.     336.     352.     373.     397.     422.         4259.
 
  2012         446.     468.     487.     504.     520.     536.
               552.     567.     581.     595.     608.     621.         6486.
 
  2013         634.     646.     656.     663.     666.     665.
               657.     643.     623.     598.     571.     544.         7568.
 
  2014         521.     504.     496.     498.     508.     524.
               542.     559.     573.     585.     593.     600.         6501.
 
  2015         603.     606.     607.     606.     603.     598.
               591.     581.     573.     565.     559.     553.         7044.
 
  2016         546.     539.     529.     519.     506.     493.
               480.     471.     465.     464.     469.     478.         5959.
 
  2017         492.     507.     519.     527.     530.     531.
               533.     538.     548.     562.     580.     604.         6471.
 
  2018         631.     663.     696.     728.     756.     778.
               792.     799.     800.     796.     787.     774.         9000.
 
  2019         759.     741.     724.     707.     693.     681.
               672.     661.     650.     639.     630.     623.         8181.
 
  2020         618.     618.     623.     634.     648.     663.
               677.     686.     686.     675.     655.     632.         7816.
 
  2021         609.     589.     575.     569.     571.     583.
               602.     624.     645.     664.     675.     674.         7380.
 
  2022         663.     641.     610.     576.     540.     507.
               479.     457.     444.     440.     445.     457.         6259.
 
  2023         470.     482.     490.     494.     491.     484.
               474.     465.     458.     455.     454.     459.         5676.
 
  2024         469.     482.     498.     515.     534.     551.
               567.     581.     592.     600.     602.     599.         6589.
 
  2025         590.     579.     565.     549.     533.     515.
               498.     482.     469.     459.     453.     450.         6142.
 
  2026         450.     451.     454.     458.     463.     470.
                                                                         2746.
 
  AVGE         562.     562.     561.     560.     560.     559.
               562.     562.     561.     559.     558.     556.

  Table Total-      151268.   Mean-       560.   Std. Dev.-       140.
                              Min -       267.        Max -       837.
        bps_permits 12580            PAGE  12, SERIES bps_permits_addi

 D 13  Final irregular component
  From  2004.Jan to 2026.Jun
  Observations        270
 -----------------------------------------------------------------------------
               Jan      Feb      Mar      Apr      May      Jun 
               Jul      Aug      Sep      Oct      Nov      Dec         S.D.  
 -----------------------------------------------------------------------------
  2004          -4.    -120.      17.      48.     -11.     311.
              -121.     165.     -44.      38.     353.      -9.          154.
 
  2005        -105.      62.    -101.      14.      62.     -28.
                69.     -70.     -49.      88.      52.    -121.           75.
 
  2006         -28.      67.     149.      30.    -102.      68.
              -193.     -78.      38.     -61.     -22.      76.           90.
 
  2007          43.      -1.      37.    -178.      35.     -69.
               114.      50.     -88.     -34.     -49.     125.           83.
 
  2008         299.     -42.     -85.      17.     -36.      39.
               310.      -1.     135.       1.     -14.    -118.          139.
 
  2009          11.     -14.     -71.      16.      56.      58.
               -32.     -65.      38.     -26.       1.     324.          102.
 
  2010          -3.     -51.     412.      48.      10.     -34.
                -4.      21.     -99.      43.      26.     -66.          127.
 
  2011          45.      76.      11.       9.      -5.    -140.
                -5.     170.    -131.      -9.      22.     480.          159.
 
  2012         -40.      39.      71.     -47.      26.     -58.
               -49.    -265.      84.       3.     190.    -107.          109.
 
  2013          51.     -46.      71.    -119.     -52.     107.
                -5.      53.     158.     -52.     -66.     -19.           78.
 
  2014          45.     -63.     -45.      63.     -75.     -36.
               120.     -95.     229.      70.      15.     121.           97.
 
  2015        -131.      -4.    -134.      43.      48.     224.
               -53.     403.    -318.       5.     -28.     -48.          173.
 
  2016         -61.      38.     -23.      38.     116.     130.
               -36.    -166.    -188.      52.       5.      64.           95.
 
  2017          42.      36.     -32.     -32.      42.       5.
               -56.      85.     382.     -71.     -45.    -132.          125.
 
  2018         141.     -16.      88.      45.    -258.    -181.
               277.     189.     108.    -136.     -12.     -32.          151.
 
  2019         -38.    -447.      -3.      81.     330.     -53.
               -59.    -337.     100.      -0.      15.      48.          194.
 
  2020         -44.     -78.     248.    -160.     -10.     -70.
               -12.     115.    -144.     269.     106.      78.          137.
 
  2021        -137.     -57.     -91.     -68.     -47.     -10.
                28.     153.     193.    -133.    -195.     -76.          116.
 
  2022         118.     150.     -60.     463.     -77.     354.
               -20.    -304.    -224.      20.     173.      18.          216.
 
  2023         417.      32.     -11.    -218.     399.      17.
               -42.      44.     -13.      11.      31.      56.          180.
 
  2024        -125.    -136.     135.     -53.     -20.      99.
                88.     -98.     329.     -84.    -223.      53.          145.
 
  2025          50.     190.    -103.      47.      73.    -132.
               -54.     -33.     -96.     141.     178.    -121.          113.
 
  2026          63.    -116.    -113.     235.     -47.     -44.
                                                                          122.
 
  S.D.         130.     122.     127.     136.     131.     134.
               114.     171.     175.      87.     124.     147.

  Table Total-        3650.   Mean-        14.   Std. Dev.-       135.
                              Min -      -447.        Max -       480.
        bps_permits 12580            PAGE  13, SERIES bps_permits_addi

 D 16  Combined adjustment factors
  From  2004.Jan to 2026.Jun
  Observations        270
 -----------------------------------------------------------------------------
               Jan      Feb      Mar      Apr      May      Jun 
               Jul      Aug      Sep      Oct      Nov      Dec         AVGE  
 -----------------------------------------------------------------------------
  2004        -185.     -54.      44.      40.     -62.     169.
                90.      71.    -139.       2.     -60.      78.           -0.
 
  2005        -170.     -59.      37.      32.     -58.     164.
                97.      72.    -124.      -5.     -67.      75.           -1.
 
  2006        -147.     -61.      21.      18.     -45.     155.
               106.      62.     -94.     -21.     -76.      70.           -1.
 
  2007        -116.     -71.      14.       9.     -35.     144.
                99.      59.     -55.     -37.     -84.      58.           -1.
 
  2008         -79.     -81.       9.      -4.     -15.     116.
                91.      72.     -29.     -50.     -86.      45.           -1.
 
  2009         -53.     -94.      16.     -13.      -1.      88.
                65.      98.       5.     -52.     -77.      12.           -1.
 
  2010         -41.    -103.      24.     -31.      16.      73.
                41.     122.      42.     -51.     -73.     -20.           -0.
 
  2011         -42.    -116.      38.     -41.      19.      76.
                25.     130.      84.     -47.     -75.     -45.            1.
 
  2012         -54.    -128.      33.     -46.      27.      99.
                19.     139.     115.     -50.     -94.     -52.            1.
 
  2013         -78.    -139.      15.     -32.      49.     137.
                14.     127.     133.     -53.    -116.     -59.           -0.
 
  2014         -96.    -143.      -8.     -14.      81.     177.
                -2.     127.     136.     -73.    -145.     -70.           -3.
 
  2015         -92.    -142.      -9.      17.     102.     171.
                -9.     142.     123.     -99.    -162.     -80.           -3.
 
  2016         -78.    -130.       8.      41.     116.     128.
               -29.     178.     114.    -128.    -165.     -90.           -3.
 
  2017         -59.    -119.      61.      41.     113.      55.
               -47.     213.      97.    -128.    -139.     -81.            1.
 
  2018         -51.    -115.     106.      12.      92.      -5.
               -63.     251.      99.    -123.    -120.     -76.            1.
 
  2019         -35.    -104.     139.     -12.      50.     -44.
               -64.     250.      76.     -96.     -82.     -53.            2.
 
  2020         -29.     -82.     129.     -31.      24.     -38.
               -71.     213.      49.     -70.     -50.     -32.            1.
 
  2021         -22.     -59.     116.     -42.      10.      -0.
               -71.     135.      -2.     -37.     -23.      -5.            0.
 
  2022          -8.     -24.      73.     -37.      17.      30.
               -72.      59.     -32.     -18.      -9.      -4.           -2.
 
  2023          25.       0.      29.       4.      18.      40.
               -63.     -10.     -58.      -6.       8.     -10.           -2.
 
  2024          54.      16.     -16.      47.      32.      23.
               -62.     -52.     -59.       7.      23.     -20.           -0.
 
  2025          67.       3.     -35.      84.      38.       4.
               -54.     -72.     -56.      20.      27.     -21.            0.
 
  2026          69.      -2.     -53.     103.      44.     -19.
                                                                           24.
 
  AVGE         -53.     -79.      34.       6.      27.      76.
                 2.     108.      19.     -51.     -75.     -17.

  Table Total-          -1.   Mean-        -0.   Std. Dev.-        82.
                              Min -      -185.        Max -       251.

 D 16.A  Combined adjustment component forecasts
  From  2026.Jul to 2027.Jun
  Observations         12
 -----------------------------------------------------------------------------
               Jan      Feb      Mar      Apr      May      Jun 
               Jul      Aug      Sep      Oct      Nov      Dec         AVGE  
 -----------------------------------------------------------------------------
  2026                                                          
               -47.     -71.     -40.      23.      16.     -28.          -24.
 
  2027          73.       1.     -69.     127.      43.     -34.
                                                                           23.
 
        bps_permits 12580            PAGE  14, SERIES bps_permits_addi

 E 4  Differences of annual totals
  From          2004 to 2025
  Observations         22
 -----------------------------------
  Year       Unmodified     Modified
                  (D11)         (E2)
 -----------------------------------
  2004              -4.          -4.
 
  2005              -6.          -6.
 
  2006             -11.         -11.
 
  2007             -16.         -16.
 
  2008             -10.         -10.
 
  2009              -7.          -7.
 
  2010              -2.          -2.
 
  2011               7.           7.
 
  2012               9.           9.
 
  2013              -3.          -3.
 
  2014             -30.         -30.
 
  2015             -36.         -36.
 
  2016             -34.         -34.
 
  2017               7.           7.
 
  2018               7.           7.
 
  2019              26.          26.
 
  2020              11.          11.
 
  2021               1.           1.
 
  2022             -27.         -27.
 
  2023             -23.         -23.
 
  2024              -5.          -5.
 
  2025               6.           6.
 
        bps_permits 12580            PAGE  15, SERIES bps_permits_addi

 E 5  Month-to-month differences in the original series
  From  2004.Feb to 2026.Jun
  Observations        269
 -----------------------------------------------------------------------------
               Jan      Feb      Mar      Apr      May      Jun 
               Jul      Aug      Sep      Oct      Nov      Dec         AVGE  
 -----------------------------------------------------------------------------
  2004                   37.     250.      45.    -145.     568.
              -500.     274.    -417.     222.     248.    -231.           32.
 
  2005        -350.     274.     -68.     112.     -38.     137.
                36.    -159.    -171.     257.    -101.     -39.           -9.
 
  2006        -142.     162.     139.    -149.    -223.     344.
              -333.      52.     -53.     -35.     -22.     243.           -1.
 
  2007        -219.      -3.     116.    -231.     154.      58.
               118.    -126.    -275.      49.     -83.     295.          -12.
 
  2008          20.    -356.      36.      82.     -70.     198.
               237.    -344.      20.    -171.     -66.      12.          -33.
 
  2009          19.     -73.      52.      63.      62.     105.
               -96.      18.      28.    -103.      16.     426.           43.
 
  2010        -369.    -103.     593.    -420.       5.       8.
                -8.     100.    -204.      44.     -44.     -46.          -37.
 
  2011          82.     -53.      78.     -90.      37.     -81.
                86.     289.    -331.      13.      28.     512.           48.
 
  2012        -504.      26.     212.    -180.     163.       3.
               -56.     -80.     339.    -232.     156.    -242.          -33.
 
  2013         145.    -146.     281.    -230.     151.     245.
              -242.     158.      90.    -420.    -105.      77.            0.
 
  2014           3.    -171.     144.     105.     -33.     152.
                -6.     -69.     347.    -357.    -118.     187.           15.
 
  2015        -269.      79.       4.     202.      87.     240.
              -465.     598.    -748.      94.    -103.      56.          -19.
 
  2016         -18.      40.      67.      84.     140.      13.
              -335.      67.     -92.      -3.     -79.     144.            2.
 
  2017          22.     -51.     124.     -12.     149.     -94.
              -161.     406.     191.    -664.      33.      -6.           -5.
 
  2018         332.    -190.     358.    -105.    -195.       1.
               415.     233.    -232.    -470.     118.      12.           23.
 
  2019          19.    -496.     671.     -85.     297.    -488.
               -36.      25.     252.    -283.      20.      55.           -4.
 
  2020         -73.     -87.     543.    -558.     219.    -107.
                39.     420.    -423.     283.    -163.     -33.            5.
 
  2021        -229.      25.     126.    -141.      76.      38.
               -14.     352.     -75.    -342.     -37.     137.           -7.
 
  2022         178.      -5.    -144.     378.    -521.     412.
              -505.    -175.     -25.     254.     168.    -139.          -10.
 
  2023         442.    -398.      -6.    -228.     628.    -367.
              -172.     130.    -112.      73.      33.      12.            3.
 
  2024        -107.     -36.     255.    -107.      36.     127.
               -80.    -162.     431.    -339.    -121.     230.           11.
 
  2025          76.      64.    -345.     253.     -36.    -257.
                 2.     -11.     -62.     304.      38.    -350.          -27.
 
  2026         274.    -249.     -46.     509.    -336.     -53.
                                                                           17.
 
  AVGE         -30.     -74.     150.     -31.      26.      52.
               -94.      91.     -69.     -83.      -8.      60.

  Table Total-        -132.   Mean-        -0.   Std. Dev.-       235.
                              Min -      -748.        Max -       671.
        bps_permits 12580            PAGE  16, SERIES bps_permits_addi

 E 6  Month-to-month differences in seasonally adjusted series (D11)
  From  2004.Feb to 2026.Jun
  Observations        269
 -----------------------------------------------------------------------------
               Jan      Feb      Mar      Apr      May      Jun 
               Jul      Aug      Sep      Oct      Nov      Dec         AVGE  
 -----------------------------------------------------------------------------
  2004                  -93.     151.      49.     -43.     337.
              -421.     294.    -208.      81.     310.    -370.            8.
 
  2005        -102.     163.    -164.     117.      51.     -85.
               103.    -134.      25.     138.     -39.    -181.           -9.
 
  2006          80.      76.      57.    -146.    -160.     144.
              -284.      96.     103.    -108.      34.      96.           -1.
 
  2007         -33.     -48.      31.    -226.     198.    -122.
               163.     -86.    -161.      31.     -37.     154.          -11.
 
  2008         157.    -355.     -53.      95.     -59.      67.
               262.    -325.     121.    -150.     -30.    -118.          -32.
 
  2009         117.     -32.     -58.      92.      50.      16.
               -73.     -15.     121.     -47.      42.     337.           46.
 
  2010        -316.     -41.     466.    -365.     -42.     -50.
                24.      20.    -124.     137.     -23.     -98.          -34.
 
  2011         103.      21.     -76.     -11.     -22.    -139.
               138.     184.    -285.     143.      56.     482.           50.
 
  2012        -495.     101.      51.    -101.      89.     -69.
                24.    -201.     363.     -66.     200.    -284.          -32.
 
  2013         171.     -85.     127.    -183.      70.     157.
              -119.      44.      84.    -234.     -42.      21.            1.
 
  2014          40.    -124.       9.     110.    -127.      56.
               173.    -198.     338.    -147.     -46.     112.           16.
 
  2015        -248.     129.    -129.     176.       2.     171.
              -284.     447.    -729.     316.     -40.     -26.          -18.
 
  2016         -20.      91.     -70.      51.      65.       1.
              -178.    -140.     -28.     239.     -42.      69.            3.
 
  2017          -8.       8.     -56.       8.      78.     -37.
               -59.     146.     308.    -440.      44.     -63.           -6.
 
  2018         301.    -126.     137.     -10.    -275.      98.
               473.     -81.     -81.    -248.     116.     -32.           23.
 
  2019         -22.    -427.     427.      66.     235.    -394.
               -16.    -289.     426.    -111.       6.      26.           -6.
 
  2020         -97.     -34.     332.    -397.     163.     -44.
                72.     136.    -260.     402.    -182.     -51.            3.
 
  2021        -239.      61.     -49.      17.      24.      49.
                57.     146.      62.    -308.     -51.     119.           -9.
 
  2022         182.      10.    -240.     488.    -575.     398.
              -403.    -306.      66.     240.     159.    -144.          -10.
 
  2023         413.    -373.     -35.    -203.     614.    -389.
               -69.      77.     -65.      21.      20.      30.            3.
 
  2024        -172.       2.     287.    -170.      51.     136.
                 5.    -172.     439.    -405.    -137.     273.           11.
 
  2025         -11.     128.    -307.     134.      10.    -223.
                61.       6.     -77.     227.      31.    -302.          -27.
 
  2026         184.    -178.       5.     352.    -276.      10.
                                                                           16.
 
  AVGE          -1.     -49.      37.      -3.       5.       4.
               -16.     -16.      20.     -13.      16.       2.

  Table Total-        -297.   Mean-        -1.   Std. Dev.-       201.
                              Min -      -729.        Max -       614.
        bps_permits 12580            PAGE  17, SERIES bps_permits_addi

 E 7  Month-to-month differences in final trend cycle (D12)
  From  2004.Feb to 2026.Jun
  Observations        269
 -----------------------------------------------------------------------------
               Jan      Feb      Mar      Apr      May      Jun 
               Jul      Aug      Sep      Oct      Nov      Dec         AVGE  
 -----------------------------------------------------------------------------
  2004                   23.      14.      18.      16.      15.
                11.       7.       2.      -2.      -5.      -7.            8.
 
  2005          -6.      -3.      -0.       1.       3.       5.
                 6.       6.       4.       1.      -3.      -8.            0.
 
  2006         -14.     -19.     -24.     -27.     -28.     -27.
               -23.     -19.     -14.      -9.      -5.      -1.          -17.
 
  2007          -1.      -3.      -7.     -11.     -15.     -18.
               -20.     -22.     -22.     -23.     -22.     -20.          -15.
 
  2008         -17.     -14.     -10.      -7.      -6.      -7.
               -10.     -13.     -15.     -16.     -16.     -14.          -12.
 
  2009         -12.      -7.      -1.       5.      10.      14.
                17.      18.      18.      17.      15.      13.            9.
 
  2010          11.       7.       3.      -0.      -4.      -6.
                -6.      -5.      -5.      -5.      -5.      -6.           -2.
 
  2011          -8.      -9.     -10.     -10.      -8.      -4.
                 2.       9.      16.      21.      24.      25.            4.
 
  2012          24.      22.      19.      17.      16.      16.
                16.      15.      14.      14.      13.      13.           17.
 
  2013          13.      12.      10.       7.       3.      -2.
                -7.     -14.     -20.     -25.     -27.     -27.           -6.
 
  2014         -24.     -17.      -8.       2.      11.      16.
                17.      17.      14.      11.       9.       6.            5.
 
  2015           4.       2.       1.      -1.      -3.      -5.
                -8.      -9.      -9.      -7.      -6.      -6.           -4.
 
  2016          -7.      -7.      -9.     -11.     -13.     -13.
               -13.      -9.      -6.      -1.       4.      10.           -6.
 
  2017          14.      15.      12.       8.       3.       0.
                 2.       6.      10.      14.      18.      23.           10.
 
  2018          28.      31.      33.      32.      28.      22.
                14.       7.       1.      -5.      -9.     -12.           14.
 
  2019         -15.     -18.     -17.     -17.     -14.     -11.
               -10.     -10.     -11.     -10.      -9.      -7.          -13.
 
  2020          -5.      -0.       5.      10.      14.      15.
                14.       9.      -0.     -11.     -20.     -23.            1.
 
  2021         -23.     -19.     -14.      -7.       3.      12.
                19.      22.      22.      19.      11.      -0.            4.
 
  2022         -12.     -22.     -30.     -35.     -35.     -33.
               -28.     -22.     -14.      -4.       5.      12.          -18.
 
  2023          13.      12.       8.       3.      -2.      -7.
               -10.     -10.      -7.      -3.      -0.       5.            0.
 
  2024          10.      13.      16.      18.      18.      17.
                16.      14.      11.       8.       3.      -4.           12.
 
  2025          -8.     -12.     -14.     -15.     -17.     -17.
               -17.     -16.     -13.     -10.      -6.      -2.          -12.
 
  2026          -0.       1.       3.       4.       6.       7.
                                                                            3.
 
  AVGE          -2.      -1.      -1.      -1.      -1.      -0.
                -1.      -1.      -1.      -1.      -1.      -1.

  Table Total-        -257.   Mean-        -1.   Std. Dev.-        14.
                              Min -       -35.        Max -        33.
        bps_permits 12580            PAGE  18, SERIES bps_permits_addi

 E 8  Month-to-month differences in original series adjusted for calendar factors (A18)
  From  2004.Feb to 2026.Jun
  Observations        269
 -----------------------------------------------------------------------------
               Jan      Feb      Mar      Apr      May      Jun 
               Jul      Aug      Sep      Oct      Nov      Dec         AVGE  
 -----------------------------------------------------------------------------
  2004                   37.     250.      45.    -145.     568.
              -500.     274.    -417.     222.     248.    -231.           32.
 
  2005        -350.     274.     -68.     112.     -38.     137.
                36.    -159.    -171.     257.    -101.     -39.           -9.
 
  2006        -142.     162.     139.    -149.    -223.     344.
              -333.      52.     -53.     -35.     -22.     243.           -1.
 
  2007        -219.      -3.     116.    -231.     154.      58.
               118.    -126.    -275.      49.     -83.     295.          -12.
 
  2008          20.    -356.      36.      82.     -70.     198.
               237.    -344.      20.    -171.     -66.      12.          -33.
 
  2009          19.     -73.      52.      63.      62.     105.
               -96.      18.      28.    -103.      16.     426.           43.
 
  2010        -369.    -103.     593.    -420.       5.       8.
                -8.     100.    -204.      44.     -44.     -46.          -37.
 
  2011          82.     -53.      78.     -90.      37.     -81.
                86.     289.    -331.      13.      28.     512.           48.
 
  2012        -504.      26.     212.    -180.     163.       3.
               -56.     -80.     339.    -232.     156.    -242.          -33.
 
  2013         145.    -146.     281.    -230.     151.     245.
              -242.     158.      90.    -420.    -105.      77.            0.
 
  2014           3.    -171.     144.     105.     -33.     152.
                -6.     -69.     347.    -357.    -118.     187.           15.
 
  2015        -269.      79.       4.     202.      87.     240.
              -465.     598.    -748.      94.    -103.      56.          -19.
 
  2016         -18.      40.      67.      84.     140.      13.
              -335.      67.     -92.      -3.     -79.     144.            2.
 
  2017          22.     -51.     124.     -12.     149.     -94.
              -161.     406.     191.    -664.      33.      -6.           -5.
 
  2018         332.    -190.     358.    -105.    -195.       1.
               415.     233.    -232.    -470.     118.      12.           23.
 
  2019          19.    -496.     671.     -85.     297.    -488.
               -36.      25.     252.    -283.      20.      55.           -4.
 
  2020         -73.     -87.     543.    -558.     219.    -107.
                39.     420.    -423.     283.    -163.     -33.            5.
 
  2021        -229.      25.     126.    -141.      76.      38.
               -14.     352.     -75.    -342.     -37.     137.           -7.
 
  2022         178.      -5.    -144.     378.    -521.     412.
              -505.    -175.     -25.     254.     168.    -139.          -10.
 
  2023         442.    -398.      -6.    -228.     628.    -367.
              -172.     130.    -112.      73.      33.      12.            3.
 
  2024        -107.     -36.     255.    -107.      36.     127.
               -80.    -162.     431.    -339.    -121.     230.           11.
 
  2025          76.      64.    -345.     253.     -36.    -257.
                 2.     -11.     -62.     304.      38.    -350.          -27.
 
  2026         274.    -249.     -46.     509.    -336.     -53.
                                                                           17.
 
  AVGE         -30.     -74.     150.     -31.      26.      52.
               -94.      91.     -69.     -83.      -8.      60.

  Table Total-        -132.   Mean-        -0.   Std. Dev.-       235.
                              Min -      -748.        Max -       671.
        bps_permits 12580            PAGE  19, SERIES bps_permits_addi

 E 18  Final adjustment ratios
  From  2004.Jan to 2026.Jun
  Observations        270
 -----------------------------------------------------------------------------
               Jan      Feb      Mar      Apr      May      Jun 
               Jul      Aug      Sep      Oct      Nov      Dec         AVGE  
 -----------------------------------------------------------------------------
  2004       74.471   91.375  105.652  104.821   92.162  115.059
            112.855  107.082   82.440  100.253   94.907  109.663        99.228
 
  2005       76.074   93.221  105.164  103.849   93.433  120.719
            110.848  109.421   84.239   99.450   92.461  110.611        99.957
 
  2006       81.276   92.959  102.300  102.295   92.620  120.499
            122.500  110.904   86.047   96.345   87.180  110.163       100.424
 
  2007       82.470   88.393  102.121  102.085   94.245  129.265
            115.148  110.346   86.503   91.513   79.298  110.303        99.307
 
  2008       88.927   77.653  102.900   98.960   95.588  128.239
            113.588  120.852   93.780   84.335   70.244  126.516       100.132
 
  2009       81.375   62.900  108.014   95.427   99.672  124.885
            123.173  136.727  101.251   84.838   79.804  101.677        99.979
 
  2010       89.872   71.508  102.904   93.261  103.684  119.723
            110.437  129.257  114.402   87.994   82.083   93.370        99.875
 
  2011       89.881   73.160  110.571   88.156  105.750  141.653
            107.720  125.726  137.965   87.129   82.238   95.053       103.750
 
  2012       86.828   74.705  105.892   89.844  105.023  120.746
            103.726  146.138  117.364   91.613   88.251   89.892       101.669
 
  2013       88.567   76.770  102.060   94.106  107.897  117.744
            102.102  118.264  117.025   90.338   77.098   88.687        98.388
 
  2014       82.975   67.574   98.150   97.587  118.626  136.236
             99.767  127.375  117.009   88.798   76.105   90.242       100.037
 
  2015       80.606   76.467   98.119  102.658  115.729  120.825
             98.239  114.426  148.331   82.723   69.534   84.159        99.318
 
  2016       83.892   77.531  101.514  107.354  118.691  120.564
             93.583  158.517  141.199   75.170   65.212   83.481       102.226
 
  2017       88.877   78.112  112.480  108.324  119.651  110.289
             90.237  134.234  110.386   73.956   74.049   82.727        98.610
 
  2018       93.429   82.282  113.588  101.493  118.457   99.090
             94.091  125.359  110.923   81.411   84.497   89.801        99.535
 
  2019       95.178   64.594  119.333   98.496  104.863   93.025
             89.560  177.303  110.133   85.003   87.269   92.082       101.403
 
  2020       94.883   84.796  114.817   93.389  103.823   93.535
             89.264  126.538  109.131   92.632   93.392   95.486        99.307
 
  2021       95.238   88.967  123.951   91.692  101.997   99.980
             88.709  117.372   99.722   93.107   95.283   99.225        99.603
 
  2022       98.922   97.008  113.203   96.402  103.627  103.529
             84.308  138.551   85.219   96.057   98.474   99.052       101.196
 
  2023      102.798  100.053  106.007  101.544  102.034  107.939
             85.386   98.012   87.045   98.767  101.583   98.024        99.099
 
  2024      115.818  104.583   97.519  110.212  106.281  103.586
             90.585   89.282   93.560  101.338  106.071   97.006       101.320
 
  2025      110.515  100.445   92.416  114.094  106.263  101.077
             87.712   84.090   84.837  103.411  104.321   93.607        98.566
 
  2026      113.448   99.424   84.367  114.924  110.479   95.433
                                                                       103.012
 
  AVGE       91.144   83.673  105.350  100.477  105.243  114.071
            100.615  122.990  105.387   90.281   85.880   97.310

  Table Total-       27053.   Mean-       100.   Std. Dev.-        17.
                              Min -        63.        Max -       177.

 E 18.A  Final adjustment ratio forecasts
  From  2026.Jul to 2027.Jun
  Observations         12
 -----------------------------------------------------------------------------
               Jan      Feb      Mar      Apr      May      Jun 
               Jul      Aug      Sep      Oct      Nov      Dec         AVGE  
 -----------------------------------------------------------------------------
  2026                                                          
             90.562   87.070   92.438  104.898  103.452   94.490        95.485
 
  2027      115.791  100.171   87.640  129.473  108.628   93.815
                                                                       105.920
 

  QS statistic for seasonality:
  Original Series                                     4.65  (P-Value =     0.0975)
  Original Series (EV adj)                            4.65  (P-Value =     0.0975)
  Residuals                                           0.00  (P-Value =     1.0000)
  Seasonally Adjusted Series                          0.00  (P-Value =     1.0000)
  Seasonally Adjusted Series (EV adj)                 0.00  (P-Value =     1.0000)
  Irregular Series                                    0.00  (P-Value =     1.0000)
  Irregular Series (EV adj)                           0.00  (P-Value =     1.0000)

  QS statistic for seasonality (starting 2018.Jul):
  Original Series                                     0.00  (P-Value =     1.0000)
  Original Series (EV adj)                            0.00  (P-Value =     1.0000)
  Residuals                                           0.00  (P-Value =     1.0000)
  Seasonally Adjusted Series                          0.00  (P-Value =     1.0000)
  Seasonally Adjusted Series (EV adj)                 0.00  (P-Value =     1.0000)
  Irregular Series                                    0.00  (P-Value =     1.0000)
  Irregular Series (EV adj)                           0.00  (P-Value =     1.0000)


 WARNING: Series should not be a candidate for seasonal adjustment
          because the spectrum of the original series (Table A1 or B1)
          has no visually significant seasonal peaks.

          If this is a component series of an indirectly adjusted
          composite series, consider using type = trend or type = summary
          in the x11 spec.
        bps_permits 12580            PAGE  20, SERIES bps_permits_addi
 G 0  10*LOG(SPECTRUM) of the differenced Original Series
      (Table A1 or B1).  Spectrum estimated from 2018.Jul to 2026.Jun.
 ++++++++++I+++++++++++++++++++++++++++++++++++++++++++++++++++++++++++++I
      55.41I                                                     *       I     55.41
           I                                                     *       I
           I                                                     *    *  I
           I                                                     *    *  I
      53.48I                                                     *    *  I     53.48
           I                                    *                *    *  I
           I                                    *                *    *  I
           I                                    *            *   **   *  I
      51.54I                                    *            *S  **   *  I     51.54
           I                                    **       *   *S  **  **  I
           I                               *    **       *   *S T**  **  I
           I                               *    **       *   *S*T**  **  I
      49.61I                              S*    **      **   *S*T**  **  I     49.61
           I                          *   S*    **      ***  *S*T**  **  I
           I                      *   *   S*    **   *  *** **S*T**  *** I
           I                      *   *   S*   **** S*T**** **S*T**  *** I
      47.67I                      *   *   S*   **** S*T*******S*T******* I     47.67
           I                      ** **   S*   *****S*T*******S*T******* I
           I              *       ** ***  S*   *****S*T*******S*T*******SI
           I             **       ** ***  S**  *****S*T*******S*T*******SI
      45.74I             **       ****** *S**  *****S*T*******S*T*******SI     45.74
           I             **       ****** *S**  *****S*T*******S*T*******SI
           I             **      *********S** ******S*T*******S*T*******SI
           I             **      *********S*********S*T*******S*T*******SI
      43.81I             **      *********S*********S*T*******S*T*******SI     43.81
           I             **      *********S*********S*T*******S*T*******SI
           I             **      *********S*********S*T*******S*T*******SI
           I             *** **  *********S*********S*T*******S*T*******SI
      41.87I             *** ** S*********S*********S*T*******S*T*******SI     41.87
           I        **   *******S*********S*********S*T*******S*T*******SI
           I        **   *******S*********S*********S*T*******S*T*******SI
           I        **  ********S*********S*********S*T*******S*T*******SI
      39.94I        **  ********S*********S*********S*T*******S*T*******SI     39.94
           I        **  ********S*********S*********S*T*******S*T*******SI
           I        **  ********S*********S*********S*T*******S*T*******SI
           I        **S ********S*********S*********S*T*******S*T*******SI
      38.01I        **S*********S*********S*********S*T*******S*T*******SI     38.01
           I       ***S*********S*********S*********S*T*******S*T*******SI
           I       ***S*********S*********S*********S*T*******S*T*******SI
           I       ***S*********S*********S*********S*T*******S*T*******SI
      36.07I       ***S*********S*********S*********S*T*******S*T*******SI     36.07
           I       ***S*********S*********S*********S*T*******S*T*******SI
           I      ****S*********S*********S*********S*T*******S*T*******SI
           I      ****S*********S*********S*********S*T*******S*T*******SI
      34.14I      ****S*********S*********S*********S*T*******S*T*******SI     34.14
           I     *****S*********S*********S*********S*T*******S*T*******SI
           I     *****S*********S*********S*********S*T*******S*T*******SI
           I    ******S*********S*********S*********S*T*******S*T*******SI
      32.20I    ******S*********S*********S*********S*T*******S*T*******SI     32.20
           I   *******S*********S*********S*********S*T*******S*T*******SI
           I   *******S*********S*********S*********S*T*******S*T*******SI
           I  ********S*********S*********S*********S*T*******S*T*******SI
      30.27I**********S*********S*********S*********S*T*******S*T*******SI     30.27
 ++++++++++I+++++++++++++++++++++++++++++++++++++++++++++++++++++++++++++I
            S=SEASONAL FREQUENCIES, T=TRADING DAY FREQUENCIES
        bps_permits 12580            PAGE  21, SERIES bps_permits_addi
 G 1  10*LOG(SPECTRUM) of the differenced seasonally adjusted 
      data (Table E2).  Spectrum estimated from 2018.Jul to 2026.Jun.
 ++++++++++I+++++++++++++++++++++++++++++++++++++++++++++++++++++++++++++I
      55.18I                                                     *       I     55.18
           I                                                     *       I
           I                                    *                *       I
           I                                    *                *       I
      53.21I                                    *                *       I     53.21
           I                                    *                *       I
           I                                    *                *       I
           I                                    *          *     *    *  I
      51.24I                                    *          *     *    *  I     51.24
           I                                    *         **     **   *  I
           I                                    *         **     **  **  I
           I                                    **      * **     **  **  I
      49.27I                                    **      * **     **  **  I     49.27
           I                          *         **      ****     **  **  I
           I                       *  *         **      ****     **  **  I
           I                       *  *        ***      ****     **  **  I
      47.29I                       *  *        ***     ******   T**  **  I     47.29
           I                       *  *        ****    ******   T**  **  I
           I             *         *  *        ****    ******   T*** **  I
           I             *         *  *        ****    ******   T******* I
      45.32I             **        *  *        ****    ******   T******* I     45.32
           I             **       **  **       ****    *******  T******* I
           I             **       ** ***   *   ****    ******* *T******* I
           I             **       ******   *   *****   *******S*T*******SI
      43.35I             **       ******  S*   *****   *******S*T*******SI     43.35
           I             **       ******  S*   *****  T*******S*T*******SI
           I             **  **   ******  S*  ******  T*******S*T*******SI
           I             **  **   ******  S*  ******  T*******S*T*******SI
      41.38I             **  **   ******  S** ******S*T*******S*T*******SI     41.38
           I             **  **   ******* S** ******S*T*******S*T*******SI
           I             *** **   ********S*********S*T*******S*T*******SI
           I        *    ******  *********S*********S*T*******S*T*******SI
      39.40I        *    ******* *********S*********S*T*******S*T*******SI     39.40
           I       **    ******* *********S*********S*T*******S*T*******SI
           I       **    ******* *********S*********S*T*******S*T*******SI
           I       **   ********S*********S*********S*T*******S*T*******SI
      37.43I       **   ********S*********S*********S*T*******S*T*******SI     37.43
           I       **   ********S*********S*********S*T*******S*T*******SI
           I       **   ********S*********S*********S*T*******S*T*******SI
           I       **   ********S*********S*********S*T*******S*T*******SI
      35.46I       **   ********S*********S*********S*T*******S*T*******SI     35.46
           I       **   ********S*********S*********S*T*******S*T*******SI
           I       ***  ********S*********S*********S*T*******S*T*******SI
           I       *** *********S*********S*********S*T*******S*T*******SI
      33.49I       *** *********S*********S*********S*T*******S*T*******SI     33.49
           I  **  ****S*********S*********S*********S*T*******S*T*******SI
           I  **  ****S*********S*********S*********S*T*******S*T*******SI
           I  **  ****S*********S*********S*********S*T*******S*T*******SI
      31.52I  **  ****S*********S*********S*********S*T*******S*T*******SI     31.52
           I  *** ****S*********S*********S*********S*T*******S*T*******SI
           I *********S*********S*********S*********S*T*******S*T*******SI
           I *********S*********S*********S*********S*T*******S*T*******SI
      29.54I**********S*********S*********S*********S*T*******S*T*******SI     29.54
 ++++++++++I+++++++++++++++++++++++++++++++++++++++++++++++++++++++++++++I
            S=SEASONAL FREQUENCIES, T=TRADING DAY FREQUENCIES
        bps_permits 12580            PAGE  22, SERIES bps_permits_addi
 G 2  10*LOG(SPECTRUM) of the Modified Irregular (Table E3).  
      Spectrum estimated from 2018.Jul to 2026.Jun.
 ++++++++++I+++++++++++++++++++++++++++++++++++++++++++++++++++++++++++++I
      50.33I                                    *                        I     50.33
           I                                    *                        I
           I              *                     *                        I
           I              *                     *                *       I
      49.03I              *                     *                *       I     49.03
           I              *                     *                *       I
           I             **           *         *                *       I
           I             **           *         *                *       I
      47.73I             **           *         *                *       I     47.73
           I             **           *         *                *       I
           I             **        *  *         *                *       I
           I             **        *  *         *                *       I
      46.43I             **        *  *         *                *    *  I     46.43
           I             **        *  *         *                *    *  I
           I             **        *  *         **         *     *    *  I
           I             **        *  *         **         *     *    *  I
      45.13I             **        *  *         **      *  *     *    *  I     45.13
           I             **  *     *  *         **      *  *     **   *  I
           I             **  *     *  *         **      * **     **   *  I
           I             **  *     *  *        ***      * **     **   *  I
      43.83I             **  *    **  *        ***      ****     **  **  I     43.83
           I             **  **   ** **        ***      ****     **  **  I
           I             **  **   ** **        ***      *****    **  **  I
           I             **  **   ** **        ***      *****    **  **  I
      42.53I             *** **   *****        ***      *****    **  **  I     42.53
           I             *** **   ******       ***     ******    **  **  I
           I             *** **   ******       ****    ******    **  **  I
           I             ******   ******       ****    ******    **  **  I
      41.23I            *******   ******       ****    ******   T**  **  I     41.23
           I       **   *******   ******       ****    ******   T**  *** I
           I       **   *******   ******  S*   ****    ******   T**  *** I
           I       **   *******   ******  S*   ****    ******   T*** *** I
      39.93I       **   *******   ******  S*   ****    *******  T******* I     39.93
           I       **   *******   ******  S*   ****    *******  T******* I
           I  *    **   *******   ******  S*   ****    *******  T******* I
           I  **   **   *******   ******  S*  ******   *******  T*******SI
      38.63I  **   **   *******   ******  S*  ******  T*******  T*******SI     38.63
           I  **   *** ********* *********S*  ******  T*******S*T*******SI
           I  **   *** ********* *********S** ******  T*******S*T*******SI
           I  **   ***S********* *********S** ******  T*******S*T*******SI
      37.33I  **   ***S********* *********S*********  T*******S*T*******SI     37.33
           I  **   ***S********* *********S*********S*T*******S*T*******SI
           I  **  ****S*********S*********S*********S*T*******S*T*******SI
           I  **  ****S*********S*********S*********S*T*******S*T*******SI
      36.03I  **  ****S*********S*********S*********S*T*******S*T*******SI     36.03
           I  **  ****S*********S*********S*********S*T*******S*T*******SI
           I  **  ****S*********S*********S*********S*T*******S*T*******SI
           I  *** ****S*********S*********S*********S*T*******S*T*******SI
      34.73I **** ****S*********S*********S*********S*T*******S*T*******SI     34.73
           I *********S*********S*********S*********S*T*******S*T*******SI
           I *********S*********S*********S*********S*T*******S*T*******SI
           I *********S*********S*********S*********S*T*******S*T*******SI
      33.43I**********S*********S*********S*********S*T*******S*T*******SI     33.43
 ++++++++++I+++++++++++++++++++++++++++++++++++++++++++++++++++++++++++++I
            S=SEASONAL FREQUENCIES, T=TRADING DAY FREQUENCIES
        bps_permits 12580            PAGE  23, SERIES bps_permits_addi

  Peak probabilities for Tukey spectrum estimator
  Spectrum estimated from 2018.Jul to 2026.Jun.

                                          S1       S2       S3       S4       S5       S6       TD
                                        ------   ------   ------   ------   ------   ------   ------
  Model Residuals                        0.521    0.257    0.819    0.084    0.577    0.667    0.297  
  Original Series (Table A1 or B1)       0.766    0.174    0.639    0.558    0.616    0.241    0.552  
  Seasonally adjusted series (E2)        0.043    0.306    0.910*   0.137    0.007    0.158    0.595  
  Modified Irregular (E3)                0.164    0.198    0.898    0.088    0.016    0.196    0.672  
  ----------
     ** - Peak Probability > 0.99,
      * - 0.90 < Peak Probability < 0.99


