  Reading input spec file from D:\Programming\Dynamic Paper-dlrhcs_replication\outputs\empirical\unemployment\raw_sa_pilot\x13_work\bps_permits_additive_level_22520_200401_202606.spc

1

               U. S. Department of Commerce, U. S. Census Bureau

              X-13ARIMA-SEATS monthly seasonal adjustment Method,
                          Release Version 1.1 Build 62


           This software application provides an enhanced version of
             Statistics Canada's X-11-ARIMA extension (Dagum, 1980)
                 of the X-11 variant of the Census Method II of
                      Shiskin, Young and Musgrave (1967).

            It also provides an ARIMA model-based method following
       Hillmer and Tiao (1982) and Burman (1980) that is very similar
       to the update of the method of SEATS (Gomez and Maravall, 1996)
                produced at the Bank of Spain by G. Caporello and
               A. Maravall for TSW (Caporello and Maravall, 2004).
          The present application includes additional enhancements.

         X-13ARIMA-SEATS includes an automatic ARIMA model selection procedure
          based largely on the procedure of Gomez and Maravall (1998)
            as implemented in TRAMO (1996) and subsequent revisions.

              Primary Programmers: Brian Monsell, Mark Otto and,
                 for the ARIMA model-based signal extraction,
                      Gianluca Caporello and Victor Gomez


     Series Title- bps_permits 22520
     Series Name- bps_permits_addi
     Jul 29, 2026  08.26.49 

        -Period covered-  1st month,2004 to  6th month,2026
        -Type of run - additive seasonal adjustment

        -Sigma limits for graduating extreme values are  1.5 and  2.5 .
        -3x3 moving average used in section 1 of each iteration, 
         3x5 moving average in section 2 of iterations B and C,
         moving average for final seasonal factors chosen by Global MSR.
        -Holiday adjustment factors applied directly to the final seasonally adjusted series
        -Spectral plots generated for selected series
        -Spectral plots generated for series starting in 2018.Jul

 FILE SAVE REQUESTS (* indicates file exists and will be overwritten)
  D:\Programming\Dynamic Paper-dlrhcs_replication\outputs\empirical\unemployment\raw_sa_pilot\x13_work\bps_permits_additive_level_22520_200401_202606.d10  final seasonal factors
  D:\Programming\Dynamic Paper-dlrhcs_replication\outputs\empirical\unemployment\raw_sa_pilot\x13_work\bps_permits_additive_level_22520_200401_202606.d11  final seasonally adjusted data
  D:\Programming\Dynamic Paper-dlrhcs_replication\outputs\empirical\unemployment\raw_sa_pilot\x13_work\bps_permits_additive_level_22520_200401_202606.out  program output file
  D:\Programming\Dynamic Paper-dlrhcs_replication\outputs\empirical\unemployment\raw_sa_pilot\x13_work\bps_permits_additive_level_22520_200401_202606.err  program error file
        bps_permits 22520            PAGE   1, SERIES bps_permits_addi

     Contents of spc file D:\Programming\Dynamic Paper-dlrhcs_replication\outputs\empirical\unemployment\raw_sa_pilot\x13_work\bps_permits_additive_level_22520_200401_202606.spc

 Line #
 ------
      1: series {
      2:   title = "bps_permits 22520"
      3:   start = 2004.1
      4:   period = 12
      5:   data = (
      6: 35
      7: 23
      8: 38
      9: 30
     10: 19
     11: 27
     12: 28
     13: 22
     14: 33
     15: 35
     16: 17
     17: 18
     18: 17
     19: 49
     20: 24
     21: 26
     22: 38
     23: 33
     24: 21
     25: 26
     26: 24
     27: 26
     28: 18
     29: 23
     30: 28
     31: 19
     32: 29
     33: 23
     34: 25
     35: 21
     36: 16
     37: 51
     38: 22
     39: 53
     40: 19
     41: 22
     42: 21
     43: 22
     44: 33
     45: 30
     46: 15
     47: 15
     48: 26
     49: 62
     50: 21
     51: 27
     52: 20
     53: 25
     54: 65
     55: 70
     56: 29
     57: 16
     58: 28
     59: 24
     60: 23
     61: 13
     62: 19
     63: 24
     64: 5
     65: 5
     66: 8
     67: 3
     68: 11
     69: 12
     70: 17
     71: 19
     72: 14
     73: 24
     74: 12
     75: 17
     76: 9
     77: 33
     78: 17
     79: 10
     80: 22
     81: 34
     82: 13
     83: 11
     84: 10
     85: 18
     86: 11
     87: 12
     88: 66
     89: 8
     90: 10
     91: 7
     92: 16
     93: 13
     94: 12
     95: 12
     96: 14
     97: 10
     98: 9
     99: 15
    100: 63
    101: 11
    102: 15
    103: 16
    104: 10
    105: 23
    106: 26
    107: 42
    108: 77
    109: 51
    110: 32
    111: 58
    112: 8
    113: 27
    114: 29
    115: 20
    116: 14
    117: 22
    118: 16
    119: 17
    120: 16
    121: 18
    122: 33
    123: 46
    124: 13
    125: 15
    126: 11
    127: 15
    128: 13
    129: 14
    130: 15
    131: 14
    132: 14
    133: 12
    134: 11
    135: 17
    136: 10
    137: 13
    138: 17
    139: 29
    140: 15
    141: 15
    142: 36
    143: 38
    144: 33
    145: 14
    146: 31
    147: 14
    148: 10
    149: 11
    150: 13
    151: 16
    152: 15
    153: 16
    154: 21
    155: 75
    156: 18
    157: 23
    158: 32
    159: 13
    160: 18
    161: 11
    162: 48
    163: 42
    164: 21
    165: 21
    166: 24
    167: 19
    168: 15
    169: 20
    170: 47
    171: 18
    172: 15
    173: 433
    174: 12
    175: 15
    176: 26
    177: 44
    178: 50
    179: 18
    180: 16
    181: 25
    182: 14
    183: 16
    184: 41
    185: 10
    186: 22
    187: 11
    188: 14
    189: 26
    190: 17
    191: 14
    192: 25
    193: 43
    194: 18
    195: 17
    196: 11
    197: 17
    198: 16
    199: 15
    200: 19
    201: 17
    202: 16
    203: 14
    204: 34
    205: 25
    206: 18
    207: 20
    208: 18
    209: 21
    210: 23
    211: 17
    212: 30
    213: 30
    214: 20
    215: 24
    216: 26
    217: 21
    218: 48
    219: 20
    220: 23
    221: 18
    222: 26
    223: 29
    224: 35
    225: 30
    226: 75
    227: 26
    228: 23
    229: 51
    230: 22
    231: 11
    232: 15
    233: 15
    234: 15
    235: 20
    236: 26
    237: 33
    238: 15
    239: 18
    240: 15
    241: 12
    242: 19
    243: 20
    244: 10
    245: 22
    246: 6
    247: 11
    248: 14
    249: 16
    250: 97
    251: 21
    252: 13
    253: 25
    254: 10
    255: 17
    256: 14
    257: 11
    258: 40
    259: 21
    260: 16
    261: 16
    262: 13
    263: 80
    264: 42
    265: 114
    266: 14
    267: 18
    268: 6
    269: 11
    270: 32
    271: 54
    272: 18
    273: 48
    274: 19
    275: 19
    276:   )
    277: }
    278: transform { function = none }
    279: regression { aictest = (td easter) }
    280: automdl {}
    281: x11 { mode = add save = (d10 d11) }
        bps_permits 22520            PAGE   2, SERIES bps_permits_addi

 A 1  Time series data (for the span analyzed)
  From  2004.Jan to 2026.Jun
  Observations        270
 -----------------------------------------------------------------------------
               Jan      Feb      Mar      Apr      May      Jun 
               Jul      Aug      Sep      Oct      Nov      Dec        TOTAL  
 -----------------------------------------------------------------------------
  2004          35.      23.      38.      30.      19.      27.
                28.      22.      33.      35.      17.      18.          325.
 
  2005          17.      49.      24.      26.      38.      33.
                21.      26.      24.      26.      18.      23.          325.
 
  2006          28.      19.      29.      23.      25.      21.
                16.      51.      22.      53.      19.      22.          328.
 
  2007          21.      22.      33.      30.      15.      15.
                26.      62.      21.      27.      20.      25.          317.
 
  2008          65.      70.      29.      16.      28.      24.
                23.      13.      19.      24.       5.       5.          321.
 
  2009           8.       3.      11.      12.      17.      19.
                14.      24.      12.      17.       9.      33.          179.
 
  2010          17.      10.      22.      34.      13.      11.
                10.      18.      11.      12.      66.       8.          232.
 
  2011          10.       7.      16.      13.      12.      12.
                14.      10.       9.      15.      63.      11.          192.
 
  2012          15.      16.      10.      23.      26.      42.
                77.      51.      32.      58.       8.      27.          385.
 
  2013          29.      20.      14.      22.      16.      17.
                16.      18.      33.      46.      13.      15.          259.
 
  2014          11.      15.      13.      14.      15.      14.
                14.      12.      11.      17.      10.      13.          159.
 
  2015          17.      29.      15.      15.      36.      38.
                33.      14.      31.      14.      10.      11.          263.
 
  2016          13.      16.      15.      16.      21.      75.
                18.      23.      32.      13.      18.      11.          271.
 
  2017          48.      42.      21.      21.      24.      19.
                15.      20.      47.      18.      15.     433.          723.
 
  2018          12.      15.      26.      44.      50.      18.
                16.      25.      14.      16.      41.      10.          287.
 
  2019          22.      11.      14.      26.      17.      14.
                25.      43.      18.      17.      11.      17.          235.
 
  2020          16.      15.      19.      17.      16.      14.
                34.      25.      18.      20.      18.      21.          233.
 
  2021          23.      17.      30.      30.      20.      24.
                26.      21.      48.      20.      23.      18.          300.
 
  2022          26.      29.      35.      30.      75.      26.
                23.      51.      22.      11.      15.      15.          358.
 
  2023          15.      20.      26.      33.      15.      18.
                15.      12.      19.      20.      10.      22.          225.
 
  2024           6.      11.      14.      16.      97.      21.
                13.      25.      10.      17.      14.      11.          255.
 
  2025          40.      21.      16.      16.      13.      80.
                42.     114.      14.      18.       6.      11.          391.
 
  2026          32.      54.      18.      48.      19.      19.
                                                                          190.
 
  AVGE          23.      23.      21.      24.      27.      26.
                24.      31.      23.      23.      20.      35.

  Table Total-        6753.   Mean-        25.   Std. Dev.-        29.
                              Min -         3.        Max -       433.
        bps_permits 22520            PAGE   3, SERIES bps_permits_addi
                        Automatic ARIMA Model Selection

                    Procedure based closely on TRAMO method 
                         of Gomez and Maravall (2000)
              "Automatic Modeling Methods for Univariate Series",
                            A Course in Time Series
                  (Edited by D. Pena, G. C. Tiao, R. S. Tsay),
                         New York : J. Wiley and Sons


     Maximum order for regular ARMA parameters :   2
     Maximum order for seasonal ARMA parameters :   1
     Maximum order for regular differencing :   2
     Maximum order for seasonal differencing :   1

   Results of Unit Root Test for identifying orders of differencing:
     Regular difference order :   0
     Seasonal difference order :   0

  Automatic model choice : (2 0 1)


  Final Checks for Identified Model


  Checking for Unit Roots.
   No unit roots found.
   Nonseasonal MA not within  0.001 of 1.0 - model passes test.

  Checking for insignificant ARMA coefficients.
   Due to insignificant ARMA coefficients, model changed to
   ( 1, 0, 1) ( 0, 0, 0)

  Checking for insignificant ARMA coefficients.

  Final automatic model choice : (1 0 1)
   End of automatic model selection procedure.

 Average absolute percentage error in within-sample forecasts:
  Last year:  76.36      Last-1 year:  70.10     Last-2 year:  88.14
  Last three years:   78.20

 Estimation converged in    9 ARMA iterations,   45 function evaluations.

 Regression Model
 ------------------------------------------------------------------------------
                             Parameter        Standard
 Variable                     Estimate           Error      t-value
 ------------------------------------------------------------------------------
 Constant                      25.0248         1.96290        12.75
 ------------------------------------------------------------------------------


 ARIMA Model:  (1 0 1)
                                              Standard
 Parameter                    Estimate          Errors
 -----------------------------------------------------
 Nonseasonal AR                                    
   Lag  1                       0.8067         0.51636

 Nonseasonal MA                                    
   Lag  1                       0.7858         0.54077

 Variance                       0.85001E+03
 SE of Var                      0.73157E+02
 -----------------------------------------------------

 Likelihood Statistics
 ------------------------------------------------------------------
 Number of observations (nobs)                                  270
 Effective number of observations (nefobs)                      270
 Number of parameters estimated (np)                              4
 Log likelihood (L)                                      -1293.7239
 AIC                                                      2595.4477 
 AICC (F-corrected-AIC)                                   2595.5987 
 Hannan Quinn                                             2601.2276 
 BIC                                                      2609.8414 
 ------------------------------------------------------------------

 QS Statistic for regARIMA Model Residuals (full series):             0.00
                                                       (P-Value =     1.0000)

 QS Statistic for regARIMA Model Residuals (starting 2018.Jul):       0.00
                                                       (P-Value =     1.0000)


  At least one visually significant residual seasonal peaks has been
  found in the spectral plot of the following series starting in 2018.Jul:

          regARIMA model residuals (1 Seasonal peak(s))

      10*LOG(SPECTRUM) of the regARIMA model residuals
      Spectrum estimated from 2018.Jul to 2026.Jun.
 ++++++++++I+++++++++++++++++++++++++++++++++++++++++++++++++++++++++++++I
      30.93I          S                                                  I     30.93
           I          S                                                  I
           I          S                                                  I
           I          S                                                  I
      29.76I          S      **                                          I     29.76
           I          S      **                                          I
           I          S     ***                           *              I
           I          S     ***                           *              I
      28.60I          S     ***                           *              I     28.60
           I          S     ***                           *              I
           I  *       S     ***                           *              I
           I  *       S     ***                           *              I
      27.43I  *       S     ***                           **        *    I     27.43
           I  *       S    ****                           **        *    I
           I  *       S    ****                      *   ****       *    I
           I  *       S    ****                      *   ****       *    I
      26.27I  *       S    ****                      *   ****      ***   I     26.27
           I  **      S    ****                      *   ****      ***   I
           I  **     *S    ****                      *   *****     ***   I
           I  **     *S    ****                      *   *****     ****  I
      25.10I  **     *S    ****                      *   *****     ****  I     25.10
           I  **     *S*   ****           S          *   *****     ****  I
           I  **     *S*   *****    *     S   *      *   *****     ***** I
           I  **     *S*   *****    **    S   *      *   *****     ***** I
      23.94I  **     *S*   *****    **    S   *     S*   *****     *****SI     23.94
           I  **   * *S*   *****    **    S   *     S*   *****     *****SI
           I  **   ***S*   *****    **   *S   *     S*T  *****     *****SI
           I  **   ***S*   *****    **   *S   **    S*T ******     *****SI
      22.77I  **  ****S*  ******    **   *S   **    S*T ******     *****SI     22.77
           I  **  ****S*  ******    **   *S   **    S*T ******     *****SI
           I  **  ****S*  ******    **   *S   **    S*T ******     *****SI
           I **** ****S*  ******    **   *S   **    S*T ******    ******SI
      21.61I **** ****S*  ******   ***   *S   **    S*T*******S   ******SI     21.61
           I *********S*  ******   ***   *S   **    S*T*******S   ******SI
           I *********S** ******S  ***   *S   **    S*T*******S   ******SI
           I *********S** ******S  ****  *S   **    S*T*******S   ******SI
      20.44I *********S*********S  ****  *S   **    S*T*******S   ******SI     20.44
           I**********S*********S  ****  *S*  **    S*T*******S   ******SI
           I**********S*********S  **** **S*  **    S*T*******S   ******SI
           I**********S*********S ***** **S* ***    S*T*******S   ******SI
      19.28I**********S*********S****** **S* ***    S*T*******S   ******SI     19.28
           I**********S*********S*********S* ***    S*T*******S*  ******SI
           I**********S*********S*********S* ***   *S*T*******S*  ******SI
           I**********S*********S*********S* ***   *S*T*******S* *******SI
      18.11I**********S*********S*********S*****   *S*T*******S* *******SI     18.11
           I**********S*********S*********S******  *S*T*******S*T*******SI
           I**********S*********S*********S******  *S*T*******S*T*******SI
           I**********S*********S*********S******  *S*T*******S*T*******SI
      16.95I**********S*********S*********S******  *S*T*******S*T*******SI     16.95
           I**********S*********S*********S******  *S*T*******S*T*******SI
           I**********S*********S*********S******  *S*T*******S*T*******SI
           I**********S*********S*********S****** **S*T*******S*T*******SI
      15.78I**********S*********S*********S*********S*T*******S*T*******SI     15.78
 ++++++++++I+++++++++++++++++++++++++++++++++++++++++++++++++++++++++++++I
            S=SEASONAL FREQUENCIES, T=TRADING DAY FREQUENCIES


 FORECASTING
  Origin  2026.Jun
  Number        12

  Forecasts and Standard Errors
   ------------------------------
                         Standard
       Date   Forecast      Error
   ------------------------------
   2026.Jul      25.34     29.209
   2026.Aug      25.28     29.217
   2026.Sep      25.23     29.223
   2026.Oct      25.19     29.228
   2026.Nov      25.16     29.231
   2026.Dec      25.13     29.233
   2027.Jan      25.11     29.234
   2027.Feb      25.09     29.235
   2027.Mar      25.08     29.236
   2027.Apr      25.07     29.237
   2027.May      25.06     29.237
   2027.Jun      25.05     29.238
   ------------------------------

  Confidence intervals with coverage probability ( 0.95000
   ---------------------------------------
       Date      Lower  Forecast     Upper
   ---------------------------------------
   2026.Jul     -31.91     25.34     82.59
   2026.Aug     -31.99     25.28     82.54
   2026.Sep     -32.05     25.23     82.51
   2026.Oct     -32.10     25.19     82.47
   2026.Nov     -32.13     25.16     82.45
   2026.Dec     -32.16     25.13     82.43
   2027.Jan     -32.19     25.11     82.41
   2027.Feb     -32.21     25.09     82.39
   2027.Mar     -32.22     25.08     82.38
   2027.Apr     -32.23     25.07     82.37
   2027.May     -32.24     25.06     82.37
   2027.Jun     -32.25     25.05     82.36
   ---------------------------------------
        bps_permits 22520            PAGE   4, SERIES bps_permits_addi

 B 1  Original series (prior adjusted)
  From  2004.Jan to 2026.Jun
  Observations        270
 -----------------------------------------------------------------------------
               Jan      Feb      Mar      Apr      May      Jun 
               Jul      Aug      Sep      Oct      Nov      Dec        TOTAL  
 -----------------------------------------------------------------------------
  2004          35.      23.      38.      30.      19.      27.
                28.      22.      33.      35.      17.      18.          325.
 
  2005          17.      49.      24.      26.      38.      33.
                21.      26.      24.      26.      18.      23.          325.
 
  2006          28.      19.      29.      23.      25.      21.
                16.      51.      22.      53.      19.      22.          328.
 
  2007          21.      22.      33.      30.      15.      15.
                26.      62.      21.      27.      20.      25.          317.
 
  2008          65.      70.      29.      16.      28.      24.
                23.      13.      19.      24.       5.       5.          321.
 
  2009           8.       3.      11.      12.      17.      19.
                14.      24.      12.      17.       9.      33.          179.
 
  2010          17.      10.      22.      34.      13.      11.
                10.      18.      11.      12.      66.       8.          232.
 
  2011          10.       7.      16.      13.      12.      12.
                14.      10.       9.      15.      63.      11.          192.
 
  2012          15.      16.      10.      23.      26.      42.
                77.      51.      32.      58.       8.      27.          385.
 
  2013          29.      20.      14.      22.      16.      17.
                16.      18.      33.      46.      13.      15.          259.
 
  2014          11.      15.      13.      14.      15.      14.
                14.      12.      11.      17.      10.      13.          159.
 
  2015          17.      29.      15.      15.      36.      38.
                33.      14.      31.      14.      10.      11.          263.
 
  2016          13.      16.      15.      16.      21.      75.
                18.      23.      32.      13.      18.      11.          271.
 
  2017          48.      42.      21.      21.      24.      19.
                15.      20.      47.      18.      15.     433.          723.
 
  2018          12.      15.      26.      44.      50.      18.
                16.      25.      14.      16.      41.      10.          287.
 
  2019          22.      11.      14.      26.      17.      14.
                25.      43.      18.      17.      11.      17.          235.
 
  2020          16.      15.      19.      17.      16.      14.
                34.      25.      18.      20.      18.      21.          233.
 
  2021          23.      17.      30.      30.      20.      24.
                26.      21.      48.      20.      23.      18.          300.
 
  2022          26.      29.      35.      30.      75.      26.
                23.      51.      22.      11.      15.      15.          358.
 
  2023          15.      20.      26.      33.      15.      18.
                15.      12.      19.      20.      10.      22.          225.
 
  2024           6.      11.      14.      16.      97.      21.
                13.      25.      10.      17.      14.      11.          255.
 
  2025          40.      21.      16.      16.      13.      80.
                42.     114.      14.      18.       6.      11.          391.
 
  2026          32.      54.      18.      48.      19.      19.
                                                                          190.
 
  AVGE          23.      23.      21.      24.      27.      26.
                24.      31.      23.      23.      20.      35.

  Table Total-        6753.   Mean-        25.   Std. Dev.-        29.
                              Min -         3.        Max -       433.

 B 1.A  Forecasts of (prior adjusted) original series
  From  2026.Jul to 2027.Jun
  Observations         12
 -----------------------------------------------------------------------------
               Jan      Feb      Mar      Apr      May      Jun 
               Jul      Aug      Sep      Oct      Nov      Dec        TOTAL  
 -----------------------------------------------------------------------------
  2026                                                          
                25.      25.      25.      25.      25.      25.          151.
 
  2027          25.      25.      25.      25.      25.      25.
                                                                          150.
 
        bps_permits 22520            PAGE   5, SERIES bps_permits_addi

 C 17  Final weights for irregular component
  From  2004.Jan to 2026.Jun
  Observations        270
  Lower sigma limit    1.50
  Upper sigma limit    2.50
 -----------------------------------------------------------------------------
               Jan      Feb      Mar      Apr      May      Jun 
               Jul      Aug      Sep      Oct      Nov      Dec         S.D.  
 -----------------------------------------------------------------------------
  2004         100.     100.     100.     100.     100.     100.
               100.      66.     100.     100.     100.     100.          634.
 
  2005         100.       0.     100.     100.      98.     100.
               100.     100.     100.     100.     100.     100.          634.
 
  2006         100.     100.     100.     100.     100.     100.
               100.      37.     100.      19.     100.     100.          634.
 
  2007         100.     100.     100.     100.     100.     100.
               100.       0.     100.     100.     100.     100.          662.
 
  2008           0.       0.     100.       0.     100.     100.
               100.      45.     100.     100.     100.     100.          651.
 
  2009         100.     100.     100.     100.     100.     100.
               100.     100.     100.     100.     100.       0.          582.
 
  2010         100.     100.     100.      86.     100.     100.
               100.     100.     100.     100.       0.     100.          693.
 
  2011         100.     100.     100.     100.     100.     100.
               100.     100.     100.     100.       0.     100.          692.
 
  2012         100.     100.     100.     100.     100.     100.
                 0.     100.     100.       0.       0.     100.          647.
 
  2013         100.     100.     100.     100.     100.     100.
               100.     100.      77.       0.     100.     100.          660.
 
  2014         100.     100.     100.     100.     100.     100.
               100.     100.     100.     100.     100.     100.          835.
 
  2015         100.     100.     100.     100.     100.     100.
               100.     100.     100.     100.     100.     100.         1464.
 
  2016         100.     100.     100.     100.     100.      90.
               100.     100.     100.     100.     100.     100.         2055.
 
  2017         100.     100.     100.     100.     100.     100.
               100.     100.     100.       0.       0.       0.         2067.
 
  2018           0.       0.     100.     100.     100.     100.
               100.     100.     100.     100.     100.     100.         2065.
 
  2019         100.     100.     100.     100.     100.     100.
               100.     100.     100.     100.     100.     100.         2027.
 
  2020         100.     100.     100.     100.     100.     100.
               100.     100.     100.     100.     100.     100.         1587.
 
  2021         100.     100.     100.     100.     100.     100.
               100.      42.       0.     100.     100.     100.          582.
 
  2022         100.     100.     100.     100.       0.     100.
               100.       0.     100.     100.     100.     100.          547.
 
  2023         100.     100.     100.     100.     100.     100.
               100.     100.     100.     100.     100.     100.          917.
 
  2024         100.     100.     100.     100.       0.     100.
               100.     100.     100.     100.     100.     100.          976.
 
  2025          71.     100.     100.     100.      17.       0.
               100.       0.      13.     100.     100.     100.          937.
 
  2026         100.      13.     100.      68.     100.     100.
                                                                          937.
 
        bps_permits 22520            PAGE   6, SERIES bps_permits_addi

 D 8  Final unmodified SI ratios
  From  2004.Jan to 2026.Jun
  Observations        270
 -----------------------------------------------------------------------------
               Jan      Feb      Mar      Apr      May      Jun 
               Jul      Aug      Sep      Oct      Nov      Dec         AVGE  
 -----------------------------------------------------------------------------
  2004           2.      -8.       9.       3.      -7.       2.
                 2.      -5.       6.       9.      -8.      -5.           -0.
 
  2005          -5.      26.      -1.      -1.      10.       5.
                -5.       1.       1.       3.      -6.      -2.            2.
 
  2006           3.      -6.       5.       0.       2.      -3.
                -9.      24.      -6.      25.      -9.      -5.            2.
 
  2007          -5.      -3.       9.       7.      -7.      -7.
                 4.      40.      -3.       1.      -8.      -5.            2.
 
  2008          34.      38.      -2.     -14.       1.      -1.
                 0.      -7.       1.       8.      -8.      -6.            4.
 
  2009          -1.      -5.       3.       2.       4.       4.
                -2.       8.      -4.       2.      -6.      17.            2.
 
  2010          -1.      -8.       4.      17.      -2.      -2.
                -2.       7.      -0.       0.      54.      -5.            5.
 
  2011          -3.      -6.       3.       1.       1.       2.
                 5.       1.      -1.       4.      50.      -3.            5.
 
  2012          -1.      -1.     -10.      -1.      -4.       8.
                40.      13.      -5.      24.     -23.      -2.            3.
 
  2013           2.      -5.      -8.       3.      -0.       2.
                 0.       1.      15.      27.      -6.      -3.            2.
 
  2014          -7.      -2.      -2.       0.       3.       4.
                 5.       2.      -1.       3.      -7.      -5.           -1.
 
  2015          -3.       8.      -8.      -9.      10.      11.
                 6.     -12.       8.      -4.      -5.      -1.            0.
 
  2016           2.       3.      -3.      -8.      -9.      41.
               -17.      -8.       6.      -9.      -2.     -10.           -1.
 
  2017          24.      16.      -6.      -5.       0.      -5.
               -14.     -19.      -5.     -48.     -60.     355.           19.
 
  2018         -63.     -52.     -31.      -4.      11.     -15.
               -12.       1.      -7.      -1.      26.      -4.          -13.
 
  2019           9.      -4.      -3.       5.      -7.     -13.
                -2.      18.      -4.      -1.      -4.       3.           -0.
 
  2020           2.      -0.       2.      -2.      -4.      -6.
                13.       4.      -3.      -2.      -4.      -2.           -0.
 
  2021          -0.      -7.       6.       6.      -3.       1.
                 3.      -2.      24.      -5.      -3.      -9.            1.
 
  2022          -2.       1.       7.       2.      47.      -1.
                -3.      27.      -0.      -9.      -4.      -4.            5.
 
  2023          -5.      -1.       5.      13.      -3.       2.
                 0.      -3.       2.       2.      -8.       5.            1.
 
  2024          -9.      -3.       0.       2.      82.       6.
                -2.      10.      -6.      -1.      -6.     -11.            5.
 
  2025          18.      -1.      -6.      -9.     -15.      48.
                 8.      80.     -16.      -8.     -17.     -12.            6.
 
  2026           7.      27.     -10.      21.      -5.      -2.
                                                                            6.
 
  AVGE          -0.       0.      -2.       1.       5.       3.
                 1.       8.       0.       1.      -3.      13.

  Table Total-         625.   Mean-         2.   Std. Dev.-        26.
                              Min -       -63.        Max -       355.
        bps_permits 22520            PAGE   7, SERIES bps_permits_addi

 D 8.B  Final unmodified SI ratios, with labels for outliers and extreme values
  From  2004.Jan to 2026.Jun
  Observations        270
 ---------------------------------------------------------------------
               Jan       Feb       Mar       Apr       May       Jun  
               Jul       Aug       Sep       Oct       Nov       Dec  
 ---------------------------------------------------------------------
  2004          2.       -8.        9.        3.       -7.        2.  
                2.       -5.*       6.        9.       -8.       -5.  
 
  2005         -5.       26.*      -1.       -1.       10.*       5.  
               -5.        1.        1.        3.       -6.       -2.  
 
  2006          3.       -6.        5.        0.        2.       -3.  
               -9.       24.*      -6.       25.*      -9.       -5.  
 
  2007         -5.       -3.        9.        7.       -7.       -7.  
                4.       40.*      -3.        1.       -8.       -5.  
 
  2008         34.*      38.*      -2.      -14.*       1.       -1.  
                0.       -7.*       1.        8.       -8.       -6.  
 
  2009         -1.       -5.        3.        2.        4.        4.  
               -2.        8.       -4.        2.       -6.       17.* 
 
  2010         -1.       -8.        4.       17.*      -2.       -2.  
               -2.        7.       -0.        0.       54.*      -5.  
 
  2011         -3.       -6.        3.        1.        1.        2.  
                5.        1.       -1.        4.       50.*      -3.  
 
  2012         -1.       -1.      -10.       -1.       -4.        8.  
               40.*      13.       -5.       24.*     -23.*      -2.  
 
  2013          2.       -5.       -8.        3.       -0.        2.  
                0.        1.       15.*      27.*      -6.       -3.  
 
  2014         -7.       -2.       -2.        0.        3.        4.  
                5.        2.       -1.        3.       -7.       -5.  
 
  2015         -3.        8.       -8.       -9.       10.       11.  
                6.      -12.        8.       -4.       -5.       -1.  
 
  2016          2.        3.       -3.       -8.       -9.       41.* 
              -17.       -8.        6.       -9.       -2.      -10.  
 
  2017         24.       16.       -6.       -5.        0.       -5.  
              -14.      -19.       -5.      -48.*     -60.*     355.* 
 
  2018        -63.*     -52.*     -31.       -4.       11.      -15.  
              -12.        1.       -7.       -1.       26.       -4.  
 
  2019          9.       -4.       -3.        5.       -7.      -13.  
               -2.       18.       -4.       -1.       -4.        3.  
 
  2020          2.       -0.        2.       -2.       -4.       -6.  
               13.        4.       -3.       -2.       -4.       -2.  
 
  2021         -0.       -7.        6.        6.       -3.        1.  
                3.       -2.*      24.*      -5.       -3.       -9.  
 
  2022         -2.        1.        7.        2.       47.*      -1.  
               -3.       27.*      -0.       -9.       -4.       -4.  
 
  2023         -5.       -1.        5.       13.       -3.        2.  
                0.       -3.        2.        2.       -8.        5.  
 
  2024         -9.       -3.        0.        2.       82.*       6.  
               -2.       10.       -6.       -1.       -6.      -11.  
 
  2025         18.*      -1.       -6.       -9.      -15.*      48.* 
                8.       80.*     -16.*      -8.      -17.      -12.  
 
  2026          7.       27.*     -10.       21.*      -5.       -2.  
                                                                      
 

  Key to symbols:
    *  : extreme value as determined by X-11 extreme value procedure
 
        bps_permits 22520            PAGE   8, SERIES bps_permits_addi

 D 9  Final replacement values for SI ratios
  From  2004.Jan to 2026.Jun
  Observations        270
 ---------------------------------------------------------------
               Jan      Feb      Mar      Apr      May      Jun 
               Jul      Aug      Sep      Oct      Nov      Dec 
 ---------------------------------------------------------------
  2004     ******** ******** ******** ******** ******** ********
           ********      -1. ******** ******** ******** ********
 
  2005     ********      -2. ******** ********      10. ********
           ******** ******** ******** ******** ******** ********
 
  2006     ******** ******** ******** ******** ******** ********
           ********      15. ********      13. ******** ********
 
  2007     ******** ******** ******** ******** ******** ********
           ********       9. ******** ******** ******** ********
 
  2008           4.       1. ********       7. ******** ********
           ********      -0. ******** ******** ******** ********
 
  2009     ******** ******** ******** ******** ******** ********
           ******** ******** ******** ******** ********      -5.
 
  2010     ******** ******** ********      15. ******** ********
           ******** ******** ******** ********      -2. ********
 
  2011     ******** ******** ******** ******** ******** ********
           ******** ******** ******** ********      -2. ********
 
  2012     ******** ******** ******** ******** ******** ********
                 6. ******** ********       2.      -5. ********
 
  2013     ******** ******** ******** ******** ******** ********
           ******** ********      12.       3. ******** ********
 
  2014     ******** ******** ******** ******** ******** ********
           ******** ******** ******** ******** ******** ********
 
  2015     ******** ******** ******** ******** ******** ********
           ******** ******** ******** ******** ******** ********
 
  2016     ******** ******** ******** ******** ********      38.
           ******** ******** ******** ******** ******** ********
 
  2017     ******** ******** ******** ******** ******** ********
           ******** ******** ********       6.      17.      13.
 
  2018          23.      12. ******** ******** ******** ********
           ******** ******** ******** ******** ******** ********
 
  2019     ******** ******** ******** ******** ******** ********
           ******** ******** ******** ******** ******** ********
 
  2020     ******** ******** ******** ******** ******** ********
           ******** ******** ******** ******** ******** ********
 
  2021     ******** ******** ******** ******** ******** ********
           ********       5.      -0. ******** ******** ********
 
  2022     ******** ******** ******** ********       4. ********
           ********      12. ******** ******** ******** ********
 
  2023     ******** ******** ******** ******** ******** ********
           ******** ******** ******** ******** ******** ********
 
  2024     ******** ******** ******** ********       6. ********
           ******** ******** ******** ******** ******** ********
 
  2025          13. ******** ******** ********       3.       7.
           ********      14.       3. ******** ******** ********
 
  2026     ********       7. ********      16. ******** ********
                                                                
 

 D 9.A  Moving seasonality ratio
 ---------------------------------------------------------------
               Jan      Feb      Mar      Apr      May      Jun 
 ---------------------------------------------------------------
   I          6.575    5.067    6.697    6.674    7.640    8.414
   S          1.064    1.019    1.503    1.139    0.894    1.597
 RATIO        6.179    4.972    4.457    5.859    8.543    5.269



 ---------------------------------------------------------------
               Jul      Aug      Sep      Oct      Nov      Dec 
 ---------------------------------------------------------------
   I          6.531    8.895    5.358    5.325    5.196    5.762
   S          1.284    1.390    0.812    0.830    1.239    0.801
 RATIO        5.086    6.401    6.596    6.413    4.195    7.193



        bps_permits 22520            PAGE   9, SERIES bps_permits_addi

 D 10  Final seasonal factors
  From  2004.Jan to 2026.Jun
  Observations        270
  Seasonal filter    3 x 5 moving average
 -----------------------------------------------------------------------------
               Jan      Feb      Mar      Apr      May      Jun 
               Jul      Aug      Sep      Oct      Nov      Dec         AVGE  
 -----------------------------------------------------------------------------
  2004          -1.      -5.       5.       2.       0.       0.
                -3.       6.      -0.       7.      -7.      -4.           -0.
 
  2005          -1.      -5.       5.       2.       0.      -0.
                -2.       6.      -0.       7.      -8.      -4.           -0.
 
  2006          -1.      -4.       4.       3.       0.      -1.
                -2.       6.      -1.       6.      -8.      -4.           -0.
 
  2007          -0.      -4.       3.       4.       0.      -1.
                -2.       6.      -2.       6.      -7.      -5.           -0.
 
  2008          -1.      -4.       3.       5.       0.      -1.
                -1.       6.      -2.       4.      -6.      -5.            0.
 
  2009          -0.      -4.       2.       6.      -0.      -0.
                 0.       6.      -2.       4.      -5.      -4.            0.
 
  2010          -1.      -4.       0.       5.      -0.       1.
                 1.       5.      -1.       3.      -5.      -4.            0.
 
  2011          -1.      -4.      -2.       4.      -0.       2.
                 2.       5.      -0.       3.      -4.      -4.            0.
 
  2012          -1.      -4.      -3.       2.       0.       4.
                 3.       4.       2.       2.      -4.      -3.            0.
 
  2013          -2.      -2.      -5.      -0.       1.       7.
                 2.       2.       3.       1.      -5.      -4.           -0.
 
  2014           0.       1.      -5.      -2.       1.       9.
                 0.      -2.       3.      -0.      -4.      -3.           -0.
 
  2015           3.       4.      -7.      -4.       2.      10.
                -4.      -5.       3.      -1.      -0.      -2.           -0.
 
  2016           8.       6.      -8.      -4.       2.       6.
                -6.      -6.       1.      -1.       4.      -1.            0.
 
  2017          10.       7.      -9.      -4.       1.       3.
                -7.      -4.      -1.      -2.       6.      -0.            0.
 
  2018          12.       5.      -8.      -2.      -1.      -2.
                -5.      -1.      -2.      -1.       6.       0.            0.
 
  2019          10.       3.      -7.      -0.      -1.      -5.
                -3.       3.      -3.      -2.       5.      -1.            0.
 
  2020           6.       0.      -3.       2.      -1.      -6.
                 0.       6.      -2.      -2.       1.      -1.            0.
 
  2021           1.      -2.       1.       3.      -1.      -3.
                 2.       7.      -2.      -3.      -2.      -3.           -0.
 
  2022          -1.      -2.       3.       4.      -1.       0.
                 2.       7.      -1.      -3.      -6.      -4.           -0.
 
  2023          -1.      -1.       2.       4.       1.       2.
                 2.       7.      -1.      -4.      -7.      -5.           -0.
 
  2024           0.      -0.      -0.       4.       1.       3.
                 2.       7.      -0.      -3.      -8.      -5.           -0.
 
  2025           1.       1.      -2.       4.       1.       3.
                 3.       7.      -0.      -3.      -8.      -6.           -0.
 
  2026           2.       1.      -4.       3.       1.       3.
                                                                            1.
 
  AVGE           2.      -1.      -2.       2.       0.       2.
                -1.       4.      -0.       1.      -3.      -3.

  Table Total-           1.   Mean-         0.   Std. Dev.-         4.
                              Min -        -9.        Max -        12.

 D 10.A  Final seasonal component forecasts
  From  2026.Jul to 2027.Jun
  Observations         12
 -----------------------------------------------------------------------------
               Jan      Feb      Mar      Apr      May      Jun 
               Jul      Aug      Sep      Oct      Nov      Dec         AVGE  
 -----------------------------------------------------------------------------
  2026                                                          
                 3.       8.      -0.      -3.      -9.      -7.           -1.
 
  2027           4.       1.      -4.       3.       1.       3.
                                                                            1.
 
        bps_permits 22520            PAGE  10, SERIES bps_permits_addi

 D 11  Final seasonally adjusted data
  From  2004.Jan to 2026.Jun
  Observations        270
 -----------------------------------------------------------------------------
               Jan      Feb      Mar      Apr      May      Jun 
               Jul      Aug      Sep      Oct      Nov      Dec        TOTAL  
 -----------------------------------------------------------------------------
  2004          36.      28.      33.      28.      19.      27.
                31.      16.      33.      28.      24.      22.          325.
 
  2005          18.      54.      19.      24.      38.      33.
                23.      20.      24.      19.      26.      27.          325.
 
  2006          29.      23.      25.      20.      25.      22.
                18.      45.      23.      47.      27.      26.          329.
 
  2007          21.      26.      30.      26.      15.      16.
                28.      56.      23.      21.      27.      30.          317.
 
  2008          66.      74.      26.      11.      28.      25.
                24.       7.      21.      20.      11.      10.          321.
 
  2009           8.       7.       9.       6.      17.      19.
                14.      18.      14.      13.      14.      37.          178.
 
  2010          18.      14.      22.      29.      13.      10.
                 9.      13.      12.       9.      71.      12.          231.
 
  2011          11.      11.      18.       9.      12.      10.
                12.       5.       9.      12.      67.      15.          191.
 
  2012          16.      20.      13.      21.      26.      38.
                74.      47.      30.      56.      12.      30.          385.
 
  2013          31.      22.      19.      22.      15.      10.
                14.      16.      30.      45.      18.      19.          261.
 
  2014          11.      14.      18.      16.      14.       5.
                14.      14.       8.      17.      14.      16.          161.
 
  2015          14.      25.      22.      19.      34.      28.
                37.      19.      28.      15.      10.      13.          264.
 
  2016           5.      10.      23.      20.      19.      69.
                24.      29.      31.      14.      14.      12.          270.
 
  2017          38.      35.      30.      25.      23.      16.
                22.      24.      48.      20.       9.     433.          723.
 
  2018           0.      10.      34.      46.      51.      20.
                21.      26.      16.      17.      35.      10.          286.
 
  2019          12.       8.      21.      26.      18.      19.
                28.      40.      21.      19.       6.      18.          235.
 
  2020          10.      15.      22.      15.      17.      20.
                34.      19.      20.      22.      17.      22.          233.
 
  2021          22.      19.      29.      27.      21.      27.
                24.      14.      50.      23.      25.      21.          301.
 
  2022          27.      31.      32.      26.      76.      26.
                21.      44.      23.      14.      21.      19.          360.
 
  2023          16.      21.      24.      29.      14.      16.
                13.       5.      20.      24.      17.      27.          226.
 
  2024           6.      11.      14.      12.      96.      18.
                11.      18.      10.      20.      22.      16.          256.
 
  2025          39.      20.      18.      12.      12.      77.
                39.     107.      14.      21.      14.      17.          391.
 
  2026          30.      53.      22.      45.      18.      16.
                                                                          183.
 
  AVGE          21.      24.      23.      22.      27.      25.
                24.      27.      23.      23.      23.      39.

  Table Total-        6752.   Mean-        25.   Std. Dev.-        29.
                              Min -         0.        Max -       433.
        bps_permits 22520            PAGE  11, SERIES bps_permits_addi

 D 12  Final trend cycle
  From  2004.Jan to 2026.Jun
  Observations        270
  Trend filter    13-term Henderson moving average
  I/C ratio        3.07
 -----------------------------------------------------------------------------
               Jan      Feb      Mar      Apr      May      Jun 
               Jul      Aug      Sep      Oct      Nov      Dec        TOTAL  
 -----------------------------------------------------------------------------
  2004          32.      31.      29.      27.      26.      26.
                26.      27.      27.      26.      25.      23.          326.
 
  2005          22.      23.      25.      27.      28.      28.
                27.      25.      23.      23.      24.      25.          300.
 
  2006          26.      25.      24.      23.      22.      23.
                25.      27.      28.      28.      28.      27.          307.
 
  2007          26.      25.      24.      23.      22.      21.
                21.      22.      24.      26.      28.      30.          291.
 
  2008          32.      33.      32.      30.      27.      25.
                23.      20.      18.      15.      13.      10.          278.
 
  2009           9.       8.       9.      11.      14.      15.
                16.      16.      15.      15.      15.      16.          158.
 
  2010          18.      19.      19.      18.      16.      14.
                12.      11.      11.      11.      12.      12.          172.
 
  2011          13.      13.      13.      12.      11.      10.
                 9.       9.      10.      12.      13.      15.          139.
 
  2012          15.      17.      19.      23.      29.      34.
                37.      39.      38.      35.      32.      29.          348.
 
  2013          27.      24.      21.      18.      15.      15.
                16.      18.      19.      20.      19.      18.          230.
 
  2014          16.      15.      14.      14.      13.      12.
                12.      11.      12.      13.      14.      16.          163.
 
  2015          17.      20.      23.      26.      28.      30.
                29.      26.      22.      17.      13.      10.          262.
 
  2016          10.      13.      18.      25.      31.      35.
                34.      30.      25.      21.      20.      22.          285.
 
  2017          26.      28.      28.      25.      22.      20.
                25.      36.      51.      67.      79.      83.          492.
 
  2018          80.      70.      58.      46.      36.      29.
                25.      22.      21.      19.      18.      17.          439.
 
  2019          15.      15.      16.      19.      23.      26.
                27.      26.      23.      19.      16.      13.          238.
 
  2020          13.      14.      16.      18.      21.      22.
                23.      23.      22.      21.      20.      20.          233.
 
  2021          22.      23.      24.      25.      25.      25.
                24.      23.      23.      23.      24.      25.          287.
 
  2022          27.      29.      29.      30.      29.      27.
                25.      23.      21.      20.      19.      19.          298.
 
  2023          20.      21.      22.      21.      18.      16.
                14.      15.      16.      18.      18.      17.          217.
 
  2024          15.      14.      13.      14.      15.      15.
                15.      15.      16.      18.      20.      22.          194.
 
  2025          22.      21.      22.      24.      28.      33.
                35.      34.      31.      26.      23.      23.          322.
 
  2026          24.      27.      28.      27.      24.      21.
                                                                          151.
 
  AVGE          23.      23.      23.      23.      23.      23.
                23.      23.      23.      22.      22.      22.

  Table Total-        6127.   Mean-        23.   Std. Dev.-        10.
                              Min -         8.        Max -        83.
        bps_permits 22520            PAGE  12, SERIES bps_permits_addi

 D 13  Final irregular component
  From  2004.Jan to 2026.Jun
  Observations        270
 -----------------------------------------------------------------------------
               Jan      Feb      Mar      Apr      May      Jun 
               Jul      Aug      Sep      Oct      Nov      Dec         S.D.  
 -----------------------------------------------------------------------------
  2004           4.      -3.       4.       1.      -8.       1.
                 5.     -11.       6.       1.      -0.      -1.            5.
 
  2005          -4.      31.      -5.      -3.      10.       5.
                -3.      -4.       1.      -4.       2.       2.           10.
 
  2006           3.      -2.       1.      -3.       2.      -2.
                -7.      18.      -5.      18.      -1.      -1.            8.
 
  2007          -5.       1.       6.       3.      -7.      -5.
                 7.      34.      -1.      -4.      -1.      -0.           11.
 
  2008          34.      41.      -6.     -19.       0.       0.
                 2.     -14.       3.       4.      -2.      -1.           17.
 
  2009          -0.      -1.      -0.      -5.       4.       4.
                -2.       2.      -1.      -1.      -0.      22.            7.
 
  2010           0.      -4.       3.      11.      -3.      -4.
                -3.       2.       1.      -2.      59.      -0.           17.
 
  2011          -2.      -1.       5.      -3.       1.      -0.
                 3.      -5.      -1.       1.      54.       0.           16.
 
  2012           1.       3.      -6.      -2.      -3.       5.
                37.       8.      -7.      21.     -20.       1.           14.
 
  2013           4.      -2.      -2.       5.      -0.      -5.
                -3.      -2.      11.      26.      -1.       1.            8.
 
  2014          -5.      -1.       4.       3.       1.      -7.
                 2.       3.      -5.       4.      -1.       0.            4.
 
  2015          -4.       5.      -1.      -7.       6.      -1.
                 7.      -7.       6.      -2.      -3.       3.            5.
 
  2016          -5.      -3.       5.      -5.     -12.      34.
               -10.      -1.       6.      -7.      -6.     -11.           12.
 
  2017          11.       7.       2.      -1.       2.      -4.
                -3.     -12.      -3.     -48.     -70.     350.          104.
 
  2018         -79.     -60.     -23.       0.      15.      -9.
                -3.       3.      -5.      -2.      17.      -7.           31.
 
  2019          -3.      -7.       4.       8.      -5.      -7.
                 1.      14.      -2.      -0.     -10.       4.            7.
 
  2020          -3.       1.       6.      -3.      -3.      -2.
                11.      -4.      -2.       1.      -4.       2.            4.
 
  2021           0.      -5.       5.       2.      -4.       3.
                 0.     -10.      27.      -0.       1.      -5.            9.
 
  2022          -0.       3.       3.      -3.      47.      -1.
                -4.      21.       1.      -5.       2.      -0.           15.
 
  2023          -4.      -0.       2.       8.      -4.       0.
                -1.      -9.       3.       6.      -1.      10.            5.
 
  2024         -10.      -2.       1.      -2.      81.       3.
                -4.       3.      -6.       2.       2.      -5.           24.
 
  2025          17.      -1.      -3.     -12.     -16.      44.
                 4.      72.     -17.      -5.      -8.      -6.           26.
 
  2026           5.      26.      -6.      18.      -6.      -5.
                                                                           14.
 
  S.D.          19.      18.       6.       8.      21.      12.
                 9.      19.       8.      13.      24.      75.

  Table Total-         625.   Mean-         2.   Std. Dev.-        26.
                              Min -       -79.        Max -       350.
        bps_permits 22520            PAGE  13, SERIES bps_permits_addi

 D 16  Combined adjustment factors
  From  2004.Jan to 2026.Jun
  Observations        270
 -----------------------------------------------------------------------------
               Jan      Feb      Mar      Apr      May      Jun 
               Jul      Aug      Sep      Oct      Nov      Dec         AVGE  
 -----------------------------------------------------------------------------
  2004          -1.      -5.       5.       2.       0.       0.
                -3.       6.      -0.       7.      -7.      -4.           -0.
 
  2005          -1.      -5.       5.       2.       0.      -0.
                -2.       6.      -0.       7.      -8.      -4.           -0.
 
  2006          -1.      -4.       4.       3.       0.      -1.
                -2.       6.      -1.       6.      -8.      -4.           -0.
 
  2007          -0.      -4.       3.       4.       0.      -1.
                -2.       6.      -2.       6.      -7.      -5.           -0.
 
  2008          -1.      -4.       3.       5.       0.      -1.
                -1.       6.      -2.       4.      -6.      -5.            0.
 
  2009          -0.      -4.       2.       6.      -0.      -0.
                 0.       6.      -2.       4.      -5.      -4.            0.
 
  2010          -1.      -4.       0.       5.      -0.       1.
                 1.       5.      -1.       3.      -5.      -4.            0.
 
  2011          -1.      -4.      -2.       4.      -0.       2.
                 2.       5.      -0.       3.      -4.      -4.            0.
 
  2012          -1.      -4.      -3.       2.       0.       4.
                 3.       4.       2.       2.      -4.      -3.            0.
 
  2013          -2.      -2.      -5.      -0.       1.       7.
                 2.       2.       3.       1.      -5.      -4.           -0.
 
  2014           0.       1.      -5.      -2.       1.       9.
                 0.      -2.       3.      -0.      -4.      -3.           -0.
 
  2015           3.       4.      -7.      -4.       2.      10.
                -4.      -5.       3.      -1.      -0.      -2.           -0.
 
  2016           8.       6.      -8.      -4.       2.       6.
                -6.      -6.       1.      -1.       4.      -1.            0.
 
  2017          10.       7.      -9.      -4.       1.       3.
                -7.      -4.      -1.      -2.       6.      -0.            0.
 
  2018          12.       5.      -8.      -2.      -1.      -2.
                -5.      -1.      -2.      -1.       6.       0.            0.
 
  2019          10.       3.      -7.      -0.      -1.      -5.
                -3.       3.      -3.      -2.       5.      -1.            0.
 
  2020           6.       0.      -3.       2.      -1.      -6.
                 0.       6.      -2.      -2.       1.      -1.            0.
 
  2021           1.      -2.       1.       3.      -1.      -3.
                 2.       7.      -2.      -3.      -2.      -3.           -0.
 
  2022          -1.      -2.       3.       4.      -1.       0.
                 2.       7.      -1.      -3.      -6.      -4.           -0.
 
  2023          -1.      -1.       2.       4.       1.       2.
                 2.       7.      -1.      -4.      -7.      -5.           -0.
 
  2024           0.      -0.      -0.       4.       1.       3.
                 2.       7.      -0.      -3.      -8.      -5.           -0.
 
  2025           1.       1.      -2.       4.       1.       3.
                 3.       7.      -0.      -3.      -8.      -6.           -0.
 
  2026           2.       1.      -4.       3.       1.       3.
                                                                            1.
 
  AVGE           2.      -1.      -2.       2.       0.       2.
                -1.       4.      -0.       1.      -3.      -3.

  Table Total-           1.   Mean-         0.   Std. Dev.-         4.
                              Min -        -9.        Max -        12.

 D 16.A  Combined adjustment component forecasts
  From  2026.Jul to 2027.Jun
  Observations         12
 -----------------------------------------------------------------------------
               Jan      Feb      Mar      Apr      May      Jun 
               Jul      Aug      Sep      Oct      Nov      Dec         AVGE  
 -----------------------------------------------------------------------------
  2026                                                          
                 3.       8.      -0.      -3.      -9.      -7.           -1.
 
  2027           4.       1.      -4.       3.       1.       3.
                                                                            1.
 
        bps_permits 22520            PAGE  14, SERIES bps_permits_addi

 E 4  Differences of annual totals
  From          2004 to 2025
  Observations         22
 -----------------------------------
  Year       Unmodified     Modified
                  (D11)         (E2)
 -----------------------------------
  2004              -0.          -0.
 
  2005              -0.          -0.
 
  2006              -1.          -1.
 
  2007              -0.          -0.
 
  2008               0.           0.
 
  2009               1.           1.
 
  2010               1.           1.
 
  2011               1.           1.
 
  2012               0.           0.
 
  2013              -2.          -2.
 
  2014              -2.          -2.
 
  2015              -1.          -1.
 
  2016               1.           1.
 
  2017               0.           0.
 
  2018               1.           1.
 
  2019               0.           0.
 
  2020               0.           0.
 
  2021              -1.          -1.
 
  2022              -2.          -2.
 
  2023              -1.          -1.
 
  2024              -1.          -1.
 
  2025              -0.          -0.
 
        bps_permits 22520            PAGE  15, SERIES bps_permits_addi

 E 5  Month-to-month differences in the original series
  From  2004.Feb to 2026.Jun
  Observations        269
 -----------------------------------------------------------------------------
               Jan      Feb      Mar      Apr      May      Jun 
               Jul      Aug      Sep      Oct      Nov      Dec         AVGE  
 -----------------------------------------------------------------------------
  2004                  -12.      15.      -8.     -11.       8.
                 1.      -6.      11.       2.     -18.       1.           -2.
 
  2005          -1.      32.     -25.       2.      12.      -5.
               -12.       5.      -2.       2.      -8.       5.            0.
 
  2006           5.      -9.      10.      -6.       2.      -4.
                -5.      35.     -29.      31.     -34.       3.           -0.
 
  2007          -1.       1.      11.      -3.     -15.       0.
                11.      36.     -41.       6.      -7.       5.            0.
 
  2008          40.       5.     -41.     -13.      12.      -4.
                -1.     -10.       6.       5.     -19.       0.           -2.
 
  2009           3.      -5.       8.       1.       5.       2.
                -5.      10.     -12.       5.      -8.      24.            2.
 
  2010         -16.      -7.      12.      12.     -21.      -2.
                -1.       8.      -7.       1.      54.     -58.           -2.
 
  2011           2.      -3.       9.      -3.      -1.       0.
                 2.      -4.      -1.       6.      48.     -52.            0.
 
  2012           4.       1.      -6.      13.       3.      16.
                35.     -26.     -19.      26.     -50.      19.            1.
 
  2013           2.      -9.      -6.       8.      -6.       1.
                -1.       2.      15.      13.     -33.       2.           -1.
 
  2014          -4.       4.      -2.       1.       1.      -1.
                 0.      -2.      -1.       6.      -7.       3.           -0.
 
  2015           4.      12.     -14.       0.      21.       2.
                -5.     -19.      17.     -17.      -4.       1.           -0.
 
  2016           2.       3.      -1.       1.       5.      54.
               -57.       5.       9.     -19.       5.      -7.            0.
 
  2017          37.      -6.     -21.       0.       3.      -5.
                -4.       5.      27.     -29.      -3.     418.           35.
 
  2018        -421.       3.      11.      18.       6.     -32.
                -2.       9.     -11.       2.      25.     -31.          -35.
 
  2019          12.     -11.       3.      12.      -9.      -3.
                11.      18.     -25.      -1.      -6.       6.            1.
 
  2020          -1.      -1.       4.      -2.      -1.      -2.
                20.      -9.      -7.       2.      -2.       3.            0.
 
  2021           2.      -6.      13.       0.     -10.       4.
                 2.      -5.      27.     -28.       3.      -5.           -0.
 
  2022           8.       3.       6.      -5.      45.     -49.
                -3.      28.     -29.     -11.       4.       0.           -0.
 
  2023           0.       5.       6.       7.     -18.       3.
                -3.      -3.       7.       1.     -10.      12.            1.
 
  2024         -16.       5.       3.       2.      81.     -76.
                -8.      12.     -15.       7.      -3.      -3.           -1.
 
  2025          29.     -19.      -5.       0.      -3.      67.
               -38.      72.    -100.       4.     -12.       5.            0.
 
  2026          21.      22.     -36.      30.     -29.       0.
                                                                            1.
 
  AVGE         -13.       0.      -2.       3.       3.      -1.
                -3.       7.      -8.       1.      -4.      16.

  Table Total-         -16.   Mean-        -0.   Std. Dev.-        41.
                              Min -      -421.        Max -       418.
        bps_permits 22520            PAGE  16, SERIES bps_permits_addi

 E 6  Month-to-month differences in seasonally adjusted series (D11)
  From  2004.Feb to 2026.Jun
  Observations        269
 -----------------------------------------------------------------------------
               Jan      Feb      Mar      Apr      May      Jun 
               Jul      Aug      Sep      Oct      Nov      Dec         AVGE  
 -----------------------------------------------------------------------------
  2004                   -8.       5.      -5.     -10.       8.
                 4.     -15.      17.      -5.      -3.      -2.           -1.
 
  2005          -4.      36.     -34.       5.      14.      -5.
               -10.      -3.       4.      -5.       6.       2.            0.
 
  2006           2.      -6.       2.      -5.       4.      -3.
                -3.      27.     -22.      24.     -20.      -0.           -0.
 
  2007          -5.       4.       4.      -4.     -11.       1.
                12.      28.     -33.      -1.       6.       2.            0.
 
  2008          36.       8.     -48.     -15.      17.      -3.
                -1.     -17.      14.      -1.      -8.      -2.           -2.
 
  2009          -1.      -1.       2.      -3.      11.       2.
                -5.       4.      -4.      -1.       1.      23.            2.
 
  2010         -20.      -3.       7.       7.     -16.      -4.
                -1.       4.      -1.      -3.      61.     -59.           -2.
 
  2011          -1.       1.       6.      -9.       3.      -3.
                 3.      -8.       4.       3.      55.     -53.            0.
 
  2012           2.       3.      -6.       8.       5.      13.
                36.     -27.     -17.      26.     -44.      18.            1.
 
  2013           0.      -9.      -3.       4.      -7.      -5.
                 3.       3.      14.      15.     -28.       1.           -1.
 
  2014          -8.       3.       5.      -2.      -3.      -9.
                 9.       1.      -7.      10.      -4.       3.           -0.
 
  2015          -3.      11.      -3.      -3.      16.      -6.
                 8.     -17.       9.     -13.      -5.       3.           -0.
 
  2016          -8.       4.      14.      -3.      -1.      49.
               -44.       5.       1.     -17.      -0.      -2.           -0.
 
  2017          26.      -2.      -5.      -6.      -1.      -7.
                 6.       2.      24.     -28.     -11.     424.           35.
 
  2018        -433.       9.      25.      12.       5.     -31.
                 2.       4.     -10.       1.      17.     -25.          -35.
 
  2019           2.      -4.      13.       6.      -8.       1.
                 9.      12.     -19.      -2.     -13.      12.            1.
 
  2020          -8.       5.       7.      -7.       2.       3.
                14.     -15.       1.       2.      -6.       6.            0.
 
  2021          -1.      -3.      11.      -3.      -6.       6.
                -3.     -10.      36.     -27.       2.      -5.           -0.
 
  2022           6.       4.       1.      -6.      49.     -50.
                -5.      23.     -21.      -9.       6.      -2.           -0.
 
  2023          -3.       5.       3.       5.     -15.       2.
                -3.      -8.      14.       4.      -7.      10.            1.
 
  2024         -21.       6.       3.      -2.      84.     -78.
                -7.       7.      -8.      10.       2.      -6.           -1.
 
  2025          22.     -18.      -2.      -6.      -0.      65.
               -38.      67.     -93.       7.      -7.       2.            0.
 
  2026          13.      24.     -32.      23.     -27.      -2.
                                                                           -0.
 
  AVGE         -18.       3.      -1.      -0.       5.      -2.
                -1.       3.      -4.      -0.       0.      16.

  Table Total-         -20.   Mean-        -0.   Std. Dev.-        41.
                              Min -      -433.        Max -       424.
        bps_permits 22520            PAGE  17, SERIES bps_permits_addi

 E 7  Month-to-month differences in final trend cycle (D12)
  From  2004.Feb to 2026.Jun
  Observations        269
 -----------------------------------------------------------------------------
               Jan      Feb      Mar      Apr      May      Jun 
               Jul      Aug      Sep      Oct      Nov      Dec         AVGE  
 -----------------------------------------------------------------------------
  2004                   -1.      -2.      -2.      -1.      -0.
                 1.       1.       0.      -1.      -2.      -2.           -1.
 
  2005          -1.       1.       2.       2.       1.      -0.
                -2.      -2.      -1.      -0.       1.       1.            0.
 
  2006           0.      -1.      -1.      -1.      -0.       1.
                 2.       2.       1.       0.      -0.      -1.            0.
 
  2007          -1.      -1.      -1.      -1.      -1.      -0.
                -0.       1.       2.       2.       2.       2.            0.
 
  2008           2.       1.      -1.      -2.      -3.      -3.
                -2.      -2.      -2.      -2.      -3.      -3.           -2.
 
  2009          -2.      -1.       1.       2.       2.       2.
                 1.      -0.      -1.      -1.       0.       1.            0.
 
  2010           2.       1.       0.      -1.      -2.      -2.
                -2.      -1.      -0.       1.       1.       0.           -0.
 
  2011           0.       0.      -0.      -1.      -1.      -1.
                -1.      -0.       1.       2.       2.       1.            0.
 
  2012           1.       1.       2.       4.       5.       5.
                 3.       1.      -1.      -3.      -3.      -3.            1.
 
  2013          -3.      -3.      -3.      -3.      -2.      -0.
                 1.       2.       1.       0.      -1.      -1.           -1.
 
  2014          -1.      -1.      -1.      -1.      -1.      -1.
                -0.      -0.       1.       1.       1.       1.           -0.
 
  2015           2.       2.       3.       3.       3.       1.
                -1.      -3.      -4.      -5.      -4.      -3.           -0.
 
  2016          -0.       3.       5.       7.       6.       4.
                -0.      -4.      -5.      -4.      -1.       2.            1.
 
  2017           4.       2.      -0.      -3.      -4.      -1.
                 4.      11.      16.      16.      12.       4.            5.
 
  2018          -4.     -10.     -13.     -12.     -10.      -7.
                -4.      -2.      -2.      -2.      -1.      -1.           -6.
 
  2019          -1.      -0.       1.       3.       4.       3.
                 1.      -1.      -3.      -4.      -4.      -2.           -0.
 
  2020          -1.       1.       2.       2.       2.       2.
                 1.      -0.      -1.      -1.      -1.       0.            1.
 
  2021           1.       2.       1.       1.       0.      -0.
                -1.      -1.      -0.       0.       1.       1.            0.
 
  2022           2.       1.       1.       0.      -1.      -2.
                -2.      -2.      -2.      -2.      -1.       0.           -1.
 
  2023           1.       1.       1.      -1.      -2.      -3.
                -1.       0.       2.       2.       0.      -1.           -0.
 
  2024          -2.      -2.      -0.       1.       1.       1.
                 0.      -0.       1.       2.       2.       1.            0.
 
  2025           0.      -0.       1.       2.       4.       4.
                 2.      -1.      -4.      -5.      -3.      -0.            0.
 
  2026           2.       2.       1.      -1.      -3.      -3.
                                                                           -0.
 
  AVGE           0.       0.      -0.      -0.      -0.      -0.
                 0.      -0.      -0.      -0.      -0.      -0.

  Table Total-         -11.   Mean-        -0.   Std. Dev.-         3.
                              Min -       -13.        Max -        16.
        bps_permits 22520            PAGE  18, SERIES bps_permits_addi

 E 8  Month-to-month differences in original series adjusted for calendar factors (A18)
  From  2004.Feb to 2026.Jun
  Observations        269
 -----------------------------------------------------------------------------
               Jan      Feb      Mar      Apr      May      Jun 
               Jul      Aug      Sep      Oct      Nov      Dec         AVGE  
 -----------------------------------------------------------------------------
  2004                  -12.      15.      -8.     -11.       8.
                 1.      -6.      11.       2.     -18.       1.           -2.
 
  2005          -1.      32.     -25.       2.      12.      -5.
               -12.       5.      -2.       2.      -8.       5.            0.
 
  2006           5.      -9.      10.      -6.       2.      -4.
                -5.      35.     -29.      31.     -34.       3.           -0.
 
  2007          -1.       1.      11.      -3.     -15.       0.
                11.      36.     -41.       6.      -7.       5.            0.
 
  2008          40.       5.     -41.     -13.      12.      -4.
                -1.     -10.       6.       5.     -19.       0.           -2.
 
  2009           3.      -5.       8.       1.       5.       2.
                -5.      10.     -12.       5.      -8.      24.            2.
 
  2010         -16.      -7.      12.      12.     -21.      -2.
                -1.       8.      -7.       1.      54.     -58.           -2.
 
  2011           2.      -3.       9.      -3.      -1.       0.
                 2.      -4.      -1.       6.      48.     -52.            0.
 
  2012           4.       1.      -6.      13.       3.      16.
                35.     -26.     -19.      26.     -50.      19.            1.
 
  2013           2.      -9.      -6.       8.      -6.       1.
                -1.       2.      15.      13.     -33.       2.           -1.
 
  2014          -4.       4.      -2.       1.       1.      -1.
                 0.      -2.      -1.       6.      -7.       3.           -0.
 
  2015           4.      12.     -14.       0.      21.       2.
                -5.     -19.      17.     -17.      -4.       1.           -0.
 
  2016           2.       3.      -1.       1.       5.      54.
               -57.       5.       9.     -19.       5.      -7.            0.
 
  2017          37.      -6.     -21.       0.       3.      -5.
                -4.       5.      27.     -29.      -3.     418.           35.
 
  2018        -421.       3.      11.      18.       6.     -32.
                -2.       9.     -11.       2.      25.     -31.          -35.
 
  2019          12.     -11.       3.      12.      -9.      -3.
                11.      18.     -25.      -1.      -6.       6.            1.
 
  2020          -1.      -1.       4.      -2.      -1.      -2.
                20.      -9.      -7.       2.      -2.       3.            0.
 
  2021           2.      -6.      13.       0.     -10.       4.
                 2.      -5.      27.     -28.       3.      -5.           -0.
 
  2022           8.       3.       6.      -5.      45.     -49.
                -3.      28.     -29.     -11.       4.       0.           -0.
 
  2023           0.       5.       6.       7.     -18.       3.
                -3.      -3.       7.       1.     -10.      12.            1.
 
  2024         -16.       5.       3.       2.      81.     -76.
                -8.      12.     -15.       7.      -3.      -3.           -1.
 
  2025          29.     -19.      -5.       0.      -3.      67.
               -38.      72.    -100.       4.     -12.       5.            0.
 
  2026          21.      22.     -36.      30.     -29.       0.
                                                                            1.
 
  AVGE         -13.       0.      -2.       3.       3.      -1.
                -3.       7.      -8.       1.      -4.      16.

  Table Total-         -16.   Mean-        -0.   Std. Dev.-        41.
                              Min -      -421.        Max -       418.
        bps_permits 22520            PAGE  19, SERIES bps_permits_addi

 E 18  Final adjustment ratios
  From  2004.Jan to 2026.Jun
  Observations        270
 -----------------------------------------------------------------------------
               Jan      Feb      Mar      Apr      May      Jun 
               Jul      Aug      Sep      Oct      Nov      Dec         AVGE  
 -----------------------------------------------------------------------------
  2004       97.317   82.101  115.638  105.898  102.344  100.662
             90.507  136.601   99.219  125.357   69.411   81.808       100.572
 
  2005       95.067   91.530  125.107  109.739  100.116   99.214
             89.927  127.699   98.730  136.016   70.414   84.597       102.346
 
  2006       96.656   83.306  116.378  114.452  101.744   97.668
             88.657  113.168   95.548  113.178   71.486   83.568        97.984
 
  2007       97.757   85.928  111.564  116.322  102.649   94.337
             93.073  111.631   92.808  126.593   73.449   84.566        99.223
 
  2008       98.932   94.839  112.263  149.046  100.891   96.298
             95.605  196.028   90.440  122.849   44.133   52.421       104.479
 
  2009       94.897   42.144  122.913  192.680   97.339   98.970
            101.338  133.575   86.770  128.618   62.770   88.211       104.185
 
  2010       96.574   69.545  101.265  117.088   97.188  113.021
            114.079  143.309   92.875  130.554   93.544   66.800       102.987
 
  2011       92.681   61.267   90.356  144.524   97.674  125.238
            115.086  221.544   99.909  120.060   93.695   74.650       111.390
 
  2012       90.981   81.987   76.198  109.657  101.728  109.140
            103.833  108.442  104.962  103.310   65.166   88.690        95.341
 
  2013       94.131   92.412   75.386   98.989  103.994  167.801
            117.927  110.331  108.622  101.407   73.728   79.745       102.039
 
  2014      100.064  109.578   71.361   85.143  108.306  296.213
            100.786   82.979  146.041   98.068   73.984   80.880       112.784
 
  2015      125.354  117.237   68.796   80.879  104.458  134.050
             90.380   72.545  108.998   92.060   99.621   81.512        97.991
 
  2016      242.972  167.870   64.820   80.447  109.198  109.433
             74.405   78.277  103.664   90.486  126.636   93.274       111.790
 
  2017      127.863  119.347   69.154   85.019  103.292  119.397
             68.565   82.965   98.017   91.497  168.393   99.949       102.788
 
  2018     3864.594  156.372   75.690   95.432   98.797   91.528
             74.572   96.435   86.707   92.373  118.273  103.938       412.893
 
  2019      183.700  137.753   68.158   98.328   94.414   73.860
             90.157  108.372   86.554   90.473  182.817   95.665       109.188
 
  2020      162.505  102.601   87.250  112.748   92.365   70.122
            100.513  131.786   88.995   90.042  108.304   94.181       103.451
 
  2021      105.646   91.806  102.514  112.245   95.095   88.188
            107.178  151.384   96.809   86.790   90.494   86.581       101.227
 
  2022       96.103   92.706  109.405  114.653   99.300  100.435
            109.914  115.242   96.043   77.181   72.439   79.733        96.930
 
  2023       94.206   94.195  107.065  113.395  105.207  112.877
            113.428  227.126   96.755   84.923   59.510   81.372       107.505
 
  2024      105.980   96.566   97.775  133.557  100.971  116.498
            117.282  138.558   98.783   83.593   63.456   66.848       101.656
 
  2025      103.250  102.576   86.935  132.746  108.411  104.019
            106.728  106.723   98.918   85.777   41.424   65.108        95.218
 
  2026      108.227  101.431   82.961  107.321  104.981  120.950
                                                                       104.312
 
  AVGE      277.194   98.917   92.998  113.492  101.324  114.779
             98.361  127.033   98.917  103.237   87.416   82.459

  Table Total-       31513.   Mean-       117.   Std. Dev.-       231.
                              Min -        41.        Max -      3865.

 E 18.A  Final adjustment ratio forecasts
  From  2026.Jul to 2027.Jun
  Observations         12
 -----------------------------------------------------------------------------
               Jan      Feb      Mar      Apr      May      Jun 
               Jul      Aug      Sep      Oct      Nov      Dec         AVGE  
 -----------------------------------------------------------------------------
  2026                                                          
            114.961  142.430   99.124   90.085   74.021   79.054        99.946
 
  2027      117.272  104.931   84.803  112.071  104.025  114.889
                                                                       106.332
 

  QS statistic for seasonality:
  Original Series                                     0.00  (P-Value =     1.0000)
  Original Series (EV adj)                            0.00  (P-Value =     1.0000)
  Residuals                                           0.00  (P-Value =     1.0000)
  Seasonally Adjusted Series                          0.00  (P-Value =     1.0000)
  Seasonally Adjusted Series (EV adj)                 0.00  (P-Value =     1.0000)
  Irregular Series                                    0.00  (P-Value =     1.0000)
  Irregular Series (EV adj)                           0.00  (P-Value =     1.0000)

  QS statistic for seasonality (starting 2018.Jul):
  Original Series                                     0.00  (P-Value =     1.0000)
  Original Series (EV adj)                            0.00  (P-Value =     1.0000)
  Residuals                                           0.00  (P-Value =     1.0000)
  Seasonally Adjusted Series                          0.00  (P-Value =     1.0000)
  Seasonally Adjusted Series (EV adj)                 0.00  (P-Value =     1.0000)
  Irregular Series                                    0.00  (P-Value =     1.0000)
  Irregular Series (EV adj)                           0.00  (P-Value =     1.0000)


 WARNING: Series should not be a candidate for seasonal adjustment
          because the spectrum of the original series (Table A1 or B1)
          has no visually significant seasonal peaks.

          If this is a component series of an indirectly adjusted
          composite series, consider using type = trend or type = summary
          in the x11 spec.
        bps_permits 22520            PAGE  20, SERIES bps_permits_addi
 G 0  10*LOG(SPECTRUM) of the differenced Original Series
      (Table A1 or B1).  Spectrum estimated from 2018.Jul to 2026.Jun.
 ++++++++++I+++++++++++++++++++++++++++++++++++++++++++++++++++++++++++++I
      34.69I                                              *              I     34.69
           I                                              *              I
           I                                              *              I
           I                                              **        *    I
      32.36I                                              ***      ***   I     32.36
           I                                             ****      ****  I
           I                                         *   *****     ****  I
           I                                         *   *****     ***** I
      30.03I                                         *   *****     ***** I     30.03
           I                                         *   *****     *****SI
           I                                        S*   *****     *****SI
           I                 **                     S*  ******     *****SI
      27.70I                ***           S   *     S*T ******     *****SI     27.70
           I                ***           S   **    S*T ******S   ******SI
           I                ***           S   **    S*T*******S   ******SI
           I                ***     *    *S   **    S*T*******S   ******SI
      25.37I                ***     **   *S   **    S*T*******S   ******SI     25.37
           I                ***     **   *S   **    S*T*******S   ******SI
           I          S    *****    **   *S   **    S*T*******S*  ******SI
           I          S    *****    **   *S   **    S*T*******S* *******SI
      23.04I          S    *****    **   *S*  **   *S*T*******S*T*******SI     23.04
           I          S    *****    *** **S* ***   *S*T*******S*T*******SI
           I          S    *****   **** **S* ****  *S*T*******S*T*******SI
           I          S*   *****   *******S******  *S*T*******S*T*******SI
      20.71I          S*   *****S  *******S******  *S*T*******S*T*******SI     20.71
           I          S*  ******S  *******S****** **S*T*******S*T*******SI
           I         *S*  ******S ********S*********S*T*******S*T*******SI
           I         *S*  ******S*********S*********S*T*******S*T*******SI
      18.38I         *S** ******S*********S*********S*T*******S*T*******SI     18.38
           I         *S*********S*********S*********S*T*******S*T*******SI
           I         *S*********S*********S*********S*T*******S*T*******SI
           I         *S*********S*********S*********S*T*******S*T*******SI
      16.05I         *S*********S*********S*********S*T*******S*T*******SI     16.05
           I        **S*********S*********S*********S*T*******S*T*******SI
           I        **S*********S*********S*********S*T*******S*T*******SI
           I        **S*********S*********S*********S*T*******S*T*******SI
      13.72I        **S*********S*********S*********S*T*******S*T*******SI     13.72
           I        **S*********S*********S*********S*T*******S*T*******SI
           I    *  ***S*********S*********S*********S*T*******S*T*******SI
           I    ******S*********S*********S*********S*T*******S*T*******SI
      11.39I    ******S*********S*********S*********S*T*******S*T*******SI     11.39
           I    ******S*********S*********S*********S*T*******S*T*******SI
           I   *******S*********S*********S*********S*T*******S*T*******SI
           I   *******S*********S*********S*********S*T*******S*T*******SI
       9.06I   *******S*********S*********S*********S*T*******S*T*******SI      9.06
           I   *******S*********S*********S*********S*T*******S*T*******SI
           I   *******S*********S*********S*********S*T*******S*T*******SI
           I   *******S*********S*********S*********S*T*******S*T*******SI
       6.73I  ********S*********S*********S*********S*T*******S*T*******SI      6.73
           I  ********S*********S*********S*********S*T*******S*T*******SI
           I  ********S*********S*********S*********S*T*******S*T*******SI
           I *********S*********S*********S*********S*T*******S*T*******SI
       4.40I**********S*********S*********S*********S*T*******S*T*******SI      4.40
 ++++++++++I+++++++++++++++++++++++++++++++++++++++++++++++++++++++++++++I
            S=SEASONAL FREQUENCIES, T=TRADING DAY FREQUENCIES
        bps_permits 22520            PAGE  21, SERIES bps_permits_addi
 G 1  10*LOG(SPECTRUM) of the differenced seasonally adjusted 
      data (Table E2).  Spectrum estimated from 2018.Jul to 2026.Jun.
 ++++++++++I+++++++++++++++++++++++++++++++++++++++++++++++++++++++++++++I
      28.30I                                               *             I     28.30
           I                                               *             I
           I                                               *             I
           I                                               *             I
      26.09I                                               *             I     26.09
           I                                               *             I
           I                                               *       *     I
           I                                               *      **     I
      23.88I                                              **      ***    I     23.88
           I                 *                    *       **     ****    I
           I                 *                    *       **     ****   SI
           I                 *             *      *   T*  **     ****   SI
      21.67I                 **            *     ***  T*  **     ***** *SI     21.67
           I                 **            *     ***  T*  **    T*******SI
           I                 **            *     *** *T*  ***   T*******SI
           I                ***            *     ***S*T******   T*******SI
      19.46I            *   ***    **      *     ***S*T******   T*******SI     19.46
           I            *   ***    **     S**    ***S*T******   T*******SI
           I            *   ****   **     S**    ***S*T******  *T*******SI
           I            *   ****   **     S**   ****S*T******  *T*******SI
      17.25I            *   ****   **  *  S**   ****S*T*******S*T*******SI     17.25
           I            *   ****   *******S**   ****S*T*******S*T*******SI
           I            *   ****   *******S**   ****S*T*******S*T*******SI
           I           **  *****  ********S**   ****S*T*******S*T*******SI
      15.04I           *** *****S ********S*** *****S*T*******S*T*******SI     15.04
           I           *** *****S*********S*** *****S*T*******S*T*******SI
           I           *********S*********S*********S*T*******S*T*******SI
           I           *********S*********S*********S*T*******S*T*******SI
      12.83I        ** *********S*********S*********S*T*******S*T*******SI     12.83
           I        **S*********S*********S*********S*T*******S*T*******SI
           I        **S*********S*********S*********S*T*******S*T*******SI
           I        **S*********S*********S*********S*T*******S*T*******SI
      10.62I        **S*********S*********S*********S*T*******S*T*******SI     10.62
           I        **S*********S*********S*********S*T*******S*T*******SI
           I   *    **S*********S*********S*********S*T*******S*T*******SI
           I   *    **S*********S*********S*********S*T*******S*T*******SI
       8.42I   *    **S*********S*********S*********S*T*******S*T*******SI      8.42
           I   *   ***S*********S*********S*********S*T*******S*T*******SI
           I   *   ***S*********S*********S*********S*T*******S*T*******SI
           I   *   ***S*********S*********S*********S*T*******S*T*******SI
       6.21I   *   ***S*********S*********S*********S*T*******S*T*******SI      6.21
           I   **  ***S*********S*********S*********S*T*******S*T*******SI
           I   **  ***S*********S*********S*********S*T*******S*T*******SI
           I  ***  ***S*********S*********S*********S*T*******S*T*******SI
       4.00I  *** ****S*********S*********S*********S*T*******S*T*******SI      4.00
           I  ********S*********S*********S*********S*T*******S*T*******SI
           I  ********S*********S*********S*********S*T*******S*T*******SI
           I  ********S*********S*********S*********S*T*******S*T*******SI
       1.79I  ********S*********S*********S*********S*T*******S*T*******SI      1.79
           I  ********S*********S*********S*********S*T*******S*T*******SI
           I *********S*********S*********S*********S*T*******S*T*******SI
           I *********S*********S*********S*********S*T*******S*T*******SI
      -0.42I**********S*********S*********S*********S*T*******S*T*******SI     -0.42
 ++++++++++I+++++++++++++++++++++++++++++++++++++++++++++++++++++++++++++I
            S=SEASONAL FREQUENCIES, T=TRADING DAY FREQUENCIES
        bps_permits 22520            PAGE  22, SERIES bps_permits_addi
 G 2  10*LOG(SPECTRUM) of the Modified Irregular (Table E3).  
      Spectrum estimated from 2018.Jul to 2026.Jun.
 ++++++++++I+++++++++++++++++++++++++++++++++++++++++++++++++++++++++++++I
      22.73I                                               *             I     22.73
           I                                               *             I
           I                                               *             I
           I                 *                             *             I
      21.30I                 *                             *             I     21.30
           I                 *                             *             I
           I                 **                            *             I
           I                 **                            *             I
      19.88I                 **                            *             I     19.88
           I                 **                            *             I
           I                 **                   *        *             I
           I                 **                   *       **       *     I
      18.45I                 **    *       *      *       **      **     I     18.45
           I                 **    *       *      *       **      **     I
           I                ***    **      *      *   T   **     ****    I
           I                ***    **      *      *   T*  **     ****    I
      17.03I       **       ****   **      *     **   T*  **     ****    I     17.03
           I       **       ****   **      *     ***  T*  **     ****   SI
           I       **       ****  ***      *     ***  T*  **     ****   SI
           I       **       ****  ****    S*     *** *T*  **     ****   SI
      15.60I       ***      ****  ****    S**    *** *T*  **     ***** *SI     15.60
           I       ***S     ****  *****   S**    ***S*T* ****   T***** *SI
           I       ***S     ****S ******  S**    ***S*T******   T*******SI
           I       ***S*    ****S*******  S**    ***S*T******   T*******SI
      14.18I      ****S*   *****S*********S**    ***S*T******   T*******SI     14.18
           I      ****S*   *****S*********S**    ***S*T******   T*******SI
           I      ****S*   *****S*********S**    ***S*T******   T*******SI
           I    * ****S*   *****S*********S**   ****S*T******   T*******SI
      12.76I    ******S**  *****S*********S**   ****S*T******   T*******SI     12.76
           I    ******S**  *****S*********S**   ****S*T******  *T*******SI
           I    ******S** ******S*********S***  ****S*T******* *T*******SI
           I   *******S*********S*********S***  ****S*T******* *T*******SI
      11.33I   *******S*********S*********S***  ****S*T*******S*T*******SI     11.33
           I   *******S*********S*********S*** *****S*T*******S*T*******SI
           I   *******S*********S*********S*** *****S*T*******S*T*******SI
           I   *******S*********S*********S*********S*T*******S*T*******SI
       9.91I   *******S*********S*********S*********S*T*******S*T*******SI      9.91
           I   *******S*********S*********S*********S*T*******S*T*******SI
           I   *******S*********S*********S*********S*T*******S*T*******SI
           I   *******S*********S*********S*********S*T*******S*T*******SI
       8.48I   *******S*********S*********S*********S*T*******S*T*******SI      8.48
           I   *******S*********S*********S*********S*T*******S*T*******SI
           I  ********S*********S*********S*********S*T*******S*T*******SI
           I  ********S*********S*********S*********S*T*******S*T*******SI
       7.06I  ********S*********S*********S*********S*T*******S*T*******SI      7.06
           I  ********S*********S*********S*********S*T*******S*T*******SI
           I  ********S*********S*********S*********S*T*******S*T*******SI
           I  ********S*********S*********S*********S*T*******S*T*******SI
       5.63I  ********S*********S*********S*********S*T*******S*T*******SI      5.63
           I  ********S*********S*********S*********S*T*******S*T*******SI
           I *********S*********S*********S*********S*T*******S*T*******SI
           I *********S*********S*********S*********S*T*******S*T*******SI
       4.21I**********S*********S*********S*********S*T*******S*T*******SI      4.21
 ++++++++++I+++++++++++++++++++++++++++++++++++++++++++++++++++++++++++++I
            S=SEASONAL FREQUENCIES, T=TRADING DAY FREQUENCIES
        bps_permits 22520            PAGE  23, SERIES bps_permits_addi

  Peak probabilities for Tukey spectrum estimator
  Spectrum estimated from 2018.Jul to 2026.Jun.

                                          S1       S2       S3       S4       S5       S6       TD
                                        ------   ------   ------   ------   ------   ------   ------
  Model Residuals                        0.764    0.276    0.326    0.795    0.529    0.843    0.869  
  Original Series (Table A1 or B1)       0.908*   0.081    0.680    0.709    0.286    0.587    0.439  
  Seasonally adjusted series (E2)        0.719    0.079    0.890    0.359    0.151    0.735    0.674  
  Modified Irregular (E3)                0.616    0.111    0.896    0.385    0.145    0.735    0.698  
  ----------
     ** - Peak Probability > 0.99,
      * - 0.90 < Peak Probability < 0.99


