  Reading input spec file from D:\Programming\Dynamic Paper-dlrhcs_replication\outputs\empirical\unemployment\raw_sa_pilot\x13_work\bps_permits_additive_level_24020_200401_202606.spc

1

               U. S. Department of Commerce, U. S. Census Bureau

              X-13ARIMA-SEATS monthly seasonal adjustment Method,
                          Release Version 1.1 Build 62


           This software application provides an enhanced version of
             Statistics Canada's X-11-ARIMA extension (Dagum, 1980)
                 of the X-11 variant of the Census Method II of
                      Shiskin, Young and Musgrave (1967).

            It also provides an ARIMA model-based method following
       Hillmer and Tiao (1982) and Burman (1980) that is very similar
       to the update of the method of SEATS (Gomez and Maravall, 1996)
                produced at the Bank of Spain by G. Caporello and
               A. Maravall for TSW (Caporello and Maravall, 2004).
          The present application includes additional enhancements.

         X-13ARIMA-SEATS includes an automatic ARIMA model selection procedure
          based largely on the procedure of Gomez and Maravall (1998)
            as implemented in TRAMO (1996) and subsequent revisions.

              Primary Programmers: Brian Monsell, Mark Otto and,
                 for the ARIMA model-based signal extraction,
                      Gianluca Caporello and Victor Gomez


     Series Title- bps_permits 24020
     Series Name- bps_permits_addi
     Jul 29, 2026  08.27.00 

        -Period covered-  1st month,2004 to  6th month,2026
        -Type of run - additive seasonal adjustment

        -Sigma limits for graduating extreme values are  1.5 and  2.5 .
        -3x3 moving average used in section 1 of each iteration, 
         3x5 moving average in section 2 of iterations B and C,
         moving average for final seasonal factors chosen by Global MSR.
        -Holiday adjustment factors applied directly to the final seasonally adjusted series
        -Spectral plots generated for selected series
        -Spectral plots generated for series starting in 2018.Jul

 FILE SAVE REQUESTS (* indicates file exists and will be overwritten)
  D:\Programming\Dynamic Paper-dlrhcs_replication\outputs\empirical\unemployment\raw_sa_pilot\x13_work\bps_permits_additive_level_24020_200401_202606.d10  final seasonal factors
  D:\Programming\Dynamic Paper-dlrhcs_replication\outputs\empirical\unemployment\raw_sa_pilot\x13_work\bps_permits_additive_level_24020_200401_202606.d11  final seasonally adjusted data
  D:\Programming\Dynamic Paper-dlrhcs_replication\outputs\empirical\unemployment\raw_sa_pilot\x13_work\bps_permits_additive_level_24020_200401_202606.out  program output file
  D:\Programming\Dynamic Paper-dlrhcs_replication\outputs\empirical\unemployment\raw_sa_pilot\x13_work\bps_permits_additive_level_24020_200401_202606.err  program error file
        bps_permits 24020            PAGE   1, SERIES bps_permits_addi

     Contents of spc file D:\Programming\Dynamic Paper-dlrhcs_replication\outputs\empirical\unemployment\raw_sa_pilot\x13_work\bps_permits_additive_level_24020_200401_202606.spc

 Line #
 ------
      1: series {
      2:   title = "bps_permits 24020"
      3:   start = 2004.1
      4:   period = 12
      5:   data = (
      6: 34
      7: 29
      8: 63
      9: 76
     10: 76
     11: 65
     12: 73
     13: 67
     14: 61
     15: 53
     16: 37
     17: 60
     18: 52
     19: 33
     20: 35
     21: 60
     22: 54
     23: 58
     24: 71
     25: 73
     26: 93
     27: 52
     28: 58
     29: 35
     30: 22
     31: 19
     32: 39
     33: 47
     34: 92
     35: 64
     36: 43
     37: 43
     38: 115
     39: 52
     40: 37
     41: 26
     42: 23
     43: 9
     44: 16
     45: 41
     46: 42
     47: 46
     48: 33
     49: 37
     50: 34
     51: 46
     52: 48
     53: 31
     54: 15
     55: 14
     56: 22
     57: 23
     58: 28
     59: 28
     60: 31
     61: 26
     62: 25
     63: 24
     64: 22
     65: 13
     66: 9
     67: 9
     68: 9
     69: 13
     70: 14
     71: 20
     72: 17
     73: 23
     74: 27
     75: 19
     76: 27
     77: 21
     78: 12
     79: 9
     80: 20
     81: 20
     82: 17
     83: 25
     84: 20
     85: 17
     86: 25
     87: 20
     88: 26
     89: 27
     90: 15
     91: 10
     92: 19
     93: 14
     94: 15
     95: 16
     96: 16
     97: 17
     98: 12
     99: 23
    100: 18
    101: 11
    102: 8
    103: 14
    104: 16
    105: 20
    106: 27
    107: 19
    108: 18
    109: 15
    110: 15
    111: 22
    112: 16
    113: 17
    114: 14
    115: 52
    116: 16
    117: 22
    118: 15
    119: 12
    120: 26
    121: 25
    122: 23
    123: 28
    124: 15
    125: 13
    126: 9
    127: 7
    128: 15
    129: 16
    130: 35
    131: 61
    132: 25
    133: 15
    134: 69
    135: 29
    136: 13
    137: 23
    138: 10
    139: 4
    140: 11
    141: 19
    142: 96
    143: 21
    144: 22
    145: 12
    146: 23
    147: 23
    148: 25
    149: 12
    150: 10
    151: 14
    152: 18
    153: 15
    154: 25
    155: 73
    156: 17
    157: 19
    158: 19
    159: 29
    160: 16
    161: 8
    162: 19
    163: 6
    164: 13
    165: 16
    166: 23
    167: 24
    168: 19
    169: 27
    170: 20
    171: 20
    172: 27
    173: 19
    174: 6
    175: 16
    176: 12
    177: 11
    178: 19
    179: 20
    180: 39
    181: 22
    182: 19
    183: 24
    184: 14
    185: 12
    186: 12
    187: 11
    188: 25
    189: 23
    190: 26
    191: 16
    192: 25
    193: 22
    194: 19
    195: 22
    196: 21
    197: 9
    198: 12
    199: 10
    200: 11
    201: 5
    202: 15
    203: 27
    204: 22
    205: 18
    206: 19
    207: 95
    208: 18
    209: 46
    210: 16
    211: 10
    212: 21
    213: 23
    214: 46
    215: 63
    216: 33
    217: 75
    218: 22
    219: 29
    220: 18
    221: 23
    222: 21
    223: 21
    224: 35
    225: 19
    226: 19
    227: 22
    228: 45
    229: 18
    230: 33
    231: 26
    232: 26
    233: 10
    234: 9
    235: 7
    236: 17
    237: 23
    238: 17
    239: 35
    240: 17
    241: 26
    242: 22
    243: 24
    244: 16
    245: 21
    246: 6
    247: 6
    248: 19
    249: 22
    250: 36
    251: 25
    252: 18
    253: 70
    254: 25
    255: 28
    256: 18
    257: 13
    258: 10
    259: 16
    260: 18
    261: 37
    262: 26
    263: 42
    264: 20
    265: 34
    266: 38
    267: 52
    268: 24
    269: 40
    270: 28
    271: 20
    272: 20
    273: 26
    274: 25
    275: 51
    276:   )
    277: }
    278: transform { function = none }
    279: regression { aictest = (td easter) }
    280: automdl {}
    281: x11 { mode = add save = (d10 d11) }
        bps_permits 24020            PAGE   2, SERIES bps_permits_addi

 A 1  Time series data (for the span analyzed)
  From  2004.Jan to 2026.Jun
  Observations        270
 -----------------------------------------------------------------------------
               Jan      Feb      Mar      Apr      May      Jun 
               Jul      Aug      Sep      Oct      Nov      Dec        TOTAL  
 -----------------------------------------------------------------------------
  2004          34.      29.      63.      76.      76.      65.
                73.      67.      61.      53.      37.      60.          694.
 
  2005          52.      33.      35.      60.      54.      58.
                71.      73.      93.      52.      58.      35.          674.
 
  2006          22.      19.      39.      47.      92.      64.
                43.      43.     115.      52.      37.      26.          599.
 
  2007          23.       9.      16.      41.      42.      46.
                33.      37.      34.      46.      48.      31.          406.
 
  2008          15.      14.      22.      23.      28.      28.
                31.      26.      25.      24.      22.      13.          271.
 
  2009           9.       9.       9.      13.      14.      20.
                17.      23.      27.      19.      27.      21.          208.
 
  2010          12.       9.      20.      20.      17.      25.
                20.      17.      25.      20.      26.      27.          238.
 
  2011          15.      10.      19.      14.      15.      16.
                16.      17.      12.      23.      18.      11.          186.
 
  2012           8.      14.      16.      20.      27.      19.
                18.      15.      15.      22.      16.      17.          207.
 
  2013          14.      52.      16.      22.      15.      12.
                26.      25.      23.      28.      15.      13.          261.
 
  2014           9.       7.      15.      16.      35.      61.
                25.      15.      69.      29.      13.      23.          317.
 
  2015          10.       4.      11.      19.      96.      21.
                22.      12.      23.      23.      25.      12.          278.
 
  2016          10.      14.      18.      15.      25.      73.
                17.      19.      19.      29.      16.       8.          263.
 
  2017          19.       6.      13.      16.      23.      24.
                19.      27.      20.      20.      27.      19.          233.
 
  2018           6.      16.      12.      11.      19.      20.
                39.      22.      19.      24.      14.      12.          214.
 
  2019          12.      11.      25.      23.      26.      16.
                25.      22.      19.      22.      21.       9.          231.
 
  2020          12.      10.      11.       5.      15.      27.
                22.      18.      19.      95.      18.      46.          298.
 
  2021          16.      10.      21.      23.      46.      63.
                33.      75.      22.      29.      18.      23.          379.
 
  2022          21.      21.      35.      19.      19.      22.
                45.      18.      33.      26.      26.      10.          295.
 
  2023           9.       7.      17.      23.      17.      35.
                17.      26.      22.      24.      16.      21.          234.
 
  2024           6.       6.      19.      22.      36.      25.
                18.      70.      25.      28.      18.      13.          286.
 
  2025          10.      16.      18.      37.      26.      42.
                20.      34.      38.      52.      24.      40.          357.
 
  2026          28.      20.      20.      26.      25.      51.
                                                                          170.
 
  AVGE          16.      15.      21.      26.      34.      36.
                30.      32.      34.      34.      25.      22.

  Table Total-        7299.   Mean-        27.   Std. Dev.-        18.
                              Min -         4.        Max -       115.
        bps_permits 24020            PAGE   3, SERIES bps_permits_addi
                        Automatic ARIMA Model Selection

                    Procedure based closely on TRAMO method 
                         of Gomez and Maravall (2000)
              "Automatic Modeling Methods for Univariate Series",
                            A Course in Time Series
                  (Edited by D. Pena, G. C. Tiao, R. S. Tsay),
                         New York : J. Wiley and Sons


     Maximum order for regular ARMA parameters :   2
     Maximum order for seasonal ARMA parameters :   1
     Maximum order for regular differencing :   2
     Maximum order for seasonal differencing :   1

   Results of Unit Root Test for identifying orders of differencing:
     Regular difference order :   0
     Seasonal difference order :   0

  Automatic model choice : (1 0 1)(1 0 1)
   Model changed to 
   ( 0, 1, 1) ( 0, 1, 1)


  Final Checks for Identified Model


  Checking for Unit Roots.
   No unit roots found.

  Checking for nonseasonal overdifferencing.
   Nonseasonal MA not within  0.001 of 1.0 - model passes test.

  Checking for insignificant ARMA coefficients.

  Final automatic model choice : (0 1 1)(0 1 1)
   End of automatic model selection procedure.

 Average absolute percentage error in within-sample forecasts:
  Last year:  25.21      Last-1 year:  29.96     Last-2 year:  46.47
  Last three years:   33.88

 Estimation converged in    2 ARMA iterations,   17 function evaluations.

 Regression Model
 ------------------------------------------------------------------------------
                             Parameter        Standard
 Variable                     Estimate           Error      t-value
 ------------------------------------------------------------------------------
 Constant                       0.0399         0.01953         2.04
 ------------------------------------------------------------------------------


 ARIMA Model:  (0 1 1)(0 1 1)
   Nonseasonal differences: 1
   Seasonal differences:    1
                                              Standard
 Parameter                    Estimate          Errors
 -----------------------------------------------------
 Nonseasonal MA                                    
   Lag  1                       0.8847         0.02860

 Seasonal MA                                       
   Lag 12                       0.8934         0.03137

 Variance                       0.19334E+03
 SE of Var                      0.17056E+02
 -----------------------------------------------------

 Likelihood Statistics
 ------------------------------------------------------------------
 Number of observations (nobs)                                  270
 Effective number of observations (nefobs)                      257
 Number of parameters estimated (np)                              4
 Log likelihood (L)                                      -1051.7070
 AIC                                                      2111.4139 
 AICC (F-corrected-AIC)                                   2111.5727 
 Hannan Quinn                                             2117.1230 
 BIC                                                      2125.6102 
 ------------------------------------------------------------------

 QS Statistic for regARIMA Model Residuals (full series):             0.00
                                                       (P-Value =     1.0000)

 QS Statistic for regARIMA Model Residuals (starting 2018.Jul):       0.00
                                                       (P-Value =     1.0000)
      10*LOG(SPECTRUM) of the regARIMA model residuals
      Spectrum estimated from 2018.Jul to 2026.Jun.
 ++++++++++I+++++++++++++++++++++++++++++++++++++++++++++++++++++++++++++I
      27.47I                                                             I     27.47
           I             *                                               I
           I   *         *  *                                            I
           I   *         *  *                                         *  I
      26.55I   *         *  *                                        **  I     26.55
           I   *         *  *                                        **  I
           I   *         *  *                                        **  I
           I   *         *  *                                        **  I
      25.64I   *         *  *                 *         *            **  I     25.64
           I   *         *  *                 *         *            **  I
           I   *         *  *                 *         **           *** I
           I   *         * **                 *         **  *        *** I
      24.72I   *         *****                *         **  **       *** I     24.72
           I   *         *****                *         **  **       ***SI
           I  **         *****                *         **  **       ***SI
           I  **         *****                *         **  **       ***SI
      23.80I  **         *****                *         ******       ***SI     23.80
           I  **         *****                *         ******S      ***SI
           I  **         *****           *    *         ******S     ****SI
           I  **        ******           *    *         ******S     ****SI
      22.89I  **        ******          **    **        ******S     ****SI     22.89
           I  **        ******          **   ***        ******S*    ****SI
           I  ***       ******          **   ***       *******S*    ****SI
           I  ***       ******          **   ***       *******S*    ****SI
      21.97I  ***       ******          **   ***       *******S*    ****SI     21.97
           I  ***       ******          **   ***       *******S*    ****SI
           I  ***       ******          **   ***       *******S*T   ****SI
           I  ***       *******         **   ***       *******S*T   ****SI
      21.06I  ***       *******         **   ***       *******S*T   ****SI     21.06
           I  ***       *******         **   ***       *******S*T  *****SI
           I  ***       *******         **   ***       *******S*T  *****SI
           I ****       *******         **   ****      *******S*T* *****SI
      20.14I *****      *******         **   ****     T*******S*T* *****SI     20.14
           I *****      *******         **   ****     T*******S*T*******SI
           I ******     *******      *  **   ****     T*******S*T*******SI
           I ******     *******     ** ***   ****     T*******S*T*******SI
      19.23I********    *******     ** ***S  *****    T*******S*T*******SI     19.23
           I********    *******     ** ***S ******    T*******S*T*******SI
           I********    ********    ** ***S ******   *T*******S*T*******SI
           I********    ********    ******S *******  *T*******S*T*******SI
      18.31I********    ********    ******S ******* S*T*******S*T*******SI     18.31
           I********   *********    ******S ********S*T*******S*T*******SI
           I********   *********    ******S*********S*T*******S*T*******SI
           I********   *********    ******S*********S*T*******S*T*******SI
      17.40I********   *********    ******S*********S*T*******S*T*******SI     17.40
           I*********  *********   *******S*********S*T*******S*T*******SI
           I*********  *********S  *******S*********S*T*******S*T*******SI
           I*********  *********S  *******S*********S*T*******S*T*******SI
      16.48I*********  *********S  *******S*********S*T*******S*T*******SI     16.48
           I*********  *********S  *******S*********S*T*******S*T*******SI
           I*********  *********S  *******S*********S*T*******S*T*******SI
           I********* S*********S  *******S*********S*T*******S*T*******SI
      15.57I**********S*********S*********S*********S*T*******S*T*******SI     15.57
 ++++++++++I+++++++++++++++++++++++++++++++++++++++++++++++++++++++++++++I
            S=SEASONAL FREQUENCIES, T=TRADING DAY FREQUENCIES


 FORECASTING
  Origin  2026.Jun
  Number        12

  Forecasts and Standard Errors
   ------------------------------
                         Standard
       Date   Forecast      Error
   ------------------------------
   2026.Jul      34.53     13.968
   2026.Aug      41.34     14.075
   2026.Sep      38.23     14.183
   2026.Oct      43.08     14.292
   2026.Nov      31.01     14.402
   2026.Dec      31.15     14.513
   2027.Jan      24.08     14.622
   2027.Feb      23.52     14.734
   2027.Mar      29.83     14.848
   2027.Apr      33.70     14.962
   2027.May      40.66     15.077
   2027.Jun      46.85     15.193
   ------------------------------

  Confidence intervals with coverage probability ( 0.95000
   ---------------------------------------
       Date      Lower  Forecast     Upper
   ---------------------------------------
   2026.Jul      7.156    34.532    61.909
   2026.Aug     13.754    41.341    68.928
   2026.Sep     10.434    38.232    66.031
   2026.Oct     15.068    43.080    71.093
   2026.Nov      2.781    31.009    59.237
   2026.Dec      2.709    31.154    59.599
   2027.Jan     -4.582    24.076    52.734
   2027.Feb     -5.361    23.517    52.396
   2027.Mar      0.724    29.825    58.926
   2027.Apr      4.374    33.700    63.025
   2027.May     11.114    40.665    70.216
   2027.Jun     17.071    46.850    76.628
   ---------------------------------------
        bps_permits 24020            PAGE   4, SERIES bps_permits_addi

 B 1  Original series (prior adjusted)
  From  2004.Jan to 2026.Jun
  Observations        270
 -----------------------------------------------------------------------------
               Jan      Feb      Mar      Apr      May      Jun 
               Jul      Aug      Sep      Oct      Nov      Dec        TOTAL  
 -----------------------------------------------------------------------------
  2004          34.      29.      63.      76.      76.      65.
                73.      67.      61.      53.      37.      60.          694.
 
  2005          52.      33.      35.      60.      54.      58.
                71.      73.      93.      52.      58.      35.          674.
 
  2006          22.      19.      39.      47.      92.      64.
                43.      43.     115.      52.      37.      26.          599.
 
  2007          23.       9.      16.      41.      42.      46.
                33.      37.      34.      46.      48.      31.          406.
 
  2008          15.      14.      22.      23.      28.      28.
                31.      26.      25.      24.      22.      13.          271.
 
  2009           9.       9.       9.      13.      14.      20.
                17.      23.      27.      19.      27.      21.          208.
 
  2010          12.       9.      20.      20.      17.      25.
                20.      17.      25.      20.      26.      27.          238.
 
  2011          15.      10.      19.      14.      15.      16.
                16.      17.      12.      23.      18.      11.          186.
 
  2012           8.      14.      16.      20.      27.      19.
                18.      15.      15.      22.      16.      17.          207.
 
  2013          14.      52.      16.      22.      15.      12.
                26.      25.      23.      28.      15.      13.          261.
 
  2014           9.       7.      15.      16.      35.      61.
                25.      15.      69.      29.      13.      23.          317.
 
  2015          10.       4.      11.      19.      96.      21.
                22.      12.      23.      23.      25.      12.          278.
 
  2016          10.      14.      18.      15.      25.      73.
                17.      19.      19.      29.      16.       8.          263.
 
  2017          19.       6.      13.      16.      23.      24.
                19.      27.      20.      20.      27.      19.          233.
 
  2018           6.      16.      12.      11.      19.      20.
                39.      22.      19.      24.      14.      12.          214.
 
  2019          12.      11.      25.      23.      26.      16.
                25.      22.      19.      22.      21.       9.          231.
 
  2020          12.      10.      11.       5.      15.      27.
                22.      18.      19.      95.      18.      46.          298.
 
  2021          16.      10.      21.      23.      46.      63.
                33.      75.      22.      29.      18.      23.          379.
 
  2022          21.      21.      35.      19.      19.      22.
                45.      18.      33.      26.      26.      10.          295.
 
  2023           9.       7.      17.      23.      17.      35.
                17.      26.      22.      24.      16.      21.          234.
 
  2024           6.       6.      19.      22.      36.      25.
                18.      70.      25.      28.      18.      13.          286.
 
  2025          10.      16.      18.      37.      26.      42.
                20.      34.      38.      52.      24.      40.          357.
 
  2026          28.      20.      20.      26.      25.      51.
                                                                          170.
 
  AVGE          16.      15.      21.      26.      34.      36.
                30.      32.      34.      34.      25.      22.

  Table Total-        7299.   Mean-        27.   Std. Dev.-        18.
                              Min -         4.        Max -       115.

 B 1.A  Forecasts of (prior adjusted) original series
  From  2026.Jul to 2027.Jun
  Observations         12
 -----------------------------------------------------------------------------
               Jan      Feb      Mar      Apr      May      Jun 
               Jul      Aug      Sep      Oct      Nov      Dec        TOTAL  
 -----------------------------------------------------------------------------
  2026                                                          
                35.      41.      38.      43.      31.      31.          219.
 
  2027          24.      24.      30.      34.      41.      47.
                                                                          199.
 
        bps_permits 24020            PAGE   5, SERIES bps_permits_addi

 C 17  Final weights for irregular component
  From  2004.Jan to 2026.Jun
  Observations        270
  Lower sigma limit    1.50
  Upper sigma limit    2.50
 -----------------------------------------------------------------------------
               Jan      Feb      Mar      Apr      May      Jun 
               Jul      Aug      Sep      Oct      Nov      Dec         S.D.  
 -----------------------------------------------------------------------------
  2004         100.     100.     100.     100.     100.     100.
               100.     100.     100.     100.      35.     100.          833.
 
  2005          59.     100.     100.     100.     100.     100.
               100.     100.       0.     100.     100.     100.          833.
 
  2006         100.     100.     100.     100.       0.     100.
                35.      44.       0.     100.     100.     100.          833.
 
  2007         100.     100.     100.     100.     100.     100.
               100.     100.      97.     100.     100.     100.          733.
 
  2008         100.     100.     100.     100.     100.     100.
               100.     100.     100.     100.     100.     100.          574.
 
  2009         100.      87.     100.     100.     100.     100.
               100.     100.     100.     100.     100.     100.          413.
 
  2010         100.     100.     100.     100.     100.     100.
               100.      80.     100.     100.     100.       0.          309.
 
  2011         100.     100.     100.     100.     100.     100.
               100.     100.      95.     100.     100.     100.          372.
 
  2012         100.     100.     100.     100.     100.     100.
               100.     100.     100.     100.     100.     100.          591.
 
  2013         100.       0.     100.     100.      84.      85.
               100.     100.     100.     100.     100.     100.          617.
 
  2014         100.     100.     100.     100.     100.       0.
               100.      42.       0.     100.      93.     100.          626.
 
  2015         100.     100.     100.     100.       0.     100.
               100.      95.     100.     100.     100.     100.          637.
 
  2016         100.     100.     100.     100.     100.       0.
               100.     100.     100.     100.     100.     100.          669.
 
  2017          72.     100.     100.     100.     100.     100.
               100.     100.     100.     100.     100.     100.          505.
 
  2018         100.     100.     100.     100.     100.     100.
                 0.     100.     100.     100.     100.     100.          570.
 
  2019         100.     100.     100.     100.     100.      91.
               100.     100.     100.     100.     100.     100.          711.
 
  2020         100.     100.     100.     100.     100.     100.
               100.     100.     100.       0.      95.      60.          847.
 
  2021         100.      82.     100.     100.     100.       7.
               100.       0.     100.     100.     100.     100.          793.
 
  2022         100.     100.      83.     100.     100.      96.
                 0.     100.     100.     100.     100.     100.          813.
 
  2023         100.     100.     100.     100.     100.     100.
               100.     100.     100.     100.     100.     100.          774.
 
  2024         100.     100.     100.     100.      89.      44.
               100.       0.     100.     100.     100.     100.          658.
 
  2025         100.     100.     100.      83.     100.     100.
               100.     100.     100.     100.     100.     100.          632.
 
  2026         100.     100.     100.     100.     100.     100.
                                                                          632.
 
        bps_permits 24020            PAGE   6, SERIES bps_permits_addi

 D 8  Final unmodified SI ratios
  From  2004.Jan to 2026.Jun
  Observations        270
 -----------------------------------------------------------------------------
               Jan      Feb      Mar      Apr      May      Jun 
               Jul      Aug      Sep      Oct      Nov      Dec         AVGE  
 -----------------------------------------------------------------------------
  2004         -30.     -34.       0.      14.      15.       5.
                14.       9.       4.      -3.     -18.       5.           -1.
 
  2005          -3.     -22.     -20.       5.      -1.       4.
                18.      21.      42.       1.       8.     -14.            3.
 
  2006         -26.     -29.      -8.      -0.      45.      17.
                -3.      -2.      71.      10.      -3.     -12.            5.
 
  2007         -13.     -25.     -17.       8.      10.      13.
                 0.       4.       0.      12.      15.      -2.            0.
 
  2008         -17.     -16.      -7.      -4.       3.       4.
                 9.       5.       5.       5.       4.      -4.           -1.
 
  2009          -7.      -7.      -7.      -3.      -2.       4.
                 0.       6.       9.       0.       7.       1.            0.
 
  2010          -8.     -11.      -0.       0.      -3.       6.
                 1.      -2.       6.       1.       7.       8.            0.
 
  2011          -3.      -8.       2.      -2.      -1.       1.
                 2.       3.      -2.       8.       3.      -5.           -0.
 
  2012          -9.      -3.      -2.       2.       9.       2.
                 1.      -2.      -2.       5.      -1.      -0.            0.
 
  2013          -3.      34.      -2.       4.      -4.      -7.
                 8.       7.       5.      10.      -3.      -5.            4.
 
  2014         -10.     -12.      -5.      -5.      14.      39.
                 3.      -7.      47.       8.      -8.       3.            6.
 
  2015          -9.     -14.      -7.       2.      79.       4.
                 5.      -6.       5.       5.       6.      -7.            5.
 
  2016          -9.      -5.      -1.      -4.       6.      54.
                -1.       1.       2.      12.      -1.      -9.            4.
 
  2017           2.     -11.      -4.      -2.       5.       5.
                -0.       8.       0.       0.       8.       0.            1.
 
  2018         -12.      -2.      -5.      -6.       3.       4.
                23.       6.       3.       7.      -4.      -7.            1.
 
  2019          -7.      -9.       5.       2.       5.      -4.
                 5.       3.       1.       5.       4.      -7.            0.
 
  2020          -3.      -5.      -3.     -10.      -0.      11.
                 4.      -1.      -2.      73.      -6.      20.            7.
 
  2021         -11.     -19.      -9.      -7.      16.      33.
                 3.      46.      -7.       1.      -9.      -3.            3.
 
  2022          -4.      -3.      12.      -3.      -3.       1.
                24.      -2.      13.       6.       6.     -10.            3.
 
  2023         -11.     -13.      -2.       4.      -2.      16.
                -2.       7.       3.       5.      -3.       1.            0.
 
  2024         -14.     -15.      -3.      -0.      14.       3.
                -4.      48.       4.       7.      -3.      -9.            2.
 
  2025         -12.      -7.      -6.      11.      -1.      13.
               -10.       3.       6.      19.      -9.       7.            1.
 
  2026          -5.     -13.     -12.      -6.      -7.      19.
                                                                           -4.
 
  AVGE         -10.     -11.      -4.       0.       9.      11.
                 5.       7.      10.       9.       0.      -2.

  Table Total-         486.   Mean-         2.   Std. Dev.-        14.
                              Min -       -34.        Max -        79.
        bps_permits 24020            PAGE   7, SERIES bps_permits_addi

 D 8.B  Final unmodified SI ratios, with labels for outliers and extreme values
  From  2004.Jan to 2026.Jun
  Observations        270
 ---------------------------------------------------------------------
               Jan       Feb       Mar       Apr       May       Jun  
               Jul       Aug       Sep       Oct       Nov       Dec  
 ---------------------------------------------------------------------
  2004        -30.      -34.        0.       14.       15.        5.  
               14.        9.        4.       -3.      -18.*       5.  
 
  2005         -3.*     -22.      -20.        5.       -1.        4.  
               18.       21.       42.*       1.        8.      -14.  
 
  2006        -26.      -29.       -8.       -0.       45.*      17.  
               -3.*      -2.*      71.*      10.       -3.      -12.  
 
  2007        -13.      -25.      -17.        8.       10.       13.  
                0.        4.        0.*      12.       15.       -2.  
 
  2008        -17.      -16.       -7.       -4.        3.        4.  
                9.        5.        5.        5.        4.       -4.  
 
  2009         -7.       -7.*      -7.       -3.       -2.        4.  
                0.        6.        9.        0.        7.        1.  
 
  2010         -8.      -11.       -0.        0.       -3.        6.  
                1.       -2.*       6.        1.        7.        8.* 
 
  2011         -3.       -8.        2.       -2.       -1.        1.  
                2.        3.       -2.*       8.        3.       -5.  
 
  2012         -9.       -3.       -2.        2.        9.        2.  
                1.       -2.       -2.        5.       -1.       -0.  
 
  2013         -3.       34.*      -2.        4.       -4.*      -7.* 
                8.        7.        5.       10.       -3.       -5.  
 
  2014        -10.      -12.       -5.       -5.       14.       39.* 
                3.       -7.*      47.*       8.       -8.*       3.  
 
  2015         -9.      -14.       -7.        2.       79.*       4.  
                5.       -6.*       5.        5.        6.       -7.  
 
  2016         -9.       -5.       -1.       -4.        6.       54.* 
               -1.        1.        2.       12.       -1.       -9.  
 
  2017          2.*     -11.       -4.       -2.        5.        5.  
               -0.        8.        0.        0.        8.        0.  
 
  2018        -12.       -2.       -5.       -6.        3.        4.  
               23.*       6.        3.        7.       -4.       -7.  
 
  2019         -7.       -9.        5.        2.        5.       -4.* 
                5.        3.        1.        5.        4.       -7.  
 
  2020         -3.       -5.       -3.      -10.       -0.       11.  
                4.       -1.       -2.       73.*      -6.*      20.* 
 
  2021        -11.      -19.*      -9.       -7.       16.       33.* 
                3.       46.*      -7.        1.       -9.       -3.  
 
  2022         -4.       -3.       12.*      -3.       -3.        1.* 
               24.*      -2.       13.        6.        6.      -10.  
 
  2023        -11.      -13.       -2.        4.       -2.       16.  
               -2.        7.        3.        5.       -3.        1.  
 
  2024        -14.      -15.       -3.       -0.       14.*       3.* 
               -4.       48.*       4.        7.       -3.       -9.  
 
  2025        -12.       -7.       -6.       11.*      -1.       13.  
              -10.        3.        6.       19.       -9.        7.  
 
  2026         -5.      -13.      -12.       -6.       -7.       19.  
                                                                      
 

  Key to symbols:
    *  : extreme value as determined by X-11 extreme value procedure
 
        bps_permits 24020            PAGE   8, SERIES bps_permits_addi

 D 9  Final replacement values for SI ratios
  From  2004.Jan to 2026.Jun
  Observations        270
 ---------------------------------------------------------------
               Jan      Feb      Mar      Apr      May      Jun 
               Jul      Aug      Sep      Oct      Nov      Dec 
 ---------------------------------------------------------------
  2004     ******** ******** ******** ******** ******** ********
           ******** ******** ******** ********      -6. ********
 
  2005          -9. ******** ******** ******** ******** ********
           ******** ********      16. ******** ******** ********
 
  2006     ******** ******** ******** ********      10. ********
                 8.       8.      18. ******** ******** ********
 
  2007     ******** ******** ******** ******** ******** ********
           ******** ********       1. ******** ******** ********
 
  2008     ******** ******** ******** ******** ******** ********
           ******** ******** ******** ******** ******** ********
 
  2009     ********      -8. ******** ******** ******** ********
           ******** ******** ******** ******** ******** ********
 
  2010     ******** ******** ******** ******** ******** ********
           ********      -1. ******** ******** ********      -2.
 
  2011     ******** ******** ******** ******** ******** ********
           ******** ********      -2. ******** ******** ********
 
  2012     ******** ******** ******** ******** ******** ********
           ******** ******** ******** ******** ******** ********
 
  2013     ********      -6. ******** ********      -2.      -5.
           ******** ******** ******** ******** ******** ********
 
  2014     ******** ******** ******** ******** ********       8.
           ********       0.       7. ********      -7. ********
 
  2015     ******** ******** ******** ********      11. ********
           ********      -5. ******** ******** ******** ********
 
  2016     ******** ******** ******** ******** ********       7.
           ******** ******** ******** ******** ******** ********
 
  2017          -0. ******** ******** ******** ******** ********
           ******** ******** ******** ******** ******** ********
 
  2018     ******** ******** ******** ******** ******** ********
                 3. ******** ******** ******** ******** ********
 
  2019     ******** ******** ******** ******** ********      -3.
           ******** ******** ******** ******** ******** ********
 
  2020     ******** ******** ******** ******** ******** ********
           ******** ******** ********      12.      -5.      14.
 
  2021     ********     -16. ******** ******** ********      15.
           ********       7. ******** ******** ******** ********
 
  2022     ******** ********      10. ******** ********       1.
                -1. ******** ******** ******** ******** ********
 
  2023     ******** ******** ******** ******** ******** ********
           ******** ******** ******** ******** ******** ********
 
  2024     ******** ******** ******** ********      13.      10.
           ********       9. ******** ******** ******** ********
 
  2025     ******** ******** ********      10. ******** ********
           ******** ******** ******** ******** ******** ********
 
  2026     ******** ******** ******** ******** ******** ********
                                                                
 

 D 9.A  Moving seasonality ratio
 ---------------------------------------------------------------
               Jan      Feb      Mar      Apr      May      Jun 
 ---------------------------------------------------------------
   I          7.294    6.545    6.060    6.070    7.537    6.070
   S          1.042    1.388    0.959    1.036    1.152    1.006
 RATIO        7.002    4.714    6.319    5.860    6.544    6.034



 ---------------------------------------------------------------
               Jul      Aug      Sep      Oct      Nov      Dec 
 ---------------------------------------------------------------
   I          3.465    5.987    5.594    5.613    7.793    7.545
   S          0.942    0.953    1.002    0.667    0.858    1.124
 RATIO        3.679    6.280    5.583    8.421    9.086    6.715



        bps_permits 24020            PAGE   9, SERIES bps_permits_addi

 D 10  Final seasonal factors
  From  2004.Jan to 2026.Jun
  Observations        270
  Seasonal filter    3 x 9 moving average
 -----------------------------------------------------------------------------
               Jan      Feb      Mar      Apr      May      Jun 
               Jul      Aug      Sep      Oct      Nov      Dec         AVGE  
 -----------------------------------------------------------------------------
  2004         -19.     -25.     -10.       5.       7.       9.
                10.      10.       9.       4.       3.      -5.           -0.
 
  2005         -18.     -24.      -9.       5.       7.       8.
                 9.       9.       9.       4.       3.      -4.           -0.
 
  2006         -16.     -22.      -8.       4.       6.       8.
                 8.       8.       8.       4.       4.      -4.           -0.
 
  2007         -15.     -20.      -7.       3.       5.       7.
                 7.       7.       7.       4.       4.      -4.           -0.
 
  2008         -13.     -17.      -7.       2.       4.       6.
                 6.       6.       6.       5.       4.      -4.           -0.
 
  2009         -12.     -15.      -6.       1.       4.       6.
                 5.       5.       6.       5.       3.      -4.           -0.
 
  2010         -10.     -13.      -5.       1.       4.       5.
                 4.       3.       5.       6.       3.      -4.           -0.
 
  2011          -9.     -11.      -4.      -0.       4.       4.
                 3.       2.       4.       6.       2.      -3.           -0.
 
  2012          -8.     -10.      -4.      -0.       4.       4.
                 3.       2.       4.       6.       2.      -3.           -0.
 
  2013          -7.      -9.      -3.      -1.       4.       4.
                 2.       2.       3.       6.       1.      -3.           -0.
 
  2014          -7.      -8.      -3.      -1.       5.       3.
                 2.       2.       3.       6.       1.      -3.           -0.
 
  2015          -7.      -8.      -3.      -1.       5.       3.
                 3.       2.       2.       7.       0.      -3.            0.
 
  2016          -7.      -8.      -3.      -2.       6.       4.
                 3.       2.       2.       7.      -0.      -3.            0.
 
  2017          -7.      -8.      -3.      -3.       6.       5.
                 3.       2.       2.       7.      -1.      -2.            0.
 
  2018          -7.      -9.      -3.      -3.       6.       6.
                 2.       3.       2.       6.      -0.      -3.           -0.
 
  2019          -8.      -9.      -2.      -3.       5.       7.
                 2.       3.       2.       6.      -0.      -3.           -0.
 
  2020          -8.      -9.      -2.      -2.       4.       7.
                 1.       4.       2.       6.      -1.      -2.            0.
 
  2021          -8.      -9.      -2.      -2.       4.       8.
                 0.       4.       2.       7.      -2.      -2.            0.
 
  2022          -9.      -9.      -3.      -2.       3.       9.
                -0.       4.       3.       8.      -2.      -1.            0.
 
  2023          -9.     -10.      -3.      -2.       3.      11.
                -1.       5.       3.       8.      -3.      -1.            0.
 
  2024          -9.     -11.      -4.      -1.       3.      12.
                -1.       5.       4.       9.      -4.      -1.            0.
 
  2025          -9.     -11.      -4.      -1.       2.      12.
                -2.       5.       5.       9.      -4.      -2.            0.
 
  2026         -10.     -11.      -5.       0.       1.      13.
                                                                           -2.
 
  AVGE         -10.     -12.      -4.      -0.       4.       7.
                 3.       4.       4.       6.       1.      -3.

  Table Total-         -23.   Mean-        -0.   Std. Dev.-         7.
                              Min -       -25.        Max -        13.

 D 10.A  Final seasonal component forecasts
  From  2026.Jul to 2027.Jun
  Observations         12
 -----------------------------------------------------------------------------
               Jan      Feb      Mar      Apr      May      Jun 
               Jul      Aug      Sep      Oct      Nov      Dec         AVGE  
 -----------------------------------------------------------------------------
  2026                                                          
                -3.       6.       5.      10.      -4.      -2.            2.
 
  2027         -10.     -11.      -6.       0.       1.      13.
                                                                           -2.
 
        bps_permits 24020            PAGE  10, SERIES bps_permits_addi

 D 11  Final seasonally adjusted data
  From  2004.Jan to 2026.Jun
  Observations        270
 -----------------------------------------------------------------------------
               Jan      Feb      Mar      Apr      May      Jun 
               Jul      Aug      Sep      Oct      Nov      Dec        TOTAL  
 -----------------------------------------------------------------------------
  2004          53.      54.      73.      71.      69.      56.
                63.      57.      52.      49.      34.      65.          695.
 
  2005          70.      57.      44.      55.      47.      50.
                62.      64.      84.      48.      55.      39.          675.
 
  2006          38.      41.      47.      43.      86.      56.
                35.      35.     107.      48.      33.      30.          601.
 
  2007          38.      29.      23.      38.      37.      39.
                26.      30.      27.      42.      44.      35.          408.
 
  2008          28.      31.      29.      21.      24.      22.
                25.      20.      19.      19.      18.      17.          273.
 
  2009          21.      24.      15.      12.      10.      14.
                12.      18.      21.      14.      24.      25.          210.
 
  2010          22.      22.      25.      19.      13.      20.
                16.      14.      20.      14.      23.      31.          239.
 
  2011          24.      21.      23.      14.      11.      12.
                13.      15.       8.      17.      16.      14.          188.
 
  2012          16.      24.      20.      20.      23.      15.
                15.      13.      11.      16.      14.      20.          208.
 
  2013          21.      61.      19.      23.      11.       8.
                24.      23.      20.      22.      14.      16.          262.
 
  2014          16.      15.      18.      17.      30.      58.
                23.      13.      66.      23.      12.      26.          317.
 
  2015          17.      12.      14.      20.      91.      18.
                19.      10.      21.      16.      25.      15.          278.
 
  2016          17.      22.      21.      17.      19.      69.
                14.      17.      17.      22.      16.      11.          263.
 
  2017          26.      14.      16.      19.      17.      19.
                16.      25.      18.      13.      28.      21.          233.
 
  2018          13.      25.      15.      14.      13.      14.
                37.      19.      17.      18.      14.      15.          214.
 
  2019          20.      20.      27.      26.      21.       9.
                23.      19.      17.      16.      21.      12.          231.
 
  2020          20.      19.      13.       7.      11.      20.
                21.      14.      17.      89.      19.      48.          298.
 
  2021          24.      19.      23.      25.      42.      55.
                33.      71.      20.      22.      20.      25.          379.
 
  2022          30.      30.      38.      21.      16.      13.
                45.      14.      30.      18.      28.      11.          294.
 
  2023          18.      17.      20.      25.      14.      24.
                18.      21.      19.      16.      19.      22.          233.
 
  2024          15.      17.      23.      23.      33.      13.
                19.      65.      21.      19.      22.      14.          286.
 
  2025          19.      27.      22.      38.      24.      30.
                22.      29.      33.      43.      28.      42.          357.
 
  2026          38.      31.      25.      26.      24.      38.
                                                                          181.
 
  AVGE          26.      27.      26.      26.      30.      29.
                26.      28.      30.      28.      24.      25.

  Table Total-        7322.   Mean-        27.   Std. Dev.-        17.
                              Min -         7.        Max -       107.
        bps_permits 24020            PAGE  11, SERIES bps_permits_addi

 D 12  Final trend cycle
  From  2004.Jan to 2026.Jun
  Observations        270
  Trend filter    23-term Henderson moving average
  I/C ratio        4.49
 -----------------------------------------------------------------------------
               Jan      Feb      Mar      Apr      May      Jun 
               Jul      Aug      Sep      Oct      Nov      Dec        TOTAL  
 -----------------------------------------------------------------------------
  2004          64.      63.      63.      63.      62.      61.
                60.      58.      57.      56.      55.      54.          713.
 
  2005          54.      54.      54.      55.      55.      55.
                55.      54.      52.      51.      49.      48.          635.
 
  2006          47.      46.      46.      47.      47.      48.
                47.      46.      45.      42.      40.      37.          539.
 
  2007          35.      33.      32.      32.      32.      33.
                33.      34.      35.      35.      34.      33.          401.
 
  2008          32.      30.      28.      26.      25.      23.
                22.      21.      20.      20.      19.      18.          283.
 
  2009          17.      16.      16.      15.      15.      15.
                16.      17.      18.      19.      20.      21.          205.
 
  2010          22.      21.      21.      20.      19.      18.
                18.      18.      19.      19.      20.      20.          234.
 
  2011          20.      19.      18.      17.      15.      14.
                13.      13.      13.      14.      15.      17.          189.
 
  2012          18.      18.      19.      18.      18.      17.
                17.      16.      16.      16.      17.      17.          207.
 
  2013          18.      18.      19.      19.      19.      19.
                19.      18.      18.      18.      18.      18.          220.
 
  2014          18.      19.      20.      21.      22.      22.
                23.      23.      22.      21.      20.      19.          251.
 
  2015          19.      18.      17.      17.      17.      17.
                18.      18.      18.      19.      19.      19.          216.
 
  2016          19.      19.      19.      19.      19.      19.
                18.      18.      18.      17.      17.      17.          219.
 
  2017          17.      17.      17.      18.      18.      19.
                19.      19.      20.      20.      20.      19.          222.
 
  2018          19.      18.      17.      17.      16.      16.
                16.      16.      16.      17.      18.      19.          203.
 
  2019          20.      20.      20.      21.      20.      20.
                20.      19.      18.      17.      17.      16.          229.
 
  2020          15.      15.      14.      15.      15.      16.
                17.      19.      21.      22.      24.      26.          219.
 
  2021          28.      29.      30.      30.      30.      30.
                29.      29.      28.      28.      27.      26.          344.
 
  2022          25.      24.      23.      23.      22.      21.
                20.      20.      19.      19.      19.      19.          256.
 
  2023          20.      20.      20.      20.      19.      19.
                19.      19.      19.      19.      19.      19.          232.
 
  2024          20.      21.      22.      22.      23.      23.
                22.      22.      21.      21.      21.      21.          259.
 
  2025          22.      23.      24.      26.      27.      29.
                30.      32.      33.      33.      33.      33.          345.
 
  2026          33.      32.      32.      32.      32.      32.
                                                                          193.
 
  AVGE          26.      26.      26.      26.      26.      25.
                25.      25.      25.      25.      25.      24.

  Table Total-        6814.   Mean-        25.   Std. Dev.-        12.
                              Min -        13.        Max -        64.
        bps_permits 24020            PAGE  12, SERIES bps_permits_addi

 D 13  Final irregular component
  From  2004.Jan to 2026.Jun
  Observations        270
 -----------------------------------------------------------------------------
               Jan      Feb      Mar      Apr      May      Jun 
               Jul      Aug      Sep      Oct      Nov      Dec         S.D.  
 -----------------------------------------------------------------------------
  2004         -11.      -9.      10.       8.       7.      -4.
                 3.      -1.      -5.      -7.     -21.      11.            9.
 
  2005          16.       3.     -10.       1.      -8.      -5.
                 7.      10.      32.      -3.       5.      -8.           12.
 
  2006          -9.      -6.       1.      -3.      39.       9.
               -12.     -11.      62.       6.      -7.      -7.           22.
 
  2007           3.      -5.      -9.       6.       5.       6.
                -7.      -4.      -8.       7.      10.       2.            6.
 
  2008          -4.       1.       0.      -6.      -1.      -1.
                 3.      -1.      -1.      -0.      -1.      -1.            2.
 
  2009           4.       8.      -1.      -3.      -5.      -1.
                -4.       2.       3.      -6.       3.       4.            4.
 
  2010           1.       1.       5.      -0.      -6.       2.
                -2.      -5.       2.      -5.       3.      11.            5.
 
  2011           5.       2.       5.      -3.      -5.      -3.
                -1.       2.      -6.       3.       0.      -3.            3.
 
  2012          -2.       6.       1.       2.       5.      -2.
                -1.      -3.      -5.       0.      -3.       3.            3.
 
  2013           4.      43.       0.       4.      -8.     -11.
                 5.       5.       2.       5.      -4.      -2.           13.
 
  2014          -2.      -4.      -2.      -4.       8.      35.
                -0.     -10.      44.       1.      -9.       7.           17.
 
  2015          -1.      -6.      -4.       3.      73.       0.
                 2.      -8.       2.      -2.       6.      -4.           22.
 
  2016          -2.       3.       2.      -2.       0.      51.
                -4.      -1.      -0.       5.      -1.      -6.           15.
 
  2017           9.      -3.      -1.       1.      -1.       1.
                -3.       5.      -2.      -6.       8.       2.            5.
 
  2018          -5.       7.      -3.      -3.      -3.      -1.
                21.       4.       1.       1.      -4.      -4.            7.
 
  2019           0.      -0.       7.       6.       0.     -11.
                 4.      -0.      -1.      -1.       5.      -4.            5.
 
  2020           5.       4.      -2.      -7.      -4.       4.
                 4.      -5.      -4.      66.      -5.      22.           21.
 
  2021          -3.     -10.      -7.      -5.      12.      25.
                 3.      42.      -9.      -6.      -7.      -1.           15.
 
  2022           5.       6.      14.      -2.      -6.      -9.
                25.      -6.      11.      -1.       9.      -8.           10.
 
  2023          -2.      -3.       1.       5.      -5.       5.
                -2.       2.      -0.      -3.       0.       3.            3.
 
  2024          -5.      -4.       1.       1.      11.      -9.
                -3.      43.      -0.      -2.       0.      -7.           13.
 
  2025          -3.       4.      -2.      12.      -3.       1.
                -8.      -3.       1.      10.      -6.       9.            6.
 
  2026           5.      -1.      -7.      -6.      -8.       6.
                                                                            6.
 
  S.D.           6.      10.       6.       5.      18.      15.
                 8.      14.      18.      15.       7.       8.

  Table Total-         508.   Mean-         2.   Std. Dev.-        12.
                              Min -       -21.        Max -        73.
        bps_permits 24020            PAGE  13, SERIES bps_permits_addi

 D 16  Combined adjustment factors
  From  2004.Jan to 2026.Jun
  Observations        270
 -----------------------------------------------------------------------------
               Jan      Feb      Mar      Apr      May      Jun 
               Jul      Aug      Sep      Oct      Nov      Dec         AVGE  
 -----------------------------------------------------------------------------
  2004         -19.     -25.     -10.       5.       7.       9.
                10.      10.       9.       4.       3.      -5.           -0.
 
  2005         -18.     -24.      -9.       5.       7.       8.
                 9.       9.       9.       4.       3.      -4.           -0.
 
  2006         -16.     -22.      -8.       4.       6.       8.
                 8.       8.       8.       4.       4.      -4.           -0.
 
  2007         -15.     -20.      -7.       3.       5.       7.
                 7.       7.       7.       4.       4.      -4.           -0.
 
  2008         -13.     -17.      -7.       2.       4.       6.
                 6.       6.       6.       5.       4.      -4.           -0.
 
  2009         -12.     -15.      -6.       1.       4.       6.
                 5.       5.       6.       5.       3.      -4.           -0.
 
  2010         -10.     -13.      -5.       1.       4.       5.
                 4.       3.       5.       6.       3.      -4.           -0.
 
  2011          -9.     -11.      -4.      -0.       4.       4.
                 3.       2.       4.       6.       2.      -3.           -0.
 
  2012          -8.     -10.      -4.      -0.       4.       4.
                 3.       2.       4.       6.       2.      -3.           -0.
 
  2013          -7.      -9.      -3.      -1.       4.       4.
                 2.       2.       3.       6.       1.      -3.           -0.
 
  2014          -7.      -8.      -3.      -1.       5.       3.
                 2.       2.       3.       6.       1.      -3.           -0.
 
  2015          -7.      -8.      -3.      -1.       5.       3.
                 3.       2.       2.       7.       0.      -3.            0.
 
  2016          -7.      -8.      -3.      -2.       6.       4.
                 3.       2.       2.       7.      -0.      -3.            0.
 
  2017          -7.      -8.      -3.      -3.       6.       5.
                 3.       2.       2.       7.      -1.      -2.            0.
 
  2018          -7.      -9.      -3.      -3.       6.       6.
                 2.       3.       2.       6.      -0.      -3.           -0.
 
  2019          -8.      -9.      -2.      -3.       5.       7.
                 2.       3.       2.       6.      -0.      -3.           -0.
 
  2020          -8.      -9.      -2.      -2.       4.       7.
                 1.       4.       2.       6.      -1.      -2.            0.
 
  2021          -8.      -9.      -2.      -2.       4.       8.
                 0.       4.       2.       7.      -2.      -2.            0.
 
  2022          -9.      -9.      -3.      -2.       3.       9.
                -0.       4.       3.       8.      -2.      -1.            0.
 
  2023          -9.     -10.      -3.      -2.       3.      11.
                -1.       5.       3.       8.      -3.      -1.            0.
 
  2024          -9.     -11.      -4.      -1.       3.      12.
                -1.       5.       4.       9.      -4.      -1.            0.
 
  2025          -9.     -11.      -4.      -1.       2.      12.
                -2.       5.       5.       9.      -4.      -2.            0.
 
  2026         -10.     -11.      -5.       0.       1.      13.
                                                                           -2.
 
  AVGE         -10.     -12.      -4.      -0.       4.       7.
                 3.       4.       4.       6.       1.      -3.

  Table Total-         -23.   Mean-        -0.   Std. Dev.-         7.
                              Min -       -25.        Max -        13.

 D 16.A  Combined adjustment component forecasts
  From  2026.Jul to 2027.Jun
  Observations         12
 -----------------------------------------------------------------------------
               Jan      Feb      Mar      Apr      May      Jun 
               Jul      Aug      Sep      Oct      Nov      Dec         AVGE  
 -----------------------------------------------------------------------------
  2026                                                          
                -3.       6.       5.      10.      -4.      -2.            2.
 
  2027         -10.     -11.      -6.       0.       1.      13.
                                                                           -2.
 
        bps_permits 24020            PAGE  14, SERIES bps_permits_addi

 E 4  Differences of annual totals
  From          2004 to 2025
  Observations         22
 -----------------------------------
  Year       Unmodified     Modified
                  (D11)         (E2)
 -----------------------------------
  2004              -1.          -1.
 
  2005              -1.          -1.
 
  2006              -2.          -2.
 
  2007              -2.          -2.
 
  2008              -2.          -2.
 
  2009              -2.          -2.
 
  2010              -1.          -1.
 
  2011              -2.          -2.
 
  2012              -1.          -1.
 
  2013              -1.          -1.
 
  2014              -0.          -0.
 
  2015               0.           0.
 
  2016               0.           0.
 
  2017               0.           0.
 
  2018              -0.          -0.
 
  2019              -0.          -0.
 
  2020               0.           0.
 
  2021               0.           0.
 
  2022               1.           1.
 
  2023               1.           1.
 
  2024               0.           0.
 
  2025               0.           0.
 
        bps_permits 24020            PAGE  15, SERIES bps_permits_addi

 E 5  Month-to-month differences in the original series
  From  2004.Feb to 2026.Jun
  Observations        269
 -----------------------------------------------------------------------------
               Jan      Feb      Mar      Apr      May      Jun 
               Jul      Aug      Sep      Oct      Nov      Dec         AVGE  
 -----------------------------------------------------------------------------
  2004                   -5.      34.      13.       0.     -11.
                 8.      -6.      -6.      -8.     -16.      23.            2.
 
  2005          -8.     -19.       2.      25.      -6.       4.
                13.       2.      20.     -41.       6.     -23.           -2.
 
  2006         -13.      -3.      20.       8.      45.     -28.
               -21.       0.      72.     -63.     -15.     -11.           -1.
 
  2007          -3.     -14.       7.      25.       1.       4.
               -13.       4.      -3.      12.       2.     -17.            0.
 
  2008         -16.      -1.       8.       1.       5.       0.
                 3.      -5.      -1.      -1.      -2.      -9.           -1.
 
  2009          -4.       0.       0.       4.       1.       6.
                -3.       6.       4.      -8.       8.      -6.            1.
 
  2010          -9.      -3.      11.       0.      -3.       8.
                -5.      -3.       8.      -5.       6.       1.            1.
 
  2011         -12.      -5.       9.      -5.       1.       1.
                 0.       1.      -5.      11.      -5.      -7.           -1.
 
  2012          -3.       6.       2.       4.       7.      -8.
                -1.      -3.       0.       7.      -6.       1.            1.
 
  2013          -3.      38.     -36.       6.      -7.      -3.
                14.      -1.      -2.       5.     -13.      -2.           -0.
 
  2014          -4.      -2.       8.       1.      19.      26.
               -36.     -10.      54.     -40.     -16.      10.            1.
 
  2015         -13.      -6.       7.       8.      77.     -75.
                 1.     -10.      11.       0.       2.     -13.           -1.
 
  2016          -2.       4.       4.      -3.      10.      48.
               -56.       2.       0.      10.     -13.      -8.           -0.
 
  2017          11.     -13.       7.       3.       7.       1.
                -5.       8.      -7.       0.       7.      -8.            1.
 
  2018         -13.      10.      -4.      -1.       8.       1.
                19.     -17.      -3.       5.     -10.      -2.           -1.
 
  2019           0.      -1.      14.      -2.       3.     -10.
                 9.      -3.      -3.       3.      -1.     -12.           -0.
 
  2020           3.      -2.       1.      -6.      10.      12.
                -5.      -4.       1.      76.     -77.      28.            3.
 
  2021         -30.      -6.      11.       2.      23.      17.
               -30.      42.     -53.       7.     -11.       5.           -2.
 
  2022          -2.       0.      14.     -16.       0.       3.
                23.     -27.      15.      -7.       0.     -16.           -1.
 
  2023          -1.      -2.      10.       6.      -6.      18.
               -18.       9.      -4.       2.      -8.       5.            1.
 
  2024         -15.       0.      13.       3.      14.     -11.
                -7.      52.     -45.       3.     -10.      -5.           -1.
 
  2025          -3.       6.       2.      19.     -11.      16.
               -22.      14.       4.      14.     -28.      16.            2.
 
  2026         -12.      -8.       0.       6.      -1.      26.
                                                                            2.
 
  AVGE          -7.      -1.       6.       4.       9.       2.
                -6.       2.       3.      -1.      -9.      -2.

  Table Total-          17.   Mean-         0.   Std. Dev.-        18.
                              Min -       -77.        Max -        77.
        bps_permits 24020            PAGE  16, SERIES bps_permits_addi

 E 6  Month-to-month differences in seasonally adjusted series (D11)
  From  2004.Feb to 2026.Jun
  Observations        269
 -----------------------------------------------------------------------------
               Jan      Feb      Mar      Apr      May      Jun 
               Jul      Aug      Sep      Oct      Nov      Dec         AVGE  
 -----------------------------------------------------------------------------
  2004                    2.      19.      -2.      -2.     -12.
                 6.      -6.      -5.      -3.     -15.      31.            1.
 
  2005           5.     -13.     -12.      11.      -8.       2.
                12.       2.      20.     -36.       7.     -15.           -2.
 
  2006          -1.       2.       7.      -4.      43.     -30.
               -21.       0.      72.     -59.     -15.      -3.           -1.
 
  2007           8.      -9.      -5.      15.      -1.       2.
               -13.       4.      -3.      15.       2.      -9.            0.
 
  2008          -7.       3.      -2.      -8.       3.      -2.
                 3.      -5.      -1.       1.      -1.      -1.           -1.
 
  2009           3.       3.      -9.      -3.      -2.       4.
                -2.       6.       3.      -8.      10.       1.            1.
 
  2010          -3.      -0.       3.      -6.      -6.       7.
                -4.      -2.       7.      -6.       9.       8.            0.
 
  2011          -6.      -3.       2.      -9.      -4.       1.
                 1.       2.      -7.       9.      -1.      -2.           -1.
 
  2012           2.       8.      -4.       1.       2.      -7.
                 0.      -2.      -2.       5.      -3.       6.            0.
 
  2013           2.      39.     -42.       4.     -12.      -2.
                15.      -0.      -4.       2.      -9.       3.           -0.
 
  2014          -0.      -1.       2.      -1.      13.      28.
               -35.     -10.      53.     -43.     -11.      15.            1.
 
  2015          -9.      -5.       2.       7.      70.     -73.
                 2.      -9.      11.      -4.       8.      -9.           -1.
 
  2016           2.       5.      -1.      -4.       2.      50.
               -55.       3.       0.       5.      -6.      -5.           -0.
 
  2017          16.     -12.       1.       3.      -2.       2.
                -3.       9.      -7.      -4.      14.      -6.            1.
 
  2018          -8.      11.     -10.      -1.      -1.       1.
                22.     -17.      -3.       1.      -3.       0.           -1.
 
  2019           5.       0.       7.      -1.      -5.     -11.
                14.      -4.      -2.      -1.       5.      -9.           -0.
 
  2020           8.      -1.      -6.      -6.       3.       9.
                 2.      -7.       3.      72.     -70.      30.            3.
 
  2021         -24.      -6.       4.       2.      17.      12.
               -22.      38.     -51.       2.      -2.       5.           -2.
 
  2022           5.       1.       7.     -17.      -5.      -3.
                33.     -32.      17.     -12.      10.     -17.           -1.
 
  2023           6.      -1.       3.       4.     -10.      10.
                -7.       4.      -3.      -3.       4.       3.            1.
 
  2024          -7.       1.       6.       0.      10.     -20.
                 6.      46.     -44.      -2.       2.      -7.           -1.
 
  2025           5.       7.      -4.      15.     -14.       6.
                -7.       6.       5.      10.     -15.      14.            2.
 
  2026          -4.      -7.      -6.       1.      -2.      15.
                                                                           -1.
 
  AVGE          -0.       1.      -2.       0.       4.      -1.
                -2.       1.       3.      -3.      -4.       1.

  Table Total-         -15.   Mean-        -0.   Std. Dev.-        17.
                              Min -       -73.        Max -        72.
        bps_permits 24020            PAGE  17, SERIES bps_permits_addi

 E 7  Month-to-month differences in final trend cycle (D12)
  From  2004.Feb to 2026.Jun
  Observations        269
 -----------------------------------------------------------------------------
               Jan      Feb      Mar      Apr      May      Jun 
               Jul      Aug      Sep      Oct      Nov      Dec         AVGE  
 -----------------------------------------------------------------------------
  2004                   -1.      -0.      -0.      -1.      -1.
                -1.      -1.      -1.      -1.      -1.      -1.           -1.
 
  2005          -0.       0.       1.       1.       0.      -0.
                -1.      -1.      -1.      -1.      -2.      -1.           -0.
 
  2006          -1.      -1.      -0.       0.       1.       0.
                -0.      -1.      -2.      -2.      -3.      -3.           -1.
 
  2007          -2.      -2.      -1.      -0.       0.       1.
                 1.       1.       0.      -0.      -1.      -1.           -0.
 
  2008          -1.      -2.      -2.      -2.      -2.      -2.
                -1.      -1.      -1.      -1.      -1.      -1.           -1.
 
  2009          -1.      -1.      -1.      -1.      -0.       0.
                 1.       1.       1.       1.       1.       1.            0.
 
  2010           0.      -0.      -1.      -1.      -1.      -1.
                -0.       0.       0.       0.       0.       0.           -0.
 
  2011          -0.      -1.      -1.      -1.      -1.      -1.
                -1.      -0.       0.       1.       1.       1.           -0.
 
  2012           1.       1.       0.      -0.      -0.      -1.
                -1.      -0.      -0.       0.       0.       0.            0.
 
  2013           1.       1.       1.       0.       0.      -0.
                -0.      -0.      -0.      -0.      -0.       0.            0.
 
  2014           0.       1.       1.       1.       1.       1.
                 0.      -0.      -0.      -1.      -1.      -1.            0.
 
  2015          -1.      -1.      -0.      -0.       0.       0.
                 0.       0.       0.       0.       0.       0.           -0.
 
  2016           0.       0.       0.      -0.      -0.      -0.
                -0.      -0.      -0.      -0.      -0.      -0.           -0.
 
  2017           0.       0.       0.       0.       0.       0.
                 0.       0.       0.       0.      -0.      -0.            0.
 
  2018          -1.      -1.      -1.      -1.      -1.      -0.
                -0.       0.       1.       1.       1.       1.           -0.
 
  2019           1.       1.       0.       0.      -0.      -0.
                -0.      -1.      -1.      -1.      -1.      -1.           -0.
 
  2020          -1.      -1.      -0.       0.       1.       1.
                 1.       2.       2.       2.       2.       2.            1.
 
  2021           2.       1.       1.       0.      -0.      -0.
                -0.      -1.      -1.      -1.      -1.      -1.           -0.
 
  2022          -1.      -1.      -1.      -1.      -1.      -1.
                -1.      -1.      -0.      -0.       0.       0.           -1.
 
  2023           0.       0.      -0.      -0.      -0.      -0.
                -0.      -0.      -0.      -0.       0.       0.            0.
 
  2024           1.       1.       1.       1.       0.       0.
                -0.      -0.      -0.      -0.      -0.       0.            0.
 
  2025           1.       1.       1.       1.       2.       2.
                 2.       1.       1.       0.       0.      -0.            1.
 
  2026          -0.      -0.      -0.      -0.      -0.       0.
                                                                           -0.
 
  AVGE          -0.      -0.      -0.      -0.      -0.      -0.
                -0.      -0.      -0.      -0.      -0.      -0.

  Table Total-         -32.   Mean-        -0.   Std. Dev.-         1.
                              Min -        -3.        Max -         2.
        bps_permits 24020            PAGE  18, SERIES bps_permits_addi

 E 8  Month-to-month differences in original series adjusted for calendar factors (A18)
  From  2004.Feb to 2026.Jun
  Observations        269
 -----------------------------------------------------------------------------
               Jan      Feb      Mar      Apr      May      Jun 
               Jul      Aug      Sep      Oct      Nov      Dec         AVGE  
 -----------------------------------------------------------------------------
  2004                   -5.      34.      13.       0.     -11.
                 8.      -6.      -6.      -8.     -16.      23.            2.
 
  2005          -8.     -19.       2.      25.      -6.       4.
                13.       2.      20.     -41.       6.     -23.           -2.
 
  2006         -13.      -3.      20.       8.      45.     -28.
               -21.       0.      72.     -63.     -15.     -11.           -1.
 
  2007          -3.     -14.       7.      25.       1.       4.
               -13.       4.      -3.      12.       2.     -17.            0.
 
  2008         -16.      -1.       8.       1.       5.       0.
                 3.      -5.      -1.      -1.      -2.      -9.           -1.
 
  2009          -4.       0.       0.       4.       1.       6.
                -3.       6.       4.      -8.       8.      -6.            1.
 
  2010          -9.      -3.      11.       0.      -3.       8.
                -5.      -3.       8.      -5.       6.       1.            1.
 
  2011         -12.      -5.       9.      -5.       1.       1.
                 0.       1.      -5.      11.      -5.      -7.           -1.
 
  2012          -3.       6.       2.       4.       7.      -8.
                -1.      -3.       0.       7.      -6.       1.            1.
 
  2013          -3.      38.     -36.       6.      -7.      -3.
                14.      -1.      -2.       5.     -13.      -2.           -0.
 
  2014          -4.      -2.       8.       1.      19.      26.
               -36.     -10.      54.     -40.     -16.      10.            1.
 
  2015         -13.      -6.       7.       8.      77.     -75.
                 1.     -10.      11.       0.       2.     -13.           -1.
 
  2016          -2.       4.       4.      -3.      10.      48.
               -56.       2.       0.      10.     -13.      -8.           -0.
 
  2017          11.     -13.       7.       3.       7.       1.
                -5.       8.      -7.       0.       7.      -8.            1.
 
  2018         -13.      10.      -4.      -1.       8.       1.
                19.     -17.      -3.       5.     -10.      -2.           -1.
 
  2019           0.      -1.      14.      -2.       3.     -10.
                 9.      -3.      -3.       3.      -1.     -12.           -0.
 
  2020           3.      -2.       1.      -6.      10.      12.
                -5.      -4.       1.      76.     -77.      28.            3.
 
  2021         -30.      -6.      11.       2.      23.      17.
               -30.      42.     -53.       7.     -11.       5.           -2.
 
  2022          -2.       0.      14.     -16.       0.       3.
                23.     -27.      15.      -7.       0.     -16.           -1.
 
  2023          -1.      -2.      10.       6.      -6.      18.
               -18.       9.      -4.       2.      -8.       5.            1.
 
  2024         -15.       0.      13.       3.      14.     -11.
                -7.      52.     -45.       3.     -10.      -5.           -1.
 
  2025          -3.       6.       2.      19.     -11.      16.
               -22.      14.       4.      14.     -28.      16.            2.
 
  2026         -12.      -8.       0.       6.      -1.      26.
                                                                            2.
 
  AVGE          -7.      -1.       6.       4.       9.       2.
                -6.       2.       3.      -1.      -9.      -2.

  Table Total-          17.   Mean-         0.   Std. Dev.-        18.
                              Min -       -77.        Max -        77.
        bps_permits 24020            PAGE  19, SERIES bps_permits_addi

 E 18  Final adjustment ratios
  From  2004.Jan to 2026.Jun
  Observations        270
 -----------------------------------------------------------------------------
               Jan      Feb      Mar      Apr      May      Jun 
               Jul      Aug      Sep      Oct      Nov      Dec         AVGE  
 -----------------------------------------------------------------------------
  2004       64.278   53.299   86.276  107.663  110.904  115.174
            116.143  117.098  117.826  108.766  108.959   92.665        99.921
 
  2005       74.441   58.268   78.795  108.202  114.076  116.652
            114.986  114.009  110.507  108.489  106.352   88.630        99.450
 
  2006       57.332   46.740   82.208  108.531  106.428  113.864
            123.103  122.772  107.739  108.179  111.613   86.045        97.879
 
  2007       60.570   31.420   68.455  107.975  113.245  118.513
            126.876  122.501  126.769  109.650  108.843   88.600        98.618
 
  2008       53.487   44.967   76.479  110.430  116.771  128.928
            124.161  129.933  134.250  124.482  121.508   75.242       103.386
 
  2009       43.373   37.623   60.026  111.167  140.148  140.505
            139.855  125.432  126.225  140.493  113.717   84.383       105.246
 
  2010       54.136   40.888   78.523  103.328  130.066  125.090
            124.381  125.082  124.118  142.657  113.751   88.500       104.210
 
  2011       61.315   46.644   81.493   98.997  140.998  138.818
            125.028  114.090  151.910  135.318  115.000   78.954       107.381
 
  2012       49.818   58.374   81.514   97.588  118.765  124.383
            117.508  112.556  130.867  134.706  116.836   85.732       102.387
 
  2013       65.125   85.457   84.411   95.324  140.229  141.389
            110.132  107.395  116.406  126.154  110.946   80.256       105.269
 
  2014       56.156   45.598   85.000   93.933  115.927  105.476
            110.013  115.109  104.001  126.441  109.856   86.943        96.204
 
  2015       58.307   33.549   80.777   93.327  105.806  117.875
            113.364  119.742  111.000  140.548  101.712   79.048        96.254
 
  2016       58.182   63.057   86.050   88.760  130.327  105.338
            120.955  113.921  111.184  130.254   98.452   74.328        98.401
 
  2017       72.272   41.650   81.757   85.325  135.696  124.877
            117.489  108.893  111.505  148.675   98.093   89.068       101.275
 
  2018       44.682   64.577   81.971   78.342  142.533  141.199
            106.804  112.862  112.036  134.372   97.434   81.718        99.877
 
  2019       61.020   55.916   92.775   88.272  124.520  170.428
            107.142  115.411  112.921  137.613   98.917   75.260       103.350
 
  2020       60.031   53.272   85.349   68.408  140.737  137.622
            103.790  126.004  112.453  107.085   96.200   94.890        98.820
 
  2021       65.422   52.870   90.466   91.801  108.710  115.272
            100.687  106.091  112.186  131.678   91.062   91.714        96.497
 
  2022       70.766   69.118   92.906   92.491  119.290  173.424
             99.446  131.720  109.213  142.262   91.321   87.645       106.633
 
  2023       50.357   41.345   83.418   93.265  117.765  144.261
             96.444  121.064  117.157  153.225   83.419   94.562        99.690
 
  2024       39.565   36.182   82.990   94.537  107.604  188.232
             92.956  107.533  117.195  144.066   83.600   90.542        98.750
 
  2025       51.428   59.900   80.953   98.156  107.969  141.449
             90.087  118.534  113.682  120.913   87.116   95.382        97.131
 
  2026       74.096   64.572   80.846  100.444  105.831  133.348
                                                                        93.189
 
  AVGE       58.529   51.534   81.889   96.359  121.493  133.136
            112.789  117.625  117.779  129.819  102.941   85.914

  Table Total-       27159.   Mean-       101.   Std. Dev.-        28.
                              Min -        31.        Max -       188.

 E 18.A  Final adjustment ratio forecasts
  From  2026.Jul to 2027.Jun
  Observations         12
 -----------------------------------------------------------------------------
               Jan      Feb      Mar      Apr      May      Jun 
               Jul      Aug      Sep      Oct      Nov      Dec         AVGE  
 -----------------------------------------------------------------------------
  2026                                                          
             92.578  116.192  114.759  128.489   89.317   94.030       105.894
 
  2027       70.740   67.853   84.401  101.081  103.400  139.373
                                                                        94.475
 

  QS statistic for seasonality:
  Original Series                                     0.00  (P-Value =     1.0000)
  Original Series (EV adj)                            0.00  (P-Value =     1.0000)
  Residuals                                           0.00  (P-Value =     1.0000)
  Seasonally Adjusted Series                          0.00  (P-Value =     1.0000)
  Seasonally Adjusted Series (EV adj)                 0.00  (P-Value =     1.0000)
  Irregular Series                                    0.00  (P-Value =     1.0000)
  Irregular Series (EV adj)                           0.00  (P-Value =     1.0000)

  QS statistic for seasonality (starting 2018.Jul):
  Original Series                                     0.09  (P-Value =     0.9548)
  Original Series (EV adj)                            0.09  (P-Value =     0.9548)
  Residuals                                           0.00  (P-Value =     1.0000)
  Seasonally Adjusted Series                          0.00  (P-Value =     1.0000)
  Seasonally Adjusted Series (EV adj)                 0.00  (P-Value =     1.0000)
  Irregular Series                                    0.00  (P-Value =     1.0000)
  Irregular Series (EV adj)                           0.00  (P-Value =     1.0000)


 WARNING: Series should not be a candidate for seasonal adjustment
          because the spectrum of the original series (Table A1 or B1)
          has no visually significant seasonal peaks.

          If this is a component series of an indirectly adjusted
          composite series, consider using type = trend or type = summary
          in the x11 spec.
        bps_permits 24020            PAGE  20, SERIES bps_permits_addi
 G 0  10*LOG(SPECTRUM) of the differenced Original Series
      (Table A1 or B1).  Spectrum estimated from 2018.Jul to 2026.Jun.
 ++++++++++I+++++++++++++++++++++++++++++++++++++++++++++++++++++++++++++I
      32.33I                                                         *   I     32.33
           I                                                         *   I
           I                                                         **  I
           I                                                         ***SI
      30.64I                                                 *       ***SI     30.64
           I                                                 *S      ***SI
           I                                            *    *S      ***SI
           I                                            **  **S      ***SI
      28.94I                                            **  **S*    ****SI     28.94
           I                                  *         **  **S*    ****SI
           I                                  *         ******S*    ****SI
           I                                  *         ******S*    ****SI
      27.24I                                  *         ******S*    ****SI     27.24
           I                                  *         ******S*T   ****SI
           I                                  *        *******S*T   ****SI
           I                                  **       *******S*T   ****SI
      25.55I                                  **       *******S*T  *****SI     25.55
           I          S                       **       *******S*T  *****SI
           I          S                      ***       *******S*T* *****SI
           I          S     *           *    ****      *******S*T* *****SI
      23.85I          S     *           *    ****      *******S*T*******SI     23.85
           I          S     *           **   ****     T*******S*T*******SI
           I          S    **           **   *****    T*******S*T*******SI
           I         *S    **           **   *****    T*******S*T*******SI
      22.15I         *S    **           **   *****    T*******S*T*******SI     22.15
           I         *S    ***          **   *****    T*******S*T*******SI
           I         *S*   ***          **   ******   T*******S*T*******SI
           I         *S*   ***       * ***   ******  *T*******S*T*******SI
      20.45I         *S*  ****       * ***  *******  *T*******S*T*******SI     20.45
           I         *S** ****       *****S ********S*T*******S*T*******SI
           I         *S********     ******S ********S*T*******S*T*******SI
           I         *S********     ******S ********S*T*******S*T*******SI
      18.76I         *S*********    ******S*********S*T*******S*T*******SI     18.76
           I         *S*********    ******S*********S*T*******S*T*******SI
           I         *S*********S   ******S*********S*T*******S*T*******SI
           I         *S*********S  *******S*********S*T*******S*T*******SI
      17.06I         *S*********S  *******S*********S*T*******S*T*******SI     17.06
           I         *S*********S* *******S*********S*T*******S*T*******SI
           I         *S*********S*********S*********S*T*******S*T*******SI
           I        **S*********S*********S*********S*T*******S*T*******SI
      15.36I        **S*********S*********S*********S*T*******S*T*******SI     15.36
           I        **S*********S*********S*********S*T*******S*T*******SI
           I        **S*********S*********S*********S*T*******S*T*******SI
           I        **S*********S*********S*********S*T*******S*T*******SI
      13.66I        **S*********S*********S*********S*T*******S*T*******SI     13.66
           I        **S*********S*********S*********S*T*******S*T*******SI
           I   *    **S*********S*********S*********S*T*******S*T*******SI
           I   *    **S*********S*********S*********S*T*******S*T*******SI
      11.97I  **   ***S*********S*********S*********S*T*******S*T*******SI     11.97
           I  ***  ***S*********S*********S*********S*T*******S*T*******SI
           I  ***  ***S*********S*********S*********S*T*******S*T*******SI
           I ****  ***S*********S*********S*********S*T*******S*T*******SI
      10.27I**********S*********S*********S*********S*T*******S*T*******SI     10.27
 ++++++++++I+++++++++++++++++++++++++++++++++++++++++++++++++++++++++++++I
            S=SEASONAL FREQUENCIES, T=TRADING DAY FREQUENCIES
        bps_permits 24020            PAGE  21, SERIES bps_permits_addi
 G 1  10*LOG(SPECTRUM) of the differenced seasonally adjusted 
      data (Table E2).  Spectrum estimated from 2018.Jul to 2026.Jun.
 ++++++++++I+++++++++++++++++++++++++++++++++++++++++++++++++++++++++++++I
      26.10I                                                        *    I     26.10
           I                                                        *    I
           I                                                        **   I
           I                                                       ***   I
      24.41I                                                       ***   I     24.41
           I                       *                               ***   I
           I                       *                               ***   I
           I                       *                   *           ***   I
      22.72I                       *                   *           ***   I     22.72
           I                       *                  T*          *****  I
           I                 *     *                  T**         *****  I
           I                 *     *                  T**  *      *****  I
      21.03I                 *     *                  T**  *      *****  I     21.03
           I                 *     *    *             T**  **     *****  I
           I              *  *     *    *             T*** **     *****  I
           I              *  *    **    *             T******     ****** I
      19.34I              *  *    **    *        *   *T******     ******SI     19.34
           I              *  *    **    *        *   *T******     ******SI
           I              * **    ***   *        **  *T******     ******SI
           I              * ***   ***   *        **  *T******     ******SI
      17.64I              * ***   ***   *        **  *T******     ******SI     17.64
           I              * ***  ****   *        ** S*T******     ******SI
           I              *****  ****   *       ****S*T******    *******SI
           I             ******  ****   *       ****S*T******    *******SI
      15.95I             *******S****   *     * ****S*T******    *******SI     15.95
           I             *******S****  **     ******S*T*******   *******SI
           I             *******S****  **     ******S*T*******   *******SI
           I             *******S****  **     ******S*T*******   *******SI
      14.26I             *******S****  **     ******S*T*******   *******SI     14.26
           I             *******S****  **     ******S*T*******   *******SI
           I             *******S***** **     ******S*T*******  T*******SI
           I             *******S***** **    *******S*T*******S T*******SI
      12.57I             *******S*********   *******S*T*******S T*******SI     12.57
           I             *******S*********   *******S*T*******S*T*******SI
           I             *******S*********   *******S*T*******S*T*******SI
           I             *******S*********   *******S*T*******S*T*******SI
      10.88I             *******S*********   *******S*T*******S*T*******SI     10.88
           I             *******S*********   *******S*T*******S*T*******SI
           I    *       ********S*********   *******S*T*******S*T*******SI
           I    **      ********S*********   *******S*T*******S*T*******SI
       9.18I    **      ********S*********  ********S*T*******S*T*******SI      9.18
           I    **      ********S*********  ********S*T*******S*T*******SI
           I    **  *   ********S*********S ********S*T*******S*T*******SI
           I    *** *   ********S*********S ********S*T*******S*T*******SI
       7.49I   *******  ********S*********S*********S*T*******S*T*******SI      7.49
           I   ******* *********S*********S*********S*T*******S*T*******SI
           I   *******S*********S*********S*********S*T*******S*T*******SI
           I   *******S*********S*********S*********S*T*******S*T*******SI
       5.80I   *******S*********S*********S*********S*T*******S*T*******SI      5.80
           I   *******S*********S*********S*********S*T*******S*T*******SI
           I  ********S*********S*********S*********S*T*******S*T*******SI
           I  ********S*********S*********S*********S*T*******S*T*******SI
       4.11I**********S*********S*********S*********S*T*******S*T*******SI      4.11
 ++++++++++I+++++++++++++++++++++++++++++++++++++++++++++++++++++++++++++I
            S=SEASONAL FREQUENCIES, T=TRADING DAY FREQUENCIES
        bps_permits 24020            PAGE  22, SERIES bps_permits_addi
 G 2  10*LOG(SPECTRUM) of the Modified Irregular (Table E3).  
      Spectrum estimated from 2018.Jul to 2026.Jun.
 ++++++++++I+++++++++++++++++++++++++++++++++++++++++++++++++++++++++++++I
      23.51I                       *                                     I     23.51
           I                       *                                     I
           I              *  *     *                                     I
           I              *  *     *                                     I
      22.08I              *  *     *                                     I     22.08
           I              *  *     *                                     I
           I              *  *     *                                     I
           I              * **     *                                     I
      20.64I              * **     *                                     I     20.64
           I              * **     *                                     I
           I              * **     *                                     I
           I             ** **     *                                **   I
      19.20I             ******    *                   *           ***   I     19.20
           I             ******    *                   *           ***   I
           I             ******    *                   *           ***   I
           I             ******   **    *              *           ***   I
      17.77I             ******   **    *              *           ***   I     17.77
           I             ******   **    *              *           ***   I
           I             *******  **    *              *           ****  I
           I             *******  ***   *             T*           ****  I
      16.33I             *******S ***   *             T**          ****  I     16.33
           I             *******S****   *             T**  *      *****  I
           I             *******S****   *             T**  *      *****  I
           I             *******S****   *             T**  *      *****  I
      14.89I             *******S****   *             T*****      *****  I     14.89
           I             *******S****   *             T*****      *****  I
           I             *******S****   *        **   T******     ****** I
           I             *******S****  **        **  *T******     ****** I
      13.45I             *******S****  **        **  *T******     ****** I     13.45
           I             *******S****  **        **  *T******     ******SI
           I            ********S****  **        ***S*T******     ******SI
           I            ********S****  **       ****S*T******     ******SI
      12.02I            ********S****  **      *****S*T******     ******SI     12.02
           I            ********S***** **     ******S*T******     ******SI
           I            ********S***** **     ******S*T******     ******SI
           I            ********S********     ******S*T******    *******SI
      10.58I            ********S*********    ******S*T******    *******SI     10.58
           I            ********S*********    ******S*T*******   *******SI
           I            ********S*********    ******S*T*******   *******SI
           I     *     *********S*********    ******S*T*******   *******SI
       9.14I     *     *********S*********   *******S*T*******   *******SI      9.14
           I     *     *********S*********   *******S*T*******   *******SI
           I     *    S*********S*********   *******S*T*******   *******SI
           I    ***  *S*********S*********   *******S*T*******S T*******SI
       7.70I    ***  *S*********S*********   *******S*T*******S T*******SI      7.70
           I    *** **S*********S*********   *******S*T*******S*T*******SI
           I    ******S*********S*********   *******S*T*******S*T*******SI
           I    ******S*********S*********S ********S*T*******S*T*******SI
       6.27I    ******S*********S*********S ********S*T*******S*T*******SI      6.27
           I*   ******S*********S*********S ********S*T*******S*T*******SI
           I*  *******S*********S*********S*********S*T*******S*T*******SI
           I** *******S*********S*********S*********S*T*******S*T*******SI
       4.83I**********S*********S*********S*********S*T*******S*T*******SI      4.83
 ++++++++++I+++++++++++++++++++++++++++++++++++++++++++++++++++++++++++++I
            S=SEASONAL FREQUENCIES, T=TRADING DAY FREQUENCIES
        bps_permits 24020            PAGE  23, SERIES bps_permits_addi

  Peak probabilities for Tukey spectrum estimator
  Spectrum estimated from 2018.Jul to 2026.Jun.

                                          S1       S2       S3       S4       S5       S6       TD
                                        ------   ------   ------   ------   ------   ------   ------
  Model Residuals                        0.248    0.113    0.105    0.002    0.522    0.402    0.874  
  Original Series (Table A1 or B1)       0.831    0.435    0.232    0.238    0.860    0.463    0.136  
  Seasonally adjusted series (E2)        0.133    0.004    0.076    0.132    0.112    0.237    0.459  
  Modified Irregular (E3)                0.283    0.006    0.067    0.131    0.145    0.259    0.472  
  ----------
     ** - Peak Probability > 0.99,
      * - 0.90 < Peak Probability < 0.99


