  Reading input spec file from D:\Programming\Dynamic Paper-dlrhcs_replication\outputs\empirical\unemployment\raw_sa_pilot\x13_work\bps_permits_additive_level_10500_200401_202606.spc

1

               U. S. Department of Commerce, U. S. Census Bureau

              X-13ARIMA-SEATS monthly seasonal adjustment Method,
                          Release Version 1.1 Build 62


           This software application provides an enhanced version of
             Statistics Canada's X-11-ARIMA extension (Dagum, 1980)
                 of the X-11 variant of the Census Method II of
                      Shiskin, Young and Musgrave (1967).

            It also provides an ARIMA model-based method following
       Hillmer and Tiao (1982) and Burman (1980) that is very similar
       to the update of the method of SEATS (Gomez and Maravall, 1996)
                produced at the Bank of Spain by G. Caporello and
               A. Maravall for TSW (Caporello and Maravall, 2004).
          The present application includes additional enhancements.

         X-13ARIMA-SEATS includes an automatic ARIMA model selection procedure
          based largely on the procedure of Gomez and Maravall (1998)
            as implemented in TRAMO (1996) and subsequent revisions.

              Primary Programmers: Brian Monsell, Mark Otto and,
                 for the ARIMA model-based signal extraction,
                      Gianluca Caporello and Victor Gomez


     Series Title- bps_permits 10500
     Series Name- bps_permits_addi
     Jul 29, 2026  08.22.09 

        -Period covered-  1st month,2004 to  6th month,2026
        -Type of run - additive seasonal adjustment

        -Sigma limits for graduating extreme values are  1.5 and  2.5 .
        -3x3 moving average used in section 1 of each iteration, 
         3x5 moving average in section 2 of iterations B and C,
         moving average for final seasonal factors chosen by Global MSR.
        -Holiday adjustment factors applied directly to the final seasonally adjusted series
        -Spectral plots generated for selected series
        -Spectral plots generated for series starting in 2018.Jul

 FILE SAVE REQUESTS (* indicates file exists and will be overwritten)
  D:\Programming\Dynamic Paper-dlrhcs_replication\outputs\empirical\unemployment\raw_sa_pilot\x13_work\bps_permits_additive_level_10500_200401_202606.d10  final seasonal factors
  D:\Programming\Dynamic Paper-dlrhcs_replication\outputs\empirical\unemployment\raw_sa_pilot\x13_work\bps_permits_additive_level_10500_200401_202606.d11  final seasonally adjusted data
  D:\Programming\Dynamic Paper-dlrhcs_replication\outputs\empirical\unemployment\raw_sa_pilot\x13_work\bps_permits_additive_level_10500_200401_202606.out  program output file
  D:\Programming\Dynamic Paper-dlrhcs_replication\outputs\empirical\unemployment\raw_sa_pilot\x13_work\bps_permits_additive_level_10500_200401_202606.err  program error file
        bps_permits 10500            PAGE   1, SERIES bps_permits_addi

     Contents of spc file D:\Programming\Dynamic Paper-dlrhcs_replication\outputs\empirical\unemployment\raw_sa_pilot\x13_work\bps_permits_additive_level_10500_200401_202606.spc

 Line #
 ------
      1: series {
      2:   title = "bps_permits 10500"
      3:   start = 2004.1
      4:   period = 12
      5:   data = (
      6: 52
      7: 55
      8: 83
      9: 183
     10: 64
     11: 56
     12: 75
     13: 65
     14: 54
     15: 63
     16: 72
     17: 47
     18: 70
     19: 72
     20: 88
     21: 58
     22: 68
     23: 68
     24: 53
     25: 67
     26: 57
     27: 55
     28: 51
     29: 45
     30: 55
     31: 56
     32: 59
     33: 51
     34: 68
     35: 53
     36: 45
     37: 52
     38: 44
     39: 38
     40: 35
     41: 35
     42: 37
     43: 38
     44: 54
     45: 71
     46: 55
     47: 38
     48: 38
     49: 39
     50: 56
     51: 27
     52: 21
     53: 25
     54: 24
     55: 22
     56: 30
     57: 28
     58: 28
     59: 27
     60: 24
     61: 20
     62: 21
     63: 16
     64: 10
     65: 11
     66: 14
     67: 14
     68: 15
     69: 16
     70: 17
     71: 25
     72: 17
     73: 19
     74: 21
     75: 12
     76: 16
     77: 13
     78: 21
     79: 13
     80: 24
     81: 19
     82: 15
     83: 14
     84: 65
     85: 17
     86: 13
     87: 9
     88: 12
     89: 12
     90: 10
     91: 14
     92: 18
     93: 19
     94: 15
     95: 19
     96: 13
     97: 18
     98: 15
     99: 18
    100: 17
    101: 13
    102: 19
    103: 14
    104: 18
    105: 20
    106: 18
    107: 19
    108: 19
    109: 22
    110: 18
    111: 18
    112: 16
    113: 12
    114: 25
    115: 18
    116: 26
    117: 24
    118: 24
    119: 19
    120: 21
    121: 22
    122: 18
    123: 22
    124: 18
    125: 17
    126: 17
    127: 14
    128: 13
    129: 13
    130: 12
    131: 15
    132: 13
    133: 18
    134: 22
    135: 17
    136: 15
    137: 10
    138: 13
    139: 15
    140: 16
    141: 18
    142: 12
    143: 28
    144: 21
    145: 21
    146: 11
    147: 17
    148: 18
    149: 20
    150: 19
    151: 16
    152: 21
    153: 14
    154: 24
    155: 15
    156: 8
    157: 14
    158: 10
    159: 13
    160: 12
    161: 12
    162: 7
    163: 10
    164: 17
    165: 11
    166: 16
    167: 5
    168: 12
    169: 257
    170: 13
    171: 16
    172: 16
    173: 16
    174: 19
    175: 18
    176: 21
    177: 35
    178: 14
    179: 18
    180: 8
    181: 11
    182: 10
    183: 14
    184: 3
    185: 10
    186: 29
    187: 31
    188: 21
    189: 33
    190: 24
    191: 9
    192: 14
    193: 9
    194: 42
    195: 14
    196: 12
    197: 79
    198: 13
    199: 63
    200: 10
    201: 25
    202: 26
    203: 28
    204: 35
    205: 28
    206: 73
    207: 31
    208: 27
    209: 32
    210: 31
    211: 32
    212: 49
    213: 31
    214: 16
    215: 29
    216: 21
    217: 36
    218: 40
    219: 22
    220: 29
    221: 39
    222: 30
    223: 19
    224: 30
    225: 18
    226: 17
    227: 27
    228: 12
    229: 15
    230: 17
    231: 8
    232: 7
    233: 4
    234: 6
    235: 10
    236: 12
    237: 11
    238: 32
    239: 21
    240: 14
    241: 18
    242: 11
    243: 13
    244: 14
    245: 11
    246: 16
    247: 15
    248: 21
    249: 27
    250: 23
    251: 12
    252: 20
    253: 11
    254: 17
    255: 9
    256: 15
    257: 20
    258: 6
    259: 14
    260: 16
    261: 13
    262: 27
    263: 28
    264: 24
    265: 19
    266: 18
    267: 21
    268: 15
    269: 18
    270: 47
    271: 12
    272: 21
    273: 22
    274: 21
    275: 227
    276:   )
    277: }
    278: transform { function = none }
    279: regression { aictest = (td easter) }
    280: automdl {}
    281: x11 { mode = add save = (d10 d11) }
        bps_permits 10500            PAGE   2, SERIES bps_permits_addi

 A 1  Time series data (for the span analyzed)
  From  2004.Jan to 2026.Jun
  Observations        270
 -----------------------------------------------------------------------------
               Jan      Feb      Mar      Apr      May      Jun 
               Jul      Aug      Sep      Oct      Nov      Dec        TOTAL  
 -----------------------------------------------------------------------------
  2004          52.      55.      83.     183.      64.      56.
                75.      65.      54.      63.      72.      47.          869.
 
  2005          70.      72.      88.      58.      68.      68.
                53.      67.      57.      55.      51.      45.          752.
 
  2006          55.      56.      59.      51.      68.      53.
                45.      52.      44.      38.      35.      35.          591.
 
  2007          37.      38.      54.      71.      55.      38.
                38.      39.      56.      27.      21.      25.          499.
 
  2008          24.      22.      30.      28.      28.      27.
                24.      20.      21.      16.      10.      11.          261.
 
  2009          14.      14.      15.      16.      17.      25.
                17.      19.      21.      12.      16.      13.          199.
 
  2010          21.      13.      24.      19.      15.      14.
                65.      17.      13.       9.      12.      12.          234.
 
  2011          10.      14.      18.      19.      15.      19.
                13.      18.      15.      18.      17.      13.          189.
 
  2012          19.      14.      18.      20.      18.      19.
                19.      22.      18.      18.      16.      12.          213.
 
  2013          25.      18.      26.      24.      24.      19.
                21.      22.      18.      22.      18.      17.          254.
 
  2014          17.      14.      13.      13.      12.      15.
                13.      18.      22.      17.      15.      10.          179.
 
  2015          13.      15.      16.      18.      12.      28.
                21.      21.      11.      17.      18.      20.          210.
 
  2016          19.      16.      21.      14.      24.      15.
                 8.      14.      10.      13.      12.      12.          178.
 
  2017           7.      10.      17.      11.      16.       5.
                12.     257.      13.      16.      16.      16.          396.
 
  2018          19.      18.      21.      35.      14.      18.
                 8.      11.      10.      14.       3.      10.          181.
 
  2019          29.      31.      21.      33.      24.       9.
                14.       9.      42.      14.      12.      79.          317.
 
  2020          13.      63.      10.      25.      26.      28.
                35.      28.      73.      31.      27.      32.          391.
 
  2021          31.      32.      49.      31.      16.      29.
                21.      36.      40.      22.      29.      39.          375.
 
  2022          30.      19.      30.      18.      17.      27.
                12.      15.      17.       8.       7.       4.          204.
 
  2023           6.      10.      12.      11.      32.      21.
                14.      18.      11.      13.      14.      11.          173.
 
  2024          16.      15.      21.      27.      23.      12.
                20.      11.      17.       9.      15.      20.          206.
 
  2025           6.      14.      16.      13.      27.      28.
                24.      19.      18.      21.      15.      18.          219.
 
  2026          47.      12.      21.      22.      21.     227.
                                                                          350.
 
  AVGE          25.      25.      30.      33.      28.      35.
                26.      36.      27.      22.      21.      23.

  Table Total-        7440.   Mean-        28.   Std. Dev.-        27.
                              Min -         3.        Max -       257.
        bps_permits 10500            PAGE   3, SERIES bps_permits_addi
                        Automatic ARIMA Model Selection

                    Procedure based closely on TRAMO method 
                         of Gomez and Maravall (2000)
              "Automatic Modeling Methods for Univariate Series",
                            A Course in Time Series
                  (Edited by D. Pena, G. C. Tiao, R. S. Tsay),
                         New York : J. Wiley and Sons


     Maximum order for regular ARMA parameters :   2
     Maximum order for seasonal ARMA parameters :   1
     Maximum order for regular differencing :   2
     Maximum order for seasonal differencing :   1

   Results of Unit Root Test for identifying orders of differencing:
     Regular difference order :   0
     Seasonal difference order :   0

  Automatic model choice : (1 0 1)


  Final Checks for Identified Model


  Checking for Unit Roots.
   Regular unit root found.
   ( 0, 1, 1) ( 0, 0, 0)
  Constant term removed from model

  Checking for nonseasonal overdifferencing.
   Nonseasonal MA not within  0.001 of 1.0 - model passes test.

  Checking for insignificant ARMA coefficients.

  Final automatic model choice : (0 1 1)
   End of automatic model selection procedure.

 Average absolute percentage error in within-sample forecasts:
  Last year:  28.52      Last-1 year:  52.31     Last-2 year:  23.71
  Last three years:   34.85

 Estimation converged in    4 ARMA iterations,   27 function evaluations.

 Regression Model
 ------------------------------------------------------------------------------
                             Parameter        Standard
 Variable                     Estimate           Error      t-value
 ------------------------------------------------------------------------------
 Leap Year                      4.2071        10.63417         0.40

 1-Coefficient Trading Day
   Weekday                      1.1009         0.49748         2.21
 **Sat/Sun (derived)           -2.7522         1.24369        -2.21
 ------------------------------------------------------------------------------
 **For the one coefficient trading-day effect, the derived
   parameter estimate is obtained indirectly as minus -2.5 times
   the directly estimated parameter that defines the effect.


 Chi-squared Tests for Groups of Regressors
 ------------------------------------------------------------------------------
 Regression Effect                  df      Chi-Square      P-Value
 ------------------------------------------------------------------------------
 Combined Trading Day and Leap Year Regressors
                                     2            5.04         0.08


 F Tests for Trading Day Regressors 
 -----------------------------------------------------------------------
 Regression Effect                     df         F-statistic    P-Value
 -----------------------------------------------------------------------
 1-Coefficient Trading Day           1, 267            4.86         0.03


 ARIMA Model:  (0 1 1)
   Nonseasonal differences: 1
                                              Standard
 Parameter                    Estimate          Errors
 -----------------------------------------------------
 Nonseasonal MA                                    
   Lag  1                       0.8640         0.03755

 Variance                       0.54064E+03
 SE of Var                      0.46617E+02
 -----------------------------------------------------

 Likelihood Statistics
 ------------------------------------------------------------------
 Number of observations (nobs)                                  270
 Effective number of observations (nefobs)                      269
 Number of parameters estimated (np)                              4
 Log likelihood (L)                                      -1228.7556
 AIC                                                      2465.5112 
 AICC (F-corrected-AIC)                                   2465.6627 
 Hannan Quinn                                             2471.2858 
 BIC                                                      2479.8900 
 ------------------------------------------------------------------

 QS Statistic for regARIMA Model Residuals (full series):             0.15
                                                       (P-Value =     0.9275)

 QS Statistic for regARIMA Model Residuals (starting 2018.Jul):       0.54
                                                       (P-Value =     0.7622)
      10*LOG(SPECTRUM) of the regARIMA model residuals
      Spectrum estimated from 2018.Jul to 2026.Jun.
 ++++++++++I+++++++++++++++++++++++++++++++++++++++++++++++++++++++++++++I
      29.93I                                              *              I     29.93
           I                                              *              I
           I                                              *              I
           I  *                                           *              I
      29.49I  *                                           **     *       I     29.49
           I  *                                           ***    *       I
           I  *                                          ****   T*       I
           I  *                                     S    *****  T*       I
      29.05I  **                                    S    *****  T*       I     29.05
           I  **               *                    S    *****  T*       I
           I  **      S        *                   *S    *****  T*       I
           I ***      S        *                   *S    *****  T*       I
      28.60I ***      S        *                   *S    *****S*T*       I     28.60
           I ***      S        *                   *S    *****S*T*       I
           I ***      S        *                   *S    *****S*T*       I
           I ***     *S        *                   *S    *****S*T*       I
      28.16I****     *S*       *                   *S    *****S*T*       I     28.16
           I****     *S*      **                   *S    *****S*T*       I
           I****     *S*      **S  *       *       *S    *****S*T*       I
           I****     *S*      **S  *       *       *S    *****S*T*       I
      27.72I****     *S***    **S  *       *       *S    *****S*T**      I     27.72
           I****     *S***    **S ***  *   *       *S    *****S*T**      I
           I****     *S***    **S ***  *   *       *S    *****S*T**      I
           I*****    *S***    **S *** **   **      *S*   *****S*T**      I
      27.27I*****    *S****   **S**** **   **      *S*   *****S*T**      I     27.27
           I*****    *S****   **S*******  S**      *S*  ******S*T**      I
           I*****    *S****   **S******** S**      *S*  ******S*T**      I
           I*****   **S****   **S******** S**      *S*  ******S*T**      I
      26.83I*****   **S****   **S******** S**      *S*  ******S*T**      I     26.83
           I*****   **S****   **S*********S**      *S*  ******S*T**      I
           I*****   **S****   **S*********S**     **S*  ******S*T**      I
           I*****   **S****   **S*********S**     **S*  ******S*T***     I
      26.39I*****   **S****  ***S*********S**     **S*  ******S*T***     I     26.39
           I*****   **S***** ***S*********S**     **S*  ******S*T*** *   I
           I******  **S***** ***S*********S**     **S*  ******S*T*****   I
           I******  **S***** ***S*********S**     **S*  ******S*T*****   I
      25.94I****** ***S***** ***S*********S***    **S*  ******S*T*****   I     25.94
           I****** ***S***** ***S*********S***    **S*  ******S*T*****   I
           I****** ***S*********S*********S***    **S*  ******S*T******  I
           I**********S*********S*********S***    **S*T ******S*T******  I
      25.50I**********S*********S*********S***    **S*T ******S*T******  I     25.50
           I**********S*********S*********S***    **S*T*******S*T******  I
           I**********S*********S*********S***    **S*T*******S*T******  I
           I**********S*********S*********S***   ***S*T*******S*T******  I
      25.06I**********S*********S*********S***   ***S*T*******S*T******  I     25.06
           I**********S*********S*********S***   ***S*T*******S*T******  I
           I**********S*********S*********S****  ***S*T*******S*T******  I
           I**********S*********S*********S****  ***S*T*******S*T******  I
      24.62I**********S*********S*********S**** ****S*T*******S*T******* I     24.62
           I**********S*********S*********S*********S*T*******S*T******* I
           I**********S*********S*********S*********S*T*******S*T******* I
           I**********S*********S*********S*********S*T*******S*T******* I
      24.17I**********S*********S*********S*********S*T*******S*T*******SI     24.17
 ++++++++++I+++++++++++++++++++++++++++++++++++++++++++++++++++++++++++++I
            S=SEASONAL FREQUENCIES, T=TRADING DAY FREQUENCIES


 FORECASTING
  Origin  2026.Jun
  Number        12

  Forecasts and Standard Errors
   ------------------------------
                         Standard
       Date   Forecast      Error
   ------------------------------
   2026.Jul      52.48     23.302
   2026.Aug      44.77     23.549
   2026.Sep      51.38     23.701
   2026.Oct      48.62     23.890
   2026.Nov      47.52     24.109
   2026.Dec      52.48     24.351
   2027.Jan      44.77     24.589
   2027.Feb      48.12     24.832
   2027.Mar      52.48     24.960
   2027.Apr      51.38     25.134
   2027.May      44.77     25.389
   2027.Jun      51.38     25.529
   ------------------------------

  Confidence intervals with coverage probability ( 0.95000
   ---------------------------------------
       Date      Lower  Forecast     Upper
   ---------------------------------------
   2026.Jul      6.807    52.477    98.148
   2026.Aug     -1.385    44.771    90.928
   2026.Sep      4.924    51.377    97.829
   2026.Oct      1.800    48.624    95.449
   2026.Nov      0.271    47.524    94.776
   2026.Dec      4.750    52.477   100.205
   2027.Jan     -3.421    44.771    92.964
   2027.Feb     -0.546    48.123    96.792
   2027.Mar      3.557    52.477   101.398
   2027.Apr      2.114    51.377   100.639
   2027.May     -4.990    44.771    94.533
   2027.Jun      1.340    51.377   101.413
   ---------------------------------------
        bps_permits 10500            PAGE   4, SERIES bps_permits_addi

 A 6  RegARIMA trading day component
  From  2004.Jan to 2026.Jun
  Observations        270
 -----------------------------------------------------------------------------
               Jan      Feb      Mar      Apr      May      Jun 
               Jul      Aug      Sep      Oct      Nov      Dec         AVGE  
 -----------------------------------------------------------------------------
  2004          -1.       0.       3.       2.      -4.       2.
                -1.      -1.       2.      -4.       2.       3.            0.
 
  2005          -4.      -1.       3.      -2.      -1.       2.
                -4.       3.       2.      -4.       2.      -1.           -0.
 
  2006          -1.      -1.       3.      -6.       3.       2.
                -4.       3.      -2.      -1.       2.      -4.           -0.
 
  2007           3.      -1.      -1.      -2.       3.      -2.
                -1.       3.      -6.       3.       2.      -4.            0.
 
  2008           3.       4.      -4.       2.      -1.      -2.
                 3.      -4.       2.       3.      -6.       3.            0.
 
  2009          -1.      -1.      -1.       2.      -4.       2.
                 3.      -4.       2.      -1.      -2.       3.            0.
 
  2010          -4.      -1.       3.       2.      -4.       2.
                -1.      -1.       2.      -4.       2.       3.            0.
 
  2011          -4.      -1.       3.      -2.      -1.       2.
                -4.       3.       2.      -4.       2.      -1.           -0.
 
  2012          -1.       4.      -1.      -2.       3.      -2.
                -1.       3.      -6.       3.       2.      -4.            0.
 
  2013           3.      -1.      -4.       2.       3.      -6.
                 3.      -1.      -2.       3.      -2.      -1.            0.
 
  2014           3.      -1.      -4.       2.      -1.      -2.
                 3.      -4.       2.       3.      -6.       3.            0.
 
  2015          -1.      -1.      -1.       2.      -4.       2.
                 3.      -4.       2.      -1.      -2.       3.            0.
 
  2016          -4.       4.       3.      -2.      -1.       2.
                -4.       3.       2.      -4.       2.      -1.            0.
 
  2017          -1.      -1.       3.      -6.       3.       2.
                -4.       3.      -2.      -1.       2.      -4.           -0.
 
  2018           3.      -1.      -1.      -2.       3.      -2.
                -1.       3.      -6.       3.       2.      -4.            0.
 
  2019           3.      -1.      -4.       2.       3.      -6.
                 3.      -1.      -2.       3.      -2.      -1.            0.
 
  2020           3.       0.      -1.       2.      -4.       2.
                 3.      -4.       2.      -1.      -2.       3.            0.
 
  2021          -4.      -1.       3.       2.      -4.       2.
                -1.      -1.       2.      -4.       2.       3.            0.
 
  2022          -4.      -1.       3.      -2.      -1.       2.
                -4.       3.       2.      -4.       2.      -1.           -0.
 
  2023          -1.      -1.       3.      -6.       3.       2.
                -4.       3.      -2.      -1.       2.      -4.           -0.
 
  2024           3.       4.      -4.       2.       3.      -6.
                 3.      -1.      -2.       3.      -2.      -1.            0.
 
  2025           3.      -1.      -4.       2.      -1.      -2.
                 3.      -4.       2.       3.      -6.       3.            0.
 
  2026          -1.      -1.      -1.       2.      -4.       2.
                                                                           -0.
 
  AVGE          -0.      -0.       0.       0.      -0.       0.
                -0.       0.       0.      -0.       0.      -0.

  Table Total-          -0.   Mean-        -0.   Std. Dev.-         3.
                              Min -        -6.        Max -         4.

 A 6.A  RegARIMA trading day component forecasts
  From  2026.Jul to 2027.Jun
  Observations         12
 -----------------------------------------------------------------------------
               Jan      Feb      Mar      Apr      May      Jun 
               Jul      Aug      Sep      Oct      Nov      Dec         AVGE  
 -----------------------------------------------------------------------------
  2026                                                          
                 3.      -4.       2.      -1.      -2.       3.            0.
 
  2027          -4.      -1.       3.       2.      -4.       2.
                                                                           -0.
 
        bps_permits 10500            PAGE   5, SERIES bps_permits_addi
  
 B 1  Original series (prior adjusted)
      (adjusted for regARIMA factors)
  From  2004.Jan to 2026.Jun
  Observations        270
 -----------------------------------------------------------------------------
               Jan      Feb      Mar      Apr      May      Jun 
               Jul      Aug      Sep      Oct      Nov      Dec        TOTAL  
 -----------------------------------------------------------------------------
  2004          53.      55.      80.     181.      68.      54.
                76.      66.      52.      67.      70.      44.          864.
 
  2005          74.      73.      85.      60.      69.      66.
                57.      64.      55.      59.      49.      46.          756.
 
  2006          56.      57.      56.      57.      65.      51.
                49.      49.      46.      39.      33.      39.          595.
 
  2007          34.      39.      55.      73.      52.      40.
                39.      36.      62.      24.      19.      29.          499.
 
  2008          21.      18.      34.      26.      29.      29.
                21.      24.      19.      13.      16.       8.          256.
 
  2009          15.      15.      16.      14.      21.      23.
                14.      23.      19.      13.      18.      10.          199.
 
  2010          25.      14.      21.      17.      19.      12.
                66.      18.      11.      13.      10.       9.          234.
 
  2011          14.      15.      15.      21.      16.      17.
                17.      15.      13.      22.      15.      14.          193.
 
  2012          20.      10.      19.      22.      15.      21.
                20.      19.      24.      15.      14.      16.          211.
 
  2013          22.      19.      30.      22.      21.      25.
                18.      23.      20.      19.      20.      18.          254.
 
  2014          14.      15.      17.      11.      13.      17.
                10.      22.      20.      14.      21.       7.          179.
 
  2015          14.      16.      17.      16.      16.      26.
                18.      25.       9.      18.      20.      17.          210.
 
  2016          23.      12.      18.      16.      25.      13.
                12.      11.       8.      17.      10.      13.          176.
 
  2017           8.      11.      14.      17.      13.       3.
                16.     254.      15.      17.      14.      20.          400.
 
  2018          16.      19.      22.      37.      11.      20.
                 9.       8.      16.      11.       1.      14.          181.
 
  2019          26.      32.      25.      31.      21.      15.
                11.      10.      44.      11.      14.      80.          317.
 
  2020          10.      63.      11.      23.      30.      26.
                32.      32.      71.      32.      29.      29.          386.
 
  2021          35.      33.      46.      29.      20.      27.
                22.      37.      38.      26.      27.      36.          375.
 
  2022          34.      20.      27.      20.      18.      25.
                16.      12.      15.      12.       5.       5.          208.
 
  2023           7.      11.       9.      17.      29.      19.
                18.      15.      13.      14.      12.      15.          177.
 
  2024          13.      11.      25.      25.      20.      18.
                17.      12.      19.       6.      17.      21.          201.
 
  2025           3.      15.      20.      11.      28.      30.
                21.      23.      16.      18.      21.      15.          219.
 
  2026          48.      13.      22.      20.      25.     225.
                                                                          352.
 
  AVGE          25.      25.      30.      33.      28.      35.
                26.      36.      27.      22.      20.      23.

  Table Total-        7440.   Mean-        28.   Std. Dev.-        27.
                              Min -         1.        Max -       254.

 B 1.A  Forecasts of (prior adjusted) original series
  From  2026.Jul to 2027.Jun
  Observations         12
 -----------------------------------------------------------------------------
               Jan      Feb      Mar      Apr      May      Jun 
               Jul      Aug      Sep      Oct      Nov      Dec        TOTAL  
 -----------------------------------------------------------------------------
  2026                                                          
                49.      49.      49.      49.      49.      49.          295.
 
  2027          49.      49.      49.      49.      49.      49.
                                                                          295.
 
        bps_permits 10500            PAGE   6, SERIES bps_permits_addi

 C 17  Final weights for irregular component
  From  2004.Jan to 2026.Jun
  Observations        270
  Lower sigma limit    1.50
  Upper sigma limit    2.50
 -----------------------------------------------------------------------------
               Jan      Feb      Mar      Apr      May      Jun 
               Jul      Aug      Sep      Oct      Nov      Dec         S.D.  
 -----------------------------------------------------------------------------
  2004          68.       0.     100.       0.       0.       0.
               100.     100.     100.     100.     100.       0.          753.
 
  2005         100.     100.     100.     100.     100.     100.
               100.     100.     100.     100.     100.     100.          753.
 
  2006         100.     100.     100.     100.     100.     100.
               100.     100.     100.     100.     100.     100.          753.
 
  2007          71.     100.     100.       0.     100.     100.
               100.     100.       0.     100.      74.      80.          366.
 
  2008         100.     100.     100.     100.     100.     100.
               100.     100.     100.     100.     100.     100.          387.
 
  2009         100.     100.     100.     100.     100.     100.
               100.     100.     100.     100.     100.     100.          396.
 
  2010          52.     100.     100.     100.     100.       0.
                 0.     100.      20.     100.     100.     100.          364.
 
  2011         100.     100.     100.     100.     100.     100.
               100.     100.     100.       0.     100.     100.          352.
 
  2012         100.     100.     100.     100.     100.     100.
               100.     100.     100.     100.     100.     100.          361.
 
  2013         100.     100.      78.     100.     100.     100.
               100.     100.     100.     100.     100.     100.          308.
 
  2014         100.     100.     100.     100.     100.     100.
               100.     100.     100.     100.      77.     100.          366.
 
  2015         100.     100.     100.     100.     100.     100.
               100.     100.     100.     100.     100.     100.         1081.
 
  2016         100.     100.     100.     100.     100.     100.
               100.     100.     100.     100.     100.     100.         1103.
 
  2017         100.     100.     100.     100.     100.       0.
                 0.       0.       0.      40.     100.     100.         1307.
 
  2018         100.     100.     100.     100.     100.     100.
               100.     100.     100.     100.     100.     100.         1416.
 
  2019         100.     100.     100.     100.     100.     100.
               100.     100.     100.     100.     100.       0.         1411.
 
  2020          13.       0.      13.     100.     100.     100.
               100.     100.      20.     100.     100.     100.          967.
 
  2021         100.     100.     100.     100.     100.     100.
               100.     100.     100.     100.     100.     100.          956.
 
  2022         100.     100.     100.     100.     100.     100.
               100.     100.     100.     100.     100.     100.          661.
 
  2023         100.     100.     100.     100.      16.     100.
               100.     100.     100.     100.     100.     100.          428.
 
  2024         100.     100.     100.     100.     100.     100.
               100.     100.     100.     100.     100.     100.          959.
 
  2025         100.     100.     100.     100.     100.     100.
               100.     100.     100.     100.     100.     100.          915.
 
  2026           0.     100.     100.       0.       0.       0.
                                                                          915.
 
        bps_permits 10500            PAGE   7, SERIES bps_permits_addi

 D 8  Final unmodified SI ratios
  From  2004.Jan to 2026.Jun
  Observations        270
 -----------------------------------------------------------------------------
               Jan      Feb      Mar      Apr      May      Jun 
               Jul      Aug      Sep      Oct      Nov      Dec         AVGE  
 -----------------------------------------------------------------------------
  2004         -13.     -15.       6.     104.     -10.     -24.
                 1.      -6.     -18.      -2.      -1.     -28.           -0.
 
  2005           2.       3.      17.      -5.       6.       4.
                -4.       3.      -6.      -0.      -9.     -10.            0.
 
  2006           1.       4.       3.       4.      13.      -0.
                -0.       1.      -1.      -6.     -10.      -3.            1.
 
  2007          -8.      -3.      12.      30.      10.       0.
                 1.       1.      29.      -7.     -10.       2.            5.
 
  2008          -6.      -7.      10.       2.       6.       7.
                -1.       4.      -1.      -6.      -2.      -9.           -0.
 
  2009          -1.       0.       1.      -1.       7.       7.
                -3.       6.       0.      -6.      -1.      -9.            0.
 
  2010           7.      -4.       3.      -1.       2.      -6.
                48.       0.      -6.      -2.      -5.      -6.            2.
 
  2011          -0.       0.      -0.       6.       1.       2.
                 3.       0.      -2.       7.      -1.      -3.            1.
 
  2012           3.      -7.       2.       5.      -2.       3.
                 1.       0.       5.      -4.      -5.      -3.           -0.
 
  2013           1.      -3.       8.      -1.      -1.       4.
                -3.       3.      -0.      -1.       1.      -1.            1.
 
  2014          -3.      -1.       3.      -2.      -1.       3.
                -5.       7.       4.      -2.       5.      -8.           -0.
 
  2015          -2.       0.      -1.      -2.      -2.       8.
                 1.       9.      -7.       0.       1.      -3.            0.
 
  2016           2.      -9.      -3.      -3.       9.       1.
                 3.       2.      -1.       7.      -3.      -2.            0.
 
  2017          -6.      -3.      -1.      -3.     -14.     -32.
               -26.     208.     -29.     -22.     -18.      -5.            4.
 
  2018          -7.      -2.       0.      16.      -7.       5.
                -2.      -1.       7.      -0.     -14.      -5.           -1.
 
  2019           3.       7.       1.       8.      -0.      -4.
                -7.      -8.      24.     -11.     -10.      54.            5.
 
  2020         -16.      37.     -16.      -5.       1.      -6.
                -3.      -4.      34.      -4.      -6.      -5.            1.
 
  2021           3.       1.      14.      -2.      -9.      -2.
                -7.       7.       7.      -5.      -5.       5.            1.
 
  2022           5.      -7.       3.      -2.      -2.       7.
                -0.      -3.       3.       2.      -4.      -4.           -0.
 
  2023          -3.       1.      -3.       3.      14.       3.
                 3.      -0.      -2.      -1.      -4.      -2.            1.
 
  2024          -6.      -9.       6.       7.       4.       4.
                 4.      -1.       5.     -10.      -1.       2.            0.
 
  2025         -16.      -4.       3.      -6.      12.      14.
                 4.       6.      -4.      -3.      -0.      -7.           -0.
 
  2026          24.     -15.     -13.     -22.     -24.     170.
                                                                           20.
 
  AVGE          -2.      -2.       2.       6.       0.       7.
                 0.      11.       2.      -3.      -5.      -2.

  Table Total-         352.   Mean-         1.   Std. Dev.-        20.
                              Min -       -32.        Max -       208.
        bps_permits 10500            PAGE   8, SERIES bps_permits_addi

 D 8.B  Final unmodified SI ratios, with labels for outliers and extreme values
  From  2004.Jan to 2026.Jun
  Observations        270
 ---------------------------------------------------------------------
               Jan       Feb       Mar       Apr       May       Jun  
               Jul       Aug       Sep       Oct       Nov       Dec  
 ---------------------------------------------------------------------
  2004        -13.*     -15.*       6.      104.*     -10.*     -24.* 
                1.       -6.      -18.       -2.       -1.      -28.* 
 
  2005          2.        3.       17.       -5.        6.        4.  
               -4.        3.       -6.       -0.       -9.      -10.  
 
  2006          1.        4.        3.        4.       13.       -0.  
               -0.        1.       -1.       -6.      -10.       -3.  
 
  2007         -8.*      -3.       12.       30.*      10.        0.  
                1.        1.       29.*      -7.      -10.*       2.* 
 
  2008         -6.       -7.       10.        2.        6.        7.  
               -1.        4.       -1.       -6.       -2.       -9.  
 
  2009         -1.        0.        1.       -1.        7.        7.  
               -3.        6.        0.       -6.       -1.       -9.  
 
  2010          7.*      -4.        3.       -1.        2.       -6.* 
               48.*       0.       -6.*      -2.       -5.       -6.  
 
  2011         -0.        0.       -0.        6.        1.        2.  
                3.        0.       -2.        7.*      -1.       -3.  
 
  2012          3.       -7.        2.        5.       -2.        3.  
                1.        0.        5.       -4.       -5.       -3.  
 
  2013          1.       -3.        8.*      -1.       -1.        4.  
               -3.        3.       -0.       -1.        1.       -1.  
 
  2014         -3.       -1.        3.       -2.       -1.        3.  
               -5.        7.        4.       -2.        5.*      -8.  
 
  2015         -2.        0.       -1.       -2.       -2.        8.  
                1.        9.       -7.        0.        1.       -3.  
 
  2016          2.       -9.       -3.       -3.        9.        1.  
                3.        2.       -1.        7.       -3.       -2.  
 
  2017         -6.       -3.       -1.       -3.      -14.      -32.* 
              -26.*     208.*     -29.*     -22.*     -18.       -5.  
 
  2018         -7.       -2.        0.       16.       -7.        5.  
               -2.       -1.        7.       -0.      -14.       -5.  
 
  2019          3.        7.        1.        8.       -0.       -4.  
               -7.       -8.       24.      -11.      -10.       54.* 
 
  2020        -16.*      37.*     -16.*      -5.        1.       -6.  
               -3.       -4.       34.*      -4.       -6.       -5.  
 
  2021          3.        1.       14.       -2.       -9.       -2.  
               -7.        7.        7.       -5.       -5.        5.  
 
  2022          5.       -7.        3.       -2.       -2.        7.  
               -0.       -3.        3.        2.       -4.       -4.  
 
  2023         -3.        1.       -3.        3.       14.*       3.  
                3.       -0.       -2.       -1.       -4.       -2.  
 
  2024         -6.       -9.        6.        7.        4.        4.  
                4.       -1.        5.      -10.       -1.        2.  
 
  2025        -16.       -4.        3.       -6.       12.       14.  
                4.        6.       -4.       -3.       -0.       -7.  
 
  2026         24.*     -15.      -13.      -22.*     -24.*     170.* 
                                                                      
 

  Key to symbols:
    *  : extreme value as determined by X-11 extreme value procedure
 
        bps_permits 10500            PAGE   9, SERIES bps_permits_addi

 D 9  Final replacement values for SI ratios
  From  2004.Jan to 2026.Jun
  Observations        270
 ---------------------------------------------------------------
               Jan      Feb      Mar      Apr      May      Jun 
               Jul      Aug      Sep      Oct      Nov      Dec 
 ---------------------------------------------------------------
  2004          -8.       6. ********       7.      13.       4.
           ******** ******** ******** ******** ********      -8.
 
  2005     ******** ******** ******** ******** ******** ********
           ******** ******** ******** ******** ******** ********
 
  2006     ******** ******** ******** ******** ******** ********
           ******** ******** ******** ******** ******** ********
 
  2007          -6. ******** ********       4. ******** ********
           ******** ********       1. ********      -9.       0.
 
  2008     ******** ******** ******** ******** ******** ********
           ******** ******** ******** ******** ******** ********
 
  2009     ******** ******** ******** ******** ******** ********
           ******** ******** ******** ******** ******** ********
 
  2010           4. ******** ******** ******** ********       7.
                 3. ********       1. ******** ******** ********
 
  2011     ******** ******** ******** ******** ******** ********
           ******** ******** ********      -2. ******** ********
 
  2012     ******** ******** ******** ******** ******** ********
           ******** ******** ******** ******** ******** ********
 
  2013     ******** ********       7. ******** ******** ********
           ******** ******** ******** ******** ******** ********
 
  2014     ******** ******** ******** ******** ******** ********
           ******** ******** ******** ********       4. ********
 
  2015     ******** ******** ******** ******** ******** ********
           ******** ******** ******** ******** ******** ********
 
  2016     ******** ******** ******** ******** ******** ********
           ******** ******** ******** ******** ******** ********
 
  2017     ******** ******** ******** ******** ********       9.
                 9.      13.      17.      -6. ******** ********
 
  2018     ******** ******** ******** ******** ******** ********
           ******** ******** ******** ******** ******** ********
 
  2019     ******** ******** ******** ******** ******** ********
           ******** ******** ******** ******** ********       3.
 
  2020           4.       6.       4. ******** ******** ********
           ******** ********      17. ******** ******** ********
 
  2021     ******** ******** ******** ******** ******** ********
           ******** ******** ******** ******** ******** ********
 
  2022     ******** ******** ******** ******** ******** ********
           ******** ******** ******** ******** ******** ********
 
  2023     ******** ******** ******** ********       6. ********
           ******** ******** ******** ******** ******** ********
 
  2024     ******** ******** ******** ******** ******** ********
           ******** ******** ******** ******** ******** ********
 
  2025     ******** ******** ******** ******** ******** ********
           ******** ******** ******** ******** ******** ********
 
  2026          -9. ******** ********       6.      16.      19.
                                                                
 

 D 9.A  Moving seasonality ratio
 ---------------------------------------------------------------
               Jan      Feb      Mar      Apr      May      Jun 
 ---------------------------------------------------------------
   I          4.595    5.644    5.414    5.590    5.219    4.031
   S          0.897    1.152    0.920    0.753    1.435    0.920
 RATIO        5.123    4.901    5.884    7.429    3.638    4.380



 ---------------------------------------------------------------
               Jul      Aug      Sep      Oct      Nov      Dec 
 ---------------------------------------------------------------
   I          3.872    5.091    6.261    4.431    3.772    4.739
   S          0.660    0.888    1.500    0.597    1.022    0.666
 RATIO        5.864    5.734    4.175    7.426    3.690    7.110



        bps_permits 10500            PAGE  10, SERIES bps_permits_addi

 D 10  Final seasonal factors
  From  2004.Jan to 2026.Jun
  Observations        270
  Seasonal filter    3 x 5 moving average
 -----------------------------------------------------------------------------
               Jan      Feb      Mar      Apr      May      Jun 
               Jul      Aug      Sep      Oct      Nov      Dec         AVGE  
 -----------------------------------------------------------------------------
  2004          -2.       3.       9.       2.      10.       2.
                -1.      -1.      -7.      -3.      -7.      -6.            0.
 
  2005          -3.       2.       9.       2.      10.       2.
                -1.      -0.      -6.      -4.      -7.      -5.            0.
 
  2006          -3.       1.       9.       2.       9.       3.
                -1.       1.      -4.      -4.      -6.      -5.            0.
 
  2007          -2.      -1.       8.       2.       8.       3.
                -1.       2.      -2.      -5.      -6.      -6.            0.
 
  2008          -2.      -2.       7.       2.       7.       4.
                -0.       2.      -0.      -5.      -5.      -5.            0.
 
  2009          -1.      -3.       5.       2.       5.       5.
                 0.       2.       0.      -5.      -4.      -5.            0.
 
  2010          -0.      -3.       4.       2.       3.       5.
                 1.       2.       0.      -4.      -3.      -5.            0.
 
  2011           1.      -3.       3.       2.       1.       4.
                 0.       2.       1.      -3.      -2.      -5.            0.
 
  2012           1.      -2.       3.       1.      -0.       4.
                -0.       2.       1.      -2.      -1.      -4.            0.
 
  2013           0.      -3.       2.       1.      -0.       4.
                -0.       3.       0.      -1.      -1.      -4.            0.
 
  2014          -0.      -3.       2.      -1.      -1.       4.
                -0.       5.       1.      -1.      -1.      -4.            0.
 
  2015          -1.      -3.       1.      -1.      -1.       4.
                 1.       6.       2.      -0.      -3.      -4.           -0.
 
  2016          -2.      -2.       0.       1.      -2.       5.
                 1.       5.       5.      -1.      -6.      -4.           -0.
 
  2017          -2.      -1.      -0.       2.      -3.       3.
                 1.       3.       8.      -2.      -8.      -3.           -0.
 
  2018          -1.       0.       1.       3.      -4.       2.
                -0.       2.      12.      -4.     -10.      -2.           -0.
 
  2019           0.       1.       3.       3.      -4.       0.
                -2.       0.      13.      -4.     -10.      -2.           -0.
 
  2020           1.       2.       4.       2.      -3.      -0.
                -3.      -1.      12.      -4.      -8.      -1.            0.
 
  2021           1.       0.       4.       1.      -2.       0.
                -2.      -1.       9.      -4.      -6.      -1.            0.
 
  2022          -0.      -1.       4.       0.       0.       2.
                -1.       0.       6.      -3.      -4.      -1.            0.
 
  2023          -3.      -4.       3.       1.       3.       5.
                 2.       1.       3.      -3.      -3.      -2.            0.
 
  2024          -6.      -6.       0.       1.       6.       8.
                 4.       1.       0.      -3.      -3.      -3.            0.
 
  2025          -8.      -7.      -2.       2.       9.      11.
                 7.       1.      -1.      -4.      -3.      -4.            0.
 
  2026         -10.      -8.      -2.       2.      10.      12.
                                                                            1.
 
  AVGE          -2.      -2.       3.       2.       3.       4.
                 0.       2.       2.      -3.      -5.      -4.

  Table Total-          19.   Mean-         0.   Std. Dev.-         4.
                              Min -       -10.        Max -        13.

 D 10.A  Final seasonal component forecasts
  From  2026.Jul to 2027.Jun
  Observations         12
 -----------------------------------------------------------------------------
               Jan      Feb      Mar      Apr      May      Jun 
               Jul      Aug      Sep      Oct      Nov      Dec         AVGE  
 -----------------------------------------------------------------------------
  2026                                                          
                 7.       2.      -2.      -5.      -3.      -4.           -1.
 
  2027         -10.      -8.      -3.       2.      11.      14.
                                                                            1.
 
        bps_permits 10500            PAGE  11, SERIES bps_permits_addi
  
 D 11  Final seasonally adjusted data
       (also adjusted for trading day)
  From  2004.Jan to 2026.Jun
  Observations        270
 -----------------------------------------------------------------------------
               Jan      Feb      Mar      Apr      May      Jun 
               Jul      Aug      Sep      Oct      Nov      Dec        TOTAL  
 -----------------------------------------------------------------------------
  2004          55.      52.      71.     179.      58.      52.
                76.      66.      59.      71.      77.      49.          863.
 
  2005          77.      71.      75.      57.      58.      63.
                58.      64.      61.      63.      55.      51.          755.
 
  2006          58.      56.      46.      55.      55.      48.
                50.      48.      50.      43.      39.      45.          593.
 
  2007          36.      40.      47.      71.      43.      36.
                39.      34.      64.      29.      25.      35.          498.
 
  2008          22.      20.      28.      24.      22.      25.
                21.      22.      19.      18.      21.      13.          254.
 
  2009          16.      18.      11.      12.      16.      18.
                13.      21.      19.      17.      22.      15.          198.
 
  2010          26.      17.      17.      15.      17.       7.
                65.      16.      11.      18.      13.      14.          233.
 
  2011          14.      18.      12.      19.      15.      12.
                17.      13.      12.      26.      17.      18.          192.
 
  2012          19.      12.      16.      20.      15.      17.
                20.      16.      23.      17.      15.      20.          210.
 
  2013          21.      22.      28.      21.      21.      21.
                18.      19.      19.      20.      20.      21.          252.
 
  2014          14.      18.      16.      11.      13.      13.
                10.      17.      19.      14.      22.      10.          178.
 
  2015          15.      19.      16.      16.      18.      21.
                17.      20.       7.      18.      23.      21.          210.
 
  2016          26.      14.      18.      15.      27.       8.
                11.       5.       3.      18.      16.      16.          178.
 
  2017           9.      12.      14.      14.      15.      -1.
                16.     250.       7.      18.      22.      24.          402.
 
  2018          17.      19.      20.      34.      14.      18.
                 9.       6.       4.      14.      11.      17.          182.
 
  2019          26.      31.      23.      28.      24.      14.
                13.       9.      31.      15.      23.      81.          318.
 
  2020           9.      61.       7.      20.      34.      26.
                35.      33.      59.      36.      37.      30.          385.
 
  2021          34.      33.      41.      27.      22.      27.
                24.      38.      29.      30.      33.      37.          373.
 
  2022          35.      21.      22.      19.      17.      23.
                17.      12.       9.      16.       9.       5.          205.
 
  2023          10.      15.       6.      16.      26.      14.
                17.      14.      10.      17.      15.      17.          175.
 
  2024          19.      17.      25.      23.      14.       9.
                12.      10.      19.       9.      19.      23.          200.
 
  2025          11.      22.      22.       9.      19.      19.
                14.      22.      17.      22.      23.      18.          219.
 
  2026          57.      21.      24.      18.      15.     213.
                                                                          347.
 
  AVGE          27.      27.      26.      31.      25.      31.
                26.      34.      25.      25.      25.      26.

  Table Total-        7421.   Mean-        27.   Std. Dev.-        26.
                              Min -        -1.        Max -       250.
        bps_permits 10500            PAGE  12, SERIES bps_permits_addi

 D 12  Final trend cycle
  From  2004.Jan to 2026.Jun
  Observations        270
  Trend filter    23-term Henderson moving average
  I/C ratio        3.71
 -----------------------------------------------------------------------------
               Jan      Feb      Mar      Apr      May      Jun 
               Jul      Aug      Sep      Oct      Nov      Dec        TOTAL  
 -----------------------------------------------------------------------------
  2004          72.      73.      73.      73.      74.      73.
                73.      73.      73.      72.      71.      70.          871.
 
  2005          70.      69.      67.      66.      65.      63.
                62.      60.      59.      58.      57.      56.          752.
 
  2006          55.      54.      53.      52.      51.      50.
                49.      47.      46.      45.      44.      43.          591.
 
  2007          43.      42.      42.      41.      40.      39.
                37.      35.      33.      31.      29.      28.          441.
 
  2008          26.      25.      24.      24.      23.      22.
                21.      21.      20.      18.      17.      16.          258.
 
  2009          16.      15.      15.      15.      15.      16.
                17.      17.      18.      18.      18.      19.          199.
 
  2010          18.      18.      18.      18.      18.      18.
                17.      17.      17.      16.      16.      15.          206.
 
  2011          15.      15.      15.      14.      15.      15.
                15.      15.      15.      15.      16.      16.          180.
 
  2012          16.      17.      17.      17.      17.      17.
                18.      18.      19.      19.      20.      20.          215.
 
  2013          21.      21.      21.      21.      21.      21.
                21.      20.      20.      19.      18.      18.          244.
 
  2014          17.      16.      15.      15.      14.      14.
                14.      14.      15.      15.      16.      16.          181.
 
  2015          17.      17.      17.      17.      17.      17.
                17.      18.      18.      19.      19.      19.          211.
 
  2016          19.      18.      17.      16.      15.      14.
                13.      12.      11.      10.      10.      11.          166.
 
  2017          13.      16.      21.      25.      30.      33.
                36.      37.      38.      36.      34.      31.          350.
 
  2018          27.      23.      20.      17.      15.      13.
                13.      12.      13.      14.      16.      17.          200.
 
  2019          19.      21.      21.      22.      21.      21.
                20.      20.      21.      21.      22.      24.          253.
 
  2020          25.      27.      28.      29.      30.      31.
                33.      34.      35.      35.      35.      35.          377.
 
  2021          34.      33.      31.      30.      30.      30.
                30.      30.      31.      31.      30.      30.          369.
 
  2022          29.      27.      25.      22.      20.      18.
                15.      14.      12.      11.      11.      10.          213.
 
  2023          11.      11.      12.      12.      13.      14.
                14.      15.      16.      16.      17.      17.          167.
 
  2024          18.      18.      17.      17.      16.      15.
                15.      15.      15.      15.      16.      16.          192.
 
  2025          17.      17.      17.      18.      18.      18.
                17.      17.      18.      19.      20.      23.          219.
 
  2026          27.      32.      36.      41.      46.      50.
                                                                          233.
 
  AVGE          27.      27.      27.      27.      27.      27.
                26.      26.      25.      25.      25.      25.

  Table Total-        7090.   Mean-        26.   Std. Dev.-        16.
                              Min -        10.        Max -        74.
        bps_permits 10500            PAGE  13, SERIES bps_permits_addi

 D 13  Final irregular component
  From  2004.Jan to 2026.Jun
  Observations        270
 -----------------------------------------------------------------------------
               Jan      Feb      Mar      Apr      May      Jun 
               Jul      Aug      Sep      Oct      Nov      Dec         S.D.  
 -----------------------------------------------------------------------------
  2004         -17.     -21.      -3.     105.     -16.     -22.
                 3.      -7.     -14.      -1.       5.     -21.           33.
 
  2005           8.       2.       8.      -9.      -6.       0.
                -4.       4.       2.       5.      -2.      -5.            5.
 
  2006           3.       2.      -7.       2.       4.      -2.
                 2.       0.       3.      -2.      -5.       2.            3.
 
  2007          -7.      -2.       5.      30.       3.      -3.
                 2.      -1.      30.      -3.      -5.       7.           13.
 
  2008          -4.      -6.       4.       1.      -1.       2.
                -1.       2.      -0.      -1.       3.      -3.            3.
 
  2009           0.       3.      -4.      -3.       1.       2.
                -4.       4.       1.      -1.       3.      -3.            3.
 
  2010           7.      -1.      -1.      -3.      -1.     -10.
                48.      -1.      -6.       1.      -3.      -2.           14.
 
  2011          -1.       3.      -3.       4.      -0.      -2.
                 2.      -2.      -3.      10.       1.       2.            4.
 
  2012           3.      -5.      -1.       3.      -2.      -1.
                 2.      -2.       4.      -2.      -5.       0.            3.
 
  2013           0.       1.       7.      -0.      -0.      -0.
                -3.      -1.      -1.       1.       2.       4.            2.
 
  2014          -3.       2.       0.      -3.      -1.      -1.
                -4.       3.       4.      -1.       6.      -6.            3.
 
  2015          -2.       3.      -1.      -0.       1.       4.
                -0.       2.     -11.      -1.       4.       1.            4.
 
  2016           7.      -4.       0.      -1.      12.      -6.
                -1.      -6.      -7.       8.       6.       5.            6.
 
  2017          -4.      -4.      -7.     -11.     -14.     -34.
               -20.     213.     -31.     -18.     -12.      -7.           64.
 
  2018         -10.      -4.       1.      17.      -0.       5.
                -4.      -6.      -9.       0.      -5.      -1.            7.
 
  2019           6.      10.       1.       6.       3.      -7.
                -8.     -11.      10.      -7.       1.      58.           18.
 
  2020         -17.      34.     -22.      -9.       3.      -6.
                 2.      -1.      24.       1.       2.      -5.           15.
 
  2021           0.       0.      10.      -3.      -8.      -3.
                -6.       7.      -2.      -1.       2.       7.            5.
 
  2022           6.      -5.      -2.      -3.      -3.       6.
                 2.      -2.      -3.       5.      -2.      -5.            4.
 
  2023          -1.       4.      -6.       4.      13.       0.
                 2.      -1.      -6.       0.      -2.      -0.            5.
 
  2024           1.      -1.       8.       7.      -2.      -6.
                -3.      -5.       4.      -6.       4.       7.            5.
 
  2025          -6.       5.       5.      -9.       1.       1.
                -3.       5.      -1.       3.       3.      -5.            5.
 
  2026          30.     -11.     -13.     -24.     -31.     162.
                                                                           69.
 
  S.D.           9.       9.       7.      24.       9.      35.
                11.      46.      12.       5.       4.      14.

  Table Total-         332.   Mean-         1.   Std. Dev.-        20.
                              Min -       -34.        Max -       213.
        bps_permits 10500            PAGE  14, SERIES bps_permits_addi
  
 D 16  Combined adjustment factors
       (includes seasonal, trading day factors)
  From  2004.Jan to 2026.Jun
  Observations        270
 -----------------------------------------------------------------------------
               Jan      Feb      Mar      Apr      May      Jun 
               Jul      Aug      Sep      Oct      Nov      Dec         AVGE  
 -----------------------------------------------------------------------------
  2004          -3.       3.      12.       4.       6.       4.
                -1.      -1.      -5.      -8.      -5.      -2.            1.
 
  2005          -7.       1.      13.       1.      10.       5.
                -5.       3.      -4.      -8.      -4.      -6.           -0.
 
  2006          -3.      -0.      13.      -4.      13.       5.
                -5.       4.      -6.      -5.      -4.     -10.           -0.
 
  2007           1.      -2.       7.      -0.      12.       2.
                -1.       5.      -8.      -2.      -4.     -10.            0.
 
  2008           2.       2.       2.       4.       6.       2.
                 3.      -2.       2.      -2.     -11.      -2.            1.
 
  2009          -2.      -4.       4.       4.       1.       7.
                 4.      -2.       2.      -5.      -6.      -2.            0.
 
  2010          -5.      -4.       7.       4.      -2.       7.
                 0.       1.       2.      -9.      -1.      -2.            0.
 
  2011          -4.      -4.       6.       0.       0.       7.
                -4.       5.       3.      -8.      -0.      -5.           -0.
 
  2012           0.       2.       2.      -0.       3.       2.
                -1.       6.      -5.       1.       1.      -8.            0.
 
  2013           4.      -4.      -2.       3.       3.      -2.
                 3.       3.      -1.       2.      -2.      -4.            0.
 
  2014           3.      -4.      -3.       2.      -1.       2.
                 3.       1.       3.       3.      -7.      -0.            0.
 
  2015          -2.      -4.       0.       2.      -6.       7.
                 4.       1.       4.      -1.      -5.      -1.           -0.
 
  2016          -7.       2.       3.      -1.      -3.       7.
                -3.       9.       7.      -5.      -4.      -4.            0.
 
  2017          -2.      -2.       3.      -3.       1.       6.
                -4.       7.       6.      -2.      -6.      -8.           -0.
 
  2018           2.      -1.       1.       1.      -0.       0.
                -1.       5.       6.      -0.      -8.      -7.           -0.
 
  2019           3.      -0.      -2.       5.      -0.      -5.
                 1.      -0.      11.      -1.     -11.      -2.           -0.
 
  2020           4.       2.       3.       5.      -8.       2.
                 0.      -5.      14.      -5.     -10.       2.            0.
 
  2021          -3.      -1.       8.       4.      -6.       2.
                -3.      -2.      11.      -8.      -4.       2.            0.
 
  2022          -5.      -2.       8.      -1.      -0.       4.
                -5.       3.       8.      -8.      -2.      -1.           -0.
 
  2023          -4.      -5.       6.      -5.       6.       7.
                -3.       4.       1.      -4.      -1.      -6.           -0.
 
  2024          -3.      -2.      -4.       4.       9.       3.
                 8.       1.      -2.      -0.      -4.      -3.            1.
 
  2025          -5.      -8.      -6.       4.       8.       9.
                10.      -3.       1.      -1.      -8.      -0.            0.
 
  2026         -10.      -9.      -3.       4.       6.      14.
                                                                            0.
 
  AVGE          -2.      -2.       3.       2.       2.       4.
                -0.       2.       2.      -3.      -5.      -4.

  Table Total-          19.   Mean-         0.   Std. Dev.-         5.
                              Min -       -11.        Max -        14.

 D 16.A  Combined adjustment component forecasts
  From  2026.Jul to 2027.Jun
  Observations         12
 -----------------------------------------------------------------------------
               Jan      Feb      Mar      Apr      May      Jun 
               Jul      Aug      Sep      Oct      Nov      Dec         AVGE  
 -----------------------------------------------------------------------------
  2026                                                          
                10.      -3.       1.      -6.      -4.      -1.           -0.
 
  2027         -15.      -9.       1.       4.       6.      16.
                                                                            0.
 
        bps_permits 10500            PAGE  15, SERIES bps_permits_addi
  
 D 18  Combined calendar adjustment factors
       (includes trading day factors)
  From  2004.Jan to 2026.Jun
  Observations        270
 -----------------------------------------------------------------------------
               Jan      Feb      Mar      Apr      May      Jun 
               Jul      Aug      Sep      Oct      Nov      Dec         AVGE  
 -----------------------------------------------------------------------------
  2004          -1.       0.       3.       2.      -4.       2.
                -1.      -1.       2.      -4.       2.       3.            0.
 
  2005          -4.      -1.       3.      -2.      -1.       2.
                -4.       3.       2.      -4.       2.      -1.           -0.
 
  2006          -1.      -1.       3.      -6.       3.       2.
                -4.       3.      -2.      -1.       2.      -4.           -0.
 
  2007           3.      -1.      -1.      -2.       3.      -2.
                -1.       3.      -6.       3.       2.      -4.            0.
 
  2008           3.       4.      -4.       2.      -1.      -2.
                 3.      -4.       2.       3.      -6.       3.            0.
 
  2009          -1.      -1.      -1.       2.      -4.       2.
                 3.      -4.       2.      -1.      -2.       3.            0.
 
  2010          -4.      -1.       3.       2.      -4.       2.
                -1.      -1.       2.      -4.       2.       3.            0.
 
  2011          -4.      -1.       3.      -2.      -1.       2.
                -4.       3.       2.      -4.       2.      -1.           -0.
 
  2012          -1.       4.      -1.      -2.       3.      -2.
                -1.       3.      -6.       3.       2.      -4.            0.
 
  2013           3.      -1.      -4.       2.       3.      -6.
                 3.      -1.      -2.       3.      -2.      -1.            0.
 
  2014           3.      -1.      -4.       2.      -1.      -2.
                 3.      -4.       2.       3.      -6.       3.            0.
 
  2015          -1.      -1.      -1.       2.      -4.       2.
                 3.      -4.       2.      -1.      -2.       3.            0.
 
  2016          -4.       4.       3.      -2.      -1.       2.
                -4.       3.       2.      -4.       2.      -1.            0.
 
  2017          -1.      -1.       3.      -6.       3.       2.
                -4.       3.      -2.      -1.       2.      -4.           -0.
 
  2018           3.      -1.      -1.      -2.       3.      -2.
                -1.       3.      -6.       3.       2.      -4.            0.
 
  2019           3.      -1.      -4.       2.       3.      -6.
                 3.      -1.      -2.       3.      -2.      -1.            0.
 
  2020           3.       0.      -1.       2.      -4.       2.
                 3.      -4.       2.      -1.      -2.       3.            0.
 
  2021          -4.      -1.       3.       2.      -4.       2.
                -1.      -1.       2.      -4.       2.       3.            0.
 
  2022          -4.      -1.       3.      -2.      -1.       2.
                -4.       3.       2.      -4.       2.      -1.           -0.
 
  2023          -1.      -1.       3.      -6.       3.       2.
                -4.       3.      -2.      -1.       2.      -4.           -0.
 
  2024           3.       4.      -4.       2.       3.      -6.
                 3.      -1.      -2.       3.      -2.      -1.            0.
 
  2025           3.      -1.      -4.       2.      -1.      -2.
                 3.      -4.       2.       3.      -6.       3.            0.
 
  2026          -1.      -1.      -1.       2.      -4.       2.
                                                                           -0.
 
  AVGE          -0.      -0.       0.       0.      -0.       0.
                -0.       0.       0.      -0.       0.      -0.

  Table Total-          -0.   Mean-        -0.   Std. Dev.-         3.
                              Min -        -6.        Max -         4.

 D 18.A  Combined calendar adjustment component forecasts
  From  2026.Jul to 2027.Jun
  Observations         12
 -----------------------------------------------------------------------------
               Jan      Feb      Mar      Apr      May      Jun 
               Jul      Aug      Sep      Oct      Nov      Dec         AVGE  
 -----------------------------------------------------------------------------
  2026                                                          
                 3.      -4.       2.      -1.      -2.       3.            0.
 
  2027          -4.      -1.       3.       2.      -4.       2.
                                                                           -0.
 
        bps_permits 10500            PAGE  16, SERIES bps_permits_addi

 E 4  Differences of annual totals
  From          2004 to 2025
  Observations         22
 -----------------------------------
  Year       Unmodified     Modified
                  (D11)         (E2)
 -----------------------------------
  2004               6.           6.
 
  2005              -3.          -3.
 
  2006              -2.          -2.
 
  2007               1.           1.
 
  2008               7.           7.
 
  2009               1.           1.
 
  2010               1.           1.
 
  2011              -3.          -3.
 
  2012               3.           3.
 
  2013               2.           2.
 
  2014               1.           1.
 
  2015              -0.          -0.
 
  2016               0.           0.
 
  2017              -6.          -6.
 
  2018              -1.          -1.
 
  2019              -1.          -1.
 
  2020               6.           6.
 
  2021               2.           2.
 
  2022              -1.          -1.
 
  2023              -2.          -2.
 
  2024               6.           6.
 
  2025               0.           0.
 
        bps_permits 10500            PAGE  17, SERIES bps_permits_addi

 E 5  Month-to-month differences in the original series
  From  2004.Feb to 2026.Jun
  Observations        269
 -----------------------------------------------------------------------------
               Jan      Feb      Mar      Apr      May      Jun 
               Jul      Aug      Sep      Oct      Nov      Dec         AVGE  
 -----------------------------------------------------------------------------
  2004                    3.      28.     100.    -119.      -8.
                19.     -10.     -11.       9.       9.     -25.           -0.
 
  2005          23.       2.      16.     -30.      10.       0.
               -15.      14.     -10.      -2.      -4.      -6.           -0.
 
  2006          10.       1.       3.      -8.      17.     -15.
                -8.       7.      -8.      -6.      -3.       0.           -1.
 
  2007           2.       1.      16.      17.     -16.     -17.
                 0.       1.      17.     -29.      -6.       4.           -1.
 
  2008          -1.      -2.       8.      -2.       0.      -1.
                -3.      -4.       1.      -5.      -6.       1.           -1.
 
  2009           3.       0.       1.       1.       1.       8.
                -8.       2.       2.      -9.       4.      -3.            0.
 
  2010           8.      -8.      11.      -5.      -4.      -1.
                51.     -48.      -4.      -4.       3.       0.           -0.
 
  2011          -2.       4.       4.       1.      -4.       4.
                -6.       5.      -3.       3.      -1.      -4.            0.
 
  2012           6.      -5.       4.       2.      -2.       1.
                 0.       3.      -4.       0.      -2.      -4.           -0.
 
  2013          13.      -7.       8.      -2.       0.      -5.
                 2.       1.      -4.       4.      -4.      -1.            0.
 
  2014           0.      -3.      -1.       0.      -1.       3.
                -2.       5.       4.      -5.      -2.      -5.           -1.
 
  2015           3.       2.       1.       2.      -6.      16.
                -7.       0.     -10.       6.       1.       2.            1.
 
  2016          -1.      -3.       5.      -7.      10.      -9.
                -7.       6.      -4.       3.      -1.       0.           -1.
 
  2017          -5.       3.       7.      -6.       5.     -11.
                 7.     245.    -244.       3.       0.       0.            0.
 
  2018           3.      -1.       3.      14.     -21.       4.
               -10.       3.      -1.       4.     -11.       7.           -0.
 
  2019          19.       2.     -10.      12.      -9.     -15.
                 5.      -5.      33.     -28.      -2.      67.            6.
 
  2020         -66.      50.     -53.      15.       1.       2.
                 7.      -7.      45.     -42.      -4.       5.           -4.
 
  2021          -1.       1.      17.     -18.     -15.      13.
                -8.      15.       4.     -18.       7.      10.            1.
 
  2022          -9.     -11.      11.     -12.      -1.      10.
               -15.       3.       2.      -9.      -1.      -3.           -3.
 
  2023           2.       4.       2.      -1.      21.     -11.
                -7.       4.      -7.       2.       1.      -3.            1.
 
  2024           5.      -1.       6.       6.      -4.     -11.
                 8.      -9.       6.      -8.       6.       5.            1.
 
  2025         -14.       8.       2.      -3.      14.       1.
                -4.      -5.      -1.       3.      -6.       3.           -0.
 
  2026          29.     -35.       9.       1.      -1.     206.
                                                                           35.
 
  AVGE           1.       0.       4.       3.      -5.       7.
                -0.      10.      -9.      -6.      -1.       2.

  Table Total-         175.   Mean-         1.   Std. Dev.-        29.
                              Min -      -244.        Max -       245.
        bps_permits 10500            PAGE  18, SERIES bps_permits_addi

 E 6  Month-to-month differences in seasonally adjusted series (D11)
  From  2004.Feb to 2026.Jun
  Observations        269
 -----------------------------------------------------------------------------
               Jan      Feb      Mar      Apr      May      Jun 
               Jul      Aug      Sep      Oct      Nov      Dec         AVGE  
 -----------------------------------------------------------------------------
  2004                   -3.      19.     108.    -121.      -6.
                25.     -10.      -8.      12.       6.     -27.           -0.
 
  2005          28.      -6.       4.     -18.       1.       5.
                -5.       6.      -3.       2.      -8.      -4.            0.
 
  2006           7.      -2.     -10.       8.       1.      -7.
                 2.      -2.       2.      -7.      -4.       6.           -1.
 
  2007          -9.       4.       7.      25.     -28.      -7.
                 3.      -5.      30.     -35.      -4.      10.           -1.
 
  2008         -13.      -3.       8.      -4.      -3.       3.
                -4.       1.      -3.      -1.       3.      -7.           -2.
 
  2009           3.       2.      -7.       1.       5.       2.
                -5.       8.      -3.      -1.       4.      -7.            0.
 
  2010          10.      -9.       0.      -2.       2.     -10.
                58.     -49.      -5.       7.      -5.       1.           -0.
 
  2011          -0.       4.      -6.       7.      -4.      -2.
                 5.      -4.      -1.      14.      -9.       1.            0.
 
  2012           0.      -7.       4.       4.      -5.       2.
                 3.      -3.       7.      -6.      -2.       5.            0.
 
  2013           1.       0.       6.      -7.      -0.      -0.
                -3.       1.      -0.       1.       0.       1.            0.
 
  2014          -7.       4.      -2.      -4.       2.      -1.
                -3.       8.       2.      -5.       7.     -11.           -1.
 
  2015           5.       4.      -4.       1.       1.       3.
                -4.       2.     -13.      11.       5.      -2.            1.
 
  2016           5.     -11.       4.      -3.      12.     -19.
                 3.      -6.      -2.      15.      -2.       0.           -0.
 
  2017          -7.       3.       1.       0.       1.     -16.
                16.     235.    -244.      12.       4.       1.            1.
 
  2018          -7.       2.       2.      13.     -19.       4.
                -9.      -3.      -2.      10.      -3.       6.           -1.
 
  2019           9.       5.      -9.       5.      -3.     -10.
                -1.      -3.      21.     -16.       9.      58.            5.
 
  2020         -73.      52.     -54.      14.      13.      -8.
                 9.      -2.      26.     -23.       1.      -7.           -4.
 
  2021           4.      -1.       9.     -14.      -5.       5.
                -3.      14.      -9.       1.       3.       4.            1.
 
  2022          -2.     -13.       1.      -3.      -2.       6.
                -6.      -6.      -3.       7.      -7.      -3.           -3.
 
  2023           4.       6.      -9.      10.      10.     -12.
                 3.      -3.      -4.       7.      -2.       2.            1.
 
  2024           1.      -2.       8.      -2.     -10.      -5.
                 3.      -2.       8.      -9.      10.       4.            1.
 
  2025         -13.      12.      -0.     -13.      10.       0.
                -5.       8.      -5.       5.       1.      -5.           -0.
 
  2026          39.     -36.       3.      -6.      -2.     197.
                                                                           32.
 
  AVGE          -1.       0.      -1.       5.      -6.       5.
                 4.       8.      -9.       0.       0.       1.

  Table Total-         158.   Mean-         1.   Std. Dev.-        29.
                              Min -      -244.        Max -       235.
        bps_permits 10500            PAGE  19, SERIES bps_permits_addi

 E 7  Month-to-month differences in final trend cycle (D12)
  From  2004.Feb to 2026.Jun
  Observations        269
 -----------------------------------------------------------------------------
               Jan      Feb      Mar      Apr      May      Jun 
               Jul      Aug      Sep      Oct      Nov      Dec         AVGE  
 -----------------------------------------------------------------------------
  2004                    0.       1.       0.       0.      -0.
                -0.      -0.      -0.      -1.      -1.      -1.           -0.
 
  2005          -1.      -1.      -1.      -1.      -1.      -2.
                -2.      -1.      -1.      -1.      -1.      -1.           -1.
 
  2006          -1.      -1.      -1.      -1.      -1.      -1.
                -1.      -1.      -1.      -1.      -1.      -1.           -1.
 
  2007          -1.      -1.      -1.      -1.      -1.      -1.
                -2.      -2.      -2.      -2.      -2.      -2.           -1.
 
  2008          -1.      -1.      -1.      -1.      -1.      -1.
                -1.      -1.      -1.      -1.      -1.      -1.           -1.
 
  2009          -1.      -1.      -0.       0.       0.       1.
                 1.       1.       1.       0.       0.       0.            0.
 
  2010          -0.      -0.      -0.      -0.      -0.      -0.
                -0.      -0.      -0.      -0.      -0.      -0.           -0.
 
  2011          -0.      -0.      -0.      -0.       0.       0.
                 0.       0.       0.       0.       0.       0.            0.
 
  2012           0.       0.       0.       0.       0.       0.
                 0.       0.       1.       1.       1.       1.            0.
 
  2013           0.       0.       0.       0.      -0.      -0.
                -0.      -0.      -1.      -1.      -1.      -1.           -0.
 
  2014          -1.      -1.      -1.      -1.      -0.      -0.
                 0.       0.       0.       0.       1.       0.           -0.
 
  2015           0.       0.       0.       0.       0.       0.
                 0.       0.       0.       0.       0.       0.            0.
 
  2016          -0.      -1.      -1.      -1.      -1.      -1.
                -1.      -1.      -1.      -1.       0.       1.           -1.
 
  2017           2.       3.       4.       5.       4.       4.
                 3.       1.       0.      -1.      -2.      -3.            2.
 
  2018          -4.      -4.      -4.      -3.      -2.      -1.
                -1.      -0.       1.       1.       2.       2.           -1.
 
  2019           2.       1.       1.       0.      -0.      -0.
                -0.      -0.       0.       1.       1.       1.            1.
 
  2020           1.       1.       1.       1.       1.       1.
                 1.       1.       1.       0.       0.      -0.            1.
 
  2021          -1.      -1.      -1.      -1.      -1.      -0.
                 0.       0.       0.       0.      -0.      -1.           -0.
 
  2022          -1.      -2.      -2.      -2.      -2.      -2.
                -2.      -2.      -1.      -1.      -1.      -0.           -2.
 
  2023           0.       0.       1.       1.       1.       1.
                 1.       1.       1.       1.       1.       0.            1.
 
  2024           0.      -0.      -0.      -1.      -1.      -1.
                -1.      -0.       0.       0.       1.       1.           -0.
 
  2025           1.       0.       0.       0.       0.      -0.
                -0.      -0.       0.       1.       2.       3.            1.
 
  2026           4.       5.       5.       5.       5.       4.
                                                                            5.
 
  AVGE          -0.       0.       0.       0.      -0.      -0.
                -0.      -0.      -0.      -0.      -0.      -0.

  Table Total-         -22.   Mean-        -0.   Std. Dev.-         1.
                              Min -        -4.        Max -         5.
        bps_permits 10500            PAGE  20, SERIES bps_permits_addi

 E 8  Month-to-month differences in original series adjusted for calendar factors (A18)
  From  2004.Feb to 2026.Jun
  Observations        269
 -----------------------------------------------------------------------------
               Jan      Feb      Mar      Apr      May      Jun 
               Jul      Aug      Sep      Oct      Nov      Dec         AVGE  
 -----------------------------------------------------------------------------
  2004                    2.      25.     101.    -112.     -15.
                22.     -10.     -14.      16.       2.     -26.           -1.
 
  2005          31.      -1.      12.     -25.       9.      -3.
                -8.       6.      -9.       5.     -11.      -3.            0.
 
  2006          10.       2.      -1.       1.       8.     -14.
                -1.      -1.      -3.      -7.      -6.       7.           -1.
 
  2007          -6.       5.      15.      18.     -21.     -12.
                -1.      -3.      26.     -38.      -5.      11.           -1.
 
  2008          -9.      -3.      17.      -9.       3.       0.
                -8.       4.      -6.      -6.       3.      -8.           -2.
 
  2009           7.       1.       0.      -2.       8.       1.
                -9.      10.      -5.      -6.       5.      -8.            0.
 
  2010          16.     -11.       7.      -4.       3.      -8.
                54.     -48.      -7.       3.      -4.      -1.           -0.
 
  2011           6.       1.      -0.       6.      -5.       1.
                 1.      -3.      -2.      10.      -8.      -1.            0.
 
  2012           6.     -10.       9.       3.      -7.       6.
                -1.      -1.       5.      -9.      -1.       3.            0.
 
  2013           5.      -3.      11.      -9.      -1.       4.
                -7.       5.      -3.      -1.       1.      -2.            0.
 
  2014          -4.       1.       2.      -7.       2.       4.
                -7.      13.      -3.      -6.       7.     -14.           -1.
 
  2015           7.       3.       0.      -1.       1.       9.
                -8.       8.     -17.       9.       2.      -3.            1.
 
  2016           7.     -12.       6.      -2.       9.     -12.
                -0.      -2.      -3.      10.      -8.       3.           -0.
 
  2017          -5.       4.       3.       3.      -4.     -10.
                14.     237.    -239.       2.      -3.       7.            1.
 
  2018          -5.       3.       2.      15.     -26.       9.
               -11.      -1.       8.      -5.     -10.      14.           -0.
 
  2019          11.       6.      -7.       5.     -10.      -6.
                -4.      -1.      34.     -33.       3.      66.            5.
 
  2020         -70.      53.     -52.      12.       8.      -5.
                 6.       1.      38.     -39.      -3.       0.           -4.
 
  2021           7.      -2.      13.     -17.      -8.       6.
                -5.      15.       1.     -11.       0.       9.            1.
 
  2022          -1.     -14.       7.      -7.      -2.       7.
                -8.      -5.       3.      -2.      -8.      -0.           -3.
 
  2023           2.       5.      -2.       8.      12.     -10.
                -0.      -4.      -2.       1.      -2.       4.            1.
 
  2024          -3.      -2.      15.      -1.      -5.      -2.
                -1.      -5.       7.     -13.      11.       4.            0.
 
  2025         -18.      12.       5.     -10.      17.       2.
                -9.       3.      -8.       2.       3.      -6.           -0.
 
  2026          33.     -34.       8.      -2.       6.     199.
                                                                           35.
 
  AVGE           1.       0.       4.       3.      -5.       7.
                 0.      10.      -9.      -6.      -1.       2.

  Table Total-         172.   Mean-         1.   Std. Dev.-        29.
                              Min -      -239.        Max -       237.
        bps_permits 10500            PAGE  21, SERIES bps_permits_addi

 E 18  Final adjustment ratios
  From  2004.Jan to 2026.Jun
  Observations        270
 -----------------------------------------------------------------------------
               Jan      Feb      Mar      Apr      May      Jun 
               Jul      Aug      Sep      Oct      Nov      Dec         AVGE  
 -----------------------------------------------------------------------------
  2004       94.803  106.703  117.554  102.418  110.449  108.458
             98.347   98.235   92.259   89.118   93.882   95.161       100.615
 
  2005       90.842  101.460  116.746  100.976  116.430  107.164
             91.341  104.774   93.840   87.268   92.081   88.150        99.256
 
  2006       94.713   99.431  126.915   93.201  122.914  110.256
             89.582  108.684   88.686   88.794   89.399   78.014        99.216
 
  2007      103.215   95.468  116.053   99.933  126.899  104.981
             96.915  114.738   88.171   94.554   85.295   71.558        99.815
 
  2008      107.141  112.409  107.806  115.409  129.042  109.749
            114.632   90.310  108.865   89.926   48.601   84.021       101.493
 
  2009       89.223   78.677  139.889  136.516  103.296  137.644
            128.704   88.813  112.143   68.884   73.680   86.063       103.628
 
  2010       82.126   76.847  141.845  129.249   90.536  199.588
            100.051  108.317  123.655   51.403   93.036   86.624       106.940
 
  2011       73.292   78.400  154.543  101.067  103.345  154.167
             76.150  139.958  125.686   70.131   99.097   70.720       103.880
 
  2012      100.765  116.241  113.585   98.917  121.255  114.149
             96.527  135.373   78.715  105.286  105.433   58.658       103.742
 
  2013      117.205   82.553   92.881  113.286  114.080   91.070
            115.751  114.141   93.532  110.092   88.715   80.209       101.126
 
  2014      120.570   77.985   82.695  113.340   89.707  118.431
            132.738  103.072  115.642  118.964   69.173   97.980       103.358
 
  2015       87.030   77.704  101.876  109.373   67.385  131.414
            122.178  106.865  163.719   96.168   78.829   97.393       103.328
 
  2016       74.478  113.148  118.800   93.133   88.832  183.670
             69.892  263.889  318.717   71.137   75.657   74.407       128.813
 
  2017       74.403   80.437  122.698   77.801  104.906 -837.670
             76.132  102.623  195.254   86.992   71.830   67.861        18.606
 
  2018      113.674   95.842  102.888  104.008   98.577  100.728
             88.945  183.057  249.857   98.347   27.713   60.366       110.334
 
  2019      113.158   99.979   93.327  119.047   98.217   64.108
            110.500   94.882  135.842   94.893   51.484   97.151        97.716
 
  2020      151.029  103.246  152.856  122.081   76.976  108.205
            101.051   84.833  123.916   86.628   73.452  107.454       107.644
 
  2021       91.298   97.687  118.450  113.207   72.870  108.584
             87.566   95.758  139.872   73.445   89.150  106.834        99.560
 
  2022       86.604   88.834  133.396   92.890   97.905  117.263
             69.454  130.415  197.268   51.175   80.109   74.164       101.623
 
  2023       62.536   65.389  196.014   69.133  123.729  153.058
             84.795  130.996  110.403   78.329   94.420   63.516       102.693
 
  2024       85.486   90.269   83.822  115.035  167.125  129.828
            161.402  108.742   91.820   98.092   77.541   85.446       107.884
 
  2025       55.553   62.231   72.591  149.967  142.704  147.812
            169.085   86.259  106.177   95.209   64.667   97.491       104.146
 
  2026       82.212   57.393   88.116  124.756  136.720  106.819
                                                                        99.336
 
  AVGE       93.537   89.493  117.189  108.467  108.865   81.282
            103.715  117.942  134.274   86.583   78.329   83.147

  Table Total-       27061.   Mean-       100.   Std. Dev.-        66.
                              Min -      -838.        Max -       319.

 E 18.A  Final adjustment ratio forecasts
  From  2026.Jul to 2027.Jun
  Observations         12
 -----------------------------------------------------------------------------
               Jan      Feb      Mar      Apr      May      Jun 
               Jul      Aug      Sep      Oct      Nov      Dec         AVGE  
 -----------------------------------------------------------------------------
  2026                                                          
            124.882   94.271  101.363   89.493   91.816   98.934       100.126
 
  2027       75.316   83.696  101.405  108.694  116.674  144.077
                                                                       104.977
 
        bps_permits 10500            PAGE  22, SERIES bps_permits_addi

 F 4.  Additive Day of the Week Trading Day Component Factors


      Day of Week Component for regARIMA Trading Day Factors:

                                       months starting on:
                     Mon      Tue      Wed      Thu      Fri      Sat      Sun
 31-day months         3.       3.       3.      -1.      -4.      -4.      -1.
 30-day months         2.       2.       2.       2.      -2.      -6.      -2.
 Leap year Feb.        1. ********       1.       1.       1.      -3.      -3.

  QS statistic for seasonality:
  Original Series                                     0.04  (P-Value =     0.9804)
  Original Series (EV adj)                            0.00  (P-Value =     1.0000)
  Residuals                                           0.15  (P-Value =     0.9275)
  Seasonally Adjusted Series                          0.00  (P-Value =     1.0000)
  Seasonally Adjusted Series (EV adj)                 0.00  (P-Value =     1.0000)
  Irregular Series                                    0.00  (P-Value =     1.0000)
  Irregular Series (EV adj)                           0.00  (P-Value =     1.0000)

  QS statistic for seasonality (starting 2018.Jul):
  Original Series                                     0.15  (P-Value =     0.9273)
  Original Series (EV adj)                            0.11  (P-Value =     0.9472)
  Residuals                                           0.54  (P-Value =     0.7622)
  Seasonally Adjusted Series                          0.00  (P-Value =     1.0000)
  Seasonally Adjusted Series (EV adj)                 0.00  (P-Value =     1.0000)
  Irregular Series                                    0.00  (P-Value =     1.0000)
  Irregular Series (EV adj)                           0.00  (P-Value =     1.0000)


 WARNING: Series should not be a candidate for seasonal adjustment
          because the spectrum of the prior adjusted series (Table B1)
          has no visually significant seasonal peaks.

          If this is a component series of an indirectly adjusted
          composite series, consider using type = trend or type = summary
          in the x11 spec.
        bps_permits 10500            PAGE  23, SERIES bps_permits_addi
 G 0  10*LOG(SPECTRUM) of the differenced Prior Adjusted Series
      (Table B1).  Spectrum estimated from 2018.Jul to 2026.Jun.
 ++++++++++I+++++++++++++++++++++++++++++++++++++++++++++++++++++++++++++I
      32.71I                                                    T        I     32.71
           I                                                    T        I
           I                                             *      T*       I
           I                                             *      T*       I
      32.02I                                             *  *   T*       I     32.02
           I                                             ** *   T*       I
           I                                             ** **  T*       I
           I                                             *****  T*       I
      31.34I                                             *****  T*       I     31.34
           I                                             ***** *T*       I
           I                                       *     ***** *T*       I
           I                                       *S    *****S*T*       I
      30.65I                                       *S    *****S*T*       I     30.65
           I                                       *S    *****S*T*       I
           I                                       *S    *****S*T*       I
           I                                       *S   ******S*T*       I
      29.96I                                       *S   ******S*T*       I     29.96
           I                                       *S   ******S*T*       I
           I                                       *S   ******S*T**      I
           I                                       *S   ******S*T**      I
      29.28I                                       *S   ******S*T**      I     29.28
           I                                       *S   ******S*T**      I
           I                                       *S   ******S*T**      I
           I                                       *S*  ******S*T**      I
      28.59I                  *                   **S*  ******S*T****    I     28.59
           I                  *                   **S*  ******S*T****    I
           I                  **           *      **S*  ******S*T****    I
           I                  **           *      **S*  ******S*T****    I
      27.91I                 ***           *      **S*  ******S*T*****   I     27.91
           I                 ***           *      **S*  ******S*T*****   I
           I                 ***          S*      **S*  ******S*T*****   I
           I                 ***S *       S*      **S* *******S*T*****   I
      27.22I                 ***S***  *   S*      **S* *******S*T*****   I     27.22
           I        *       ****S***  **  S*     ***S*T*******S*T*****   I
           I        **    ******S*******  S*     ***S*T*******S*T*****   I
           I        **   *******S*******  S*     ***S*T*******S*T*****   I
      26.53I  *     **   *******S*******  S*     ***S*T*******S*T*****   I     26.53
           I ***   ***   *******S******* *S**    ***S*T*******S*T*****   I
           I****   ***S ********S*********S**    ***S*T*******S*T*****   I
           I*****  ***S*********S*********S**    ***S*T*******S*T******  I
      25.85I***** ****S*********S*********S**    ***S*T*******S*T******  I     25.85
           I**********S*********S*********S**   ****S*T*******S*T******  I
           I**********S*********S*********S**   ****S*T*******S*T******  I
           I**********S*********S*********S**   ****S*T*******S*T******  I
      25.16I**********S*********S*********S**   ****S*T*******S*T******  I     25.16
           I**********S*********S*********S**   ****S*T*******S*T******  I
           I**********S*********S*********S**   ****S*T*******S*T******  I
           I**********S*********S*********S**   ****S*T*******S*T******  I
      24.48I**********S*********S*********S***  ****S*T*******S*T******  I     24.48
           I**********S*********S*********S*** *****S*T*******S*T******* I
           I**********S*********S*********S*** *****S*T*******S*T******* I
           I**********S*********S*********S*** *****S*T*******S*T******* I
      23.79I**********S*********S*********S*********S*T*******S*T*******SI     23.79
 ++++++++++I+++++++++++++++++++++++++++++++++++++++++++++++++++++++++++++I
            S=SEASONAL FREQUENCIES, T=TRADING DAY FREQUENCIES
        bps_permits 10500            PAGE  24, SERIES bps_permits_addi
 G 1  10*LOG(SPECTRUM) of the differenced seasonally adjusted 
      data (Table E2).  Spectrum estimated from 2018.Jul to 2026.Jun.
 ++++++++++I+++++++++++++++++++++++++++++++++++++++++++++++++++++++++++++I
      26.61I                                                     *       I     26.61
           I                                                     *       I
           I                                                     *       I
           I                                                     *       I
      25.24I                                                     *       I     25.24
           I                                                     *       I
           I                                              *     T*       I
           I                                      *       *     T*       I
      23.87I                                      *       *     T*       I     23.87
           I                                      *     * **    T*       I
           I                                      *     * **    T*       I
           I                                      *     * **    T*       I
      22.51I                                      *     * **    T*       I     22.51
           I                                      *     ****    T*       I
           I                                      *     ****   *T*       I
           I                                 *    *    *****   *T*       I
      21.14I                                 *    *    *****  S*T*       I     21.14
           I                                 *    *    ****** S*T*       I
           I                                 *    *    *******S*T*       I
           I                                 *    *    *******S*T*       I
      19.78I                       *         **   *    *******S*T*       I     19.78
           I                       *         **   *    *******S*T*   *   I
           I                       *         **  **    *******S*T*   *   I
           I             *         *         **  **    *******S*T*   **  I
      18.41I             **       **         **  **    *******S*T*   **  I     18.41
           I             **       **         **  **    *******S*T*   **  I
           I             **       **        ***  **    *******S*T**  **  I
           I       *     **       **        ***  **    *******S*T**  **  I
      17.04I       *     **       **        ***  **    *******S*T**  **  I     17.04
           I       *     **       ***       ***  **    *******S*T**  **  I
           I       *     **       ***      ****  **    *******S*T**  **  I
           I       *     **       *****    ****  **    *******S*T**  **  I
      15.68I       *     **       *****    ***** ***   *******S*T**  **  I     15.68
           I       *     **       *****   S*********  T*******S*T** ***  I
           I       *    ***       *****   S*********  T*******S*T** ***  I
           I       *    ****      ******  S*********  T*******S*T******  I
      14.31I       *    ****      ******  S*********  T*******S*T******  I     14.31
           I       *    ****      ****** *S*********  T*******S*T******  I
           I  *   **    ****      ********S*********  T*******S*T******* I
           I  *   ***   ****      ********S*********  T*******S*T******* I
      12.95I  *   ***   ****      ********S*********  T*******S*T******* I     12.95
           I  *   ***   ****     *********S*********S*T*******S*T******* I
           I  *   ***  *****     *********S*********S*T*******S*T******* I
           I ***  ***  *****     *********S*********S*T*******S*T*******SI
      11.58I ***  ***  ******    *********S*********S*T*******S*T*******SI     11.58
           I ***  ***  ******    *********S*********S*T*******S*T*******SI
           I ***  **** ******    *********S*********S*T*******S*T*******SI
           I****  ****S******    *********S*********S*T*******S*T*******SI
      10.21I**** *****S******    *********S*********S*T*******S*T*******SI     10.21
           I**********S*******  S*********S*********S*T*******S*T*******SI
           I**********S*******  S*********S*********S*T*******S*T*******SI
           I**********S*******  S*********S*********S*T*******S*T*******SI
       8.85I**********S*********S*********S*********S*T*******S*T*******SI      8.85
 ++++++++++I+++++++++++++++++++++++++++++++++++++++++++++++++++++++++++++I
            S=SEASONAL FREQUENCIES, T=TRADING DAY FREQUENCIES
        bps_permits 10500            PAGE  25, SERIES bps_permits_addi
 G 2  10*LOG(SPECTRUM) of the Modified Irregular (Table E3).  
      Spectrum estimated from 2018.Jul to 2026.Jun.
 ++++++++++I+++++++++++++++++++++++++++++++++++++++++++++++++++++++++++++I
      22.38I             *                                               I     22.38
           I             *                                               I
           I             *                                               I
           I             *                                               I
      21.19I             *                                               I     21.19
           I             *                                               I
           I       *     *                                               I
           I       *     **                                              I
      20.00I       *     **                                      *       I     20.00
           I       *     **                                      *       I
           I      **     **                                      *       I
           I      **    ***                                     T*       I
      18.80I      **    ***       *               *             T*       I     18.80
           I      **    ***       *               *     *       T*       I
           I      **    ***       *          *    *     * **    T*       I
           I      **    ***       *          *    *     * **    T*       I
      17.61I      **    ***       *          *    *     * **    T*       I     17.61
           I      **    ***       **         *    *     ****    T*       I
           I      **    ***       **         *    *     ****    T*       I
           I      ***   ****      **         *    *     ****    T*       I
      16.42I      ***   ****      **         *    *     ****    T*       I     16.42
           I      ***  *****      **         *    *    ******   T*       I
           I      ***  *****      **         *    *    ******   T*       I
           I      ***  *****      ****       *   **    ******   T*       I
      15.22I      ***  *****      ****       **  **    ******  *T*       I     15.22
           I     ****  *****      ****       **  **    ******* *T*       I
           I     *****S*****      ****       **  **    ******* *T*       I
           I     *****S*****      ****       **  **    *******S*T*       I
      14.03I     *****S*****      ****      ***  **    *******S*T*       I     14.03
           I     *****S*****      ****      ***  **    *******S*T*   *   I
           I     *****S******     *****     ***  **    *******S*T*   *   I
           I   *******S******     *****     ***  **    *******S*T*   *   I
      12.84I  ********S******     *****   S ***  **    *******S*T*   *   I     12.84
           I  ********S******    ******   S****  **    *******S*T*   **  I
           I  ********S******    ******  *S****  **    *******S*T*   **  I
           I *********S******    ******  *S****  **    *******S*T**  **  I
      11.64I**********S******    ******  *S****  **    *******S*T**  **  I     11.64
           I**********S******    ******* *S*********   *******S*T**  **  I
           I**********S******    *********S*********  T*******S*T**  **  I
           I**********S******    *********S*********  T*******S*T**  **  I
      10.45I**********S******    *********S*********  T*******S*T**  **  I     10.45
           I**********S*******   *********S*********  T*******S*T** ***  I
           I**********S*******   *********S*********  T*******S*T** ***  I
           I**********S*******   *********S*********  T*******S*T******  I
       9.26I**********S*******   *********S*********  T*******S*T******  I      9.26
           I**********S*******   *********S*********  T*******S*T******  I
           I**********S*******  S*********S*********S*T*******S*T******  I
           I**********S*******  S*********S*********S*T*******S*T******  I
       8.06I**********S******** S*********S*********S*T*******S*T******* I      8.06
           I**********S******** S*********S*********S*T*******S*T******* I
           I**********S*********S*********S*********S*T*******S*T******* I
           I**********S*********S*********S*********S*T*******S*T******* I
       6.87I**********S*********S*********S*********S*T*******S*T*******SI      6.87
 ++++++++++I+++++++++++++++++++++++++++++++++++++++++++++++++++++++++++++I
            S=SEASONAL FREQUENCIES, T=TRADING DAY FREQUENCIES
        bps_permits 10500            PAGE  26, SERIES bps_permits_addi

  Peak probabilities for Tukey spectrum estimator
  Spectrum estimated from 2018.Jul to 2026.Jun.

                                          S1       S2       S3       S4       S5       S6       TD
                                        ------   ------   ------   ------   ------   ------   ------
  Model Residuals                        0.591    0.714    0.303    0.309    0.239    0.625    0.571  
  Prior Adjusted Series (Table B1)       0.333    0.526    0.629    0.772    0.446    0.384    0.184  
  Seasonally adjusted series (E2)        0.111    0.407    0.613    0.035    0.169    0.172    0.493  
  Modified Irregular (E3)                0.187    0.396    0.668    0.036    0.163    0.159    0.516  
  ----------
     ** - Peak Probability > 0.99,
      * - 0.90 < Peak Probability < 0.99


