  Reading input spec file from D:\Programming\Dynamic Paper-dlrhcs_replication\outputs\empirical\unemployment\raw_sa_pilot\x13_work\bps_permits_additive_level_11020_200401_202606.spc

1

               U. S. Department of Commerce, U. S. Census Bureau

              X-13ARIMA-SEATS monthly seasonal adjustment Method,
                          Release Version 1.1 Build 62


           This software application provides an enhanced version of
             Statistics Canada's X-11-ARIMA extension (Dagum, 1980)
                 of the X-11 variant of the Census Method II of
                      Shiskin, Young and Musgrave (1967).

            It also provides an ARIMA model-based method following
       Hillmer and Tiao (1982) and Burman (1980) that is very similar
       to the update of the method of SEATS (Gomez and Maravall, 1996)
                produced at the Bank of Spain by G. Caporello and
               A. Maravall for TSW (Caporello and Maravall, 2004).
          The present application includes additional enhancements.

         X-13ARIMA-SEATS includes an automatic ARIMA model selection procedure
          based largely on the procedure of Gomez and Maravall (1998)
            as implemented in TRAMO (1996) and subsequent revisions.

              Primary Programmers: Brian Monsell, Mark Otto and,
                 for the ARIMA model-based signal extraction,
                      Gianluca Caporello and Victor Gomez


     Series Title- bps_permits 11020
     Series Name- bps_permits_addi
     Jul 29, 2026  08.22.29 

        -Period covered-  1st month,2004 to  6th month,2026
        -Type of run - additive seasonal adjustment

        -Sigma limits for graduating extreme values are  1.5 and  2.5 .
        -3x3 moving average used in section 1 of each iteration, 
         3x5 moving average in section 2 of iterations B and C,
         moving average for final seasonal factors chosen by Global MSR.
        -Holiday adjustment factors applied directly to the final seasonally adjusted series
        -Spectral plots generated for selected series
        -Spectral plots generated for series starting in 2018.Jul

 FILE SAVE REQUESTS (* indicates file exists and will be overwritten)
  D:\Programming\Dynamic Paper-dlrhcs_replication\outputs\empirical\unemployment\raw_sa_pilot\x13_work\bps_permits_additive_level_11020_200401_202606.d10  final seasonal factors
  D:\Programming\Dynamic Paper-dlrhcs_replication\outputs\empirical\unemployment\raw_sa_pilot\x13_work\bps_permits_additive_level_11020_200401_202606.d11  final seasonally adjusted data
  D:\Programming\Dynamic Paper-dlrhcs_replication\outputs\empirical\unemployment\raw_sa_pilot\x13_work\bps_permits_additive_level_11020_200401_202606.out  program output file
  D:\Programming\Dynamic Paper-dlrhcs_replication\outputs\empirical\unemployment\raw_sa_pilot\x13_work\bps_permits_additive_level_11020_200401_202606.err  program error file
        bps_permits 11020            PAGE   1, SERIES bps_permits_addi

     Contents of spc file D:\Programming\Dynamic Paper-dlrhcs_replication\outputs\empirical\unemployment\raw_sa_pilot\x13_work\bps_permits_additive_level_11020_200401_202606.spc

 Line #
 ------
      1: series {
      2:   title = "bps_permits 11020"
      3:   start = 2004.1
      4:   period = 12
      5:   data = (
      6: 1
      7: 1
      8: 17
      9: 29
     10: 18
     11: 7
     12: 3
     13: 22
     14: 2
     15: 3
     16: 2
     17: 5
     18: 0
     19: 1
     20: 1
     21: 0
     22: 0
     23: 2
     24: 1
     25: 3
     26: 2
     27: 2
     28: 3
     29: 4
     30: 2
     31: 2
     32: 0
     33: 0
     34: 2
     35: 2
     36: 1
     37: 2
     38: 0
     39: 1
     40: 0
     41: 3
     42: 1
     43: 1
     44: 2
     45: 3
     46: 4
     47: 4
     48: 6
     49: 1
     50: 2
     51: 2
     52: 2
     53: 1
     54: 3
     55: 0
     56: 0
     57: 1
     58: 1
     59: 0
     60: 0
     61: 3
     62: 1
     63: 1
     64: 1
     65: 0
     66: 1
     67: 1
     68: 1
     69: 2
     70: 1
     71: 0
     72: 4
     73: 1
     74: 6
     75: 0
     76: 1
     77: 1
     78: 0
     79: 1
     80: 3
     81: 0
     82: 2
     83: 1
     84: 2
     85: 0
     86: 2
     87: 1
     88: 0
     89: 1
     90: 3
     91: 2
     92: 0
     93: 1
     94: 0
     95: 0
     96: 1
     97: 1
     98: 0
     99: 1
    100: 1
    101: 1
    102: 0
    103: 2
    104: 1
    105: 0
    106: 1
    107: 3
    108: 2
    109: 3
    110: 2
    111: 1
    112: 3
    113: 3
    114: 1
    115: 1
    116: 3
    117: 2
    118: 1
    119: 5
    120: 5
    121: 3
    122: 1
    123: 3
    124: 1
    125: 0
    126: 1
    127: 2
    128: 2
    129: 0
    130: 1
    131: 0
    132: 4
    133: 2
    134: 1
    135: 1
    136: 0
    137: 0
    138: 0
    139: 0
    140: 0
    141: 0
    142: 0
    143: 0
    144: 0
    145: 0
    146: 0
    147: 0
    148: 0
    149: 0
    150: 0
    151: 0
    152: 0
    153: 0
    154: 0
    155: 0
    156: 0
    157: 0
    158: 0
    159: 0
    160: 0
    161: 0
    162: 0
    163: 0
    164: 0
    165: 0
    166: 0
    167: 0
    168: 0
    169: 0
    170: 0
    171: 0
    172: 0
    173: 0
    174: 0
    175: 1
    176: 3
    177: 0
    178: 0
    179: 2
    180: 0
    181: 3
    182: 2
    183: 1
    184: 1
    185: 3
    186: 0
    187: 0
    188: 6
    189: 3
    190: 2
    191: 0
    192: 1
    193: 0
    194: 0
    195: 0
    196: 0
    197: 1
    198: 0
    199: 0
    200: 0
    201: 0
    202: 1
    203: 0
    204: 0
    205: 0
    206: 0
    207: 0
    208: 0
    209: 0
    210: 0
    211: 0
    212: 0
    213: 0
    214: 0
    215: 0
    216: 0
    217: 0
    218: 0
    219: 0
    220: 0
    221: 0
    222: 7
    223: 6
    224: 6
    225: 5
    226: 8
    227: 10
    228: 13
    229: 7
    230: 10
    231: 3
    232: 8
    233: 2
    234: 3
    235: 6
    236: 4
    237: 7
    238: 7
    239: 5
    240: 7
    241: 9
    242: 6
    243: 5
    244: 3
    245: 1
    246: 4
    247: 3
    248: 15
    249: 11
    250: 9
    251: 9
    252: 10
    253: 8
    254: 10
    255: 10
    256: 7
    257: 9
    258: 16
    259: 6
    260: 9
    261: 7
    262: 7
    263: 7
    264: 9
    265: 6
    266: 7
    267: 6
    268: 9
    269: 10
    270: 7
    271: 5
    272: 7
    273: 7
    274: 9
    275: 5
    276:   )
    277: }
    278: transform { function = none }
    279: regression { aictest = (td easter) }
    280: automdl {}
    281: x11 { mode = add save = (d10 d11) }
        bps_permits 11020            PAGE   2, SERIES bps_permits_addi

 A 1  Time series data (for the span analyzed)
  From  2004.Jan to 2026.Jun
  Observations        270
 -----------------------------------------------------------------------------
               Jan      Feb      Mar      Apr      May      Jun 
               Jul      Aug      Sep      Oct      Nov      Dec        TOTAL  
 -----------------------------------------------------------------------------
  2004           1.       1.      17.      29.      18.       7.
                 3.      22.       2.       3.       2.       5.          110.
 
  2005           0.       1.       1.       0.       0.       2.
                 1.       3.       2.       2.       3.       4.           19.
 
  2006           2.       2.       0.       0.       2.       2.
                 1.       2.       0.       1.       0.       3.           15.
 
  2007           1.       1.       2.       3.       4.       4.
                 6.       1.       2.       2.       2.       1.           29.
 
  2008           3.       0.       0.       1.       1.       0.
                 0.       3.       1.       1.       1.       0.           11.
 
  2009           1.       1.       1.       2.       1.       0.
                 4.       1.       6.       0.       1.       1.           19.
 
  2010           0.       1.       3.       0.       2.       1.
                 2.       0.       2.       1.       0.       1.           13.
 
  2011           3.       2.       0.       1.       0.       0.
                 1.       1.       0.       1.       1.       1.           11.
 
  2012           0.       2.       1.       0.       1.       3.
                 2.       3.       2.       1.       3.       3.           21.
 
  2013           1.       1.       3.       2.       1.       5.
                 5.       3.       1.       3.       1.       0.           26.
 
  2014           1.       2.       2.       0.       1.       0.
                 4.       2.       1.       1.       0.       0.           14.
 
  2015           0.       0.       0.       0.       0.       0.
                 0.       0.       0.       0.       0.       0.            0.
 
  2016           0.       0.       0.       0.       0.       0.
                 0.       0.       0.       0.       0.       0.            0.
 
  2017           0.       0.       0.       0.       0.       0.
                 0.       0.       0.       0.       0.       0.            0.
 
  2018           0.       1.       3.       0.       0.       2.
                 0.       3.       2.       1.       1.       3.           16.
 
  2019           0.       0.       6.       3.       2.       0.
                 1.       0.       0.       0.       0.       1.           13.
 
  2020           0.       0.       0.       0.       1.       0.
                 0.       0.       0.       0.       0.       0.            1.
 
  2021           0.       0.       0.       0.       0.       0.
                 0.       0.       0.       0.       0.       0.            0.
 
  2022           7.       6.       6.       5.       8.      10.
                13.       7.      10.       3.       8.       2.           85.
 
  2023           3.       6.       4.       7.       7.       5.
                 7.       9.       6.       5.       3.       1.           63.
 
  2024           4.       3.      15.      11.       9.       9.
                10.       8.      10.      10.       7.       9.          105.
 
  2025          16.       6.       9.       7.       7.       7.
                 9.       6.       7.       6.       9.      10.           99.
 
  2026           7.       5.       7.       7.       9.       5.
                                                                           40.
 
  AVGE           2.       2.       3.       3.       3.       3.
                 3.       3.       2.       2.       2.       2.

  Table Total-         710.   Mean-         3.   Std. Dev.-         4.
                              Min -         0.        Max -        29.
        bps_permits 11020            PAGE   3, SERIES bps_permits_addi
                        Automatic ARIMA Model Selection

                    Procedure based closely on TRAMO method 
                         of Gomez and Maravall (2000)
              "Automatic Modeling Methods for Univariate Series",
                            A Course in Time Series
                  (Edited by D. Pena, G. C. Tiao, R. S. Tsay),
                         New York : J. Wiley and Sons


     Maximum order for regular ARMA parameters :   2
     Maximum order for seasonal ARMA parameters :   1
     Maximum order for regular differencing :   2
     Maximum order for seasonal differencing :   1

   Results of Unit Root Test for identifying orders of differencing:
     Regular difference order :   1
     Seasonal difference order :   0

     Mean is not significant.

  Automatic model choice : (1 1 1)


  Final Checks for Identified Model


  Checking for Unit Roots.
   No unit roots found.

  Checking for nonseasonal overdifferencing.
   Nonseasonal MA not within  0.001 of 1.0 - model passes test.

  Checking for insignificant ARMA coefficients.

  Final automatic model choice : (1 1 1)
   End of automatic model selection procedure.

 Average absolute percentage error in within-sample forecasts:
  Last year:  25.62      Last-1 year:  17.76     Last-2 year:  77.33
  Last three years:   40.24

 Estimation converged in   18 ARMA iterations,   55 function evaluations.

 ARIMA Model:  (1 1 1)
   Nonseasonal differences: 1
                                              Standard
 Parameter                    Estimate          Errors
 -----------------------------------------------------
 Nonseasonal AR                                    
   Lag  1                       0.3371         0.06930

 Nonseasonal MA                                    
   Lag  1                       0.8582         0.03037

 Variance                       0.74472E+01
 SE of Var                      0.64214E+00
 -----------------------------------------------------

 Likelihood Statistics
 ------------------------------------------------------------------
 Number of observations (nobs)                                  270
 Effective number of observations (nefobs)                      269
 Number of parameters estimated (np)                              3
 Log likelihood (L)                                       -652.1344
 AIC                                                      1310.2687 
 AICC (F-corrected-AIC)                                   1310.3593 
 Hannan Quinn                                             1314.5996 
 BIC                                                      1321.0528 
 ------------------------------------------------------------------

 QS Statistic for regARIMA Model Residuals (full series):             0.01
                                                       (P-Value =     0.9963)

 QS Statistic for regARIMA Model Residuals (starting 2018.Jul):       0.05
                                                       (P-Value =     0.9739)


  At least one visually significant residual trading day peaks has been
  found in the spectral plot of the following series starting in 2018.Jul:

          regARIMA model residuals (1 Trading Day peak(s))




      10*LOG(SPECTRUM) of the regARIMA model residuals
      Spectrum estimated from 2018.Jul to 2026.Jun.
 ++++++++++I+++++++++++++++++++++++++++++++++++++++++++++++++++++++++++++I
      19.30I                                                            SI     19.30
           I                                                            SI
           I                                                            SI
           I                                                            SI
      17.91I                                                            SI     17.91
           I                                                            SI
           I                                                            SI
           I                                                            SI
      16.51I                                                            SI     16.51
           I                                                            SI
           I                                                            SI
           I                                                            SI
      15.12I                                                            SI     15.12
           I                                                            SI
           I                                                            SI
           I                                                            SI
      13.72I                                                            SI     13.72
           I                                                            SI
           I                                                            SI
           I                                                    T       SI
      12.33I                                                    T       SI     12.33
           I    *                                               T       SI
           I    *                                               T       SI
           I    *                                               T       SI
      10.94I    *                                          *    T       SI     10.94
           I    *                  *                       *    T       SI
           I    *                  *             *         *    T       SI
           I    **            *    *             *         *    T       SI
       9.54I   ***    S       *    *             *    T   **    T       SI      9.54
           I   ***    S       *    **            *    T   **    T      *SI
           I   ***   *S       *    **           **    T*  **    T      *SI
           I   ***   *S       *    **           ***   T*  **    T      *SI
       8.15I   ***   *S***    *    **           ***   T*  **    T*  *  *SI      8.15
           I  ****   *S***    *    **           ***   T*  **    T*  *  *SI
           I  ****   *S***    *    **          ****   T*  **    T* **  *SI
           I  *****  *S***    *    **   *      ****   T*  **    T* **  *SI
       6.75I ******  *S***    *    **   *      ****   T*  **   *T* **  *SI      6.75
           I******* **S***    *    **   *     *****   T*  **   *T* **  *SI
           I******* **S***    *    **   *     *****  *T*  **   *T***** *SI
           I**********S***    *    **   **    ****** *T*  **   *T*******SI
       5.36I**********S****   **   **   **    ****** *T* ***   *T*******SI      5.36
           I**********S****  ***   **   **    ******S*T*****   *T*******SI
           I**********S****  ***   **   **   *******S*T******  *T*******SI
           I**********S****  ***   **  ***   *******S*T******  *T*******SI
       3.96I**********S****  ***   *** ***   *******S*T******  *T*******SI      3.96
           I**********S****  ***  **** ***   *******S*T******  *T*******SI
           I**********S****  ***  **** ***S  *******S*T****** S*T*******SI
           I**********S****  ***  **** ***S ********S*T****** S*T*******SI
       2.57I**********S***** ***  ********S ********S*T*******S*T*******SI      2.57
           I**********S*********  ********S*********S*T*******S*T*******SI
           I**********S*********  ********S*********S*T*******S*T*******SI
           I**********S*********S ********S*********S*T*******S*T*******SI
       1.17I**********S*********S*********S*********S*T*******S*T*******SI      1.17
 ++++++++++I+++++++++++++++++++++++++++++++++++++++++++++++++++++++++++++I
            S=SEASONAL FREQUENCIES, T=TRADING DAY FREQUENCIES


 FORECASTING
  Origin  2026.Jun
  Number        12

  Forecasts and Standard Errors
   ------------------------------
                         Standard
       Date   Forecast      Error
   ------------------------------
   2026.Jul       6.36      2.729
   2026.Aug       6.82      3.026
   2026.Sep       6.98      3.137
   2026.Oct       7.03      3.207
   2026.Nov       7.05      3.264
   2026.Dec       7.05      3.318
   2027.Jan       7.06      3.369
   2027.Feb       7.06      3.420
   2027.Mar       7.06      3.469
   2027.Apr       7.06      3.518
   2027.May       7.06      3.566
   2027.Jun       7.06      3.614
   ------------------------------

  Confidence intervals with coverage probability ( 0.95000
   ---------------------------------------
       Date      Lower  Forecast     Upper
   ---------------------------------------
   2026.Jul     1.0150    6.3637   11.7123
   2026.Aug     0.8931    6.8234   12.7538
   2026.Sep     0.8303    6.9784   13.1265
   2026.Oct     0.7456    7.0307   13.3158
   2026.Nov     0.6500    7.0483   13.4466
   2026.Dec     0.5513    7.0542   13.5572
   2027.Jan     0.4523    7.0562   13.6601
   2027.Feb     0.3543    7.0569   13.7595
   2027.Mar     0.2575    7.0571   13.8568
   2027.Apr     0.1620    7.0572   13.9524
   2027.May     0.0678    7.0572   14.0467
   2027.Jun    -0.0252    7.0573   14.1397
   ---------------------------------------
        bps_permits 11020            PAGE   4, SERIES bps_permits_addi

 B 1  Original series (prior adjusted)
  From  2004.Jan to 2026.Jun
  Observations        270
 -----------------------------------------------------------------------------
               Jan      Feb      Mar      Apr      May      Jun 
               Jul      Aug      Sep      Oct      Nov      Dec        TOTAL  
 -----------------------------------------------------------------------------
  2004           1.       1.      17.      29.      18.       7.
                 3.      22.       2.       3.       2.       5.          110.
 
  2005           0.       1.       1.       0.       0.       2.
                 1.       3.       2.       2.       3.       4.           19.
 
  2006           2.       2.       0.       0.       2.       2.
                 1.       2.       0.       1.       0.       3.           15.
 
  2007           1.       1.       2.       3.       4.       4.
                 6.       1.       2.       2.       2.       1.           29.
 
  2008           3.       0.       0.       1.       1.       0.
                 0.       3.       1.       1.       1.       0.           11.
 
  2009           1.       1.       1.       2.       1.       0.
                 4.       1.       6.       0.       1.       1.           19.
 
  2010           0.       1.       3.       0.       2.       1.
                 2.       0.       2.       1.       0.       1.           13.
 
  2011           3.       2.       0.       1.       0.       0.
                 1.       1.       0.       1.       1.       1.           11.
 
  2012           0.       2.       1.       0.       1.       3.
                 2.       3.       2.       1.       3.       3.           21.
 
  2013           1.       1.       3.       2.       1.       5.
                 5.       3.       1.       3.       1.       0.           26.
 
  2014           1.       2.       2.       0.       1.       0.
                 4.       2.       1.       1.       0.       0.           14.
 
  2015           0.       0.       0.       0.       0.       0.
                 0.       0.       0.       0.       0.       0.            0.
 
  2016           0.       0.       0.       0.       0.       0.
                 0.       0.       0.       0.       0.       0.            0.
 
  2017           0.       0.       0.       0.       0.       0.
                 0.       0.       0.       0.       0.       0.            0.
 
  2018           0.       1.       3.       0.       0.       2.
                 0.       3.       2.       1.       1.       3.           16.
 
  2019           0.       0.       6.       3.       2.       0.
                 1.       0.       0.       0.       0.       1.           13.
 
  2020           0.       0.       0.       0.       1.       0.
                 0.       0.       0.       0.       0.       0.            1.
 
  2021           0.       0.       0.       0.       0.       0.
                 0.       0.       0.       0.       0.       0.            0.
 
  2022           7.       6.       6.       5.       8.      10.
                13.       7.      10.       3.       8.       2.           85.
 
  2023           3.       6.       4.       7.       7.       5.
                 7.       9.       6.       5.       3.       1.           63.
 
  2024           4.       3.      15.      11.       9.       9.
                10.       8.      10.      10.       7.       9.          105.
 
  2025          16.       6.       9.       7.       7.       7.
                 9.       6.       7.       6.       9.      10.           99.
 
  2026           7.       5.       7.       7.       9.       5.
                                                                           40.
 
  AVGE           2.       2.       3.       3.       3.       3.
                 3.       3.       2.       2.       2.       2.

  Table Total-         710.   Mean-         3.   Std. Dev.-         4.
                              Min -         0.        Max -        29.

 B 1.A  Forecasts of (prior adjusted) original series
  From  2026.Jul to 2027.Jun
  Observations         12
 -----------------------------------------------------------------------------
               Jan      Feb      Mar      Apr      May      Jun 
               Jul      Aug      Sep      Oct      Nov      Dec        TOTAL  
 -----------------------------------------------------------------------------
  2026                                                          
                 6.       7.       7.       7.       7.       7.           41.
 
  2027           7.       7.       7.       7.       7.       7.
                                                                           42.
 
        bps_permits 11020            PAGE   5, SERIES bps_permits_addi

 C 17  Final weights for irregular component
  From  2004.Jan to 2026.Jun
  Observations        270
  Lower sigma limit    1.50
  Upper sigma limit    2.50
 -----------------------------------------------------------------------------
               Jan      Feb      Mar      Apr      May      Jun 
               Jul      Aug      Sep      Oct      Nov      Dec         S.D.  
 -----------------------------------------------------------------------------
  2004           0.       0.     100.       0.     100.       0.
                 0.       0.     100.     100.     100.     100.          182.
 
  2005         100.     100.     100.     100.     100.     100.
               100.     100.     100.     100.     100.     100.          182.
 
  2006         100.     100.     100.     100.     100.     100.
               100.     100.     100.     100.     100.     100.          182.
 
  2007         100.     100.     100.     100.     100.     100.
                 0.       0.     100.     100.     100.     100.           84.
 
  2008          63.     100.     100.     100.     100.     100.
               100.       0.     100.     100.     100.     100.           88.
 
  2009         100.     100.     100.     100.     100.     100.
                81.     100.       0.     100.     100.     100.           90.
 
  2010         100.     100.       5.     100.     100.     100.
               100.     100.     100.     100.     100.     100.           85.
 
  2011           0.     100.     100.     100.     100.     100.
               100.     100.     100.     100.     100.     100.           87.
 
  2012         100.     100.     100.     100.     100.     100.
               100.     100.     100.     100.     100.     100.           81.
 
  2013         100.      13.     100.     100.       0.      90.
                89.     100.     100.      60.     100.      96.           72.
 
  2014         100.     100.     100.     100.     100.       0.
                 0.     100.     100.     100.     100.     100.           62.
 
  2015         100.     100.     100.     100.     100.     100.
               100.     100.     100.     100.     100.     100.           54.
 
  2016         100.     100.     100.     100.     100.     100.
               100.     100.     100.     100.     100.     100.           48.
 
  2017         100.     100.     100.     100.     100.     100.
               100.     100.     100.     100.     100.     100.           66.
 
  2018         100.     100.       0.     100.     100.     100.
                34.      84.     100.     100.     100.       0.           68.
 
  2019          76.       0.       0.     100.     100.       0.
               100.     100.     100.     100.     100.       0.           70.
 
  2020         100.     100.     100.     100.     100.     100.
               100.     100.     100.     100.     100.     100.          129.
 
  2021         100.     100.     100.     100.     100.     100.
               100.     100.     100.     100.     100.     100.          138.
 
  2022           0.     100.     100.      57.     100.     100.
                 0.     100.     100.       0.     100.     100.          142.
 
  2023         100.     100.     100.     100.     100.     100.
               100.      17.     100.     100.     100.     100.          160.
 
  2024         100.      86.       0.     100.     100.     100.
               100.     100.     100.     100.      90.     100.          163.
 
  2025           0.     100.     100.     100.     100.     100.
               100.     100.     100.     100.     100.       0.          156.
 
  2026         100.     100.     100.     100.     100.     100.
                                                                          156.
 
        bps_permits 11020            PAGE   6, SERIES bps_permits_addi

 D 8  Final unmodified SI ratios
  From  2004.Jan to 2026.Jun
  Observations        270
 -----------------------------------------------------------------------------
               Jan      Feb      Mar      Apr      May      Jun 
               Jul      Aug      Sep      Oct      Nov      Dec         AVGE  
 -----------------------------------------------------------------------------
  2004         -13.     -14.       2.      13.       3.      -7.
                -8.      14.      -4.      -1.      -1.       3.           -1.
 
  2005          -2.      -0.       0.      -1.      -1.       1.
                -0.       1.      -0.      -1.       0.       1.           -0.
 
  2006          -0.       0.      -1.      -1.       1.       1.
                 0.       1.      -1.       0.      -1.       2.            0.
 
  2007          -1.      -1.      -1.      -0.       1.       1.
                 3.      -2.      -0.      -0.       0.      -1.           -0.
 
  2008           2.      -1.      -1.       0.       1.      -0.
                -0.       3.       0.       0.       0.      -1.            0.
 
  2009          -0.      -0.      -0.       1.      -0.      -1.
                 3.      -0.       5.      -1.       0.       0.            0.
 
  2010          -1.       0.       2.      -1.       1.      -0.
                 1.      -1.       1.       0.      -1.      -0.            0.
 
  2011           2.       1.      -1.       0.      -0.      -0.
                 1.       1.      -1.       0.       0.      -0.            0.
 
  2012          -1.       1.      -0.      -1.      -0.       1.
                 0.       1.      -0.      -1.       1.       1.            0.
 
  2013          -2.      -2.       0.      -1.      -2.       2.
                 2.       0.      -1.       1.      -1.      -1.           -0.
 
  2014          -0.       1.       1.      -1.      -0.      -1.
                 3.       1.      -0.       0.      -1.      -0.            0.
 
  2015          -0.      -0.      -0.       0.       0.       0.
                 0.       0.       0.      -0.      -0.      -0.            0.
 
  2016          -0.      -0.      -0.      -0.       0.       0.
                 0.       0.       0.      -0.      -0.      -0.           -0.
 
  2017          -0.      -0.      -0.       0.       0.       0.
                 0.       0.       0.      -0.      -0.      -0.           -0.
 
  2018          -0.       1.       3.      -0.      -1.       1.
                -1.       1.       0.      -1.      -0.       2.            0.
 
  2019          -2.      -2.       4.       1.       0.      -1.
                 0.      -1.      -0.      -0.      -0.       1.            0.
 
  2020          -0.       0.       0.       0.       1.       0.
                 0.       0.      -0.      -0.      -1.      -1.            0.
 
  2021          -0.      -0.       0.       0.       1.       1.
                 1.       1.       0.      -0.      -1.      -3.           -0.
 
  2022           3.       1.       0.      -2.       1.       2.
                 5.      -1.       2.      -5.       1.      -4.            0.
 
  2023          -3.       1.      -1.       2.       2.      -0.
                 2.       4.       1.       0.      -1.      -4.            0.
 
  2024          -1.      -3.       8.       3.       1.       0.
                 1.      -1.       1.       1.      -2.      -0.            1.
 
  2025           7.      -2.       1.      -0.       0.       0.
                 2.      -1.      -0.      -1.       2.       3.            1.
 
  2026          -0.      -2.       0.       0.       3.      -1.
                                                                           -0.
 
  AVGE          -1.      -1.       1.       1.       0.      -0.
                 1.       1.       0.      -0.      -0.      -0.

  Table Total-          25.   Mean-         0.   Std. Dev.-         2.
                              Min -       -14.        Max -        14.
        bps_permits 11020            PAGE   7, SERIES bps_permits_addi

 D 8.B  Final unmodified SI ratios, with labels for outliers and extreme values
  From  2004.Jan to 2026.Jun
  Observations        270
 ---------------------------------------------------------------------
               Jan       Feb       Mar       Apr       May       Jun  
               Jul       Aug       Sep       Oct       Nov       Dec  
 ---------------------------------------------------------------------
  2004        -13.*     -14.*       2.       13.*       3.       -7.* 
               -8.*      14.*      -4.       -1.       -1.        3.  
 
  2005         -2.       -0.        0.       -1.       -1.        1.  
               -0.        1.       -0.       -1.        0.        1.  
 
  2006         -0.        0.       -1.       -1.        1.        1.  
                0.        1.       -1.        0.       -1.        2.  
 
  2007         -1.       -1.       -1.       -0.        1.        1.  
                3.*      -2.*      -0.       -0.        0.       -1.  
 
  2008          2.*      -1.       -1.        0.        1.       -0.  
               -0.        3.*       0.        0.        0.       -1.  
 
  2009         -0.       -0.       -0.        1.       -0.       -1.  
                3.*      -0.        5.*      -1.        0.        0.  
 
  2010         -1.        0.        2.*      -1.        1.       -0.  
                1.       -1.        1.        0.       -1.       -0.  
 
  2011          2.*       1.       -1.        0.       -0.       -0.  
                1.        1.       -1.        0.        0.       -0.  
 
  2012         -1.        1.       -0.       -1.       -0.        1.  
                0.        1.       -0.       -1.        1.        1.  
 
  2013         -2.       -2.*       0.       -1.       -2.*       2.* 
                2.*       0.       -1.        1.*      -1.       -1.* 
 
  2014         -0.        1.        1.       -1.       -0.       -1.* 
                3.*       1.       -0.        0.       -1.       -0.  
 
  2015         -0.       -0.       -0.        0.        0.        0.  
                0.        0.        0.       -0.       -0.       -0.  
 
  2016         -0.       -0.       -0.       -0.        0.        0.  
                0.        0.        0.       -0.       -0.       -0.  
 
  2017         -0.       -0.       -0.        0.        0.        0.  
                0.        0.        0.       -0.       -0.       -0.  
 
  2018         -0.        1.        3.*      -0.       -1.        1.  
               -1.*       1.*       0.       -1.       -0.        2.* 
 
  2019         -2.*      -2.*       4.*       1.        0.       -1.* 
                0.       -1.       -0.       -0.       -0.        1.* 
 
  2020         -0.        0.        0.        0.        1.        0.  
                0.        0.       -0.       -0.       -1.       -1.  
 
  2021         -0.       -0.        0.        0.        1.        1.  
                1.        1.        0.       -0.       -1.       -3.  
 
  2022          3.*       1.        0.       -2.*       1.        2.  
                5.*      -1.        2.       -5.*       1.       -4.  
 
  2023         -3.        1.       -1.        2.        2.       -0.  
                2.        4.*       1.        0.       -1.       -4.  
 
  2024         -1.       -3.*       8.*       3.        1.        0.  
                1.       -1.        1.        1.       -2.*      -0.  
 
  2025          7.*      -2.        1.       -0.        0.        0.  
                2.       -1.       -0.       -1.        2.        3.* 
 
  2026         -0.       -2.        0.        0.        3.       -1.  
                                                                      
 

  Key to symbols:
    *  : extreme value as determined by X-11 extreme value procedure
 
        bps_permits 11020            PAGE   8, SERIES bps_permits_addi

 D 9  Final replacement values for SI ratios
  From  2004.Jan to 2026.Jun
  Observations        270
 ---------------------------------------------------------------
               Jan      Feb      Mar      Apr      May      Jun 
               Jul      Aug      Sep      Oct      Nov      Dec 
 ---------------------------------------------------------------
  2004          -3.      -2. ********      -1. ********       1.
                 0.       1. ******** ******** ******** ********
 
  2005     ******** ******** ******** ******** ******** ********
           ******** ******** ******** ******** ******** ********
 
  2006     ******** ******** ******** ******** ******** ********
           ******** ******** ******** ******** ******** ********
 
  2007     ******** ******** ******** ******** ******** ********
                 1.       0. ******** ******** ******** ********
 
  2008           1. ******** ******** ******** ******** ********
           ********       0. ******** ******** ******** ********
 
  2009     ******** ******** ******** ******** ******** ********
                 2. ********       1. ******** ******** ********
 
  2010     ******** ********       0. ******** ******** ********
           ******** ******** ******** ******** ******** ********
 
  2011          -0. ******** ******** ******** ******** ********
           ******** ******** ******** ******** ******** ********
 
  2012     ******** ******** ******** ******** ******** ********
           ******** ******** ******** ******** ******** ********
 
  2013     ********      -0. ******** ********      -0.       2.
                 2. ******** ********       1. ********      -1.
 
  2014     ******** ******** ******** ******** ********       1.
                 1. ******** ******** ******** ******** ********
 
  2015     ******** ******** ******** ******** ******** ********
           ******** ******** ******** ******** ******** ********
 
  2016     ******** ******** ******** ******** ******** ********
           ******** ******** ******** ******** ******** ********
 
  2017     ******** ******** ******** ******** ******** ********
           ******** ******** ******** ******** ******** ********
 
  2018     ******** ********       0. ******** ******** ********
                -0.       1. ******** ******** ********      -0.
 
  2019          -1.       0.       0. ******** ********       1.
           ******** ******** ******** ******** ********      -1.
 
  2020     ******** ******** ******** ******** ******** ********
           ******** ******** ******** ******** ******** ********
 
  2021     ******** ******** ******** ******** ******** ********
           ******** ******** ******** ******** ******** ********
 
  2022          -1. ******** ********      -0. ******** ********
                 1. ******** ********      -0. ******** ********
 
  2023     ******** ******** ******** ******** ******** ********
           ********       1. ******** ******** ******** ********
 
  2024     ********      -3.       1. ******** ******** ********
           ******** ******** ******** ********      -2. ********
 
  2025          -0. ******** ******** ******** ******** ********
           ******** ******** ******** ******** ********      -1.
 
  2026     ******** ******** ******** ******** ******** ********
                                                                
 

 D 9.A  Moving seasonality ratio
 ---------------------------------------------------------------
               Jan      Feb      Mar      Apr      May      Jun 
 ---------------------------------------------------------------
   I          0.768    0.756    0.620    1.016    0.841    0.717
   S          0.137    0.195    0.103    0.168    0.135    0.157
 RATIO        5.594    3.876    6.025    6.055    6.233    4.571



 ---------------------------------------------------------------
               Jul      Aug      Sep      Oct      Nov      Dec 
 ---------------------------------------------------------------
   I          0.653    0.718    0.723    0.595    0.887    0.963
   S          0.166    0.121    0.157    0.090    0.111    0.227
 RATIO        3.925    5.921    4.600    6.590    8.017    4.234



        bps_permits 11020            PAGE   9, SERIES bps_permits_addi

 D 10  Final seasonal factors
  From  2004.Jan to 2026.Jun
  Observations        270
  Seasonal filter    3 x 5 moving average
 -----------------------------------------------------------------------------
               Jan      Feb      Mar      Apr      May      Jun 
               Jul      Aug      Sep      Oct      Nov      Dec         AVGE  
 -----------------------------------------------------------------------------
  2004          -2.      -1.       0.      -1.       1.       1.
                 0.       1.      -1.      -0.      -0.       2.           -0.
 
  2005          -1.      -1.      -0.      -1.       1.       1.
                 0.       1.      -1.      -0.      -0.       1.           -0.
 
  2006          -1.      -1.      -0.      -0.       1.       1.
                 0.       1.      -1.      -0.      -0.       1.           -0.
 
  2007          -0.      -1.      -0.      -0.       1.       0.
                 1.       0.      -0.      -0.      -0.       0.           -0.
 
  2008          -0.      -0.      -1.      -0.       0.       0.
                 1.       0.       0.      -0.      -0.       0.           -0.
 
  2009          -0.      -0.      -0.      -0.       0.      -0.
                 1.       0.       0.      -0.      -0.      -0.           -0.
 
  2010          -0.       0.      -0.      -0.       0.      -0.
                 1.       0.       0.      -0.      -0.      -0.            0.
 
  2011          -1.       0.      -0.      -0.      -0.       0.
                 1.       0.       0.      -0.      -0.      -0.            0.
 
  2012          -1.       0.      -0.      -1.      -0.       1.
                 1.       0.      -0.      -0.      -0.      -0.           -0.
 
  2013          -1.       0.       0.      -1.      -0.       1.
                 1.       1.      -0.      -0.      -0.      -0.           -0.
 
  2014          -1.       0.       0.      -1.      -0.       1.
                 1.       0.      -0.      -0.      -0.      -0.           -0.
 
  2015          -0.       0.       0.      -0.      -0.       1.
                 0.       0.      -0.      -0.      -0.      -0.           -0.
 
  2016          -0.       0.       0.      -0.      -0.       0.
                 0.       0.      -0.      -0.      -0.      -0.           -0.
 
  2017          -0.       0.       0.       0.       0.       0.
                 0.       0.       0.      -0.      -0.      -0.           -0.
 
  2018          -0.       0.       0.       0.       0.       0.
                 0.       0.       0.      -0.      -0.      -1.           -0.
 
  2019          -0.       0.       0.       0.       0.       1.
                 0.       0.       0.      -0.      -0.      -1.           -0.
 
  2020          -1.       0.       0.       0.       1.       1.
                 0.       0.       0.      -0.      -0.      -2.           -0.
 
  2021          -1.       0.       0.       1.       1.       1.
                 1.      -0.       1.      -0.      -1.      -2.           -0.
 
  2022          -1.      -0.       0.       1.       1.       1.
                 1.      -0.       1.      -0.      -1.      -2.            0.
 
  2023          -1.      -1.       0.       1.       1.       1.
                 1.      -0.       1.      -0.      -1.      -2.            0.
 
  2024          -1.      -1.       0.       1.       1.       0.
                 1.      -0.       1.      -0.      -0.      -2.            0.
 
  2025          -1.      -1.       0.       1.       1.       0.
                 1.      -0.       1.      -0.      -0.      -1.            0.
 
  2026          -0.      -2.       0.       1.       1.      -0.
                                                                            0.
 
  AVGE          -1.      -0.      -0.       0.       0.       0.
                 1.       0.      -0.      -0.      -0.      -1.

  Table Total-          -1.   Mean-        -0.   Std. Dev.-         1.
                              Min -        -2.        Max -         2.

 D 10.A  Final seasonal component forecasts
  From  2026.Jul to 2027.Jun
  Observations         12
 -----------------------------------------------------------------------------
               Jan      Feb      Mar      Apr      May      Jun 
               Jul      Aug      Sep      Oct      Nov      Dec         AVGE  
 -----------------------------------------------------------------------------
  2026                                                          
                 1.      -0.       1.      -0.      -0.      -1.           -0.
 
  2027          -0.      -2.       1.       1.       1.      -0.
                                                                           -0.
 
        bps_permits 11020            PAGE  10, SERIES bps_permits_addi

 D 11  Final seasonally adjusted data
  From  2004.Jan to 2026.Jun
  Observations        270
 -----------------------------------------------------------------------------
               Jan      Feb      Mar      Apr      May      Jun 
               Jul      Aug      Sep      Oct      Nov      Dec        TOTAL  
 -----------------------------------------------------------------------------
  2004           3.       2.      17.      30.      17.       6.
                 3.      21.       3.       3.       2.       3.          110.
 
  2005           1.       2.       1.       1.      -1.       1.
                 1.       2.       3.       2.       3.       3.           19.
 
  2006           3.       3.       0.       0.       1.       1.
                 1.       1.       1.       1.       0.       2.           15.
 
  2007           1.       2.       2.       3.       3.       4.
                 5.       1.       2.       2.       2.       1.           29.
 
  2008           3.       0.       1.       1.       1.      -0.
                -1.       3.       1.       1.       1.      -0.           11.
 
  2009           1.       1.       1.       2.       1.       0.
                 3.       1.       6.       0.       1.       1.           19.
 
  2010           0.       1.       3.       0.       2.       1.
                 1.      -0.       2.       1.       0.       1.           13.
 
  2011           4.       2.       0.       1.       0.      -0.
                -0.       1.      -0.       1.       1.       1.           11.
 
  2012           1.       2.       1.       1.       1.       2.
                 1.       3.       2.       1.       3.       3.           21.
 
  2013           2.       1.       3.       3.       1.       4.
                 4.       2.       1.       3.       1.       0.           26.
 
  2014           2.       2.       2.       1.       1.      -1.
                 3.       2.       1.       1.       0.       0.           14.
 
  2015           0.      -0.      -0.       0.       0.      -1.
                -0.      -0.       0.       0.       0.       0.            0.
 
  2016           0.      -0.      -0.       0.       0.      -0.
                -0.      -0.       0.       0.       0.       0.            0.
 
  2017           0.      -0.      -0.      -0.      -0.      -0.
                -0.      -0.      -0.       0.       0.       0.            0.
 
  2018           0.       1.       3.      -0.      -0.       2.
                -0.       3.       2.       1.       1.       4.           16.
 
  2019           0.      -0.       6.       3.       2.      -1.
                 1.      -0.      -0.       0.       0.       2.           13.
 
  2020           1.      -0.      -0.      -0.       0.      -1.
                -0.      -0.      -0.       0.       0.       2.            1.
 
  2021           1.      -0.      -0.      -1.      -1.      -1.
                -1.       0.      -1.       0.       1.       2.            0.
 
  2022           8.       6.       6.       4.       7.       9.
                12.       7.       9.       3.       9.       4.           85.
 
  2023           4.       7.       4.       6.       6.       4.
                 6.       9.       5.       5.       4.       3.           63.
 
  2024           5.       4.      15.      10.       8.       9.
                 9.       8.       9.      10.       7.      11.          105.
 
  2025          17.       7.       9.       6.       6.       7.
                 8.       6.       6.       6.       9.      11.           99.
 
  2026           7.       7.       7.       6.       8.       5.
                                                                           40.
 
  AVGE           3.       2.       3.       3.       3.       2.
                 2.       3.       2.       2.       2.       3.

  Table Total-         711.   Mean-         3.   Std. Dev.-         4.
                              Min -        -1.        Max -        30.
        bps_permits 11020            PAGE  11, SERIES bps_permits_addi

 D 12  Final trend cycle
  From  2004.Jan to 2026.Jun
  Observations        270
  Trend filter    13-term Henderson moving average
  I/C ratio        2.99
 -----------------------------------------------------------------------------
               Jan      Feb      Mar      Apr      May      Jun 
               Jul      Aug      Sep      Oct      Nov      Dec        TOTAL  
 -----------------------------------------------------------------------------
  2004          14.      15.      15.      15.      15.      13.
                11.       8.       6.       4.       3.       2.          121.
 
  2005           2.       1.       1.       0.       0.       1.
                 1.       2.       2.       3.       3.       3.           20.
 
  2006           2.       2.       1.       1.       1.       1.
                 1.       1.       1.       1.       1.       1.           15.
 
  2007           2.       2.       3.       3.       3.       3.
                 3.       3.       3.       2.       2.       2.           30.
 
  2008           1.       1.       1.       1.       0.       0.
                 0.       0.       1.       1.       1.       1.            8.
 
  2009           1.       1.       1.       1.       1.       1.
                 1.       1.       1.       1.       1.       1.           14.
 
  2010           1.       1.       1.       1.       1.       1.
                 1.       1.       1.       1.       1.       1.           12.
 
  2011           1.       1.       1.       1.       0.       0.
                 0.       0.       1.       1.       1.       1.            8.
 
  2012           1.       1.       1.       1.       1.       2.
                 2.       2.       2.       2.       2.       2.           20.
 
  2013           2.       3.       3.       3.       3.       3.
                 3.       3.       2.       2.       1.       1.           30.
 
  2014           1.       1.       1.       1.       1.       1.
                 1.       1.       1.       1.       1.       0.           13.
 
  2015           0.       0.       0.      -0.      -0.      -0.
                -0.      -0.      -0.       0.       0.       0.           -0.
 
  2016           0.       0.       0.      -0.      -0.      -0.
                -0.      -0.      -0.       0.       0.       0.            0.
 
  2017           0.       0.      -0.      -0.      -0.      -0.
                -0.      -0.      -0.       0.       0.       0.            0.
 
  2018           0.       0.       0.       0.       1.       1.
                 1.       2.       2.       2.       1.       1.           12.
 
  2019           2.       2.       2.       2.       2.       1.
                 1.       0.       0.       0.       0.       0.           12.
 
  2020           0.       0.      -0.      -0.      -0.      -0.
                -0.      -0.       0.       0.       1.       1.            1.
 
  2021           1.       0.      -0.      -0.      -1.      -1.
                -1.      -1.      -0.       0.       1.       2.            1.
 
  2022           4.       5.       6.       7.       7.       8.
                 8.       8.       8.       8.       7.       6.           81.
 
  2023           5.       5.       5.       5.       5.       6.
                 6.       5.       5.       4.       4.       4.           60.
 
  2024           5.       6.       7.       8.       9.       9.
                 9.       9.       9.       9.       9.       9.           97.
 
  2025           9.       8.       8.       7.       7.       7.
                 7.       7.       7.       7.       7.       7.           87.
 
  2026           7.       7.       7.       6.       6.       6.
                                                                           40.
 
  AVGE           3.       3.       3.       3.       3.       3.
                 2.       2.       2.       2.       2.       2.

  Table Total-         684.   Mean-         3.   Std. Dev.-         3.
                              Min -        -1.        Max -        15.
        bps_permits 11020            PAGE  12, SERIES bps_permits_addi

 D 13  Final irregular component
  From  2004.Jan to 2026.Jun
  Observations        270
 -----------------------------------------------------------------------------
               Jan      Feb      Mar      Apr      May      Jun 
               Jul      Aug      Sep      Oct      Nov      Dec         S.D.  
 -----------------------------------------------------------------------------
  2004         -12.     -13.       2.      14.       2.      -8.
                -8.      13.      -2.      -0.      -0.       1.            8.
 
  2005          -0.       0.       0.       0.      -1.       0.
                -0.       0.       1.      -1.       0.      -0.            1.
 
  2006           0.       1.      -1.      -1.       0.       0.
                -0.       0.      -0.       0.      -1.       1.            1.
 
  2007          -0.      -0.      -0.       0.       0.       0.
                 2.      -2.      -0.       0.       0.      -1.            1.
 
  2008           2.      -1.      -0.       1.       0.      -0.
                -1.       2.       0.       0.       0.      -1.            1.
 
  2009           0.       0.       0.       1.      -1.      -1.
                 2.      -0.       5.      -1.       0.       0.            2.
 
  2010          -0.       0.       2.      -1.       1.      -0.
                 0.      -1.       1.       0.      -1.       0.            1.
 
  2011           2.       1.      -1.       1.      -0.      -0.
                -0.       0.      -1.       0.       0.       0.            1.
 
  2012          -0.       0.      -0.      -1.      -0.       1.
                -1.       1.       0.      -1.       1.       1.            1.
 
  2013          -1.      -2.       0.      -0.      -2.       1.
                 1.      -0.      -1.       1.      -0.      -1.            1.
 
  2014           0.       0.       1.      -1.      -0.      -2.
                 2.       0.       0.       0.      -0.      -0.            1.
 
  2015           0.      -0.      -0.       1.       0.      -0.
                -0.      -0.       0.      -0.       0.       0.            0.
 
  2016           0.      -0.      -0.       0.       0.      -0.
                -0.      -0.       0.      -0.       0.       0.            0.
 
  2017           0.      -0.      -0.       0.       0.      -0.
                 0.      -0.      -0.       0.      -0.      -0.            0.
 
  2018          -0.       0.       3.      -1.      -1.       1.
                -1.       1.       0.      -0.      -0.       2.            1.
 
  2019          -1.      -2.       4.       1.      -0.      -2.
                 0.      -1.      -0.       0.       0.       2.            2.
 
  2020           0.      -0.      -0.      -0.       1.      -0.
                -0.       0.      -0.      -0.      -0.       1.            0.
 
  2021           0.      -0.       0.      -0.      -0.      -0.
                -0.       1.      -0.      -0.      -1.      -0.            0.
 
  2022           4.       1.       0.      -3.      -0.       1.
                 4.      -1.       1.      -4.       2.      -2.            2.
 
  2023          -1.       2.      -1.       1.       1.      -1.
                 0.       4.       0.       1.      -1.      -1.            1.
 
  2024           0.      -2.       8.       2.      -1.      -0.
                -0.      -1.       0.       1.      -2.       2.            3.
 
  2025           8.      -1.       1.      -1.      -1.       0.
                 1.      -0.      -1.      -1.       2.       4.            3.
 
  2026           0.      -1.      -0.      -0.       2.      -1.
                                                                            1.
 
  S.D.           3.       3.       2.       3.       1.       2.
                 2.       3.       1.       1.       1.       1.

  Table Total-          27.   Mean-         0.   Std. Dev.-         2.
                              Min -       -13.        Max -        14.
        bps_permits 11020            PAGE  13, SERIES bps_permits_addi

 D 16  Combined adjustment factors
  From  2004.Jan to 2026.Jun
  Observations        270
 -----------------------------------------------------------------------------
               Jan      Feb      Mar      Apr      May      Jun 
               Jul      Aug      Sep      Oct      Nov      Dec         AVGE  
 -----------------------------------------------------------------------------
  2004          -2.      -1.       0.      -1.       1.       1.
                 0.       1.      -1.      -0.      -0.       2.           -0.
 
  2005          -1.      -1.      -0.      -1.       1.       1.
                 0.       1.      -1.      -0.      -0.       1.           -0.
 
  2006          -1.      -1.      -0.      -0.       1.       1.
                 0.       1.      -1.      -0.      -0.       1.           -0.
 
  2007          -0.      -1.      -0.      -0.       1.       0.
                 1.       0.      -0.      -0.      -0.       0.           -0.
 
  2008          -0.      -0.      -1.      -0.       0.       0.
                 1.       0.       0.      -0.      -0.       0.           -0.
 
  2009          -0.      -0.      -0.      -0.       0.      -0.
                 1.       0.       0.      -0.      -0.      -0.           -0.
 
  2010          -0.       0.      -0.      -0.       0.      -0.
                 1.       0.       0.      -0.      -0.      -0.            0.
 
  2011          -1.       0.      -0.      -0.      -0.       0.
                 1.       0.       0.      -0.      -0.      -0.            0.
 
  2012          -1.       0.      -0.      -1.      -0.       1.
                 1.       0.      -0.      -0.      -0.      -0.           -0.
 
  2013          -1.       0.       0.      -1.      -0.       1.
                 1.       1.      -0.      -0.      -0.      -0.           -0.
 
  2014          -1.       0.       0.      -1.      -0.       1.
                 1.       0.      -0.      -0.      -0.      -0.           -0.
 
  2015          -0.       0.       0.      -0.      -0.       1.
                 0.       0.      -0.      -0.      -0.      -0.           -0.
 
  2016          -0.       0.       0.      -0.      -0.       0.
                 0.       0.      -0.      -0.      -0.      -0.           -0.
 
  2017          -0.       0.       0.       0.       0.       0.
                 0.       0.       0.      -0.      -0.      -0.           -0.
 
  2018          -0.       0.       0.       0.       0.       0.
                 0.       0.       0.      -0.      -0.      -1.           -0.
 
  2019          -0.       0.       0.       0.       0.       1.
                 0.       0.       0.      -0.      -0.      -1.           -0.
 
  2020          -1.       0.       0.       0.       1.       1.
                 0.       0.       0.      -0.      -0.      -2.           -0.
 
  2021          -1.       0.       0.       1.       1.       1.
                 1.      -0.       1.      -0.      -1.      -2.           -0.
 
  2022          -1.      -0.       0.       1.       1.       1.
                 1.      -0.       1.      -0.      -1.      -2.            0.
 
  2023          -1.      -1.       0.       1.       1.       1.
                 1.      -0.       1.      -0.      -1.      -2.            0.
 
  2024          -1.      -1.       0.       1.       1.       0.
                 1.      -0.       1.      -0.      -0.      -2.            0.
 
  2025          -1.      -1.       0.       1.       1.       0.
                 1.      -0.       1.      -0.      -0.      -1.            0.
 
  2026          -0.      -2.       0.       1.       1.      -0.
                                                                            0.
 
  AVGE          -1.      -0.      -0.       0.       0.       0.
                 1.       0.      -0.      -0.      -0.      -1.

  Table Total-          -1.   Mean-        -0.   Std. Dev.-         1.
                              Min -        -2.        Max -         2.

 D 16.A  Combined adjustment component forecasts
  From  2026.Jul to 2027.Jun
  Observations         12
 -----------------------------------------------------------------------------
               Jan      Feb      Mar      Apr      May      Jun 
               Jul      Aug      Sep      Oct      Nov      Dec         AVGE  
 -----------------------------------------------------------------------------
  2026                                                          
                 1.      -0.       1.      -0.      -0.      -1.           -0.
 
  2027          -0.      -2.       1.       1.       1.      -0.
                                                                           -0.
 
        bps_permits 11020            PAGE  14, SERIES bps_permits_addi

 E 4  Differences of annual totals
  From          2004 to 2025
  Observations         22
 -----------------------------------
  Year       Unmodified     Modified
                  (D11)         (E2)
 -----------------------------------
  2004              -0.          -0.
 
  2005              -0.          -0.
 
  2006              -0.          -0.
 
  2007              -0.          -0.
 
  2008              -0.          -0.
 
  2009              -0.          -0.
 
  2010               0.           0.
 
  2011               0.           0.
 
  2012              -0.          -0.
 
  2013              -0.          -0.
 
  2014              -0.          -0.
 
  2015              -0.          -0.
 
  2016              -0.          -0.
 
  2017              -0.          -0.
 
  2018              -0.          -0.
 
  2019              -0.          -0.
 
  2020              -0.          -0.
 
  2021              -0.          -0.
 
  2022               0.           0.
 
  2023               0.           0.
 
  2024               0.           0.
 
  2025               0.           0.
 
        bps_permits 11020            PAGE  15, SERIES bps_permits_addi

 E 5  Month-to-month differences in the original series
  From  2004.Feb to 2026.Jun
  Observations        269
 -----------------------------------------------------------------------------
               Jan      Feb      Mar      Apr      May      Jun 
               Jul      Aug      Sep      Oct      Nov      Dec         AVGE  
 -----------------------------------------------------------------------------
  2004                    0.      16.      12.     -11.     -11.
                -4.      19.     -20.       1.      -1.       3.            0.
 
  2005          -5.       1.       0.      -1.       0.       2.
                -1.       2.      -1.       0.       1.       1.           -0.
 
  2006          -2.       0.      -2.       0.       2.       0.
                -1.       1.      -2.       1.      -1.       3.           -0.
 
  2007          -2.       0.       1.       1.       1.       0.
                 2.      -5.       1.       0.       0.      -1.           -0.
 
  2008           2.      -3.       0.       1.       0.      -1.
                 0.       3.      -2.       0.       0.      -1.           -0.
 
  2009           1.       0.       0.       1.      -1.      -1.
                 4.      -3.       5.      -6.       1.       0.            0.
 
  2010          -1.       1.       2.      -3.       2.      -1.
                 1.      -2.       2.      -1.      -1.       1.            0.
 
  2011           2.      -1.      -2.       1.      -1.       0.
                 1.       0.      -1.       1.       0.       0.            0.
 
  2012          -1.       2.      -1.      -1.       1.       2.
                -1.       1.      -1.      -1.       2.       0.            0.
 
  2013          -2.       0.       2.      -1.      -1.       4.
                 0.      -2.      -2.       2.      -2.      -1.           -0.
 
  2014           1.       1.       0.      -2.       1.      -1.
                 4.      -2.      -1.       0.      -1.       0.            0.
 
  2015           0.       0.       0.       0.       0.       0.
                 0.       0.       0.       0.       0.       0.            0.
 
  2016           0.       0.       0.       0.       0.       0.
                 0.       0.       0.       0.       0.       0.            0.
 
  2017           0.       0.       0.       0.       0.       0.
                 0.       0.       0.       0.       0.       0.            0.
 
  2018           0.       1.       2.      -3.       0.       2.
                -2.       3.      -1.      -1.       0.       2.            0.
 
  2019          -3.       0.       6.      -3.      -1.      -2.
                 1.      -1.       0.       0.       0.       1.           -0.
 
  2020          -1.       0.       0.       0.       1.      -1.
                 0.       0.       0.       0.       0.       0.           -0.
 
  2021           0.       0.       0.       0.       0.       0.
                 0.       0.       0.       0.       0.       0.            0.
 
  2022           7.      -1.       0.      -1.       3.       2.
                 3.      -6.       3.      -7.       5.      -6.            0.
 
  2023           1.       3.      -2.       3.       0.      -2.
                 2.       2.      -3.      -1.      -2.      -2.           -0.
 
  2024           3.      -1.      12.      -4.      -2.       0.
                 1.      -2.       2.       0.      -3.       2.            1.
 
  2025           7.     -10.       3.      -2.       0.       0.
                 2.      -3.       1.      -1.       3.       1.            0.
 
  2026          -3.      -2.       2.       0.       2.      -4.
                                                                           -1.
 
  AVGE           0.      -0.       2.      -0.      -0.      -1.
                 1.       0.      -1.      -1.       0.       0.

  Table Total-           4.   Mean-         0.   Std. Dev.-         3.
                              Min -       -20.        Max -        19.
        bps_permits 11020            PAGE  16, SERIES bps_permits_addi

 E 6  Month-to-month differences in seasonally adjusted series (D11)
  From  2004.Feb to 2026.Jun
  Observations        269
 -----------------------------------------------------------------------------
               Jan      Feb      Mar      Apr      May      Jun 
               Jul      Aug      Sep      Oct      Nov      Dec         AVGE  
 -----------------------------------------------------------------------------
  2004                   -1.      15.      13.     -13.     -11.
                -3.      18.     -18.      -0.      -1.       1.            0.
 
  2005          -2.       0.      -1.      -0.      -2.       2.
                -0.       1.       1.      -1.       1.      -1.           -0.
 
  2006           0.      -0.      -2.       0.       1.       0.
                -1.       1.      -0.       1.      -1.       2.           -0.
 
  2007          -1.       0.       1.       1.       0.       0.
                 2.      -5.       2.      -0.      -0.      -2.           -0.
 
  2008           3.      -3.       0.       1.      -0.      -1.
                -1.       4.      -2.       0.      -0.      -1.           -0.
 
  2009           1.      -0.       0.       1.      -1.      -1.
                 3.      -2.       5.      -6.       1.      -0.            0.
 
  2010          -1.       1.       2.      -3.       2.      -1.
                -0.      -1.       2.      -1.      -1.       1.            0.
 
  2011           2.      -2.      -1.       1.      -1.      -0.
                 0.       1.      -1.       1.      -0.       0.           -0.
 
  2012          -0.       1.      -0.      -0.       0.       1.
                -1.       2.      -0.      -1.       2.       0.            0.
 
  2013          -2.      -1.       2.      -0.      -2.       3.
                -0.      -2.      -1.       2.      -2.      -1.           -0.
 
  2014           1.       0.       0.      -1.       1.      -2.
                 4.      -2.      -0.      -0.      -1.       0.            0.
 
  2015           0.      -1.      -0.       1.      -0.      -1.
                 0.       0.       1.      -0.       0.       0.            0.
 
  2016           0.      -1.      -0.       0.      -0.      -1.
                 0.      -0.       0.       0.       0.       0.            0.
 
  2017          -0.      -1.       0.       0.      -0.      -0.
                 0.      -0.       0.       0.       0.       0.           -0.
 
  2018           0.       0.       2.      -3.       0.       2.
                -2.       3.      -1.      -1.       0.       2.            0.
 
  2019          -3.      -1.       6.      -3.      -1.      -2.
                 1.      -1.       0.       0.       0.       2.           -0.
 
  2020          -1.      -1.       0.      -0.       1.      -1.
                 0.       0.      -0.       1.       0.       1.           -0.
 
  2021          -1.      -1.       0.      -1.      -0.       0.
                 0.       1.      -1.       1.       0.       2.            0.
 
  2022           6.      -2.      -0.      -2.       3.       2.
                 3.      -5.       2.      -6.       5.      -4.            0.
 
  2023          -0.       3.      -3.       2.       0.      -2.
                 1.       3.      -4.      -0.      -2.      -0.           -0.
 
  2024           2.      -1.      11.      -5.      -2.       1.
                -0.      -0.       1.       1.      -3.       4.            1.
 
  2025           6.      -9.       1.      -3.      -0.       1.
                 1.      -1.       0.      -0.       3.       2.            0.
 
  2026          -4.      -1.       0.      -0.       2.      -3.
                                                                           -1.
 
  AVGE           0.      -1.       1.      -0.      -1.      -1.
                 0.       1.      -1.      -0.       0.       0.

  Table Total-           3.   Mean-         0.   Std. Dev.-         3.
                              Min -       -18.        Max -        18.
        bps_permits 11020            PAGE  17, SERIES bps_permits_addi

 E 7  Month-to-month differences in final trend cycle (D12)
  From  2004.Feb to 2026.Jun
  Observations        269
 -----------------------------------------------------------------------------
               Jan      Feb      Mar      Apr      May      Jun 
               Jul      Aug      Sep      Oct      Nov      Dec         AVGE  
 -----------------------------------------------------------------------------
  2004                    1.       0.       0.      -1.      -2.
                -2.      -3.      -2.      -2.      -1.      -1.           -1.
 
  2005          -0.      -0.      -0.      -0.      -0.       0.
                 1.       1.       1.       0.       0.      -0.            0.
 
  2006          -0.      -1.      -0.      -0.      -0.      -0.
                 0.       0.       0.       0.       0.       0.           -0.
 
  2007           0.       0.       0.       0.       0.       0.
                -0.      -0.      -0.      -0.      -0.      -0.            0.
 
  2008          -0.      -0.      -0.      -0.      -0.      -0.
                 0.       0.       0.       0.       0.       0.           -0.
 
  2009           0.       0.       0.       0.       0.      -0.
                -0.      -0.      -0.      -0.      -0.      -0.           -0.
 
  2010          -0.       0.       0.       0.       0.       0.
                -0.      -0.      -0.       0.       0.       0.            0.
 
  2011           0.      -0.      -0.      -0.      -0.      -0.
                -0.       0.       0.       0.       0.       0.           -0.
 
  2012           0.      -0.       0.       0.       0.       0.
                 0.       0.       0.       0.       0.       0.            0.
 
  2013           0.       0.       0.       0.       0.       0.
                -0.      -0.      -1.      -1.      -0.      -0.           -0.
 
  2014           0.       0.      -0.      -0.      -0.      -0.
                -0.      -0.      -0.      -0.      -0.      -0.           -0.
 
  2015          -0.      -0.      -0.      -0.      -0.      -0.
                -0.       0.       0.       0.       0.       0.           -0.
 
  2016          -0.      -0.      -0.      -0.      -0.      -0.
                -0.       0.       0.       0.       0.       0.           -0.
 
  2017          -0.      -0.      -0.      -0.      -0.      -0.
                 0.       0.       0.       0.       0.       0.            0.
 
  2018           0.      -0.      -0.       0.       0.       0.
                 0.       0.       0.      -0.      -0.      -0.            0.
 
  2019           0.       0.       0.      -0.      -0.      -0.
                -1.      -0.      -0.      -0.       0.       0.           -0.
 
  2020          -0.      -0.      -0.      -0.      -0.      -0.
                -0.       0.       0.       0.       0.       0.            0.
 
  2021          -0.      -0.      -0.      -0.      -0.      -0.
                 0.       0.       0.       1.       1.       1.            0.
 
  2022           1.       1.       1.       1.       1.       1.
                 0.       0.      -0.      -1.      -1.      -1.            0.
 
  2023          -1.      -0.      -0.       0.       0.       0.
                -0.      -0.      -0.      -1.      -0.       0.           -0.
 
  2024           1.       1.       1.       1.       1.       0.
                 0.       0.       0.       0.       0.      -0.            0.
 
  2025          -0.      -1.      -1.      -1.      -0.      -0.
                 0.       0.       0.       0.       0.       0.           -0.
 
  2026          -0.      -0.      -0.      -0.      -0.      -0.
                                                                           -0.
 
  AVGE          -0.       0.       0.      -0.      -0.      -0.
                -0.      -0.      -0.      -0.      -0.      -0.

  Table Total-          -8.   Mean-        -0.   Std. Dev.-         0.
                              Min -        -3.        Max -         1.
        bps_permits 11020            PAGE  18, SERIES bps_permits_addi

 E 8  Month-to-month differences in original series adjusted for calendar factors (A18)
  From  2004.Feb to 2026.Jun
  Observations        269
 -----------------------------------------------------------------------------
               Jan      Feb      Mar      Apr      May      Jun 
               Jul      Aug      Sep      Oct      Nov      Dec         AVGE  
 -----------------------------------------------------------------------------
  2004                    0.      16.      12.     -11.     -11.
                -4.      19.     -20.       1.      -1.       3.            0.
 
  2005          -5.       1.       0.      -1.       0.       2.
                -1.       2.      -1.       0.       1.       1.           -0.
 
  2006          -2.       0.      -2.       0.       2.       0.
                -1.       1.      -2.       1.      -1.       3.           -0.
 
  2007          -2.       0.       1.       1.       1.       0.
                 2.      -5.       1.       0.       0.      -1.           -0.
 
  2008           2.      -3.       0.       1.       0.      -1.
                 0.       3.      -2.       0.       0.      -1.           -0.
 
  2009           1.       0.       0.       1.      -1.      -1.
                 4.      -3.       5.      -6.       1.       0.            0.
 
  2010          -1.       1.       2.      -3.       2.      -1.
                 1.      -2.       2.      -1.      -1.       1.            0.
 
  2011           2.      -1.      -2.       1.      -1.       0.
                 1.       0.      -1.       1.       0.       0.            0.
 
  2012          -1.       2.      -1.      -1.       1.       2.
                -1.       1.      -1.      -1.       2.       0.            0.
 
  2013          -2.       0.       2.      -1.      -1.       4.
                 0.      -2.      -2.       2.      -2.      -1.           -0.
 
  2014           1.       1.       0.      -2.       1.      -1.
                 4.      -2.      -1.       0.      -1.       0.            0.
 
  2015           0.       0.       0.       0.       0.       0.
                 0.       0.       0.       0.       0.       0.            0.
 
  2016           0.       0.       0.       0.       0.       0.
                 0.       0.       0.       0.       0.       0.            0.
 
  2017           0.       0.       0.       0.       0.       0.
                 0.       0.       0.       0.       0.       0.            0.
 
  2018           0.       1.       2.      -3.       0.       2.
                -2.       3.      -1.      -1.       0.       2.            0.
 
  2019          -3.       0.       6.      -3.      -1.      -2.
                 1.      -1.       0.       0.       0.       1.           -0.
 
  2020          -1.       0.       0.       0.       1.      -1.
                 0.       0.       0.       0.       0.       0.           -0.
 
  2021           0.       0.       0.       0.       0.       0.
                 0.       0.       0.       0.       0.       0.            0.
 
  2022           7.      -1.       0.      -1.       3.       2.
                 3.      -6.       3.      -7.       5.      -6.            0.
 
  2023           1.       3.      -2.       3.       0.      -2.
                 2.       2.      -3.      -1.      -2.      -2.           -0.
 
  2024           3.      -1.      12.      -4.      -2.       0.
                 1.      -2.       2.       0.      -3.       2.            1.
 
  2025           7.     -10.       3.      -2.       0.       0.
                 2.      -3.       1.      -1.       3.       1.            0.
 
  2026          -3.      -2.       2.       0.       2.      -4.
                                                                           -1.
 
  AVGE           0.      -0.       2.      -0.      -0.      -1.
                 1.       0.      -1.      -1.       0.       0.

  Table Total-           4.   Mean-         0.   Std. Dev.-         3.
                              Min -       -20.        Max -        19.
        bps_permits 11020            PAGE  19, SERIES bps_permits_addi

 E 18  Final adjustment ratios
  From  2004.Jan to 2026.Jun
  Observations        270
 -----------------------------------------------------------------------------
               Jan      Feb      Mar      Apr      May      Jun 
               Jul      Aug      Sep      Oct      Nov      Dec         AVGE  
 -----------------------------------------------------------------------------
  2004       39.169   56.972  100.182   97.675  106.449  120.345
            108.381  104.834   57.896   86.958   82.580  148.825        92.522
 
  2005        0.000   55.994   95.232    0.000   -0.000  215.218
            127.699  143.942   60.582   82.929   88.778  150.671        85.087
 
  2006       69.210   74.355    0.000    0.000  162.228  161.708
            149.279  159.652    0.000   72.528    0.000  139.339        82.358
 
  2007       68.044   63.935   81.774   92.469  118.446  111.156
            109.095  191.256   84.626   86.824   87.431  167.417       105.206
 
  2008       93.642    0.000    0.000   93.282  169.376   -0.000
             -0.000  108.169  104.735   80.568   81.574   -0.000        60.945
 
  2009       84.038   86.062   67.688   96.579  154.525    0.000
            126.812  111.321  103.294    0.000   85.106   89.763        83.766
 
  2010        0.000  108.922   89.561    0.000  106.310   99.401
            200.105   -0.000  106.948   78.979    0.000   85.026        72.938
 
  2011       83.130  119.427    0.000   68.028    0.000   -0.000
           ********  131.508   -0.000   81.162   86.340   85.352     -5203.546
 
  2012        0.000  126.329   91.941    0.000   88.661  123.782
            195.667  114.967   90.759   88.001   93.619   92.091        92.151
 
  2013       57.149  161.879  100.664   73.691   88.057  117.832
            118.444  120.511   79.010   97.139   81.649    0.000        91.336
 
  2014       60.759  112.784  104.103    0.000   89.202   -0.000
            120.646  132.442   77.966   96.361    0.000    0.000        66.189
 
  2015        0.000   -0.000   -0.000    0.000    0.000   -0.000
             -0.000   -0.000    0.000    0.000    0.000    0.000         0.000
 
  2016        0.000   -0.000   -0.000    0.000    0.000   -0.000
             -0.000   -0.000    0.000    0.000    0.000    0.000         0.000
 
  2017        0.000   -0.000   -0.000   -0.000   -0.000   -0.000
             -0.000   -0.000   -0.000    0.000    0.000    0.000         0.000
 
  2018        0.000  115.105  104.458   -0.000   -0.000  129.834
             -0.000  109.342  101.573   79.349   73.026   82.270        66.246
 
  2019        0.000   -0.000  102.615  106.911  119.179   -0.000
            127.541   -0.000   -0.000    0.000    0.000   47.578        41.985
 
  2020        0.000   -0.000   -0.000   -0.000  229.308   -0.000
             -0.000   -0.000   -0.000    0.000    0.000    0.000        19.109
 
  2021        0.000   -0.000   -0.000   -0.000   -0.000   -0.000
             -0.000    0.000   -0.000    0.000    0.000    0.000         0.000
 
  2022       87.256   97.398  101.067  122.098  113.354  107.615
            109.089   97.960  108.385   96.203   92.861   45.795        98.257
 
  2023       75.404   90.812  105.229  117.616  117.471  112.439
            121.135   97.050  116.502   98.442   85.638   30.977        97.393
 
  2024       81.176   75.723  101.905  110.832  113.499  103.232
            114.961   96.340  108.229   99.329   95.160   82.271        98.555
 
  2025       95.698   81.937  104.538  117.612  118.635  100.157
            115.568   94.693  109.725   99.449   96.777   87.386       101.848
 
  2026       93.374   76.628  107.162  113.858  112.607   97.217
                                                                       100.141
 
  AVGE       42.959   65.403   63.396   52.637   87.274   69.562
           ********   82.454   59.556   60.192   51.388   60.671

  Table Total-      -45571.   Mean-      -169.   Std. Dev.-      3847.
                              Min -    -63097.        Max -       229.

 E 18.A  Final adjustment ratio forecasts
  From  2026.Jul to 2027.Jun
  Observations         12
 -----------------------------------------------------------------------------
               Jan      Feb      Mar      Apr      May      Jun 
               Jul      Aug      Sep      Oct      Nov      Dec         AVGE  
 -----------------------------------------------------------------------------
  2026                                                          
            123.180   95.443  107.719   99.710   95.599   86.505       101.359
 
  2027       95.942   81.144  108.518  109.431  115.366   97.603
                                                                       101.334
 
        bps_permits 11020            PAGE  20, SERIES bps_permits_addi

 E 18.B  Total adjustment factors
  From  2004.Jan to 2026.Jun
  Observations        270
 -----------------------------------------------------------------------------
               Jan      Feb      Mar      Apr      May      Jun 
               Jul      Aug      Sep      Oct      Nov      Dec         AVGE  
 -----------------------------------------------------------------------------
  2004          -2.      -1.       0.      -1.       1.       1.
                 0.       1.      -1.      -0.      -0.       2.           -0.
 
  2005          -1.      -1.      -0.      -1.       1.       1.
                 0.       1.      -1.      -0.      -0.       1.           -0.
 
  2006          -1.      -1.      -0.      -0.       1.       1.
                 0.       1.      -1.      -0.      -0.       1.           -0.
 
  2007          -0.      -1.      -0.      -0.       1.       0.
                 1.       0.      -0.      -0.      -0.       0.           -0.
 
  2008          -0.      -0.      -1.      -0.       0.       0.
                 1.       0.       0.      -0.      -0.       0.           -0.
 
  2009          -0.      -0.      -0.      -0.       0.      -0.
                 1.       0.       0.      -0.      -0.      -0.           -0.
 
  2010          -0.       0.      -0.      -0.       0.      -0.
                 1.       0.       0.      -0.      -0.      -0.            0.
 
  2011          -1.       0.      -0.      -0.      -0.       0.
                 1.       0.       0.      -0.      -0.      -0.            0.
 
  2012          -1.       0.      -0.      -1.      -0.       1.
                 1.       0.      -0.      -0.      -0.      -0.           -0.
 
  2013          -1.       0.       0.      -1.      -0.       1.
                 1.       1.      -0.      -0.      -0.      -0.           -0.
 
  2014          -1.       0.       0.      -1.      -0.       1.
                 1.       0.      -0.      -0.      -0.      -0.           -0.
 
  2015          -0.       0.       0.      -0.      -0.       1.
                 0.       0.      -0.      -0.      -0.      -0.           -0.
 
  2016          -0.       0.       0.      -0.      -0.       0.
                 0.       0.      -0.      -0.      -0.      -0.           -0.
 
  2017          -0.       0.       0.       0.       0.       0.
                 0.       0.       0.      -0.      -0.      -0.           -0.
 
  2018          -0.       0.       0.       0.       0.       0.
                 0.       0.       0.      -0.      -0.      -1.           -0.
 
  2019          -0.       0.       0.       0.       0.       1.
                 0.       0.       0.      -0.      -0.      -1.           -0.
 
  2020          -1.       0.       0.       0.       1.       1.
                 0.       0.       0.      -0.      -0.      -2.           -0.
 
  2021          -1.       0.       0.       1.       1.       1.
                 1.      -0.       1.      -0.      -1.      -2.           -0.
 
  2022          -1.      -0.       0.       1.       1.       1.
                 1.      -0.       1.      -0.      -1.      -2.            0.
 
  2023          -1.      -1.       0.       1.       1.       1.
                 1.      -0.       1.      -0.      -1.      -2.            0.
 
  2024          -1.      -1.       0.       1.       1.       0.
                 1.      -0.       1.      -0.      -0.      -2.            0.
 
  2025          -1.      -1.       0.       1.       1.       0.
                 1.      -0.       1.      -0.      -0.      -1.            0.
 
  2026          -0.      -2.       0.       1.       1.      -0.
                                                                            0.
 
  AVGE          -1.      -0.      -0.       0.       0.       0.
                 1.       0.      -0.      -0.      -0.      -1.

  Table Total-          -1.   Mean-        -0.   Std. Dev.-         1.
                              Min -        -2.        Max -         2.

 E 18.C  Total adjustment factor forecasts
  From  2026.Jul to 2027.Jun
  Observations         12
 -----------------------------------------------------------------------------
               Jan      Feb      Mar      Apr      May      Jun 
               Jul      Aug      Sep      Oct      Nov      Dec         AVGE  
 -----------------------------------------------------------------------------
  2026                                                          
                 1.      -0.       1.      -0.      -0.      -1.           -0.
 
  2027          -0.      -2.       1.       1.       1.      -0.
                                                                           -0.
 

  QS statistic for seasonality:
  Original Series                                     0.16  (P-Value =     0.9250)
  Original Series (EV adj)                            0.16  (P-Value =     0.9250)
  Residuals                                           0.01  (P-Value =     0.9963)
  Seasonally Adjusted Series                          0.00  (P-Value =     1.0000)
  Seasonally Adjusted Series (EV adj)                 0.00  (P-Value =     1.0000)
  Irregular Series                                    0.00  (P-Value =     1.0000)
  Irregular Series (EV adj)                           0.00  (P-Value =     1.0000)

  QS statistic for seasonality (starting 2018.Jul):
  Original Series                                     0.22  (P-Value =     0.8964)
  Original Series (EV adj)                            0.22  (P-Value =     0.8964)
  Residuals                                           0.05  (P-Value =     0.9739)
  Seasonally Adjusted Series                          0.00  (P-Value =     1.0000)
  Seasonally Adjusted Series (EV adj)                 0.00  (P-Value =     1.0000)
  Irregular Series                                    0.00  (P-Value =     1.0000)
  Irregular Series (EV adj)                           0.00  (P-Value =     1.0000)
        bps_permits 11020            PAGE  21, SERIES bps_permits_addi


  Visually significant residual trading day peaks have been
  found in the spectral plot of the following series starting in 2018.Jul:

          differenced original series (Table A1 or B1) (1 Trading Day peak(s))



 WARNING: Series should not be a candidate for seasonal adjustment
          because the spectrum of the original series (Table A1 or B1)
          has no visually significant seasonal peaks.

          If this is a component series of an indirectly adjusted
          composite series, consider using type = trend or type = summary
          in the x11 spec.
        bps_permits 11020            PAGE  22, SERIES bps_permits_addi
 G 0  10*LOG(SPECTRUM) of the differenced Original Series
      (Table A1 or B1).  Spectrum estimated from 2018.Jul to 2026.Jun.
 ++++++++++I+++++++++++++++++++++++++++++++++++++++++++++++++++++++++++++I
      22.07I                                                            SI     22.07
           I                                                            SI
           I                                                            SI
           I                                                            SI
      20.04I                                                            SI     20.04
           I                                                            SI
           I                                                            SI
           I                                                            SI
      18.01I                                                            SI     18.01
           I                                                            SI
           I                                                            SI
           I                                                            SI
      15.97I                                                            SI     15.97
           I                                                            SI
           I                                                    T       SI
           I                                                    T       SI
      13.94I                                                    T       SI     13.94
           I                                               *    T       SI
           I                                               *    T       SI
           I                       *             *    T    *    T       SI
      11.91I                       *             *    T   **    T      *SI     11.91
           I                       *            **    T*  **    T      *SI
           I                       *            **    T*  **    T*  *  *SI
           I                       *            ***   T*  **    T* **  *SI
       9.87I                       **           ***   T*  **   *T* **  *SI      9.87
           I                  *    **   *      ****   T*  **   *T* **  *SI
           I                  *    **   *      ****  *T*  **   *T***** *SI
           I                  *    **   *     *****  *T* ***   *T*******SI
       7.84I                  *    **   **    ****** *T******  *T*******SI      7.84
           I                  *    **   **    ******S*T******  *T*******SI
           I                  *    **   **   *******S*T******  *T*******SI
           I          S  *    **   **   **   *******S*T****** S*T*******SI
       5.81I          S***    **   **  ***   *******S*T****** S*T*******SI      5.81
           I          S***    **   **  ***   *******S*T*******S*T*******SI
           I         *S****  ***   *** ***S ********S*T*******S*T*******SI
           I         *S****  ***  **** ***S ********S*T*******S*T*******SI
       3.77I         *S****  ***  ********S*********S*T*******S*T*******SI      3.77
           I         *S****  ***  ********S*********S*T*******S*T*******SI
           I     *   *S*********S ********S*********S*T*******S*T*******SI
           I    **   *S*********S ********S*********S*T*******S*T*******SI
       1.74I    **  **S*********S*********S*********S*T*******S*T*******SI      1.74
           I    *** **S*********S*********S*********S*T*******S*T*******SI
           I    ******S*********S*********S*********S*T*******S*T*******SI
           I    ******S*********S*********S*********S*T*******S*T*******SI
      -0.29I   *******S*********S*********S*********S*T*******S*T*******SI     -0.29
           I   *******S*********S*********S*********S*T*******S*T*******SI
           I   *******S*********S*********S*********S*T*******S*T*******SI
           I   *******S*********S*********S*********S*T*******S*T*******SI
      -2.33I   *******S*********S*********S*********S*T*******S*T*******SI     -2.33
           I  ********S*********S*********S*********S*T*******S*T*******SI
           I  ********S*********S*********S*********S*T*******S*T*******SI
           I  ********S*********S*********S*********S*T*******S*T*******SI
      -4.36I**********S*********S*********S*********S*T*******S*T*******SI     -4.36
 ++++++++++I+++++++++++++++++++++++++++++++++++++++++++++++++++++++++++++I
            S=SEASONAL FREQUENCIES, T=TRADING DAY FREQUENCIES
        bps_permits 11020            PAGE  23, SERIES bps_permits_addi
 G 1  10*LOG(SPECTRUM) of the differenced seasonally adjusted 
      data (Table E2).  Spectrum estimated from 2018.Jul to 2026.Jun.
 ++++++++++I+++++++++++++++++++++++++++++++++++++++++++++++++++++++++++++I
      15.23I                                           *                 I     15.23
           I                                           *                 I
           I                                           *                 I
           I                                           *                 I
      13.66I                                           *                 I     13.66
           I                                           *                 I
           I                                           *                 I
           I                                           *                 I
      12.09I                                           *                 I     12.09
           I                                           *                 I
           I                                           *                 I
           I                                           *                 I
      10.52I                                           *                 I     10.52
           I                                           *                 I
           I                                           *                 I
           I                                           *                 I
       8.95I                                           **                I      8.95
           I                                           **                I
           I                                           **            *   I
           I                                           **            *   I
       7.38I                                 *         **        *   *   I      7.38
           I                                 *         **        *   *   I
           I                           *     *         **        *   *   I
           I                           *     *         **        *   *   I
       5.81I                          **     *        T***       *   **  I      5.81
           I                          **     *        T***       *   **  I
           I                          **     *        T***       **  **  I
           I                          **    **        T***       **  **  I
       4.24I                  *       **    ***       T***       ** ***  I      4.24
           I             *    *       **    *** *     T***       ** ***  I
           I             *    *       **    *****     T***       ** ***  I
           I             *    *       **    *****     T***       ******  I
       2.66I             *    *       **    ******    T***       ******  I      2.66
           I    **       *    *     ****    ******    T****     T******  I
           I    **       *    *     ****    ******    T****     T******  I
           I    **       *    *    *****    ******    T****     T******* I
       1.09I    **  *    **   *    *****    ******    T****     T******* I      1.09
           I    *** *    **  **    *****    ******   *T****     T******* I
           I    ******   **  **    ******   ******   *T****     T*******SI
           I    ******  ***  **    ******   *******  *T****     T*******SI
      -0.48I    ******  ***  **    ******  ********  *T****     T*******SI     -0.48
           I    ******  ***  **    ******  ******** S*T****     T*******SI
           I   *******  ***  ***   ******  ******** S*T*****   *T*******SI
           I   *******  ***  ***   ******  *********S*T*****   *T*******SI
      -2.05I   *******S ***  ***  *******  *********S*T*****   *T*******SI     -2.05
           I   *******S*********  ******** *********S*T*****   *T*******SI
           I   *******S*********  ********S*********S*T*****   *T*******SI
           I   *******S*********  ********S*********S*T****** S*T*******SI
      -3.62I  ********S*********  ********S*********S*T****** S*T*******SI     -3.62
           I  ********S*********S*********S*********S*T*******S*T*******SI
           I  ********S*********S*********S*********S*T*******S*T*******SI
           I *********S*********S*********S*********S*T*******S*T*******SI
      -5.19I**********S*********S*********S*********S*T*******S*T*******SI     -5.19
 ++++++++++I+++++++++++++++++++++++++++++++++++++++++++++++++++++++++++++I
            S=SEASONAL FREQUENCIES, T=TRADING DAY FREQUENCIES
        bps_permits 11020            PAGE  24, SERIES bps_permits_addi
 G 2  10*LOG(SPECTRUM) of the Modified Irregular (Table E3).  
      Spectrum estimated from 2018.Jul to 2026.Jun.
 ++++++++++I+++++++++++++++++++++++++++++++++++++++++++++++++++++++++++++I
      10.37I                                           *                 I     10.37
           I                                           *                 I
           I                                           *                 I
           I                                           *                 I
       8.34I                                           *                 I      8.34
           I                                           *                 I
           I                                           *                 I
           I                                           *                 I
       6.31I                                           *                 I      6.31
           I                                           *                 I
           I                                           *                 I
           I                                           *                 I
       4.28I                          *                *                 I      4.28
           I                  *       **               **                I
           I                  *       **     *         **                I
           I                  *       **     *         **                I
       2.25I                  *       **     *         **            *   I      2.25
           I                  *       **     *         **            *   I
           I                  *       **    **         **        *   *   I
           I                  *    *  **    **        T***       *   **  I
       0.22I                  *    ** **    ***       T***       *   **  I      0.22
           I             *    *    *****    ***       T***       *   **  I
           I             *    *    *****    *** *     T***       *   **  I
           I             *    *    *****    ******    T***       **  **  I
      -1.82I             *    *    *****    ******    T***       ** ***  I     -1.82
           I             *    *    *****    ******    T***       ** ***  I
           I            ***  ***   ******  *******    T****     T******  I
           I          S ***  ***  *******  *******    T****     T******  I
      -3.85I          S****  ***  *******  ********   T****     T******* I     -3.85
           I          S****  ***  *******  ********  *T****     T******* I
           I          S****  ***  *******  ********  *T****     T*******SI
           I         *S****  ***  ********S********  *T****     T*******SI
      -5.88I   *     *S*********  ********S*********S*T****     T*******SI     -5.88
           I   **    *S*********S*********S*********S*T*****   *T*******SI
           I   **    *S*********S*********S*********S*T*****   *T*******SI
           I   **    *S*********S*********S*********S*T*****   *T*******SI
      -7.91I   **    *S*********S*********S*********S*T*****   *T*******SI     -7.91
           I   **    *S*********S*********S*********S*T****** S*T*******SI
           I   **   **S*********S*********S*********S*T****** S*T*******SI
           I   **   **S*********S*********S*********S*T*******S*T*******SI
      -9.94I   **   **S*********S*********S*********S*T*******S*T*******SI     -9.94
           I   ***  **S*********S*********S*********S*T*******S*T*******SI
           I   ***  **S*********S*********S*********S*T*******S*T*******SI
           I   *** ***S*********S*********S*********S*T*******S*T*******SI
     -11.98I  ********S*********S*********S*********S*T*******S*T*******SI    -11.98
           I  ********S*********S*********S*********S*T*******S*T*******SI
           I  ********S*********S*********S*********S*T*******S*T*******SI
           I  ********S*********S*********S*********S*T*******S*T*******SI
     -14.01I  ********S*********S*********S*********S*T*******S*T*******SI    -14.01
           I  ********S*********S*********S*********S*T*******S*T*******SI
           I  ********S*********S*********S*********S*T*******S*T*******SI
           I *********S*********S*********S*********S*T*******S*T*******SI
     -16.04I**********S*********S*********S*********S*T*******S*T*******SI    -16.04
 ++++++++++I+++++++++++++++++++++++++++++++++++++++++++++++++++++++++++++I
            S=SEASONAL FREQUENCIES, T=TRADING DAY FREQUENCIES
        bps_permits 11020            PAGE  25, SERIES bps_permits_addi

  Peak probabilities for Tukey spectrum estimator
  Spectrum estimated from 2018.Jul to 2026.Jun.

                                          S1       S2       S3       S4       S5       S6       TD
                                        ------   ------   ------   ------   ------   ------   ------
  Model Residuals                        0.229    0.137    0.610    0.115    0.550    0.675    0.293  
  Original Series (Table A1 or B1)       0.566    0.112    0.181    0.129    0.107    0.991**  0.744  
  Seasonally adjusted series (E2)        0.070    0.010    0.017    0.045    0.036    0.239    0.931* 
  Modified Irregular (E3)                0.468    0.010    0.024    0.040    0.043    0.260    0.928* 
  ----------
     ** - Peak Probability > 0.99,
      * - 0.90 < Peak Probability < 0.99


