  Reading input spec file from D:\Programming\Dynamic Paper-dlrhcs_replication\outputs\empirical\unemployment\raw_sa_pilot\x13_work\bps_permits_additive_level_21140_200401_202606.spc

1

               U. S. Department of Commerce, U. S. Census Bureau

              X-13ARIMA-SEATS monthly seasonal adjustment Method,
                          Release Version 1.1 Build 62


           This software application provides an enhanced version of
             Statistics Canada's X-11-ARIMA extension (Dagum, 1980)
                 of the X-11 variant of the Census Method II of
                      Shiskin, Young and Musgrave (1967).

            It also provides an ARIMA model-based method following
       Hillmer and Tiao (1982) and Burman (1980) that is very similar
       to the update of the method of SEATS (Gomez and Maravall, 1996)
                produced at the Bank of Spain by G. Caporello and
               A. Maravall for TSW (Caporello and Maravall, 2004).
          The present application includes additional enhancements.

         X-13ARIMA-SEATS includes an automatic ARIMA model selection procedure
          based largely on the procedure of Gomez and Maravall (1998)
            as implemented in TRAMO (1996) and subsequent revisions.

              Primary Programmers: Brian Monsell, Mark Otto and,
                 for the ARIMA model-based signal extraction,
                      Gianluca Caporello and Victor Gomez


     Series Title- bps_permits 21140
     Series Name- bps_permits_addi
     Jul 29, 2026  08.25.50 

        -Period covered-  1st month,2004 to  6th month,2026
        -Type of run - additive seasonal adjustment

        -Sigma limits for graduating extreme values are  1.5 and  2.5 .
        -3x3 moving average used in section 1 of each iteration, 
         3x5 moving average in section 2 of iterations B and C,
         moving average for final seasonal factors chosen by Global MSR.
        -Holiday adjustment factors applied directly to the final seasonally adjusted series
        -Spectral plots generated for selected series
        -Spectral plots generated for series starting in 2018.Jul

 FILE SAVE REQUESTS (* indicates file exists and will be overwritten)
  D:\Programming\Dynamic Paper-dlrhcs_replication\outputs\empirical\unemployment\raw_sa_pilot\x13_work\bps_permits_additive_level_21140_200401_202606.d10  final seasonal factors
  D:\Programming\Dynamic Paper-dlrhcs_replication\outputs\empirical\unemployment\raw_sa_pilot\x13_work\bps_permits_additive_level_21140_200401_202606.d11  final seasonally adjusted data
  D:\Programming\Dynamic Paper-dlrhcs_replication\outputs\empirical\unemployment\raw_sa_pilot\x13_work\bps_permits_additive_level_21140_200401_202606.out  program output file
  D:\Programming\Dynamic Paper-dlrhcs_replication\outputs\empirical\unemployment\raw_sa_pilot\x13_work\bps_permits_additive_level_21140_200401_202606.err  program error file
        bps_permits 21140            PAGE   1, SERIES bps_permits_addi

     Contents of spc file D:\Programming\Dynamic Paper-dlrhcs_replication\outputs\empirical\unemployment\raw_sa_pilot\x13_work\bps_permits_additive_level_21140_200401_202606.spc

 Line #
 ------
      1: series {
      2:   title = "bps_permits 21140"
      3:   start = 2004.1
      4:   period = 12
      5:   data = (
      6: 72
      7: 64
      8: 88
      9: 139
     10: 115
     11: 105
     12: 83
     13: 169
     14: 76
     15: 92
     16: 84
     17: 90
     18: 69
     19: 54
     20: 109
     21: 99
     22: 91
     23: 104
     24: 96
     25: 77
     26: 70
     27: 82
     28: 86
     29: 61
     30: 73
     31: 57
     32: 111
     33: 72
     34: 75
     35: 90
     36: 66
     37: 72
     38: 73
     39: 73
     40: 59
     41: 47
     42: 50
     43: 35
     44: 69
     45: 62
     46: 65
     47: 55
     48: 73
     49: 70
     50: 61
     51: 47
     52: 30
     53: 58
     54: 28
     55: 29
     56: 29
     57: 39
     58: 38
     59: 46
     60: 35
     61: 183
     62: 23
     63: 38
     64: 14
     65: 4
     66: 10
     67: 5
     68: 10
     69: 11
     70: 12
     71: 12
     72: 11
     73: 16
     74: 17
     75: 61
     76: 12
     77: 11
     78: 9
     79: 11
     80: 17
     81: 19
     82: 19
     83: 19
     84: 18
     85: 16
     86: 10
     87: 15
     88: 76
     89: 7
     90: 8
     91: 5
     92: 13
     93: 9
     94: 23
     95: 20
     96: 8
     97: 12
     98: 12
     99: 11
    100: 14
    101: 14
    102: 10
    103: 12
    104: 16
    105: 22
    106: 25
    107: 16
    108: 10
    109: 18
    110: 15
    111: 36
    112: 23
    113: 15
    114: 23
    115: 17
    116: 20
    117: 25
    118: 30
    119: 31
    120: 24
    121: 47
    122: 15
    123: 20
    124: 28
    125: 19
    126: 11
    127: 12
    128: 16
    129: 18
    130: 31
    131: 22
    132: 32
    133: 32
    134: 18
    135: 30
    136: 14
    137: 30
    138: 12
    139: 17
    140: 26
    141: 16
    142: 20
    143: 23
    144: 26
    145: 30
    146: 23
    147: 20
    148: 19
    149: 16
    150: 17
    151: 26
    152: 16
    153: 26
    154: 36
    155: 29
    156: 29
    157: 28
    158: 23
    159: 26
    160: 0
    161: 23
    162: 24
    163: 22
    164: 32
    165: 19
    166: 27
    167: 26
    168: 25
    169: 31
    170: 22
    171: 27
    172: 20
    173: 15
    174: 11
    175: 17
    176: 26
    177: 27
    178: 28
    179: 27
    180: 24
    181: 28
    182: 24
    183: 23
    184: 13
    185: 12
    186: 9
    187: 20
    188: 20
    189: 25
    190: 21
    191: 29
    192: 15
    193: 19
    194: 21
    195: 19
    196: 22
    197: 16
    198: 21
    199: 24
    200: 27
    201: 22
    202: 24
    203: 19
    204: 47
    205: 12
    206: 21
    207: 38
    208: 11
    209: 26
    210: 19
    211: 27
    212: 41
    213: 28
    214: 30
    215: 30
    216: 25
    217: 26
    218: 25
    219: 21
    220: 24
    221: 20
    222: 30
    223: 19
    224: 28
    225: 26
    226: 31
    227: 20
    228: 33
    229: 104
    230: 38
    231: 38
    232: 24
    233: 13
    234: 9
    235: 11
    236: 38
    237: 21
    238: 40
    239: 36
    240: 33
    241: 16
    242: 28
    243: 25
    244: 21
    245: 17
    246: 19
    247: 17
    248: 58
    249: 29
    250: 35
    251: 21
    252: 41
    253: 37
    254: 44
    255: 37
    256: 62
    257: 17
    258: 13
    259: 158
    260: 32
    261: 51
    262: 37
    263: 38
    264: 44
    265: 36
    266: 46
    267: 34
    268: 20
    269: 66
    270: 16
    271: 22
    272: 24
    273: 58
    274: 33
    275: 36
    276:   )
    277: }
    278: transform { function = none }
    279: regression { aictest = (td easter) }
    280: automdl {}
    281: x11 { mode = add save = (d10 d11) }
        bps_permits 21140            PAGE   2, SERIES bps_permits_addi

 A 1  Time series data (for the span analyzed)
  From  2004.Jan to 2026.Jun
  Observations        270
 -----------------------------------------------------------------------------
               Jan      Feb      Mar      Apr      May      Jun 
               Jul      Aug      Sep      Oct      Nov      Dec        TOTAL  
 -----------------------------------------------------------------------------
  2004          72.      64.      88.     139.     115.     105.
                83.     169.      76.      92.      84.      90.         1177.
 
  2005          69.      54.     109.      99.      91.     104.
                96.      77.      70.      82.      86.      61.          998.
 
  2006          73.      57.     111.      72.      75.      90.
                66.      72.      73.      73.      59.      47.          868.
 
  2007          50.      35.      69.      62.      65.      55.
                73.      70.      61.      47.      30.      58.          675.
 
  2008          28.      29.      29.      39.      38.      46.
                35.     183.      23.      38.      14.       4.          506.
 
  2009          10.       5.      10.      11.      12.      12.
                11.      16.      17.      61.      12.      11.          188.
 
  2010           9.      11.      17.      19.      19.      19.
                18.      16.      10.      15.      76.       7.          236.
 
  2011           8.       5.      13.       9.      23.      20.
                 8.      12.      12.      11.      14.      14.          149.
 
  2012          10.      12.      16.      22.      25.      16.
                10.      18.      15.      36.      23.      15.          218.
 
  2013          23.      17.      20.      25.      30.      31.
                24.      47.      15.      20.      28.      19.          299.
 
  2014          11.      12.      16.      18.      31.      22.
                32.      32.      18.      30.      14.      30.          266.
 
  2015          12.      17.      26.      16.      20.      23.
                26.      30.      23.      20.      19.      16.          248.
 
  2016          17.      26.      16.      26.      36.      29.
                29.      28.      23.      26.       0.      23.          279.
 
  2017          24.      22.      32.      19.      27.      26.
                25.      31.      22.      27.      20.      15.          290.
 
  2018          11.      17.      26.      27.      28.      27.
                24.      28.      24.      23.      13.      12.          260.
 
  2019           9.      20.      20.      25.      21.      29.
                15.      19.      21.      19.      22.      16.          236.
 
  2020          21.      24.      27.      22.      24.      19.
                47.      12.      21.      38.      11.      26.          292.
 
  2021          19.      27.      41.      28.      30.      30.
                25.      26.      25.      21.      24.      20.          316.
 
  2022          30.      19.      28.      26.      31.      20.
                33.     104.      38.      38.      24.      13.          404.
 
  2023           9.      11.      38.      21.      40.      36.
                33.      16.      28.      25.      21.      17.          295.
 
  2024          19.      17.      58.      29.      35.      21.
                41.      37.      44.      37.      62.      17.          417.
 
  2025          13.     158.      32.      51.      37.      38.
                44.      36.      46.      34.      20.      66.          575.
 
  2026          16.      22.      24.      58.      33.      36.
                                                                          189.
 
  AVGE          24.      30.      38.      38.      39.      37.
                36.      49.      32.      37.      31.      27.

  Table Total-        9381.   Mean-        35.   Std. Dev.-        28.
                              Min -         0.        Max -       183.
        bps_permits 21140            PAGE   3, SERIES bps_permits_addi
                        Automatic ARIMA Model Selection

                    Procedure based closely on TRAMO method 
                         of Gomez and Maravall (2000)
              "Automatic Modeling Methods for Univariate Series",
                            A Course in Time Series
                  (Edited by D. Pena, G. C. Tiao, R. S. Tsay),
                         New York : J. Wiley and Sons


     Maximum order for regular ARMA parameters :   2
     Maximum order for seasonal ARMA parameters :   1
     Maximum order for regular differencing :   2
     Maximum order for seasonal differencing :   1

   Results of Unit Root Test for identifying orders of differencing:
     Regular difference order :   0
     Seasonal difference order :   0

  Automatic model choice : (1 0 1)(1 0 1)
   Model changed to 
   ( 0, 1, 1) ( 0, 1, 1)


  Final Checks for Identified Model


  Checking for Unit Roots.
   No unit roots found.

  Checking for nonseasonal overdifferencing.
   Nonseasonal MA not within  0.001 of 1.0 - model passes test.

  Checking for insignificant ARMA coefficients.

  Final automatic model choice : (0 1 1)(0 1 1)
   End of automatic model selection procedure.

 Average absolute percentage error in within-sample forecasts:
  Last year:  75.92      Last-1 year:  36.40     Last-2 year:  59.03
  Last three years:   57.12

 Estimation converged in    2 ARMA iterations,   17 function evaluations.

 Regression Model
 ------------------------------------------------------------------------------
                             Parameter        Standard
 Variable                     Estimate           Error      t-value
 ------------------------------------------------------------------------------
 Constant                       0.0746         0.02489         3.00
 ------------------------------------------------------------------------------


 ARIMA Model:  (0 1 1)(0 1 1)
   Nonseasonal differences: 1
   Seasonal differences:    1
                                              Standard
 Parameter                    Estimate          Errors
 -----------------------------------------------------
 Nonseasonal MA                                    
   Lag  1                       0.8973         0.02790

 Seasonal MA                                       
   Lag 12                       0.8747         0.03306

 Variance                       0.34573E+03
 SE of Var                      0.30499E+02
 -----------------------------------------------------

 Likelihood Statistics
 ------------------------------------------------------------------
 Number of observations (nobs)                                  270
 Effective number of observations (nefobs)                      257
 Number of parameters estimated (np)                              4
 Log likelihood (L)                                      -1125.6003
 AIC                                                      2259.2006 
 AICC (F-corrected-AIC)                                   2259.3593 
 Hannan Quinn                                             2264.9096 
 BIC                                                      2273.3969 
 ------------------------------------------------------------------

 QS Statistic for regARIMA Model Residuals (full series):             0.00
                                                       (P-Value =     1.0000)

 QS Statistic for regARIMA Model Residuals (starting 2018.Jul):       0.00
                                                       (P-Value =     1.0000)


  At least one visually significant residual trading day peaks has been
  found in the spectral plot of the following series starting in 2018.Jul:

          regARIMA model residuals (1 Trading Day peak(s))




      10*LOG(SPECTRUM) of the regARIMA model residuals
      Spectrum estimated from 2018.Jul to 2026.Jun.
 ++++++++++I+++++++++++++++++++++++++++++++++++++++++++++++++++++++++++++I
      33.00I                                    *                        I     33.00
           I                                    *                        I
           I                                    *                        I
           I                                    *                        I
      31.63I                                    *                        I     31.63
           I                                    *                        I
           I                                    *       *                I
           I                                    *       *   *   T        I
      30.26I                                    *       *   *   T        I     30.26
           I    *                               *       *   *   T        I
           I    *                            *  *       *   *   T        I
           I    *       *           *        *  *       *   *   T        I
      28.90I    *       *           *        *  *       *   *   T        I     28.90
           I    *       *           *        *  *       *   *   T        I
           I    *       *           *        *  *       *   *   T        I
           I    *       *           *        *  *       *   **  T    *   I
      27.53I    *       *           *        * **       *   **  T    *   I     27.53
           I    *       *           *        * **       *   **  T    *   I
           I    *       *           *        * **       **  **  T    *   I
           I    *       **          *        * **       **  ** *T    *   I
      26.16I    *       **          *   *    ****       **  ** *T   **   I     26.16
           I    *       **          *   *    ****       **  ** *T   **   I
           I    *       ** *        *   *   *****       **  ** *T   **   I
           I    *       ** **       *   *   *****       ** ***S*T*  **   I
      24.79I    *   *   ** **       *   *   ******      ** ***S*T*  ***  I     24.79
           I    *  **   ** **       ** **   ******      ** ***S*T*  ***  I
           I   **  **   *****       ** **   ******     *** ***S*T*  ***  I
           I   *** **   *****      *** **   ******     *******S*T*  ***  I
      23.42I   *** **   *****      *** **   ******     *******S*T*  ****SI     23.42
           I   *** **  ******      *** **   ******     *******S*T*  ****SI
           I   *** **  ******      *** **   ******     *******S*T*  ****SI
           I   ******  ******      ******   ******     *******S*T* *****SI
      22.06I   ******  ******   S  ******   ******   *T*******S*T* *****SI     22.06
           I   ******  ******   S  *******  ******   *T*******S*T*******SI
           I   ******* *******  S* *******  ******  S*T*******S*T*******SI
           I   ******* *******  S*********  ******* S*T*******S*T*******SI
      20.69I   ******* ******* *S*********  ******* S*T*******S*T*******SI     20.69
           I   *******S******* *S********* *********S*T*******S*T*******SI
           I   *******S******* *S********* *********S*T*******S*T*******SI
           I   *******S*********S********* *********S*T*******S*T*******SI
      19.32I   *******S*********S*********S*********S*T*******S*T*******SI     19.32
           I   *******S*********S*********S*********S*T*******S*T*******SI
           I   *******S*********S*********S*********S*T*******S*T*******SI
           I  ********S*********S*********S*********S*T*******S*T*******SI
      17.95I  ********S*********S*********S*********S*T*******S*T*******SI     17.95
           I  ********S*********S*********S*********S*T*******S*T*******SI
           I  ********S*********S*********S*********S*T*******S*T*******SI
           I  ********S*********S*********S*********S*T*******S*T*******SI
      16.58I  ********S*********S*********S*********S*T*******S*T*******SI     16.58
           I  ********S*********S*********S*********S*T*******S*T*******SI
           I *********S*********S*********S*********S*T*******S*T*******SI
           I *********S*********S*********S*********S*T*******S*T*******SI
      15.21I**********S*********S*********S*********S*T*******S*T*******SI     15.21
 ++++++++++I+++++++++++++++++++++++++++++++++++++++++++++++++++++++++++++I
            S=SEASONAL FREQUENCIES, T=TRADING DAY FREQUENCIES


 FORECASTING
  Origin  2026.Jun
  Number        12

  Forecasts and Standard Errors
   ------------------------------
                         Standard
       Date   Forecast      Error
   ------------------------------
   2026.Jul      46.09     18.673
   2026.Aug      52.56     18.788
   2026.Sep      44.60     18.904
   2026.Oct      45.76     19.020
   2026.Nov      41.36     19.138
   2026.Dec      40.76     19.257
   2027.Jan      33.37     19.374
   2027.Feb      50.83     19.495
   2027.Mar      49.20     19.616
   2027.Apr      50.76     19.739
   2027.May      50.51     19.863
   2027.Jun      48.68     19.987
   ------------------------------

  Confidence intervals with coverage probability ( 0.95000
   ---------------------------------------
       Date      Lower  Forecast     Upper
   ---------------------------------------
   2026.Jul       9.49     46.09     82.69
   2026.Aug      15.74     52.56     89.38
   2026.Sep       7.55     44.60     81.65
   2026.Oct       8.48     45.76     83.04
   2026.Nov       3.85     41.36     78.87
   2026.Dec       3.02     40.76     78.50
   2027.Jan      -4.60     33.37     71.34
   2027.Feb      12.62     50.83     89.04
   2027.Mar      10.75     49.20     87.65
   2027.Apr      12.07     50.76     89.45
   2027.May      11.58     50.51     89.44
   2027.Jun       9.50     48.68     87.85
   ---------------------------------------
        bps_permits 21140            PAGE   4, SERIES bps_permits_addi

 B 1  Original series (prior adjusted)
  From  2004.Jan to 2026.Jun
  Observations        270
 -----------------------------------------------------------------------------
               Jan      Feb      Mar      Apr      May      Jun 
               Jul      Aug      Sep      Oct      Nov      Dec        TOTAL  
 -----------------------------------------------------------------------------
  2004          72.      64.      88.     139.     115.     105.
                83.     169.      76.      92.      84.      90.         1177.
 
  2005          69.      54.     109.      99.      91.     104.
                96.      77.      70.      82.      86.      61.          998.
 
  2006          73.      57.     111.      72.      75.      90.
                66.      72.      73.      73.      59.      47.          868.
 
  2007          50.      35.      69.      62.      65.      55.
                73.      70.      61.      47.      30.      58.          675.
 
  2008          28.      29.      29.      39.      38.      46.
                35.     183.      23.      38.      14.       4.          506.
 
  2009          10.       5.      10.      11.      12.      12.
                11.      16.      17.      61.      12.      11.          188.
 
  2010           9.      11.      17.      19.      19.      19.
                18.      16.      10.      15.      76.       7.          236.
 
  2011           8.       5.      13.       9.      23.      20.
                 8.      12.      12.      11.      14.      14.          149.
 
  2012          10.      12.      16.      22.      25.      16.
                10.      18.      15.      36.      23.      15.          218.
 
  2013          23.      17.      20.      25.      30.      31.
                24.      47.      15.      20.      28.      19.          299.
 
  2014          11.      12.      16.      18.      31.      22.
                32.      32.      18.      30.      14.      30.          266.
 
  2015          12.      17.      26.      16.      20.      23.
                26.      30.      23.      20.      19.      16.          248.
 
  2016          17.      26.      16.      26.      36.      29.
                29.      28.      23.      26.       0.      23.          279.
 
  2017          24.      22.      32.      19.      27.      26.
                25.      31.      22.      27.      20.      15.          290.
 
  2018          11.      17.      26.      27.      28.      27.
                24.      28.      24.      23.      13.      12.          260.
 
  2019           9.      20.      20.      25.      21.      29.
                15.      19.      21.      19.      22.      16.          236.
 
  2020          21.      24.      27.      22.      24.      19.
                47.      12.      21.      38.      11.      26.          292.
 
  2021          19.      27.      41.      28.      30.      30.
                25.      26.      25.      21.      24.      20.          316.
 
  2022          30.      19.      28.      26.      31.      20.
                33.     104.      38.      38.      24.      13.          404.
 
  2023           9.      11.      38.      21.      40.      36.
                33.      16.      28.      25.      21.      17.          295.
 
  2024          19.      17.      58.      29.      35.      21.
                41.      37.      44.      37.      62.      17.          417.
 
  2025          13.     158.      32.      51.      37.      38.
                44.      36.      46.      34.      20.      66.          575.
 
  2026          16.      22.      24.      58.      33.      36.
                                                                          189.
 
  AVGE          24.      30.      38.      38.      39.      37.
                36.      49.      32.      37.      31.      27.

  Table Total-        9381.   Mean-        35.   Std. Dev.-        28.
                              Min -         0.        Max -       183.

 B 1.A  Forecasts of (prior adjusted) original series
  From  2026.Jul to 2027.Jun
  Observations         12
 -----------------------------------------------------------------------------
               Jan      Feb      Mar      Apr      May      Jun 
               Jul      Aug      Sep      Oct      Nov      Dec        TOTAL  
 -----------------------------------------------------------------------------
  2026                                                          
                46.      53.      45.      46.      41.      41.          271.
 
  2027          33.      51.      49.      51.      51.      49.
                                                                          283.
 
        bps_permits 21140            PAGE   5, SERIES bps_permits_addi

 C 17  Final weights for irregular component
  From  2004.Jan to 2026.Jun
  Observations        270
  Lower sigma limit    1.50
  Upper sigma limit    2.50
 -----------------------------------------------------------------------------
               Jan      Feb      Mar      Apr      May      Jun 
               Jul      Aug      Sep      Oct      Nov      Dec         S.D.  
 -----------------------------------------------------------------------------
  2004         100.     100.      39.       0.     100.     100.
                 9.       0.     100.     100.     100.     100.         1139.
 
  2005         100.     100.     100.     100.     100.     100.
               100.     100.     100.     100.     100.     100.         1139.
 
  2006         100.     100.     100.     100.     100.     100.
               100.     100.     100.     100.     100.     100.         1139.
 
  2007         100.     100.     100.     100.     100.     100.
               100.     100.     100.     100.     100.       0.         1019.
 
  2008         100.     100.     100.     100.     100.     100.
                10.       0.       0.     100.     100.     100.          976.
 
  2009         100.     100.     100.     100.     100.     100.
               100.     100.     100.       0.     100.     100.          922.
 
  2010         100.     100.     100.     100.     100.     100.
               100.     100.     100.     100.       0.     100.          857.
 
  2011         100.     100.     100.     100.     100.     100.
               100.     100.     100.     100.     100.     100.          681.
 
  2012         100.     100.     100.     100.     100.     100.
               100.     100.     100.       0.     100.     100.          412.
 
  2013          94.     100.     100.     100.     100.     100.
               100.       0.     100.     100.      87.     100.          419.
 
  2014         100.     100.     100.     100.     100.     100.
               100.     100.     100.     100.      50.       0.          402.
 
  2015         100.     100.     100.     100.      93.     100.
               100.     100.     100.     100.     100.     100.          346.
 
  2016         100.     100.       0.     100.     100.     100.
               100.     100.     100.     100.       0.     100.          313.
 
  2017          27.     100.     100.      94.     100.     100.
               100.     100.     100.     100.     100.     100.          289.
 
  2018         100.     100.     100.     100.     100.     100.
               100.     100.     100.     100.     100.     100.          509.
 
  2019         100.     100.     100.     100.     100.      94.
               100.     100.     100.     100.     100.     100.          506.
 
  2020         100.     100.     100.     100.     100.     100.
                 0.       0.     100.      11.      91.     100.          542.
 
  2021         100.     100.     100.     100.     100.     100.
               100.     100.     100.     100.     100.     100.          599.
 
  2022         100.     100.     100.     100.     100.     100.
               100.       0.     100.     100.     100.     100.          803.
 
  2023         100.     100.     100.     100.     100.     100.
               100.     100.     100.     100.     100.     100.         1089.
 
  2024         100.     100.      83.     100.     100.     100.
               100.     100.     100.     100.     100.       0.         1130.
 
  2025           0.       0.       0.     100.     100.     100.
               100.     100.     100.     100.     100.       0.         1081.
 
  2026         100.     100.     100.      86.     100.     100.
                                                                         1081.
 
        bps_permits 21140            PAGE   6, SERIES bps_permits_addi

 D 8  Final unmodified SI ratios
  From  2004.Jan to 2026.Jun
  Observations        270
 -----------------------------------------------------------------------------
               Jan      Feb      Mar      Apr      May      Jun 
               Jul      Aug      Sep      Oct      Nov      Dec         AVGE  
 -----------------------------------------------------------------------------
  2004         -13.     -24.      -3.      45.      18.       7.
               -15.      73.     -18.       1.      -5.       2.            6.
 
  2005         -18.     -33.      22.      11.       4.      18.
                12.      -4.     -10.       3.       6.     -21.           -1.
 
  2006         -10.     -25.      31.      -5.       1.      20.
                -2.       5.       6.       7.      -5.     -16.            1.
 
  2007         -11.     -24.      11.       4.       7.      -3.
                16.      16.      10.      -1.     -14.      17.            2.
 
  2008         -11.      -8.      -8.       2.      -1.       5.
                -7.     142.     -15.       5.     -13.     -18.            6.
 
  2009          -7.      -9.      -2.       1.       4.       6.
                 4.       8.       6.      47.      -4.      -7.            4.
 
  2010         -10.      -7.      -0.       3.       4.       5.
                 5.       3.      -2.       2.      63.      -6.            5.
 
  2011          -4.      -7.       1.      -3.      11.       8.
                -4.      -0.      -0.      -2.       1.      -1.           -0.
 
  2012          -6.      -5.      -1.       6.       9.       1.
                -5.       3.      -2.      17.       3.      -7.            1.
 
  2013           1.      -6.      -4.       1.       6.       7.
                 1.      24.      -7.      -2.       7.      -1.            2.
 
  2014          -8.      -7.      -3.      -2.      10.      -1.
                 8.       7.      -6.       6.      -9.       8.            0.
 
  2015         -10.      -4.       6.      -4.       0.       3.
                 5.       9.       1.      -2.      -4.      -7.           -0.
 
  2016          -8.      -0.     -12.      -2.       8.       3.
                 4.       4.      -1.       1.     -26.      -4.           -3.
 
  2017          -2.      -4.       8.      -4.       4.       3.
                 2.       7.      -2.       3.      -3.      -7.            0.
 
  2018         -10.      -4.       4.       5.       5.       3.
                 0.       5.       2.       2.      -7.      -7.           -0.
 
  2019          -9.       2.       1.       6.       2.      10.
                -4.      -0.       1.      -2.      -1.      -8.           -0.
 
  2020          -3.       1.       5.       1.       3.      -2.
                26.     -10.      -1.      15.     -13.       1.            2.
 
  2021          -8.      -2.      12.      -1.       2.       3.
                 0.       2.       1.      -4.      -2.      -7.           -0.
 
  2022           3.      -7.       3.       2.       6.      -7.
                 3.      71.       5.       7.      -3.     -10.            6.
 
  2023         -12.     -10.      14.      -6.      11.       7.
                 5.     -10.       4.       3.      -2.      -8.           -0.
 
  2024          -8.     -12.      28.      -2.       4.     -11.
                 8.       0.       2.     -10.      10.     -39.           -2.
 
  2025         -44.     103.     -19.       4.      -6.      -3.
                 5.      -1.      11.       2.      -8.      41.            7.
 
  2026          -9.      -4.      -5.      24.      -5.      -5.
                                                                           -1.
 
  AVGE          -9.      -4.       4.       4.       5.       3.
                 3.      16.      -1.       5.      -1.      -5.

  Table Total-         415.   Mean-         2.   Std. Dev.-        17.
                              Min -       -44.        Max -       142.
        bps_permits 21140            PAGE   7, SERIES bps_permits_addi

 D 8.B  Final unmodified SI ratios, with labels for outliers and extreme values
  From  2004.Jan to 2026.Jun
  Observations        270
 ---------------------------------------------------------------------
               Jan       Feb       Mar       Apr       May       Jun  
               Jul       Aug       Sep       Oct       Nov       Dec  
 ---------------------------------------------------------------------
  2004        -13.      -24.       -3.*      45.*      18.        7.  
              -15.*      73.*     -18.        1.       -5.        2.  
 
  2005        -18.      -33.       22.       11.        4.       18.  
               12.       -4.      -10.        3.        6.      -21.  
 
  2006        -10.      -25.       31.       -5.        1.       20.  
               -2.        5.        6.        7.       -5.      -16.  
 
  2007        -11.      -24.       11.        4.        7.       -3.  
               16.       16.       10.       -1.      -14.       17.* 
 
  2008        -11.       -8.       -8.        2.       -1.        5.  
               -7.*     142.*     -15.*       5.      -13.      -18.  
 
  2009         -7.       -9.       -2.        1.        4.        6.  
                4.        8.        6.       47.*      -4.       -7.  
 
  2010        -10.       -7.       -0.        3.        4.        5.  
                5.        3.       -2.        2.       63.*      -6.  
 
  2011         -4.       -7.        1.       -3.       11.        8.  
               -4.       -0.       -0.       -2.        1.       -1.  
 
  2012         -6.       -5.       -1.        6.        9.        1.  
               -5.        3.       -2.       17.*       3.       -7.  
 
  2013          1.*      -6.       -4.        1.        6.        7.  
                1.       24.*      -7.       -2.        7.*      -1.  
 
  2014         -8.       -7.       -3.       -2.       10.       -1.  
                8.        7.       -6.        6.       -9.*       8.* 
 
  2015        -10.       -4.        6.       -4.        0.*       3.  
                5.        9.        1.       -2.       -4.       -7.  
 
  2016         -8.       -0.      -12.*      -2.        8.        3.  
                4.        4.       -1.        1.      -26.*      -4.  
 
  2017         -2.*      -4.        8.       -4.*       4.        3.  
                2.        7.       -2.        3.       -3.       -7.  
 
  2018        -10.       -4.        4.        5.        5.        3.  
                0.        5.        2.        2.       -7.       -7.  
 
  2019         -9.        2.        1.        6.        2.       10.* 
               -4.       -0.        1.       -2.       -1.       -8.  
 
  2020         -3.        1.        5.        1.        3.       -2.  
               26.*     -10.*      -1.       15.*     -13.*       1.  
 
  2021         -8.       -2.       12.       -1.        2.        3.  
                0.        2.        1.       -4.       -2.       -7.  
 
  2022          3.       -7.        3.        2.        6.       -7.  
                3.       71.*       5.        7.       -3.      -10.  
 
  2023        -12.      -10.       14.       -6.       11.        7.  
                5.      -10.        4.        3.       -2.       -8.  
 
  2024         -8.      -12.       28.*      -2.        4.      -11.  
                8.        0.        2.      -10.       10.      -39.* 
 
  2025        -44.*     103.*     -19.*       4.       -6.       -3.  
                5.       -1.       11.        2.       -8.       41.* 
 
  2026         -9.       -4.       -5.       24.*      -5.       -5.  
                                                                      
 

  Key to symbols:
    *  : extreme value as determined by X-11 extreme value procedure
 
        bps_permits 21140            PAGE   8, SERIES bps_permits_addi

 D 9  Final replacement values for SI ratios
  From  2004.Jan to 2026.Jun
  Observations        270
 ---------------------------------------------------------------
               Jan      Feb      Mar      Apr      May      Jun 
               Jul      Aug      Sep      Oct      Nov      Dec 
 ---------------------------------------------------------------
  2004     ******** ********      12.       6. ******** ********
                10.      10. ******** ******** ******** ********
 
  2005     ******** ******** ******** ******** ******** ********
           ******** ******** ******** ******** ******** ********
 
  2006     ******** ******** ******** ******** ******** ********
           ******** ******** ******** ******** ******** ********
 
  2007     ******** ******** ******** ******** ******** ********
           ******** ******** ******** ******** ********      -9.
 
  2008     ******** ******** ******** ******** ******** ********
                14.      18.      12. ******** ******** ********
 
  2009     ******** ******** ******** ******** ******** ********
           ******** ******** ********       3. ******** ********
 
  2010     ******** ******** ******** ******** ******** ********
           ******** ******** ******** ********       0. ********
 
  2011     ******** ******** ******** ******** ******** ********
           ******** ******** ******** ******** ******** ********
 
  2012     ******** ******** ******** ******** ******** ********
           ******** ******** ********       2. ******** ********
 
  2013           0. ******** ******** ******** ******** ********
           ********       6. ******** ********       6. ********
 
  2014     ******** ******** ******** ******** ******** ********
           ******** ******** ******** ********      -5.      -3.
 
  2015     ******** ******** ******** ********       1. ********
           ******** ******** ******** ******** ******** ********
 
  2016     ******** ********       2. ******** ******** ********
           ******** ******** ******** ********      -5. ********
 
  2017          -7. ******** ********      -4. ******** ********
           ******** ******** ******** ******** ******** ********
 
  2018     ******** ******** ******** ******** ******** ********
           ******** ******** ******** ******** ******** ********
 
  2019     ******** ******** ******** ******** ********       9.
           ******** ******** ******** ******** ******** ********
 
  2020     ******** ******** ******** ******** ******** ********
                 2.       5. ********       4.     -12. ********
 
  2021     ******** ******** ******** ******** ******** ********
           ******** ******** ******** ******** ******** ********
 
  2022     ******** ******** ******** ******** ******** ********
           ********       6. ******** ******** ******** ********
 
  2023     ******** ******** ******** ******** ******** ********
           ******** ******** ******** ******** ******** ********
 
  2024     ******** ********      25. ******** ******** ********
           ******** ******** ******** ******** ********      -4.
 
  2025          -7.      -2.      10. ******** ******** ********
           ******** ******** ******** ******** ********      -2.
 
  2026     ******** ******** ********      22. ******** ********
                                                                
 

 D 9.A  Moving seasonality ratio
 ---------------------------------------------------------------
               Jan      Feb      Mar      Apr      May      Jun 
 ---------------------------------------------------------------
   I          4.205    3.872    8.207    4.987    4.878    7.420
   S          0.677    1.495    1.829    0.725    0.762    1.087
 RATIO        6.211    2.590    4.486    6.877    6.404    6.823



 ---------------------------------------------------------------
               Jul      Aug      Sep      Oct      Nov      Dec 
 ---------------------------------------------------------------
   I          4.277    5.864    3.936    5.357    6.293    5.199
   S          0.813    0.885    1.212    0.623    0.882    0.764
 RATIO        5.260    6.628    3.247    8.603    7.131    6.804



        bps_permits 21140            PAGE   9, SERIES bps_permits_addi

 D 10  Final seasonal factors
  From  2004.Jan to 2026.Jun
  Observations        270
  Seasonal filter    3 x 5 moving average
 -----------------------------------------------------------------------------
               Jan      Feb      Mar      Apr      May      Jun 
               Jul      Aug      Sep      Oct      Nov      Dec         AVGE  
 -----------------------------------------------------------------------------
  2004         -13.     -27.      20.       4.       7.      12.
                 8.       5.      -5.       3.      -4.     -11.            0.
 
  2005         -13.     -25.      17.       4.       7.      11.
                 9.       7.      -3.       3.      -5.     -11.            0.
 
  2006         -12.     -23.      14.       3.       5.      10.
                 9.       8.       1.       3.      -6.     -12.           -0.
 
  2007         -11.     -19.      10.       2.       4.       8.
                 9.       9.       4.       3.      -7.     -12.            0.
 
  2008         -10.     -15.       6.       2.       4.       7.
                 8.       9.       5.       3.      -7.     -11.           -0.
 
  2009          -9.     -11.       2.       2.       5.       5.
                 6.       8.       4.       2.      -6.      -9.           -0.
 
  2010          -7.      -8.      -1.       2.       6.       5.
                 3.       6.       2.       1.      -3.      -7.           -0.
 
  2011          -6.      -7.      -1.       2.       7.       5.
                 1.       5.      -1.       1.      -0.      -5.            0.
 
  2012          -6.      -6.      -1.       1.       8.       4.
                 1.       4.      -3.       1.       1.      -4.            0.
 
  2013          -6.      -5.      -0.       0.       7.       3.
                 1.       5.      -3.       1.       0.      -4.           -0.
 
  2014          -6.      -5.       1.      -1.       7.       3.
                 3.       6.      -3.       1.      -1.      -4.           -0.
 
  2015          -7.      -4.       2.      -1.       6.       3.
                 3.       6.      -3.       1.      -3.      -5.           -0.
 
  2016          -8.      -3.       3.      -1.       5.       3.
                 3.       6.      -2.       1.      -4.      -5.           -0.
 
  2017          -8.      -2.       4.      -0.       5.       3.
                 2.       5.      -1.       1.      -5.      -6.           -0.
 
  2018          -8.      -1.       5.       1.       4.       4.
                 1.       4.      -0.       1.      -5.      -6.           -0.
 
  2019          -7.      -1.       5.       2.       4.       3.
                 0.       4.       0.       1.      -5.      -5.           -0.
 
  2020          -6.      -2.       6.       1.       4.       2.
                 0.       3.       1.       1.      -5.      -6.           -0.
 
  2021          -6.      -4.       8.       0.       4.       0.
                 2.       2.       2.       1.      -4.      -6.            0.
 
  2022          -6.      -5.      11.      -1.       4.      -1.
                 3.       0.       3.       0.      -2.      -6.            0.
 
  2023          -6.      -6.      11.       1.       3.      -3.
                 4.       0.       4.      -0.      -2.      -6.            0.
 
  2024          -8.      -6.      11.       3.       2.      -3.
                 5.      -0.       5.      -0.      -1.      -6.            0.
 
  2025          -8.      -5.       9.       5.       0.      -4.
                 5.       0.       5.      -1.      -1.      -5.            0.
 
  2026          -9.      -3.       7.       6.      -1.      -4.
                                                                           -1.
 
  AVGE          -8.      -9.       6.       2.       5.       3.
                 4.       5.       1.       1.      -3.      -7.

  Table Total-          -6.   Mean-        -0.   Std. Dev.-         6.
                              Min -       -27.        Max -        20.

 D 10.A  Final seasonal component forecasts
  From  2026.Jul to 2027.Jun
  Observations         12
 -----------------------------------------------------------------------------
               Jan      Feb      Mar      Apr      May      Jun 
               Jul      Aug      Sep      Oct      Nov      Dec         AVGE  
 -----------------------------------------------------------------------------
  2026                                                          
                 5.       1.       5.      -2.      -1.      -4.            1.
 
  2027          -9.      -2.       6.       8.      -2.      -5.
                                                                           -1.
 
        bps_permits 21140            PAGE  10, SERIES bps_permits_addi

 D 11  Final seasonally adjusted data
  From  2004.Jan to 2026.Jun
  Observations        270
 -----------------------------------------------------------------------------
               Jan      Feb      Mar      Apr      May      Jun 
               Jul      Aug      Sep      Oct      Nov      Dec        TOTAL  
 -----------------------------------------------------------------------------
  2004          85.      91.      68.     135.     108.      93.
                75.     164.      81.      89.      88.     101.         1177.
 
  2005          82.      79.      92.      95.      84.      93.
                87.      70.      73.      79.      91.      72.          998.
 
  2006          85.      80.      97.      69.      70.      80.
                57.      64.      72.      70.      65.      59.          868.
 
  2007          61.      54.      59.      60.      61.      47.
                64.      61.      57.      44.      37.      70.          675.
 
  2008          38.      44.      23.      37.      34.      39.
                27.     174.      18.      35.      21.      15.          506.
 
  2009          19.      16.       8.       9.       7.       7.
                 5.       8.      13.      59.      18.      20.          188.
 
  2010          16.      19.      18.      17.      13.      14.
                15.      10.       8.      14.      79.      14.          236.
 
  2011          14.      12.      14.       7.      16.      15.
                 7.       7.      13.      10.      14.      19.          149.
 
  2012          16.      18.      17.      21.      17.      12.
                 9.      14.      18.      35.      22.      19.          218.
 
  2013          29.      22.      20.      25.      23.      28.
                23.      42.      18.      19.      28.      23.          299.
 
  2014          17.      17.      15.      19.      24.      19.
                29.      26.      21.      29.      15.      34.          266.
 
  2015          19.      21.      24.      17.      14.      20.
                23.      24.      26.      19.      22.      21.          249.
 
  2016          25.      29.      13.      27.      31.      26.
                26.      22.      25.      25.       4.      28.          280.
 
  2017          32.      24.      28.      19.      22.      23.
                23.      26.      23.      26.      25.      21.          291.
 
  2018          19.      18.      21.      26.      24.      23.
                23.      24.      24.      22.      18.      18.          261.
 
  2019          16.      21.      15.      23.      17.      26.
                15.      15.      21.      18.      27.      21.          236.
 
  2020          27.      26.      21.      21.      20.      17.
                47.       9.      20.      37.      16.      32.          292.
 
  2021          25.      31.      33.      28.      26.      30.
                23.      24.      23.      20.      28.      26.          315.
 
  2022          36.      24.      17.      27.      27.      21.
                30.     104.      35.      38.      26.      19.          403.
 
  2023          15.      17.      27.      20.      37.      39.
                29.      16.      24.      25.      23.      23.          294.
 
  2024          27.      23.      47.      26.      33.      24.
                36.      37.      39.      37.      63.      23.          417.
 
  2025          21.     163.      23.      46.      37.      42.
                39.      36.      41.      35.      21.      71.          575.
 
  2026          25.      25.      17.      52.      34.      40.
                                                                          193.
 
  AVGE          33.      38.      31.      36.      34.      34.
                32.      44.      31.      36.      34.      34.

  Table Total-        9387.   Mean-        35.   Std. Dev.-        27.
                              Min -         4.        Max -       174.
        bps_permits 21140            PAGE  11, SERIES bps_permits_addi

 D 12  Final trend cycle
  From  2004.Jan to 2026.Jun
  Observations        270
  Trend filter    23-term Henderson moving average
  I/C ratio        3.51
 -----------------------------------------------------------------------------
               Jan      Feb      Mar      Apr      May      Jun 
               Jul      Aug      Sep      Oct      Nov      Dec        TOTAL  
 -----------------------------------------------------------------------------
  2004          91.      93.      94.      94.      94.      95.
                94.      94.      93.      92.      91.      90.         1114.
 
  2005          89.      88.      88.      87.      86.      85.
                83.      83.      82.      81.      81.      81.         1013.
 
  2006          80.      79.      78.      77.      75.      73.
                71.      68.      66.      64.      63.      62.          857.
 
  2007          61.      60.      60.      59.      58.      57.
                55.      53.      51.      48.      45.      42.          648.
 
  2008          40.      39.      39.      39.      39.      40.
                39.      38.      36.      32.      28.      24.          431.
 
  2009          19.      15.      11.       9.       8.       8.
                 9.      10.      12.      13.      15.      16.          144.
 
  2010          17.      17.      17.      16.      15.      14.
                14.      13.      13.      13.      13.      13.          174.
 
  2011          13.      13.      12.      12.      12.      11.
                11.      12.      12.      13.      14.      15.          150.
 
  2012          16.      16.      16.      16.      16.      16.
                16.      16.      17.      18.      20.      21.          204.
 
  2013          22.      23.      24.      24.      24.      24.
                23.      23.      22.      21.      21.      20.          271.
 
  2014          20.      20.      20.      21.      21.      22.
                23.      24.      24.      24.      23.      22.          264.
 
  2015          22.      21.      20.      20.      20.      20.
                20.      21.      22.      22.      23.      24.          256.
 
  2016          25.      26.      26.      26.      26.      26.
                26.      26.      26.      26.      25.      25.          310.
 
  2017          25.      25.      25.      24.      24.      24.
                23.      23.      23.      23.      22.      22.          283.
 
  2018          22.      22.      23.      23.      23.      23.
                23.      22.      22.      21.      20.      20.          264.
 
  2019          19.      19.      18.      18.      19.      19.
                19.      20.      21.      21.      22.      22.          238.
 
  2020          23.      23.      22.      22.      22.      21.
                21.      22.      22.      24.      25.      26.          272.
 
  2021          27.      28.      28.      28.      27.      27.
                26.      26.      25.      25.      25.      25.          316.
 
  2022          25.      25.      26.      27.      28.      29.
                29.      29.      28.      28.      27.      26.          328.
 
  2023          26.      25.      25.      25.      25.      26.
                26.      26.      26.      26.      25.      26.          306.
 
  2024          26.      27.      28.      29.      31.      34.
                37.      40.      44.      47.      50.      51.          444.
 
  2025          52.      52.      51.      49.      46.      43.
                39.      36.      33.      31.      29.      28.          489.
 
  2026          28.      29.      31.      33.      36.      38.
                                                                          196.
 
  AVGE          34.      34.      34.      34.      34.      34.
                33.      33.      33.      32.      32.      32.

  Table Total-        8973.   Mean-        33.   Std. Dev.-        22.
                              Min -         8.        Max -        95.
        bps_permits 21140            PAGE  12, SERIES bps_permits_addi

 D 13  Final irregular component
  From  2004.Jan to 2026.Jun
  Observations        270
 -----------------------------------------------------------------------------
               Jan      Feb      Mar      Apr      May      Jun 
               Jul      Aug      Sep      Oct      Nov      Dec         S.D.  
 -----------------------------------------------------------------------------
  2004          -6.      -2.     -25.      41.      13.      -2.
               -20.      70.     -12.      -3.      -3.      11.           26.
 
  2005          -7.      -9.       4.       9.      -1.       9.
                 4.     -12.      -9.      -2.      10.      -9.            8.
 
  2006           5.       1.      18.      -8.      -5.       8.
               -14.      -4.       6.       6.       2.      -3.            8.
 
  2007           0.      -6.      -1.       1.       3.     -10.
                 9.       8.       7.      -4.      -8.      28.           10.
 
  2008          -2.       5.     -15.      -1.      -5.      -0.
               -12.     136.     -18.       3.      -7.      -8.           40.
 
  2009          -0.       1.      -3.       0.      -1.      -1.
                -3.      -2.       1.      45.       3.       4.           13.
 
  2010          -1.       2.       1.       1.      -2.      -0.
                 1.      -3.      -5.       1.      66.       1.           19.
 
  2011           2.      -1.       2.      -5.       4.       4.
                -5.      -4.       1.      -4.       0.       4.            3.
 
  2012          -0.       2.       1.       5.       2.      -4.
                -7.      -3.       0.      17.       3.      -2.            6.
 
  2013           7.      -1.      -3.       1.      -1.       4.
                -1.      19.      -4.      -2.       7.       3.            7.
 
  2014          -3.      -3.      -5.      -2.       3.      -3.
                 6.       3.      -3.       5.      -8.      12.            5.
 
  2015          -2.       0.       4.      -3.      -6.       0.
                 2.       3.       4.      -4.      -2.      -4.            3.
 
  2016          -0.       4.     -13.       1.       4.      -1.
                -0.      -4.      -1.      -1.     -22.       3.            8.
 
  2017           7.      -0.       4.      -5.      -2.      -1.
                -0.       3.      -0.       3.       2.      -2.            3.
 
  2018          -3.      -4.      -1.       3.       1.       0.
                 1.       1.       2.       1.      -3.      -2.            2.
 
  2019          -3.       3.      -4.       5.      -1.       7.
                -5.      -5.      -0.      -4.       5.      -1.            4.
 
  2020           5.       4.      -1.      -1.      -1.      -5.
                25.     -12.      -3.      13.      -9.       6.           10.
 
  2021          -2.       3.       5.      -0.      -2.       3.
                -3.      -2.      -2.      -5.       3.       1.            3.
 
  2022          11.      -1.      -9.      -1.      -2.      -8.
                 1.      75.       6.      10.      -1.      -7.           22.
 
  2023         -11.      -8.       2.      -5.      11.      13.
                 3.     -10.      -2.      -1.      -3.      -3.            7.
 
  2024           1.      -4.      20.      -3.       2.     -10.
                -0.      -3.      -4.      -9.      14.     -29.           12.
 
  2025         -31.     111.     -28.      -3.      -9.      -1.
                -0.      -0.       9.       4.      -8.      43.           37.
 
  2026          -3.      -4.     -14.      18.      -2.       2.
                                                                           10.
 
  S.D.           8.      23.      11.      10.       5.       6.
                 9.      37.       6.      11.      16.      14.

  Table Total-         414.   Mean-         2.   Std. Dev.-        16.
                              Min -       -31.        Max -       136.
        bps_permits 21140            PAGE  13, SERIES bps_permits_addi

 D 16  Combined adjustment factors
  From  2004.Jan to 2026.Jun
  Observations        270
 -----------------------------------------------------------------------------
               Jan      Feb      Mar      Apr      May      Jun 
               Jul      Aug      Sep      Oct      Nov      Dec         AVGE  
 -----------------------------------------------------------------------------
  2004         -13.     -27.      20.       4.       7.      12.
                 8.       5.      -5.       3.      -4.     -11.            0.
 
  2005         -13.     -25.      17.       4.       7.      11.
                 9.       7.      -3.       3.      -5.     -11.            0.
 
  2006         -12.     -23.      14.       3.       5.      10.
                 9.       8.       1.       3.      -6.     -12.           -0.
 
  2007         -11.     -19.      10.       2.       4.       8.
                 9.       9.       4.       3.      -7.     -12.            0.
 
  2008         -10.     -15.       6.       2.       4.       7.
                 8.       9.       5.       3.      -7.     -11.           -0.
 
  2009          -9.     -11.       2.       2.       5.       5.
                 6.       8.       4.       2.      -6.      -9.           -0.
 
  2010          -7.      -8.      -1.       2.       6.       5.
                 3.       6.       2.       1.      -3.      -7.           -0.
 
  2011          -6.      -7.      -1.       2.       7.       5.
                 1.       5.      -1.       1.      -0.      -5.            0.
 
  2012          -6.      -6.      -1.       1.       8.       4.
                 1.       4.      -3.       1.       1.      -4.            0.
 
  2013          -6.      -5.      -0.       0.       7.       3.
                 1.       5.      -3.       1.       0.      -4.           -0.
 
  2014          -6.      -5.       1.      -1.       7.       3.
                 3.       6.      -3.       1.      -1.      -4.           -0.
 
  2015          -7.      -4.       2.      -1.       6.       3.
                 3.       6.      -3.       1.      -3.      -5.           -0.
 
  2016          -8.      -3.       3.      -1.       5.       3.
                 3.       6.      -2.       1.      -4.      -5.           -0.
 
  2017          -8.      -2.       4.      -0.       5.       3.
                 2.       5.      -1.       1.      -5.      -6.           -0.
 
  2018          -8.      -1.       5.       1.       4.       4.
                 1.       4.      -0.       1.      -5.      -6.           -0.
 
  2019          -7.      -1.       5.       2.       4.       3.
                 0.       4.       0.       1.      -5.      -5.           -0.
 
  2020          -6.      -2.       6.       1.       4.       2.
                 0.       3.       1.       1.      -5.      -6.           -0.
 
  2021          -6.      -4.       8.       0.       4.       0.
                 2.       2.       2.       1.      -4.      -6.            0.
 
  2022          -6.      -5.      11.      -1.       4.      -1.
                 3.       0.       3.       0.      -2.      -6.            0.
 
  2023          -6.      -6.      11.       1.       3.      -3.
                 4.       0.       4.      -0.      -2.      -6.            0.
 
  2024          -8.      -6.      11.       3.       2.      -3.
                 5.      -0.       5.      -0.      -1.      -6.            0.
 
  2025          -8.      -5.       9.       5.       0.      -4.
                 5.       0.       5.      -1.      -1.      -5.            0.
 
  2026          -9.      -3.       7.       6.      -1.      -4.
                                                                           -1.
 
  AVGE          -8.      -9.       6.       2.       5.       3.
                 4.       5.       1.       1.      -3.      -7.

  Table Total-          -6.   Mean-        -0.   Std. Dev.-         6.
                              Min -       -27.        Max -        20.

 D 16.A  Combined adjustment component forecasts
  From  2026.Jul to 2027.Jun
  Observations         12
 -----------------------------------------------------------------------------
               Jan      Feb      Mar      Apr      May      Jun 
               Jul      Aug      Sep      Oct      Nov      Dec         AVGE  
 -----------------------------------------------------------------------------
  2026                                                          
                 5.       1.       5.      -2.      -1.      -4.            1.
 
  2027          -9.      -2.       6.       8.      -2.      -5.
                                                                           -1.
 
        bps_permits 21140            PAGE  14, SERIES bps_permits_addi

 E 4  Differences of annual totals
  From          2004 to 2025
  Observations         22
 -----------------------------------
  Year       Unmodified     Modified
                  (D11)         (E2)
 -----------------------------------
  2004               0.           0.
 
  2005               0.           0.
 
  2006              -0.          -0.
 
  2007               0.           0.
 
  2008              -0.          -0.
 
  2009              -0.          -0.
 
  2010              -0.          -0.
 
  2011               0.           0.
 
  2012               0.           0.
 
  2013              -0.          -0.
 
  2014              -0.          -0.
 
  2015              -1.          -1.
 
  2016              -1.          -1.
 
  2017              -1.          -1.
 
  2018              -1.          -1.
 
  2019              -0.          -0.
 
  2020              -0.          -0.
 
  2021               1.           1.
 
  2022               1.           1.
 
  2023               1.           1.
 
  2024               0.           0.
 
  2025               0.           0.
 
        bps_permits 21140            PAGE  15, SERIES bps_permits_addi

 E 5  Month-to-month differences in the original series
  From  2004.Feb to 2026.Jun
  Observations        269
 -----------------------------------------------------------------------------
               Jan      Feb      Mar      Apr      May      Jun 
               Jul      Aug      Sep      Oct      Nov      Dec         AVGE  
 -----------------------------------------------------------------------------
  2004                   -8.      24.      51.     -24.     -10.
               -22.      86.     -93.      16.      -8.       6.            2.
 
  2005         -21.     -15.      55.     -10.      -8.      13.
                -8.     -19.      -7.      12.       4.     -25.           -2.
 
  2006          12.     -16.      54.     -39.       3.      15.
               -24.       6.       1.       0.     -14.     -12.           -1.
 
  2007           3.     -15.      34.      -7.       3.     -10.
                18.      -3.      -9.     -14.     -17.      28.            1.
 
  2008         -30.       1.       0.      10.      -1.       8.
               -11.     148.    -160.      15.     -24.     -10.           -4.
 
  2009           6.      -5.       5.       1.       1.       0.
                -1.       5.       1.      44.     -49.      -1.            1.
 
  2010          -2.       2.       6.       2.       0.       0.
                -1.      -2.      -6.       5.      61.     -69.           -0.
 
  2011           1.      -3.       8.      -4.      14.      -3.
               -12.       4.       0.      -1.       3.       0.            1.
 
  2012          -4.       2.       4.       6.       3.      -9.
                -6.       8.      -3.      21.     -13.      -8.            0.
 
  2013           8.      -6.       3.       5.       5.       1.
                -7.      23.     -32.       5.       8.      -9.            0.
 
  2014          -8.       1.       4.       2.      13.      -9.
                10.       0.     -14.      12.     -16.      16.            1.
 
  2015         -18.       5.       9.     -10.       4.       3.
                 3.       4.      -7.      -3.      -1.      -3.           -1.
 
  2016           1.       9.     -10.      10.      10.      -7.
                 0.      -1.      -5.       3.     -26.      23.            1.
 
  2017           1.      -2.      10.     -13.       8.      -1.
                -1.       6.      -9.       5.      -7.      -5.           -1.
 
  2018          -4.       6.       9.       1.       1.      -1.
                -3.       4.      -4.      -1.     -10.      -1.           -0.
 
  2019          -3.      11.       0.       5.      -4.       8.
               -14.       4.       2.      -2.       3.      -6.            0.
 
  2020           5.       3.       3.      -5.       2.      -5.
                28.     -35.       9.      17.     -27.      15.            1.
 
  2021          -7.       8.      14.     -13.       2.       0.
                -5.       1.      -1.      -4.       3.      -4.           -0.
 
  2022          10.     -11.       9.      -2.       5.     -11.
                13.      71.     -66.       0.     -14.     -11.           -1.
 
  2023          -4.       2.      27.     -17.      19.      -4.
                -3.     -17.      12.      -3.      -4.      -4.            0.
 
  2024           2.      -2.      41.     -29.       6.     -14.
                20.      -4.       7.      -7.      25.     -45.            0.
 
  2025          -4.     145.    -126.      19.     -14.       1.
                 6.      -8.      10.     -12.     -14.      46.            4.
 
  2026         -50.       6.       2.      34.     -25.       3.
                                                                           -5.
 
  AVGE          -5.       5.       8.      -0.       1.      -1.
                -1.      13.     -17.       5.      -6.      -4.

  Table Total-         -36.   Mean-        -0.   Std. Dev.-        25.
                              Min -      -160.        Max -       148.
        bps_permits 21140            PAGE  16, SERIES bps_permits_addi

 E 6  Month-to-month differences in seasonally adjusted series (D11)
  From  2004.Feb to 2026.Jun
  Observations        269
 -----------------------------------------------------------------------------
               Jan      Feb      Mar      Apr      May      Jun 
               Jul      Aug      Sep      Oct      Nov      Dec         AVGE  
 -----------------------------------------------------------------------------
  2004                    6.     -23.      67.     -28.     -15.
               -18.      89.     -83.       9.      -2.      13.            1.
 
  2005         -19.      -2.      12.       4.     -11.       9.
                -6.     -17.       2.       6.      12.     -19.           -2.
 
  2006          13.      -5.      17.     -28.       1.      11.
               -24.       8.       8.      -2.      -5.      -6.           -1.
 
  2007           2.      -7.       5.       1.       1.     -14.
                17.      -3.      -4.     -14.      -7.      34.            1.
 
  2008         -33.       6.     -21.      14.      -3.       5.
               -12.     147.    -156.      17.     -14.      -6.           -5.
 
  2009           4.      -3.      -8.       1.      -2.      -0.
                -1.       3.       5.      46.     -41.       2.            0.
 
  2010          -4.       3.      -2.      -1.      -4.       1.
                 1.      -5.      -2.       6.      65.     -65.           -1.
 
  2011           1.      -3.       2.      -7.       9.      -1.
                -8.       1.       5.      -3.       5.       5.            0.
 
  2012          -4.       3.      -2.       4.      -4.      -6.
                -2.       4.       4.      18.     -13.      -4.           -0.
 
  2013          10.      -6.      -2.       4.      -2.       5.
                -5.      20.     -24.       1.       9.      -5.            0.
 
  2014          -6.      -0.      -1.       4.       5.      -5.
                11.      -3.      -5.       8.     -14.      19.            1.
 
  2015         -15.       2.       3.      -7.      -3.       6.
                 2.       1.       2.      -7.       3.      -1.           -1.
 
  2016           4.       4.     -16.      14.       4.      -5.
                 0.      -4.       2.       0.     -21.      25.            1.
 
  2017           4.      -8.       4.      -9.       3.       0.
                 0.       3.      -3.       3.      -1.      -4.           -1.
 
  2018          -2.      -0.       3.       5.      -2.      -1.
                 0.       1.       0.      -2.      -4.      -0.           -0.
 
  2019          -2.       6.      -6.       9.      -6.       9.
               -12.       0.       5.      -3.       9.      -6.            0.
 
  2020           6.      -1.      -5.      -0.      -1.      -3.
                30.     -37.      10.      17.     -21.      16.            1.
 
  2021          -7.       6.       2.      -5.      -2.       4.
                -6.       1.      -1.      -3.       7.      -2.           -0.
 
  2022          10.     -12.      -7.       9.       0.      -6.
                 9.      73.     -69.       3.     -11.      -7.           -1.
 
  2023          -4.       2.       9.      -6.      16.       2.
               -10.     -13.       8.       1.      -2.       0.            0.
 
  2024           4.      -4.      24.     -21.       7.      -9.
                12.       1.       2.      -2.      26.     -41.           -0.
 
  2025          -1.     142.    -140.      23.      -9.       5.
                -3.      -4.       6.      -7.     -14.      50.            4.
 
  2026         -46.      -0.      -8.      35.     -17.       6.
                                                                           -5.
 
  AVGE          -4.       6.      -7.       5.      -2.      -0.
                -1.      12.     -13.       4.      -2.      -0.

  Table Total-         -45.   Mean-        -0.   Std. Dev.-        24.
                              Min -      -156.        Max -       147.
        bps_permits 21140            PAGE  17, SERIES bps_permits_addi

 E 7  Month-to-month differences in final trend cycle (D12)
  From  2004.Feb to 2026.Jun
  Observations        269
 -----------------------------------------------------------------------------
               Jan      Feb      Mar      Apr      May      Jun 
               Jul      Aug      Sep      Oct      Nov      Dec         AVGE  
 -----------------------------------------------------------------------------
  2004                    1.       1.       1.       0.       0.
                -0.      -1.      -1.      -1.      -1.      -1.           -0.
 
  2005          -1.      -1.      -1.      -1.      -1.      -1.
                -1.      -1.      -1.      -0.      -0.      -0.           -1.
 
  2006          -1.      -1.      -1.      -1.      -2.      -2.
                -2.      -2.      -2.      -2.      -2.      -1.           -2.
 
  2007          -1.      -1.      -1.      -1.      -1.      -1.
                -2.      -2.      -3.      -3.      -3.      -3.           -2.
 
  2008          -2.      -1.      -0.       0.       0.       0.
                -0.      -1.      -2.      -3.      -4.      -5.           -2.
 
  2009          -5.      -4.      -3.      -2.      -1.       0.
                 1.       1.       2.       2.       2.       1.           -1.
 
  2010           1.       0.      -0.      -1.      -1.      -1.
                -1.      -1.      -0.      -0.       0.       0.           -0.
 
  2011          -0.      -0.      -0.      -0.      -0.      -0.
                -0.       0.       1.       1.       1.       1.            0.
 
  2012           1.       0.       0.      -0.      -0.      -0.
                 0.       0.       1.       1.       1.       1.            0.
 
  2013           1.       1.       1.       0.       0.      -0.
                -0.      -1.      -1.      -1.      -1.      -1.           -0.
 
  2014          -0.       0.       0.       1.       1.       1.
                 1.       1.       0.      -0.      -1.      -1.            0.
 
  2015          -1.      -1.      -1.      -0.      -0.       0.
                 0.       0.       1.       1.       1.       1.            0.
 
  2016           1.       1.       0.       0.       0.      -0.
                -0.      -0.      -0.      -0.      -0.      -0.            0.
 
  2017          -0.      -0.      -0.      -0.      -0.      -0.
                -0.      -0.      -0.      -0.      -0.      -0.           -0.
 
  2018          -0.       0.       0.       0.       0.       0.
                -0.      -0.      -1.      -1.      -1.      -1.           -0.
 
  2019          -1.      -0.      -0.      -0.       0.       0.
                 1.       1.       1.       1.       1.       0.            0.
 
  2020           0.       0.      -0.      -0.      -0.      -0.
                -0.       0.       1.       1.       1.       1.            0.
 
  2021           1.       1.       0.      -0.      -0.      -0.
                -0.      -0.      -0.      -0.      -0.      -0.           -0.
 
  2022           0.       1.       1.       1.       1.       1.
                 0.      -0.      -0.      -1.      -1.      -1.            0.
 
  2023          -1.      -0.      -0.       0.       0.       0.
                 0.       0.      -0.      -0.      -0.       0.           -0.
 
  2024           0.       1.       1.       2.       2.       2.
                 3.       3.       3.       3.       3.       2.            2.
 
  2025           1.      -0.      -1.      -2.      -3.      -3.
                -4.      -3.      -3.      -2.      -2.      -1.           -2.
 
  2026           0.       1.       2.       2.       3.       3.
                                                                            2.
 
  AVGE          -0.      -0.      -0.      -0.      -0.      -0.
                -0.      -0.      -0.      -0.      -0.      -0.

  Table Total-         -53.   Mean-        -0.   Std. Dev.-         1.
                              Min -        -5.        Max -         3.
        bps_permits 21140            PAGE  18, SERIES bps_permits_addi

 E 8  Month-to-month differences in original series adjusted for calendar factors (A18)
  From  2004.Feb to 2026.Jun
  Observations        269
 -----------------------------------------------------------------------------
               Jan      Feb      Mar      Apr      May      Jun 
               Jul      Aug      Sep      Oct      Nov      Dec         AVGE  
 -----------------------------------------------------------------------------
  2004                   -8.      24.      51.     -24.     -10.
               -22.      86.     -93.      16.      -8.       6.            2.
 
  2005         -21.     -15.      55.     -10.      -8.      13.
                -8.     -19.      -7.      12.       4.     -25.           -2.
 
  2006          12.     -16.      54.     -39.       3.      15.
               -24.       6.       1.       0.     -14.     -12.           -1.
 
  2007           3.     -15.      34.      -7.       3.     -10.
                18.      -3.      -9.     -14.     -17.      28.            1.
 
  2008         -30.       1.       0.      10.      -1.       8.
               -11.     148.    -160.      15.     -24.     -10.           -4.
 
  2009           6.      -5.       5.       1.       1.       0.
                -1.       5.       1.      44.     -49.      -1.            1.
 
  2010          -2.       2.       6.       2.       0.       0.
                -1.      -2.      -6.       5.      61.     -69.           -0.
 
  2011           1.      -3.       8.      -4.      14.      -3.
               -12.       4.       0.      -1.       3.       0.            1.
 
  2012          -4.       2.       4.       6.       3.      -9.
                -6.       8.      -3.      21.     -13.      -8.            0.
 
  2013           8.      -6.       3.       5.       5.       1.
                -7.      23.     -32.       5.       8.      -9.            0.
 
  2014          -8.       1.       4.       2.      13.      -9.
                10.       0.     -14.      12.     -16.      16.            1.
 
  2015         -18.       5.       9.     -10.       4.       3.
                 3.       4.      -7.      -3.      -1.      -3.           -1.
 
  2016           1.       9.     -10.      10.      10.      -7.
                 0.      -1.      -5.       3.     -26.      23.            1.
 
  2017           1.      -2.      10.     -13.       8.      -1.
                -1.       6.      -9.       5.      -7.      -5.           -1.
 
  2018          -4.       6.       9.       1.       1.      -1.
                -3.       4.      -4.      -1.     -10.      -1.           -0.
 
  2019          -3.      11.       0.       5.      -4.       8.
               -14.       4.       2.      -2.       3.      -6.            0.
 
  2020           5.       3.       3.      -5.       2.      -5.
                28.     -35.       9.      17.     -27.      15.            1.
 
  2021          -7.       8.      14.     -13.       2.       0.
                -5.       1.      -1.      -4.       3.      -4.           -0.
 
  2022          10.     -11.       9.      -2.       5.     -11.
                13.      71.     -66.       0.     -14.     -11.           -1.
 
  2023          -4.       2.      27.     -17.      19.      -4.
                -3.     -17.      12.      -3.      -4.      -4.            0.
 
  2024           2.      -2.      41.     -29.       6.     -14.
                20.      -4.       7.      -7.      25.     -45.            0.
 
  2025          -4.     145.    -126.      19.     -14.       1.
                 6.      -8.      10.     -12.     -14.      46.            4.
 
  2026         -50.       6.       2.      34.     -25.       3.
                                                                           -5.
 
  AVGE          -5.       5.       8.      -0.       1.      -1.
                -1.      13.     -17.       5.      -6.      -4.

  Table Total-         -36.   Mean-        -0.   Std. Dev.-        25.
                              Min -      -160.        Max -       148.
        bps_permits 21140            PAGE  19, SERIES bps_permits_addi

 E 18  Final adjustment ratios
  From  2004.Jan to 2026.Jun
  Observations        270
 -----------------------------------------------------------------------------
               Jan      Feb      Mar      Apr      May      Jun 
               Jul      Aug      Sep      Oct      Nov      Dec         AVGE  
 -----------------------------------------------------------------------------
  2004       84.462   70.417  128.754  102.916  106.940  112.991
            110.953  103.257   94.352  103.156   95.830   89.118       100.262
 
  2005       84.369   67.994  118.912  103.864  108.100  111.648
            110.320  109.408   96.171  103.542   94.750   84.465        99.462
 
  2006       85.861   71.264  114.652  104.630  107.587  111.865
            116.605  112.057  100.758  104.202   90.977   79.444        99.992
 
  2007       82.064   64.751  117.205  103.749  106.417  117.723
            113.733  114.396  106.233  107.495   81.645   82.482        99.824
 
  2008       74.247   65.629  125.426  104.520  111.192  116.791
            128.707  105.069  129.235  107.995   67.527   26.530        96.906
 
  2009       53.718   31.205  121.359  116.799  166.613  178.266
            209.678  204.168  135.883  103.960   68.034   54.904       120.382
 
  2010       55.083   56.621   96.304  111.343  147.720  134.553
            122.610  163.955  125.411  110.331   96.424   50.863       105.935
 
  2011       55.784   42.231   91.176  123.678  144.075  131.612
            118.577  162.691   93.636  113.737   97.339   73.309       103.987
 
  2012       64.145   65.494   95.441  104.119  143.105  137.314
            107.117  130.932   85.109  102.342  103.050   80.247       101.534
 
  2013       79.896   75.593   97.772  100.462  132.597  112.371
            106.630  111.552   82.084  104.826  100.213   83.926        98.994
 
  2014       64.448   71.710  103.559   94.910  127.083  116.140
            108.526  122.250   85.425  103.196   93.685   88.291        98.269
 
  2015       62.886   80.664  107.095   92.311  142.878  112.771
            115.406  126.480   89.959  107.721   87.994   77.601       100.314
 
  2016       68.094   88.813  124.453   95.689  116.548  112.458
            111.983  127.026   93.877  104.843    0.000   80.936        93.727
 
  2017       74.333   90.747  114.033   99.585  121.158  114.757
            108.829  119.559   97.291  104.721   80.752   72.792        99.880
 
  2018       58.135   92.191  122.666  103.168  116.357  116.129
            103.050  117.634   99.551  103.345   72.973   68.206        97.784
 
  2019       57.137   93.317  133.907  106.486  121.441  110.370
            101.797  125.223  102.016  106.153   81.052   74.436       101.111
 
  2020       77.129   91.724  128.992  106.165  118.696  113.621
            100.851  129.327  106.484  102.951   70.404   81.264       102.301
 
  2021       77.413   87.925  124.242  101.712  117.415  101.438
            106.586  107.181  108.944  104.171   86.860   76.734       100.052
 
  2022       83.544   78.484  160.746   98.075  116.438   96.316
            109.375  100.330  109.096  100.716   90.950   68.125       101.016
 
  2023       59.556   63.069  142.533  103.448  109.307   92.867
            113.787  102.201  116.656   99.995   93.225   74.220        97.572
 
  2024       71.684   73.926  122.152  109.536  106.096   87.336
            112.499   99.599  111.873   99.101   98.023   75.413        97.270
 
  2025       61.072   97.015  138.686  110.841  101.166   90.363
            112.619  101.246  110.954   97.729   94.750   93.247       100.807
 
  2026       63.555   87.943  144.122  112.551   96.793   89.687
                                                                        99.108
 
  AVGE       69.505   74.292  120.617  104.807  121.118  113.887
            115.920  122.525  103.682  104.374   83.930   74.389

  Table Total-       27203.   Mean-       101.   Std. Dev.-        25.
                              Min -         0.        Max -       210.

 E 18.A  Final adjustment ratio forecasts
  From  2026.Jul to 2027.Jun
  Observations         12
 -----------------------------------------------------------------------------
               Jan      Feb      Mar      Apr      May      Jun 
               Jul      Aug      Sep      Oct      Nov      Dec         AVGE  
 -----------------------------------------------------------------------------
  2026                                                          
            112.450  101.194  111.295   96.707   97.912   90.700       101.710
 
  2027       78.699   96.304  113.448  118.330   95.606   91.425
                                                                        98.969
 
        bps_permits 21140            PAGE  20, SERIES bps_permits_addi

 E 18.B  Total adjustment factors
  From  2004.Jan to 2026.Jun
  Observations        270
 -----------------------------------------------------------------------------
               Jan      Feb      Mar      Apr      May      Jun 
               Jul      Aug      Sep      Oct      Nov      Dec         AVGE  
 -----------------------------------------------------------------------------
  2004         -13.     -27.      20.       4.       7.      12.
                 8.       5.      -5.       3.      -4.     -11.            0.
 
  2005         -13.     -25.      17.       4.       7.      11.
                 9.       7.      -3.       3.      -5.     -11.            0.
 
  2006         -12.     -23.      14.       3.       5.      10.
                 9.       8.       1.       3.      -6.     -12.           -0.
 
  2007         -11.     -19.      10.       2.       4.       8.
                 9.       9.       4.       3.      -7.     -12.            0.
 
  2008         -10.     -15.       6.       2.       4.       7.
                 8.       9.       5.       3.      -7.     -11.           -0.
 
  2009          -9.     -11.       2.       2.       5.       5.
                 6.       8.       4.       2.      -6.      -9.           -0.
 
  2010          -7.      -8.      -1.       2.       6.       5.
                 3.       6.       2.       1.      -3.      -7.           -0.
 
  2011          -6.      -7.      -1.       2.       7.       5.
                 1.       5.      -1.       1.      -0.      -5.            0.
 
  2012          -6.      -6.      -1.       1.       8.       4.
                 1.       4.      -3.       1.       1.      -4.            0.
 
  2013          -6.      -5.      -0.       0.       7.       3.
                 1.       5.      -3.       1.       0.      -4.           -0.
 
  2014          -6.      -5.       1.      -1.       7.       3.
                 3.       6.      -3.       1.      -1.      -4.           -0.
 
  2015          -7.      -4.       2.      -1.       6.       3.
                 3.       6.      -3.       1.      -3.      -5.           -0.
 
  2016          -8.      -3.       3.      -1.       5.       3.
                 3.       6.      -2.       1.      -4.      -5.           -0.
 
  2017          -8.      -2.       4.      -0.       5.       3.
                 2.       5.      -1.       1.      -5.      -6.           -0.
 
  2018          -8.      -1.       5.       1.       4.       4.
                 1.       4.      -0.       1.      -5.      -6.           -0.
 
  2019          -7.      -1.       5.       2.       4.       3.
                 0.       4.       0.       1.      -5.      -5.           -0.
 
  2020          -6.      -2.       6.       1.       4.       2.
                 0.       3.       1.       1.      -5.      -6.           -0.
 
  2021          -6.      -4.       8.       0.       4.       0.
                 2.       2.       2.       1.      -4.      -6.            0.
 
  2022          -6.      -5.      11.      -1.       4.      -1.
                 3.       0.       3.       0.      -2.      -6.            0.
 
  2023          -6.      -6.      11.       1.       3.      -3.
                 4.       0.       4.      -0.      -2.      -6.            0.
 
  2024          -8.      -6.      11.       3.       2.      -3.
                 5.      -0.       5.      -0.      -1.      -6.            0.
 
  2025          -8.      -5.       9.       5.       0.      -4.
                 5.       0.       5.      -1.      -1.      -5.            0.
 
  2026          -9.      -3.       7.       6.      -1.      -4.
                                                                           -1.
 
  AVGE          -8.      -9.       6.       2.       5.       3.
                 4.       5.       1.       1.      -3.      -7.

  Table Total-          -6.   Mean-        -0.   Std. Dev.-         6.
                              Min -       -27.        Max -        20.

 E 18.C  Total adjustment factor forecasts
  From  2026.Jul to 2027.Jun
  Observations         12
 -----------------------------------------------------------------------------
               Jan      Feb      Mar      Apr      May      Jun 
               Jul      Aug      Sep      Oct      Nov      Dec         AVGE  
 -----------------------------------------------------------------------------
  2026                                                          
                 5.       1.       5.      -2.      -1.      -4.            1.
 
  2027          -9.      -2.       6.       8.      -2.      -5.
                                                                           -1.
 

  QS statistic for seasonality:
  Original Series                                     0.00  (P-Value =     0.9976)
  Original Series (EV adj)                            0.00  (P-Value =     0.9976)
  Residuals                                           0.00  (P-Value =     1.0000)
  Seasonally Adjusted Series                          0.00  (P-Value =     1.0000)
  Seasonally Adjusted Series (EV adj)                 0.00  (P-Value =     1.0000)
  Irregular Series                                    0.00  (P-Value =     1.0000)
  Irregular Series (EV adj)                           0.00  (P-Value =     1.0000)

  QS statistic for seasonality (starting 2018.Jul):
  Original Series                                     0.00  (P-Value =     1.0000)
  Original Series (EV adj)                            0.00  (P-Value =     1.0000)
  Residuals                                           0.00  (P-Value =     1.0000)
  Seasonally Adjusted Series                          0.00  (P-Value =     1.0000)
  Seasonally Adjusted Series (EV adj)                 0.00  (P-Value =     1.0000)
  Irregular Series                                    0.00  (P-Value =     1.0000)
  Irregular Series (EV adj)                           0.00  (P-Value =     1.0000)


 WARNING: Series should not be a candidate for seasonal adjustment
          because the spectrum of the original series (Table A1 or B1)
          has no visually significant seasonal peaks.

          If this is a component series of an indirectly adjusted
          composite series, consider using type = trend or type = summary
          in the x11 spec.
        bps_permits 21140            PAGE  21, SERIES bps_permits_addi
 G 0  10*LOG(SPECTRUM) of the differenced Original Series
      (Table A1 or B1).  Spectrum estimated from 2018.Jul to 2026.Jun.
 ++++++++++I+++++++++++++++++++++++++++++++++++++++++++++++++++++++++++++I
      35.86I                                                    T        I     35.86
           I                                    *       *       T        I
           I                                    *       *   *   T        I
           I                                    *       *   *   T    *   I
      33.08I                                    *       *   *   T    *   I     33.08
           I                                    *       *   *   T    *   I
           I                                    *       *   *  *T    *   I
           I                                   **       *  *** *T    *   I
      30.29I                                 * **       ** *** *T   ***  I     30.29
           I                        *       ** **       ** ***S*T*  ***  I
           I                        *       ** ***     *******S*T*  ***  I
           I                        *       ******     *******S*T*  **** I
      27.50I                        *   *   ******  S  *******S*T*  ****SI     27.50
           I                        *   *   ****** *S* *******S*T* *****SI
           I                    S   *  **   ********S*T*******S*T*******SI
           I                    S   *  **   ********S*T*******S*T*******SI
      24.72I                    S  *** **   ********S*T*******S*T*******SI     24.72
           I            *       S  *** **  *********S*T*******S*T*******SI
           I            *  *    S  ******* *********S*T*******S*T*******SI
           I            *  **  *S  ******* *********S*T*******S*T*******SI
      21.93I            *  **  *S* *******S*********S*T*******S*T*******SI     21.93
           I            *  **  *S*********S*********S*T*******S*T*******SI
           I            ** **  *S*********S*********S*T*******S*T*******SI
           I           ******  *S*********S*********S*T*******S*T*******SI
      19.15I           *********S*********S*********S*T*******S*T*******SI     19.15
           I           *********S*********S*********S*T*******S*T*******SI
           I           *********S*********S*********S*T*******S*T*******SI
           I        *  *********S*********S*********S*T*******S*T*******SI
      16.36I    *   **S*********S*********S*********S*T*******S*T*******SI     16.36
           I    *   **S*********S*********S*********S*T*******S*T*******SI
           I    *   **S*********S*********S*********S*T*******S*T*******SI
           I    *   **S*********S*********S*********S*T*******S*T*******SI
      13.57I    *  ***S*********S*********S*********S*T*******S*T*******SI     13.57
           I    *  ***S*********S*********S*********S*T*******S*T*******SI
           I    *  ***S*********S*********S*********S*T*******S*T*******SI
           I    ** ***S*********S*********S*********S*T*******S*T*******SI
      10.79I    ******S*********S*********S*********S*T*******S*T*******SI     10.79
           I    ******S*********S*********S*********S*T*******S*T*******SI
           I   *******S*********S*********S*********S*T*******S*T*******SI
           I   *******S*********S*********S*********S*T*******S*T*******SI
       8.00I   *******S*********S*********S*********S*T*******S*T*******SI      8.00
           I   *******S*********S*********S*********S*T*******S*T*******SI
           I   *******S*********S*********S*********S*T*******S*T*******SI
           I   *******S*********S*********S*********S*T*******S*T*******SI
       5.22I   *******S*********S*********S*********S*T*******S*T*******SI      5.22
           I   *******S*********S*********S*********S*T*******S*T*******SI
           I   *******S*********S*********S*********S*T*******S*T*******SI
           I  ********S*********S*********S*********S*T*******S*T*******SI
       2.43I  ********S*********S*********S*********S*T*******S*T*******SI      2.43
           I  ********S*********S*********S*********S*T*******S*T*******SI
           I  ********S*********S*********S*********S*T*******S*T*******SI
           I *********S*********S*********S*********S*T*******S*T*******SI
      -0.36I**********S*********S*********S*********S*T*******S*T*******SI     -0.36
 ++++++++++I+++++++++++++++++++++++++++++++++++++++++++++++++++++++++++++I
            S=SEASONAL FREQUENCIES, T=TRADING DAY FREQUENCIES
        bps_permits 21140            PAGE  22, SERIES bps_permits_addi
 G 1  10*LOG(SPECTRUM) of the differenced seasonally adjusted 
      data (Table E2).  Spectrum estimated from 2018.Jul to 2026.Jun.
 ++++++++++I+++++++++++++++++++++++++++++++++++++++++++++++++++++++++++++I
      26.29I                                                          *  I     26.29
           I                                                          *  I
           I                                   *           *          *  I
           I                                   *           *         **  I
      24.11I                                   *           *         **  I     24.11
           I                                   *           *         *** I
           I                                   *           *         *** I
           I                            *      *           *      ******SI
      21.93I                            *      *          **      ******SI     21.93
           I                            *      *        * **      ******SI
           I             *              *      *       ** ***    *******SI
           I             *             **      *       ******    *******SI
      19.75I             **            **      *       ******    *******SI     19.75
           I             **            **      *       ******   T*******SI
           I             **            **      **      ******   T*******SI
           I             **            **     *** *    ******* *T*******SI
      17.56I             **            **     *** *    *******S*T*******SI     17.56
           I             **            **     ******   *******S*T*******SI
           I             ***           ***    ******   *******S*T*******SI
           I             ***           ***    ******  T*******S*T*******SI
      15.38I             ***           ***    ******  T*******S*T*******SI     15.38
           I             ***           ***    ******S T*******S*T*******SI
           I    *  *     ***          ****    ******S*T*******S*T*******SI
           I    *  *     ***          ****    ******S*T*******S*T*******SI
      13.20I    * **    *****     *   ****S   ******S*T*******S*T*******SI     13.20
           I    * **    *****     **  ****S  *******S*T*******S*T*******SI
           I    * **    *****     ** *****S  *******S*T*******S*T*******SI
           I    ****    *****     ********S  *******S*T*******S*T*******SI
      11.01I    ****    *****    *********S*********S*T*******S*T*******SI     11.01
           I    ****    ******   *********S*********S*T*******S*T*******SI
           I    ****    ******   *********S*********S*T*******S*T*******SI
           I    ****    ******   *********S*********S*T*******S*T*******SI
       8.83I    *****   ******  S*********S*********S*T*******S*T*******SI      8.83
           I   ******  ******** S*********S*********S*T*******S*T*******SI
           I   ******  *********S*********S*********S*T*******S*T*******SI
           I   ******  *********S*********S*********S*T*******S*T*******SI
       6.65I   ******  *********S*********S*********S*T*******S*T*******SI      6.65
           I   ******* *********S*********S*********S*T*******S*T*******SI
           I   *******S*********S*********S*********S*T*******S*T*******SI
           I   *******S*********S*********S*********S*T*******S*T*******SI
       4.46I   *******S*********S*********S*********S*T*******S*T*******SI      4.46
           I   *******S*********S*********S*********S*T*******S*T*******SI
           I   *******S*********S*********S*********S*T*******S*T*******SI
           I   *******S*********S*********S*********S*T*******S*T*******SI
       2.28I   *******S*********S*********S*********S*T*******S*T*******SI      2.28
           I  ********S*********S*********S*********S*T*******S*T*******SI
           I  ********S*********S*********S*********S*T*******S*T*******SI
           I  ********S*********S*********S*********S*T*******S*T*******SI
       0.10I  ********S*********S*********S*********S*T*******S*T*******SI      0.10
           I  ********S*********S*********S*********S*T*******S*T*******SI
           I  ********S*********S*********S*********S*T*******S*T*******SI
           I *********S*********S*********S*********S*T*******S*T*******SI
      -2.09I**********S*********S*********S*********S*T*******S*T*******SI     -2.09
 ++++++++++I+++++++++++++++++++++++++++++++++++++++++++++++++++++++++++++I
            S=SEASONAL FREQUENCIES, T=TRADING DAY FREQUENCIES
        bps_permits 21140            PAGE  23, SERIES bps_permits_addi
 G 2  10*LOG(SPECTRUM) of the Modified Irregular (Table E3).  
      Spectrum estimated from 2018.Jul to 2026.Jun.
 ++++++++++I+++++++++++++++++++++++++++++++++++++++++++++++++++++++++++++I
      23.79I             *                                               I     23.79
           I             **                                              I
           I             **                                              I
           I             **                                              I
      22.06I             **                                              I     22.06
           I             **                                              I
           I             **                    *                         I
           I             **                    *                         I
      20.33I             **                    *                         I     20.33
           I             **             *      *                      *  I
           I             ***            *      *           *          *  I
           I             ***            *      *           *          *  I
      18.60I             ***            *      *           *         **  I     18.60
           I             ***           **      *           *         **  I
           I             ***           **      *           *         *** I
           I            ****           **      *           *         *** I
      16.88I            ****           **      *          **        **** I     16.88
           I            ****           **      *        * **      ******SI
           I            ****           **      *        * **      ******SI
           I            ****           **      *       ** ***     ******SI
      15.15I            ****           **      *       ******    *******SI     15.15
           I            *****          **     **       ******    *******SI
           I            *****          ***    ***      ******    *******SI
           I            *****          ***    ***      ******    *******SI
      13.42I            *****          ***    *** *    ******   T*******SI     13.42
           I            *****          ***    *** *    ******   T*******SI
           I            *****     *   ****    *****    *******  T*******SI
           I            *****     **  ****    ******   ******* *T*******SI
      11.69I            ******    **  ****    ******   *******S*T*******SI     11.69
           I            ******    **  ****    ******  T*******S*T*******SI
           I            ******    **  ****    ******  T*******S*T*******SI
           I            *******  **** ****    ******  T*******S*T*******SI
       9.96I           ********  *********S   ******S T*******S*T*******SI      9.96
           I           ********* *********S   ******S*T*******S*T*******SI
           I           *********S*********S  *******S*T*******S*T*******SI
           I           *********S*********S  *******S*T*******S*T*******SI
       8.23I           *********S*********S  *******S*T*******S*T*******SI      8.23
           I           *********S*********S* *******S*T*******S*T*******SI
           I           *********S*********S*********S*T*******S*T*******SI
           I           *********S*********S*********S*T*******S*T*******SI
       6.50I  **      S*********S*********S*********S*T*******S*T*******SI      6.50
           I  **      S*********S*********S*********S*T*******S*T*******SI
           I  **   ** S*********S*********S*********S*T*******S*T*******SI
           I  **   ***S*********S*********S*********S*T*******S*T*******SI
       4.77I  **   ***S*********S*********S*********S*T*******S*T*******SI      4.77
           I  **   ***S*********S*********S*********S*T*******S*T*******SI
           I  **   ***S*********S*********S*********S*T*******S*T*******SI
           I  **  ****S*********S*********S*********S*T*******S*T*******SI
       3.04I  *** ****S*********S*********S*********S*T*******S*T*******SI      3.04
           I **** ****S*********S*********S*********S*T*******S*T*******SI
           I *********S*********S*********S*********S*T*******S*T*******SI
           I *********S*********S*********S*********S*T*******S*T*******SI
       1.31I**********S*********S*********S*********S*T*******S*T*******SI      1.31
 ++++++++++I+++++++++++++++++++++++++++++++++++++++++++++++++++++++++++++I
            S=SEASONAL FREQUENCIES, T=TRADING DAY FREQUENCIES
        bps_permits 21140            PAGE  24, SERIES bps_permits_addi

  Peak probabilities for Tukey spectrum estimator
  Spectrum estimated from 2018.Jul to 2026.Jun.

                                          S1       S2       S3       S4       S5       S6       TD
                                        ------   ------   ------   ------   ------   ------   ------
  Model Residuals                        0.032    0.019    0.019    0.146    0.192    0.110    0.605  
  Original Series (Table A1 or B1)       0.405    0.966*   0.090    0.621    0.171    0.324    0.201  
  Seasonally adjusted series (E2)        0.003    0.767    0.074    0.356    0.077    0.469    0.619  
  Modified Irregular (E3)                0.003    0.756    0.062    0.336    0.075    0.467    0.621  
  ----------
     ** - Peak Probability > 0.99,
      * - 0.90 < Peak Probability < 0.99


